occupation,count,corrected_occupation
Farmers Son,130921,Farmer's Son
Farmers Daughter,105956,Farmer's Daughter
House Keeper,74078,Housekeeper
Scholars,33357,Scholar
Farmers Wife,26722,Farmer's Wife
General Servant Domestic,23231,General Domestic Servant
Farmer Son,18551,Farmer's Son
Dress Maker,11828,Dressmaker
Farmer Daughter,8349,Farmer's Daughter
Shop Keeper,7451,Shopkeeper
Farmers Sister,5854,Farmer's Sister
Schollar,5571,Scholar
Servant Domestic,5467,Domestic Servant
General Servant-Domestic,4715,General Domestic Servant
House Wife,4602,Housewife
Schoolar,4214,Scholar
Scolar,4056,Scholar
Labourer General,3569,General Labourer
Black Smith,3537,Blacksmith
Farmers Brother,3240,Farmer's Brother
Boot Maker,2941,Bootmaker
Shoe Maker,2640,Shoemaker
Grocers Assistant,2497,Grocer's Assistant
Laborer,2468,Labourer
House-Keeper,2439,Housekeeper
Drapers Assistant,2238,Draper's Assistant
Labour,2232,Labourer
Agl Labourer,2013,Agricultural Labourer
Scholor,1951,Scholar
Stone Mason,1895,Stonemason
House Work,1826,Housework
Scollar,1791,Scholar
House Maid,1680,Housemaid
Agrl Labourer,1592,Agricultural Labourer
Cook-Domestic Servant,1451,Cook Domestic Servant
Labourers Wife,1314,Labourer's Wife
Machinest,1274,Machinist
Agricultural Labour,1208,Agricultural Labourer
Sholar,1185,Scholar
Book Keeper,1164,Bookkeeper
Gardner,1163,Gardener
Cabinet Maker,1111,Cabinetmaker
General Servant (Domestic),1055,General Domestic Servant
Weaver Linen,1037,Linen Weaver
Shopman-Grocery,997,Shopman Grocery
Mill Owners Wife,987,Mill Owner's Wife
Post Man,978,Postman
Builders Labourer,952,Builder's Labourer
General Servt Domestic,942,General Domestic Servant
Domestic Servant General,941,General Domestic Servant
Agr Labourer,933,Agricultural Labourer
Genl Labourer,898,General Labourer
Labourer Agricultural,890,Agricultural Labourer
Farmers Servant,820,Farmer's Servant
Printer-Compositor,815,Printer Compositor
Labourers Daughter,787,Labourer's Daughter
Labourer Farm,756,Farm Labourer
Lace Maker,720,Lacemaker
Agricultural Laborer,705,Agricultural Labourer
Domestic Servant Cook,697,Cook Domestic Servant
Nurse-Domestic Servant,694,Nurse Domestic Servant
Tin Smith,689,Tinsmith
Servant-Domestic,675,Domestic Servant
Domestic General Servant,656,General Domestic Servant
Domestic Servt,648,Domestic Servant
Millworker,634,Mill Worker
General Laborer,614,General Labourer
Gen Labourer,589,General Labourer
Brick Layer,559,Bricklayer
Hair Dresser,552,Hairdresser
Coach Man,542,Coachman
Fisher Man,524,Fisherman
Dress-Maker,521,Dressmaker
Labourers Son,518,Labourer's Son
Grocers Porter,516,Grocer's Porter
Farm Laborer,508,Farm Labourer
G Labourer,502,General Labourer
Agricl Labourer,482,Agricultural Labourer
Genl Servant Domestic,473,General Domestic Servant
Hous Keeper,457,Housekeeper
Bar Maid,450,Barmaid
General Servant - Domestic,432,General Domestic Servant
Farmers Mother,428,Farmer's Mother
Labourer (General),426,General Labourer
House keeper,421,Housekeeper
Schollars,415,Scholar
HouseKeeper,399,Housekeeper
Agricultural Labr,393,Agricultural Labourer
Agriculture Labourer,389,Agricultural Labourer
Agl. Labourer,388,Agricultural Labourer
"General Servant, Domestic",384,General Domestic Servant
Care Taker,371,Caretaker
N.S. Teacher,346,National School Teacher
Agrl. Labourer,336,Agricultural Labourer
Cook Domestic Servt,330,Cook Domestic Servant
Farmers Widow,327,Farmer's Widow
Shop-Keeper,319,Shopkeeper
Station Master,308,Stationmaster
Servant (Domestic),307,Domestic Servant
Gardiner,306,Gardener
Gardner Domestic Servant,306,Gardener Domestic Servant
Labourer (Farm),296,Farm Labourer
Labourer Quay,296,Quay Labourer
Labourers,296,Labourer
Labourer Agl,295,Agricultural Labourer
Drapers Apprentice,293,Draper's Apprentice
Ag Labourer,290,Agricultural Labourer
Weaver (Linen),290,Linen Weaver
Box Maker,282,Boxmaker
Labourer-General,279,General Labourer
Housemaid-Domestic Servant,275,Housemaid Domestic Servant
Shoe-Maker,273,Shoemaker
Agr. Labourer,272,Agricultural Labourer
Labourer Gen,270,General Labourer
A Labourer,269,Agricultural Labourer
Grocers Apprentice,268,Grocer's Apprentice
Coachman-Domestic Servant,265,Coachman Domestic Servant
D Servant,262,Domestic Servant
Farmers Nephew,260,Farmer's Nephew
House - Keeper,260,Housekeeper
Pensioner R.I.C,260,R.I.C. Pensioner
Atending School,258,Attending School
Farmers son,258,Farmer's Son
Book-Keeper,257,Bookkeeper
Agricul Labourer,254,Agricultural Labourer
Brush Maker,251,Brushmaker
Shop Keeper and Farmer,249,Shopkeeper and Farmer
General-Domestic Servant,248,General Domestic Servant
Labourer Wife,241,Labourer's Wife
Dressmaking,233,Dressmaker
Scoller,233,Scholar
Ship Wright,232,Shipwright
Soldiers Wife,232,Soldier's Wife
Farmers Niece,230,Farmer's Niece
Farm-Servant,222,Farm Servant
Genl Servt Domestic,220,General Domestic Servant
Gl Labourer,218,General Labourer
Laborour,217,Labourer
Labourer Dock,217,Dock Labourer
Watch Maker,216,Watchmaker
Labouer,212,Labourer
Char-Woman,210,Char Woman
General Domestic Servt,210,General Domestic Servant
Store Keeper,210,Storekeeper
Agric Labourer,206,Agricultural Labourer
N. S. Teacher,206,National School Teacher
Domestic Servant (General),205,General Domestic Servant
Laberour,203,Labourer
Solicitors Clerk,202,Solicitor's Clerk
House Keeper at Home,199,Housekeeper at Home
Gate Keeper,196,Gatekeeper
Post Mistress,195,Postmistress
N S Teacher,191,National School Teacher
Shop-Assistant,187,Shop Assistant
Seamstres,184,Seamstress
Agricult Labourer,182,Agricultural Labourer
News Agent,182,Newsagent
Shepherds Daughter,180,Shepherd's Daughter
Scohlar,178,Scholar
Genl Servant,176,General Servant
Farmers Daughter in Law,175,Farmer's Daughter in Law
Gardener-Domestic Servant,175,Gardener Domestic Servant
Agricultural Lab,173,Agricultural Labourer
Cook - Domestic Servant,171,Cook Domestic Servant
Natl Teacher,171,National Teacher
Gen Servant Domestic,170,General Domestic Servant
School Mistress,167,Schoolmistress
Shepherds Son,165,Shepherd's Son
Cook-Domestic,163,Cook Domestic
Farmers Daught,163,Farmer's Daughter
Farmers Grand Son,161,Farmer's Grandson
Herds Daughter,161,Herd's Daughter
Masons Labourer,161,Mason's Labourer
Farm Servt,157,Farm Servant
Farmers Labourer,157,Farmer's Labourer
Scholler,157,Scholar
Coach Maker,156,Coachmaker
Semstress,156,Seamstress
Scholors,153,Scholar
General Servt-Domestic,152,General Domestic Servant
Black-Smith,151,Blacksmith
Railway Station Master,151,Railway Stationmaster
Agricultral Labourer,150,Agricultural Labourer
Labourer (Agricultural),150,Agricultural Labourer
Farmers Grand Daughter,149,Farmer's Granddaughter
Nat School Teacher,148,National School Teacher
Servant - Domestic,147,Domestic Servant
Laboror,145,Labourer
Printer - Compositor,144,Printer Compositor
Nat Teacher,143,National Teacher
Nurse Domestic Servt,143,Nurse Domestic Servant
Tailor Master,143,Master Tailor
Labourer Son,138,Labourer's Son
Herds Son,137,Herd's Son
Natl School Teacher,137,National School Teacher
Rope Maker,137,Ropemaker
Sempstress,134,Seamstress
School Master,133,Schoolmaster
G Servant Domestic,131,General Domestic Servant
Seamtress,130,Seamstress
Bar Man,129,Barman
House-Wife,126,Housewife
Bookeeper,125,Bookkeeper
Cook-Domestic Servt,125,Cook Domestic Servant
Boot-Maker,124,Bootmaker
Domestic Servant House Maid,124,Housemaid Domestic Servant
No Buisness,124,No Business
G. Labourer,123,General Labourer
Housemaid Domestic Servt,123,Housemaid Domestic Servant
Chemists Assistant,122,Chemist's Assistant
Farmers-Son,122,Farmer's Son
Publicans Assistant,122,Publican's Assistant
Genl. Labourer,119,General Labourer
Labrour,119,Labourer
Coachman Domestic Servt,118,Coachman Domestic Servant
Agri Labourer,117,Agricultural Labourer
Agricultural Labouer,117,Agricultural Labourer
Dress maker,117,Dressmaker
Sholars,117,Scholar
General House Keeper,116,General Housekeeper
Agricultl Labourer,115,Agricultural Labourer
Farmers wife,115,Farmer's Wife
Labourer Daughter,115,Labourer's Daughter
Domestic House Keeper,114,Domestic Housekeeper
N School Teacher,113,National School Teacher
White Smith,113,Whitesmith
Nurse-Domestic,112,Nurse Domestic
Assistant Shop Keeper,111,Assistant Shopkeeper
General Servt. Domestic,111,General Domestic Servant
Groom-Domestic Servant,111,Groom Domestic Servant
Herds Wife,111,Herd's Wife
Dom Servant,110,Domestic Servant
Retired House Keeper,110,Retired Housekeeper
School-Boy,110,School Boy
Labourer Agr,109,Agricultural Labourer
Farm-Labourer,108,Farm Labourer
Retired Shop Keeper,108,Retired Shopkeeper
Pensioner R.I.C.,107,R.I.C. Pensioner
House Maid-Domestic Servant,106,House Maid Domestic Servant
Time Keeper,105,Timekeeper
Butchers Porter,104,Butcher's Porter
Drapers Porter,104,Draper's Porter
Gardener Domestic Servt,104,Gardener Domestic Servant
Maid-Domestic Servant,104,Maid Domestic Servant
R.C. Clergyman,104,Roman Catholic Clergyman
Labourer Brewery,103,Brewery Labourer
Domestic Servant-General,102,General Domestic Servant
Labourer Ship Yard,102,Ship Yard Labourer
Agriculural Labourer,101,Agricultural Labourer
Labouring,101,Labourer
Carpinter,100,Carpenter
Ag. Labourer,98,Agricultural Labourer
Genl. Servant Domestic,98,General Domestic Servant
Domestic Servant (Cook),97,Cook Domestic Servant
Car-Driver,96,Car Driver
Clerk Railway,96,Railway Clerk
Weaver-Linen,95,Linen Weaver
General Servt,94,General Servant
Post-Man,94,Postman
Drapers Clerk,93,Draper's Clerk
Genl Laborer,93,General Labourer
General Laberour,91,General Labourer
Mill-Worker,91,Mill Worker
Seamestress,91,Seamstress
Domestic Servant-Cook,90,Cook Domestic Servant
R C Clergyman,90,Roman Catholic Clergyman
Carpenters Apprentice,89,Carpenter's Apprentice
Farmers Son in Law,89,Farmer's Son in Law
Builder Labourer,88,Builder's Labourer
General-Labourer,88,General Labourer
Carpenter-Master,87,Carpenter Master
Carpenters Wife,87,Carpenter's Wife
Domestick Servant,86,Domestic Servant
Nurse - Domestic Servant,86,Nurse Domestic Servant
National S Teacher,84,National School Teacher
Seamsteress,84,Seamstress
Gen Servant,83,General Servant
Genl Domestic Servant,83,General Domestic Servant
Shepherds Wife,82,Shepherd's Wife
Labourers Widow,80,Labourer's Widow
Carpenters Daughter,78,Carpenter's Daughter
Cartpenter,78,Carpenter
Farmer (Retired),78,Farmer Retired
Farmers Assistant,78,Farmer's Assistant
Scollor,77,Scholar
Carpentar,76,Carpenter
Stone-Cutter,76,Stone Cutter
Domestic-Servant,75,Domestic Servant
Parlour Maid-Domestic Servant,75,Parlour Maid Domestic Servant
General Labrour,74,General Labourer
Publicans Daughter,74,Publican's Daughter
School-Girl,74,School Girl
Cook (Domestic Servant),73,Cook Domestic Servant
Farmers daughter,72,Farmer's Daughter
Housekeeper-Domestic Servant,70,Housekeeper Domestic Servant
Shollar,70,Scholar
Winder (Linen),69,Winder Linen
House wife,68,Housewife
Mill Wright,68,Millwright
Sclolar,67,Scholar
Bar-Maid,66,Barmaid
Dairymans Daughter,66,Dairyman's Daughter
Housemaid-Domestic,66,Housemaid Domestic
Labourer (Gen),66,General Labourer
Agricutural Labourer,65,Agricultural Labourer
Post Master,64,Postmaster
School-Teacher,63,School Teacher
Scoholar,63,Scholar
Cattle-Dealer,62,Cattle Dealer
Domestic Servent,62,Domestic Servant
Carpender,61,Carpenter
Carpenters Son,61,Carpenter's Son
Clerke,61,Clerk
Laborer General,61,General Labourer
Labourer (Genl),61,Labourer Genl
Scholare,61,Scholar
Agricultural Labor,60,Agricultural Labourer
Labourer-Farm,60,Farm Labourer
Reeler (Linen),60,Reeler Linen
Shirt-Maker,60,Shirt Maker
Agricultural Laberour,59,Agricultural Labourer
Dairymans Son,59,Dairyman's Son
General Laborour,59,General Labourer
Genl Servant-Domestic,59,General Domestic Servant
Stone-Mason,59,Stonemason
Domest Servant,58,Domestic Servant
Domestic House-Keeper,58,Domestic Housekeeper
Farmer son,58,Farmer's Son
General Servent,58,General Servant
Publicans Son,58,Publican's Son
Scholour,58,Scholar
Labourer (Agrl),57,Labourer Agrl
Labourer-Agricultural,57,Agricultural Labourer
Plumer,57,Plumber
Servant (Farm),57,Servant Farm
Spinner (Linen),57,Spinner Linen
Tailors Wife,57,Tailor's Wife
Cleark,56,Clerk
Farmers' Son,56,Farmer's Son
House Keeper-Domestic Servant,56,House Keeper Domestic Servant
House-Maid,56,Housemaid
Machineist,56,Machinist
Butchers Assistant,55,Butcher's Assistant
Farm Servant-Domestic,55,Farm Servant Domestic
Housekeeper-Domestic,55,Housekeeper Domestic
Genral Labourer,54,General Labourer
Labourer Railway,54,Railway Labourer
Spinner (Flax),54,Spinner Flax
At Chool,53,At School
Clarke,53,Clerk
Farm Serveant,53,Farm Servant
Gardner Domestic,53,Gardener Domestic
Schlar,53,Scholar
Servant (General),53,Servant General
Farmer-Son,52,Farmer's Son
Labrourer,52,Labourer
Tailor-Master,52,Master Tailor
Cabinet-Maker,51,Cabinetmaker
Carpanter,51,Carpenter
Childrens Nurse,51,Children's Nurse
Domestic servant,51,Domestic Servant
Market Gardner,51,Market Gardener
Agricultur Labourer,50,Agricultural Labourer
Aprentice,50,Apprentice
Brick Maker,50,Brickmaker
Famers Son,50,Farmer's Son
Farme Servant,50,Farm Servant
Schalor,50,Scholar
Shool,50,Scholar
Clerkess,49,Clerk
Dress - Maker,49,Dressmaker
Genrl Labourer,49,General Labourer
Huse Keeper,49,Housekeeper
Iron Monger,49,Ironmonger
Miliner,49,Milliner
Scholl,49,Scholar
Seanstress,49,Seamstress
Serveant,49,Servant
Spinner-Linen,49,Spinner Linen
Butler-Domestic Servant,48,Butler Domestic Servant
House Keeper-Domestic,48,House Keeper Domestic
Lace-Maker,48,Lacemaker
Laundres,48,Laundress
Nurse-Domestic Servt,48,Nurse Domestic Servant
Sailors Wife,48,Sailor's Wife
Shomaker,48,Shoemaker
Cabnet Maker,47,Cabinetmaker
Childrens Maid,47,Children's Maid
Dairy-Maid,47,Dairy Maid
Millner,47,Milliner
Religious (Sister of Mercy),47,Religious Sister of Mercy
Farmeress Son,46,Farmeress's Son
Genl Servt-Domestic,46,General Domestic Servant
Housekeper,46,Housekeeper
Labourer (Agl),46,Agricultural Labourer
Labours,46,Labourer
Shepherd Son,46,Shepherd's Son
At Shool,45,At School
Caretakers Daughter,45,Caretaker's Daughter
Famers Daughter,45,Farmer's Daughter
Farmers-Daughter,45,Farmer's Daughter
Shop Keepers Daughter,45,Shopkeeper's Daughter
Farmeress Daughter,44,Farmeress's Daughter
Plummer,44,Plumber
Porter Railway,44,Railway Porter
(General) Labourer,43,General Labourer
Agricultural-Labourer,43,Agricultural Labourer
Gen Servant-Domestic,43,General Domestic Servant
Shop - Keeper,43,Shopkeeper
Shopkeepers Daughter,43,Shopkeeper's Daughter
Winder-Linen,43,Winder Linen
Paper Maker,42,Papermaker
Parlourmaid-Domestic Servant,42,Parlourmaid Domestic Servant
Policemans Son,42,Policeman's Son
Salior,42,Sailor
Herd Daughter,41,Herd's Daughter
Shopman (Drapery),41,Shopman Drapery
Tailors Daughter,41,Tailor's Daughter
Van-Driver,41,Van Driver
Farmer-Daughter,40,Farmer's Daughter
Fishermans Daughter,40,Fisherman's Daughter
House-Maid Domestic Servant,40,House Maid Domestic Servant
Labiour,40,Labourer
Labrs Wife,40,Labourer's Wife
Machanist,40,Machinist
Buttler,39,Butler
Clock Maker,39,Clockmaker
Linen-Weaver,39,Linen Weaver
Caretakers Wife,38,Caretaker's Wife
Christian Brother (Novice),38,Christian Brother Novice
Clerk (Commercial),38,Clerk Commercial
Farm Laborour,38,Farm Labourer
Flax-Dresser,38,Flax Dresser
Frame Maker,38,Framemaker
Publicans Wife,38,Publican's Wife
Quay Labour,38,Quay Labourer
Schol,38,Scholar
Seamsterss,38,Seamstress
Shool Boy,38,School Boy
Shop keeper,38,Shopkeeper
Shopkeepers Son,38,Shopkeeper's Son
Spinner (Mill),38,Spinner Mill
Washer-Woman,38,Washer Woman
Book-Binder,37,Book Binder
Corpenter,37,Carpenter
Factory Hand-Milk,37,Factory Hand Milk
Genl Labour,37,General Labourer
Grocers Manager,37,Grocer's Manager
Hous Wife,37,Housewife
Laburer,37,Labourer
Pensioner (Army),37,Pensioner Army
Religious (Nun),37,Religious Nun
Seamistress,37,Seamstress
Weaver (Cambric),37,Weaver Cambric
Blacksmiths Helper,36,Blacksmith's Helper
Dairy-Man,36,Dairy Man
Labour (General),36,Labour General
Policemans Wife,36,Policeman's Wife
Reeler-Linen,36,Reeler Linen
Shop Keeper (Grocer),36,Shop Keeper Grocer
Weaver (Damask),36,Weaver Damask
Agricultural Labrour,35,Agricultural Labourer
Domestic Serveant,35,Domestic Servant
Farm Servant (Domestic),35,Farm Servant Domestic
Farms Servant,35,Farm Servant
House Maid-Domestic,35,House Maid Domestic
House-Work,35,Housework
R C Priest,35,Roman Catholic Priest
Railway Labour,35,Railway Labourer
Schloar,35,Scholar
Scholoar,35,Scholar
Scoolar,35,Scholar
Shop Keepers Wife,35,Shopkeeper's Wife
Clerk (Railway),34,Railway Clerk
Clerk-Railway,34,Railway Clerk
House-Keeping,34,House Keeping
Kitchen Maid-Domestic Servant,34,Kitchen Maid Domestic Servant
Land Agents Assistant,34,Land Agent's Assistant
Scool Boy,34,School Boy
Shoolar,34,Scholar
(General) Domestic Servant,33,General Domestic Servant
Clerk Post Office,33,Post Office Clerk
Coachman - Domestic Servant,33,Coachman Domestic Servant
Farmers Mother in Law,33,Farmer's Mother in Law
Fishermans Wife,33,Fisherman's Wife
Hair-Dresser,33,Hairdresser
Nurse (Domestic),33,Nurse Domestic
Accountants Clerk,32,Accountant's Clerk
Agricultural Labourers Daughter,32,Agricultural Labourer's Daughter
Blacksmiths Apprentice,32,Blacksmith's Apprentice
Book - Keeper,32,Bookkeeper
Care-Taker,32,Caretaker
Carpenter (Master),32,Carpenter Master
Coach-Builder,32,Coach Builder
Domestic Servant-Nurse,32,Domestic Servant Nurse
Gardener (Domestic Servant),32,Gardener Domestic Servant
Harness-Maker,32,Harness Maker
House maid,32,Housemaid
Silver Smith,32,Silversmith
Tin-Smith,32,Tinsmith
Wool-Weaver,32,Wool Weaver
(Agricultural Labourer),31,Agricultural Labourer
(Cook) Domestic Servant,31,Cook Domestic Servant
Car-Owner,31,Car Owner
Coach-Man,31,Coachman
Coachman-Domestic,31,Coachman Domestic
Cook (Domestic),31,Cook Domestic
Gardner-Domestic Servant,31,Gardener Domestic Servant
Printers Labourer,31,Printer's Labourer
Watch Man,31,Watchman
Wheel Wright,31,Wheelwright
Book-Folder,30,Book Folder
Brewers Clerk,30,Brewer's Clerk
Char - Woman,30,Char Woman
Chemists Apprentice,30,Chemist's Apprentice
Fisher-Man,30,Fisherman
Housekeeper (Domestic),30,Housekeeper Domestic
Laundress-Domestic Servant,30,Laundress Domestic Servant
Shoe - Maker,30,Shoemaker
Shoemakers Wife,30,Shoemaker's Wife
Van-Man,30,Van Man
Doffer (Linen),29,Doffer Linen
General - Domestic Servant,29,General Domestic Servant
General servant Domestic,29,General Domestic Servant
House Keeper (Domestic),29,House Keeper Domestic
Lodging-House Keeper,29,Lodging House Keeper
Servant-General,29,Servant General
Dealer General,28,General Dealer
Domestic Servant (Nurse),28,Domestic Servant Nurse
Farmer-Retired,28,Farmer Retired
House-Painter,28,House Painter
Mason (Stone),28,Mason Stone
Post-Boy,28,Post Boy
Gardener-Domestic,27,Gardener Domestic
Gen-Labourer,27,General Labourer
Iron-Moulder,27,Iron Moulder
Labourer (Agr),27,Agricultural Labourer
Nurse (Hospital),27,Nurse Hospital
R.C. Priest,27,Roman Catholic Priest
Warder-Prison Service,27,Warder Prison Service
Brick-Layer,26,Bricklayer
General-Servant Domestic,26,General Domestic Servant
Hem-Stitcher,26,Hem Stitcher
Labourer-Gen,26,General Labourer
Nurse (Domestic Servant),26,Nurse Domestic Servant
Parlour Maid-Domestic,26,Parlour Maid Domestic
Shopkeeper-Grocer,26,Shopkeeper Grocer
Weaver (Cotton),26,Weaver Cotton
Wool-Spinner,26,Wool Spinner
Boat-Man,25,Boat Man
Cook - Domestic,25,Cook Domestic
Game-Keeper,25,Game Keeper
General Servant-Domestic Unemployed,25,General Servant Domestic Unemployed
Housemaid (Domestic Servant),25,Housemaid Domestic Servant
Housemaid - Domestic Servant,25,Housemaid Domestic Servant
Gen Servant - Domestic,24,General Domestic Servant
General Servant-Dom,24,General Servant Dom
General Servant-Domestic Servant,24,General Servant Domestic Servant
Religious-Sr of Mercy,24,Religious Sr of Mercy
Carpenter (House),23,Carpenter House
Coachman-Domestic Servt,23,Coachman Domestic Servant
Farmers Daughter in law,23,Farmer's Daughter in Law
Fisher man,23,Fisherman
Groom - Domestic Servant,23,Groom Domestic Servant
House-keeper,23,Housekeeper
Labourer (Dock),23,Dock Labourer
Agricultural - Labourer,22,Agricultural Labourer
Boiler-Maker,22,Boiler Maker
Carpenter-Apprentice,22,Carpenter Apprentice
Farmer's-Son,22,Farmer's Son
General-Servant,22,General Servant
Labour (Farm),22,Labour Farm
Labourer - General,22,General Labourer
Laundry-Maid,22,Laundry Maid
Milk Man,22,Milkman
Ship Builder,22,Shipbuilder
Shopman-Grocer,22,Shopman Grocer
Solicitors Clerk (General),22,Solicitors Clerk General
Assistant House-Keeper,21,Assistant House Keeper
Car-Man,21,Car Man
Clerk (Unemployed),21,Clerk Unemployed
Coachman (Domestic Servant),21,Coachman Domestic Servant
Farm - Servant,21,Farm Servant
Footman-Domestic Servant,21,Footman Domestic Servant
Grocers assistant,21,Grocer's Assistant
Groom-Domestic,21,Groom Domestic
House Maid - Domestic Servant,21,House Maid Domestic Servant
Housemaid-Domestic Servt,21,Housemaid Domestic Servant
Printer-Compositer,21,Printer Compositer
Reeler (Flax),21,Reeler Flax
Servant-Cook,21,Servant Cook
(Nun) Teacher,20,Nun Teacher
Farm - Labourer,20,Farm Labourer
General Servant (Domestic,20,General Domestic Servant
General Servt (Domestic),20,General Domestic Servant
House Builder,20,Housebuilder
House Maid (Domestic Servant),20,House Maid Domestic Servant
House-Keeper Domestic Servant,20,House Keeper Domestic Servant
Mid-Wife,20,Mid Wife
Tailor (Master),20,Master Tailor
Wood-Turner,20,Wood Turner
Gardener - Domestic Servant,19,Gardener Domestic Servant
Hotel-Keeper,19,Hotel Keeper
Parlour Maid - Domestic Servant,19,Parlour Maid Domestic Servant
Parlour-Maid Domestic Servant,19,Parlour Maid Domestic Servant
Shop - Assistant,19,Shop Assistant
Shopkeeper (Grocer),19,Shopkeeper Grocer
(Domestic) Servant,18,Domestic Servant
Agricultural Labourer (Unemployed),18,Agricultural Labourer Unemployed
Baker-Master,18,Baker Master
Boarding-House Keeper,18,Boarding House Keeper
Book - Folder,18,Book Folder
Car - Driver,18,Car Driver
Cook-Unemployed,18,Cook Unemployed
Ex-National Teacher,18,Ex National Teacher
Ex-Teacher,18,Ex Teacher
Fish-Dealer,18,Fish Dealer
Gardener-Domestic Servt,18,Gardener Domestic Servant
Gen-Dealer,18,Gen Dealer
Genl Servant (Domestic),18,General Domestic Servant
Genl. Servant-Domestic,18,General Domestic Servant
Groom (Domestic Servant),18,Groom Domestic Servant
Horse-Dealer,18,Horse Dealer
Kitchenmaid-Domestic Servant,18,Kitchenmaid Domestic Servant
"Labourer, General",18,General Labourer
Porter (Shop),18,Porter Shop
Printer (Compositor),18,Printer Compositor
Servant-Farm,18,Servant Farm
Shop-Porter,18,Shop Porter
Clerk (Shipping),17,Clerk Shipping
Domestic Servant-Housemaid,17,Domestic Servant Housemaid
General Labourer (Unemployed),17,General Labourer Unemployed
House-Holder,17,House Holder
Labourer (Genl.),17,Labourer Genl.
Land-Owner,17,Land Owner
Law Clerk (General),17,Law Clerk General
Nurse - Domestic,17,Nurse Domestic
Painter-Compositor,17,Painter Compositor
Servant (Cook),17,Servant Cook
Teacher (National),17,Teacher National
Wash-Woman,17,Wash Woman
Bakers Assistant,16,Baker's Assistant
Basket-Maker,16,Basket Maker
Blacksmith-Master,16,Blacksmith Master
Boot and Shoe-Maker,16,Boot and Shoe Maker
Carpenter - Master,16,Carpenter Master
Clerk-Commercial,16,Clerk Commercial
Coach Man-Domestic Servant,16,Coach Man Domestic Servant
Commercial Traveller (Drapery),16,Commercial Traveller Drapery
Farmer-Fisherman,16,Farmer Fisherman
General (Domestic) Servant,16,General Domestic Servant
General Domestic-Servant,16,General Domestic Servant
General-Domestic,16,General Domestic
General-Domestic Servt,16,General Domestic Servant
Genl. Servt-Domestic,16,Genl. Servt Domestic
Horse-Shoer,16,Horse Shoer
House and Parlour Maid-Domestic Servant,16,House and Parlour Maid Domestic Servant
Labour-General,16,Labour General
Labourer (Quay),16,Quay Labourer
None (Pauper),16,None Pauper
Parlour-Maid,16,Parlour Maid
Printer-Master,16,Printer Master
Railway-Labourer,16,Railway Labourer
Religious-Teacher,16,Religious Teacher
Room-Keeper,16,Room Keeper
Servant-Nurse,16,Servant Nurse
Sub-Postmistress,16,Sub Postmistress
Teacher (School),16,Teacher School
Teachers Daughter,16,Teacher's Daughter
(Linen) Mill Worker,15,Linen Mill Worker
Bleacher (Linen),15,Bleacher Linen
Bread-Server,15,Bread Server
Carpenter (Apprentice),15,Carpenter Apprentice
Carpenter (Unemployed),15,Carpenter Unemployed
Domestic Servant (Housemaid),15,Domestic Servant Housemaid
Domestic Servant-Unemployed,15,Domestic Servant Unemployed
Drapers-Assistant,15,Draper's Assistant
Dress-maker,15,Dressmaker
Gen'l Servant (Domestic),15,Gen'l Servant Domestic
Gl Servant-Domestic,15,Gl Servant Domestic
House Maid-Domestic Servt,15,House Maid Domestic Servt
Laborer (Farm),15,Laborer Farm
Labourer-Domestic,15,Labourer Domestic
Linen-Lapper,15,Linen Lapper
Painter (House),15,Painter House
Porter (Grocers),15,Porter Grocers
Retired-Farmer,15,Retired Farmer
Shoe maker,15,Shoemaker
Shop-Girl,15,Shop Girl
Spinner-Flax,15,Spinner Flax
Vest-Maker,15,Vest Maker
Watch-Maker,15,Watchmaker
Yard-Man,15,Yard Man
(Infant),14,Infant
Box-Maker,14,Boxmaker
Clerk (Linen),14,Clerk Linen
Coach-Maker,14,Coachmaker
Domestic-General Servant,14,General Domestic Servant
Farmer daughter,14,Farmer's Daughter
Farmer's-Daughter,14,Farmer's Daughter
Fisherman-Farm Labourer,14,Fisherman Farm Labourer
G Servant-Domestic,14,General Domestic Servant
House Maid (Domestic),14,House Maid Domestic
House work,14,Housework
Housemaid - Domestic,14,Housemaid Domestic
Iron-Turner,14,Iron Turner
Labourer (Agricl),14,Labourer Agricl
Mill Worker (Flax),14,Mill Worker Flax
Mill Worker (Linen),14,Mill Worker Linen
National School-Teacher,14,National School Teacher
Nuns (Teaching Order)),14,Nuns Teaching Order
Rural Post-Man,14,Rural Post Man
Stable-Lad,14,Stable Lad
Waiter (Hotel),14,Waiter Hotel
(Scholar),13,Scholar
Agricl-Labourer,13,Agricultural Labourer
Assistant (Shop),13,Assistant Shop
Clerk (Law),13,Clerk Law
Cook - Domestic Servt,13,Cook Domestic Servant
Dealer (Pedlar),13,Dealer Pedlar
Domestic (General) Servant,13,General Domestic Servant
Fancy Box-Maker,13,Fancy Box Maker
Farmers-Wife,13,Farmer's Wife
Gen. Servant-Domestic,13,Gen. Servant Domestic
General Servt - Domestic,13,General Domestic Servant
General-Servant-Domestic,13,General Domestic Servant
House - Wife,13,Housewife
Labourer general,13,General Labourer
Lace-Worker,13,Lace Worker
Member of Religions Community (Teacher),13,Member of Religions Community Teacher
Nuns of St. John of God-Nursing Order,13,Nuns of St. John of God Nursing Order
Painter-House,13,Painter House
Priest R C (Clergyman),13,Priest R C Clergyman
School-Master,13,Schoolmaster
Shirt-Cutter,13,Shirt Cutter
Shop Keeper (Publican),13,Shop Keeper Publican
Shopkeeper-Publican,13,Shopkeeper Publican
Smith (Black),13,Smith Black
Spinner (Wool),13,Spinner Wool
Spinner (Yarn),13,Spinner Yarn
Spinner - Flax,13,Spinner Flax
Teacher (Music),13,Teacher Music
Tenter (Linen),13,Tenter Linen
(Agricultural) Labourer,12,Agricultural Labourer
Brass-Finisher,12,Brass Finisher
Cook-Domestic Servant Unemployed,12,Cook Domestic Servant Unemployed
Dock-Labourer,12,Dock Labourer
Domestic - Servant,12,Domestic Servant
Dressmaker-Apprentice,12,Dressmaker Apprentice
Engine-Driver,12,Engine Driver
Farmer's Grand-Daughter,12,Farmer's Grand Daughter
Fisherman-Farmer,12,Fisherman Farmer
Fitter (Engine),12,Fitter Engine
Fowl-Dealer,12,Fowl Dealer
General - Domestic,12,General Domestic
General Servt.-Domestic,12,General Domestic Servant
Horse-Trainer,12,Horse Trainer
House Keeper (Domestic Servant),12,House Keeper Domestic Servant
Labourer-Domestic Servant,12,Labourer Domestic Servant
Labr-General,12,Labr General
Mason-Stone,12,Mason Stone
Message-Boy,12,Message Boy
Painter-Master,12,Painter Master
Parlour Maid-Domestic Servt,12,Parlour Maid Domestic Servt
Roman Catholic-Nun,12,Roman Catholic Nun
Salt-Maker in Quarry,12,Salt Maker in Quarry
Servant (General Domestic),12,Servant General Domestic
Shop Assistant (Drapery),12,Shop Assistant Drapery
Shop Assistant-Grocery,12,Shop Assistant Grocery
Stable-Boy,12,Stable Boy
Vice-Folder,12,Vice Folder
(No Occupation),11,No Occupation
(Nuns) Religious S.M.R,11,Nuns Religious S.M.R
Agric-Labourer,11,Agricultural Labourer
Bank-Clerk,11,Bank Clerk
Bar-Man,11,Barman
Black - Smith,11,Blacksmith
Blacksmith (Master),11,Blacksmith Master
Boot - Maker,11,Bootmaker
Brick-Yard Labourer,11,Brick Yard Labourer
Cattle-Drover,11,Cattle Drover
Clerk (Brewery),11,Clerk Brewery
Coachman (Domestic),11,Coachman Domestic
Commercial Clerk (Drapery),11,Commercial Clerk Drapery
Cook-Domestic Servt.,11,Cook Domestic Servt.
Dairy-Keeper,11,Dairy Keeper
Dealer (General),11,General Dealer
F-Daughter,11,F Daughter
Farm Servant - Domestic,11,Farm Servant Domestic
Flax-Spinner,11,Flax Spinner
Fruit-Dealer,11,Fruit Dealer
Gardner-Domestic,11,Gardener Domestic
General Labourer (Agricultural),11,General Labourer Agricultural
House-Maid Domestic,11,House Maid Domestic
Kitchen Maid-Domestic,11,Kitchen Maid Domestic
Labourer - Farm,11,Farm Labourer
Labourer-Unemployed,11,Labourer Unemployed
Linen - Weaver,11,Linen Weaver
Lock-Keeper,11,Lock Keeper
Nurse (Ladies),11,Nurse Ladies
Paper Hanger,11,Paperhanger
Police Man,11,Policeman
Retired-Domestic Servant,11,Retired Domestic Servant
School - Boy,11,School Boy
Servant-General Domestic,11,Servant General Domestic
Shop Keeper-Grocer,11,Shop Keeper Grocer
Shop-Man,11,Shop Man
Teacher (Unemployed),11,Teacher Unemployed
Teacher-National,11,Teacher National
Weaver-Cambric,11,Weaver Cambric
Work-Mistress,11,Work Mistress
(Domestic) General Servant,10,General Domestic Servant
(None),10,None
Book keeper,10,Bookkeeper
Clerk-Unemployed,10,Clerk Unemployed
Coach - Man,10,Coachman
Coach-Man Domestic Servant,10,Coach Man Domestic Servant
Coach-Painter,10,Coach Painter
Domestic Servant - General,10,General Domestic Servant
Farmers Son-in-Law,10,Farmer's Son in Law
General Servant (Dom),10,General Servant Dom
Genl Servant - Domestic,10,General Domestic Servant
House-Keeper Domestic,10,House Keeper Domestic
Labourer (Agric),10,Labourer Agric
Labourer (Railway),10,Railway Labourer
Labourer (Unemployed),10,Labourer Unemployed
Lay-Brother,10,Lay Brother
Lodging House-Keeper,10,Lodging House Keeper
Machinist-Shirt Factory,10,Machinist Shirt Factory
Messenger-Boy,10,Messenger Boy
Miner (Coal),10,Miner Coal
Music-Teacher,10,Music Teacher
News-Vendor,10,News Vendor
Parlour Maid (Domestic Servant),10,Parlour Maid Domestic Servant
Pattern-Maker,10,Pattern Maker
Plough-Man,10,Plough Man
Plumber-Master,10,Plumber Master
Post - Man,10,Postman
Reeler (Yarn),10,Reeler Yarn
School - Girl,10,School Girl
School-Mistress,10,Schoolmistress
Servant General-Domestic,10,Servant General Domestic
Shopman (Grocery),10,Shopman Grocery
Spirit-Merchant,10,Spirit Merchant
Spreader (Flax),10,Spreader Flax
Stable-Man,10,Stable Man
Tailor - Master,10,Master Tailor
Tailor-Apprentice,10,Tailor Apprentice
Traveller (Drapery),10,Traveller Drapery
Waiter-Domestic Servant,10,Waiter Domestic Servant
Winder (Yarn),10,Winder Yarn
Assistant (Draper),9,Assistant Draper
Attending School (Scholar),9,Attending School Scholar
Bar maid,9,Barmaid
Beetler (Linen),9,Beetler Linen
Cabinet - Maker,9,Cabinetmaker
Carpenter-Joiner,9,Carpenter Joiner
Clerk (Apprentice),9,Clerk Apprentice
Clerk (General),9,Clerk General
Clerk Bank,9,Bank Clerk
Compositor-Printer,9,Compositor Printer
Cook-Dom Servt,9,Cook Dom Servt
Cook-Domestic Sert,9,Cook Domestic Sert
Cook-Domestic Svt,9,Cook Domestic Svt
Domestic Servant House maid,9,Housemaid Domestic Servant
Domestic Servant-Groom,9,Domestic Servant Groom
Dressmaker (Apprentice),9,Dressmaker Apprentice
Factory Hand-Creamery,9,Factory Hand Creamery
Farmer - Retired,9,Farmer Retired
Farmer's Daughter-in-Law,9,Farmer's Daughter in Law
General (Domestic Servant),9,General Domestic Servant
General (Domestic),9,General Domestic
General Servant- Domestic,9,General Domestic Servant
General Servant-(Domestic),9,General Domestic Servant
General Servant-Unemployed,9,General Servant Unemployed
House - Maid,9,Housemaid
Housemaid (Domestic),9,Housemaid Domestic
Kitchen-Maid Domestic Servant,9,Kitchen Maid Domestic Servant
Laborer (General),9,General Labourer
Labourer (Agricul),9,Labourer Agricul
Labourer (Carter),9,Labourer Carter
"Labourer, Agricultural",9,Agricultural Labourer
Labourer-Agl,9,Agricultural Labourer
Labourer-Carman,9,Labourer Carman
Labourer-Genl,9,Labourer Genl
Labourer-Railway,9,Railway Labourer
Moulder-Iron,9,Moulder Iron
Nail-Maker,9,Nail Maker
No Occupation-Pauper,9,No Occupation Pauper
Nurse - Domestic Servt,9,Nurse Domestic Servant
Nurse-Hospital,9,Nurse Hospital
Ordy Warder (Clerk Wardy),9,Ordy Warder Clerk Wardy
Pork-Butcher,9,Pork Butcher
Porter (Hotel),9,Porter Hotel
Postman-Rural,9,Postman Rural
Pupil-Teacher,9,Pupil Teacher
Railway-Porter,9,Railway Porter
Reeler (Mill),9,Reeler Mill
Retired General Servant-Domestic,9,Retired General Servant Domestic
Rope-Spinner,9,Rope Spinner
Saleswoman (Drapery),9,Saleswoman Drapery
Ship-Carpenter,9,Ship Carpenter
Shop Assistant (Hardware),9,Shop Assistant Hardware
Shop-Boy,9,Shop Boy
Stone-Breaker,9,Stone Breaker
Teacher-Music,9,Teacher Music
Teacher-National School,9,Teacher National School
Vice - Folder,9,Vice Folder
Warder-Prisons Service,9,Warder Prisons Service
Weaver (Wool),9,Weaver Wool
Agl-Labourer,8,Agricultural Labourer
Army Pensioner (Infantry),8,Army Pensioner Infantry
Assistant-Draper,8,Assistant Draper
Baker-Foreman,8,Baker Foreman
Barmaid-Domestic Servant,8,Barmaid Domestic Servant
Black smith,8,Blacksmith
Boot maker,8,Bootmaker
Car Driver-Domestic Servant,8,Car Driver Domestic Servant
Care taker,8,Caretaker
Caretaker-Herd,8,Caretaker Herd
Carpenter-House,8,Carpenter House
Carter (Coal),8,Carter Coal
Clerk (Linen Trade),8,Clerk Linen Trade
Clerk-Factory,8,Clerk Factory
Coach man,8,Coachman
Commercial Clerk (Shipping),8,Commercial Clerk Shipping
Commercial Traveller (Hardware),8,Commercial Traveller Hardware
Cook Domestic-Servant,8,Cook Domestic Servant
Cook Servant-Domestic,8,Cook Servant Domestic
Cook-Dom-Servt,8,Cook Dom Servt
Cook-Domestic Ser,8,Cook Domestic Ser
Cook-Servant,8,Cook Servant
Cork-Cutter,8,Cork Cutter
Cotton-Weaver,8,Cotton Weaver
Damask-Weaver,8,Damask Weaver
Dealer (Fowl),8,Dealer Fowl
Doffer-Linen,8,Doffer Linen
Domestic Servant (Unemployed),8,Domestic Servant Unemployed
Domestic-Servant General,8,General Domestic Servant
Engineer (Civil),8,Engineer Civil
Factory-Girl,8,Factory Girl
Farmer's Son-in-Law,8,Farmer's Son in Law
Flax - Spinner,8,Flax Spinner
French-Polisher,8,French Polisher
G-Labourer,8,General Labourer
G. Servant-Domestic,8,G. Servant Domestic
Gate-Keeper,8,Gatekeeper
General Labourer-Unemployed,8,General Labourer Unemployed
General Servant domestic,8,General Domestic Servant
General Servant-Domes,8,General Servant Domes
Green-Grocer,8,Green Grocer
Groom-Domestic Servt,8,Groom Domestic Servt
Hackle-Maker,8,Hackle Maker
House-Keeper at Home,8,Housekeeper at Home
House-Maid-Domestic Servant,8,House Maid Domestic Servant
Housekeeper (Domestic Servant),8,Housekeeper Domestic Servant
Housekeeper - Domestic Servant,8,Housekeeper Domestic Servant
Kun (Nursing),8,Kun Nursing
Labour (Gen),8,Labour Gen
Labourer-Carter,8,Labourer Carter
Mason-Master,8,Mason Master
Mill-Wright,8,Millwright
No-Occupation,8,No Occupation
Nurse (Domestic Servt),8,Nurse Domestic Servant
Nurse (Mental),8,Nurse Mental
Nurse-Domestic Ser,8,Nurse Domestic Ser
Painter (Master),8,Painter Master
Pig-Buyer,8,Pig Buyer
Printer-Apprentice,8,Printer Apprentice
Printer-Machineman,8,Printer Machineman
Printer-Machinist,8,Printer Machinist
Pupil (R.U.I.),8,Pupil R.U.I.
Sales - Woman,8,Sales Woman
Seamstress (Shirt Maker),8,Seamstress Shirt Maker
Servant-Domestic Servant,8,Servant Domestic Servant
Ship-Wright,8,Shipwright
Shop Assistant (Draper),8,Shop Assistant Draper
Shop Assistant (Grocery),8,Shop Assistant Grocery
Shop Assistant-Grocer,8,Shop Assistant Grocer
Shop Man (Grocer),8,Shop Man Grocer
Shopman (Grocer),8,Shopman Grocer
Steward (Land),8,Steward Land
Stone - Cutter,8,Stone Cutter
Stone - Mason,8,Stonemason
Sub-Postmaster,8,Sub Postmaster
Teacher (N.S),8,Teacher N.S
Waver (Linen),8,Waver Linen
Weaver-Factory,8,Weaver Factory
Weaver-Wool,8,Weaver Wool
Yarn Winder (Linen),8,Yarn Winder Linen
(Nurse) Domestic Servant,7,Nurse Domestic Servant
Agrl-Labourer,7,Agricultural Labourer
Apprentice-Carpenter,7,Apprentice Carpenter
Apprentice-Grocer,7,Apprentice Grocer
At School (Scholar),7,At School Scholar
Bag-Maker,7,Bag Maker
Bar - Maid,7,Barmaid
Biscuit-Packer,7,Biscuit Packer
Blacksmith (Apprentice),7,Blacksmith Apprentice
Blacksmiths Assistant,7,Blacksmith's Assistant
Bread-Van Driver,7,Bread Van Driver
Butler (Domestic Servant),7,Butler Domestic Servant
Butler-Domestic,7,Butler Domestic
Carter-Domestic Servant,7,Carter Domestic Servant
Carter-Labourer,7,Carter Labourer
Char-Women,7,Char Women
Clerk (Drapery),7,Clerk Drapery
Clerk (Gen),7,Clerk Gen
Clerk (Mercantile),7,Clerk Mercantile
Clerk (Solicitors),7,Clerk Solicitors
Clerk-Post Office,7,Post Office Clerk
Commercial Clerk-Bakery,7,Commercial Clerk Bakery
Commercial Traveller (Tea),7,Commercial Traveller Tea
Dairy - Maid,7,Dairy Maid
Dealer-Gen,7,Dealer Gen
Doffer (Mill),7,Doffer Mill
Domestic Servt (General),7,Domestic Servt General
Domestic Servt-Cook,7,Domestic Servt Cook
Drapers assistant,7,Draper's Assistant
Farmer and Shop-Keeper,7,Farmer and Shop Keeper
Farmer's Daughter (Scholar),7,Farmer's Daughter Scholar
Farmer-Wife,7,Farmer Wife
Fire-Man,7,Fire Man
Friar (Lay State),7,Friar Lay State
Gardener - Domestic,7,Gardener Domestic
Gathering Shell-Fish,7,Gathering Shell Fish
General House-Work,7,General House Work
General Servant (Farm),7,General Servant Farm
General Servant (Unemployed),7,General Servant Unemployed
General Servant -Domestic,7,General Domestic Servant
General Servant Domestic (Unemployed),7,General Servant Domestic Unemployed
General Svt-Domestic,7,General Svt Domestic
Hair dresser,7,Hairdresser
Hemp Spinner-Sack Factory,7,Hemp Spinner Sack Factory
Herd-Domestic Servant,7,Herd Domestic Servant
Herds-Man,7,Herds Man
House - Work,7,Housework
House Keeper (Home),7,House Keeper Home
House Servant (Domestic),7,House Servant Domestic
House-Servant,7,House Servant
Housekeeper (Home),7,Housekeeper Home
Housekeeper-Domestic Servt,7,Housekeeper Domestic Servt
Kitchen Maid (Domestic Servant),7,Kitchen Maid Domestic Servant
Laborer (Genl),7,Laborer Genl
Labour (Agricultural),7,Labour Agricultural
Labourer (Agril),7,Labourer Agril
Labourer (Builders),7,Labourer Builders
Labourer (Iron),7,Labourer Iron
Labourer - Carter,7,Labourer Carter
Land-Steward,7,Land Steward
Laundry-Smoother,7,Laundry Smoother
Magistrate-Farmer,7,Magistrate Farmer
Master-Tailor,7,Master Tailor
Merchant-Grocer,7,Merchant Grocer
Message - Boy,7,Message Boy
Night-Watchman,7,Night Watchman
None (Farmer's Son),7,None Farmer's Son
Nurse (Midwife),7,Nurse Midwife
Pensioner (R.I.C),7,R.I.C. Pensioner
Post man,7,Postman
Postman (Rural),7,Postman Rural
Printer - Compositer,7,Printer Compositer
Railway Gate-Keeper,7,Railway Gate Keeper
Railway Miles-Man,7,Railway Miles Man
Railway Plate-Layer,7,Railway Plate Layer
Religious Teacher (Supr),7,Religious Teacher Supr
Retired - Farmer,7,Retired Farmer
Rural-Postman,7,Rural Postman
Servant (Nurse),7,Servant Nurse
Servant (Unemployed),7,Servant Unemployed
Servant - Cook,7,Servant Cook
Serving-Brother,7,Serving Brother
Shoemaker (Master),7,Shoemaker Master
Shop Assistant (General),7,Shop Assistant General
Shop Assistant (Grocer),7,Shop Assistant Grocer
Shop Assistant-Hardware,7,Shop Assistant Hardware
Shop Keeper (Assistant),7,Shop Keeper Assistant
Shop Keeper - Grocer,7,Shop Keeper Grocer
Shop Keeper-Grocery,7,Shop Keeper Grocery
Spinner (Cotton),7,Spinner Cotton
Station-Master,7,Stationmaster
Stone-Dresser,7,Stone Dresser
Student (Medical),7,Student Medical
Student-Theology,7,Student Theology
Surface-Man,7,Surface Man
Tailor (Apprentice),7,Tailor Apprentice
Van - Man,7,Van Man
Warper-Linen,7,Warper Linen
Winder (Mill),7,Winder Mill
Agricul-Labourer,6,Agricultural Labourer
Agricultl-Labourer,6,Agricultural Labourer
Agricultural (Labourer),6,Agricultural Labourer
Artist (Painting),6,Artist Painting
Assistant Shop-Keeper,6,Assistant Shopkeeper
Assistant-Grocery and Wine Trade,6,Assistant Grocery and Wine Trade
Bill-Poster,6,Bill Poster
Carpenters Assistant,6,Carpenter's Assistant
Carter (Labourer),6,Carter Labourer
Childrens Maid-Domestic Servant,6,Childrens Maid Domestic Servant
Clergyman-Curate,6,Clergyman Curate
Clerk (Draper),6,Clerk Draper
Coach-Smith,6,Coach Smith
Coachman - Domestic,6,Coachman Domestic
Commercial Traveller (Grocery),6,Commercial Traveller Grocery
Convict-General Labourer,6,Convict General Labourer
Cook-Dom. Servt,6,Cook Dom. Servt
Crochet-Worker,6,Crochet Worker
Daughter (Farmers),6,Daughter Farmers
Dom-Servant,6,Domestic Servant
Domestic (General),6,Domestic General
Domestic House-Worker,6,Domestic House Worker
Domestic Servant - Cook,6,Cook Domestic Servant
Domestic Servant-House Maid,6,Housemaid Domestic Servant
Domestic Servt-General,6,Domestic Servt General
Draper (Apprentice),6,Draper Apprentice
Dressmaker (Unemployed),6,Dressmaker Unemployed
Driller (Shipyard),6,Driller Shipyard
Engineer-Fitter,6,Engineer Fitter
Factory-Worker,6,Factory Worker
Farm Labourer-Domestic,6,Farm Labourer Domestic
Farmer (Small),6,Farmer Small
Farmer's Grand-Son,6,Farmer's Grand Son
Farmer's Son (Scholar),6,Farmer's Son Scholar
Float-Driver,6,Float Driver
Gardener Domestic (Servant),6,Gardener Domestic Servant
General Labourer (Domestic),6,General Labourer Domestic
General Servant (Domestic) Unemployed,6,General Servant Domestic Unemployed
General-Domestic Servant (Unemployed),6,General Domestic Servant Unemployed
General-Domestic Srvt,6,General Domestic Srvt
Genl-Servant-Domestic,6,General Domestic Servant
Grocer (Apprentice),6,Grocer Apprentice
Groom - Domestic,6,Groom Domestic
Hackney Car-Driver,6,Hackney Car Driver
house keeper,6,Housekeeper
House- Keeper,6,Housekeeper
House-Parlour Maid Domestic Servant,6,House Parlour Maid Domestic Servant
House-Proprietress,6,House Proprietress
House-wife,6,Housewife
Joiner (Unemployed),6,Joiner Unemployed
Kitchenmaid-Domestic,6,Kitchenmaid Domestic
Laberour (Farm),6,Laberour Farm
Labourer (Agricult),6,Labourer Agricult
Labourer (Foundry),6,Labourer Foundry
Labourer-Agrl,6,Labourer Agrl
Labourer-Quay,6,Quay Labourer
Labourier (Dock),6,Labourier Dock
Lace maker,6,Lacemaker
Land-Holder,6,Land Holder
Law Clerk-General,6,Law Clerk General
Linen (Cambric) Weaver,6,Linen Cambric Weaver
Maid (Domestic),6,Maid Domestic
Maid-Domestic,6,Maid Domestic
Mason-Unemployed,6,Mason Unemployed
Merchant (Grocer),6,Merchant Grocer
Merchant (Retired),6,Merchant Retired
Miles-Man,6,Miles Man
Mill - Worker,6,Mill Worker
Mill Worker (Spinner),6,Mill Worker Spinner
Needle-Work,6,Needle Work
Net-Maker,6,Net Maker
Nurse-Servant,6,Nurse Servant
Painter - Master,6,Painter Master
Parlour-Maid Domestic,6,Parlour Maid Domestic
Pig-Dealer,6,Pig Dealer
Plate-Layer,6,Plate Layer
Plumber (Apprentice),6,Plumber Apprentice
Pork-Cutter,6,Pork Cutter
Printer-Linotype Operator,6,Printer Linotype Operator
Printer-Lithographic,6,Printer Lithographic
Quarry-Man,6,Quarry Man
Reeler - Flax,6,Reeler Flax
Reller (Linen),6,Reller Linen
Retired Cook-Domestic Servant,6,Retired Cook Domestic Servant
Rover (Linen),6,Rover Linen
Sailor (Merchant),6,Sailor Merchant
Sales-Woman,6,Sales Woman
School Teacher (National),6,School Teacher National
School-boy,6,School boy
Seamstress-Shirt Maker,6,Seamstress Shirt Maker
Servant (House),6,Servant House
Servant - Farm,6,Servant Farm
Servant-Housemaid,6,Servant Housemaid
Shop-Assisstant,6,Shop Assisstant
Shop-Keeper and Farmer,6,Shopkeeper and Farmer
Shop-Keeper Grocer,6,Shop Keeper Grocer
Shopkeeper (Publican),6,Shopkeeper Publican
Shopman-Draper,6,Shopman Draper
Shopman-Drapery,6,Shopman Drapery
Shopman-Hardware,6,Shopman Hardware
Smoother-Linen,6,Smoother Linen
Spinner-Flax Mills,6,Spinner Flax Mills
Stable Boy-Domestic Servant,6,Stable Boy Domestic Servant
Stocking-Knitter,6,Stocking Knitter
Teacher (Chrn-Bro),6,Teacher Chrn Bro
Teacher (English),6,Teacher English
Teacher (National School),6,Teacher National School
Tin-Plate Worker,6,Tin Plate Worker
Van - Driver,6,Van Driver
Waiter-Hotel,6,Waiter Hotel
Waitress-Domestic Servant,6,Waitress Domestic Servant
Ward-Maid Domestic Servant,6,Ward Maid Domestic Servant
Warper (Linen),6,Warper Linen
Weaver-Cotton,6,Weaver Cotton
Weaver-Damask,6,Weaver Damask
Wheel-Wright,6,Wheelwright
(Draper Weaver),5,Draper Weaver
(General Servant Domestic),5,General Domestic Servant
(Genl) Labourer,5,General Labourer
(Quay) Labourer,5,Quay Labourer
(Stone Mason),5,Stonemason
(Weaver Damask),5,Weaver Damask
Agricultural Labourer (Retired),5,Agricultural Labourer Retired
Apprentice (Grocer),5,Apprentice Grocer
Apprentice-Dressmaker,5,Apprentice Dressmaker
Artist (Painter),5,Artist Painter
Assistant-House Keeper,5,Assistant House Keeper
Baker (Apprentice),5,Baker Apprentice
Baker (Foreman),5,Baker Foreman
Baker-Apprentice,5,Baker Apprentice
Blacksmith-Apprentice,5,Blacksmith Apprentice
Boot-Binder,5,Boot Binder
Boot-Closer,5,Boot Closer
Builder-Master,5,Builder Master
Cambric-Weaver,5,Cambric Weaver
Carpenter-Unemployed,5,Carpenter Unemployed
Christian Brother (Teacher),5,Christian Brother Teacher
Clergyman (Curate),5,Clergyman Curate
Clerk (Draper's),5,Clerk Draper's
Clerk (Drapers),5,Clerk Drapers
Clerk (Post Office),5,Post Office Clerk
Clerk (Shop),5,Clerk Shop
Clerk (Wareroom),5,Clerk Wareroom
Clerk (Wine Merchant),5,Clerk Wine Merchant
Clerk-Bank,5,Bank Clerk
Clerk-Insurance,5,Clerk Insurance
Clerk-Linen Warehouse,5,Clerk Linen Warehouse
Clothes-Dealer,5,Clothes Dealer
Coach - Painter,5,Coach Painter
Coach Man-Domestic,5,Coach Man Domestic
Coachman-Domestic Ser,5,Coachman Domestic Ser
Coal-Porter,5,Coal Porter
Coast-Guard,5,Coast Guard
Commercial Clerk (Grocery),5,Commercial Clerk Grocery
Commercial Clerk (Linen),5,Commercial Clerk Linen
Commercial Clerk (Unemployed),5,Commercial Clerk Unemployed
Commercial Clerk-Brewery,5,Commercial Clerk Brewery
Commercial Clerk-Railway,5,Commercial Clerk Railway
Commercial Traveller (Paper),5,Commercial Traveller Paper
Cook- Domestic Servant,5,Cook Domestic Servant
Cook-D Servant,5,Cook D Servant
Cook-Dom Servant,5,Cook Dom Servant
Cook-Domestic S,5,Cook Domestic S
Cooke-Domestic Servant,5,Cooke Domestic Servant
Corder (Mill),5,Corder Mill
Dairy Maid-Domestic Servant,5,Dairy Maid Domestic Servant
Dairymaid-Domestic Servant,5,Dairymaid Domestic Servant
Daughter (Farmer),5,Daughter Farmer
Dealer (Delph),5,Dealer Delph
Dealer (Fish),5,Dealer Fish
Dealer-Vegetables,5,Dealer Vegetables
Domestic Servant (Coachman),5,Domestic Servant Coachman
Domestic Servant (Gardener),5,Domestic Servant Gardener
Domestic Servant (Genl),5,Domestic Servant Genl
Domestic Servant (House Maid),5,Housemaid Domestic Servant
Domestic Servant (Parlour Maid),5,Domestic Servant Parlour Maid
Domestic Servant (Retired),5,Domestic Servant Retired
Domestic Servant House-Maid,5,Housemaid Domestic Servant
Draper-Assistant,5,Draper Assistant
Dray-Man,5,Dray Man
Dress-Making,5,Dress Making
Driver (Car),5,Driver Car
Egg-Dealer,5,Egg Dealer
Engine-Fitter,5,Engine Fitter
Envelope - Maker,5,Envelope Maker
Ex-Soldier,5,Ex Soldier
Factory Girl-Finisher,5,Factory Girl Finisher
Factory Girl-Laundry,5,Factory Girl Laundry
Farm (Servant),5,Farm Servant
Farm Servant-Unemployed,5,Farm Servant Unemployed
Farmer (Son),5,Farmer's Son
Farmer's Mother-in-Law,5,Farmer's Mother in Law
Farmers (Son),5,Farmer's Son
Farmers Daughter-in-Law,5,Farmer's Daughter in Law
Farmers Son (Scholar),5,Farmers Son Scholar
Farmers Son in law,5,Farmer's Son in Law
Farmers Step-Son,5,Farmers Step Son
Fireman (Railway),5,Fireman Railway
Fisherman-Farmer's Son,5,Fisherman Farmer's Son
Fisherman-Unemployed,5,Fisherman Unemployed
Fitter (Apprentice),5,Fitter Apprentice
Flax Mill-Worker,5,Flax Mill Worker
G Servant (Domestic),5,General Domestic Servant
Gamekeeper-Domestic Servant,5,Gamekeeper Domestic Servant
Gardner (Domestic Servant),5,Gardener Domestic Servant
Gen Servt-Domestic,5,Gen Servt Domestic
General - Labourer,5,General Labourer
General Labourer (Retired),5,General Labourer Retired
General Man-Domestic Servant,5,General Man Domestic Servant
General-Labr,5,General Labr
Genl Servant-Dom,5,Genl Servant Dom
Genl-Servant Domestic,5,General Domestic Servant
Genrl Servant-Domestic,5,Genrl Servant Domestic
Gl. Servant-Domestic,5,Gl. Servant Domestic
Grocer (Assistant),5,Grocer Assistant
Grocers porter,5,Grocer's Porter
Groom (Domestic),5,Groom Domestic
Hair - Dresser,5,Hairdresser
Hotel Bar-Man,5,Hotel Bar Man
Hotel-Porter,5,Hotel Porter
House - Painter,5,House Painter
House Keeper - Domestic Servant,5,House Keeper Domestic Servant
House Maid-Servant,5,House Maid Servant
House-maid Domestic Servant,5,House maid Domestic Servant
House-Maid-Domestic,5,House Maid Domestic
House-Occupier,5,House Occupier
House-Owner,5,House Owner
housekeeper,5,Housekeeper
Housemaid-Domestic Ser,5,Housemaid Domestic Ser
Income-Annuity,5,Income Annuity
Income-Interest of Money,5,Income Interest of Money
Iron-Dresser,5,Iron Dresser
Kitchen-Maid-Domestic Servant,5,Kitchen Maid Domestic Servant
Labour-Gen,5,Labour Gen
Labourer (Agl.),5,Labourer Agl.
Labourer (Iron Works),5,Labourer Iron Works
Labourer - Gen,5,General Labourer
Labourer-Builder's,5,Labourer Builder's
Labourer-Genl.,5,Labourer Genl.
Labourer-Milk Factory,5,Labourer Milk Factory
Labourer-Quarry,5,Labourer Quarry
Labourers wife,5,Labourer's Wife
Ladies Maid-Domestic Servant,5,Ladies Maid Domestic Servant
Laundress - Domestic Servant,5,Laundress Domestic Servant
Laundrymaid-Domestic Servant,5,Laundrymaid Domestic Servant
Letter-Carrier,5,Letter Carrier
Linen Weaver (Unemployed),5,Linen Weaver Unemployed
Machine Boy (Mill),5,Machine Boy Mill
Machine-Boy,5,Machine Boy
Malt-House Labourer,5,Malt House Labourer
Mason (Master),5,Mason Master
Master-Carpenter,5,Master Carpenter
Medical Student (R.U.I),5,Medical Student R.U.I
Merchant (Draper),5,Merchant Draper
Miller (Flour),5,Miller Flour
Moulder (Iron),5,Moulder Iron
News-Boy,5,News Boy
Nil-Soldier's Wife,5,Nil Soldier's Wife
Nuns (Teaching Order),5,Nuns Teaching Order
Nurse-Dom. Servant,5,Nurse Dom. Servant
Parlourmaid (Domestic Servant),5,Parlourmaid Domestic Servant
Parlourmaid-Domestic Servt,5,Parlourmaid Domestic Servt
Pauper-Nurse,5,Pauper Nurse
Plate Layer-Labourer,5,Plate Layer Labourer
Plumber (Master),5,Plumber Master
Porter-Domestic Servant,5,Porter Domestic Servant
Porter-General,5,Porter General
Porter-Grocers,5,Porter Grocers
Post-Mistress,5,Postmistress
Post-Office Assistant,5,Post Office Assistant
Post-Office Clerk,5,Post Office Clerk
Power-Loom Tenter,5,Power Loom Tenter
Printer-Compositor Unemployed,5,Printer Compositor Unemployed
Private Means (Annuity),5,Private Means Annuity
Quarryman-Flags,5,Quarryman Flags
Railway-Clerk,5,Railway Clerk
Rate-Collector,5,Rate Collector
Receiving Out-Door Relief,5,Receiving Out Door Relief
Reed-Maker,5,Reed Maker
Retired House-Keeper,5,Retired Housekeeper
Retired Shop-Keeper,5,Retired Shopkeeper
Rope-Maker,5,Ropemaker
Saddler-Master,5,Saddler Master
Sail-Maker,5,Sail Maker
Scutcher (Flax),5,Scutcher Flax
Sea-Man,5,Sea Man
Servant General (Domestic),5,Servant General Domestic
Servant-Domest,5,Servant Domest
Servant-Housekeeper,5,Servant Housekeeper
Servant-Man,5,Servant Man
Servt-Domestic,5,Servt Domestic
Shep-Herd,5,Shep Herd
Ship wright,5,Shipwright
Ship-Joiner,5,Ship Joiner
Shoemaker-Master,5,Shoemaker Master
Shop Assist (Grocer),5,Shop Assist Grocer
Shop Assistant-Drapery,5,Shop Assistant Drapery
Shop Keeper (Confectioner),5,Shop Keeper Confectioner
Shop Keeper (Grocery),5,Shop Keeper Grocery
Shop Keeper (Provision),5,Shop Keeper Provision
Shop Keeper-Publican,5,Shop Keeper Publican
Shopman-Grocers,5,Shopman Grocers
Shorthand-Typist,5,Shorthand Typist
Sister of Mercy (Trained Nurse),5,Sister of Mercy Trained Nurse
Solicitor's Clerk (General),5,Solicitor's Clerk General
Son (Farmer),5,Son Farmer
Stone - Breaker,5,Stone Breaker
Stone mason,5,Stonemason
Store-Keeper,5,Storekeeper
Tea-Agent,5,Tea Agent
Teacher (Private),5,Teacher Private
Teacher - Chris. Bro,5,Teacher Chris. Bro
Time-Keeper,5,Timekeeper
Tin - Smith,5,Tinsmith
Tram-Driver,5,Tram Driver
Warehouseman (Linen),5,Warehouseman Linen
Watch maker,5,Watchmaker
Watchmaker (Finisher),5,Watchmaker Finisher
Watchmaker-Finisher,5,Watchmaker Finisher
Weaver (Linnen),5,Weaver Linnen
Weaver - Linen,5,Linen Weaver
Winder-Factory,5,Winder Factory
Wire-Worker,5,Wire Worker
Wool - Weaver,5,Wool Weaver
Wool-Carder,5,Wool Carder
Yard Man-Domestic Servant,5,Yard Man Domestic Servant
Yarn Winder (Linen Weaving),5,Yarn Winder Linen Weaving
Yarn-Winder,5,Yarn Winder
(Cambric Weaver),4,Cambric Weaver
(Farmer's Wife),4,Farmer's Wife
(Linen) Factory Worker,4,Linen Factory Worker
(Marine) Engineer,4,Marine Engineer
(Nil),4,Nil
(No Occupatrion),4,No Occupatrion
@ @ (R.C. Priest),4,@ @ R.C. Priest
Army-Pensioner,4,Army Pensioner
Artist-Painting,4,Artist Painting
Assistant-Drapery,4,Assistant Drapery
Assistant-Shopkeeper,4,Assistant Shopkeeper
B-Smith,4,B Smith
Baker-Operative,4,Baker Operative
Bar - Man,4,Barman
Bar-Maid Domestic Servant,4,Bar Maid Domestic Servant
Barrister (Practising),4,Barrister Practising
Barrister at Law (Practising),4,Barrister at Law Practising
Black Smith (Master),4,Black Smith Master
Black-Smyth,4,Black Smyth
Blacksmith - Master,4,Blacksmith Master
Block-Printer,4,Block Printer
Boarding House-Keeper,4,Boarding House Keeper
Book-Sewer,4,Book Sewer
Boot-Keeper,4,Boot Keeper
Boot-Shop Assistant,4,Boot Shop Assistant
Bootmaker (Master),4,Bootmaker Master
Bootmaker-Master,4,Bootmaker Master
Boots-Domestic Servant,4,Boots Domestic Servant
Bricklayer (Unemployed),4,Bricklayer Unemployed
Builder (Master),4,Builder Master
Builders labourer,4,Builder's Labourer
Cab-Driver,4,Cab Driver
Car Driver (Domestic Servant),4,Car Driver Domestic Servant
Carpenter (On Strike),4,Carpenter On Strike
Carpenter-Journeyman,4,Carpenter Journeyman
Cattle - Dealer,4,Cattle Dealer
Clerk (Apprentice Wine and Spirit),4,Clerk Apprentice Wine and Spirit
Clerk (Hardware),4,Clerk Hardware
Clerk (Insurance),4,Clerk Insurance
Clerk (Timber),4,Clerk Timber
Clerk in Holy Orders (Church of Ireland),4,Clerk in Holy Orders Church of Ireland
Clerk-Drapers,4,Clerk Drapers
Clerk-Grocery,4,Clerk Grocery
Clerk-Ironmongers,4,Clerk Ironmongers
Clerk-Linen Trade,4,Clerk Linen Trade
Clerk-Shipping,4,Clerk Shipping
Clerk-Shopman,4,Clerk Shopman
Clerk-Writing,4,Clerk Writing
Coach - Builder,4,Coach Builder
Coach Builder-Master,4,Coach Builder Master
Coach Man (Domestic Servant),4,Coach Man Domestic Servant
Coachman Domestic (Servant),4,Coachman Domestic Servant
Coal - Miner,4,Coal Miner
Coal Carrier (Car Man),4,Coal Carrier Car Man
Commercial Clerk (Biscuit Factory),4,Commercial Clerk Biscuit Factory
Commercial Clerk (Spririt Trade),4,Commercial Clerk Spririt Trade
Commercial Clerk (Timber),4,Commercial Clerk Timber
Commercial Clerk-Drapery,4,Commercial Clerk Drapery
Commercial Clerk-Grocery,4,Commercial Clerk Grocery
Compositor (Printer),4,Compositor Printer
Cook Servant (Domestic),4,Cook Servant Domestic
Cook-Domestic Serv,4,Cook Domestic Serv
Cork-Domestic Servant,4,Cork Domestic Servant
Dealer (Cattle),4,Dealer Cattle
Dealer (Fruit),4,Dealer Fruit
Dealer-Cattle,4,Dealer Cattle
Dealer-Clothes,4,Dealer Clothes
Doffer (Flax Mill),4,Doffer Flax Mill
Domestic (Cook),4,Domestic Cook
Domestic (General Servant),4,General Domestic Servant
Domestic - Cook,4,Domestic Cook
Domestic Servant (House Keeper),4,Domestic Servant House Keeper
Draper (Master),4,Draper Master
Draper (Shop Hand),4,Draper Shop Hand
Draper-Apprentice,4,Draper Apprentice
Drawer-in,4,Drawer in
Drawer-in Factory,4,Drawer in Factory
Drawer-Linen,4,Drawer Linen
Engine Driver (Railway),4,Engine Driver Railway
Ex-School Teacher,4,Ex School Teacher
Factory Girl (Milk),4,Factory Girl Milk
Factory Hand-Turner Out,4,Factory Hand Turner Out
Factory Land-Milk,4,Factory Land Milk
Factory-Hand,4,Factory Hand
Factory-Hand Doffer,4,Factory Hand Doffer
Factory-Laundress,4,Factory Laundress
Farm Servant (Unemployed),4,Farm Servant Unemployed
Farm Servant-Caretaker,4,Farm Servant Caretaker
Farm Servant-Domestic Servant,4,Farm Servant Domestic Servant
Farm-Caretaker,4,Farm Caretaker
Farmer and Carpenter-Master,4,Farmer and Carpenter Master
Farmer's Step-Son,4,Farmer's Step Son
Farmer's Wife (Retired),4,Farmer's Wife Retired
Farmer-Grocer,4,Farmer Grocer
Farmer-Servant,4,Farmer Servant
Farmers - Son,4,Farmer's Son
Farmers Grand-Daughter,4,Farmer's Granddaughter
Farmers Son (HC),4,Farmers Son HC
Farmers widow,4,Farmer's Widow
Farmers Wife (Retired),4,Farmers Wife Retired
Fitter-Iron,4,Fitter Iron
Flax-Scutcher,4,Flax Scutcher
Flesher (Master),4,Flesher Master
Footman - Domestic Servant,4,Footman Domestic Servant
Gardener (Domestic),4,Gardener Domestic
Gardener - Domestic Servt,4,Gardener Domestic Servant
Gardner-Domestic Servt,4,Gardner Domestic Servt
Gen Servant (Domestic),4,General Domestic Servant
General Domestic - Servant,4,General Domestic Servant
General House-Keeper,4,General Housekeeper
General Man-Domestic,4,General Man Domestic
General Servant (D),4,General Servant D
General Servant (Domestic Servant),4,General Servant Domestic Servant
General servant domestic,4,General Domestic Servant
General Servant-Domest,4,General Servant Domest
General Servant. (Domestic),4,General Servant. Domestic
General Sevt-Domestic,4,General Sevt Domestic
General Shop-Assistant,4,General Shop Assistant
General-Laberor,4,General Laberor
Genl Servant-Domestic (Employed at Home),4,Genl Servant Domestic Employed at Home
Genl. Servant (Domestic),4,General Domestic Servant
Genl. Servt.-Domestic,4,Genl. Servt. Domestic
Genrl-Sert-Domestic,4,Genrl Sert Domestic
Grocer (Master),4,Grocer Master
Grocer (Shop Keeper),4,Grocer Shop Keeper
Grocer-Merchant,4,Grocer Merchant
Groom - Domestic Servt,4,Groom Domestic Servt
Hall-Porter,4,Hall Porter
Harness - Maker,4,Harness Maker
Hem-Sticher,4,Hem Sticher
Herd-Shepherd,4,Herd Shepherd
Holder-Up,4,Holder Up
Hous keeper,4,Housekeeper
Hous-Keeper,4,Housekeeper
House - Holder,4,House Holder
House - Keeping,4,House Keeping
House - Maid Domestic Servant,4,House Maid Domestic Servant
House - Porter,4,House Porter
House Keeper at home,4,Housekeeper at Home
House Maid - Domestic,4,House Maid Domestic
House Painter-Journey Man,4,House Painter Journey Man
House Parlour Maid-Domestic Servant,4,House Parlour Maid Domestic Servant
House-Keeper-Domestic Servant,4,House Keeper Domestic Servant
House-Maid Domestic Servt,4,House Maid Domestic Servt
"House-Maid, Domestic Servant",4,"House Maid, Domestic Servant"
House-Porter,4,House Porter
Housemaid (Domes Servt),4,Housemaid Domes Servt
Housemaid - Domestic Servt,4,Housemaid Domestic Servant
Housemaid-Dom Servant,4,Housemaid Dom Servant
Housemaid-Dom Servt,4,Housemaid Dom Servt
Housemaid-Dom. Servt,4,Housemaid Dom. Servt
Housemaid-Unemployed,4,Housemaid Unemployed
Housework-Domestic,4,Housework Domestic
Income From Land (Perpetuity) and Dividends,4,Income From Land Perpetuity and Dividends
Iron - Moulder,4,Iron Moulder
Iron - Turner,4,Iron Turner
Joiner (on Strike),4,Joiner on Strike
Kitchen Maid-Domestic Servt,4,Kitchen Maid Domestic Servt
Laborer (Carrier),4,Laborer Carrier
Laborer-Farm,4,Laborer Farm
Labouer (Gen),4,Labouer Gen
Labouer (General),4,Labouer General
Labour (Agr),4,Labour Agr
Labour (Dock),4,Labour Dock
Labourer (Agriculture),4,Labourer Agriculture
Labourer (Bricklayers),4,Labourer Bricklayers
Labourer (Coal),4,Labourer Coal
Labourer (Farmer),4,Labourer Farmer
Labourer (Genrl),4,Labourer Genrl
Labourer (Mason),4,Labourer Mason
Labourer (Ship Yard),4,Ship Yard Labourer
Labourer (Shipyard),4,Labourer Shipyard
Labourer - in Dairy Yard,4,Labourer in Dairy Yard
Labourer in Ship-Yard,4,Labourer in Ship Yard
Labourer-Agric,4,Labourer Agric
Labourer-Agriculture,4,Labourer Agriculture
Labourer-Builder,4,Labourer Builder
Labourer-Coal Porter,4,Labourer Coal Porter
Labourer-Domestic Servt,4,Labourer Domestic Servt
Labourer-Garden,4,Labourer Garden
Labourer-Iron Works,4,Labourer Iron Works
Labourer-Mason,4,Labourer Mason
Labr (General),4,Labr General
Labr-Agricultural,4,Labr Agricultural
Labr-Milk Factory,4,Labr Milk Factory
Labr.-General,4,Labr. General
Lady (No Profession),4,Lady No Profession
Land - Owner,4,Land Owner
Land-Stewart,4,Land Stewart
Lauborer (General),4,Lauborer General
Laundress-Domestic,4,Laundress Domestic
Laundress-Domestic Servt,4,Laundress Domestic Servt
Laundry Maid-Domestic,4,Laundry Maid Domestic
Laundry Maid-Domestic Servant,4,Laundry Maid Domestic Servant
Lewery Servant-Domestic,4,Lewery Servant Domestic
Lighter-Man,4,Lighter Man
Linen Factory-Reeler Millworker,4,Linen Factory Reeler Millworker
Linen Trade-Spinner,4,Linen Trade Spinner
Linen Weaver (Cambric),4,Linen Weaver Cambric
Linen Weaver-Unemployed,4,Linen Weaver Unemployed
Litho-Artist,4,Litho Artist
Lodge-Keeper,4,Lodge Keeper
Lodging-House-Keeper,4,Lodging House Keeper
Machinest (Sewing),4,Machinest Sewing
Machinist (Sewing),4,Machinist Sewing
Machinist (Shirt Maker),4,Machinist Shirt Maker
Mantle - Maker,4,Mantle Maker
Mantle-Maker,4,Mantle Maker
Master-Baker,4,Master Baker
Merchant (Drapery),4,Merchant Drapery
Messenger (Shop),4,Messenger Shop
Miles-Man on Railway,4,Miles Man on Railway
Mill Worker (Reeler of Flax),4,Mill Worker Reeler of Flax
Mill wright,4,Millwright
Miller (Corn),4,Miller Corn
Milliner-Unemployed,4,Milliner Unemployed
Miner (Iron Ore),4,Miner Iron Ore
Mother-in-Law,4,Mother in Law
National School Teacher-Principal,4,National School Teacher Principal
National Teacher (Unemployed),4,National Teacher Unemployed
Natl-Teacher,4,National Teacher
Needle-Worker,4,Needle Worker
No-Scholar,4,No Scholar
None (Scholar),4,None Scholar
Nun-Nurse in Workhouse,4,Nun Nurse in Workhouse
Nurse (Medical),4,Nurse Medical
Nurse (Trained),4,Nurse Trained
Nurse - Domestic Sert,4,Nurse Domestic Sert
Nurse-D. Servant,4,Nurse D. Servant
Nurse-Dom Servant,4,Nurse Dom Servant
Nurse-Dom Servt,4,Nurse Dom Servt
Nurse-Domestic Sert,4,Nurse Domestic Sert
Nurse-Midwife,4,Nurse Midwife
Nursemaid-Domestic Servant,4,Nursemaid Domestic Servant
Office-Boy,4,Office Boy
Out-Door Relief,4,Out Door Relief
Paper-Bag Maker,4,Paper Bag Maker
Parlor Maid-Domestic Servant,4,Parlor Maid Domestic Servant
Parlour Maid - Domestic,4,Parlour Maid Domestic
Parlour-Maid-Domestic Servant,4,Parlour Maid Domestic Servant
Parlourmaid - Domestic Servant,4,Parlourmaid Domestic Servant
Pensioner (Navy),4,Pensioner Navy
Pensioner (R I C),4,Pensioner R I C
Pensioner-R.I.C,4,R.I.C. Pensioner
Pig - Dealer,4,Pig Dealer
Plumber (Unemployed),4,Plumber Unemployed
Porter (Hall),4,Porter Hall
Porter (Railway),4,Railway Porter
Post Man (Rural),4,Post Man Rural
Post-Master,4,Postmaster
Power-Loom Weaver,4,Power Loom Weaver
Printer-Foreman,4,Printer Foreman
Private-Infantry,4,Private Infantry
Publican Shop-Keeper,4,Publican Shop Keeper
Pupil Teacher-Model School,4,Pupil Teacher Model School
Rag-Gatherer,4,Rag Gatherer
Railway Signal-Man,4,Railway Signal Man
Rector-Church of Ireland,4,Rector Church of Ireland
Reeler (Linen Mill),4,Reeler Linen Mill
Retired (Domestic Servant),4,Retired Domestic Servant
Retired-Agricultural Labourer,4,Retired Agricultural Labourer
Rope maker,4,Ropemaker
Rougher (Flax),4,Rougher Flax
Rover-Linen,4,Rover Linen
Saleswoman-Drapery,4,Saleswoman Drapery
Sanitary Sub-Officer,4,Sanitary Sub Officer
School - Teacher,4,School Teacher
Seaman-Sailor,4,Seaman Sailor
Seamstress-Under Clothing,4,Seamstress Under Clothing
Servant (Dom),4,Servant Dom
Servant (Genl),4,Servant Genl
Servant (Housemaid),4,Servant Housemaid
Servant Girl (Domestic),4,Servant Girl Domestic
Servant-(Domestic),4,Domestic Servant
Servant-Dom,4,Servant Dom
Servant-Genl,4,Servant Genl
Servant-Maid,4,Servant Maid
Sett - Maker,4,Sett Maker
Sett-Maker,4,Sett Maker
Sett-Maker in Quarry,4,Sett Maker in Quarry
Sevt.-Domestic,4,Sevt. Domestic
Ship - Carpenter,4,Ship Carpenter
Ship-Yard Labourer,4,Ship Yard Labourer
Shirt Maker (Seamstress),4,Shirt Maker Seamstress
Shoe-maker,4,Shoemaker
Shop Assistant (Barmaid),4,Shop Assistant Barmaid
Shop Assistant (Tobacconist),4,Shop Assistant Tobacconist
Shop Assistant-Tobacconist,4,Shop Assistant Tobacconist
Shop Girl-Draper,4,Shop Girl Draper
Shop Keeper-Drapery,4,Shop Keeper Drapery
Shop-keeper,4,Shopkeeper
Shop-Manager,4,Shop Manager
Shop-Owner,4,Shop Owner
Shopkeeper (Draper),4,Shopkeeper Draper
Shopkeeper (Spirits),4,Shopkeeper Spirits
Shopkeeper - Grocer,4,Shopkeeper Grocer
Shopkeeper-Grocery,4,Shopkeeper Grocery
Shopman (Draper),4,Shopman Draper
Shopman-Groceries,4,Shopman Groceries
Silver-Smith,4,Silversmith
Sock - Knitter,4,Sock Knitter
Soldier (Private),4,Soldier Private
Solicitors Clerk-General,4,Solicitors Clerk General
Son (Farmers),4,Son Farmers
Stable Man-Domestic Servant,4,Stable Man Domestic Servant
Station Master (Railway),4,Station Master Railway
Steward-Land,4,Steward Land
Stoker in Gas-Works,4,Stoker in Gas Works
Stone-Carver,4,Stone Carver
Sub-Postman,4,Sub Postman
Surgeon B A MB Bch (Univ Dub) F R C S I,4,Surgeon B A MB Bch Univ Dub F R C S I
Tape-Weaver,4,Tape Weaver
Teacher (Monitress),4,Teacher Monitress
Teacher (N S),4,Teacher N S
Teacher (N.S.),4,Teacher N.S.
Teacher (Nat),4,Teacher Nat
Teacher National (School),4,Teacher National School
"Teacher-Irish Eng. Mathematics ""Christian Brothers""",4,"Teacher Irish Eng. Mathematics ""Christian Brothers"""
Teacher-Nat. School,4,Teacher Nat. School
Teacher-Natl School,4,Teacher Natl School
Teacher-Unemployed,4,Teacher Unemployed
Tobacco-Spinner,4,Tobacco Spinner
Tradesman (Mason),4,Tradesman Mason
Type-Writer,4,Type Writer
Valet-Domestic Servant,4,Valet Domestic Servant
Vest - Maker,4,Vest Maker
Waitress-Domestic,4,Waitress Domestic
Warehouseman (Drapery),4,Warehouseman Drapery
Washer-Domestic Servant,4,Washer Domestic Servant
Watchmaker-Repairer,4,Watchmaker Repairer
Weaver (of Linnen),4,Weaver of Linnen
Winder (in Mill),4,Winder in Mill
Winder-Yarn,4,Winder Yarn
Wool-Sorter,4,Wool Sorter
Work-Man,4,Work Man
Yardman-Domestic Servant,4,Yardman Domestic Servant
(Annuity) No Occupation,3,Annuity No Occupation
(Cloth) Lapper,3,Cloth Lapper
(Coachman Domestic Servant),3,Coachman Domestic Servant
(Domestic) Servant General,3,General Domestic Servant
(Farm Servant),3,Farm Servant
(Farm) Labourer,3,Farm Labourer
(Farm) Servant,3,Farm Servant
(Farmer),3,Farmer
(Farmers Wife),3,Farmer's Wife
(Flax) Millworker,3,Flax Millworker
(Groom) Domestic Servant,3,Groom Domestic Servant
(Labourer Agricultural),3,Agricultural Labourer
(Labourer Farm),3,Farm Labourer
(Nurse) Domestic,3,Nurse Domestic
(Printer) Compositor,3,Printer Compositor
(Retired) Seamstress,3,Retired Seamstress
(Stone) Mason,3,Stonemason
(Wife),3,Wife
Agr-Labourer,3,Agricultural Labourer
Agricult-Labourer,3,Agricultural Labourer
Agricultural laborer,3,Agricultural Labourer
Agricultural Labourer (Farm),3,Agricultural Labourer Farm
Agricultural Labr-Farm,3,Agricultural Labr Farm
Apprentice (Carpenter),3,Apprentice Carpenter
Apprentice (Drapery),3,Apprentice Drapery
Apprentice (Tailor),3,Apprentice Tailor
Apprentice Pattern-Maker,3,Apprentice Pattern Maker
Apprentice-Drapery,3,Apprentice Drapery
Apprentice-Fitter,3,Apprentice Fitter
Artist (Decorative),3,Artist Decorative
Assistant (Dairy),3,Assistant Dairy
Assistant (Grocer),3,Assistant Grocer
Assistant (Grocers),3,Assistant Grocers
Assistant (Grocery),3,Assistant Grocery
Assistant (Provision),3,Assistant Provision
Assistant-Grocer,3,Assistant Grocer
Assistant-Housekeeper,3,Assistant Housekeeper
Assistant-Keeper,3,Assistant Keeper
At chool,3,At School
Atend-School,3,Atend School
Bacon-Curer,3,Bacon Curer
Baker (Gen),3,Baker Gen
Baker (Master),3,Baker Master
Baker (Unemployed),3,Baker Unemployed
Baker-Employed,3,Baker Employed
Bar-Attendant,3,Bar Attendant
Bar-Tender,3,Bar Tender
Beggar-Woman,3,Beggar Woman
Blacksmith (Unemployed),3,Blacksmith Unemployed
Boarding and Lodging - House Keepers,3,Boarding and Lodging House Keepers
Boatman Coast-Guard,3,Boatman Coast Guard
Bobbin-Winder,3,Bobbin Winder
Boilermaker-Rivetter,3,Boilermaker Rivetter
Book-Keeper Unemployed,3,Book Keeper Unemployed
Bookkeeper (Drapery),3,Bookkeeper Drapery
Boot Maker (Master),3,Boot Maker Master
Box-Makers,3,Box Makers
Brass-Moulder,3,Brass Moulder
Bread - Server,3,Bread Server
Bread-Van-Driver,3,Bread Van Driver
Brick - Layer,3,Bricklayer
Brick layer,3,Bricklayer
Brick-Maker,3,Brickmaker
Bricklayer (Apprentice),3,Bricklayer Apprentice
Brush-Maker,3,Brushmaker
Builder-Contractor,3,Builder Contractor
Butler (Linen),3,Butler Linen
Butler - Domestic Servant,3,Butler Domestic Servant
Butler - Domestic Servt,3,Butler Domestic Servt
Butter-Buyer,3,Butter Buyer
Butter-Domestic Servant,3,Butter Domestic Servant
Cabinet Maker-Master,3,Cabinet Maker Master
Cambric Weaver (Unemployed),3,Cambric Weaver Unemployed
Canal Boat - Man,3,Canal Boat Man
Car - Owner,3,Car Owner
Car Driver-Jarvey,3,Car Driver Jarvey
Card-Cutter,3,Card Cutter
Cardriver-Domestic Servant,3,Cardriver Domestic Servant
Cardriver-Hackney,3,Cardriver Hackney
Caretaker (Land),3,Caretaker Land
Caretaker-Domestic Servant,3,Caretaker Domestic Servant
Carpenter (on Strike),3,Carpenter on Strike
Carpenter (Retired),3,Carpenter Retired
Carpenter-Employed,3,Carpenter Employed
Carpenter-on Strike,3,Carpenter on Strike
Carpenter-Ope Master,3,Carpenter Ope Master
Carpenters-Son,3,Carpenter's Son
Carpet Weaver (Wool),3,Carpet Weaver Wool
Carrier (Carman),3,Carrier Carman
Carrier (Milk),3,Carrier Milk
Case-Maker,3,Case Maker
Cattle-Jobber,3,Cattle Jobber
Chemists assistant,3,Chemist's Assistant
Christian Brother Teacher (Secondary),3,Christian Brother Teacher Secondary
Civil Assistant (Ordnance Survey),3,Civil Assistant Ordnance Survey
Civil Engineer (Retired),3,Civil Engineer Retired
Civil Service (Post Office),3,Civil Service Post Office
Civil Service-Postman,3,Civil Service Postman
Civilian Clerk-Army,3,Civilian Clerk Army
Clark-Pawn Broker,3,Clark Pawn Broker
Clergyman (Rector),3,Clergyman Rector
Clerk (Accountant),3,Clerk Accountant
Clerk (Bank),3,Bank Clerk
Clerk (Book Keeper),3,Clerk Book Keeper
Clerk (Brewers),3,Clerk Brewers
Clerk (Carriers Office),3,Clerk Carriers Office
Clerk (Civil Service),3,Clerk Civil Service
Clerk (Coal),3,Clerk Coal
Clerk (Coml),3,Clerk Coml
Clerk (Factory),3,Clerk Factory
Clerk (Grocer's),3,Clerk Grocer's
Clerk (Grocer),3,Clerk Grocer
Clerk (Grocers),3,Clerk Grocers
Clerk (Grocery),3,Clerk Grocery
Clerk (Junior),3,Clerk Junior
Clerk (Land Agents),3,Clerk Land Agents
Clerk (Lenen Trade),3,Clerk Lenen Trade
Clerk (Loan Office),3,Clerk Loan Office
Clerk (Merchants),3,Clerk Merchants
Clerk (Shipbuilding),3,Clerk Shipbuilding
Clerk (Solicitor's),3,Clerk Solicitor's
Clerk-Bookkeeper,3,Clerk Bookkeeper
Clerk-Brewery,3,Clerk Brewery
Clerk-Chemical Works,3,Clerk Chemical Works
Clerk-Corporation,3,Clerk Corporation
Clerk-Domestic,3,Clerk Domestic
Clerk-Linen,3,Clerk Linen
Clerk-Newspaper,3,Clerk Newspaper
Clerk-Shipbuilding,3,Clerk Shipbuilding
Cloth-Passer,3,Cloth Passer
Coach - Man - Domestic Servant,3,Coach Man Domestic Servant
Coach Body-Maker,3,Coach Body Maker
Coach-Man Porter's Yard,3,Coach Man Porter's Yard
Coachman (Domestic Servt),3,Coachman Domestic Servant
Coachman Domestic-Servant,3,Coachman Domestic Servant
Coachman-Domestic Sert,3,Coachman Domestic Sert
Coal - Porter,3,Coal Porter
Coal-Dealer,3,Coal Dealer
Coal-Labourer,3,Coal Labourer
Coalminer,3,Coal Miner
Coat - Maker,3,Coat Maker
Collar-Cutter,3,Collar Cutter
Commercial - Clerk,3,Commercial Clerk
Commercial Clerk (Brewery),3,Commercial Clerk Brewery
Commercial Clerk (Corn Trade),3,Commercial Clerk Corn Trade
Commercial Clerk (Insurance),3,Commercial Clerk Insurance
Commercial Clerk (Linen Trade),3,Commercial Clerk Linen Trade
Commercial Clerk (Railway),3,Commercial Clerk Railway
Commercial Clerk (Wholesale Grocery),3,Commercial Clerk Wholesale Grocery
Commercial Clerk-Linen,3,Commercial Clerk Linen
Commercial Traveller (Draper),3,Commercial Traveller Draper
Commercial Traveller (Paper Trade),3,Commercial Traveller Paper Trade
Commercial Traveller (Tobacco),3,Commercial Traveller Tobacco
Commercial Traveller (Whiskey),3,Commercial Traveller Whiskey
Compositor (Apprentice),3,Compositor Apprentice
Cook (Retired),3,Cook Retired
Cook - Domestic Sert,3,Cook Domestic Sert
Cook Domestic (Servant),3,Cook Domestic Servant
Cook-D. Servant,3,Cook D. Servant
Cook-Domestic Sevt,3,Cook Domestic Sevt
Cook-Domestic-Servant,3,Cook Domestic Servant
Cook-General Domestic Servant,3,Cook General Domestic Servant
Cook-General Servant,3,Cook General Servant
Cooper - Master,3,Cooper Master
Cooper - Unemployed,3,Cooper Unemployed
Cooper-Master,3,Cooper Master
Corn-Miller,3,Corn Miller
Cottier (Housekeeper),3,Cottier Housekeeper
Cotton Weaver (in Mill),3,Cotton Weaver in Mill
Cow-Herd,3,Cow Herd
Cutter-Tailor,3,Cutter Tailor
Dairy-Man's Daughter,3,Dairy Man's Daughter
Dairy-Woman,3,Dairy Woman
Dealer - Petty,3,Dealer Petty
Dealer-General,3,General Dealer
Dealer-Vegetable,3,Dealer Vegetable
Doffer (1/2 Time),3,Doffer 1/2 Time
Doffer (Linen Mill),3,Doffer Linen Mill
Doffer (Yarn),3,Doffer Yarn
Doffer - Flax Mill,3,Doffer Flax Mill
Doffer Mill-Worker,3,Doffer Mill Worker
Domestic (Servant),3,Domestic Servant
Domestic Servant (General Servant),3,Domestic Servant General Servant
Domestic Servant (Housekeeper),3,Domestic Servant Housekeeper
Domestic Servant - Housekeeper,3,Domestic Servant Housekeeper
Domestic Servant - Housemaid,3,Domestic Servant Housemaid
Domestic Servant general,3,General Domestic Servant
Domestic Servant House-Keeper,3,Domestic Servant House Keeper
Domestic Servant not (employed),3,Domestic Servant not employed
"Domestic Servant, General",3,General Domestic Servant
Domestic Servant-Genl,3,Domestic Servant Genl
Domestic Servant-Housekeeper,3,Domestic Servant Housekeeper
Domestic Servant-Maid,3,Domestic Servant Maid
Domestic servt,3,Domestic Servant
Domestic Servt (Cook),3,Domestic Servt Cook
Domestic Servt - Unemployed,3,Domestic Servt Unemployed
Domestic Servt-Kitchen Maid,3,Domestic Servt Kitchen Maid
Domestic-Cook,3,Domestic Cook
Domestic-General,3,Domestic General
Domestic-Housekeeper,3,Domestic Housekeeper
Draftsman (Ordnance Survey),3,Draftsman Ordnance Survey
Draper (Assistant),3,Draper Assistant
Draper (Retired),3,Draper Retired
Draper-Unemployed,3,Draper Unemployed
Drapers apprentice,3,Draper's Apprentice
Dress - Making,3,Dress Making
Driller (Iron),3,Driller Iron
Egg-Packer,3,Egg Packer
Engine - Driver,3,Engine Driver
Engine-Man,3,Engine Man
Engineer (Marine),3,Engineer Marine
Ex - Teacher,3,Ex Teacher
Ex-Constable,3,Ex Constable
Ex-Farmer,3,Ex Farmer
Ex-National School Teacher,3,Ex National School Teacher
Ex-Policeman,3,Ex Policeman
Ex-Schoolmaster,3,Ex Schoolmaster
Ex-Sergeant R.I.C,3,Ex Sergeant R.I.C
Ex-Sergeant R.I.C.,3,Ex Sergeant R.I.C.
Factory Worker (Flax),3,Factory Worker Flax
Factory-Turner Out,3,Factory Turner Out
Fancy Box - Maker,3,Fancy Box Maker
Farm (Labourer),3,Farm Labourer
Farm - Hand,3,Farm Hand
Farm House-Work,3,Farm House Work
Farm Labourer (Herd),3,Farm Labourer Herd
Farm Servant (Agrl),3,Farm Servant Agrl
Farm Servant-General,3,Farm Servant General
Farm Servant-Herd,3,Farm Servant Herd
Farm-Laborer,3,Farm Labourer
Farm-Worker,3,Farm Worker
Farmer (Magistrate),3,Farmer Magistrate
Farmer and House-Keeper,3,Farmer and House Keeper
Farmer's (Son),3,Farmer's Son
Farmer's Brother-in-Law,3,Farmer's Brother in Law
Farmer's Sister in-Law,3,Farmer's Sister in Law
Farmer's Sister-in-Law,3,Farmer's Sister in Law
Farmer's Son-in Law,3,Farmer's Son in Law
Farmers - Daughter,3,Farmer's Daughter
Farmers Grand-Son,3,Farmer's Grandson
Farmers Mother in law,3,Farmer's Mother in Law
Farmers Mother-in-Law,3,Farmer's Mother in Law
Farmers-Brother,3,Farmer's Brother
Farmers-Nephew,3,Farmer's Nephew
Fender-Maker,3,Fender Maker
Fish-Woman,3,Fish Woman
Fisherman (Master),3,Fisherman Master
Flax - Dresser,3,Flax Dresser
Flax Spinner - in Mill,3,Flax Spinner in Mill
Flax-Sorter,3,Flax Sorter
Folder (Linen),3,Folder Linen
Foot-Man,3,Foot Man
Frame-Maker,3,Framemaker
G. Servant (Dome),3,G. Servant Dome
G. Servant (Domestic),3,G. Servant Domestic
Gamekeeper-Domestic Servt,3,Gamekeeper Domestic Servt
Gardenar-Domestic Servant,3,Gardenar Domestic Servant
Gardener (Retired),3,Gardener Retired
Gardener Domestic-Svt,3,Gardener Domestic Svt
Gardener-D. Servant,3,Gardener D. Servant
Gardener-Domestic Ser,3,Gardener Domestic Ser
Gardener-Domestic Sevt,3,Gardener Domestic Sevt
Gardiner-Domestic Servant,3,Gardiner Domestic Servant
Gardner - Domestic Servant,3,Gardener Domestic Servant
Gardner Domestic-Servant,3,Gardener Domestic Servant
Gas-Fitter,3,Gas Fitter
Gen. Servant (Domestic),3,Gen. Servant Domestic
Gen. Servt.-Domestic,3,Gen. Servt. Domestic
General (Servant) Domestic,3,General Domestic Servant
General - Servant Domestic,3,General Domestic Servant
General Domestic-Retired,3,General Domestic Retired
General Labourer (Idle),3,General Labourer Idle
General Labourer-Retired,3,General Labourer Retired
General Ser-Domestic,3,General Ser Domestic
General Sert-Domestic,3,General Sert Domestic
General Servant (Cook),3,General Servant Cook
General Servant - Dom,3,General Servant Dom
General Servant-Cook,3,General Servant Cook
General Servant-Dom.,3,General Servant Dom.
General Servant-Dometic,3,General Servant Dometic
General Servant-Farm,3,General Servant Farm
General Sevant-Domestic,3,General Sevant Domestic
General-Domestic Servt.,3,General Domestic Servt.
Generl Servt-Domestic,3,Generl Servt Domestic
Genl. Servant-Domestic Unemployed,3,Genl. Servant Domestic Unemployed
Genrl Servant (Domestic),3,Genrl Servant Domestic
Genrl-Servt-Domestic,3,Genrl Servt Domestic
Gentlewoman-Annuitant,3,Gentlewoman Annuitant
Gl Servant - Domestic,3,Gl Servant Domestic
Gl Servant-Unemployed,3,Gl Servant Unemployed
Gold Miner (Unemployed),3,Gold Miner Unemployed
Governess (Unemployed),3,Governess Unemployed
Governess - Domestic,3,Governess Domestic
Governess-Domestic Servant,3,Governess Domestic Servant
Grocer-Master,3,Grocer Master
Grocers-Assistant,3,Grocer's Assistant
Hackle-Setter,3,Hackle Setter
Hand Driller (Ship Yard),3,Hand Driller Ship Yard
Hand-Loom Weaver,3,Hand Loom Weaver
Heckler (Mill),3,Heckler Mill
Herd-Cattle,3,Herd Cattle
Herds-Son,3,Herd's Son
Home-Work,3,Home Work
Horse - Shoer,3,Horse Shoer
Hosiery Mfr - Mistress,3,Hosiery Mfr Mistress
Hospital Nurse (Trained),3,Hospital Nurse Trained
Hotel-Proprietor,3,Hotel Proprietor
House - Owner,3,House Owner
House and Parlour Maid-Domestic,3,House and Parlour Maid Domestic
House and Parlour-Maid,3,House and Parlour Maid
House and Parlourmaid-Domestic Servant,3,House and Parlourmaid Domestic Servant
House Keeper (at Home),3,Housekeeper at Home
House keeper at Home,3,Housekeeper at Home
House Keeper At Home,3,Housekeeper at Home
House Keeper-Domestic Servt,3,House Keeper Domestic Servt
House Maid-Domestic Sert,3,House Maid Domestic Sert
House Maid-Domestic Servant Unemployed,3,House Maid Domestic Servant Unemployed
House Servant-Domestic,3,House Servant Domestic
House-Hold Duties,3,House Hold Duties
House-Keeper-Domestic,3,House Keeper Domestic
House-Parlour Maid,3,House Parlour Maid
House-Parlourmaid,3,House Parlourmaid
House-Worker,3,House Worker
Household or Domestic-Business,3,Household or Domestic Business
Housekeeper (Assistant),3,Housekeeper Assistant
Housekeeper - Domestic,3,Housekeeper Domestic
Housekeeper Domestic-Servant,3,Housekeeper Domestic Servant
HouseKeper,3,Housekeeper
Housemaid General Servant-Domestic,3,Housemaid General Servant Domestic
Housemaid Servant-Domestic,3,Housemaid Servant Domestic
Housemaid-D. Servant,3,Housemaid D. Servant
Housemaid-Dom. Servant,3,Housemaid Dom. Servant
Housemaid-Servant,3,Housemaid Servant
Houses (Income From),3,Houses Income From
Income (Land & Houses),3,Income Land & Houses
Infant Under-5 Years of Age,3,Infant Under 5 Years of Age
Iron-Shipwright,3,Iron Shipwright
Jockey-Domestic Servant,3,Jockey Domestic Servant
Joiner-Master,3,Joiner Master
Journalist-Editor,3,Journalist Editor
Journalist-Reporter,3,Journalist Reporter
Kitchen Maid (Domestic),3,Kitchen Maid Domestic
Laberour (General),3,Laberour General
Laborer-General,3,General Labourer
Labouer (Agricultural),3,Labouer Agricultural
Labouer-General,3,Labouer General
Labour (Bricklayer),3,Labour Bricklayer
Labour (Quay),3,Labour Quay
Labourer (Ag),3,Labourer Ag
Labourer (Agri),3,Labourer Agri
Labourer (Agrl.),3,Labourer Agrl.
Labourer (Brewery),3,Brewery Labourer
Labourer (Coal Porter),3,Labourer Coal Porter
Labourer (Corporation),3,Labourer Corporation
Labourer (Factory),3,Labourer Factory
Labourer (Garden),3,Labourer Garden
Labourer (Mill),3,Labourer Mill
Labourer (Pottery),3,Labourer Pottery
Labourer in Brick-Yard,3,Labourer in Brick Yard
Labourer in Malt-House,3,Labourer in Malt House
Labourer-(Farm),3,Farm Labourer
Labourer-Agrl.,3,Labourer Agrl.
Labourer-Dock,3,Dock Labourer
Labourer-Mill,3,Labourer Mill
Labourer-Road Making,3,Labourer Road Making
Labourer-Stonebreak,3,Labourer Stonebreak
Lace - Scholar,3,Lace Scholar
Lace-Scholar,3,Lace Scholar
Lady's Maid (Domestic Servant),3,Lady's Maid Domestic Servant
Lamp-Lighter,3,Lamp Lighter
Land - Lives Privt,3,Land Lives Privt
Land Agent (Clerk),3,Land Agent Clerk
Land-Contractor's Labourer,3,Land Contractor's Labourer
Land-Owner (Farmer),3,Land Owner Farmer
Landry Maid-Domestic Servant,3,Landry Maid Domestic Servant
Laundress (Domestic),3,Laundress Domestic
Laundry - Maid,3,Laundry Maid
Laundry-Woman,3,Laundry Woman
Linen Steam-Loom Weaver,3,Linen Steam Loom Weaver
Linen Weaver Mill-Worker,3,Linen Weaver Mill Worker
Linen Winder (Mill),3,Linen Winder Mill
Linen-Finisher,3,Linen Finisher
Linen-Folder,3,Linen Folder
"M.D,-M.Ch,-L.M. Q U I Last Dub"". (Net Practising)",3,"M.D, M.Ch, L.M. Q U I Last Dub"". Net Practising"
Machine-Man,3,Machine Man
Machinest-Rope Works,3,Machinest Rope Works
Machinist-Factory,3,Machinist Factory
Maid-Domestic Servt,3,Maid Domestic Servt
Market-Gardener,3,Market Gardener
Mason-Employed,3,Mason Employed
Master-Mariner,3,Master Mariner
Med-Student (College of Surgeons),3,Med Student College of Surgeons
Medical Practitioner (General),3,Medical Practitioner General
Merchant (Corn),3,Merchant Corn
Merchant (Pinafores Aprons and C),3,Merchant Pinafores Aprons and C
Merchant-Draper,3,Merchant Draper
Messenger-General,3,Messenger General
Mid - Wife,3,Mid Wife
Milesman-Railway,3,Milesman Railway
Mill Hand (Linen),3,Mill Hand Linen
Mill Worker (Reeler of Yarn),3,Mill Worker Reeler of Yarn
Mill Worker (Reeler),3,Mill Worker Reeler
Mill Worker (Spreader in Mill),3,Mill Worker Spreader in Mill
Mill-Hand,3,Mill Hand
Mill-Labourer,3,Mill Labourer
Mill-Manager,3,Mill Manager
Millworker-Machine Boy,3,Millworker Machine Boy
Monitress-National School,3,Monitress National School
Mothers-Help,3,Mothers Help
Motor-Man,3,Motor Man
Nail - Maker,3,Nail Maker
National Teacher (Assistant),3,National Teacher Assistant
National Teacher (Asst),3,National Teacher Asst
National Teacher (Principal),3,National Teacher Principal
Nil-Income From Land,3,Nil Income From Land
no Buisness,3,No Business
No-Employment,3,No Employment
None (Annuity),3,None Annuity
Not-Attending School,3,Not Attending School
NS Teacher,3,National School Teacher
Nurse (Childrens),3,Nurse Childrens
Nurse - Hospital,3,Nurse Hospital
Nurse Domestic-Servant,3,Nurse Domestic Servant
Nurse- Domestic Servant,3,Nurse Domestic Servant
Nurse-Domestic Servt.,3,Nurse Domestic Servt.
Nurse-Domestic Svt,3,Nurse Domestic Svt
Nurse-Maid,3,Nurse Maid
Nurse-Tender,3,Nurse Tender
Page-Boy,3,Page Boy
Painter-Apprentice,3,Painter Apprentice
Painter-Coach,3,Painter Coach
Pantry Boy-Domestic Servant,3,Pantry Boy Domestic Servant
Paper Mill Worker (Sheeter),3,Paper Mill Worker Sheeter
Parlor Maid-Domestic,3,Parlor Maid Domestic
Parlour Maid (Domestic),3,Parlour Maid Domestic
Parlour Maid - Domestic Servt,3,Parlour Maid Domestic Servt
Parlour Maid-Domestic S,3,Parlour Maid Domestic S
Parlour-Maid (Domestic Servant),3,Parlour Maid Domestic Servant
Parlour-Maid-Domestic,3,Parlour Maid Domestic
Parlourmaid-Domestic,3,Parlourmaid Domestic
Pauper Attendant-Hospital,3,Pauper Attendant Hospital
Pedlar (Tramp),3,Pedlar Tramp
Pensioner - Navy,3,Pensioner Navy
Pensioner's Son (R.I.C),3,Pensioner's Son R.I.C
Photo Re-Toucher,3,Photo Re Toucher
Plasterer (Master),3,Plasterer Master
Plater (Iron),3,Plater Iron
Police Pensioner (R.I.C),3,Police Pensioner R.I.C
Pork-Curer,3,Pork Curer
Porter (Bond Store),3,Porter Bond Store
Porter (General),3,Porter General
Porter (Grocer's),3,Porter Grocer's
Porter-Grocer's,3,Porter Grocer's
Post Boy (Rural),3,Post Boy Rural
Post Man-Rural,3,Post Man Rural
Post-man,3,Postman
Postman (Letter Carrier),3,Postman Letter Carrier
Power Loom Tenter (Linen),3,Power Loom Tenter Linen
Preparer Spinning Factory (Flax,3,Preparer Spinning Factory Flax
Preperer (Flax),3,Preperer Flax
Presbyterian Minister (General Assembly),3,Presbyterian Minister General Assembly
Printe-Compositor,3,Printe Compositor
Printer (Apprentice),3,Printer Apprentice
Printer (Compositer),3,Printer Compositer
Printer (General),3,Printer General
Printer-Overseer,3,Printer Overseer
Prior of Convent Clergyman (Domesticans),3,Prior of Convent Clergyman Domesticans
Private (8) Hussars,3,Private 8 Hussars
Private (Income),3,Private Income
Profession Nil-Assisting at Farm Work,3,Profession Nil Assisting at Farm Work
Professor (Priest),3,Professor Priest
Railway-Guard,3,Railway Guard
Reeler (Flax Yarn),3,Reeler Flax Yarn
"Reeler, Spinning (Flax Mill)",3,"Reeler, Spinning Flax Mill"
Reeler-Factory,3,Reeler Factory
Reeler-Flax Mills,3,Reeler Flax Mills
Religions-Nurse,3,Religions Nurse
Religious (Posterland),3,Religious Posterland
Reller (Yarn),3,Reller Yarn
Reller-Linen,3,Reller Linen
Retired House keeper,3,Retired Housekeeper
Retired Sea-Captain,3,Retired Sea Captain
Road - Maker,3,Road Maker
Roman Catholic Clergyman (Curate),3,Roman Catholic Clergyman Curate
Roman Catholic Lay-Brother,3,Roman Catholic Lay Brother
Roman Catholic Priest (Curate),3,Roman Catholic Priest Curate
Rougher-Flax,3,Rougher Flax
Rover - Flax Mill,3,Rover Flax Mill
Rural Post-Boy,3,Rural Post Boy
Salesman-Drapery,3,Salesman Drapery
Saleswoman (Sewing Machine),3,Saleswoman Sewing Machine
Salt-Boiler,3,Salt Boiler
Sand - Carter,3,Sand Carter
Scholar (Monitress),3,Scholar Monitress
Scholar-Farmers Daughter,3,Scholar Farmers Daughter
School Teacher (Unemployed),3,School Teacher Unemployed
School-girl,3,School girl
Scullery-Maid,3,Scullery Maid
Sea-Captain,3,Sea Captain
Seaman (Mate),3,Seaman Mate
Servant (Coachman),3,Servant Coachman
Servant (Domestic,3,Domestic Servant
Servant (Groom),3,Servant Groom
Servant (Indoor),3,Servant Indoor
Servant Boy-Domestic,3,Servant Boy Domestic
Servant Domestic (Cook),3,Servant Domestic Cook
Servant Domestic (General),3,Servant Domestic General
Servant-Cook Domestic,3,Servant Cook Domestic
Servant-Domt,3,Servant Domt
Servant-Groom,3,Servant Groom
Servant-Parlour Maid,3,Servant Parlour Maid
Setmaker (Stonecutting),3,Setmaker Stonecutting
Sett Boy (Preparing Dept),3,Sett Boy Preparing Dept
Shirt-Sewer,3,Shirt Sewer
Shoe-Maker's Daughter,3,Shoe Maker's Daughter
Shoemaker (Apprentice),3,Shoemaker Apprentice
Shoemaker (Retired),3,Shoemaker Retired
Shop - Boy,3,Shop Boy
Shop Assistant (Bakery),3,Shop Assistant Bakery
Shop Assistant (Seeds),3,Shop Assistant Seeds
Shop Assistant (Stationary),3,Shop Assistant Stationary
Shop Assistant (Unemployed),3,Shop Assistant Unemployed
Shop Assistant (Whiskies),3,Shop Assistant Whiskies
Shop Assistant - Grocery,3,Shop Assistant Grocery
Shop Assistant - Provisions,3,Shop Assistant Provisions
Shop Girl (Drapery),3,Shop Girl Drapery
Shop Keeper (Delph),3,Shop Keeper Delph
Shop Keeper (Draper),3,Shop Keeper Draper
Shop Keeper (Tobacco),3,Shop Keeper Tobacco
Shop Keeper - Grocery,3,Shop Keeper Grocery
Shop Keeper - Provisions,3,Shop Keeper Provisions
Shop keeper and Farmer,3,Shopkeeper and Farmer
Shop Man (Grocery),3,Shop Man Grocery
Shop Man (Hardware),3,Shop Man Hardware
"Shop-Keeper ""Grocer""",3,"Shop Keeper ""Grocer"""
Shop-Keeper and Publican,3,Shop Keeper and Publican
Shop-Keeper in Wreath Shop,3,Shop Keeper in Wreath Shop
Shop-Keeper's Daughter,3,Shop Keeper's Daughter
Shop-Messenger,3,Shop Messenger
Shopkeeper (Bakery),3,Shopkeeper Bakery
Shopkeeper (Provision),3,Shopkeeper Provision
Shopkeeper (Provisions),3,Shopkeeper Provisions
Shopkeeper - Grocery,3,Shopkeeper Grocery
Shopman (Grocery and c),3,Shopman Grocery and c
Shopman (Grocery and Hardware),3,Shopman Grocery and Hardware
Shopman (Hardware),3,Shopman Hardware
Slater-Plasterer,3,Slater Plasterer
Smoother (Shirt),3,Smoother Shirt
Soldiers wife,3,Soldier's Wife
Solicitor's Clerk-General,3,Solicitor's Clerk General
Sorting Clerk and Telegraphist (Post Office),3,Sorting Clerk and Telegraphist Post Office
Spinner - Linen,3,Spinner Linen
Spinner in Flax (Factory,3,Spinner in Flax Factory
Spinner-Mill,3,Spinner Mill
Spinners-Flax,3,Spinners Flax
Spinster-Wool,3,Spinster Wool
Spreader (Mill),3,Spreader Mill
Spreader-Linen,3,Spreader Linen
Steward-Domestic Servant,3,Steward Domestic Servant
Steward-Farm,3,Steward Farm
Stock Keeper (Linen),3,Stock Keeper Linen
Stoker-Gas Works,3,Stoker Gas Works
Store keeper,3,Storekeeper
Student (Law),3,Student Law
Student (Medicine),3,Student Medicine
Student (Music),3,Student Music
Student (Theology),3,Student Theology
Sub-Post Mistress,3,Sub Post Mistress
Tailor (Assistant),3,Tailor Assistant
Tailor (Cutter),3,Tailor Cutter
Tailor (Retired),3,Tailor Retired
Tailor-Master and Farmer,3,Tailor Master and Farmer
Tailor-Unemployed,3,Tailor Unemployed
Tailors Assistant,3,Tailor's Assistant
Tar-Works,3,Tar Works
Teacher (Christian Brother),3,Teacher Christian Brother
Teacher (Monitor),3,Teacher Monitor
Teacher (Monitoress),3,Teacher Monitoress
Teacher (Nat Bd.),3,Teacher Nat Bd.
Teacher (Nat School),3,Teacher Nat School
Teacher (Nat. School),3,Teacher Nat. School
Teacher (National Board),3,Teacher National Board
Teacher (Natl School),3,Teacher Natl School
Teacher (Natl),3,Teacher Natl
Teacher (Retired),3,Teacher Retired
Teacher - School,3,Teacher School
Teacher B A (R U I),3,Teacher B A R U I
Teacher C Bros. (Schools),3,Teacher C Bros. Schools
Teacher's Son (Scholar),3,Teacher's Son Scholar
Teacher-Monitor,3,Teacher Monitor
Teacher-Monitress,3,Teacher Monitress
Teacher-National Board,3,Teacher National Board
Tin - Smith's Daughter,3,Tin Smith's Daughter
Tin smith,3,Tinsmith
Tin-Dealer,3,Tin Dealer
Traveler (Tramp),3,Traveler Tramp
Turf-Dealer,3,Turf Dealer
Turner-Out,3,Turner Out
Tyer-on in Factory,3,Tyer on in Factory
Vice Folder (Linen Wareroom),3,Vice Folder Linen Wareroom
Vice-Man,3,Vice Man
Waiter-Domestic,3,Waiter Domestic
Ware-Room,3,Ware Room
Warehouseman-Linen,3,Warehouseman Linen
Weaver (Draper),3,Weaver Draper
Weaver (Jute),3,Weaver Jute
Weaver (Lin),3,Weaver Lin
Weaver (Muslin),3,Weaver Muslin
Weavers (Linen),3,Weavers Linen
Weavour-Linen,3,Weavour Linen
Weigh-Master,3,Weigh Master
Wer Room (Stitcher),3,Wer Room Stitcher
Wever-Linen,3,Wever Linen
Widow-Farmer,3,Widow Farmer
Winder (Bobbin),3,Winder Bobbin
Winder (Damask),3,Winder Damask
Winder (Factory),3,Winder Factory
Winder (Flax),3,Winder Flax
Winder (Linen Factory),3,Winder Linen Factory
Winder-Woollen,3,Winder Woollen
Wood-Carver,3,Wood Carver
Wood-Ranger,3,Wood Ranger
Wool-Spiner,3,Wool Spiner
Woollen Factory-Weaver,3,Woollen Factory Weaver
Yarn Spinner-Mill,3,Yarn Spinner Mill
Yarn Winder-Linen Weaving,3,Yarn Winder Linen Weaving
Yarn-Dresser,3,Yarn Dresser
Yarn-Drier,3,Yarn Drier
Yarn-Reeler,3,Yarn Reeler
(1/2 Time) Doffer in Linen Mill,2,1/2 Time Doffer in Linen Mill
(Agricultural Implement and Seed Merchant),2,Agricultural Implement and Seed Merchant
(Agricultural) Labouring Man,2,Agricultural Labouring Man
(At) Schoolars,2,At Schoolars
(Clk) Canon,2,Clk Canon
(Damask Weaver),2,Damask Weaver
(Doffer in Spinning Mill),2,Doffer in Spinning Mill
(Domestic Servant) Cook,2,Cook Domestic Servant
(Domestic) Farm Servant,2,Domestic Farm Servant
(Ex-Teacher) Farmer,2,Ex Teacher Farmer
(F.S.F) Private Income,2,F.S.F Private Income
"(Factory), (Milk) Working",2,"Factory, Milk Working"
(General Servant) Domestic,2,General Domestic Servant
(General) Servant,2,General Servant
(Genl.) Labourer,2,General Labourer
(Grocery) Shop Assistant,2,Grocery Shop Assistant
(House Maid) Domestic Servant,2,House Maid Domestic Servant
(House Property),2,House Property
(House) Carpenter,2,House Carpenter
(Housemaid) Domestic Servant,2,Housemaid Domestic Servant
(Infant None),2,Infant None
(Inft),2,Inft
(Labourer in Factory),2,Labourer in Factory
(Learning) Scholar,2,Learning Scholar
(Linen) Power Loom Weaver,2,Linen Power Loom Weaver
(Linen) Weaver,2,Linen Weaver
(Linen) Winder,2,Linen Winder
(Linen) Yarn Winder,2,Linen Yarn Winder
(Musician) Pianist,2,Musician Pianist
(Nothing),2,Nothing
(Nurse),2,Nurse
(Nurse) Servant,2,Nurse Servant
(Pedlar),2,Pedlar
(Pensioner) R I Constaby,2,Pensioner R I Constaby
(Principal) National Teacher,2,Principal National Teacher
(Retired) Farmer,2,Retired Farmer
(Scholar) Son of F C C,2,Scholar Son of F C C
(Servant Domestic),2,Domestic Servant
(Shop) Porter,2,Shop Porter
(Superanneted) Baker,2,Superanneted Baker
(Tobacco) Commercial Traveller,2,Tobacco Commercial Traveller
(U.R.U.I) Students,2,U.R.U.I Students
(Vicar) Clergyman Ch of Ireland,2,Vicar Clergyman Ch of Ireland
(Weaver of Cambric),2,Weaver of Cambric
(Wife of Above),2,Wife of Above
(Winder in Linen Factory),2,Winder in Linen Factory
(Winding in Linen Factory),2,Winding in Linen Factory
A (Swinging Boat Man),2,A Swinging Boat Man
Accountant (Bank),2,Accountant Bank
Accountant (Insurance),2,Accountant Insurance
Accountant-Railway,2,Accountant Railway
Accountant-Unemployed,2,Accountant Unemployed
Ag-Shepherd,2,Ag Shepherd
Agent (Land),2,Agent Land
Agent Clerk (Railway),2,Agent Clerk Railway
Agl Labourer-Unemployed,2,Agl Labourer Unemployed
Agri - Labourer,2,Agricultural Labourer
Agricultural Labourer (Pensioned),2,Agricultural Labourer Pensioned
Agricultural Labourer General,2,General Agricultural Labourer
Agricultural Labourer-Kerd,2,Agricultural Labourer Kerd
Agricultural-Labour,2,Agricultural Labourer
Agricultural-Labr,2,Agricultural Labourer
Agriculture-Farming,2,Agriculture Farming
Agril-Labourer,2,Agril Labourer
"Annuity and Interest Curater St. Mary's Church, Newry (Ch. of Ireland)",2,"Annuity and Interest Curater St. Mary's Church, Newry Ch. of Ireland"
App-Fitter,2,App Fitter
App-Upholster,2,App Upholster
Apprentice (Chemist),2,Apprentice Chemist
Apprentice (Druggist),2,Apprentice Druggist
Apprentice (Electrical),2,Apprentice Electrical
Apprentice (Fitter),2,Apprentice Fitter
Apprentice (Linen),2,Apprentice Linen
Apprentice (Millinery),2,Apprentice Millinery
Apprentice (Tailoring),2,Apprentice Tailoring
Apprentice Boiler-Maker,2,Apprentice Boiler Maker
Apprentice Cabinet-Maker,2,Apprentice Cabinet Maker
Apprentice Engineer (Marine),2,Apprentice Engineer Marine
Apprentice Iron Ship-Wright,2,Apprentice Iron Ship Wright
Apprentice to Dress-Maker,2,Apprentice to Dress Maker
Apprentice-Compositor,2,Apprentice Compositor
Apprentice-Domestic Servant,2,Apprentice Domestic Servant
Apprentice-Groceris and c,2,Apprentice Groceris and c
Apprentice-Grocery,2,Apprentice Grocery
Apprentice-Plumber,2,Apprentice Plumber
Apprentice-Tailor,2,Apprentice Tailor
Aprentice (Millenery),2,Aprentice Millenery
Army Pensioner (Private),2,Army Pensioner Private
Army Pensioner-Private,2,Army Pensioner Private
Artist (Litho),2,Artist Litho
Artist (Painter) Art Master,2,Artist Painter Art Master
Artist (Pictorial),2,Artist Pictorial
Artist-Musician,2,Artist Musician
Artist-Photographic,2,Artist Photographic
Asle Manufacturer (Master),2,Asle Manufacturer Master
Assistant (Chemists),2,Assistant Chemists
Assistant (Drapery),2,Assistant Drapery
Assistant - Laundress,2,Assistant Laundress
Assistant and H - Keeper,2,Assistant and H Keeper
Assistant Baker-Master,2,Assistant Baker Master
Assistant Dress-Making,2,Assistant Dress Making
Assistant of Excise (I.Revenue),2,Assistant of Excise I.Revenue
Assistant-Groceris and c,2,Assistant Groceris and c
Assists in House-Keeping,2,Assists in House Keeping
Asst Sup Dt (Postel) Gpo Dublin,2,Asst Sup Dt Postel Gpo Dublin
Attending Scholl-Scholars,2,Attending Scholl Scholars
Attending Scool (Scholar),2,Attending Scool Scholar
Attending-School,2,Attending School
Baker-Domestic Servant,2,Baker Domestic Servant
Baker-Retired,2,Baker Retired
Bank-Cashier,2,Bank Cashier
Bank-Porter,2,Bank Porter
Bar - Tender,2,Bar Tender
Bar man,2,Barman
Bar Tender (Public House),2,Bar Tender Public House
Barrister (Actual Practice),2,Barrister Actual Practice
Barrister (Not Practising),2,Barrister Not Practising
Barrister (Practising) M A,2,Barrister Practising M A
Barrister at Law (Practicing),2,Barrister at Law Practicing
Barrister-at-Law,2,Barrister at Law
Barrister-at-Law in Actual Practice,2,Barrister at Law in Actual Practice
Bars-Maid,2,Bars Maid
Beaker (Baker),2,Beaker Baker
Beggar-Man,2,Beggar Man
Bettler (Linen),2,Bettler Linen
Bill-Porter,2,Bill Porter
Black - Smith and Farmer,2,Black Smith and Farmer
Black Smith (Docks),2,Black Smith Docks
Black-Smith's Son,2,Black Smith's Son
Black-Smith's Wife,2,Black Smith's Wife
Blacksmith (App),2,Blacksmith App
Blacksmith (Assistant),2,Blacksmith Assistant
Boarding-House,2,Boarding House
Boat - Man,2,Boat Man
Boat Man-Captain,2,Boat Man Captain
Boat-Builder,2,Boat Builder
Boat-Owner,2,Boat Owner
Bodymaker-Coach,2,Bodymaker Coach
Boiler - Maker,2,Boiler Maker
Boiler maker (at works),2,Boiler maker at works
Boilermaker-Rivetter in Shipyard,2,Boilermaker Rivetter in Shipyard
Book - Binder,2,Book Binder
Book - Seller,2,Book Seller
Book Binder (Apprentice),2,Book Binder Apprentice
Book-Finisher,2,Book Finisher
Book-Keeper and Cashier,2,Book Keeper and Cashier
Bookbinder - Finisher,2,Bookbinder Finisher
Bookbinder-Master,2,Bookbinder Master
Bookkeeper (Hotel),2,Bookkeeper Hotel
Boot - Maker Master,2,Boot Maker Master
Boot Maker-Master,2,Boot Maker Master
Boot Shoe-Maker,2,Boot Shoe Maker
Boot-Makers Son,2,Boot Makers Son
Boots-Domestic,2,Boots Domestic
Bottle - Maker,2,Bottle Maker
Bottle-Maker,2,Bottle Maker
Brass - Finisher,2,Brass Finisher
Brass-Fitter,2,Brass Fitter
Brassfounder-Master,2,Brassfounder Master
Brick-Layers Labourer,2,Brick Layers Labourer
Bricklayer (Apprentice,2,Bricklayer Apprentice
Bricklayer (Working),2,Bricklayer Working
Bricklayer-Apprentice,2,Bricklayer Apprentice
Bricklayers-Labourer,2,Bricklayers Labourer
Bridewell-Keeper,2,Bridewell Keeper
Builder (Retired),2,Builder Retired
Builder (Stone Mason),2,Builder Stone Mason
Butcher (Assistant),2,Butcher Assistant
Butcher-Domestic Servant,2,Butcher Domestic Servant
Butcher-Master,2,Butcher Master
Butler (Domestic),2,Butler Domestic
Butler (Retired),2,Butler Retired
Butler Domestic-Servant,2,Butler Domestic Servant
Butler-Domestic Ser,2,Butler Domestic Ser
Butler-Domestic Servt,2,Butler Domestic Servt
Butler-Domestic Sevt,2,Butler Domestic Sevt
Butler-Unemployed,2,Butler Unemployed
Butling Engine-Man,2,Butling Engine Man
Butter Merchant (Wholesale),2,Butter Merchant Wholesale
Butter-Maker,2,Butter Maker
Button-Hole Machinist,2,Button Hole Machinist
Button-Holer,2,Button Holer
Butyler-Unemployed,2,Butyler Unemployed
Buyer-Drapery,2,Buyer Drapery
Byre-Man,2,Byre Man
C-Weaver,2,C Weaver
C. Traveller (Spirits),2,C. Traveller Spirits
Cab-Owner and Driver,2,Cab Owner and Driver
Cabinet maker,2,Cabinetmaker
Cap-Maker,2,Cap Maker
Car-Man-Dray,2,Car Man Dray
Carder (Tow),2,Carder Tow
Carder (Wool),2,Carder Wool
Caretaker (Farm),2,Caretaker Farm
Caretaker-Domestic,2,Caretaker Domestic
Carman-Milk Factory,2,Carman Milk Factory
Carpenter (Aprentice),2,Carpenter Aprentice
Carpenter (Foreman),2,Carpenter Foreman
Carpenter (General),2,Carpenter General
Carpenter (Hedge),2,Carpenter Hedge
Carpenter - Apprentice,2,Carpenter Apprentice
Carpenter - House,2,Carpenter House
Carpenter - Morher,2,Carpenter Morher
Carpenter-Out of Employment,2,Carpenter Out of Employment
Carpenter-Retired,2,Carpenter Retired
Carpenters apprentice,2,Carpenter's Apprentice
Carpet Bag-Maker,2,Carpet Bag Maker
Carriage - Builder,2,Carriage Builder
Carrier (Common),2,Carrier Common
Cart-Wright,2,Cart Wright
Carter (Foundery),2,Carter Foundery
Carter (General),2,Carter General
Carter - Domestic Servt,2,Carter Domestic Servt
Carter Domestic (Servant),2,Carter Domestic Servant
Carter-General Servant,2,Carter General Servant
Cashier-Land Agent's Assistant and Income Tax Recovery and Adjustment Agent,2,Cashier Land Agent's Assistant and Income Tax Recovery and Adjustment Agent
Catholic(R) Priest,2,CatholicR Priest
Cattle - Drover,2,Cattle Drover
Cattle-Dealer and Farmers Son,2,Cattle Dealer and Farmers Son
Cellar-Man,2,Cellar Man
Chef-Domestic,2,Chef Domestic
Chemist-Pharmaceutical,2,Chemist Pharmaceutical
Chief Male (Mariner),2,Chief Male Mariner
Child's Maid-Domestic Servant,2,Child's Maid Domestic Servant
Childmaid-Domestic Servant,2,Childmaid Domestic Servant
Children Maid-Domestic Servant,2,Children Maid Domestic Servant
Childrens Maid-Domestic Servt,2,Childrens Maid Domestic Servt
Childrens Nurse-Domestic Servant,2,Childrens Nurse Domestic Servant
Christian Brother Teacher (Primary),2,Christian Brother Teacher Primary
Civil Servant (Customs),2,Civil Servant Customs
Civil Servant - Post Office Clerk,2,Civil Servant Post Office Clerk
Civil Servant Ireland Revenue Department -2nd Class Officer,2,Civil Servant Ireland Revenue Department 2nd Class Officer
Civil Service (Retired),2,Civil Service Retired
Civil Service (Sorting Clerk),2,Civil Service Sorting Clerk
Clark in Holy Orders (Rector and Rural Dean) Ch of Ireland,2,Clark in Holy Orders Rector and Rural Dean Ch of Ireland
Cleaner - in Mill,2,Cleaner in Mill
Clergyman (C.C.),2,Clergyman C.C.
Clergyman-Church of Ireland M.A. T.C.D.,2,Clergyman Church of Ireland M.A. T.C.D.
Clergyman-Dras,2,Clergyman Dras
Clergyman-Rector,2,Clergyman Rector
Clerk (Bakery),2,Clerk Bakery
Clerk (Builder's),2,Clerk Builder's
Clerk (Builders),2,Clerk Builders
Clerk (Coal Office),2,Clerk Coal Office
Clerk (Com),2,Clerk Com
Clerk (Corporation),2,Clerk Corporation
Clerk (Despatch),2,Clerk Despatch
Clerk (Distillery),2,Clerk Distillery
Clerk (Engineering),2,Clerk Engineering
Clerk (Goods),2,Clerk Goods
Clerk (Grain),2,Clerk Grain
Clerk (Linen Factory),2,Clerk Linen Factory
Clerk (Mill),2,Clerk Mill
Clerk (Municipal),2,Clerk Municipal
Clerk (Out of Employment),2,Clerk Out of Employment
Clerk (Printing Trade),2,Clerk Printing Trade
Clerk (Publishers),2,Clerk Publishers
Clerk (Rent Agent),2,Clerk Rent Agent
Clerk (Retired),2,Clerk Retired
Clerk (Ship Building),2,Clerk Ship Building
Clerk (Shipping Office),2,Clerk Shipping Office
Clerk (Solicitor),2,Clerk Solicitor
Clerk (Stationery),2,Clerk Stationery
Clerk (Telephone),2,Clerk Telephone
Clerk (Timber Trade),2,Clerk Timber Trade
Clerk (Warehouse),2,Clerk Warehouse
Clerk (Writing),2,Clerk Writing
Clerk - Bank of Ireland,2,Clerk Bank of Ireland
Clerk - Commercial,2,Clerk Commercial
Clerk - Insurance,2,Clerk Insurance
Clerk - Linen Business,2,Clerk Linen Business
Clerk - Unemployed,2,Clerk Unemployed
Clerk of Works and District-Council,2,Clerk of Works and District Council
Clerk-Bakery,2,Clerk Bakery
Clerk-Bank of Ireland,2,Clerk Bank of Ireland
Clerk-Bleach Works,2,Clerk Bleach Works
Clerk-Book Keeper,2,Clerk Book Keeper
Clerk-Brewers,2,Clerk Brewers
Clerk-Butter Factory,2,Clerk Butter Factory
Clerk-Coal,2,Clerk Coal
Clerk-Corn Mill,2,Clerk Corn Mill
Clerk-Distillery,2,Clerk Distillery
Clerk-Drapery,2,Clerk Drapery
Clerk-General Post Office,2,Clerk General Post Office
Clerk-Grocers,2,Clerk Grocers
Clerk-in Pawn Office,2,Clerk in Pawn Office
Clerk-Linen Business,2,Clerk Linen Business
Clerk-Office,2,Clerk Office
Clerk-Pawn Office,2,Clerk Pawn Office
Clerk-Provision Store,2,Clerk Provision Store
Clerk-Provision Trade,2,Clerk Provision Trade
Clerk-Rope Works,2,Clerk Rope Works
Clerk-Shipping Office,2,Clerk Shipping Office
Clerk-Shop,2,Clerk Shop
Clerk-Stationery,2,Clerk Stationery
Clerk-Stockbroker,2,Clerk Stockbroker
Clerk-Telegraph Dept,2,Clerk Telegraph Dept
Clerk-Telegraphist,2,Clerk Telegraphist
Clerk-Transport,2,Clerk Transport
Clerk-Warehouse,2,Clerk Warehouse
Clerk-Wine Merchant,2,Clerk Wine Merchant
Clerkess (Stationer),2,Clerkess Stationer
Clerkess (Wareroom),2,Clerkess Wareroom
Clock - Repairer,2,Clock Repairer
Clock-Maker,2,Clockmaker
Clog - Maker,2,Clog Maker
Cloth - Passer,2,Cloth Passer
Cloth Finisher (Bleach),2,Cloth Finisher Bleach
Coach - Maker,2,Coachmaker
Coach Builder (Body Maker),2,Coach Builder Body Maker
Coach Builder (Master),2,Coach Builder Master
Coach Man - Domestic,2,Coach Man Domestic
Coach-man Domestic Servant,2,Coach man Domestic Servant
Coach-Man's Daughter,2,Coach Man's Daughter
Coachman (Unemployed),2,Coachman Unemployed
Coachman - Domestic Svt,2,Coachman Domestic Svt
Coachman - Unemployed,2,Coachman Unemployed
Coachman-(Domestic Servant),2,Coachman Domestic Servant
Coachman-Dom Servt,2,Coachman Dom Servt
Coachman-Dom-Servt,2,Coachman Dom Servt
Coachman-Dom. Servt,2,Coachman Dom. Servt
Coachman-Domestic S,2,Coachman Domestic S
Coachman-Domestic Servt.,2,Coachman Domestic Servt.
Coachman-Servant,2,Coachman Servant
Coachman-Servant Domestic,2,Coachman Servant Domestic
Coachman-Unemployed,2,Coachman Unemployed
Coal Carrier - (Drayman),2,Coal Carrier Drayman
Coal Porter-Laborer,2,Coal Porter Laborer
Coal-Carter,2,Coal Carter
Coal-Miner,2,Coal Miner
Coast Guard-Boatman,2,Coast Guard Boatman
Coffin-Maker,2,Coffin Maker
Collar and Cuffs Turner-out,2,Collar and Cuffs Turner out
Collector-Tolls,2,Collector Tolls
Colonel (Retired),2,Colonel Retired
Color Sergt (Infantry),2,Color Sergt Infantry
Com-Clerk,2,Com Clerk
Coml (Flour) Traveller,2,Coml Flour Traveller
Commander Royal Navy (Retired),2,Commander Royal Navy Retired
Commercial Clerk (Brewers),2,Commercial Clerk Brewers
Commercial Clerk (Coal Trade),2,Commercial Clerk Coal Trade
Commercial Clerk (Distillery),2,Commercial Clerk Distillery
Commercial Clerk (Draper),2,Commercial Clerk Draper
Commercial Clerk (Hardware),2,Commercial Clerk Hardware
Commercial Clerk (Linen Factory),2,Commercial Clerk Linen Factory
Commercial Clerk (Marine Insurance),2,Commercial Clerk Marine Insurance
Commercial Clerk (Painting),2,Commercial Clerk Painting
Commercial Clerk (Tea Trade),2,Commercial Clerk Tea Trade
Commercial Clerk (Wine and Spirit),2,Commercial Clerk Wine and Spirit
Commercial Clerk (Woollen),2,Commercial Clerk Woollen
Commercial Clerk-Flour,2,Commercial Clerk Flour
Commercial Clerk-Linen Bleaching,2,Commercial Clerk Linen Bleaching
Commercial Clerk-Newspaper,2,Commercial Clerk Newspaper
Commercial Clerk-Printing,2,Commercial Clerk Printing
Commercial Clerk-Shipping,2,Commercial Clerk Shipping
Commercial Clerk-Stationery,2,Commercial Clerk Stationery
Commercial Clerks (Biscuit factory),2,Commercial Clerks Biscuit factory
Commercial Traveller (Boots),2,Commercial Traveller Boots
Commercial Traveller (Brewery),2,Commercial Traveller Brewery
Commercial Traveller (Glass),2,Commercial Traveller Glass
Commercial Traveller (Linen),2,Commercial Traveller Linen
Commercial Traveller (Provisions),2,Commercial Traveller Provisions
Commercial Traveller (Stationery),2,Commercial Traveller Stationery
Commercial Traveller-Drapery,2,Commercial Traveller Drapery
Commercial Traveller-Grocery,2,Commercial Traveller Grocery
Commercial Traveller-Tea,2,Commercial Traveller Tea
Compositor - Printer,2,Compositor Printer
Compositor-Printing,2,Compositor Printing
Confectioners (Assistant),2,Confectioners Assistant
Constable (R I C),2,Constable R I C
Constable (R.I.C),2,Constable R.I.C
Constable (R.I.C.),2,Constable R.I.C.
Convict-Dealer Small Wares,2,Convict Dealer Small Wares
Convict-Farmer,2,Convict Farmer
Convict-Pickpocket,2,Convict Pickpocket
Convict-Shoemaker,2,Convict Shoemaker
Cook (Dom Servt),2,Cook Dom Servt
Cook (Domestic Servt),2,Cook Domestic Servant
Cook (Servant Domestic),2,Cook Servant Domestic
Cook (Unemployed),2,Cook Unemployed
Cook - D Servant,2,Cook D Servant
Cook - Retired,2,Cook Retired
Cook D-Servant,2,Cook D Servant
Cook Dom-Servant,2,Cook Dom Servant
Cook- Domestic,2,Cook Domestic
Cook-Dom. Servt.,2,Cook Dom. Servt.
Cook-Domestic Sent,2,Cook Domestic Sent
Cook-Domestic servant,2,Cook Domestic servant
Cook-Domestic Servant (Unemployed),2,Cook Domestic Servant Unemployed
Cook-Domestic Srvt,2,Cook Domestic Srvt
Cook-Housekeeper Domestic Servant,2,Cook Housekeeper Domestic Servant
Cook-Servant Domestic,2,Cook Servant Domestic
Cooper (Master),2,Cooper Master
Cooper-Journeyman,2,Cooper Journeyman
Core-Maker at Works,2,Core Maker at Works
Corn Dealer-Shop Keeper,2,Corn Dealer Shop Keeper
Corn-Merchant,2,Corn Merchant
Corset-Maker,2,Corset Maker
Cotton Weaver (Retired),2,Cotton Weaver Retired
Cotton-Drawer in,2,Cotton Drawer in
Creamery Engine-Driver,2,Creamery Engine Driver
Crochet-Lace,2,Crochet Lace
Curate (Church of Ireland),2,Curate Church of Ireland
Curate (Clergyman),2,Curate Clergyman
Cutter (Cloth),2,Cutter Cloth
Cutter (Tailor),2,Cutter Tailor
Cutter (Tailors),2,Cutter Tailors
Cutton-Holer Machine,2,Cutton Holer Machine
Cycle Maker (Employe),2,Cycle Maker Employe
Cycle Maker (Master),2,Cycle Maker Master
D Servant (Cook),2,D Servant Cook
D Servant (General),2,D Servant General
D Servant-Cook,2,D Servant Cook
D Servant-Housemaid,2,D Servant Housemaid
D-Servant,2,Domestic Servant
Da? (Flowers),2,Da? Flowers
Dairy - Woman,2,Dairy Woman
Dairy Boy-Domestic,2,Dairy Boy Domestic
Dairy Maid (Domestic Servant),2,Dairy Maid Domestic Servant
Dairy Maid - Domestic Servant,2,Dairy Maid Domestic Servant
Dairy Maid-Domestic,2,Dairy Maid Domestic
Dairy Maid-Unemployed,2,Dairy Maid Unemployed
Dairy Man (Master),2,Dairy Man Master
Dairy-Assistant Domestic-Servant,2,Dairy Assistant Domestic Servant
Dairy-Farmer,2,Dairy Farmer
Dairy-Labourer,2,Dairy Labourer
Dairy-maid,2,Dairy maid
Dairy-Maid Domestic,2,Dairy Maid Domestic
Dairyman-Master,2,Dairyman Master
Darner-In Factory,2,Darner In Factory
Daughter of Doctor of Medicine Hm Student L.R.C.Q. Exm.-Physician and Surgeon,2,Daughter of Doctor of Medicine Hm Student L.R.C.Q. Exm. Physician and Surgeon
Deaconess (Nursing),2,Deaconess Nursing
Deale-Gen,2,Deale Gen
Dealer (Cattler),2,Dealer Cattler
Dealer (Horse),2,Dealer Horse
Dealer (in Meat),2,Dealer in Meat
Dealer (Laces),2,Dealer Laces
Dealer (Paper),2,Dealer Paper
Dealer-Fish,2,Dealer Fish
Dealer-Fruit,2,Dealer Fruit
Despatch Clerk (Linen),2,Despatch Clerk Linen
Dock Yard - Labourer,2,Dock Yard Labourer
Doffer (Mill) Linen,2,Doffer Mill Linen
Doffer Linen Mill-Worker,2,Doffer Linen Mill Worker
Doffer-Flax,2,Doffer Flax
Doffer-Mill,2,Doffer Mill
Dom Servant (Cook),2,Dom Servant Cook
Domestic (Nurse),2,Domestic Nurse
Domestic (Parlour Maid),2,Domestic Parlour Maid
Domestic General-Servant,2,General Domestic Servant
Domestic S-Cook,2,Domestic S Cook
Domestic Servant (Genl.),2,Domestic Servant Genl.
Domestic Servant (Gl),2,Domestic Servant Gl
Domestic Servant (Maid),2,Domestic Servant Maid
Domestic Servant (Not Employed),2,Domestic Servant Not Employed
Domestic Servant (Temporary),2,Domestic Servant Temporary
Domestic Servant - Groom,2,Domestic Servant Groom
Domestic Servant - Laundress,2,Domestic Servant Laundress
Domestic Servant - Nurse,2,Domestic Servant Nurse
Domestic Servant cook,2,Cook Domestic Servant
Domestic servant Cook,2,Cook Domestic Servant
Domestic Servant Cook (Unemployed),2,Domestic Servant Cook Unemployed
Domestic Servant General-Unemployed,2,Domestic Servant General Unemployed
Domestic Servant House-maid,2,Housemaid Domestic Servant
Domestic Servant House-Parlour Maid,2,Domestic Servant House Parlour Maid
Domestic Servant Nurse-Maid,2,Domestic Servant Nurse Maid
Domestic Servant-Butler,2,Domestic Servant Butler
Domestic Servant-Coachman,2,Domestic Servant Coachman
Domestic Servant-Genral,2,Domestic Servant Genral
Domestic Servant-House Keeper,2,Domestic Servant House Keeper
Domestic Servant-Kitchen Maid,2,Domestic Servant Kitchen Maid
Domestic Servant-Parlour Maid,2,Domestic Servant Parlour Maid
Domestic Servant-Wash Woman,2,Domestic Servant Wash Woman
Domestic Servt (Gen),2,Domestic Servt Gen
Domestic Servt - Cook,2,Domestic Servt Cook
Domestic Servt Billiard - Marker,2,Domestic Servt Billiard Marker
Domestic Servt-Housemaid,2,Domestic Servt Housemaid
Domestic Servt-Nurse,2,Domestic Servt Nurse
Domestic Servt-Unemployed,2,Domestic Servt Unemployed
Draper (General),2,Draper General
Draper (Shop Owner),2,Draper Shop Owner
Draper (Unemployed),2,Draper Unemployed
Draper's Assistant (Unemployed),2,Draper's Assistant Unemployed
Draper-Master,2,Draper Master
Drapers (Apprentice),2,Draper's Apprentice
Drapers Assistant (Unemployed),2,Drapers Assistant Unemployed
Drapery-Assistant,2,Drapery Assistant
Drapery-Manager,2,Drapery Manager
Drapery-Unemployed,2,Drapery Unemployed
Drawer (Linen Factory),2,Drawer Linen Factory
Drawer - in,2,Drawer in
Drawer in (Linen),2,Drawer in Linen
Drawer-Factory,2,Drawer Factory
Drawer-in Linen Factory,2,Drawer in Linen Factory
Dress-Maker Unemployed,2,Dress Maker Unemployed
Dressmaker (General),2,Dressmaker General
Dressmaker-Domestic Servant,2,Dressmaker Domestic Servant
Dressmaker-Retired,2,Dressmaker Retired
Dressmaking-Apprentice,2,Dressmaking Apprentice
Drill-Weaver,2,Drill Weaver
Druggist-Apprentice,2,Druggist Apprentice
Dyer and Finisher (Master),2,Dyer and Finisher Master
Earl's Son and Honble Lieutenant (2rd) Militia,2,Earl's Son and Honble Lieutenant 2rd Militia
Electrical Engineer (Master),2,Electrical Engineer Master
Engine - Fitter,2,Engine Fitter
Engine Driver (Locomotive),2,Engine Driver Locomotive
Engine Driver at Belleek Co-Operative Creamery,2,Engine Driver at Belleek Co Operative Creamery
Engine Driver Water Works (District Urban Canal),2,Engine Driver Water Works District Urban Canal
Engine Driver-Railway,2,Engine Driver Railway
Engine Fitter (at works),2,Engine Fitter at works
Engine Fitter at Works (Unemployed),2,Engine Fitter at Works Unemployed
Engine-Driver in Baryter Mill,2,Engine Driver in Baryter Mill
Engine-Driver Railway,2,Engine Driver Railway
Engineer (Electric),2,Engineer Electric
Engineer (Fitter),2,Engineer Fitter
Engineer (Fittg),2,Engineer Fittg
Engineer (Mechanical),2,Engineer Mechanical
Engineer (Retired),2,Engineer Retired
Engineer (Steam Ship),2,Engineer Steam Ship
Engineer (Washer),2,Engineer Washer
Engineer Fitter Ship-Yard,2,Engineer Fitter Ship Yard
Engineer-Electrical,2,Engineer Electrical
Enginer (Fitter in Works),2,Enginer Fitter in Works
Engraver-Brass,2,Engraver Brass
Errand-Boy,2,Errand Boy
Estate-Bailiff,2,Estate Bailiff
Evangelist (Unconnected),2,Evangelist Unconnected
Ex - Farmer,2,Ex Farmer
Ex National Teacher (Pensioner),2,Ex National Teacher Pensioner
Ex-Constable R.I.C,2,Ex Constable R.I.C
Ex-Nat Teacher,2,Ex Nat Teacher
Ex-Natl Teacher,2,Ex Natl Teacher
Ex-Nl Teacher on Pension,2,Ex Nl Teacher on Pension
Ex-Sergt R.I.C.,2,Ex Sergt R.I.C.
"Ex-Sergt, R.I.C.",2,"Ex Sergt, R.I.C."
Ex-Sergt. R.I.C.,2,Ex Sergt. R.I.C.
Ex-Student,2,Ex Student
Examiner-Shirt Factory,2,Examiner Shirt Factory
F Servant-D,2,F Servant D
F-Son,2,F Son
F-Wife,2,F Wife
F.R.C.S.I. General Practitioner (Medical),2,F.R.C.S.I. General Practitioner Medical
Fa-Daughter,2,Fa Daughter
Factory (Linen Weaver),2,Factory Linen Weaver
Factory (Milk),2,Factory Milk
Factory - Hand-Creamery,2,Factory Hand Creamery
Factory Girl-Packer,2,Factory Girl Packer
Factory Girl-Soldering,2,Factory Girl Soldering
Factory Hand (Spinner),2,Factory Hand Spinner
Factory Hand (Weaver),2,Factory Hand Weaver
Factory Hand-Machinist,2,Factory Hand Machinist
Factory Manger (Ladies Under Clothing),2,Factory Manger Ladies Under Clothing
Factory Weaver (Linen),2,Factory Weaver Linen
Factory Worker (Linen Yarn),2,Factory Worker Linen Yarn
Factory Worker - Winder,2,Factory Worker Winder
Factory Worker-Shirt,2,Factory Worker Shirt
Factory Worker-Spinner,2,Factory Worker Spinner
Factory-Hand-Jute,2,Factory Hand Jute
Fancy-Box Maker,2,Fancy Box Maker
Far-Son,2,Far Son
Farm Labourer (Agl),2,Farm Labourer Agl
Farm Labourer (Agricultural),2,Farm Labourer Agricultural
Farm Labourer (Unemployed),2,Farm Labourer Unemployed
Farm Labr - Domestic Svt,2,Farm Labr Domestic Svt
Farm Labr-Domestic Svt,2,Farm Labr Domestic Svt
Farm Servant (Agricultural),2,Farm Servant Agricultural
Farm Servant (Labourer),2,Farm Servant Labourer
Farm Servant-D,2,Farm Servant D
Farm Servt - Domestic,2,Farm Servt Domestic
Farm Servt-Domestic,2,Farm Servt Domestic
Farm-Assistant,2,Farm Assistant
Farm-Domestic Servant,2,Farm Domestic Servant
Farm-Labour,2,Farm Labour
Farm-Servant (Labourer),2,Farm Servant Labourer
Farmer (Daughter),2,Farmer's Daughter
Farmer (Retd),2,Farmer Retd
Farmer - (Son),2,Farmer's Son
Farmer and Boot-Maker,2,Farmer and Boot Maker
Farmer and Ex-Teacher,2,Farmer and Ex Teacher
Farmer and Fisherman (Partty),2,Farmer and Fisherman Partty
Farmer and Road-Contractor,2,Farmer and Road Contractor
Farmer and Shoe-Maker,2,Farmer and Shoe Maker
Farmer and Stone-Mason,2,Farmer and Stone Mason
Farmer and Sub-Postmaster,2,Farmer and Sub Postmaster
Farmer's Daughter-Infant,2,Farmer's Daughter Infant
Farmer's G-Son,2,Farmer's G Son
Farmer's Mother (Retired),2,Farmer's Mother Retired
Farmer's Step-Daughter,2,Farmer's Step Daughter
Farmer's Wife-Retired,2,Farmer's Wife Retired
Farmer's-Sister,2,Farmer's Sister
Farmer's-Wife,2,Farmer's Wife
Farmer-Agrl Labourer,2,Farmer Agrl Labourer
Farmer-Domestic Servant,2,Farmer Domestic Servant
Farmer-Publican,2,Farmer Publican
Farmer-Shop Keeper,2,Farmer Shop Keeper
Farmer-Sister,2,Farmer Sister
Farmers (Retired),2,Farmers Retired
Farmers (Widow),2,Farmer's Widow
FarmerS Daughter,2,Farmer's Daughter
Farmers Dr-in-Law,2,Farmers Dr in Law
Farmers Grand Son-in-Law,2,Farmers Grand Son in Law
Farmers Servant (Domestic),2,Farmers Servant Domestic
Farmers Sister-in-Law,2,Farmers Sister in Law
Farmers Wife-Retired,2,Farmers Wife Retired
Farmers-Grand Son,2,Farmer's Grandson
Farmers-Sister,2,Farmer's Sister
Farmers-Widow,2,Farmer's Widow
Farms-Brother,2,Farms Brother
Fettler-Cotton,2,Fettler Cotton
Fireman (M.G.W.R),2,Fireman M.G.W.R
Fireman (Sea),2,Fireman Sea
Fireman (Ship),2,Fireman Ship
Fireman-Steam Ship,2,Fireman Steam Ship
Fish-Clerk,2,Fish Clerk
Fish-Merchant,2,Fish Merchant
Fish-Monger,2,Fish Monger
Fish-wife,2,Fish wife
Fisherman (Unemployed),2,Fisherman Unemployed
Fishing-Man,2,Fishing Man
Fitter (Engine) at Works,2,Fitter Engine at Works
Fitter (General) Also has House Property and House Land No 2 Genl. Servant,2,Fitter General Also has House Property and House Land No 2 Genl. Servant
Fitter (Iron Foundry),2,Fitter Iron Foundry
Fitter (Mechanic),2,Fitter Mechanic
Fitter - Machinery,2,Fitter Machinery
Fitter-Apprentice,2,Fitter Apprentice
Fitter-Unemployed,2,Fitter Unemployed
Flax Dresser (Unemployed),2,Flax Dresser Unemployed
Flax Factory (Rover),2,Flax Factory Rover
Flax Mill Worker (Rover,2,Flax Mill Worker Rover
Flax Preparer-Mill Worker,2,Flax Preparer Mill Worker
Flax Spinner - in - Mill,2,Flax Spinner in Mill
Flax Spinner - Master,2,Flax Spinner Master
Flax Spinner-Factory,2,Flax Spinner Factory
Flax Spinner-Master,2,Flax Spinner Master
Flax Spreader-Mill,2,Flax Spreader Mill
Flax-Dresser in Mill,2,Flax Dresser in Mill
Flax-Preparer,2,Flax Preparer
Flax-Rougher,2,Flax Rougher
Flax-Spreader,2,Flax Spreader
Flour-Mill Labourer,2,Flour Mill Labourer
Folder (Handkerchief),2,Folder Handkerchief
Folder-Handkerchief,2,Folder Handkerchief
Footman - Domestic,2,Footman Domestic
Footman Domestic-Servant,2,Footman Domestic Servant
Footman-D.S,2,Footman D.S
Footman-Domestic Servt,2,Footman Domestic Servt
Foreman (D.N.J.Co),2,Foreman D.N.J.Co
Formerly Shirt-Maker,2,Formerly Shirt Maker
Fowl-Merchant,2,Fowl Merchant
Fowl-Picker,2,Fowl Picker
Fowl-Plucker,2,Fowl Plucker
French Polisher (Unemployed),2,French Polisher Unemployed
Fruit-Vendor,2,Fruit Vendor
G.Servant (D),2,G.Servant D
Game Keeper (Domestic Servant),2,Game Keeper Domestic Servant
Game Keeper-Domestic Servant,2,Game Keeper Domestic Servant
Game-Keeper Domestic Servant,2,Game Keeper Domestic Servant
Ganger (Railway),2,Ganger Railway
Gardener (Domestic Servt),2,Gardener Domestic Servant
Gardener - Domestic Ser,2,Gardener Domestic Ser
Gardener-(Domestic Servant),2,Gardener Domestic Servant
Gardener-Domestic Seravnt,2,Gardener Domestic Seravnt
Gardener-Domestic Svt,2,Gardener Domestic Svt
Gardener-Jobbing,2,Gardener Jobbing
Gardener-Unemployed,2,Gardener Unemployed
Gardiner (Domestic Servant),2,Gardiner Domestic Servant
Gardiner-Domestic,2,Gardiner Domestic
Gardner (Domestic Servt),2,Gardner Domestic Servt
Gardner (Domestic),2,Gardener Domestic
Gardner-Jobbing,2,Gardner Jobbing
Gardner-Unemployed,2,Gardner Unemployed
Gas House - Labourer,2,Gas House Labourer
Gas House-Labourer,2,Gas House Labourer
Gate - Keeper,2,Gatekeeper
Gate Lodge-Keeper,2,Gate Lodge Keeper
Gate-House Keeper,2,Gate House Keeper
Gate-Maker,2,Gate Maker
Gen - Dealer,2,Gen Dealer
Gen Ser-Dom,2,Gen Ser Dom
Gen servant,2,General Servant
Gen-Servant Domestic,2,General Domestic Servant
Gen. Servant - Domestic,2,Gen. Servant Domestic
Gen. Servant-Dom,2,Gen. Servant Dom
Gen. Servt-Domestic,2,Gen. Servt Domestic
General (Domestic Servant,2,General Domestic Servant
General D-Servant,2,General D Servant
General Dom-Servant,2,General Dom Servant
General Domestic Servant (Unemployed),2,General Domestic Servant Unemployed
General Domestic Servant-Unemployed,2,General Domestic Servant Unemployed
General Domestick-Servant,2,General Domestick Servant
General Farm Servant-Domestic,2,General Farm Servant Domestic
General House Servant (Domestic Servant),2,General House Servant Domestic Servant
General Labourer (Domestic Servant),2,General Labourer Domestic Servant
General Labourer (Farm),2,General Labourer Farm
General Labourer (Gov. Works),2,General Labourer Gov. Works
General Labourer - Domestic,2,General Labourer Domestic
General Labourer in Dyring and Finishing Works (Linen),2,General Labourer in Dyring and Finishing Works Linen
General Labourer-Domestic,2,General Labourer Domestic
General Labourer-Paper Mill,2,General Labourer Paper Mill
General Labourer-Sweep,2,General Labourer Sweep
General Man (Domestic Servant),2,General Man Domestic Servant
General S-Domestic,2,General S Domestic
General Serv-Domestic,2,General Serv Domestic
General Servan-Domestic,2,General Servan Domestic
General Servant (domestic),2,General Domestic Servant
General Servant (Domestick),2,General Servant Domestick
General Servant (Not Employed),2,General Servant Not Employed
General Servant (Outside),2,General Servant Outside
General Servant (Retired),2,General Servant Retired
General Servant and (Domestic),2,General Servant and Domestic
General Servant Domestic-Unemployed,2,General Servant Domestic Unemployed
"General Servant,-Domestic",2,General Domestic Servant
General Servant-D,2,General Servant D
General Servant-Dome,2,General Servant Dome
General servant-Domestic,2,General Domestic Servant
General Servant-Domestic Maid,2,General Servant Domestic Maid
General Servant-Domestic-Unemployed,2,General Servant Domestic Unemployed
General Servant-Doms,2,General Servant Doms
General Servant-Domst,2,General Servant Domst
General Servant-Domstic,2,General Servant Domstic
General Servant-Outdoor,2,General Servant Outdoor
General Servant-Retired,2,General Servant Retired
General Servant-Servant,2,General Servant Servant
General Servants (Domestic),2,General Servants Domestic
General Servants-Domestic,2,General Servants Domestic
General Servent (Domestic),2,General Servent Domestic
General Servnat-Domestic,2,General Servnat Domestic
General Svet-Domestic,2,General Svet Domestic
General Svt-Domest,2,General Svt Domest
General Tailor-Journeyman,2,General Tailor Journeyman
General Work-Domestic Servant,2,General Work Domestic Servant
General-Dom-Servant,2,General Dom Servant
General-Domestic Servant Unemployed,2,General Domestic Servant Unemployed
General-S-Domestic,2,General S Domestic
Genl Servant-Unable,2,Genl Servant Unable
Genl Sevt-Domestic,2,Genl Sevt Domestic
Genl-Servt Domestic,2,General Domestic Servant
Genl. Servant - Domestic,2,General Domestic Servant
Genral Servant (Domestic),2,Genral Servant Domestic
Genral Servant-Domestic,2,Genral Servant Domestic
Genrl-Labourer,2,General Labourer
Genrl. Servt-Domestic,2,Genrl. Servt Domestic
Gent-Insurance Office Manager,2,Gent Insurance Office Manager
Gentleman (Farmer),2,Gentleman Farmer
Gl Servt (Domestic) Unemployed,2,Gl Servt Domestic Unemployed
Glass-Cutter,2,Glass Cutter
Gnl Servant-Domestic,2,Gnl Servant Domestic
Grand-Daughter of Farmer,2,Grand Daughter of Farmer
Grand-Son of Farmer,2,Grand Son of Farmer
Grocer (Family),2,Grocer Family
Grocer (Manager),2,Grocer Manager
Grocer (Shop Owner),2,Grocer Shop Owner
Grocer (Unemployed),2,Grocer Unemployed
Grocer and Baker-Master,2,Grocer and Baker Master
Grocer and Ex-H. C. R. I. C,2,Grocer and Ex H. C. R. I. C
Grocer-Assistant,2,Grocer Assistant
Grocer-Publican,2,Grocer Publican
Grocer-Spirit,2,Grocer Spirit
Grocers (Assistant),2,Grocer's Assistant
Grocers apprentice,2,Grocer's Apprentice
Grocers Assist (Dist Councillor),2,Grocers Assist Dist Councillor
Grocers Assistant (Unemployed),2,Grocers Assistant Unemployed
Grocers-Porter,2,Grocer's Porter
Grocers-Shopman,2,Grocers Shopman
Groom-Domestic Ser,2,Groom Domestic Ser
Groom-Servant,2,Groom Servant
Groom-Stable,2,Groom Stable
Gunner-Atillery,2,Gunner Atillery
H - Keeper,2,H Keeper
H-Folder,2,H Folder
H-Maid Domestic,2,H Maid Domestic
Hackle Boy (Mill),2,Hackle Boy Mill
Half-Time Worker,2,Half Time Worker
Half-Timer in Mill,2,Half Timer in Mill
Hall Boy-Domestic Servant,2,Hall Boy Domestic Servant
Hand Loom Weaver (Linen),2,Hand Loom Weaver Linen
Hand-Sewer,2,Hand Sewer
Handkerchief Vice-Folder,2,Handkerchief Vice Folder
Handkerchief-Folder,2,Handkerchief Folder
Harbour-Labourer,2,Harbour Labourer
Hardware (Apprentice),2,Hardware Apprentice
Hardware Shop-Assistant,2,Hardware Shop Assistant
Hardware-Assistant,2,Hardware Assistant
Hardware-Merchant,2,Hardware Merchant
Harnes - Maker,2,Harnes Maker
Harness Maker (Master),2,Harness Maker Master
Harness-maker,2,Harness maker
Harness-Maker's Son,2,Harness Maker's Son
Hawker (Selling Toys),2,Hawker Selling Toys
Hawker-(Tin Ware),2,Hawker Tin Ware
Head Porter (Railway),2,Head Porter Railway
Hemstitching (Machine),2,Hemstitching Machine
Herd (Cattle),2,Herd Cattle
Herd (Farm),2,Herd Farm
Herd - Genl Labourer,2,Herd Genl Labourer
Herd-Boy,2,Herd Boy
Herd-Farm Servant,2,Herd Farm Servant
Herd-Man,2,Herd Man
Herds-Wife,2,Herd's Wife
Holder Up at Ship - Yard,2,Holder Up at Ship Yard
Home House-Keeper,2,Home House Keeper
Horse - Trainer,2,Horse Trainer
Hospital-Nurse,2,Hospital Nurse
Hostler-Domestic Servant,2,Hostler Domestic Servant
Hotel Servant (Boats),2,Hotel Servant Boats
Hotel Waiter-Unemployed,2,Hotel Waiter Unemployed
Hotel-Waiter,2,Hotel Waiter
House - Keeper Domestic Servant,2,House Keeper Domestic Servant
House - Repairer,2,House Repairer
House and Parlour Maid (Domestic Servant),2,House and Parlour Maid Domestic Servant
House and Parlour Maid (Domestic),2,House and Parlour Maid Domestic
House and Parlour-Domestic Servant,2,House and Parlour Domestic Servant
House Keeper (At Home),2,Housekeeper at Home
House Keeper Domc-Servt,2,House Keeper Domc Servt
House Maid D-Servant,2,House Maid D Servant
House Maid-Dom Servt,2,House Maid Dom Servt
House Maid-Domestic Ser,2,House Maid Domestic Ser
House Maid-Domestic Serv,2,House Maid Domestic Serv
House maid-Domestic servant,2,House maid Domestic servant
House Maid-Domestic Sevt,2,House Maid Domestic Sevt
House Maid-Unemployed,2,House Maid Unemployed
House Parlour Maid - Domestic Servant,2,House Parlour Maid Domestic Servant
House Parlourmaid (Domestic),2,House Parlourmaid Domestic
House Wife-Domestic,2,House Wife Domestic
House-Carpenter,2,House Carpenter
House-Domestic Servant,2,House Domestic Servant
House-Furnisher,2,House Furnisher
House-Hold Business,2,House Hold Business
House-Industries,2,House Industries
House-maid,2,Housemaid
House-Maid D Servant,2,House Maid D Servant
House-maid Domestic,2,House maid Domestic
House-Parlor Maid,2,House Parlor Maid
House-Parlourmaid Domestic Servant,2,House Parlourmaid Domestic Servant
Household Work (At Home),2,Household Work At Home
Housekeeper (D S),2,Housekeeper D S
Housekeeper (General),2,Housekeeper General
Housekeeper (Retired),2,Housekeeper Retired
Housekeeper-Retired,2,Housekeeper Retired
Housekeeper-Servant,2,Housekeeper Servant
Housemaid - Dom Servt,2,Housemaid Dom Servt
Housemaid - Domestic Sert,2,Housemaid Domestic Sert
Housemaid-Dom. Servt.,2,Housemaid Dom. Servt.
Housemaid-Domestic Sert,2,Housemaid Domestic Sert
Housemaid-Domestic Serv,2,Housemaid Domestic Serv
Housemaid-Domestic Servt Unemployed,2,Housemaid Domestic Servt Unemployed
Housemaid-Domestic Servt.,2,Housemaid Domestic Servt.
Housemaid-Domestic Sevt,2,Housemaid Domestic Sevt
Housemaid-Domestic Svt,2,Housemaid Domestic Svt
Housemaid-Domestic-Servant,2,Housemaid Domestic Servant
Houses-Dividends,2,Houses Dividends
Housmaid-Domestic Servant,2,Housmaid Domestic Servant
Hse Maid-Domestic Servant,2,Hse Maid Domestic Servant
In Factory (Employed),2,In Factory Employed
Income-Dividends,2,Income Dividends
Income-House Property,2,Income House Property
Income-Houses,2,Income Houses
Income-Property,2,Income Property
Indian Civil Service (Retired),2,Indian Civil Service Retired
Infant Preserver (Nurse),2,Infant Preserver Nurse
Infirmary Nurse (Nun),2,Infirmary Nurse Nun
Irish Crotchet-Lace-Maker,2,Irish Crotchet Lace Maker
Iron Driller at - Works,2,Iron Driller at Works
Iron monger,2,Ironmonger
Iron Ship-Wright,2,Iron Ship Wright
Iron Turner (Apprentice),2,Iron Turner Apprentice
Iron-Molder,2,Iron Molder
Iron-Monger,2,Ironmonger
Iron-Mongers Labourer,2,Iron Mongers Labourer
Iron-Works Labourer,2,Iron Works Labourer
Ironmonger's Assistant (Unemployed),2,Ironmonger's Assistant Unemployed
Ironshipwright (Plater),2,Ironshipwright Plater
Itinerant (Beggar),2,Itinerant Beggar
Joiner (Carpenter),2,Joiner Carpenter
Joiner (On Strike),2,Joiner On Strike
Joiner (Ship),2,Joiner Ship
Joiner - on Strike,2,Joiner on Strike
Joiner-Carpenter,2,Joiner Carpenter
Journalist (Reporter),2,Journalist Reporter
Journey-Man Tailor,2,Journey Man Tailor
Justice of Peace (Farmer),2,Justice of Peace Farmer
Kennel-Man,2,Kennel Man
Kitchen Maid - D,2,Kitchen Maid D
Kitchen Maid - Domestic Servant,2,Kitchen Maid Domestic Servant
Kitchen Maid Domestic Servant (Unemployed),2,Kitchen Maid Domestic Servant Unemployed
Kitchen Maid-Domestic Ser,2,Kitchen Maid Domestic Ser
Kitchen-Maid,2,Kitchen Maid
Kitchen-Maid Servant,2,Kitchen Maid Servant
Kitchen-Maid-Domestic,2,Kitchen Maid Domestic
Kitchen-Porter,2,Kitchen Porter
Kitchenmaid (Domestic Servant),2,Kitchenmaid Domestic Servant
Kitchenmaid - Domestic Servant,2,Kitchenmaid Domestic Servant
Knitting Room in Convent (Stocking Making),2,Knitting Room in Convent Stocking Making
Laber-Generl,2,Laber Generl
Laborer (Quay),2,Laborer Quay
Laborer-Agl,2,Laborer Agl
Laborer-Miller,2,Laborer Miller
Labour (Genl),2,Labour Genl
Labour (Railway),2,Labour Railway
Labour in Ship-Yard,2,Labour in Ship Yard
Labour-Generally,2,Labour Generally
Labour-Genl.,2,Labour Genl.
Labourer (Age),2,Labourer Age
Labourer (Agrcl),2,Labourer Agrcl
Labourer (Agricrl),2,Labourer Agricrl
Labourer (Agtl),2,Labourer Agtl
Labourer (Bottler),2,Labourer Bottler
Labourer (Brickyard),2,Labourer Brickyard
Labourer (Canal Boat),2,Labourer Canal Boat
Labourer (Carman),2,Labourer Carman
Labourer (Council),2,Labourer Council
Labourer (Cutter in Paper Mill),2,Labourer Cutter in Paper Mill
Labourer (Distillery),2,Labourer Distillery
Labourer (Flax),2,Labourer Flax
Labourer (Form),2,Labourer Form
Labourer (Gas Works),2,Labourer Gas Works
Labourer (General,2,General Labourer
Labourer (general),2,General Labourer
Labourer (Generl),2,Labourer Generl
Labourer (Genlr),2,Labourer Genlr
Labourer (In Iron Works),2,Labourer In Iron Works
Labourer (Iron Work),2,Labourer Iron Work
Labourer (Linen Factory),2,Labourer Linen Factory
Labourer (Linen Industry),2,Labourer Linen Industry
Labourer (Park),2,Labourer Park
Labourer (Retired),2,Labourer Retired
Labourer (Stone Quarry),2,Labourer Stone Quarry
Labourer (Tobacco),2,Labourer Tobacco
Labourer - Agl,2,Agricultural Labourer
Labourer - Agricultural,2,Agricultural Labourer
Labourer - Carman,2,Labourer Carman
Labourer - Foundry,2,Labourer Foundry
Labourer - Railway,2,Railway Labourer
Labourer - Stonebreaker,2,Labourer Stonebreaker
Labourer at Iron - Works,2,Labourer at Iron Works
Labourer at Ship - Yard,2,Labourer at Ship Yard
Labourer farm,2,Farm Labourer
Labourer gen,2,General Labourer
Labourer in Dyeing and Finishing Works (Linen),2,Labourer in Dyeing and Finishing Works Linen
Labourer in Gas-Works,2,Labourer in Gas Works
Labourer in Iron-Works,2,Labourer in Iron Works
Labourer in Spinning Mill (Flax,2,Labourer in Spinning Mill Flax
Labourer in Woollen (Factory),2,Labourer in Woollen Factory
Labourer Road,2,Road Labourer
Labourer's Mother-in-Law,2,Labourer's Mother in Law
Labourer(Agricultural),2,LabourerAgricultural
Labourer(General),2,LabourerGeneral
"Labourer,-General",2,General Labourer
Labourer- General,2,General Labourer
Labourer-(Agrl),2,Labourer Agrl
Labourer-Agr,2,Agricultural Labourer
Labourer-Agricl,2,Labourer Agricl
Labourer-Agril,2,Labourer Agril
Labourer-Baker,2,Labourer Baker
Labourer-Corporation,2,Labourer Corporation
Labourer-Domest,2,Labourer Domest
Labourer-Egg Packer,2,Labourer Egg Packer
Labourer-Gen.,2,Labourer Gen.
Labourer-in Flour Mills,2,Labourer in Flour Mills
Labourer-in Gas Works,2,Labourer in Gas Works
Labourer-in Timber Yard,2,Labourer in Timber Yard
Labourer-Jaroy,2,Labourer Jaroy
Labourer-Load Making,2,Labourer Load Making
Labourer-Mason's,2,Labourer Mason's
Labourer-Masons,2,Labourer Masons
Labourer-Not Employed,2,Labourer Not Employed
Labourer-Quarry Man,2,Labourer Quarry Man
Labourer-Rag Store,2,Labourer Rag Store
Labourer-Retired,2,Labourer Retired
Labourer-Surfaceman,2,Labourer Surfaceman
Labourers-Farm,2,Labourers Farm
Labr (Council),2,Labr Council
Labr (Genl),2,Labr Genl
Labr (Quay),2,Labr Quay
Labr Car-Driver,2,Labr Car Driver
Labr Cart-Man,2,Labr Cart Man
Labr-Farm,2,Labr Farm
Labrour (Genl),2,Labrour Genl
Laburer (Agricultural),2,Laburer Agricultural
Lace-Maker and Scholar,2,Lace Maker and Scholar
Lace-Making,2,Lace Making
Ladiesmaid-Domestic Servant,2,Ladiesmaid Domestic Servant
Lady (Annuity),2,Lady Annuity
Lady (Dividends),2,Lady Dividends
Lady (Unoccupied),2,Lady Unoccupied
Lady Assistant (Bar),2,Lady Assistant Bar
Lady Clerk (Photograpers),2,Lady Clerk Photograpers
Lady House Keeper (Visitor),2,Lady House Keeper Visitor
Lady Maid-Domestic Servant,2,Lady Maid Domestic Servant
Lady's Maid-Domestic,2,Lady's Maid Domestic
Lady's Maid-Domestic Servant,2,Lady's Maid Domestic Servant
Lady's Nurse (Mid-Wife),2,Lady's Nurse Mid Wife
Lady-Clerk,2,Lady Clerk
Lady-Help,2,Lady Help
Lady-Private Mean's,2,Lady Private Mean's
Lady-Unemployed,2,Lady Unemployed
Ladys Maid-Domestic,2,Ladys Maid Domestic
Land Agent-J P.,2,Land Agent J P.
Land-Contractor,2,Land Contractor
Land-Lady,2,Land Lady
"Lapper, Royal Engineer (Surveyor)",2,"Lapper, Royal Engineer Surveyor"
Laundres-At Home,2,Laundres At Home
Laundress (Domestic Servant),2,Laundress Domestic Servant
Laundress Shirt-Smoother,2,Laundress Shirt Smoother
"Laundress, (Washer)",2,"Laundress, Washer"
Laundress-Dom. Servt.,2,Laundress Dom. Servt.
Laundress-Domestic Ser,2,Laundress Domestic Ser
Laundry-Dryer,2,Laundry Dryer
Laundry-Manager,2,Laundry Manager
Laundrymaid-Domestic Servt.,2,Laundrymaid Domestic Servt.
"Law - Stationer, Typist and Seriseuer",2,"Law Stationer, Typist and Seriseuer"
Law-Clerk,2,Law Clerk
Law-Messenger,2,Law Messenger
Law-Student,2,Law Student
Lay - Sister,2,Lay Sister
Leaf - Stripper in Tobacco Factory,2,Leaf Stripper in Tobacco Factory
Linen (Damask) Weaver,2,Linen Damask Weaver
Linen - Lapper,2,Linen Lapper
Linen - Winder,2,Linen Winder
Linen Bleacher (Master),2,Linen Bleacher Master
Linen Business - Foreman,2,Linen Business Foreman
Linen Clerk (Warehouse),2,Linen Clerk Warehouse
Linen Collar-Stitcher,2,Linen Collar Stitcher
Linen Drawer-in,2,Linen Drawer in
Linen Factory Labour (General),2,Linen Factory Labour General
Linen Mill-Worker,2,Linen Mill Worker
Linen Sample-Maker,2,Linen Sample Maker
Linen Spinner (Mill),2,Linen Spinner Mill
Linen Stock-Keeper,2,Linen Stock Keeper
Linen Weaver (Factory),2,Linen Weaver Factory
Linen Weaver (Retired),2,Linen Weaver Retired
Linen Winder (Cobbin),2,Linen Winder Cobbin
Linen-Ornamenter,2,Linen Ornamenter
Linen-Spinner,2,Linen Spinner
Linen-Warehouseman,2,Linen Warehouseman
Linen-Winder,2,Linen Winder
Linen-Yarn Finesher,2,Linen Yarn Finesher
Linenfinisher-Bettler,2,Linenfinisher Bettler
Living at-home,2,Living at home
Lodge-Owner,2,Lodge Owner
Lodging House (Keeper),2,Lodging House Keeper
Lodging-Housekeeper,2,Lodging Housekeeper
Lt Colonel (Retired),2,Lt Colonel Retired
Machine Boy-Spinning Mill,2,Machine Boy Spinning Mill
Machine-Boy Mill Hand,2,Machine Boy Mill Hand
Machinest-Sewing,2,Machinest Sewing
Machinislt (Linen Trade),2,Machinislt Linen Trade
Machinist (Cuff and Collar),2,Machinist Cuff and Collar
Machinist (Warehouse),2,Machinist Warehouse
Machinist (Wareroom),2,Machinist Wareroom
Machinist-Handkerchief,2,Machinist Handkerchief
Magistrate-Owner of Land,2,Magistrate Owner of Land
Maid (Domestic Servant),2,Maid Domestic Servant
Maid-Dom Servant,2,Maid Dom Servant
Mail Car-Driver,2,Mail Car Driver
Manager (Grocery),2,Manager Grocery
Manager- Engineer,2,Manager Engineer
Manageress (Hotel),2,Manageress Hotel
Marble-Finisher,2,Marble Finisher
Marble-Mason,2,Marble Mason
Mariner (Sailor),2,Mariner Sailor
Mason (Unemployed),2,Mason Unemployed
Mason - Stone,2,Mason Stone
Mason-Apprentice,2,Mason Apprentice
Master-Painter,2,Master Painter
Match-Box Maker,2,Match Box Maker
Mechanic (Cycle),2,Mechanic Cycle
Mechanic (Linen Factory),2,Mechanic Linen Factory
Mechanic (Marine Engineering),2,Mechanic Marine Engineering
Mechanic-Bicycle,2,Mechanic Bicycle
Mechanic-Fitter,2,Mechanic Fitter
Mechanic-Master,2,Mechanic Master
Mechanical Engineer (Master),2,Mechanical Engineer Master
Medical Student(R.C.S.I),2,Medical StudentR.C.S.I
Member of Religion Society-College Assistant,2,Member of Religion Society College Assistant
Member of Religious Order (Lay Brothers),2,Member of Religious Order Lay Brothers
Merchant (Coal),2,Merchant Coal
Merchant (General),2,Merchant General
Merchant (Provision),2,Merchant Provision
Merchant (Wine),2,Merchant Wine
Merchant - Sailor,2,Merchant Sailor
Merchant Tailor (Master),2,Merchant Tailor Master
Merchant-China,2,Merchant China
Merchant-Earthenware and Wool,2,Merchant Earthenware and Wool
Merchant-Flour,2,Merchant Flour
Merchant-General,2,Merchant General
Merchant-General Grocer,2,Merchant General Grocer
Merchant-Sailor,2,Merchant Sailor
Message Boy (Grocer's),2,Message Boy Grocer's
Messenger (Unemployed),2,Messenger Unemployed
Messenger-Shop,2,Messenger Shop
Michanic (Iron) Foundry,2,Michanic Iron Foundry
Miles - Man,2,Miles Man
Military-Retired,2,Military Retired
Milk - Carrier,2,Milk Carrier
Milk Maid-Domestic Servant,2,Milk Maid Domestic Servant
Milk-Dealer,2,Milk Dealer
Milk-Maid,2,Milk Maid
Mill - Worker (Machine - Boy),2,Mill Worker Machine Boy
Mill Doffer (Linen),2,Mill Doffer Linen
Mill Hand (Weaver),2,Mill Hand Weaver
Mill Hand-Rover,2,Mill Hand Rover
Mill Hand-Spinner,2,Mill Hand Spinner
Mill Worker (Labourer),2,Mill Worker Labourer
Mill Worker (Winder in Mill),2,Mill Worker Winder in Mill
Mill Worker Doffer (1/2 Time),2,Mill Worker Doffer 1/2 Time
Mill Worker Flax-Rover,2,Mill Worker Flax Rover
Mill Worker Winder-Linen,2,Mill Worker Winder Linen
Mill Worker-Spinner,2,Mill Worker Spinner
Mill Worker-Weaver,2,Mill Worker Weaver
Mill-Employment,2,Mill Employment
Mill-Machine Boy,2,Mill Machine Boy
Mill-Worker Doffer,2,Mill Worker Doffer
Mill-Worker in Thread Factory,2,Mill Worker in Thread Factory
Mill-Worker Spinner of Flax,2,Mill Worker Spinner of Flax
Mill-Worker-Linen,2,Mill Worker Linen
Millar (Corn),2,Millar Corn
Miller-Flour,2,Miller Flour
Milliner (Unemployed),2,Milliner Unemployed
MillWorker,2,Mill Worker
Millworker (Hackler),2,Millworker Hackler
Millworker (Reeler),2,Millworker Reeler
Millworker (Rougher),2,Millworker Rougher
Millworker (Spinner in Flex Spinning Mill),2,Millworker Spinner in Flex Spinning Mill
Millworker Machine-Boy,2,Millworker Machine Boy
Millworker-Reeler,2,Millworker Reeler
Miner (Copper),2,Miner Copper
Miner (Lead),2,Miner Lead
Minister (Methodist),2,Minister Methodist
Monitress (School),2,Monitress School
Monitress-Teacher,2,Monitress Teacher
Monk-Lay Brother,2,Monk Lay Brother
Monthly Nurse (Midwife),2,Monthly Nurse Midwife
Mortgage on Land-Dividends,2,Mortgage on Land Dividends
Music Teacher (Transfort),2,Music Teacher Transfort
N School-Teacher Unemployed,2,N School Teacher Unemployed
N. Teacher (Unemployed),2,N. Teacher Unemployed
National Teacher (Pensioner),2,National Teacher Pensioner
National-Teacher,2,National Teacher
Natl-School Teacher,2,National School Teacher
Navvy (Railway),2,Navvy Railway
Needle Work (Lace),2,Needle Work Lace
News agent,2,Newsagent
News-Agent,2,Newsagent
Newspaper - Vender,2,Newspaper Vender
Niece-in-Law,2,Niece in Law
Nil-Boy,2,Nil Boy
No Occupapation Lives on-Out Door Relief,2,No Occupapation Lives on Out Door Relief
No Profession - Employed at Home,2,No Profession Employed at Home
No Trade or Profession-Both Living on Interest of Money and Rents of Houses,2,No Trade or Profession Both Living on Interest of Money and Rents of Houses
No-Profession,2,No Profession
Non-Employed,2,Non Employed
Non-Subscribing Presbyterian,2,Non Subscribing Presbyterian
None (P),2,None P
None-Infant,2,None Infant
Not-at School,2,Not at School
Nun (Member of Religions Community),2,Nun Member of Religions Community
Nurse (Children),2,Nurse Children
Nurse (District),2,Nurse District
Nurse (Domestic Sert),2,Nurse Domestic Sert
Nurse (Maternity),2,Nurse Maternity
Nurse (Monthly),2,Nurse Monthly
Nurse (Probationer),2,Nurse Probationer
Nurse (Servant),2,Nurse Servant
Nurse (Unemployed),2,Nurse Unemployed
Nurse-(Domestic),2,Nurse Domestic
Nurse-D Servant,2,Nurse D Servant
Nurse-Dom,2,Nurse Dom
Nurse-Dom Ser,2,Nurse Dom Ser
Nurse-Dom-Servt,2,Nurse Dom Servt
Nurse-Dom. Servt,2,Nurse Dom. Servt
Nurse-Domestic S.,2,Nurse Domestic S.
Nurse-Domestic servant,2,Nurse Domestic servant
Nurse-Domestic Servent,2,Nurse Domestic Servent
Nurse-Domestic Servnt,2,Nurse Domestic Servnt
Nurse-Domestic Sevt,2,Nurse Domestic Sevt
Nurse-Domestice Servant,2,Nurse Domestice Servant
Nurse-Retired,2,Nurse Retired
Nurse-Servant Domestic,2,Nurse Servant Domestic
Nurse-Sick,2,Nurse Sick
Nurse-Unemployed,2,Nurse Unemployed
Nursery Governess-Domestic Servant,2,Nursery Governess Domestic Servant
Nursery Maid-Domestic Servant,2,Nursery Maid Domestic Servant
Office-Clerk,2,Office Clerk
Ordnance Survey Department (Temporary Civil Assistant) Detail Surveyor,2,Ordnance Survey Department Temporary Civil Assistant Detail Surveyor
Ornamenter (Linen Trade),2,Ornamenter Linen Trade
Overlooker (Linen Mill),2,Overlooker Linen Mill
Owner Land-Dividends,2,Owner Land Dividends
Packer - Soap Works,2,Packer Soap Works
Page-Domestic Servant,2,Page Domestic Servant
Painter (Apprentice),2,Painter Apprentice
Painter - Compositor,2,Painter Compositor
Painter - House,2,Painter House
Painter-Carriage,2,Painter Carriage
Painter-Railway,2,Painter Railway
Pantry Boy - Domestic Servant,2,Pantry Boy Domestic Servant
Parlormaid - Domestic Servant,2,Parlormaid Domestic Servant
Parlour - Maid - Domestic Servant,2,Parlour Maid Domestic Servant
Parlour - Maid Domestic Servant,2,Parlour Maid Domestic Servant
Parlour Maid (Dom Servt),2,Parlour Maid Dom Servt
Parlour Maid (Domestic Servt),2,Parlour Maid Domestic Servt
Parlour maid - Domestic Servant,2,Parlour maid Domestic Servant
Parlour Maid-Domestic Serv,2,Parlour Maid Domestic Serv
Parlour Maid-Domestic Sevt,2,Parlour Maid Domestic Sevt
Parlour Maid-Domestic Svt,2,Parlour Maid Domestic Svt
"Parlour-Maid, Domestic Servant",2,"Parlour Maid, Domestic Servant"
Parlour-Maid-Domestic Servt,2,Parlour Maid Domestic Servt
Parlourmaid-Dom. Ser.,2,Parlourmaid Dom. Ser.
Pawn - Proker,2,Pawn Proker
Pawn-Broker,2,Pawn Broker
Pensioner (National Teacher),2,Pensioner National Teacher
Pensioner (Naval),2,Pensioner Naval
Pensioner (R.I.C.),2,R.I.C. Pensioner
Pensioner (Royal Artillery),2,Pensioner Royal Artillery
Pensioner (Teacher),2,Pensioner Teacher
Pensioner - Natl Teacher,2,Pensioner Natl Teacher
Pensioner from R.I.C (Royla Irish Constabulary),2,Pensioner from R.I.C Royla Irish Constabulary
Pensioner-Army,2,Pensioner Army
Pensioner-National School Teacher,2,Pensioner National School Teacher
Pensioner-R I C,2,Pensioner R I C
Pensioner-Teacher,2,Pensioner Teacher
Photo-Assistant,2,Photo Assistant
Photo-Engraow,2,Photo Engraow
Photographer (Master),2,Photographer Master
Physician-not Practising Trinity College Dublin Bachelor of Medicine,2,Physician not Practising Trinity College Dublin Bachelor of Medicine
Piano-Tuner,2,Piano Tuner
Piecer (Flax),2,Piecer Flax
Piecer (Linen Yarn),2,Piecer Linen Yarn
Pilot-Sailor,2,Pilot Sailor
Plasterer (Apprentice),2,Plasterer Apprentice
Plate - Layer,2,Plate Layer
Plater (Apprentice),2,Plater Apprentice
Plater in Ship-Yard,2,Plater in Ship Yard
Platers-Helper Labourer,2,Platers Helper Labourer
Ploughman-Domestic Servant,2,Ploughman Domestic Servant
Ploughman-Domestic Servt,2,Ploughman Domestic Servt
Plumber (Journeman),2,Plumber Journeman
Plumber - Apprentice,2,Plumber Apprentice
Plumber - Master,2,Plumber Master
Plumber-Apprentice,2,Plumber Apprentice
Plumbing (Manager),2,Plumbing Manager
Policeman (R. I. C.),2,Policeman R. I. C.
Policeman's Son (R.I.C),2,Policeman's Son R.I.C
Polisher-French,2,Polisher French
Poor-Rate Collector,2,Poor Rate Collector
Porter (Bank),2,Porter Bank
Porter (Grocer),2,Porter Grocer
Porter (Wine),2,Porter Wine
Porter - Butchers,2,Porter Butchers
Porter - Shop,2,Porter Shop
Porter-Clothier,2,Porter Clothier
Porter-Druggist,2,Porter Druggist
Porter-Grocer,2,Porter Grocer
Porter-Mineral Water Factory,2,Porter Mineral Water Factory
Porter-Quay,2,Porter Quay
Porter-Shop,2,Porter Shop
Porter-Wine,2,Porter Wine
Post - Boy,2,Post Boy
Post Boy-Rural,2,Post Boy Rural
Post Girl (Rural),2,Post Girl Rural
Postaland Telegraph (Clk),2,Postaland Telegraph Clk
Postman (Town),2,Postman Town
Postmaster (Retired),2,Postmaster Retired
Postmaster-Post Office,2,Postmaster Post Office
Poultry Merchant-Farmer,2,Poultry Merchant Farmer
Power Loom-Tenter,2,Power Loom Tenter
Preparer-Linen,2,Preparer Linen
Printer (Comp),2,Printer Comp
Printer (Linen),2,Printer Linen
Printer (Machine),2,Printer Machine
Printer (Machinist),2,Printer Machinist
Printer (Master),2,Printer Master
Printer - Master,2,Printer Master
Printer- Compositor,2,Printer Compositor
Printer-Comp,2,Printer Comp
Printer-Composetor,2,Printer Composetor
Printer-Compositer Unemployed,2,Printer Compositer Unemployed
Printer-Compositon,2,Printer Compositon
Printer-Compositor (Unemployed),2,Printer Compositor Unemployed
Printer-Linotypist,2,Printer Linotypist
Printer-Machine,2,Printer Machine
Printer-Machinest,2,Printer Machinest
Printer-Manager,2,Printer Manager
Printer-Proof Reader,2,Printer Proof Reader
Printer-Unemployed,2,Printer Unemployed
Private (Annuity),2,Private Annuity
Private-Means,2,Private Means
Private-Means Annuity,2,Private Means Annuity
Process-Server,2,Process Server
Proof-Reader,2,Proof Reader
Publican and Shop-Keeper,2,Publican and Shop Keeper
Publicans Shop-Assistant,2,Publicans Shop Assistant
Pump-Sinker,2,Pump Sinker
Pupil Teacher (N.E.I),2,Pupil Teacher N.E.I
Quay-Labourer,2,Quay Labourer
R Catholic Clergyman-Curate,2,R Catholic Clergyman Curate
R. Catholic (Priest Clergyman),2,R. Catholic Priest Clergyman
R. I. C (Retired),2,R. I. C Retired
Railway (Goods) Clerk,2,Railway Goods Clerk
Railway Engine (Driver),2,Railway Engine Driver
Railway Engine-Driver,2,Railway Engine Driver
Railway Official (Clerk),2,Railway Official Clerk
Railway Painter (Employed),2,Railway Painter Employed
Railway Station-Master,2,Railway Stationmaster
Railway-Ganger,2,Railway Ganger
Railway-Platelayer,2,Railway Platelayer
Railway-Servant,2,Railway Servant
Railway-Shunter,2,Railway Shunter
Railwayan-Clockroom,2,Railwayan Clockroom
RC Clergyman,2,Roman Catholic Clergyman
Rector of Rathare and Rural Dean of Clonard in Diocese of Meath (Ch. of Ireland) Professor of Irish Dublin University Meath (Dublin),2,Rector of Rathare and Rural Dean of Clonard in Diocese of Meath Ch. of Ireland Professor of Irish Dublin University Meath Dublin
Reelar (Yarn),2,Reelar Yarn
Reelars (Linen),2,Reelars Linen
Reeler (in Mill),2,Reeler in Mill
Reeler - Yarn,2,Reeler Yarn
Reeler Flax (Mill),2,Reeler Flax Mill
Reeler-Linen Factory,2,Reeler Linen Factory
Reeler-Mill,2,Reeler Mill
Reelers (Yarn),2,Reelers Yarn
Relief-Stamper,2,Relief Stamper
Religious (Domestic),2,Religious Domestic
Repered of outdoor Relief on Borrisokane-Union,2,Repered of outdoor Relief on Borrisokane Union
Restaurant-Keeper,2,Restaurant Keeper
Resturant - Servant,2,Resturant Servant
Retired (Farmer,2,Retired Farmer
Retired Agricultural-Labourer,2,Retired Agricultural Labourer
Retired Book-Keeper,2,Retired Book Keeper
Retired Boot-Maker,2,Retired Boot Maker
Retired Dress-Maker,2,Retired Dress Maker
Retired General Servant (Domestic),2,Retired General Servant Domestic
Retired Hotel-Keeper,2,Retired Hotel Keeper
Retired House Keeper-Domestic,2,Retired House Keeper Domestic
Retired Servant-Domestic,2,Retired Servant Domestic
Retired-Cook,2,Retired Cook
Retired-Labourer,2,Retired Labourer
Retired-Servant,2,Retired Servant
Retired-Teacher,2,Retired Teacher
Riveter (Shipyard),2,Riveter Shipyard
Road-Contractor,2,Road Contractor
Roller-Boy in Mill,2,Roller Boy in Mill
Rope - Maker,2,Ropemaker
Rope-Maker-Hempdresser,2,Rope Maker Hempdresser
Ropemaker (Retired),2,Ropemaker Retired
Ropemaker (Unemployed),2,Ropemaker Unemployed
Rougher (Linen),2,Rougher Linen
Rover (Linen Factory),2,Rover Linen Factory
Rover-Mill,2,Rover Mill
Ruler (Mill),2,Ruler Mill
Rural Post-man,2,Rural Post man
Sailor (Retired),2,Sailor Retired
Sailor (River),2,Sailor River
Sailor (Unemployed),2,Sailor Unemployed
Sailor Merchant (Service),2,Sailor Merchant Service
Sailor-Unemployed,2,Sailor Unemployed
Sales - Girl,2,Sales Girl
Sales Assist-Drapery,2,Sales Assist Drapery
Sales-Girl,2,Sales Girl
Saleswoman (Machnie),2,Saleswoman Machnie
Saleswoman (Millinery),2,Saleswoman Millinery
Sample - Maker,2,Sample Maker
Sapper Royal Engineers (Ordnance Survey),2,Sapper Royal Engineers Ordnance Survey
Sauce Maker-at Factory,2,Sauce Maker at Factory
Saucuage maker-in Factory,2,Saucuage maker in Factory
Scholar (In Lower Standard),2,Scholar In Lower Standard
Scholar (Instructed at home),2,Scholar Instructed at home
Scholar (Interm),2,Scholar Interm
Scholar (Learning),2,Scholar Learning
Scholar (Linen),2,Scholar Linen
Scholar (Lower Standard),2,Scholar Lower Standard
Scholar (None),2,Scholar None
Scholar (Orphan),2,Scholar Orphan
Scholar-Monitor,2,Scholar Monitor
Scholars (Twins),2,Scholars Twins
School - Master,2,Schoolmaster
School Attce-Officer,2,School Attce Officer
School Girl (Scholar),2,School Girl Scholar
School Teacher (Assistant),2,School Teacher Assistant
School Teacher (N B),2,School Teacher N B
School Teacher (Nat),2,School Teacher Nat
School Teacher - National,2,School Teacher National
School Teacher-Retired,2,School Teacher Retired
School Teacher-Unemployed,2,School Teacher Unemployed
School-B,2,School B
School-Master and Farmer,2,School Master and Farmer
Scottish (Bank Shores) By Annuity,2,Scottish Bank Shores By Annuity
Scullery Maid-Domestic,2,Scullery Maid Domestic
Scullery Maid-Domestic Servant,2,Scullery Maid Domestic Servant
Scullery-Maid Domestic,2,Scullery Maid Domestic
Scutch-Mill Worker,2,Scutch Mill Worker
Sea Fraising-Sailor,2,Sea Fraising Sailor
Seaman (Sailor),2,Seaman Sailor
Seaman-A B,2,Seaman A B
Seamstress-Domestic,2,Seamstress Domestic
Seamstress-Unable,2,Seamstress Unable
Second Division Clerk (Civil Service),2,Second Division Clerk Civil Service
Servan-Domestic,2,Servan Domestic
Servant (Agricultural),2,Servant Agricultural
Servant (Barmaid),2,Servant Barmaid
Servant (general) Domestic,2,Servant general Domestic
Servant (Labourer),2,Servant Labourer
Servant (Messenger),2,Servant Messenger
Servant - Daug,2,Servant Daug
Servant - Domesitc,2,Servant Domesitc
Servant - General,2,Servant General
Servant - Parlour Maid,2,Servant Parlour Maid
Servant Cook-Domestic,2,Servant Cook Domestic
Servant- Domestic,2,Domestic Servant
Servant-Boy,2,Servant Boy
Servant-Coachman,2,Servant Coachman
Servant-Domc.,2,Servant Domc.
Servant-Domestic General,2,Servant Domestic General
Servant-General Servant,2,Servant General Servant
Servant-House Maid,2,Servant House Maid
Servant-Laundress,2,Servant Laundress
Servant-Unemployed,2,Servant Unemployed
Servent (Domestic),2,Servent Domestic
Set-Maker,2,Set Maker
Settmaker (Stone Dresser),2,Settmaker Stone Dresser
Settmaker-Granite Quarry,2,Settmaker Granite Quarry
Sewer (Ben),2,Sewer Ben
Sewing-Plain Work,2,Sewing Plain Work
Sexton (Church),2,Sexton Church
Shepherd-Domestic,2,Shepherd Domestic
Ship Carpenter (Master),2,Ship Carpenter Master
Ship-Owner,2,Ship Owner
Ship-Rigger,2,Ship Rigger
Ship-Smith,2,Ship Smith
Shirt - Maker,2,Shirt Maker
Shirt-Finisher,2,Shirt Finisher
Shirt-Smoother,2,Shirt Smoother
Shirt-Worker,2,Shirt Worker
Shoe Maker (Master),2,Shoe Maker Master
Shoe Maker-Master,2,Shoe Maker Master
Shoe-Makers,2,Shoe Makers
Shoeing-Smith,2,Shoeing Smith
Shoemaker - Master,2,Shoemaker Master
Shoemaker-Apprentice,2,Shoemaker Apprentice
Shoing-Smith,2,Shoing Smith
Shop - Girl,2,Shop Girl
Shop - Keeper and Farmer,2,Shopkeeper and Farmer
Shop - Porter,2,Shop Porter
Shop Assistant (Boot),2,Shop Assistant Boot
Shop Assistant (Confecty),2,Shop Assistant Confecty
Shop Assistant (Drap),2,Shop Assistant Drap
Shop Assistant (Draper's),2,Shop Assistant Draper's
Shop Assistant (Drapers),2,Shop Assistant Drapers
Shop Assistant (Flour Stone),2,Shop Assistant Flour Stone
Shop Assistant (Grocerces and Spirits),2,Shop Assistant Grocerces and Spirits
Shop Assistant (Stationer),2,Shop Assistant Stationer
Shop Assistant (Stationery),2,Shop Assistant Stationery
Shop Assistant (Tailors),2,Shop Assistant Tailors
Shop Assistant-Chinaware,2,Shop Assistant Chinaware
Shop Assistant-General Grocery,2,Shop Assistant General Grocery
Shop Assistant-Liquor,2,Shop Assistant Liquor
Shop Assistant-Vintner,2,Shop Assistant Vintner
Shop Asst-Stationer,2,Shop Asst Stationer
Shop Boy (Grocer),2,Shop Boy Grocer
Shop Boy-Drapery,2,Shop Boy Drapery
Shop Girl (Millinery),2,Shop Girl Millinery
Shop Girl-Confectionary,2,Shop Girl Confectionary
Shop Girl-Meal,2,Shop Girl Meal
Shop Keeper (Bakery),2,Shop Keeper Bakery
Shop Keeper (Confectionery),2,Shop Keeper Confectionery
Shop Keeper (Grocer and Hardware),2,Shop Keeper Grocer and Hardware
Shop Keeper (Grocery Trade),2,Shop Keeper Grocery Trade
Shop Keeper (Huckster),2,Shop Keeper Huckster
Shop Keeper (Small),2,Shop Keeper Small
Shop Keeper - Publican,2,Shop Keeper Publican
Shop Keeper Mill-Store,2,Shop Keeper Mill Store
Shop Keeper-Draper,2,Shop Keeper Draper
Shop Keeper-Provision,2,Shop Keeper Provision
Shop-Asst,2,Shop Asst
Shop-Boy Messenger,2,Shop Boy Messenger
Shop-Hand,2,Shop Hand
Shop-Keeper (Grocer),2,Shop Keeper Grocer
Shop-Keeper Asst,2,Shop Keeper Asst
Shop-Keeper Publican,2,Shop Keeper Publican
"Shop-Keeper, Stationery and Deeph",2,"Shop Keeper, Stationery and Deeph"
Shop-Keeper-Grocer,2,Shop Keeper Grocer
Shop-Man Grocer,2,Shop Man Grocer
Shopkeep-Grocer and Publican,2,Shopkeep Grocer and Publican
Shopkeeper (Dairy),2,Shopkeeper Dairy
Shopkeeper (Factory),2,Shopkeeper Factory
Shopkeeper (Hardware),2,Shopkeeper Hardware
Shopkeeper-Draper,2,Shopkeeper Draper
ShopKeeper-Grocer,2,ShopKeeper Grocer
Shopkeeper-Grocerers,2,Shopkeeper Grocerers
Shopkeeper-Liquor,2,Shopkeeper Liquor
Shopkeeper-Provisions,2,Shopkeeper Provisions
Shopkeeper-Public House and Drapery,2,Shopkeeper Public House and Drapery
Shopkeeper-Vintner,2,Shopkeeper Vintner
Shopman (Grocers and C),2,Shopman Grocers and C
Shopman (Provision),2,Shopman Provision
Shopman - Grocery and Wine,2,Shopman Grocery and Wine
Shopman - Hardware,2,Shopman Hardware
Shopman-Apprentice to Ironmongery,2,Shopman Apprentice to Ironmongery
Shopman-Grocery and c,2,Shopman Grocery and c
Shopman-Publican,2,Shopman Publican
Shopman-Spirit Business,2,Shopman Spirit Business
Shopwoman (Drapery),2,Shopwoman Drapery
Shopwoman-Drapery,2,Shopwoman Drapery
Sick Nurse (Hospital),2,Sick Nurse Hospital
Signal Man (Railway),2,Signal Man Railway
Signal-Man,2,Signal Man
Small Shop-Keeper,2,Small Shop Keeper
Smith - Helper,2,Smith Helper
Smith-Black,2,Smith Black
Smiths Labourer (Unemployed),2,Smiths Labourer Unemployed
Smiths-Helper,2,Smiths Helper
Soldier (Sergt),2,Soldier Sergt
Soldier Sergt-Farrier R.I and A,2,Soldier Sergt Farrier R.I and A
Solicitor (Practicing),2,Solicitor Practicing
Solicitor (Practising),2,Solicitor Practising
Solicitor (Retired),2,Solicitor Retired
Solicitors (General) Clerk,2,Solicitors General Clerk
Solicitors clerk,2,Solicitor's Clerk
Solicitors Clerk (Genl),2,Solicitors Clerk Genl
Son-Scholar,2,Son Scholar
Spade-Maker,2,Spade Maker
Spiner (Flax),2,Spiner Flax
Spiner (Mill),2,Spiner Mill
Spinner (Linen Mill),2,Spinner Linen Mill
Spinner (Linen) in Mill,2,Spinner Linen in Mill
Spinner (Unemployed),2,Spinner Unemployed
Spinner Flax (Unemployed),2,Spinner Flax Unemployed
Spinner-Cotton,2,Spinner Cotton
Spinner-Flax Mill,2,Spinner Flax Mill
Spinner-Wool,2,Spinner Wool
Spinners-Doffer,2,Spinners Doffer
"Spinnrt, Spinning Mill-Flax",2,"Spinnrt, Spinning Mill Flax"
Spinster (Farmers Daughter),2,Spinster Farmers Daughter
Spirit Merchant (Publican),2,Spirit Merchant Publican
Spirit-Dealer,2,Spirit Dealer
Spirit-Grocer,2,Spirit Grocer
Spoke Girl-Grosery,2,Spoke Girl Grosery
Spreader-Mill,2,Spreader Mill
Stable - Man,2,Stable Man
Stable Boy-Domestic,2,Stable Boy Domestic
Stable Helper-Dom: Sert,2,Stable Helper Dom: Sert
Stable-Boy Domestic,2,Stable Boy Domestic
Stage-Actor,2,Stage Actor
Station master,2,Stationmaster
Stationer (Bookfolder),2,Stationer Bookfolder
Stationer-Assistant,2,Stationer Assistant
Steam Riser-Railway Engine Shed,2,Steam Riser Railway Engine Shed
Steam Thrashing-Machine-Contractor,2,Steam Thrashing Machine Contractor
Steward (Domestic Servant),2,Steward Domestic Servant
Steward (Farm),2,Steward Farm
Stitcher (Hem),2,Stitcher Hem
Stitcher (Linen),2,Stitcher Linen
Stitcher-Handkerchiefs,2,Stitcher Handkerchiefs
Stitcher-In Wareroom,2,Stitcher In Wareroom
Stitcher-Linen,2,Stitcher Linen
Stitchers (Linen),2,Stitchers Linen
Stocking - Knitter,2,Stocking Knitter
Stone Mason (Master),2,Stone Mason Master
Stone Mason (Railway),2,Stone Mason Railway
Stone Mason-Master,2,Stone Mason Master
Stonemason - Master,2,Stonemason Master
Stricker(Flax),2,StrickerFlax
Stud Groom-Domestic Servant,2,Stud Groom Domestic Servant
Student (Musical),2,Student Musical
Student-Medical,2,Student Medical
Student-Medical Student,2,Student Medical Student
Student-Undergraduate R.U.I,2,Student Undergraduate R.U.I
Student-University Student,2,Student University Student
Sub - Postmaster,2,Sub Postmaster
Surface - Man,2,Surface Man
Surface-Man Labourer,2,Surface Man Labourer
Surgeon-Major's Daughter,2,Surgeon Major's Daughter
Surveyor (Land),2,Surveyor Land
Surveyor (Ordnance Survey),2,Surveyor Ordnance Survey
Surveyor (Ordnance),2,Surveyor Ordnance
Sweet Maker-at Factory,2,Sweet Maker at Factory
Tailor (Merchant),2,Tailor Merchant
Tailor (Unemployed),2,Tailor Unemployed
Tailor - Journey Man,2,Tailor Journey Man
Tailor-Coat Maker,2,Tailor Coat Maker
Tailor-Cutter,2,Tailor Cutter
Tailor-Farmer,2,Tailor Farmer
Tailor-Operative,2,Tailor Operative
Tailor-Operator,2,Tailor Operator
Tea - Agent,2,Tea Agent
Tea - Canvasser,2,Tea Canvasser
Tea-Traveller,2,Tea Traveller
Teacher (Elementary),2,Teacher Elementary
Teacher (Governess),2,Teacher Governess
Teacher (Graduate),2,Teacher Graduate
Teacher (Infant School),2,Teacher Infant School
Teacher (N School),2,Teacher N School
Teacher (N T),2,Teacher N T
Teacher (N. S.),2,Teacher N. S.
Teacher (N. Sch.),2,Teacher N. Sch.
Teacher (N.B),2,Teacher N.B
Teacher (Nat Board),2,Teacher Nat Board
Teacher (National Education),2,Teacher National Education
Teacher (Private School),2,Teacher Private School
Teacher (T),2,Teacher T
Teacher-B.A-R U I,2,Teacher B.A R U I
Teacher-N School,2,Teacher N School
Teacher-N.S,2,Teacher N.S
Teacher-N.S.,2,Teacher N.S.
Teacher-National S,2,Teacher National S
Teacher-Retired,2,Teacher Retired
Teacher-Shorthand and Typewriting,2,Teacher Shorthand and Typewriting
Telegraphist-G P O,2,Telegraphist G P O
Textile Winder-Worker,2,Textile Winder Worker
"Theatrical, (Actor)",2,"Theatrical, Actor"
Tim-Smith,2,Tim Smith
Timber-Merchant,2,Timber Merchant
Time - Keeper,2,Timekeeper
Trace - Boy,2,Trace Boy
Trade (Plasterer),2,Trade Plasterer
Tram-Conductor,2,Tram Conductor
Traveller (Grocery),2,Traveller Grocery
Traveller (Hardware),2,Traveller Hardware
Traveller (Pedlar),2,Traveller Pedlar
Traveller (Provisions),2,Traveller Provisions
Traveller - Boots,2,Traveller Boots
Traveller - Tramp,2,Traveller Tramp
Traveller-Trade Protection,2,Traveller Trade Protection
Turner out (Collars),2,Turner out Collars
Turner-Iron,2,Turner Iron
Typest and (Short it Write),2,Typest and Short it Write
Under Gardner (Domestic Servant),2,Under Gardner Domestic Servant
Van Driver (Fruiterer),2,Van Driver Fruiterer
Van Driver-Bread,2,Van Driver Bread
Van-driver,2,Van driver
Van-man,2,Van man
Veiner (M K F),2,Veiner M K F
Waiter - Domestic Servant,2,Waiter Domestic Servant
Waiter - Hotel,2,Waiter Hotel
Waiter-Domestic Ser,2,Waiter Domestic Ser
Wardmaid (Domestic Servant),2,Wardmaid Domestic Servant
Ware - Room,2,Ware Room
Ware-House Porter,2,Ware House Porter
Warehouse-Man,2,Warehouse Man
Warhouse (Stitcher),2,Warhouse Stitcher
Warper (Yarn),2,Warper Yarn
Washer - Woman,2,Washer Woman
Washer-Women,2,Washer Women
Washerwoman-on Outdoor Relief,2,Washerwoman on Outdoor Relief
Watch - Maker,2,Watchmaker
Watch Maker (Finisher),2,Watch Maker Finisher
Watch Maker-Finisher,2,Watch Maker Finisher
Watchmaker (Jabber),2,Watchmaker Jabber
Watchmaker (Repairer),2,Watchmaker Repairer
Watchmaker - Finisher,2,Watchmaker Finisher
Watchmaker-Apprentice,2,Watchmaker Apprentice
Waver-Cotton,2,Waver Cotton
Weaver (Lenen),2,Weaver Lenen
Weaver (Linen Factory),2,Weaver Linen Factory
Weaver (Woolen),2,Weaver Woolen
Weaver (Woollen),2,Weaver Woollen
Weaver Linen-Cotton,2,Weaver Linen Cotton
Weaver-Flax Mills,2,Weaver Flax Mills
Weaver-In Factory,2,Weaver In Factory
Weaver-Linen Factory,2,Weaver Linen Factory
Weaver-Linnen,2,Weaver Linnen
Weaver-Retired,2,Weaver Retired
Weaver-Wollen,2,Weaver Wollen
Weaver-Woollen,2,Weaver Woollen
Weavers-Linen,2,Weavers Linen
Weft Winding (Linen Fcty),2,Weft Winding Linen Fcty
Whip Maker-Assistant,2,Whip Maker Assistant
Wife (House Keeper),2,Wife House Keeper
Wife (House),2,Wife House
Wife of Constable (R.I.C),2,Wife of Constable R.I.C
Winch-Man,2,Winch Man
Winder (Cotton),2,Winder Cotton
Winder (Yarn) Linen,2,Winder Yarn Linen
Winder - (Yarn),2,Winder Yarn
Winder - Yarn,2,Winder Yarn
Winder in (Linen Factory),2,Winder in Linen Factory
Winder-Linen Factory,2,Winder Linen Factory
Winders-Yarn,2,Winders Yarn
Winding-Master,2,Winding Master
Wine and Sprit Merchant (Publican,2,Wine and Sprit Merchant Publican
Wine-Porter,2,Wine Porter
Wire-Worker's Daughter,2,Wire Worker's Daughter
Wireman-Telephone,2,Wireman Telephone
Wollen I. -P Manufacturer,2,Wollen I. P Manufacturer
Wood-Sawyer,2,Wood Sawyer
Wool weaver (Carpet),2,Wool weaver Carpet
Wool Weaver (Carpet),2,Wool Weaver Carpet
Wool-Weaver and Farmer,2,Wool Weaver and Farmer
Wool-Weaver's Daughter,2,Wool Weaver's Daughter
Wool-Winder,2,Wool Winder
Woolen-Weaver,2,Woolen Weaver
Woollen-Spinner,2,Woollen Spinner
Work - Mistress,2,Work Mistress
Work-Man Labourer,2,Work Man Labourer
Work-Mistress N.S,2,Work Mistress N.S
Worker in Factory-Explosive,2,Worker in Factory Explosive
Worker in Factory-Spinner,2,Worker in Factory Spinner
Worker in Thread Factory (Half Time),2,Worker in Thread Factory Half Time
Workman (Gen),2,Workman Gen
Workmistress (School),2,Workmistress School
Worsted Weaver (Factory),2,Worsted Weaver Factory
Yard Boy - Domestic,2,Yard Boy Domestic
Yard Boy-Domestic Servant,2,Yard Boy Domestic Servant
Yard-Boy,2,Yard Boy
Yarn Winder (Mill),2,Yarn Winder Mill
Yarn Winder-Linen Weaving Mill,2,Yarn Winder Linen Weaving Mill
Yarn-Bleacher,2,Yarn Bleacher
Yarn-Bundler,2,Yarn Bundler
Yarn-Spinner,2,Yarn Spinner
Yarn-Worker,2,Yarn Worker
"""Coachman-Domestic Servant""",1,"""Coachman Domestic Servant"""
"""Cook-Domestic Servant""",1,"""Cook Domestic Servant"""
"""Honorable"" (Baron's Daughter)",1,"""Honorable"" Baron's Daughter"
"""Scholar"" School - Boy",1,"""Scholar"" School Boy"
"""School-Mistress""",1,"""School Mistress"""
"""Shop Assistant"" (Drapery)",1,"""Shop Assistant"" Drapery"
"""Tutor"" B. A. (Dublin University)",1,"""Tutor"" B. A. Dublin University"
(? and College) In Training for Teacher,1,? and College In Training for Teacher
(?) Teacher,1,? Teacher
(?ardware) Commercial Traveller,1,?ardware Commercial Traveller
(A Cottier) Having No Occupation,1,A Cottier Having No Occupation
(A Labourer Agricultural),1,A Labourer Agricultural
(Abstractor Local Govt. Board) Scholar,1,Abstractor Local Govt. Board Scholar
(Accountant Dept) Land Commission Civil Servant,1,Accountant Dept Land Commission Civil Servant
(Accountant) Bank Official,1,Accountant Bank Official
(Agent) Pensioner R I C,1,Agent Pensioner R I C
(Agl) General Labourer,1,Agl General Labourer
(Agl) Labourer,1,Agricultural Labourer
(Agr'l) Labourer,1,Agr'l Labourer
(Agr.) Labourer,1,Agricultural Labourer
(Agricul Impliments) Merchants Clerk,1,Agricul Impliments Merchants Clerk
(Agricultural) Caretaker,1,Agricultural Caretaker
(American) Pensioner,1,American Pensioner
(Annuity),1,Annuity
(Ap) Shipwright,1,Ap Shipwright
(App) Boilermaker,1,App Boilermaker
(App) Bookbinder,1,App Bookbinder
(App) Shipwright,1,App Shipwright
(Apprec Boy in Iron Foundry),1,Apprec Boy in Iron Foundry
(Appren) Carpenter,1,Appren Carpenter
(Apprenice) Watchmaker,1,Apprenice Watchmaker
(Apprentic Carpenter),1,Apprentic Carpenter
(Apprentice Iron Moulder),1,Apprentice Iron Moulder
(Apprentice Jeweller's),1,Apprentice Jeweller's
(Apprentice Ships Joiner),1,Apprentice Ships Joiner
(Apprentice to Dress Maker),1,Apprentice to Dress Maker
(Apprentice),1,Apprentice
(Apprentice) (Tailor's),1,Apprentice Tailor's
(Apprentice) Carpenter,1,Apprentice Carpenter
(Apprentice) Cooper,1,Apprentice Cooper
(Apprentice) H Draperiss,1,Apprentice H Draperiss
(Apprentice) Organ Builder,1,Apprentice Organ Builder
(Apprentice) Painter,1,Apprentice Painter
(Apprentice) Teacher,1,Apprentice Teacher
(Apprentice) to Rent Agent,1,Apprentice to Rent Agent
(Army Pensioner Infantry),1,Army Pensioner Infantry
(Army Pensioner) 53rd Foot 1st Battalion Shropshire Regiment,1,Army Pensioner 53rd Foot 1st Battalion Shropshire Regiment
(Army Pensioner) Caretaking Church Grounds,1,Army Pensioner Caretaking Church Grounds
(Army Reserve Man Private Connaught Rangers),1,Army Reserve Man Private Connaught Rangers
(Army) Barrack Warden Clerk a Stops,1,Army Barrack Warden Clerk a Stops
(Ass) Dealer,1,Ass Dealer
(Assistant) (Asylum) Clerk,1,Assistant Asylum Clerk
(Assistant) Clerk of Works,1,Assistant Clerk of Works
(Assistant) National Teacher,1,Assistant National Teacher
(At Home),1,At Home
(At School) Farmer Daughter,1,At School Farmer Daughter
(Automatic Knitter) Machinist,1,Automatic Knitter Machinist
(Auxiliary Rural Post Man) Army Pensioner,1,Auxiliary Rural Post Man Army Pensioner
(B.A) Teacher Logic Classics Etc,1,B.A Teacher Logic Classics Etc
(B.A) Teacher Moral and Mental Philosophy,1,B.A Teacher Moral and Mental Philosophy
(Barytes) Miller,1,Barytes Miller
(Bk) Warden Aseaps,1,Bk Warden Aseaps
(Black Smith),1,Blacksmith
(Black) Smith,1,Blacksmith
(Black) Smith and Farmer,1,Black Smith and Farmer
(Boarder),1,Boarder
(Boat Maker Tradesman),1,Boat Maker Tradesman
(Book Stone) Apprentice,1,Book Stone Apprentice
(Boot Trade) Shop Assistant,1,Boot Trade Shop Assistant
(Bootchap) Salesman,1,Bootchap Salesman
(Bootshop) Clerk and Shopman,1,Bootshop Clerk and Shopman
(Bottle Store) Labourer,1,Bottle Store Labourer
(Branch) Book Binding Finisher,1,Branch Book Binding Finisher
(Brewery),1,Brewery
(Butcher's) Accountants,1,Butcher's Accountants
(Butcher),1,Butcher
(Buttler) Man Servant,1,Buttler Man Servant
(Cambric) Linen Weaver,1,Cambric Linen Weaver
(Canon) Roman Catholic Clergyman,1,Canon Roman Catholic Clergyman
(Captain) Salvation Army,1,Captain Salvation Army
(Card Cutter in Linen Factory),1,Card Cutter in Linen Factory
(Care Taker) Farm Labourer,1,Care Taker Farm Labourer
(Carpenter),1,Carpenter
(Carpenter) and Foreman of all Machanics in Building Trade ? Machinery and Etc,1,Carpenter and Foreman of all Machanics in Building Trade ? Machinery and Etc
(Carriers Clerk),1,Carriers Clerk
(Cartter) Labrour,1,Cartter Labrour
(Charwoman),1,Charwoman
(Chemilts),1,Chemilts
(Church of Ireland),1,Church of Ireland
(Church of Ireland) Clerk in Holy Orders (Rector of Castletown Area and Youghalarra Parishes),1,Church of Ireland Clerk in Holy Orders Rector of Castletown Area and Youghalarra Parishes
(Civil Service) Sorting Cerk and Telegraphist ERCO,1,Civil Service Sorting Cerk and Telegraphist ERCO
(Civil) Engineer,1,Civil Engineer
(Clergyman Rector-Ch of Ireland),1,Clergyman Rector Ch of Ireland
(Clergyman) Catholic Church,1,Clergyman Catholic Church
(Clerk at Linen Factory),1,Clerk at Linen Factory
(Clerk in Linen Factory),1,Clerk in Linen Factory
(Clerk) Wine and Spirit Business,1,Clerk Wine and Spirit Business
(Clerkess) Flax Mill,1,Clerkess Flax Mill
(Clerks Messenger),1,Clerks Messenger
(Clothes) Traveller,1,Clothes Traveller
(Co Road) Surfaceman,1,Co Road Surfaceman
(Coach Man) Domestic Servant,1,Coach Man Domestic Servant
(Coal and Shipping Office) Commercial Clerk,1,Coal and Shipping Office Commercial Clerk
(Coal Merchant Clerk),1,Coal Merchant Clerk
(Coal Merchants Accountant),1,Coal Merchants Accountant
(Coal Porter Servant),1,Coal Porter Servant
(Coal Quay) Labourer,1,Coal Quay Labourer
(Collage of Surgeons and Physicians) Dispensary Doctor,1,Collage of Surgeons and Physicians Dispensary Doctor
(Commercial Clerk Textile Machinery),1,Commercial Clerk Textile Machinery
(Commercial Traveller),1,Commercial Traveller
(Commercial Traveller) Drapery,1,Commercial Traveller Drapery
(Commercial Woollens),1,Commercial Woollens
(Commercial) Accountant,1,Commercial Accountant
(Commercial) Bookkeeper and Clerk,1,Commercial Bookkeeper and Clerk
(Commercial) Clerk,1,Commercial Clerk
(Commercial) Traveller,1,Commercial Traveller
(Contractor) Mason,1,Contractor Mason
(Cook) Domestic Servant Unemployed,1,Cook Domestic Servant Unemployed
(Cook) Domestic Set Unemployed,1,Cook Domestic Set Unemployed
(Cook) General Servant,1,Cook General Servant
(Cook) Servant Domestic,1,Cook Servant Domestic
(Coombe Harbour) Apprentice to Fitting,1,Coombe Harbour Apprentice to Fitting
(Copper Plate) Printer,1,Copper Plate Printer
(Cording Tobacco Factory),1,Cording Tobacco Factory
(Cork) Butcherer Laborer,1,Cork Butcherer Laborer
(Cork) Distiller Laborer,1,Cork Distiller Laborer
(Corl) Engineers Apprentice,1,Corl Engineers Apprentice
(Corn) Labourer,1,Corn Labourer
(Corn) Miller,1,Corn Miller
(Corporal Royal Engineers) (Superintent of Surveyors),1,Corporal Royal Engineers Superintent of Surveyors
(Corporation) Labourer,1,Corporation Labourer
(Cottier) No Occupation,1,Cottier No Occupation
(Cotton) Beetler Unemployed,1,Cotton Beetler Unemployed
(Cotton) Winder,1,Cotton Winder
(Crane) Engine Driver,1,Crane Engine Driver
(Curate) Clergyman of the Church of Ireland,1,Curate Clergyman of the Church of Ireland
(Cutlery and Electro Pak)Commercial Traveller,1,Cutlery and Electro PakCommercial Traveller
(Cycle Shop Manager),1,Cycle Shop Manager
(Dalf Shop) Tea Agent,1,Dalf Shop Tea Agent
(Daughter) Scholar,1,Daughter Scholar
(Deacon) Curate Church of Ireland,1,Deacon Curate Church of Ireland
(Deceased Soldiers) Wife Out Box Relief,1,Deceased Soldiers Wife Out Box Relief
(Department) Clerk-(Typist),1,Department Clerk Typist
(Deriving Income Hour Dividends),1,Deriving Income Hour Dividends
(Despatched) Clerk,1,Despatched Clerk
(Dom) Servant,1,Domestic Servant
(Domestic General-Servant),1,General Domestic Servant
(Domestic House Keeper),1,Domestic Housekeeper
(Domestic Servant Coach Man),1,Domestic Servant Coach Man
(Domestic Servant),1,Domestic Servant
(Domestic Servant) Coachman,1,Domestic Servant Coachman
(Domestic Servant) Cook-General,1,Domestic Servant Cook General
(Domestic Servant) Gardener,1,Domestic Servant Gardener
(Domestic Servant) Gardener (Head),1,Domestic Servant Gardener Head
(Domestic Servant) Groom,1,Domestic Servant Groom
(Domestic Servant) Housekeeper,1,Domestic Servant Housekeeper
(Domestic Servant) Housemaid,1,Domestic Servant Housemaid
(Domestic Servant) Parlour Maid,1,Domestic Servant Parlour Maid
(Domestic Servant) Unemployed,1,Domestic Servant Unemployed
(Domestic) General Servent,1,Domestic General Servent
(Domestic) Genl Servant,1,Domestic Genl Servant
(Domestic) Hospital Wards Maid,1,Domestic Hospital Wards Maid
(Domestic) Nurse,1,Domestic Nurse
(Domestic) Servant Gen,1,Domestic Servant Gen
(Draper) Warehouseman,1,Draper Warehouseman
(Draper) Wollen Boys,1,Draper Wollen Boys
(Drapers Travler),1,Drapers Travler
(Drapers) Clerk,1,Draper's Clerk
(Drapers) Shop Assistant,1,Drapers Shop Assistant
(Drapers) Shop Porter,1,Drapers Shop Porter
(Drapery) Apprentice,1,Drapery Apprentice
(Drapery) Dressmaker,1,Drapery Dressmaker
(Drapery) Retired Commercial Clk,1,Drapery Retired Commercial Clk
(Drapery) Shop Assistant,1,Drapery Shop Assistant
(Drapry) Traveller,1,Drapry Traveller
(Drawer-in),1,Drawer in
(Dubl) F.R.C.P.I.Doctor of Medicine,1,Dubl F.R.C.P.I.Doctor of Medicine
(Dublin City) M A Retired Civil Engineer Income from Dividends 3 Houses and Interest of Money,1,Dublin City M A Retired Civil Engineer Income from Dividends 3 Houses and Interest of Money
(Dublin) Licensed Trader,1,Dublin Licensed Trader
(Eil),1,Eil
(Elementary School) Teacher,1,Elementary School Teacher
(Elevator) Sea Captain,1,Elevator Sea Captain
(Employ) Painter,1,Employ Painter
(Engine fitter) at Works,1,Engine fitter at Works
(Engine fitter) at works,1,Engine fitter at works
(Engine Fitter) at works,1,Engine Fitter at works
(Engine) Patternmaker,1,Engine Patternmaker
(Engineer at Engine Works),1,Engineer at Engine Works
(Ex Constable) Pensioner R I C,1,Ex Constable Pensioner R I C
(Ex Sergt R I Consty) and Timekeeper,1,Ex Sergt R I Consty and Timekeeper
(Ex Teacher) Pensioner,1,Ex Teacher Pensioner
(Ex) Spinner Flax,1,Ex Spinner Flax
(Excise) Offr Inland Revenue Department (1st Class),1,Excise Offr Inland Revenue Department 1st Class
(F S F) Private Income,1,F S F Private Income
(Factory) Carder (Tow),1,Factory Carder Tow
(Factory) Doffer,1,Factory Doffer
(Factory) Doffing Mistress),1,Factory Doffing Mistress
(Factory) Winder,1,Factory Winder
(Farm Business till too Old),1,Farm Business till too Old
(Farm Herd Servant),1,Farm Herd Servant
(Farm Labourer),1,Farm Labourer
(Farm Servant) Domestic Servant,1,Farm Servant Domestic Servant
(Farm) Steward and Herd,1,Farm Steward and Herd
(Farme) Scholar,1,Farme Scholar
(Farmer and Station Master),1,Farmer and Station Master
(Farmer's Son),1,Farmer's Son
(Farmers Daughter),1,Farmer's Daughter
(Farmers Son),1,Farmer's Son
(Farmers) or Landlord's and Care,1,Farmers or Landlord's and Care
(Farmers) Wife to Charles,1,Farmers Wife to Charles
(Fireman in Corn Mill),1,Fireman in Corn Mill
(Fitten-Gas),1,Fitten Gas
(Fitter) Coach Maker,1,Fitter Coach Maker
(Flax Mill Overlooker),1,Flax Mill Overlooker
(Flax) Mill Hand,1,Flax Mill Hand
(Flax) Scutcher,1,Flax Scutcher
(Flax) Spinning Master,1,Flax Spinning Master
(Flour Meal),1,Flour Meal
(Forewoman) Stitcher,1,Forewoman Stitcher
(French) Lecturer and Teacher,1,French Lecturer and Teacher
(G.P.O.) Pensioner,1,G.P.O. Pensioner
(Gardener Domestic Servant),1,Gardener Domestic Servant
(Gen) Labourer,1,General Labourer
(General Curate Servant Domestic),1,General Curate Servant Domestic
(General Domestic Servant,1,General Domestic Servant
(General Domestic) Servant,1,General Domestic Servant
(General Labourer),1,General Labourer
(General Labourer) Agricultural,1,General Labourer Agricultural
(General Marchant),1,General Marchant
"(General Merchant Publican, Grocer, Baker)",1,"General Merchant Publican, Grocer, Baker"
(General) Dealer,1,General Dealer
(General) Medical Practitioner,1,General Medical Practitioner
(General) Servant Domestic,1,General Domestic Servant
(General) Solicitor's Clerk,1,General Solicitor's Clerk
(General) Solicitors Clerk,1,General Solicitors Clerk
(General) Teacher B.A.,1,General Teacher B.A.
(General. Servant),1,General. Servant
(Genl) Domestic Servant,1,General Domestic Servant
(Genl) Servt Domestic,1,General Domestic Servant
(Gl) Labourer,1,General Labourer
(Grocer and Hardware) Merchant's Wife,1,Grocer and Hardware Merchant's Wife
(Grocer and Hardware) Shop Assistant,1,Grocer and Hardware Shop Assistant
(Grocer's) Message Boy,1,Grocer's Message Boy
(Grocer's) porter,1,Grocer's porter
(Grocer) (Tea and Wine) Merchant,1,Grocer Tea and Wine Merchant
(Grocers) Shopman,1,Grocers Shopman
(Groom) Servand House Maid,1,Groom Servand House Maid
(Grooms) Domestic Servant,1,Grooms Domestic Servant
(Hackle and Gill Manufactory) Clerk,1,Hackle and Gill Manufactory Clerk
(Handkerchief Folder),1,Handkerchief Folder
(Hardware Apprentice),1,Hardware Apprentice
(Hardware) Commercial Traveler,1,Hardware Commercial Traveler
(Head Groom Domestic Servt),1,Head Groom Domestic Servt
(Head Groom),1,Head Groom
(Herd) Shepherd,1,Herd Shepherd
(Horse Dealer),1,Horse Dealer
(Hospital) Night Nurse,1,Hospital Night Nurse
(House Agents) Clerk,1,House Agents Clerk
(House and Parlour Maid Domestic Servant,1,House and Parlour Maid Domestic Servant
(House Keeper Domestic Servant),1,House Keeper Domestic Servant
(House Keeper),1,Housekeeper
(House Maid Domestic) Servant,1,House Maid Domestic Servant
(House) Agent,1,House Agent
(House) Painter,1,House Painter
(House-Keeper),1,Housekeeper
(Housemaid) Domestic Servnat,1,Housemaid Domestic Servnat
(Housemaid) Servant Domestic,1,Housemaid Servant Domestic
(Husband Enumerated in Belfast) Wife,1,Husband Enumerated in Belfast Wife
(In Linen and Cotton W Factory) Commercial Clerk,1,In Linen and Cotton W Factory Commercial Clerk
(Infant-None),1,Infant None
(Infantry of the Line) Soldier Cr Sergt.,1,Infantry of the Line Soldier Cr Sergt.
(Inland Rev Dept Higher Grade Clerk) Civil Servant,1,Inland Rev Dept Higher Grade Clerk Civil Servant
(Invalid),1,Invalid
(Irish Church Missions) Schoolmaster,1,Irish Church Missions Schoolmaster
(Irish Presby Church) Clergyman,1,Irish Presby Church Clergyman
(Iron Foundry) Labourer,1,Iron Foundry Labourer
(Iron) Turner,1,Iron Turner
(Ironmonger) Manager-Public House,1,Ironmonger Manager Public House
(Ironworks) Clerk,1,Ironworks Clerk
(J.P.) Merchant,1,J.P. Merchant
(Jeweller and J P) Income Derived from Land,1,Jeweller and J P Income Derived from Land
(Journalist),1,Journalist
(Justice of the Peace),1,Justice of the Peace
(Justice of the Peace) Coach Builder,1,Justice of the Peace Coach Builder
(L.R.C S I) Physician and Surgeon,1,L.R.C S I Physician and Surgeon
(Laborer Surface Man on Road),1,Laborer Surface Man on Road
(Labour General),1,Labour General
(Labourer Foundry),1,Labourer Foundry
(Labourer General),1,General Labourer
(Labourer in Foundry),1,Labourer in Foundry
(Labourer in Linen Factory),1,Labourer in Linen Factory
(Labourer),1,Labourer
(Labourer) in Iron Works,1,Labourer in Iron Works
(Labourer) Servant,1,Labourer Servant
(Labourer.) Farm,1,Labourer. Farm
(Ladies Nurse) Midwife,1,Ladies Nurse Midwife
(Lady Aberdeens) Manageres Lace Depot,1,Lady Aberdeens Manageres Lace Depot
(Lady Cleark in Laundry),1,Lady Cleark in Laundry
(Lady) Dividends,1,Lady Dividends
(Land Interest On),1,Land Interest On
(Land Treasury Office),1,Land Treasury Office
(Land) Steward,1,Land Steward
(Late Rector of Abbey Leing Queen's Co Retired),1,Late Rector of Abbey Leing Queen's Co Retired
(Late) Railway General,1,Late Railway General
(Laundress) Domestic Servant,1,Laundress Domestic Servant
(Laundry) Smoother,1,Laundry Smoother
(Laundrymaid) Domestic Servant,1,Laundrymaid Domestic Servant
(Layer) Mill Worker,1,Layer Mill Worker
(Leather Salesman),1,Leather Salesman
(Licentiate Royal Colleges of Physicians and Surgeons Ireland),1,Licentiate Royal Colleges of Physicians and Surgeons Ireland
(Limewasher) labourer Limerick,1,Limewasher labourer Limerick
(Linen Business) Stockeeper,1,Linen Business Stockeeper
(Linen Spinner Mill),1,Linen Spinner Mill
(Linen Trade) Clerk,1,Linen Trade Clerk
(Linen Warehouse) Clerk,1,Linen Warehouse Clerk
(Linen Weaver),1,Linen Weaver
(Linen Yarn) Dresser,1,Linen Yarn Dresser
(Linen) Apprentice Tenter,1,Linen Apprentice Tenter
(Linen) Collar Stamper,1,Linen Collar Stamper
(Linen) Doffer,1,Linen Doffer
(Linen) Examiner,1,Linen Examiner
(Linen) Factory Engine Driver,1,Linen Factory Engine Driver
(Linen) in Room Doffing Spinning,1,Linen in Room Doffing Spinning
(Linen) Mill Spinner,1,Linen Mill Spinner
(Linen) Power Loom Tenter,1,Linen Power Loom Tenter
(Linen) Preparing Room Overlooker Unemployed,1,Linen Preparing Room Overlooker Unemployed
(Linen) Roave Drawer,1,Linen Roave Drawer
(Linen) Shop Assistant,1,Linen Shop Assistant
(Linen) Spinner Set Boy in Mill,1,Linen Spinner Set Boy in Mill
(Linen) Spinnes,1,Linen Spinnes
(Linen) Warehouse Clerk,1,Linen Warehouse Clerk
(Linen) Warehouse Clerk (Unemployed),1,Linen Warehouse Clerk Unemployed
(Linen) Warehouseman,1,Linen Warehouseman
(Linen) Yarn Bundler,1,Linen Yarn Bundler
(Linen) Yarn Counter,1,Linen Yarn Counter
(Linen) Yarn Drier,1,Linen Yarn Drier
(Linen) Yarn Shaher,1,Linen Yarn Shaher
(Linen) Yarn Shaper,1,Linen Yarn Shaper
(Linen) Yarn-Dryer,1,Linen Yarn Dryer
(Linn) Spinner,1,Linn Spinner
(Locomotive) Engine Driver,1,Locomotive Engine Driver
(Lodging House Keeper),1,Lodging House Keeper
(Loom Mounter Linen Trade),1,Loom Mounter Linen Trade
(Lord) Major Retd Pay J. P. Army,1,Lord Major Retd Pay J. P. Army
(M.A.T.C.D) Clergyman/Rector of Desetegney),1,M.A.T.C.D Clergyman/Rector of Desetegney
(M.B. DUB N UNIT) Physician,1,M.B. DUB N UNIT Physician
(Machanist) Stitcher,1,Machanist Stitcher
(Machine Boy) Mill Worker,1,Machine Boy Mill Worker
(Machine Work) Apprentice to Fitting,1,Machine Work Apprentice to Fitting
(Machinist Sewing),1,Machinist Sewing
(Maid) Domestic Servant,1,Maid Domestic Servant
(Man) Cooke Domestic Servant,1,Man Cooke Domestic Servant
(Manager for) Grocer,1,Manager for Grocer
(Manager) Druggist,1,Manager Druggist
(Managing) B.A.R.U.I,1,Managing B.A.R.U.I
(Master Carpenter),1,Master Carpenter
(Master Carpenter) and Farmer,1,Master Carpenter and Farmer
(Master) Cabinetmaker,1,Master Cabinetmaker
(Master) Carpenter,1,Master Carpenter
(Master) Draper,1,Master Draper
(Master) Shoemaker,1,Master Shoemaker
(Master) Yacht and Boat Builder,1,Master Yacht and Boat Builder
(Mechanical Engineer),1,Mechanical Engineer
(Medical Doctor) (General Practitioner),1,Medical Doctor General Practitioner
(Merchant Service) Sailor,1,Merchant Service Sailor
(Merchant Servt) Seaman,1,Merchant Servt Seaman
(Merchants Timber) Clark,1,Merchants Timber Clark
(Messenger Grocer Trade),1,Messenger Grocer Trade
(Messenger) at Harness Establishment,1,Messenger at Harness Establishment
(Methodist Minister),1,Methodist Minister
(Milk Factory) Working,1,Milk Factory Working
(Mill Mechanic),1,Mill Mechanic
(Mill) Douffer in Linen,1,Mill Douffer in Linen
(Mill) Engine Fitter,1,Mill Engine Fitter
(Miller) Unemployed,1,Miller Unemployed
(Milliner Apprentice),1,Milliner Apprentice
(Millinery) Commercial Traveller,1,Millinery Commercial Traveller
(Miner E. X. Barytes Mine),1,Miner E. X. Barytes Mine
(Mineral Water) Book Keeper,1,Mineral Water Book Keeper
(Mod) B H T C D,1,Mod B H T C D
(Money Invested in Railway Shares) Annuitant,1,Money Invested in Railway Shares Annuitant
(Money Invested) (Private Means),1,Money Invested Private Means
(Monitress) Gen Servant (Domestic),1,Monitress Gen Servant Domestic
(Nat Teacher) Pensioner,1,Nat Teacher Pensioner
(National School T.) Unemployed,1,National School T. Unemployed
(National School) Teacher,1,National School Teacher
(Needlework) Artist,1,Needlework Artist
(Never out of House),1,Never out of House
(News Agent) Shop Keeper,1,News Agent Shop Keeper
(Nil) School Boy,1,Nil School Boy
(none) Gentleman,1,none Gentleman
(None) Invalid,1,None Invalid
(None-Supported by Son),1,None Supported by Son
(Not at School Yst),1,Not at School Yst
(Not Practising) Doctor of Medicine R U J,1,Not Practising Doctor of Medicine R U J
(Nurse Domestic Servant),1,Nurse Domestic Servant
(Nurse) (Domestic),1,Nurse Domestic
(Nurseary) Labiourer,1,Nurseary Labiourer
(Oatmeal) Miller,1,Oatmeal Miller
(Office Boy Provision Shop),1,Office Boy Provision Shop
(On Strike) Corpenter,1,On Strike Corpenter
(Ordinary) National School Teacher,1,Ordinary National School Teacher
(Orphanage) Marton in this Institution,1,Orphanage Marton in this Institution
(out of Employment Domestic Servant,1,out of Employment Domestic Servant
(Owner Organ Grinder) Lodging House Keeper,1,Owner Organ Grinder Lodging House Keeper
(Painter),1,Painter
(Parlour Maid) (Domestic Servant),1,Parlour Maid Domestic Servant
(Peer) Earl,1,Peer Earl
(Pensioner from Army),1,Pensioner from Army
(Pensioner) Ex H C R I C,1,Pensioner Ex H C R I C
(Pensioner) Formerly Overseer of Labourers Rathmines District Counsil,1,Pensioner Formerly Overseer of Labourers Rathmines District Counsil
(Picture) Fitter,1,Picture Fitter
(Poor Woman Beggar),1,Poor Woman Beggar
(Postman),1,Postman
(Postmaster) Pensioner R.I.C,1,Postmaster Pensioner R.I.C
(Power and Sons Distillery) Cookerage (Depnt Head),1,Power and Sons Distillery Cookerage Depnt Head
(Power Loom Tenter) Unemployed,1,Power Loom Tenter Unemployed
(Power Loom Tuner) Apprentice,1,Power Loom Tuner Apprentice
(Practising Carvistor),1,Practising Carvistor
(Prebyterian Clergyman of Pres ch.in Irland),1,Prebyterian Clergyman of Pres ch.in Irland
(Presbyterian Minister's),1,Presbyterian Minister's
(Presbyterian) Minister,1,Presbyterian Minister
(Presser) Warehouse Worker,1,Presser Warehouse Worker
(Principal) National School Teacher,1,Principal National School Teacher
(Private) Allowance,1,Private Allowance
(Private) Soldier R G Regt,1,Private Soldier R G Regt
(Provision Business) Commercial Traveller,1,Provision Business Commercial Traveller
(Provision Business) Shop Assistant,1,Provision Business Shop Assistant
(Provision Store) Shop Keeper,1,Provision Store Shop Keeper
(Public) Laundry Maid,1,Public Laundry Maid
(Publican) Shop Keeper,1,Publican Shop Keeper
(Puress) Countess,1,Puress Countess
(Quay Labourer) Hobler,1,Quay Labourer Hobler
(R Catholic) Parish Priest,1,R Catholic Parish Priest
(R Irish Academy),1,R Irish Academy
(R. I. C.) Pensioner,1,R. I. C. Pensioner
(R.D.C) Farmer,1,R.D.C Farmer
(R.I.C Sergeants) Wife,1,R.I.C Sergeants Wife
(Railway) Accountant,1,Railway Accountant
(Railway) Apprentice Clerk,1,Railway Apprentice Clerk
(Railway) Engine Cleaner,1,Railway Engine Cleaner
(Railway) Engine Driver,1,Railway Engine Driver
(Railway) Labourer,1,Railway Labourer
(Railway) Store Clerk,1,Railway Store Clerk
(Railway) Telegraph Signalman,1,Railway Telegraph Signalman
(Read and Write) No Occupation,1,Read and Write No Occupation
(Rector Kilairley) Clergyman,1,Rector Kilairley Clergyman
(Reeler in Flax Mill),1,Reeler in Flax Mill
(Retired Commercial Traveller),1,Retired Commercial Traveller
(Retired Farmer),1,Retired Farmer
(Retired From Farming Business) None,1,Retired From Farming Business None
(Retired Labourer),1,Retired Labourer
(Retired Land Steward),1,Retired Land Steward
(Retired Post Office) Clerk,1,Retired Post Office Clerk
(Retired) Captain Late Kings Own Scottish Borderers (Foot),1,Retired Captain Late Kings Own Scottish Borderers Foot
(Retired) Gamekeeper,1,Retired Gamekeeper
(Retired) Land Steward,1,Retired Land Steward
(Retired) Leather Merchant,1,Retired Leather Merchant
(Retired) Linen Weaver,1,Retired Linen Weaver
(Retired) Mason,1,Retired Mason
(Retired) Servt Colmel,1,Retired Servt Colmel
(Retired) Shop Keepr,1,Retired Shop Keepr
(Retired) Stationery Engine Driver,1,Retired Stationery Engine Driver
(Retried Farmer) No Occupation,1,Retried Farmer No Occupation
(Rolling Tobacco Factory),1,Rolling Tobacco Factory
(Rope) Spinner,1,Rope Spinner
(Rover) Mill-Worker,1,Rover Mill Worker
(Royal Ac?my Porter,1,Royal Ac?my Porter
(Royal Cardman Pifles) House Keeper,1,Royal Cardman Pifles House Keeper
(Royal Pensioner) Navey,1,Royal Pensioner Navey
(Royal Unity Ireland) Medical Practitioner (General),1,Royal Unity Ireland Medical Practitioner General
(Rural) Post Boy,1,Rural Post Boy
(Rural) Post Man,1,Rural Post Man
(S),1,S
(Scholar) Scholar,1,Scholar Scholar
(School Teacher Unemployed),1,School Teacher Unemployed
(School) Compositor,1,School Compositor
(School-Teacher Unemployed),1,School Teacher Unemployed
(Seameed) Dulser Gatherer,1,Seameed Dulser Gatherer
(Secretary) Bank Official,1,Secretary Bank Official
(Seeds) Commercial Traveller,1,Seeds Commercial Traveller
(Seeds) Travelling Agent,1,Seeds Travelling Agent
(Sergeant) Insantry,1,Sergeant Insantry
(Sergt in Infantry) Army Pensioner,1,Sergt in Infantry Army Pensioner
(Servant Cook),1,Servant Cook
(Servant General) Domestic,1,Servant General Domestic
(Servant) (Domestic),1,Domestic Servant
(Servant) News Vendor,1,Servant News Vendor
(Service) Rural Post Man,1,Service Rural Post Man
(Services Keeper),1,Services Keeper
(Sheriffs Office City Court Ltd) Managing Clerk,1,Sheriffs Office City Court Ltd Managing Clerk
(Ship) Plumber,1,Ship Plumber
(Ship) Stager,1,Ship Stager
(Ships) Caretaker,1,Ships Caretaker
(Shipyard) Clerk,1,Shipyard Clerk
(Shirt) Factory Girl,1,Shirt Factory Girl
(Shop Keeper and Carpenter),1,Shop Keeper and Carpenter
(Shop) Messenger,1,Shop Messenger
(Slater),1,Slater
(Small) Shop-Keeper,1,Small Shop Keeper
"(Smith, Engine)",1,"Smith, Engine"
(Soldier) (Sergeant) York and Lancaster Rygt,1,Soldier Sergeant York and Lancaster Rygt
(Soldier) 5th Private R. I Lancers,1,Soldier 5th Private R. I Lancers
(Soldier) Sergeant Royal Garrison Artillery,1,Soldier Sergeant Royal Garrison Artillery
(Son) Scholar,1,Son Scholar
(Spinner) Mill Worker,1,Spinner Mill Worker
(Spirits) Commercial Traveller,1,Spirits Commercial Traveller
(Stationery) Commercial Traveller,1,Stationery Commercial Traveller
(Stone Quarry) Labourer,1,Stone Quarry Labourer
(Stonedressing),1,Stonedressing
(Stricker in Flax Mill,1,Stricker in Flax Mill
(Sugar) Merchants Clerk,1,Sugar Merchants Clerk
(Supper Royal Engineer's) Surveyor,1,Supper Royal Engineer's Surveyor
(Surveyor) Royal Engineers,1,Surveyor Royal Engineers
(T.C.D.) University Dublin Undergraduate,1,T.C.D. University Dublin Undergraduate
(Tea and wine merchants) Accountant,1,Tea and wine merchants Accountant
(Tea Trade) Commercial Traveller,1,Tea Trade Commercial Traveller
(Tea) Commercial Travellor,1,Tea Commercial Travellor
(Tea) Traveller,1,Tea Traveller
(Telegraph Messenger) Working,1,Telegraph Messenger Working
(Tobacco Factory) Commercial Clerk,1,Tobacco Factory Commercial Clerk
(Tobaconist) Commerical Traveller,1,Tobaconist Commerical Traveller
(Tobegin) Widow of a General Laborer,1,Tobegin Widow of a General Laborer
(Tram) D. U. T. Conductor,1,Tram D. U. T. Conductor
(Trimmer) Coach,1,Trimmer Coach
(Typist) Printer,1,Typist Printer
(Unable For Work) Yarn Bundler,1,Unable For Work Yarn Bundler
(Undergraduate in Arts R.U.I.) Second Division Clerk,1,Undergraduate in Arts R.U.I. Second Division Clerk
(Unemployed Boiler Makers Helper),1,Unemployed Boiler Makers Helper
(Unemployed Van Driver),1,Unemployed Van Driver
(Unemployed) (Flax Mill) Labourer,1,Unemployed Flax Mill Labourer
(Unemployed) Housemaid,1,Unemployed Housemaid
(Van-Man),1,Van Man
(Vet. Surgeon M.K.C.V.S. Practising in the Celbridge District),1,Vet. Surgeon M.K.C.V.S. Practising in the Celbridge District
(Visitor) No Employt,1,Visitor No Employt
(Warehouse) Clerk,1,Warehouse Clerk
(Was) Farm Servant,1,Was Farm Servant
(Washer),1,Washer
(Water Factory) Labourer In Mineral,1,Water Factory Labourer In Mineral
(Weaver of Damask),1,Weaver of Damask
(Whinny) Commercial Traveller,1,Whinny Commercial Traveller
(Whiskey) Commercial Traveller,1,Whiskey Commercial Traveller
(Wholesale Chemist) Clerk,1,Wholesale Chemist Clerk
(Wholesale Merchant) Grocery,1,Wholesale Merchant Grocery
(Widow) Lady,1,Widow Lady
(Wife of),1,Wife of
(Wife) Pensioner R.I. Causty Ex Sergt,1,Wife Pensioner R.I. Causty Ex Sergt
(Winder Mill),1,Winder Mill
(Winding Master in Linen Factory),1,Winding Master in Linen Factory
(Wine & Spirits) Commercial Traveller,1,Wine & Spirits Commercial Traveller
(Wine) Commercial Traveller,1,Wine Commercial Traveller
(Wine) Merchant I.P.,1,Wine Merchant I.P.
(Wood Cutting Machinest),1,Wood Cutting Machinest
(Wool) Machine Knitter,1,Wool Machine Knitter
(Woollen Manufacturing) Commercial Clerk,1,Woollen Manufacturing Commercial Clerk
(Workman Bootmaker),1,Workman Bootmaker
(Workshop for Blind) Apprentice,1,Workshop for Blind Apprentice
(Yarn Bleacher Linen),1,Yarn Bleacher Linen
(Yarn Bleacher Unemployed),1,Yarn Bleacher Unemployed
1/2 Time Pupil (Spg Mill),1,1/2 Time Pupil Spg Mill
"1st Cl Clerk, Education Officer Indergrad. T.C.D Public writer C (Reviewed)",1,"1st Cl Clerk, Education Officer Indergrad. T.C.D Public writer C Reviewed"
1st Class Army Reserve 2 Bat. R.I.R. (Labourer Genl),1,1st Class Army Reserve 2 Bat. R.I.R. Labourer Genl
1st Class Clerk in Kings ? Bench Division (Probate) Barriston at Law (Non Practissing) M A T.C.D,1,1st Class Clerk in Kings ? Bench Division Probate Barriston at Law Non Practissing M A T.C.D
1st Class Clerk L.G.B. (Deputy Principal) Dept,1,1st Class Clerk L.G.B. Deputy Principal Dept
1st Class Officer Ireland Revenue (Executive Branch),1,1st Class Officer Ireland Revenue Executive Branch
1st Class Officer of Inland Revenue (Excise Dept),1,1st Class Officer of Inland Revenue Excise Dept
1st Class Officer of Ireland Roscom(Excise),1,1st Class Officer of Ireland RoscomExcise
1st Class Offr Ireland of Rev (Excise),1,1st Class Offr Ireland of Rev Excise
1st Class Warrant Officer Army (Army School Master),1,1st Class Warrant Officer Army Army School Master
1st Footman (Domestic Servant),1,1st Footman Domestic Servant
1st South Lancashire Army Pensioner from-Land Bank Porter,1,1st South Lancashire Army Pensioner from Land Bank Porter
"1st-District Inspector, Royal Irish Constabulary",1,"1st District Inspector, Royal Irish Constabulary"
"2- Div. C. Service, Ireland",1,"2 Div. C. Service, Ireland"
2nd (Militia) Retird List,1,2nd Militia Retird List
2nd Div. Clerk-Civil Service,1,2nd Div. Clerk Civil Service
2nd Division - Clerk Secretary's Office G.P.O,1,2nd Division Clerk Secretary's Office G.P.O
2nd Division Clerk National Education Office-Dublin,1,2nd Division Clerk National Education Office Dublin
2nd Footman (Domestic Servant),1,2nd Footman Domestic Servant
2nd Housemaid-Domestic Servt.,1,2nd Housemaid Domestic Servt.
2nd Licest Army (Active),1,2nd Licest Army Active
2nd Lieut Royal Warwickshire Regt (Active List),1,2nd Lieut Royal Warwickshire Regt Active List
2nd Lieutenant Infartry (Active),1,2nd Lieutenant Infartry Active
2nd Mancgester Regt. Private-4th K.R.R,1,2nd Mancgester Regt. Private 4th K.R.R
2nd Mate (Unempd) Sailor (Merchant),1,2nd Mate Unempd Sailor Merchant
2nd-Corpl. Royal Engl-Soldier,1,2nd Corpl. Royal Engl Soldier
3rd Buffs (Infantry) Army Pensioner,1,3rd Buffs Infantry Army Pensioner
3rd Housemaid-Domestic Servt.,1,3rd Housemaid Domestic Servt.
4th Balt R.I. Rifles (Militia) Ptc Soldier,1,4th Balt R.I. Rifles Militia Ptc Soldier
5 th Leuister-Liett,1,5 th Leuister Liett
? and Telst (Civil Servt),1,? and Telst Civil Servt
? Boots (Hotel),1,? Boots Hotel
? Factory Worker (Linen),1,? Factory Worker Linen
? Sergt-Major Army Ordnance Corps,1,? Sergt Major Army Ordnance Corps
?-Domestic Servant,1,? Domestic Servant
[Journal Med Practr M B B Ch R U I,1,Journal Med Practr M B B Ch R U I
[Out of Employment] Servant,1,Out of Employment Servant
A B (Seaman),1,A B Seaman
A B) Sailor,1,A B Sailor
A Dress-Maker,1,A Dress Maker
A labourer,1,Agricultural Labourer
A Lady-Artist,1,A Lady Artist
A M-I P-Solicitor,1,A M I P Solicitor
A Pensioner (Army),1,A Pensioner Army
A Reeler in Mill (Linen),1,A Reeler in Mill Linen
A Servant-Domestic,1,A Servant Domestic
A Soldier in 3rd Hussars (on Furlough),1,A Soldier in 3rd Hussars on Furlough
A Spinner (Flax),1,A Spinner Flax
A Weaver (Lin),1,A Weaver Lin
A-Folder,1,A Folder
A-Labourer and Scholar,1,A Labourer and Scholar
A.M. I.P - Landlord and Landholder,1,A.M. I.P Landlord and Landholder
AB-MD.JP. Coroner,1,AB MD.JP. Coroner
AB: MB.Bch. Bto. R.U.I. Admirally-Surgeon and C,1,AB: MB.Bch. Bto. R.U.I. Admirally Surgeon and C
Able Seaman (Mate),1,Able Seaman Mate
Able Seaman-Mate,1,Able Seaman Mate
Able-Sea-Man,1,Able Sea Man
Abstractor (Irish land Commision),1,Abstractor Irish land Commision
Abstractor (Irish Land Comn.),1,Abstractor Irish Land Comn.
Academic Professor (Greek),1,Academic Professor Greek
Accountant (Bacon Factory),1,Accountant Bacon Factory
Accountant (Chartered),1,Accountant Chartered
Accountant (Drapery),1,Accountant Drapery
Accountant (in Crown and Place Office - Kerry),1,Accountant in Crown and Place Office Kerry
Accountant (In Spg Mill),1,Accountant In Spg Mill
Accountant (Iron),1,Accountant Iron
Accountant (Manufacturing Confectioner),1,Accountant Manufacturing Confectioner
Accountant (Public),1,Accountant Public
Accountant (Railway Cleaning House),1,Accountant Railway Cleaning House
Accountant (Retired) R I Constabulary AB.T.C.D.,1,Accountant Retired R I Constabulary AB.T.C.D.
Accountant (Secretary Stock Exchange),1,Accountant Secretary Stock Exchange
Accountant (Shipping),1,Accountant Shipping
Accountant (Shipyard Office),1,Accountant Shipyard Office
Accountant (Steam Ship Coy.),1,Accountant Steam Ship Coy.
Accountant (To Tobacco Mercht),1,Accountant To Tobacco Mercht
Accountant (un employed),1,Accountant un employed
Accountant (Unemployed),1,Accountant Unemployed
Accountant - Shipping,1,Accountant Shipping
Accountant and Secty (Brewery),1,Accountant and Secty Brewery
Accountant and Teacher (Commercial),1,Accountant and Teacher Commercial
Accountant-Brewery,1,Accountant Brewery
Accountant-Brewery L R C P and S Edinburgh Surgical Study at Spare Time,1,Accountant Brewery L R C P and S Edinburgh Surgical Study at Spare Time
Accountant-Charity Commission Dublin (Civil Servant),1,Accountant Charity Commission Dublin Civil Servant
Accountant-Clerk,1,Accountant Clerk
Accountant-Commercial Drapery,1,Accountant Commercial Drapery
Accountant-Constant,1,Accountant Constant
Accountant-Corn Merchant,1,Accountant Corn Merchant
Accountant-Distillery,1,Accountant Distillery
Accountant-Druggist,1,Accountant Druggist
Accountant-in Shipping Office,1,Accountant in Shipping Office
Accountant-Jeweller's and Silversmiths,1,Accountant Jeweller's and Silversmiths
Accountant-Land Agency,1,Accountant Land Agency
Accountant-Poor Law Guardman,1,Accountant Poor Law Guardman
Accountant-Shipping Office,1,Accountant Shipping Office
Accountant-Spirit Merchant Office,1,Accountant Spirit Merchant Office
Accountant-Wine Merchant,1,Accountant Wine Merchant
Accountant-Wool Mercht and Victualler,1,Accountant Wool Mercht and Victualler
Accountt - Bank,1,Accountt Bank
Accountt - Rent Dept Porter Brewery,1,Accountt Rent Dept Porter Brewery
Achar-woman,1,Achar woman
"Act Sgts Wife, (R.I.C)",1,"Act Sgts Wife, R.I.C"
Act-Sergt-R. I. Constabulary,1,Act Sergt R. I. Constabulary
Acting - Sergeant in the Royal Irish Constalenlery,1,Acting Sergeant in the Royal Irish Constalenlery
Active List Infantry Soldiers (Lieut Staff),1,Active List Infantry Soldiers Lieut Staff
Actor (Theatre),1,Actor Theatre
Actor-Unemployed,1,Actor Unemployed
Ag Labrourer (Formerly),1,Ag Labrourer Formerly
Ag-Labourer,1,Agricultural Labourer
Agal-Labourers,1,Agal Labourers
Agent (Advertising),1,Agent Advertising
Agent (All Company),1,Agent All Company
Agent (Boot),1,Agent Boot
Agent (Brewers),1,Agent Brewers
Agent (Brewery),1,Agent Brewery
Agent (Ch Mann?),1,Agent Ch Mann?
Agent (Coal),1,Agent Coal
Agent (Commission),1,Agent Commission
Agent (Drapery),1,Agent Drapery
Agent (Electrical Supplies),1,Agent Electrical Supplies
Agent (flour),1,Agent flour
Agent (Flower),1,Agent Flower
Agent (For House Property),1,Agent For House Property
Agent (General Hardware),1,Agent General Hardware
Agent (Grain),1,Agent Grain
Agent (Insurance),1,Agent Insurance
Agent (Linen),1,Agent Linen
Agent (Linens),1,Agent Linens
Agent (Misceellaneous),1,Agent Misceellaneous
Agent (Railway),1,Agent Railway
Agent (Tobacconist),1,Agent Tobacconist
Agent (Traveller),1,Agent Traveller
Agent (Whiskey),1,Agent Whiskey
Agent - Goodbodys - Tobacco,1,Agent Goodbodys Tobacco
Agent - Grocery,1,Agent Grocery
Agent - Oil and Insurance,1,Agent Oil and Insurance
Agent - Pianos,1,Agent Pianos
Agent - Sewing MfC,1,Agent Sewing MfC
Agent - Travelling,1,Agent Travelling
"Agent and Comr Traveller (Grocery, Drap, Pror and C)",1,"Agent and Comr Traveller Grocery, Drap, Pror and C"
Agent and Shipper Merchant (Trade Caston),1,Agent and Shipper Merchant Trade Caston
Agent for Flour Bran Bacon-Sugar,1,Agent for Flour Bran Bacon Sugar
Agent-Advertising Tablets,1,Agent Advertising Tablets
Agent-Ast Branch,1,Agent Ast Branch
Agent-Building Society,1,Agent Building Society
Agent-Canadian Government,1,Agent Canadian Government
Agent-Coal-Stone,1,Agent Coal Stone
Agent-Cycle,1,Agent Cycle
Agent-House,1,Agent House
Agent-Insurance,1,Agent Insurance
Agent-Musical Instruments,1,Agent Musical Instruments
Agent-Passenger Stanmeyer,1,Agent Passenger Stanmeyer
Agent-Sanitary E?tten,1,Agent Sanitary E?tten
Agent-Sewing Machines,1,Agent Sewing Machines
Agent-Shipping,1,Agent Shipping
Agent-Steamship,1,Agent Steamship
Agent-Woollen and Cotton Goods,1,Agent Woollen and Cotton Goods
Agl labourer,1,Agricultural Labourer
AgL Labourer,1,Agricultural Labourer
Agl Labourer (Tramp),1,Agl Labourer Tramp
Agl Labourer (Unemployed),1,Agl Labourer Unemployed
Agr Labourer-Unemployed,1,Agr Labourer Unemployed
Agri.-Labourer,1,Agri. Labourer
Agrical-Labourer,1,Agrical Labourer
Agricl labourer,1,Agricultural Labourer
agricl Labourer,1,Agricultural Labourer
Agricr Labourer-Retd,1,Agricr Labourer Retd
Agricul Labourer (Retired),1,Agricul Labourer Retired
Agricul-Labour,1,Agricul Labour
Agricult - Labourer,1,Agricultural Labourer
Agricultl - Labourer,1,Agricultural Labourer
Agricultl-Laborer,1,Agricultl Laborer
Agricultl-Labourer Unemployed,1,Agricultl Labourer Unemployed
Agricultr-Labourer,1,Agricultr Labourer
Agricultral Labourer (Unemployed),1,Agricultral Labourer Unemployed
Agricultrl-Labourer,1,Agricultrl Labourer
Agricultular-Labour,1,Agricultular Labour
Agricultural -Labourer,1,Agricultural Labourer
Agricultural labour,1,Agricultural Labourer
Agricultural Labourer (Daughter),1,Agricultural Labourer Daughter
Agricultural Labourer (Gardener),1,Agricultural Labourer Gardener
Agricultural Labourer (Out of Employment),1,Agricultural Labourer Out of Employment
Agricultural Labourer (Shephard),1,Agricultural Labourer Shephard
Agricultural Labourer (Wife),1,Agricultural Labourer Wife
Agricultural Labourer Army Pensioner (95th Regt),1,Agricultural Labourer Army Pensioner 95th Regt
Agricultural Labourer Plough-Boy,1,Agricultural Labourer Plough Boy
Agricultural Labourer Wife (Employed in House),1,Agricultural Labourer Wife Employed in House
Agricultural Labourer-Army Pensioner from English Service,1,Agricultural Labourer Army Pensioner from English Service
Agricultural Labourer-Boy,1,Agricultural Labourer Boy
Agricultural Labourer-Surfaceman,1,Agricultural Labourer Surfaceman
Agricultural Labourer-Unemployed,1,Agricultural Labourer Unemployed
Agricultural Labourer-Wife,1,Agricultural Labourer Wife
Agricultural Servant-Domestic,1,Agricultural Servant Domestic
Agricultural-Engineer,1,Agricultural Engineer
Agricultural-Laborer,1,Agricultural Labourer
Agricultural-Labou,1,Agricultural Labou
Agriculturial-Labour,1,Agriculturial Labour
Agriculturist Retired (National Education Board),1,Agriculturist Retired National Education Board
Agriculural Labourer (Farm),1,Agriculural Labourer Farm
Agriculural-Labourer,1,Agricultural Labourer
Agricutural labourer,1,Agricultural Labourer
Agril - Labourer,1,Agril Labourer
Agril-Labourer and Farmer,1,Agril Labourer and Farmer
Agrl - Labourer,1,Agricultural Labourer
Agrl. Out-Worker (Fields),1,Agrl. Out Worker Fields
Akf-Folder,1,Akf Folder
Alderman Printer-Compositor,1,Alderman Printer Compositor
Alderman-Baker,1,Alderman Baker
Allotment Clerk (Co Council),1,Allotment Clerk Co Council
American Civil Service (PO),1,American Civil Service PO
An Apprentice to Shoe-Maker,1,An Apprentice to Shoe Maker
An Ex-Teacher,1,An Ex Teacher
Annuitant-Dividends,1,Annuitant Dividends
Annuity (Life),1,Annuity Life
Annuity House Pro Civil Service (Museum),1,Annuity House Pro Civil Service Museum
Annuity-Dividends,1,Annuity Dividends
Annuty (Pargators),1,Annuty Pargators
Ap-Iron Moulder,1,Ap Iron Moulder
Apothecary (Assistant),1,Apothecary Assistant
App - Wholesale Draprey,1,App Wholesale Draprey
App to Yarn-Winder,1,App to Yarn Winder
App-Carpenter,1,App Carpenter
App-Coach Painter,1,App Coach Painter
App-Cooper,1,App Cooper
App-Draper,1,App Draper
App-Dressmaker,1,App Dressmaker
App-Iron Turner,1,App Iron Turner
App-Mantle Maker,1,App Mantle Maker
App-Shipwright,1,App Shipwright
App-Wood Turner,1,App Wood Turner
App. Collar-Cutter,1,App. Collar Cutter
App. Fitter (Foundry),1,App. Fitter Foundry
App. Paper-Ruler,1,App. Paper Ruler
App. Pattern-Maker,1,App. Pattern Maker
App.I.Ship-Wright,1,App.I.Ship Wright
Appce. Iron-Turner,1,Appce. Iron Turner
Appenter-Operative,1,Appenter Operative
Appentice (Carpenter),1,Appentice Carpenter
Appentice-Hardware,1,Appentice Hardware
Apperentice - Electrical Engineering,1,Apperentice Electrical Engineering
Appointed by Royal Warrant (1885) Poulterer F H R H Prince of Wales,1,Appointed by Royal Warrant 1885 Poulterer F H R H Prince of Wales
Appr Fitter (Iron),1,Appr Fitter Iron
Apprentic (Grocer),1,Apprentic Grocer
Apprentic (Milliner),1,Apprentic Milliner
Apprentic to Ship-Joiner,1,Apprentic to Ship Joiner
Apprentic-Mason,1,Apprentic Mason
Apprentic-Plumer and Gas Fitter,1,Apprentic Plumer and Gas Fitter
Apprentice (?),1,Apprentice ?
Apprentice (?iy Master),1,Apprentice ?iy Master
Apprentice (Accountancy),1,Apprentice Accountancy
Apprentice (Blacksmith),1,Apprentice Blacksmith
Apprentice (Blacksmiths),1,Apprentice Blacksmiths
Apprentice (Brass Finistory),1,Apprentice Brass Finistory
Apprentice (Brass Fitter),1,Apprentice Brass Fitter
Apprentice (Bricklayer),1,Apprentice Bricklayer
Apprentice (Builder),1,Apprentice Builder
Apprentice (Carpen,1,Apprentice Carpen
Apprentice (Coach Builder),1,Apprentice Coach Builder
Apprentice (Collar Mark),1,Apprentice Collar Mark
Apprentice (Confectioner),1,Apprentice Confectioner
Apprentice (Cooper),1,Apprentice Cooper
Apprentice (Creamery),1,Apprentice Creamery
Apprentice (Drapery Bus),1,Apprentice Drapery Bus
Apprentice (Dressmaking),1,Apprentice Dressmaking
Apprentice (Drugist),1,Apprentice Drugist
Apprentice (Engine Fitter),1,Apprentice Engine Fitter
Apprentice (Engineer),1,Apprentice Engineer
Apprentice (Furniture),1,Apprentice Furniture
Apprentice (Furs),1,Apprentice Furs
Apprentice (Gardener),1,Apprentice Gardener
Apprentice (Grocers),1,Apprentice Grocers
Apprentice (Groceryer),1,Apprentice Groceryer
Apprentice (Hardware),1,Apprentice Hardware
Apprentice (Harness Maker),1,Apprentice Harness Maker
Apprentice (Iron Foundries),1,Apprentice Iron Foundries
Apprentice (Ironmonger),1,Apprentice Ironmonger
Apprentice (Ironmongery),1,Apprentice Ironmongery
Apprentice (Lea),1,Apprentice Lea
Apprentice (Linen Bus),1,Apprentice Linen Bus
Apprentice (Linen Warehouse),1,Apprentice Linen Warehouse
Apprentice (Mill Manager),1,Apprentice Mill Manager
Apprentice (Money),1,Apprentice Money
Apprentice (Pattern Cutting),1,Apprentice Pattern Cutting
Apprentice (Piano),1,Apprentice Piano
Apprentice (Plater),1,Apprentice Plater
Apprentice (Printer) Compositor,1,Apprentice Printer Compositor
Apprentice (Printing),1,Apprentice Printing
Apprentice (Seed Trade),1,Apprentice Seed Trade
Apprentice (Shoemaker),1,Apprentice Shoemaker
Apprentice (Stationer),1,Apprentice Stationer
Apprentice (Tailor's) Cutter,1,Apprentice Tailor's Cutter
Apprentice (Tea Trade),1,Apprentice Tea Trade
Apprentice (Tea),1,Apprentice Tea
Apprentice (to) Drapery,1,Apprentice to Drapery
Apprentice (W Sale Drapery),1,Apprentice W Sale Drapery
Apprentice (Warehouse),1,Apprentice Warehouse
Apprentice - Blacksmith,1,Apprentice Blacksmith
Apprentice - Clerk,1,Apprentice Clerk
Apprentice - Confectionery,1,Apprentice Confectionery
Apprentice - Draper,1,Apprentice Draper
Apprentice - Millinery and Sales,1,Apprentice Millinery and Sales
Apprentice - Saddler,1,Apprentice Saddler
Apprentice Body-Maker,1,Apprentice Body Maker
Apprentice Boiler - Maker,1,Apprentice Boiler Maker
Apprentice Brick-Layer,1,Apprentice Brick Layer
Apprentice Cabinet - Maker,1,Apprentice Cabinet Maker
Apprentice Cabinet- Maker,1,Apprentice Cabinet Maker
Apprentice Cabinet-Making,1,Apprentice Cabinet Making
Apprentice Clerk (Drapery),1,Apprentice Clerk Drapery
Apprentice Clerk-Distillery,1,Apprentice Clerk Distillery
Apprentice Clerk-Rent Agency,1,Apprentice Clerk Rent Agency
Apprentice Clerk-Rly,1,Apprentice Clerk Rly
Apprentice Coach-Builder,1,Apprentice Coach Builder
Apprentice Cropper in (Linen Factory),1,Apprentice Cropper in Linen Factory
Apprentice Dress (Maker),1,Apprentice Dress Maker
Apprentice Dress-Maker,1,Apprentice Dress Maker
Apprentice Dyer (Woollen),1,Apprentice Dyer Woollen
Apprentice Engine (Fitter),1,Apprentice Engine Fitter
Apprentice Fancy-Box Maker,1,Apprentice Fancy Box Maker
Apprentice Fitter (At Works),1,Apprentice Fitter At Works
Apprentice Fitter (Engineer),1,Apprentice Fitter Engineer
Apprentice Fitter (Engineers),1,Apprentice Fitter Engineers
Apprentice Gardener-Domestic Servant,1,Apprentice Gardener Domestic Servant
Apprentice Gas-Fitter,1,Apprentice Gas Fitter
Apprentice Grocery and Sprit-Trade,1,Apprentice Grocery and Sprit Trade
Apprentice Hackle-Settle in Foundry,1,Apprentice Hackle Settle in Foundry
Apprentice House-Painter,1,Apprentice House Painter
Apprentice in Book-Seller's Shop,1,Apprentice in Book Seller's Shop
Apprentice in Drapery (Business),1,Apprentice in Drapery Business
Apprentice in Hard-Ware Factory,1,Apprentice in Hard Ware Factory
Apprentice in Hardware-Shop,1,Apprentice in Hardware Shop
Apprentice in Power Loom Factor (Dresser),1,Apprentice in Power Loom Factor Dresser
Apprentice Iron-Fitter,1,Apprentice Iron Fitter
Apprentice Linen-Lapper,1,Apprentice Linen Lapper
Apprentice Litho-Grpaher,1,Apprentice Litho Grpaher
Apprentice Machanic in Ship - Yard,1,Apprentice Machanic in Ship Yard
Apprentice Machine-Maker,1,Apprentice Machine Maker
Apprentice Mechanic (Iron Foundery),1,Apprentice Mechanic Iron Foundery
Apprentice Mill-Wright,1,Apprentice Mill Wright
Apprentice Painter (House),1,Apprentice Painter House
Apprentice Plater (Shipyard),1,Apprentice Plater Shipyard
Apprentice Plumber and Gas-Fitter,1,Apprentice Plumber and Gas Fitter
Apprentice Printer-Compositor,1,Apprentice Printer Compositor
Apprentice Shoe-Maker,1,Apprentice Shoe Maker
Apprentice Shop Assistant (Drapery),1,Apprentice Shop Assistant Drapery
Apprentice Soap-Boiler,1,Apprentice Soap Boiler
Apprentice Spinner-Woollen Factory,1,Apprentice Spinner Woollen Factory
Apprentice Stock-Broker,1,Apprentice Stock Broker
Apprentice Tenter (Linen),1,Apprentice Tenter Linen
Apprentice to (Gardener),1,Apprentice to Gardener
Apprentice to Boiler-Maker,1,Apprentice to Boiler Maker
Apprentice to Coach - Maker,1,Apprentice to Coach Maker
Apprentice to Dress-Making,1,Apprentice to Dress Making
Apprentice to Engineering (Engine Fitting),1,Apprentice to Engineering Engine Fitting
Apprentice to Engineering (Mechanical),1,Apprentice to Engineering Mechanical
Apprentice to Leather-Trade,1,Apprentice to Leather Trade
Apprentice to Linen Triade-B.A.T.C.D,1,Apprentice to Linen Triade B.A.T.C.D
Apprentice to Linen Ware-House Unemployed,1,Apprentice to Linen Ware House Unemployed
Apprentice to Saled (Drapery),1,Apprentice to Saled Drapery
Apprentice to Stock-Broker,1,Apprentice to Stock Broker
Apprentice to Stone-Mason,1,Apprentice to Stone Mason
Apprentice to-Jewellery,1,Apprentice to Jewellery
Apprentice West-Maker,1,Apprentice West Maker
Apprentice(Tailor),1,ApprenticeTailor
Apprentice-Baker,1,Apprentice Baker
Apprentice-Boat Builder,1,Apprentice Boat Builder
Apprentice-Book-Keeper,1,Apprentice Book Keeper
Apprentice-Bookbinding,1,Apprentice Bookbinding
Apprentice-Bootmaker,1,Apprentice Bootmaker
Apprentice-Butche,1,Apprentice Butche
Apprentice-Cabinet-Maker,1,Apprentice Cabinet Maker
Apprentice-Creamery,1,Apprentice Creamery
Apprentice-Dentist,1,Apprentice Dentist
Apprentice-Domestic,1,Apprentice Domestic
Apprentice-Draper,1,Apprentice Draper
Apprentice-Dress Making,1,Apprentice Dress Making
Apprentice-Dye Works,1,Apprentice Dye Works
"Apprentice-Engine, Fitter at Works",1,"Apprentice Engine, Fitter at Works"
Apprentice-Fancy Box Making,1,Apprentice Fancy Box Making
Apprentice-Grocery and c,1,Apprentice Grocery and c
Apprentice-Grocery Trade,1,Apprentice Grocery Trade
Apprentice-Hardware Business,1,Apprentice Hardware Business
Apprentice-Hattrade,1,Apprentice Hattrade
Apprentice-Insurance,1,Apprentice Insurance
Apprentice-Ironmonger,1,Apprentice Ironmonger
Apprentice-Joiner,1,Apprentice Joiner
Apprentice-Linen Business,1,Apprentice Linen Business
Apprentice-Linen Merchant,1,Apprentice Linen Merchant
Apprentice-Linen Waver,1,Apprentice Linen Waver
Apprentice-Machanic,1,Apprentice Machanic
Apprentice-Meillinory,1,Apprentice Meillinory
Apprentice-Millinery,1,Apprentice Millinery
Apprentice-Painter,1,Apprentice Painter
Apprentice-Pawnbroker,1,Apprentice Pawnbroker
Apprentice-Plasterer,1,Apprentice Plasterer
Apprentice-Plater,1,Apprentice Plater
Apprentice-Platter,1,Apprentice Platter
Apprentice-Printing Compositor,1,Apprentice Printing Compositor
Apprentice-Provision Trade,1,Apprentice Provision Trade
Apprentice-Saddely,1,Apprentice Saddely
Apprentice-Shoemaker,1,Apprentice Shoemaker
Apprentice-Shop,1,Apprentice Shop
Apprentice-Stationary,1,Apprentice Stationary
Apprentice-Stationery D,1,Apprentice Stationery D
Apprentice-Surveyor,1,Apprentice Surveyor
Apprentice-Tobacconist,1,Apprentice Tobacconist
Apprentice-Whiskey,1,Apprentice Whiskey
Apprentice-Wholesale Druggist and Grocer,1,Apprentice Wholesale Druggist and Grocer
Apprentice-Woollen Drapery,1,Apprentice Woollen Drapery
Apprenticed Iron - Turner,1,Apprenticed Iron Turner
Apprenties-Pawnbroker,1,Apprenties Pawnbroker
Apprs Mechanic (Fitter),1,Apprs Mechanic Fitter
Aprentes Turner (Iron),1,Aprentes Turner Iron
Aprentice (Engineer),1,Aprentice Engineer
Aprentice - Coach Building,1,Aprentice Coach Building
Aprentice Black-Smith,1,Aprentice Black Smith
Aprentice Fitter (Iron),1,Aprentice Fitter Iron
Aprenticed (Millinery),1,Aprenticed Millinery
Apron - Manufacturer,1,Apron Manufacturer
Apron Manufacturer-Master,1,Apron Manufacturer Master
Architech and Civil Engineer First Assistant Surveyor of Railways-Public Works Office,1,Architech and Civil Engineer First Assistant Surveyor of Railways Public Works Office
Architect B.E. (Q.U.I),1,Architect B.E. Q.U.I
Architect Land Agent-J P,1,Architect Land Agent J P
Architect-Apprentice,1,Architect Apprentice
Architect-B.A. (Dublin Ministry),1,Architect B.A. Dublin Ministry
Architect-Civil Engineer,1,Architect Civil Engineer
Architect-Surveyor,1,Architect Surveyor
Architectural Asst (Not Engaged),1,Architectural Asst Not Engaged
Armonrer ( Naval),1,Armonrer Naval
Army (Gal) Infantry,1,Army Gal Infantry
Army (Pensioner) Sol Rt. South Lancashire Regt,1,Army Pensioner Sol Rt. South Lancashire Regt
Army (Private) Pensioner,1,Army Private Pensioner
Army - Bandmaster,1,Army Bandmaster
Army Captain (Retired),1,Army Captain Retired
Army Clerk-Civilian,1,Army Clerk Civilian
Army Contractor-Grocer,1,Army Contractor Grocer
Army Infantry Clerk (Army Pensioner),1,Army Infantry Clerk Army Pensioner
Army Major (Active),1,Army Major Active
Army Major (Retired),1,Army Major Retired
Army Nursing Sister (Reserve),1,Army Nursing Sister Reserve
Army Pensioner (2nd 25th Sert),1,Army Pensioner 2nd 25th Sert
Army Pensioner (44th Foot),1,Army Pensioner 44th Foot
Army Pensioner (46 Infentary),1,Army Pensioner 46 Infentary
Army Pensioner (60th Rifles),1,Army Pensioner 60th Rifles
Army Pensioner (Artillery),1,Army Pensioner Artillery
Army Pensioner (Caretaker),1,Army Pensioner Caretaker
Army Pensioner (Commissionaire),1,Army Pensioner Commissionaire
Army Pensioner (Corporal),1,Army Pensioner Corporal
Army Pensioner (From Royal Artillery),1,Army Pensioner From Royal Artillery
Army Pensioner (Infantress) Labourer in Shipyard,1,Army Pensioner Infantress Labourer in Shipyard
Army Pensioner (Infantry) and Customs Watcher,1,Army Pensioner Infantry and Customs Watcher
Army Pensioner (Infty),1,Army Pensioner Infty
Army Pensioner (Invalid),1,Army Pensioner Invalid
Army Pensioner (of 18 Royal Irish),1,Army Pensioner of 18 Royal Irish
Army Pensioner (of 64 North Staford Shire),1,Army Pensioner of 64 North Staford Shire
Army Pensioner (Private Shropshire Reg),1,Army Pensioner Private Shropshire Reg
Army Pensioner (Private) 45th Regiment Foots,1,Army Pensioner Private 45th Regiment Foots
Army Pensioner (Private) 69 St Foot,1,Army Pensioner Private 69 St Foot
Army Pensioner (Private) Sale 88th Regt (Foot),1,Army Pensioner Private Sale 88th Regt Foot
Army Pensioner (Queenstown East Kant and c),1,Army Pensioner Queenstown East Kant and c
Army Pensioner (R. H Artilery),1,Army Pensioner R. H Artilery
Army Pensioner (Retired),1,Army Pensioner Retired
Army Pensioner (Royal Engineer),1,Army Pensioner Royal Engineer
Army Pensioner (Royal Engineers),1,Army Pensioner Royal Engineers
Army Pensioner (Royal H A),1,Army Pensioner Royal H A
Army Pensioner (Sergt Infantry),1,Army Pensioner Sergt Infantry
Army Pensioner - Infantry,1,Army Pensioner Infantry
Army Pensioner 106th-Foot,1,Army Pensioner 106th Foot
Army Pensioner 1st-21st Fusiliser,1,Army Pensioner 1st 21st Fusiliser
Army Pensioner 63- Suffock Rgt,1,Army Pensioner 63 Suffock Rgt
Army Pensioner and Labourer (General),1,Army Pensioner and Labourer General
Army Pensioner from (Infantry) and Farmer,1,Army Pensioner from Infantry and Farmer
Army Pensioner from Royal Artillery (No Employment),1,Army Pensioner from Royal Artillery No Employment
Army Pensioner Infanty and Lock-Keeper,1,Army Pensioner Infanty and Lock Keeper
Army Pensioner Office Keeper Army bod-Dep,1,Army Pensioner Office Keeper Army bod Dep
Army Pensioner Printer-Compositor,1,Army Pensioner Printer Compositor
Army Pensioner Railway Servant (Gasman),1,Army Pensioner Railway Servant Gasman
Army Pensioner Sergt 11th (DCO) Regt. Foot,1,Army Pensioner Sergt 11th DCO Regt. Foot
Army Pensioner Servant (Domestic),1,Army Pensioner Servant Domestic
Army Pensioner Soldier Pwy - Fus,1,Army Pensioner Soldier Pwy Fus
Army Pensioner-Clerk,1,Army Pensioner Clerk
Army Pensioner-Infantry,1,Army Pensioner Infantry
Army Pensioner-Infanty,1,Army Pensioner Infanty
Army Pensioner-Service Connery to Range,1,Army Pensioner Service Connery to Range
Army Private-49th Foot,1,Army Private 49th Foot
Army Private-59th Foot,1,Army Private 59th Foot
Army Reconstruction - Storekeeper,1,Army Reconstruction Storekeeper
Army Reserve Inistalling Fusiliers-Doctors Servt. Domestic,1,Army Reserve Inistalling Fusiliers Doctors Servt. Domestic
Army Retired (Pensioner),1,Army Retired Pensioner
Army Retired Liet (Captain) Staff for Engineer Services,1,Army Retired Liet Captain Staff for Engineer Services
Army School Master (Army Education Department),1,Army School Master Army Education Department
Army Schoolmaster (? Warrt. Offr.),1,Army Schoolmaster ? Warrt. Offr.
Army Schoolmaster (Retired),1,Army Schoolmaster Retired
Army Schoolmaster (Warrant Officer) Army School Department,1,Army Schoolmaster Warrant Officer Army School Department
Army Schoolmaster Corps of Army School-Masters,1,Army Schoolmaster Corps of Army School Masters
Army Sergeant (Infantry),1,Army Sergeant Infantry
Army-Military Foreman of Works Staff Sergt,1,Army Military Foreman of Works Staff Sergt
Art Master Spinner (Linen),1,Art Master Spinner Linen
Art Student (Painter),1,Art Student Painter
Art Student (Scholar),1,Art Student Scholar
Art Teacher (Drawing and Painting),1,Art Teacher Drawing and Painting
Art-Student,1,Art Student
Art-worker,1,Art worker
Articlad Clerk (S.Auditors and Accountant),1,Articlad Clerk S.Auditors and Accountant
Articled Clerk (Auditors),1,Articled Clerk Auditors
Articled Clerk (Law),1,Articled Clerk Law
Articled Clerk (Solicitors),1,Articled Clerk Solicitors
Artilley (Active List),1,Artilley Active List
Artisan (Unemployed),1,Artisan Unemployed
Artisan-Blacksmith,1,Artisan Blacksmith
Artist (A M),1,Artist A M
Artist (Confectioners),1,Artist Confectioners
Artist (Crayon - Drawing and Art Posters),1,Artist Crayon Drawing and Art Posters
Artist (Designed),1,Artist Designed
Artist (Desining),1,Artist Desining
Artist (Employed),1,Artist Employed
Artist (Engraver) Qualified Art Master,1,Artist Engraver Qualified Art Master
Artist (Landscape Figure),1,Artist Landscape Figure
Artist (Landscape Painter),1,Artist Landscape Painter
Artist (Painting and Designing),1,Artist Painting and Designing
Artist (Portrait Painter),1,Artist Portrait Painter
Artist (Portrait),1,Artist Portrait
Artist (Pupil),1,Artist Pupil
Artist (SCENIC),1,Artist SCENIC
Artist (Scenic),1,Artist Scenic
Artist (Seenary),1,Artist Seenary
Artist (Showened Designer etc),1,Artist Showened Designer etc
Artist (Singer),1,Artist Singer
Artist (Unemployed),1,Artist Unemployed
Artist (Watercolour),1,Artist Watercolour
Artist - Lithographic,1,Artist Lithographic
Artist - Painting,1,Artist Painting
Artist - Portract Black and White,1,Artist Portract Black and White
Artist - Portrait Painter,1,Artist Portrait Painter
Artist - Retired,1,Artist Retired
"Artist, (Portrait Painter)",1,"Artist, Portrait Painter"
Artist-Designer,1,Artist Designer
"Artist-Dramatic Art, and Photography, also Wood Carring",1,"Artist Dramatic Art, and Photography, also Wood Carring"
Artist-Drawing,1,Artist Drawing
Artist-Linen Damask Designer,1,Artist Linen Damask Designer
Artist-Lithographic,1,Artist Lithographic
Artist-Lithographic and Designer,1,Artist Lithographic and Designer
Artist-Moncia,1,Artist Moncia
Artist-Music,1,Artist Music
Artist-Painter,1,Artist Painter
Artist-Painting Porters,1,Artist Painting Porters
Artist-School of Art,1,Artist School of Art
Artist-Singer,1,Artist Singer
Artistic Finisher (Show Cards),1,Artistic Finisher Show Cards
Artizan (Bond Store),1,Artizan Bond Store
Artizan (General),1,Artizan General
Artizan (Linen Industry),1,Artizan Linen Industry
Arts Student (I.C.W),1,Arts Student I.C.W
Arts Student (R.U.I),1,Arts Student R.U.I
Arts-Student,1,Arts Student
Asderman-Knight M P Chemist,1,Asderman Knight M P Chemist
Ass-Pawnbroker,1,Ass Pawnbroker
Ass-Po-Office,1,Ass Po Office
Assessor of Fire Losses-Assistant Employed,1,Assessor of Fire Losses Assistant Employed
Assist (Linen) Factory Manager,1,Assist Linen Factory Manager
Assist - Grocer,1,Assist Grocer
Assist at Home (House Work),1,Assist at Home House Work
Assist Book Keeper (Hotel),1,Assist Book Keeper Hotel
Assist School-Master,1,Assist School Master
Assist Sec Co-Council,1,Assist Sec Co Council
Assist Steward - Boat,1,Assist Steward Boat
Assist-Colonel St Retired List,1,Assist Colonel St Retired List
Assist-House Keeper,1,Assist House Keeper
Assist-Messanger,1,Assist Messanger
Assist-on Farm,1,Assist on Farm
Assistant (Barman),1,Assistant Barman
Assistant (Carding) Master,1,Assistant Carding Master
Assistant (Domestic Sr),1,Assistant Domestic Sr
Assistant (Domestic) Servant,1,Assistant Domestic Servant
Assistant (Drapers Shop),1,Assistant Drapers Shop
Assistant (Leathers Trade),1,Assistant Leathers Trade
Assistant (Nat) School Teacher,1,Assistant Nat School Teacher
Assistant (National Teacher),1,Assistant National Teacher
Assistant (Property),1,Assistant Property
Assistant (Provision Shop),1,Assistant Provision Shop
Assistant (Publican's),1,Assistant Publican's
Assistant (Spirit Merchant),1,Assistant Spirit Merchant
Assistant - Dressmaker,1,Assistant Dressmaker
Assistant - Drugs Grocery,1,Assistant Drugs Grocery
Assistant - Fancy Good Shop,1,Assistant Fancy Good Shop
Assistant - Herd,1,Assistant Herd
Assistant - Hotel,1,Assistant Hotel
Assistant - Registray of Births and Deaths and Deputy Reg of Marriages,1,Assistant Registray of Births and Deaths and Deputy Reg of Marriages
Assistant - Shopkeeper,1,Assistant Shopkeeper
Assistant - Wine and Cigarete,1,Assistant Wine and Cigarete
"Assistant at ""Grain-Separating"" Engine",1,"Assistant at ""Grain Separating"" Engine"
Assistant Bar - Man,1,Assistant Bar Man
Assistant Bar-Boy,1,Assistant Bar Boy
Assistant Branch Manager of Trading Company (Cooperative Stores),1,Assistant Branch Manager of Trading Company Cooperative Stores
Assistant China Store (Shop),1,Assistant China Store Shop
Assistant Clerk (Crown and Peace Office Trim),1,Assistant Clerk Crown and Peace Office Trim
Assistant Clerk (Lbr),1,Assistant Clerk Lbr
Assistant Clerk Abstractor Class National Education Office-Ireland,1,Assistant Clerk Abstractor Class National Education Office Ireland
Assistant Clerk Foreign Office Subsequently ? General-Retired,1,Assistant Clerk Foreign Office Subsequently ? General Retired
Assistant Clerk of Westport Union),1,Assistant Clerk of Westport Union
Assistant Co - Operatior Store,1,Assistant Co Operatior Store
Assistant Coachman-Domestic Servant,1,Assistant Coachman Domestic Servant
Assistant Commissioner Irish Royal Commission Barrister at Law (Not in Practice),1,Assistant Commissioner Irish Royal Commission Barrister at Law Not in Practice
Assistant Game-Keeper,1,Assistant Game Keeper
Assistant Gardener - Domestic Servt,1,Assistant Gardener Domestic Servt
Assistant Gardener - Domestic Svt,1,Assistant Gardener Domestic Svt
Assistant Gardener-Domestic Servant,1,Assistant Gardener Domestic Servant
Assistant Gardiner (Domestic Servt),1,Assistant Gardiner Domestic Servt
Assistant Hotel-Keeper,1,Assistant Hotel Keeper
Assistant House-Keeper Domestic Servant,1,Assistant House Keeper Domestic Servant
Assistant in Boot-Shoe,1,Assistant in Boot Shoe
Assistant in Factory (Explosives),1,Assistant in Factory Explosives
Assistant in Grocery (Shop,1,Assistant in Grocery Shop
Assistant in Meal-Flour Store,1,Assistant in Meal Flour Store
Assistant in Nursery (Garden),1,Assistant in Nursery Garden
Assistant in School and House-Keeping,1,Assistant in School and House Keeping
Assistant Librarian (Civil Service) (Nat. Lib. of Ireland),1,Assistant Librarian Civil Service Nat. Lib. of Ireland
Assistant Light Keeper (Irish Lights Dublin),1,Assistant Light Keeper Irish Lights Dublin
Assistant Lock-Keeper,1,Assistant Lock Keeper
Assistant Loom Tuner (Woollen Mill),1,Assistant Loom Tuner Woollen Mill
Assistant Master (Elementary School),1,Assistant Master Elementary School
Assistant of College (D D),1,Assistant of College D D
Assistant of Excise (I. Revenue Dept.),1,Assistant of Excise I. Revenue Dept.
Assistant Paymaster Royal Navy (Active List),1,Assistant Paymaster Royal Navy Active List
Assistant Post-Boy,1,Assistant Post Boy
Assistant Resturant-Keeper,1,Assistant Resturant Keeper
Assistant School - Teacher,1,Assistant School Teacher
Assistant School Master-Unemployed,1,Assistant School Master Unemployed
Assistant Secretary-Commercial,1,Assistant Secretary Commercial
Assistant Servant-Domestic,1,Assistant Servant Domestic
Assistant Sorekeeper-Water Works,1,Assistant Sorekeeper Water Works
Assistant Stock - Keeper,1,Assistant Stock Keeper
Assistant Sub-Post Mistress,1,Assistant Sub Post Mistress
Assistant Supt (Telegraphs),1,Assistant Supt Telegraphs
Assistant Surveyor (Ordance Bervey) (Carrying Chairs),1,Assistant Surveyor Ordance Bervey Carrying Chairs
Assistant Surveyor of Taxes (Civil Servant),1,Assistant Surveyor of Taxes Civil Servant
Assistant Teacher-Natl School,1,Assistant Teacher Natl School
Assistant-Analist,1,Assistant Analist
Assistant-Bakery Manager,1,Assistant Bakery Manager
Assistant-Boot Establishment (Unemployed),1,Assistant Boot Establishment Unemployed
Assistant-Chemist,1,Assistant Chemist
Assistant-Creamery,1,Assistant Creamery
"Assistant-Demonstrator in Botany,R.C.Sc.I And Assistant to Curator of the Herbariam, National Merchant BA9Cantab)and Agricultural Diploma,Cambridge.",1,"Assistant Demonstrator in Botany,R.C.Sc.I And Assistant to Curator of the Herbariam, National Merchant BA9Cantaband Agricultural Diploma,Cambridge."
Assistant-Dressmaker and Shop,1,Assistant Dressmaker and Shop
Assistant-Dry Goods Warehouse,1,Assistant Dry Goods Warehouse
Assistant-Egg Merchant,1,Assistant Egg Merchant
Assistant-fancy Business,1,Assistant fancy Business
Assistant-Farmer,1,Assistant Farmer
Assistant-Forester General Labourer,1,Assistant Forester General Labourer
Assistant-Fruit,1,Assistant Fruit
Assistant-Grocer and Spirit Dealer,1,Assistant Grocer and Spirit Dealer
Assistant-Grocer's,1,Assistant Grocer's
Assistant-Grocers,1,Assistant Grocers
Assistant-in Linen House,1,Assistant in Linen House
Assistant-Ironmonger,1,Assistant Ironmonger
Assistant-Landsteward Domestic Servant,1,Assistant Landsteward Domestic Servant
Assistant-Minister of First Derry Presbyterian Church,1,Assistant Minister of First Derry Presbyterian Church
Assistant-Postmistress,1,Assistant Postmistress
Assistant-School Teacher,1,Assistant School Teacher
Assistant-Shop,1,Assistant Shop
Assistant-Stationer,1,Assistant Stationer
Assistant-Stationer Shop,1,Assistant Stationer Shop
Assistant-Surveyor,1,Assistant Surveyor
Assistant-Tea Shope,1,Assistant Tea Shope
Assistant-Teacher,1,Assistant Teacher
Assistants-Confectioners,1,Assistants Confectioners
Assisting at House-Hold Duties,1,Assisting at House Hold Duties
Assisting at House-Keeping,1,Assisting at House Keeping
Assisting her Mother (Domestic),1,Assisting her Mother Domestic
Assisting Shop-Keeper,1,Assisting Shop Keeper
Assit. Natl-Teacher,1,Assit. Natl Teacher
Assitant - Post Mistress,1,Assitant Post Mistress
Asst Book-Keeper,1,Asst Book Keeper
Asst House-Keeper,1,Asst House Keeper
Asst Just (Fishery),1,Asst Just Fishery
Asst Superentendent Post-Office,1,Asst Superentendent Post Office
Asst Supt Clare (Telegraph Dept G P O),1,Asst Supt Clare Telegraph Dept G P O
Asst-Examnr-HM Stationary Office,1,Asst Examnr HM Stationary Office
Asst-Factory Manager,1,Asst Factory Manager
Asst-Manager Linen Factory,1,Asst Manager Linen Factory
Asst-Sch. Teacher,1,Asst Sch. Teacher
Asst-Van Driver,1,Asst Van Driver
Asst-Victualler,1,Asst Victualler
Asst. Apothecary (Unemployed),1,Asst. Apothecary Unemployed
Asst. Clerk (Police Court Clerk),1,Asst. Clerk Police Court Clerk
Asst. Post-Mistress,1,Asst. Post Mistress
Asst. Teacher-M. N. S,1,Asst. Teacher M. N. S
Assurance Agent (Unemployed),1,Assurance Agent Unemployed
Ast Bricklayer (Emp),1,Ast Bricklayer Emp
Astronomer B.A. Int BSc. F.R.A.S (University of London),1,Astronomer B.A. Int BSc. F.R.A.S University of London
Asylum Cook (Assistant),1,Asylum Cook Assistant
Asylum Laundress (Assistant),1,Asylum Laundress Assistant
At - Home,1,At Home
At - Scholar,1,At Scholar
At Home (Genal Work),1,At Home Genal Work
At House-Work,1,At House Work
At School (Private),1,At School Private
At-School,1,At School
Ath-home,1,Ath home
Atn Sgt (Army),1,Atn Sgt Army
Attendant (Asylum),1,Attendant Asylum
Attendant-Domestic,1,Attendant Domestic
Attendent Maid-Domestic Servant,1,Attendent Maid Domestic Servant
Attendent-Turkish Baths,1,Attendent Turkish Baths
Attending (Scholar) School,1,Attending Scholar School
Attending + School (Scholar),1,Attending + School Scholar
Attending House-Work,1,Attending House Work
Attending School Partty (Scholar),1,Attending School Partty Scholar
Attending to House-Business,1,Attending to House Business
Auated Water Manufacturer (Master),1,Auated Water Manufacturer Master
Auated Water Manufasturer (Master),1,Auated Water Manufasturer Master
Auctioneer-Rate Collector,1,Auctioneer Rate Collector
Auctioneer-Valuer Furniture Buyer,1,Auctioneer Valuer Furniture Buyer
Audit Clerk (Shipping),1,Audit Clerk Shipping
Auditor Local Govd O Board M A (Dubl),1,Auditor Local Govd O Board M A Dubl
Aunt-in-Law,1,Aunt in Law
Author (Fiction),1,Author Fiction
Author (L.L.D.) Teacher of English Literature,1,Author L.L.D. Teacher of English Literature
Author (Magazine),1,Author Magazine
Author - (Novels and Poems),1,Author Novels and Poems
Author - Novelist,1,Author Novelist
Author-Fiztun,1,Author Fiztun
Authorers (Fiction),1,Authorers Fiction
Auxilary Post-Boy,1,Auxilary Post Boy
Auxiliary Postman-Rural,1,Auxiliary Postman Rural
"Auxiliary, Post-Man",1,"Auxiliary, Post Man"
B A [R U I],1,B A R U I
B A TCD. Assistant Naturalist Board of Agriculture (Fisher Board),1,B A TCD. Assistant Naturalist Board of Agriculture Fisher Board
B A. M D (Dublin) F R C P I. Physician (M.D.),1,B A. M D Dublin F R C P I. Physician M.D.
B A. T. C. D. Archt. and Surveyor in Irish Engineer-Land Commission,1,B A. T. C. D. Archt. and Surveyor in Irish Engineer Land Commission
B Clerk (Bank),1,B Clerk Bank
B Keeper (Potato Factory),1,B Keeper Potato Factory
B Smith-Helper,1,B Smith Helper
B-Army Pensioner,1,B Army Pensioner
B-Smith Striker,1,B Smith Striker
B. A. Rector of Tullow Clk-in Holy-Orders,1,B. A. Rector of Tullow Clk in Holy Orders
B. Sc (London) Ph. D. (Gottingen) Demonstrator in Botany,1,B. Sc London Ph. D. Gottingen Demonstrator in Botany
B.A (T.C.D) Medical Student,1,B.A T.C.D Medical Student
B.A (T.C.D.) Medical Student,1,B.A T.C.D. Medical Student
B.A (Univ. Dublin) and Student of Medicine,1,B.A Univ. Dublin and Student of Medicine
B.A - T.C.D. Goot Farmer,1,B.A T.C.D. Goot Farmer
B.A. (A.U.I) Visiting Foreman,1,B.A. A.U.I Visiting Foreman
B.A. (Camb.) Student of Theology,1,B.A. Camb. Student of Theology
"B.A. (Dubl) M.A. (Oxon) Prof of Hebrew, Presbyterian Coll Belfast",1,"B.A. Dubl M.A. Oxon Prof of Hebrew, Presbyterian Coll Belfast"
B.A. (I.C.D) School Teacher,1,B.A. I.C.D School Teacher
B.A. (R.U.I) Lady Student,1,B.A. R.U.I Lady Student
B.A. (Royal Unit) Medical Student,1,B.A. Royal Unit Medical Student
B.A. (T.C.D),1,B.A. T.C.D
B.A. - Sch Teacher,1,B.A. Sch Teacher
B.A. Barrister-at-Law (English Car-Not in Practice),1,B.A. Barrister at Law English Car Not in Practice
B.A. Dis Test T.C.D. Clergyman Church of Ireland (Retired),1,B.A. Dis Test T.C.D. Clergyman Church of Ireland Retired
B.A. Head-Master Public School,1,B.A. Head Master Public School
B.A. M. B and Ch.M.Leit. Col. Dub. Surgeon Royal Navy (Retir),1,B.A. M. B and Ch.M.Leit. Col. Dub. Surgeon Royal Navy Retir
B.A. R.U.I. Dis Test T.C.D. Clk in Holy Owen-Rector of Parish of Urban of Ballaghambank,1,B.A. R.U.I. Dis Test T.C.D. Clk in Holy Owen Rector of Parish of Urban of Ballaghambank
B.A.(R.U.I) Student of Theology,1,B.A.R.U.I Student of Theology
"B.A., R U I. Commission Agent-Food Stuffs",1,"B.A., R U I. Commission Agent Food Stuffs"
"B.Sc., B.A., T.C.D. (Farmer)",1,"B.Sc., B.A., T.C.D. Farmer"
BA. T.C.D-Theology,1,BA. T.C.D Theology
Bachelor of Arts Principal of Ladie's School-Intermediate and University Preparation,1,Bachelor of Arts Principal of Ladie's School Intermediate and University Preparation
Bachelor of Medicine (M B Ch B Edin Not Practising),1,Bachelor of Medicine M B Ch B Edin Not Practising
Bachelor of Science (B.Sc.) Gunnier's Brewery,1,Bachelor of Science B.Sc. Gunnier's Brewery
Bachelor of Science (Edinburgh),1,Bachelor of Science Edinburgh
Back Minder (in Belfast Ropeworks),1,Back Minder in Belfast Ropeworks
Back Minder in (B Ropeworks),1,Back Minder in B Ropeworks
Back Neueder (Mill),1,Back Neueder Mill
Back-Minder in Mill,1,Back Minder in Mill
Back-Smith,1,Back Smith
Back-Winder,1,Back Winder
Bacon-Curer at Factory,1,Bacon Curer at Factory
Bacon-Cutter,1,Bacon Cutter
Bag Maker (Paper),1,Bag Maker Paper
Bag-Sewer,1,Bag Sewer
Bagmaker (Factory),1,Bagmaker Factory
Bailiff (Sheriff),1,Bailiff Sheriff
Bailiffs (Sheriffs),1,Bailiffs Sheriffs
Bair-Maid,1,Bair Maid
Bake-House Assistant,1,Bake House Assistant
Baker (Apperantice),1,Baker Apperantice
Baker (Bakr),1,Baker Bakr
Baker (Bread),1,Baker Bread
Baker (Foreman) Unemployed,1,Baker Foreman Unemployed
Baker (journey man),1,Baker journey man
Baker (Operative),1,Baker Operative
Baker (Plain),1,Baker Plain
Baker (Retired),1,Baker Retired
Baker (Tramp),1,Baker Tramp
Baker - Alderman,1,Baker Alderman
Baker - Master,1,Baker Master
Baker and Barm Brewer-Master,1,Baker and Barm Brewer Master
Baker and Flesher (Master),1,Baker and Flesher Master
Baker's Clerk (Machanical Engineer),1,Baker's Clerk Machanical Engineer
"Baker, (Master)",1,"Baker, Master"
Baker-Apprentce,1,Baker Apprentce
Baker-Assistant,1,Baker Assistant
Baker-at one Bready,1,Baker at one Bready
Baker-Grocer's,1,Baker Grocer's
Baker-Journeyman,1,Baker Journeyman
Baker-Master Grocer Spirit Dealer and Coal Importer,1,Baker Master Grocer Spirit Dealer and Coal Importer
Baker-Master J. P. B. A.,1,Baker Master J. P. B. A.
Baker-Op,1,Baker Op
Baker-Opr,1,Baker Opr
Baker-Plain and Pastry,1,Baker Plain and Pastry
Baker-Serving time,1,Baker Serving time
Baker-Unemployed,1,Baker Unemployed
Baker-Wife,1,Baker Wife
Bakers Grocer (Master),1,Bakers Grocer Master
Bakers-Apprentice,1,Bakers Apprentice
Bakers-Labourer,1,Bakers Labourer
Bakery-Apprentice,1,Bakery Apprentice
Baller-of Twine in Ropework,1,Baller of Twine in Ropework
Balling Maker (Twine),1,Balling Maker Twine
Bally Ass (Cambridge) Income from Land Dividends Interest of Money,1,Bally Ass Cambridge Income from Land Dividends Interest of Money
Band Tier (Linen),1,Band Tier Linen
Bandmaster 16th (Queen's) Lancers,1,Bandmaster 16th Queen's Lancers
Bandmaster of the 8th Hussars (in Lodgings),1,Bandmaster of the 8th Hussars in Lodgings
Bands-Man-Militia,1,Bands Man Militia
Banister (not in Practice),1,Banister not in Practice
Banister (Practising),1,Banister Practising
Bank (Acct),1,Bank Acct
Bank (Munster Leinster),1,Bank Munster Leinster
Bank (Securities) Clerk,1,Bank Securities Clerk
Bank Clerk (AB Day Univ),1,Bank Clerk AB Day Univ
Bank Clerk (Retired),1,Bank Clerk Retired
Bank Clerk (Unempd),1,Bank Clerk Unempd
Bank Clerk-Cashier,1,Bank Clerk Cashier
Bank Manager (Retired),1,Bank Manager Retired
Bank Messenger (Pensioner R I C),1,Bank Messenger Pensioner R I C
Bank Offcial (Cashier),1,Bank Offcial Cashier
Bank Offical M R I A Author (History and ?),1,Bank Offical M R I A Author History and ?
Bank Officer-(National),1,Bank Officer National
Bank Official (Cashier),1,Bank Official Cashier
Bank Official (Junior Clerk),1,Bank Official Junior Clerk
Bank Official (Teller),1,Bank Official Teller
Bank Official - Cashier,1,Bank Official Cashier
Bank Porter - Servant,1,Bank Porter Servant
Bank Porter-Domestic,1,Bank Porter Domestic
Bank Porter-Unemployed,1,Bank Porter Unemployed
Bank Portor-Domestic Servant,1,Bank Portor Domestic Servant
Bank Sub-Agent,1,Bank Sub Agent
Bank-Director,1,Bank Director
Banker Hibernign Bank (Derry),1,Banker Hibernign Bank Derry
Banker-Retired,1,Banker Retired
Bar Boy-Domestic Servant,1,Bar Boy Domestic Servant
Bar Maid-Domestic Servant,1,Bar Maid Domestic Servant
Bar Man (Public House),1,Bar Man Public House
Bar Man-Domestic,1,Bar Man Domestic
Bar Manar of (Publicans Assistant),1,Bar Manar of Publicans Assistant
Bar Tender-Domestic Servant,1,Bar Tender Domestic Servant
Bar-Keeper,1,Bar Keeper
Bar-Lady,1,Bar Lady
"Bar-Maid and ""Domestic Servt""",1,"Bar Maid and ""Domestic Servt"""
Bar-Maid Unemployed,1,Bar Maid Unemployed
"Bar-Maid, Unemployed",1,"Bar Maid, Unemployed"
Bar-Maid-Dom-Servt,1,Bar Maid Dom Servt
Bar-Maid-Domestic Servant,1,Bar Maid Domestic Servant
Bar-Man Domestic,1,Bar Man Domestic
Bar-Miad,1,Bar Miad
Bar-Tender USA,1,Bar Tender USA
Bar-Woman,1,Bar Woman
Barber (Assistant),1,Barber Assistant
Barber (Master),1,Barber Master
Barber-Unemployed,1,Barber Unemployed
Barge-Man,1,Barge Man
Barmaid (Own House),1,Barmaid Own House
Barmaid-P. House,1,Barmaid P. House
Barman (Public House),1,Barman Public House
Barman (Spirit),1,Barman Spirit
Barman (Unemployed),1,Barman Unemployed
Barman - Domestic Servt,1,Barman Domestic Servt
Barman - Public House,1,Barman Public House
Baronet-Major in Cavalry-Active List,1,Baronet Major in Cavalry Active List
Barr-Man,1,Barr Man
Barrack Labourer (Pensioner),1,Barrack Labourer Pensioner
Barrack Servant (Co R.I. Constabulary),1,Barrack Servant Co R.I. Constabulary
Barrack Warden (As Co?),1,Barrack Warden As Co?
Barrack Warden (Barrack Department),1,Barrack Warden Barrack Department
Barrack Warden Pensioner-Army,1,Barrack Warden Pensioner Army
Barrack-Servant,1,Barrack Servant
Barracks (Practising),1,Barracks Practising
Barrester (Not Practing) Linen Merchant and C C,1,Barrester Not Practing Linen Merchant and C C
Barrister (English bar),1,Barrister English bar
Barrister (in Practice) Kings Counsel,1,Barrister in Practice Kings Counsel
Barrister (K.C) in a Actual Practice,1,Barrister K.C in a Actual Practice
Barrister (Non Practising) and Clerk Dept of Agriculture,1,Barrister Non Practising and Clerk Dept of Agriculture
Barrister (not in Prac?) F.F.P.S.G and Lecturer,1,Barrister not in Prac? F.F.P.S.G and Lecturer
Barrister (Not Machsing),1,Barrister Not Machsing
Barrister (not practicing) Renident Secretary Royal Irish Acadey,1,Barrister not practicing Renident Secretary Royal Irish Acadey
Barrister (Practice),1,Barrister Practice
Barrister (Practicing) LLB,1,Barrister Practicing LLB
Barrister (Practising ) B.A LL.D.,1,Barrister Practising B.A LL.D.
Barrister (practising),1,Barrister practising
Barrister (Practising) also Secretary also Land Agent also Fellow of Surveyors Institution,1,Barrister Practising also Secretary also Land Agent also Fellow of Surveyors Institution
Barrister (Practising) M.A.T.C.D.,1,Barrister Practising M.A.T.C.D.
Barrister (Practisner),1,Barrister Practisner
Barrister (Temporarily Employed by the Clerk Land Commisoner),1,Barrister Temporarily Employed by the Clerk Land Commisoner
"Barrister - at - Law and Reader of the Rolls Court, Ireland",1,"Barrister at Law and Reader of the Rolls Court, Ireland"
Barrister - at - Law in Practice,1,Barrister at Law in Practice
Barrister - at Law and Resident Magistrate,1,Barrister at Law and Resident Magistrate
Barrister - in Practice,1,Barrister in Practice
"Barrister - Not Practesing.B. A. J. C. D - Clerk in Chief Secretary's Office, ?",1,"Barrister Not Practesing.B. A. J. C. D Clerk in Chief Secretary's Office, ?"
Barrister - not Practising Professor Littrature,1,Barrister not Practising Professor Littrature
Barrister - Practsing,1,Barrister Practsing
"Barrister - The assistant Registrar Court of Chancery, B.A. University of Dublin",1,"Barrister The assistant Registrar Court of Chancery, B.A. University of Dublin"
Barrister and Clerk of Seal 2 B (Prohate),1,Barrister and Clerk of Seal 2 B Prohate
Barrister at Law (In Practice),1,Barrister at Law In Practice
Barrister at Law (K.C),1,Barrister at Law K.C
Barrister at Law (Non Practising) District Registrar King's Bend Division (Porbate),1,Barrister at Law Non Practising District Registrar King's Bend Division Porbate
Barrister at Law (Retired) of the Juner Temple,1,Barrister at Law Retired of the Juner Temple
Barrister at Law Not Practising Ba(Dub),1,Barrister at Law Not Practising BaDub
Barrister at Law-Practing,1,Barrister at Law Practing
Barrister at-Law Depty Registar Land Commission Not in Practice,1,Barrister at Law Depty Registar Land Commission Not in Practice
Barrister in Actual Practice-K C,1,Barrister in Actual Practice K C
Barrister in Practice M A (Dublin Inspector of Historical Manscrifts),1,Barrister in Practice M A Dublin Inspector of Historical Manscrifts
Barrister K C Serjeant (Actual Practice),1,Barrister K C Serjeant Actual Practice
Barrister no Practice (Innor Temple) B.A. Tin. Coll. Dublin,1,Barrister no Practice Innor Temple B.A. Tin. Coll. Dublin
Barrister of Law (in Practice),1,Barrister of Law in Practice
Barrister of Law (Practising),1,Barrister of Law Practising
Barrister Practising Sub-Sheriff City of Dublin,1,Barrister Practising Sub Sheriff City of Dublin
"Barrister, Clerk of Convocation R.U.J. - M.A. (Dubl.)",1,"Barrister, Clerk of Convocation R.U.J. M.A. Dubl."
"Barrister, Non-Practising",1,"Barrister, Non Practising"
Barrister-Assistant Examiner Registry of Titles,1,Barrister Assistant Examiner Registry of Titles
Barrister-at Law,1,Barrister at Law
Barrister-at Law also Civil Servant Land Commission,1,Barrister at Law also Civil Servant Land Commission
Barrister-at-Lab,1,Barrister at Lab
Barrister-at-Law (in Practice),1,Barrister at Law in Practice
Barrister-at-Law (in practice),1,Barrister at Law in practice
Barrister-at-Law (not in Practice) Master of Arts and Doctor of Laws T C D Lieutenant 5th Battn Royal Irish Rifles,1,Barrister at Law not in Practice Master of Arts and Doctor of Laws T C D Lieutenant 5th Battn Royal Irish Rifles
Barrister-at-Law and Depty Regn Irish Land Commn,1,Barrister at Law and Depty Regn Irish Land Commn
Barrister-at-Law Clerk Appeal and Listing Department Land Commission,1,Barrister at Law Clerk Appeal and Listing Department Land Commission
Barrister-at-Law Clerk of J R and W High Court of Justice,1,Barrister at Law Clerk of J R and W High Court of Justice
Barrister-at-Law in Practice,1,Barrister at Law in Practice
Barrister-at-Law In Practice,1,Barrister at Law In Practice
Barrister-at-Law Practicing B A T C D,1,Barrister at Law Practicing B A T C D
Barrister-At-Laws,1,Barrister At Laws
Barrister-Estate Duty Office (Not in Practice),1,Barrister Estate Duty Office Not in Practice
Barrister-et-Law not Practising,1,Barrister et Law not Practising
Barrister-Inactual Practice,1,Barrister Inactual Practice
Barrister-LPHH,1,Barrister LPHH
Barrister-Not Practising,1,Barrister Not Practising
Barrister-Not Practising-J.P.,1,Barrister Not Practising J.P.
Barrister-of-Law,1,Barrister of Law
Barrister-Practice,1,Barrister Practice
Barrister-Practising,1,Barrister Practising
Barrster at Land (Property),1,Barrster at Land Property
Bart D L - J.P.,1,Bart D L J.P.
Basin-Labourer,1,Basin Labourer
Basket - Maker,1,Basket Maker
Basket-Making,1,Basket Making
Basket-Woman,1,Basket Woman
Bath Attendant (Corporation),1,Bath Attendant Corporation
Bead-Vender,1,Bead Vender
Beam Drawer-in,1,Beam Drawer in
Beamer (Linen Factory),1,Beamer Linen Factory
Beamer in Factory (Linen),1,Beamer in Factory Linen
Bee-hive Maker,1,Bee hive Maker
Bee-Keeper,1,Bee Keeper
Beemer (Yarn),1,Beemer Yarn
Beetler (Cotton),1,Beetler Cotton
Beetler (Mill),1,Beetler Mill
Beetler-Flex,1,Beetler Flex
Beetling Engine-Man,1,Beetling Engine Man
Beetling-Engine Man,1,Beetling Engine Man
Before Marriages-Weaver (Since Nothing),1,Before Marriages Weaver Since Nothing
Beggar (Tramp),1,Beggar Tramp
Beggar. (Tramp),1,Beggar. Tramp
Bell - Man,1,Bell Man
Bellhanger (Retired),1,Bellhanger Retired
"Bengal Civil Sevice Retired; Barrister at Law, (Not Practising) M A T.C.D.",1,"Bengal Civil Sevice Retired; Barrister at Law, Not Practising M A T.C.D."
Bernton-A-Lane,1,Bernton A Lane
Bertler (Apprentice),1,Bertler Apprentice
Betler (Linen),1,Betler Linen
Bettling (Linen Works) and Engineman,1,Bettling Linen Works and Engineman
Bettling Engineerman Linen (Unemployed),1,Bettling Engineerman Linen Unemployed
Bicycle and Sewing Machine Maker and Agent (Employed),1,Bicycle and Sewing Machine Maker and Agent Employed
Bikerman in Salt-Water,1,Bikerman in Salt Water
Bill - Porter and Advertising Agent,1,Bill Porter and Advertising Agent
Bill-Poster's Wife-(Retired),1,Bill Poster's Wife Retired
Billard-Marker,1,Billard Marker
Billiard-Marker,1,Billiard Marker
Billiards (Professional),1,Billiards Professional
Binder-Book,1,Binder Book
Binder-Flax Mill,1,Binder Flax Mill
Binding-Master in Linen Factory,1,Binding Master in Linen Factory
Biscuit -Manufacturer,1,Biscuit Manufacturer
Biscuit Clerk (Factory),1,Biscuit Clerk Factory
Biscuit Packer (ploys),1,Biscuit Packer ploys
Biscuit-Cookmaster,1,Biscuit Cookmaster
Biscuites Baker-Departmental Manager,1,Biscuites Baker Departmental Manager
Biscutt-Packer,1,Biscutt Packer
Bishop (Retired) of the Church of Ireland Doctor of Diversity,1,Bishop Retired of the Church of Ireland Doctor of Diversity
Bishop-Ch of Ireland,1,Bishop Ch of Ireland
Bk-Smith,1,Bk Smith
Bk-Warden,1,Bk Warden
Black - Smith - and Farmer,1,Black Smith and Farmer
Black - Smith Apprentice,1,Black Smith Apprentice
Black - Smith in Haulbowline Dockyard,1,Black Smith in Haulbowline Dockyard
Black - Smith's Helper,1,Black Smith's Helper
Black - Smiths Daughter,1,Black Smiths Daughter
Black Printer (Cotton),1,Black Printer Cotton
Black Smith (Apprentice),1,Black Smith Apprentice
Black Smith (Assistant),1,Black Smith Assistant
Black Smith (Dockyard),1,Black Smith Dockyard
Black Smith (Townagnes),1,Black Smith Townagnes
Black Smith (Unemployed),1,Black Smith Unemployed
Black Smiths-Wife,1,Black Smiths Wife
Black-smith,1,Blacksmith
Black-Smith (Iron),1,Black Smith Iron
Black-Smith and F,1,Black Smith and F
Black-Smith Assistant,1,Black Smith Assistant
Black-Smith Employed,1,Black Smith Employed
Black-Smith in Farmer,1,Black Smith in Farmer
Black-Smith Master and Farmer,1,Black Smith Master and Farmer
Black-Smith Son,1,Black Smith Son
Black-Smith Unemployed,1,Black Smith Unemployed
Blacksmith (apprentice),1,Blacksmith apprentice
Blacksmith (Docks),1,Blacksmith Docks
Blacksmith (Employe),1,Blacksmith Employe
Blacksmith (Farrier),1,Blacksmith Farrier
Blacksmith - Apprentice,1,Blacksmith Apprentice
Blacksmith- Master,1,Blacksmith Master
Blacksmith-Domestic Servant,1,Blacksmith Domestic Servant
Blacksmith-Employe,1,Blacksmith Employe
Blacksmith-Engine,1,Blacksmith Engine
Blacksmith-Retired,1,Blacksmith Retired
Blacksmith-Unemployed,1,Blacksmith Unemployed
Blacksmiths helper,1,Blacksmith's Helper
Blacksmiths-Son,1,Blacksmiths Son
Bleach Green Worker (Stripper of Frames),1,Bleach Green Worker Stripper of Frames
Bleach-Green Worker,1,Bleach Green Worker
Bleach-Works Labourer,1,Bleach Works Labourer
Bleacher (Cloth),1,Bleacher Cloth
Bleacher (Foreman),1,Bleacher Foreman
Bleacher (Retired),1,Bleacher Retired
Bleacher(Yarn),1,BleacherYarn
Bleacher-Millman,1,Bleacher Millman
Bleacher-Potman,1,Bleacher Potman
Blind Maker (Apprent),1,Blind Maker Apprent
Block-Cutter in Print Works,1,Block Cutter in Print Works
Blouge-Maker,1,Blouge Maker
Boarder (Clerk),1,Boarder Clerk
Boarding House - Keeper,1,Boarding House Keeper
Boarding House Civil Service - Clerk,1,Boarding House Civil Service Clerk
Boarding House Keeper Shop-Keeper Grocer,1,Boarding House Keeper Shop Keeper Grocer
Boarding-House-Keeper,1,Boarding House Keeper
Boarer (Iron Foundry),1,Boarer Iron Foundry
Boat - Builder,1,Boat Builder
Boat Builder (Assistant),1,Boat Builder Assistant
Boat Hauler-Labourer,1,Boat Hauler Labourer
Boat Maker (Master),1,Boat Maker Master
Boat Man Coast-Guard,1,Boat Man Coast Guard
Boat Man-in Bridge Commissioners Boat,1,Boat Man in Bridge Commissioners Boat
Boat-Driver,1,Boat Driver
Boat-maker,1,Boat maker
Boat-man,1,Boat man
Boat-Wright and Farmer,1,Boat Wright and Farmer
Boatmaker-Riveter,1,Boatmaker Riveter
Boatman (Retired),1,Boatman Retired
Boatman (Sailor),1,Boatman Sailor
Boatman Coast-Guards,1,Boatman Coast Guards
Boatman-Labourer,1,Boatman Labourer
Bobbin - Winder in Weaving Factory,1,Bobbin Winder in Weaving Factory
"Bobbin Clerk, (Linen Factory)",1,"Bobbin Clerk, Linen Factory"
Bobbin Filler (Linen),1,Bobbin Filler Linen
Bobbin Rougher (Flax Mill),1,Bobbin Rougher Flax Mill
Bobbin Winder (Woolen),1,Bobbin Winder Woolen
Bobbin Winder-in Factory,1,Bobbin Winder in Factory
Bobbing Cagger (Mill),1,Bobbing Cagger Mill
Body Maker-Coach Building,1,Body Maker Coach Building
Body-Maker,1,Body Maker
Boiler - Maker Unemployed,1,Boiler Maker Unemployed
Boiler and Steam Pipe ? (Master),1,Boiler and Steam Pipe ? Master
Boiler Maker (at Works),1,Boiler Maker at Works
Boiler Maker (Employed),1,Boiler Maker Employed
Boiler Maker (Rivetter),1,Boiler Maker Rivetter
Boiler Maker (Ship Plater,1,Boiler Maker Ship Plater
Boiler Works-Labourer,1,Boiler Works Labourer
Boiler-Maker in Shipyard,1,Boiler Maker in Shipyard
Boiler-Maker's Helper,1,Boiler Maker's Helper
Boiler-Makers Helper,1,Boiler Makers Helper
Boilermaker's-Holder on,1,Boilermaker's Holder on
Boilermaker-Caulker in Shipyard,1,Boilermaker Caulker in Shipyard
Boilermaker-Plater,1,Boilermaker Plater
Boilormaker (Plater),1,Boilormaker Plater
Bonas Moulder (Appr),1,Bonas Moulder Appr
Bond-Store Foreman,1,Bond Store Foreman
Bone-Manure Labourer,1,Bone Manure Labourer
Bonnet Maker (Unemployed),1,Bonnet Maker Unemployed
Book (Hotel),1,Book Hotel
Book - Caretaker,1,Book Caretaker
Book - Finisher,1,Book Finisher
Book - Keeper and Cashier,1,Book Keeper and Cashier
Book - Keeper Domestic Servt,1,Book Keeper Domestic Servt
Book - Keeper for Head of Family,1,Book Keeper for Head of Family
Book - Keeper in Factory,1,Book Keeper in Factory
Book - Keeper Retired Irish Lights,1,Book Keeper Retired Irish Lights
Book Accountant (Retired),1,Book Accountant Retired
Book Binder (Unemployed),1,Book Binder Unemployed
Book Binter-Forwarder,1,Book Binter Forwarder
Book Keeper (Bort Trade),1,Book Keeper Bort Trade
Book Keeper (Clerk),1,Book Keeper Clerk
Book Keeper (Coal Office),1,Book Keeper Coal Office
Book Keeper (Drapers),1,Book Keeper Drapers
Book Keeper (Engineering),1,Book Keeper Engineering
Book Keeper (Flour Mill),1,Book Keeper Flour Mill
Book Keeper (Iron),1,Book Keeper Iron
Book Keeper (Linen Trade),1,Book Keeper Linen Trade
Book Keeper (Newspaper Office),1,Book Keeper Newspaper Office
Book Keeper (Printing House),1,Book Keeper Printing House
Book Keeper (Printing Trade),1,Book Keeper Printing Trade
Book Keeper (Provision),1,Book Keeper Provision
Book Keeper (Tailoring),1,Book Keeper Tailoring
Book Keeper (Undertakers) Shorthand Tracher and Press Correspondent,1,Book Keeper Undertakers Shorthand Tracher and Press Correspondent
Book Keeper (Unemployed),1,Book Keeper Unemployed
Book Keeper (unemployed),1,Book Keeper unemployed
Book Keeper (Whiskey),1,Book Keeper Whiskey
Book Keeper (Woollan Merchant),1,Book Keeper Woollan Merchant
Book Keeper - Felt Works,1,Book Keeper Felt Works
Book Keeper - Litho and LPP Printing,1,Book Keeper Litho and LPP Printing
Book Keeper in Linen-Domestic House,1,Book Keeper in Linen Domestic House
Book Keeper(Baker's and Grocer's),1,Book KeeperBaker's and Grocer's
"Book Keeper, (Bakery)",1,"Book Keeper, Bakery"
Book Keeper-(Newspaper Officer),1,Book Keeper Newspaper Officer
Book Keeper-Brewery,1,Book Keeper Brewery
Book Keeper-Butcher Shop,1,Book Keeper Butcher Shop
Book Keeper-Corn Merchants,1,Book Keeper Corn Merchants
Book Keeper-Drapeny,1,Book Keeper Drapeny
Book Keeper-Flax Spinning,1,Book Keeper Flax Spinning
Book Seller (Agent),1,Book Seller Agent
Book- Keeper,1,Bookkeeper
Book-Agent,1,Book Agent
Book-Binder Apprentice,1,Book Binder Apprentice
Book-Binding,1,Book Binding
Book-Business,1,Book Business
Book-Closer,1,Book Closer
Book-Domestic Ser,1,Book Domestic Ser
Book-Domestic Servant,1,Book Domestic Servant
Book-folder,1,Book folder
Book-Folder (Unemployed),1,Book Folder Unemployed
Book-Folding,1,Book Folding
Book-Holder,1,Book Holder
Book-keeper,1,Bookkeeper
Book-Keeper (Clerk),1,Book Keeper Clerk
Book-keeper (Drapery),1,Book keeper Drapery
Book-Keeper (Provision trade),1,Book Keeper Provision trade
Book-Keeper ? Army and ?,1,Book Keeper ? Army and ?
Book-Keeper and Factory,1,Book Keeper and Factory
Book-Keeper at Factory,1,Book Keeper at Factory
Book-Keeper Bakery,1,Book Keeper Bakery
Book-Keeper Butchers,1,Book Keeper Butchers
Book-Keeper Clerk,1,Book Keeper Clerk
Book-Keeper Confectioner,1,Book Keeper Confectioner
Book-Keeper Correspondent (Whiskey Store),1,Book Keeper Correspondent Whiskey Store
Book-Keeper Distillers Office,1,Book Keeper Distillers Office
Book-Keeper Domestic Servant,1,Book Keeper Domestic Servant
Book-Keeper Engineering Trade,1,Book Keeper Engineering Trade
Book-Keeper in Clothier's,1,Book Keeper in Clothier's
Book-Keeper in Cotton Spinning Mill,1,Book Keeper in Cotton Spinning Mill
Book-Keeper in Factory,1,Book Keeper in Factory
Book-Keeper in Flour Mill,1,Book Keeper in Flour Mill
Book-Keeper in Gasworks,1,Book Keeper in Gasworks
Book-Keeper in Hardware Shop,1,Book Keeper in Hardware Shop
Book-Keeper in Linen Merchant,1,Book Keeper in Linen Merchant
Book-Keeper in Linen Warehouse,1,Book Keeper in Linen Warehouse
Book-Keeper in Tea Company's Office,1,Book Keeper in Tea Company's Office
Book-Keeper in Timber Store,1,Book Keeper in Timber Store
Book-Keeper in Timber Yard,1,Book Keeper in Timber Yard
Book-Keeper in Woollen Mill,1,Book Keeper in Woollen Mill
Book-Keeper Linen,1,Book Keeper Linen
Book-Keeper Linen Business,1,Book Keeper Linen Business
Book-Keeper Linen House,1,Book Keeper Linen House
Book-Keeper on Newspaper,1,Book Keeper on Newspaper
Book-Keeper Packing-Case Manufacturer,1,Book Keeper Packing Case Manufacturer
Book-Keeper Publisher,1,Book Keeper Publisher
Book-Keeper Rope Works,1,Book Keeper Rope Works
Book-Keeper to Auctioneer and Landagent,1,Book Keeper to Auctioneer and Landagent
Book-Keeper Warehouse,1,Book Keeper Warehouse
Book-Keeper Wholesale Spirit Trade,1,Book Keeper Wholesale Spirit Trade
Book-Keeper Wine and Spirit Trade,1,Book Keeper Wine and Spirit Trade
Book-Keeper Wine Spirit Business,1,Book Keeper Wine Spirit Business
"Book-Keeper, Bakery",1,"Book Keeper, Bakery"
"Book-Keeper, M.Water Trade in Shanks Co",1,"Book Keeper, M.Water Trade in Shanks Co"
"Book-Keeper, Shorthant Writer and Typist",1,"Book Keeper, Shorthant Writer and Typist"
Book-Keeper-Coal Mercht Office,1,Book Keeper Coal Mercht Office
Book-Keeper-Grocery Trade,1,Book Keeper Grocery Trade
Book-Keeper-Jeweller,1,Book Keeper Jeweller
Book-Keeper-Linen Business,1,Book Keeper Linen Business
Book-Keepers Bakers,1,Book Keepers Bakers
Book-Salesman,1,Book Salesman
Book-Saleswoman,1,Book Saleswoman
Book-Seller,1,Book Seller
Book-Server,1,Book Server
Book-Shoemaker,1,Book Shoemaker
Book-Sower,1,Book Sower
Book-Stitcher,1,Book Stitcher
Bookbinder (Apprentice),1,Bookbinder Apprentice
Bookbinder-Apprentice,1,Bookbinder Apprentice
Bookbinder-Finisher,1,Bookbinder Finisher
Bookbinder-Unemployed,1,Bookbinder Unemployed
Bookeeper (Fruit),1,Bookeeper Fruit
Bookeeper Engaged at Books (at Home),1,Bookeeper Engaged at Books at Home
Bookeeper-Confectioner,1,Bookeeper Confectioner
Bookfolder-Pager,1,Bookfolder Pager
Booking Clerk (in Theatre),1,Booking Clerk in Theatre
Booking-Clerk,1,Booking Clerk
Bookkeeper (Blesch and Dye Works),1,Bookkeeper Blesch and Dye Works
Bookkeeper (Linen Trade),1,Bookkeeper Linen Trade
Bookkeeper (Linen),1,Bookkeeper Linen
Bookkeeper (Shipping),1,Bookkeeper Shipping
Bookkeeper (Soap Factory),1,Bookkeeper Soap Factory
Bookkeeper - Hdkf Warehouse,1,Bookkeeper Hdkf Warehouse
Bookkeeper Un-employed,1,Bookkeeper Un employed
Bookkeeper-Engineer G Works,1,Bookkeeper Engineer G Works
Bookkeeper-Furniture Trade,1,Bookkeeper Furniture Trade
Bookkeeper-Grocery,1,Bookkeeper Grocery
Bookkeeper-in Woollen Mills,1,Bookkeeper in Woollen Mills
Bookmaker (Master),1,Bookmaker Master
Boot - Manufacturer Master,1,Boot Manufacturer Master
Boot - top - Closer Unemployed,1,Boot top Closer Unemployed
Boot and Partly Draper-Shop,1,Boot and Partly Draper Shop
Boot and Shoe Maker (Master),1,Boot and Shoe Maker Master
Boot and Shoe Manufact (Master),1,Boot and Shoe Manufact Master
Boot and Shoe Sales-Man,1,Boot and Shoe Sales Man
Boot and Shoe-Master,1,Boot and Shoe Master
Boot and Shoe-Merchant,1,Boot and Shoe Merchant
Boot and Shoemaker (Tramp),1,Boot and Shoemaker Tramp
Boot and Shoemaker (Unemployed),1,Boot and Shoemaker Unemployed
Boot and Shoemaker-Apprentice,1,Boot and Shoemaker Apprentice
Boot and Shoemaker-Master and General Merchant and-Grocer,1,Boot and Shoemaker Master and General Merchant and Grocer
Boot Binder-at Factory,1,Boot Binder at Factory
Boot Closer-Boot and Shoe (Making),1,Boot Closer Boot and Shoe Making
Boot Factory Machine-Operative,1,Boot Factory Machine Operative
Boot Machinist-at Factory,1,Boot Machinist at Factory
Boot Maker (Apprentice),1,Boot Maker Apprentice
Boot Maker - Master,1,Boot Maker Master
Boot Maker-Master Boot Merchant,1,Boot Maker Master Boot Merchant
Boot Makers (Apprentice),1,Boot Makers Apprentice
Boot Manufacturer-Master,1,Boot Manufacturer Master
Boot Merchant Assistant (At Home),1,Boot Merchant Assistant At Home
Boot Shop-Assistant,1,Boot Shop Assistant
Boot Trade-Factory Manager,1,Boot Trade Factory Manager
Boot-Agent,1,Boot Agent
Boot-and Shoemaker,1,Boot and Shoemaker
Boot-Closier-Master,1,Boot Closier Master
Boot-Dealer,1,Boot Dealer
Boot-Fitter,1,Boot Fitter
Boot-Machinest,1,Boot Machinest
Boot-Machinist,1,Boot Machinist
Boot-maker,1,Bootmaker
Boot-Maker (Retired),1,Boot Maker Retired
Boot-Maker Daughter,1,Boot Maker Daughter
Boot-Maker-Master,1,Boot Maker Master
Boot-Man's Assistant,1,Boot Man's Assistant
Boot-Manufacter,1,Boot Manufacter
Boot-Operator,1,Boot Operator
Boot-Riviter,1,Boot Riviter
Boot-Salesman,1,Boot Salesman
Boot-Saleswoman,1,Boot Saleswoman
Boot-Shop Manager,1,Boot Shop Manager
Boot-Shop Sales Woman,1,Boot Shop Sales Woman
Boot-Top Cutter,1,Boot Top Cutter
Boot-Top-Cutter,1,Boot Top Cutter
Boot-Tull Maker,1,Boot Tull Maker
Boot-Upper Closer,1,Boot Upper Closer
Boot-Upper Cutter,1,Boot Upper Cutter
Boot-Upper Salesman,1,Boot Upper Salesman
Bootmaker (Mother),1,Bootmaker Mother
Bootmaker (Unemployed),1,Bootmaker Unemployed
Bootmaker - Master,1,Bootmaker Master
Bootmaker-Apprentice,1,Bootmaker Apprentice
Bootmaker-Farmer,1,Bootmaker Farmer
Boots (Domestic),1,Boots Domestic
Boots (Head),1,Boots Head
Boots (Hotel),1,Boots Hotel
Boots in Hold - Domestic Servant,1,Boots in Hold Domestic Servant
Boots-Domc Servant,1,Boots Domc Servant
Borlrmaker (Plate),1,Borlrmaker Plate
Boro Counciller Printer-Compositor,1,Boro Counciller Printer Compositor
Bost ha? (Maney?),1,Bost ha? Maney?
Bottle Mould Maker-Master,1,Bottle Mould Maker Master
Bottle-Sorter,1,Bottle Sorter
Bottler in Wholesale (Spirit Store),1,Bottler in Wholesale Spirit Store
Botton Holer Ware-House,1,Botton Holer Ware House
Box - Cutter,1,Box Cutter
Box - Maker,1,Boxmaker
Box Folder-Hemstitching Factory,1,Box Folder Hemstitching Factory
Box maker,1,Boxmaker
Box Maker (Fancy),1,Box Maker Fancy
Box Maker (Master),1,Box Maker Master
Box Maker (Not Working),1,Box Maker Not Working
Box-Folder,1,Box Folder
Box-Folder Linen Warehouse,1,Box Folder Linen Warehouse
Boxer (Linen Business),1,Boxer Linen Business
Boy (Domestic Servant),1,Boy Domestic Servant
Boy - Domestic Servant,1,Boy Domestic Servant
Boy Copyist (Custom House),1,Boy Copyist Custom House
Boy Copyist (Land Commision),1,Boy Copyist Land Commision
Boy Copyist (Land Commission) Ireland,1,Boy Copyist Land Commission Ireland
Boy Copyist (Taxes),1,Boy Copyist Taxes
Boy Copyist (Unemployed),1,Boy Copyist Unemployed
Boy Copyist H.M.C.S. Board of Education (Ireland),1,Boy Copyist H.M.C.S. Board of Education Ireland
"Boy Copyist, Dept of Agriculture and (Fisheries Branch) Dublin",1,"Boy Copyist, Dept of Agriculture and Fisheries Branch Dublin"
Boy Copyist-Civil Service Irish Land Commission,1,Boy Copyist Civil Service Irish Land Commission
Boy Messenger(Civil Service),1,Boy MessengerCivil Service
Braider-(Nets),1,Braider Nets
Branch-Royal Engineers,1,Branch Royal Engineers
Branch-Royal Engineers Rank-Sappers,1,Branch Royal Engineers Rank Sappers
Brass - Founder,1,Brass Founder
Brass - Moulder,1,Brass Moulder
Brass - Worker,1,Brass Worker
Brass-Founder,1,Brass Founder
Brass-Fownder,1,Brass Fownder
Brassfinisher-Unemployed,1,Brassfinisher Unemployed
Bread - Deliverer,1,Bread Deliverer
Bread - Van Driver,1,Bread Van Driver
Bread Car-Driver,1,Bread Car Driver
Bread Cart-Driver,1,Bread Cart Driver
Bread Van - Driver,1,Bread Van Driver
Bread-Man,1,Bread Man
Bread-Van-Man,1,Bread Van Man
Bregude Turg Ind Welp (Materiel) Ino Iu I. MBCSE,1,Bregude Turg Ind Welp Materiel Ino Iu I. MBCSE
Brewer's Clerk (Commercial),1,Brewer's Clerk Commercial
Brewer-Superintending,1,Brewer Superintending
Brewery (Carman),1,Brewery Carman
Brewery (Miller),1,Brewery Miller
Brewery Labourer (Pensioned),1,Brewery Labourer Pensioned
Brewery Van Man (Driver),1,Brewery Van Man Driver
Brewery-Labourer,1,Brewery Labourer
Brewery-Manager,1,Brewery Manager
Brick - Layers Labourer,1,Brick Layers Labourer
Brick - Yard Labourer,1,Brick Yard Labourer
Brick maker,1,Brickmaker
Brick Moulder-F Clay Works,1,Brick Moulder F Clay Works
Brick-Burner,1,Brick Burner
Brick-Laier,1,Brick Laier
Brick-layer,1,Bricklayer
Brick-Layer and Mason,1,Brick Layer and Mason
Brick-Layer Labourer,1,Brick Layer Labourer
Brick-Layer Unemployed,1,Brick Layer Unemployed
"Brick-Layers, Labourer",1,"Brick Layers, Labourer"
Brick-Works Labourer,1,Brick Works Labourer
Bricklayer (Boy),1,Bricklayer Boy
Bricklayer (Farm),1,Bricklayer Farm
Bricklayer labourer (out of Employment),1,Bricklayer labourer out of Employment
Bricklayer-Master,1,Bricklayer Master
Bricklayer-Unemployed,1,Bricklayer Unemployed
Bricklayers - Labourer,1,Bricklayers Labourer
Bricklayers Labourer (Unemployed),1,Bricklayers Labourer Unemployed
Bridklayer-Foreman,1,Bridklayer Foreman
Brigade Surgery St Col (Retired) Bombay Army,1,Brigade Surgery St Col Retired Bombay Army
Broad-Loom Weaver,1,Broad Loom Weaver
Broker (Stock and Bonds),1,Broker Stock and Bonds
Broom-Maker,1,Broom Maker
Brush - Maker,1,Brushmaker
Brush maker,1,Brushmaker
Brush-Drawer,1,Brush Drawer
Brush-Maker (Master),1,Brush Maker Master
Brush-Maker Unemployed,1,Brush Maker Unemployed
"Brushmaker,- Master",1,"Brushmaker, Master"
"Brushmaker,-Master",1,"Brushmaker, Master"
Brushmaker-Master,1,Brushmaker Master
BSc (Edinr) Linen Bleachworks Chemist,1,BSc Edinr Linen Bleachworks Chemist
Bugler (Infantry),1,Bugler Infantry
Bugler-Scottish Rifles,1,Bugler Scottish Rifles
Bugler. (Infantry),1,Bugler. Infantry
Builder (House),1,Builder House
Builder (House) Contractors,1,Builder House Contractors
Builder (Stonemason),1,Builder Stonemason
Builder - Master,1,Builder Master
Builder and Carpenter (Employed),1,Builder and Carpenter Employed
Builder House (Master),1,Builder House Master
Builder's Book-Keeper,1,Builder's Book Keeper
Builder-Slater,1,Builder Slater
Builders Clerk (Unemployed),1,Builders Clerk Unemployed
Builders Foreman (Carpenter),1,Builders Foreman Carpenter
"Builders Labourer, (idle)",1,"Builders Labourer, idle"
Builders Labourer-in Charge of Horse and Cart,1,Builders Labourer in Charge of Horse and Cart
Building Contractor (Carpenter),1,Building Contractor Carpenter
Bulter-Dom Svt,1,Bulter Dom Svt
Burkine-Maker,1,Burkine Maker
Burler-Domestic Servant,1,Burler Domestic Servant
Burnisher (Jewellers),1,Burnisher Jewellers
Burser of College Member of Religion Order-Priest,1,Burser of College Member of Religion Order Priest
Bus-Man,1,Bus Man
Business (Ironmonger),1,Business Ironmonger
Business (Publicans) Assistant,1,Business Publicans Assistant
Business (Purveyor),1,Business Purveyor
Business Man (Paper Trade),1,Business Man Paper Trade
Business-Girl,1,Business Girl
Buss Driver-Hotel,1,Buss Driver Hotel
Buss- Man-Domestic,1,Buss Man Domestic
Butcher (Cow),1,Butcher Cow
Butcher (Domestic Servant),1,Butcher Domestic Servant
Butcher (Journey),1,Butcher Journey
Butcher (Master,1,Butcher Master
Butcher (Master),1,Butcher Master
Butcher (Reef),1,Butcher Reef
Butcher (Retired),1,Butcher Retired
Butcher (Shop Keeper),1,Butcher Shop Keeper
Butcher (Unemployed),1,Butcher Unemployed
Butcher (Victualler),1,Butcher Victualler
Butcher - Master,1,Butcher Master
Butcher and (Shopman),1,Butcher and Shopman
Butcher and Cattle-Dealer,1,Butcher and Cattle Dealer
Butcher Stall-Keeper,1,Butcher Stall Keeper
Butcher-apprentice,1,Butcher apprentice
Butcher-Flesher,1,Butcher Flesher
Butcher-Journey Man,1,Butcher Journey Man
Butcher-Retired,1,Butcher Retired
Butcher-Salesman,1,Butcher Salesman
Butcher-Trimmer,1,Butcher Trimmer
Butcher-Unemployed,1,Butcher Unemployed
Butchers Clerk (Grain Trade),1,Butchers Clerk Grain Trade
Butchers-Assistant,1,Butcher's Assistant
Butler (Domestic Servt),1,Butler Domestic Servt
Butler (not Employed),1,Butler not Employed
Butler - Domestic,1,Butler Domestic
Butler Domestic Servant (Butler),1,Butler Domestic Servant Butler
Butler Domestic Servant (Retired),1,Butler Domestic Servant Retired
Butler Domestic Servant (Unemployed),1,Butler Domestic Servant Unemployed
Butler in (Power Loom Linen Factory),1,Butler in Power Loom Linen Factory
Butler-D,1,Butler D
Butler-Dom. Servant,1,Butler Dom. Servant
Butler-Dom.St,1,Butler Dom.St
Butler-Retird,1,Butler Retird
Butler. Domestic (Servant),1,Butler. Domestic Servant
Butlerl-Domestic Servant,1,Butlerl Domestic Servant
Butller - Domestic Servant,1,Butller Domestic Servant
Butter - Domestic Servant,1,Butter Domestic Servant
Butter - Mabur,1,Butter Mabur
Butter Maker (Creomery),1,Butter Maker Creomery
Butter Maker (Unemployed),1,Butter Maker Unemployed
Butter Maker-at Factory,1,Butter Maker at Factory
Butter Maker-In Creamery,1,Butter Maker In Creamery
Butter-Domtc Sert,1,Butter Domtc Sert
Butter-Maker Milk Factory,1,Butter Maker Milk Factory
Butter-Worker,1,Butter Worker
Buttler-Domestic Serv,1,Buttler Domestic Serv
Button - Hole - Machinist,1,Button Hole Machinist
Button Holer-Machinest,1,Button Holer Machinest
Button-Hole Cutter,1,Button Hole Cutter
Button-Hole Marker,1,Button Hole Marker
Button-Holex Maker,1,Button Holex Maker
Button-Sewer,1,Button Sewer
Buttonhole Cutter-Shirts,1,Buttonhole Cutter Shirts
Buttonhole-Machinist,1,Buttonhole Machinist
Buyer (Ironmongery),1,Buyer Ironmongery
Buyer (Pig),1,Buyer Pig
Buyer - Drapery Trade,1,Buyer Drapery Trade
Buyer-Drapery Goods,1,Buyer Drapery Goods
Byre-Woman,1,Byre Woman
C - Winder,1,C Winder
C Clerk (Grocers),1,C Clerk Grocers
C-Folder,1,C Folder
C. C - of R. C. C,1,C. C of R. C. C
C. Man-Domestic Servant,1,C. Man Domestic Servant
C. S. Clerk (P. O),1,C. S. Clerk P. O
C. S. Major. (Kings Service),1,C. S. Major. Kings Service
C. Service (Post Office),1,C. Service Post Office
C. Tevaeller (Lester and Boots),1,C. Tevaeller Lester and Boots
C. Traveller (Confectionary),1,C. Traveller Confectionary
C. Traveller (Soap),1,C. Traveller Soap
Ca-National Teacher,1,Ca National Teacher
Cab Driver-Master,1,Cab Driver Master
Cab Owner-Retired,1,Cab Owner Retired
Cab-Owener,1,Cab Owener
Cab-Proprietor,1,Cab Proprietor
Cabenet-Maker,1,Cabenet Maker
Cabinet and Show-Case Maker,1,Cabinet and Show Case Maker
Cabinet Maker (Apprentice),1,Cabinet Maker Apprentice
Cabinet Maker (Branch) White Worker,1,Cabinet Maker Branch White Worker
Cabinet Maker (Master,1,Cabinet Maker Master
Cabinet Maker and (Wood Turner),1,Cabinet Maker and Wood Turner
Cabinet Maker and Upholsterer (Master),1,Cabinet Maker and Upholsterer Master
Cabinet Maker-App,1,Cabinet Maker App
Cabinet Maker-Apprentice,1,Cabinet Maker Apprentice
Cabinet Maker-Unemployed,1,Cabinet Maker Unemployed
Cabinet-(Maker),1,Cabinetmaker
Cabinet-maker,1,Cabinetmaker
Cabinet-Maker in Shipyard,1,Cabinet Maker in Shipyard
Cabinet-Maker-App,1,Cabinet Maker App
Cabinet-Marker,1,Cabinet Marker
Cabinetmaker (Foreman),1,Cabinetmaker Foreman
Cabnet (Retired),1,Cabnet Retired
Cabnet maker,1,Cabinetmaker
Cabnet-Maker,1,Cabinetmaker
Cabnit-Maker,1,Cabnit Maker
Cach-Man Domestic Serv't,1,Cach Man Domestic Serv't
Cadet-Ordnances Office,1,Cadet Ordnances Office
Cage - Boy,1,Cage Boy
Cager (Factory),1,Cager Factory
Caging Yarn-Linen,1,Caging Yarn Linen
Calie's Starcher's (Asistant),1,Calie's Starcher's Asistant
Callor and Cuff-Stitcher,1,Callor and Cuff Stitcher
Cambc-Hkf Manufacturer,1,Cambc Hkf Manufacturer
Camber Maid-None,1,Camber Maid None
Cambric - Weaver,1,Cambric Weaver
Cambric Cobbin-Winder,1,Cambric Cobbin Winder
Cambric-Warper,1,Cambric Warper
Canal Boat-Man,1,Canal Boat Man
Canal Lock-Keeper,1,Canal Lock Keeper
Cananner (Railway),1,Cananner Railway
Cand-B.A.R.U.I.,1,Cand B.A.R.U.I.
Candle-Hand in Drapers Shop,1,Candle Hand in Drapers Shop
Cann Boy-in Flax Mill-Scholar,1,Cann Boy in Flax Mill Scholar
Cannot-Read,1,Cannot Read
Canteen-Steward,1,Canteen Steward
Cap Maker (Mens),1,Cap Maker Mens
Capn HMS. TP Co Antrim (Retired),1,Capn HMS. TP Co Antrim Retired
Capt (Army),1,Capt Army
Capt and Hon Major Cork (Active List) Artillery,1,Capt and Hon Major Cork Active List Artillery
Capt Army Retired Auditor Local Gov. Boun. (Ireland),1,Capt Army Retired Auditor Local Gov. Boun. Ireland
Capt Artillery (Meliter),1,Capt Artillery Meliter
Capt. Ind. Staff Corps (Active List),1,Capt. Ind. Staff Corps Active List
Captain (Army Retired),1,Captain Army Retired
Captain (Canal Boat),1,Captain Canal Boat
Captain (Military) (Retired),1,Captain Military Retired
Captain (Militers) Retirs List,1,Captain Militers Retirs List
Captain (Militia) Active,1,Captain Militia Active
Captain (Retired) and R Innis and Co,1,Captain Retired and R Innis and Co
Captain (Sea),1,Captain Sea
Captain 4th B on Semster Regiment - Active,1,Captain 4th B on Semster Regiment Active
Captain and Inspector of Army Schools (Retired),1,Captain and Inspector of Army Schools Retired
Captain Army Service Corps-Active List,1,Captain Army Service Corps Active List
Captain in the Army ? Barrester at- ? (? Practionery),1,Captain in the Army ? Barrester at ? ? Practionery
Captain in the Army Retired Pay (Inf),1,Captain in the Army Retired Pay Inf
Captain Infantry 2nd East Surrex Regt (Active List),1,Captain Infantry 2nd East Surrex Regt Active List
Captain R. Dublin Fur. (Active List),1,Captain R. Dublin Fur. Active List
Captain Retired List Army Pensioner (Infantry),1,Captain Retired List Army Pensioner Infantry
Captain Royal (Antrim) Artillery and A O D (Active List),1,Captain Royal Antrim Artillery and A O D Active List
Captain Royal Artillery (Action),1,Captain Royal Artillery Action
Captain Royal Dublin Fusiliers (Active List),1,Captain Royal Dublin Fusiliers Active List
Captain Royal List Regiment (Active List) Infantry,1,Captain Royal List Regiment Active List Infantry
"Captain, Retired H.M.S (Infantry) Farmer",1,"Captain, Retired H.M.S Infantry Farmer"
Captain-Army-Action List D. C. O. Middlesex Regt,1,Captain Army Action List D. C. O. Middlesex Regt
Captain-Co Rifles,1,Captain Co Rifles
Captain-Militia Active List Surgeon-M.R.C.S and S.S.A Not Practising,1,Captain Militia Active List Surgeon M.R.C.S and S.S.A Not Practising
Captain. Ret. Pay. (Inf),1,Captain. Ret. Pay. Inf
Captn - East York Regt Retired,1,Captn East York Regt Retired
Car Driver (Domestic Servt),1,Car Driver Domestic Servt
Car Driver (Post),1,Car Driver Post
Car Driver - Domestic Servant,1,Car Driver Domestic Servant
Car Driver Domestic (Servant),1,Car Driver Domestic Servant
Car Driver-Domestic Servt,1,Car Driver Domestic Servt
Car Driver-General Labourer,1,Car Driver General Labourer
Car Driver-Janey,1,Car Driver Janey
Car Driver-Labourer,1,Car Driver Labourer
Car Driver-Owner,1,Car Driver Owner
Car Driver-Unemployed,1,Car Driver Unemployed
Car Man (Hackney),1,Car Man Hackney
Car Man-Bakery,1,Car Man Bakery
Car Man-Domestic Servant,1,Car Man Domestic Servant
Car Owner (and Farmer),1,Car Owner and Farmer
Car Owner (Driver),1,Car Owner Driver
Car Owner (Retired),1,Car Owner Retired
Car Proprietor (Driver),1,Car Proprietor Driver
Car- Driver,1,Car Driver
Car-Builder,1,Car Builder
Car-Cab Propritor,1,Car Cab Propritor
Car-Domestic Servant Cachman,1,Car Domestic Servant Cachman
Car-driver,1,Car driver
Car-Driver Domestic Servant,1,Car Driver Domestic Servant
Car-Driver Laboerer,1,Car Driver Laboerer
Car-Driver Pat Hotel,1,Car Driver Pat Hotel
Car-Driver-Domestic Servant,1,Car Driver Domestic Servant
Car-Drivers Wife,1,Car Drivers Wife
Car-Manager,1,Car Manager
Car-Owner and Driver,1,Car Owner and Driver
Car-Properitor,1,Car Properitor
Card - Cutter,1,Card Cutter
Card Breaker (Jute),1,Card Breaker Jute
Card Cutter (Damask Factory),1,Card Cutter Damask Factory
Card Cutter (in Factory),1,Card Cutter in Factory
Card Cutter in (Linen Factory),1,Card Cutter in Linen Factory
Card Lacer (Damask),1,Card Lacer Damask
Card Lacer (Liner),1,Card Lacer Liner
Card Spinner (Cotton),1,Card Spinner Cotton
Card-box maker,1,Card box maker
Card-Cutter in Factory,1,Card Cutter in Factory
Cardener-Domestic Servant,1,Cardener Domestic Servant
Carder (Flax),1,Carder Flax
Carder (Linen),1,Carder Linen
Carder (Unemployed),1,Carder Unemployed
Carder - Wooll,1,Carder Wooll
Carder in Linen Factory (Sow),1,Carder in Linen Factory Sow
Carder in Spinning Mill (Flax),1,Carder in Spinning Mill Flax
"Carder,- In Factory",1,"Carder, In Factory"
Carder-Flax Mills,1,Carder Flax Mills
Carder-Fow,1,Carder Fow
Carder-Linen,1,Carder Linen
Carder-Linen Mill,1,Carder Linen Mill
Carder-Spinning Mill,1,Carder Spinning Mill
Carding Master in Spining Mill (Unemployed),1,Carding Master in Spining Mill Unemployed
Care - Scholar,1,Care Scholar
Care Taker (Builders Yard),1,Care Taker Builders Yard
Care Taker (Domestic),1,Care Taker Domestic
Care Taker (Herd),1,Care Taker Herd
Care Taker (Masonic) Hall,1,Care Taker Masonic Hall
Care Taker-Herd,1,Care Taker Herd
Care-taker,1,Caretaker
Care-Taker (Herd),1,Care Taker Herd
Care-Taker and Herd,1,Care Taker and Herd
Care-Taker of a House,1,Care Taker of a House
Care-Taker of Church,1,Care Taker of Church
Care-Taker on Farm,1,Care Taker on Farm
Care-Taker Shepherd,1,Care Taker Shepherd
Care-Taker Typographical Hall,1,Care Taker Typographical Hall
Caretaker (Assistant),1,Caretaker Assistant
Caretaker (Club Home),1,Caretaker Club Home
Caretaker (Domestic Servant),1,Caretaker Domestic Servant
Caretaker (Grocers Premises),1,Caretaker Grocers Premises
Caretaker (Herd),1,Caretaker Herd
Caretaker (House),1,Caretaker House
Caretaker (Mayoralty Rooms),1,Caretaker Mayoralty Rooms
Caretaker (Office),1,Caretaker Office
Caretaker (Parish Chapel),1,Caretaker Parish Chapel
Caretaker (Steam Packet Company),1,Caretaker Steam Packet Company
Caretaker - Farm,1,Caretaker Farm
Caretaker Board of Trade and Ex-Naval Officer,1,Caretaker Board of Trade and Ex Naval Officer
Caretaker Dublin Corporation Water (Works),1,Caretaker Dublin Corporation Water Works
Caretaker in Officer and Groom-Domestic Servant,1,Caretaker in Officer and Groom Domestic Servant
Caretaker in Solicitor's (Office),1,Caretaker in Solicitor's Office
Caretaker of Friends Meating House (Quaker),1,Caretaker of Friends Meating House Quaker
Caretaker of National School-No-2 and Smal Rona Scolar,1,Caretaker of National School No 2 and Smal Rona Scolar
Caretaker of Water (Works),1,Caretaker of Water Works
Caretaker Shankill County in-Soldier,1,Caretaker Shankill County in Soldier
Caretaker-Farm,1,Caretaker Farm
Caretaker-House,1,Caretaker House
Caretaker-Land,1,Caretaker Land
Caretaker-Land and Wood,1,Caretaker Land and Wood
Caretaker-Naval Procesion,1,Caretaker Naval Procesion
Caretaker-on Farm,1,Caretaker on Farm
Caretaker-Servant,1,Caretaker Servant
Caretaker-Unemployed,1,Caretaker Unemployed
Carhedral Beadle Caretaker of-Lappo Asylum,1,Carhedral Beadle Caretaker of Lappo Asylum
Cariear (or Dragman),1,Cariear or Dragman
Carman (Carter),1,Carman Carter
Carman (Driver),1,Carman Driver
Carman - Driver,1,Carman Driver
Carman-at Docks,1,Carman at Docks
Carman-Carrier,1,Carman Carrier
Carman-D. Servt,1,Carman D. Servt
Carman-Dc. Servt,1,Carman Dc. Servt
Carman-Domestic Servant,1,Carman Domestic Servant
Carman-Labouer,1,Carman Labouer
Carman-Retired,1,Carman Retired
Carnarvon for Sewing Machine or (Master),1,Carnarvon for Sewing Machine or Master
Carning Trade (Shoemaker),1,Carning Trade Shoemaker
Carpender (Master),1,Carpender Master
Carpentar-Master,1,Carpentar Master
Carpenter (Ap),1,Carpenter Ap
Carpenter (App),1,Carpenter App
Carpenter (Appr),1,Carpenter Appr
Carpenter (Idle),1,Carpenter Idle
Carpenter (Joiner),1,Carpenter Joiner
Carpenter (Master,1,Carpenter Master
Carpenter (Master) and Farmer,1,Carpenter Master and Farmer
Carpenter (Master) in Paper Mill,1,Carpenter Master in Paper Mill
Carpenter (Not Employed),1,Carpenter Not Employed
Carpenter (on Strike) Unemployed,1,Carpenter on Strike Unemployed
Carpenter (Out on Strike),1,Carpenter Out on Strike
Carpenter (Railway),1,Carpenter Railway
Carpenter (Ship),1,Carpenter Ship
Carpenter (Strick),1,Carpenter Strick
Carpenter (Working),1,Carpenter Working
Carpenter - Master and Farmer,1,Carpenter Master and Farmer
Carpenter and Black-Smith,1,Carpenter and Black Smith
"Carpenter and Box-Maker ""Master""",1,"Carpenter and Box Maker ""Master"""
Carpenter and Builder Semi-Employed,1,Carpenter and Builder Semi Employed
Carpenter and Dress-Maker Master,1,Carpenter and Dress Maker Master
Carpenter and Sub P M (Master),1,Carpenter and Sub P M Master
Carpenter Journey-man,1,Carpenter Journey man
Carpenter's-Appentice,1,Carpenter's Appentice
Carpenter(House),1,CarpenterHouse
"Carpenter, Coach-Br Engine Fitter-Stone Miner-Manager of Crane Builder and c ""Unemployed""",1,"Carpenter, Coach Br Engine Fitter Stone Miner Manager of Crane Builder and c ""Unemployed"""
Carpenter-Apprenticed,1,Carpenter Apprenticed
Carpenter-Appt,1,Carpenter Appt
Carpenter-Body Maker and Wheeler,1,Carpenter Body Maker and Wheeler
Carpenter-Boimaker,1,Carpenter Boimaker
Carpenter-Factory Linen,1,Carpenter Factory Linen
Carpenter-General,1,Carpenter General
Carpenter-Journey,1,Carpenter Journey
Carpenter-Journey Man,1,Carpenter Journey Man
Carpenter-Making Gates,1,Carpenter Making Gates
Carpenter-Master and Shepherd,1,Carpenter Master and Shepherd
Carpenter-Master Farmer,1,Carpenter Master Farmer
Carpenter-On Strike,1,Carpenter On Strike
Carpenter-Operative,1,Carpenter Operative
Carpenter. (Learner),1,Carpenter. Learner
Carpenters assistant,1,Carpenter's Assistant
Carpet Weaver (Unemployed),1,Carpet Weaver Unemployed
Carpet weaver (Wool),1,Carpet weaver Wool
Carpet-Layer,1,Carpet Layer
Carpet-Weaver,1,Carpet Weaver
Carponenter-Apprentice,1,Carponenter Apprentice
Carponenter-General,1,Carponenter General
Carponenter-Master,1,Carponenter Master
Carriage Builder (Unemployed),1,Carriage Builder Unemployed
Carriage Fitter (idle),1,Carriage Fitter idle
Carriage Painter at (Railway),1,Carriage Painter at Railway
Carriage-Blar Appren,1,Carriage Blar Appren
Carriage-Blar Master,1,Carriage Blar Master
Carriage-Groom,1,Carriage Groom
Carriage-Painter,1,Carriage Painter
Carrier (Carter),1,Carrier Carter
Carrier (Goods) General,1,Carrier Goods General
Carrier (Labourer),1,Carrier Labourer
Carrier - Manager,1,Carrier Manager
Carrier and (General Labourer),1,Carrier and General Labourer
Carrier-Domestic Servant,1,Carrier Domestic Servant
Carrier-Servant,1,Carrier Servant
Carriers-Manager,1,Carriers Manager
Carrss-Hawker,1,Carrss Hawker
Cart - Maker,1,Cart Maker
Cart-Maker,1,Cart Maker
Carter (Business Brewery),1,Carter Business Brewery
Carter (Carporator),1,Carter Carporator
Carter (Common Carrier),1,Carter Common Carrier
Carter (Domestic Servant),1,Carter Domestic Servant
Carter (Flax),1,Carter Flax
Carter (Furniture),1,Carter Furniture
Carter (Genl.),1,Carter Genl.
Carter (retired),1,Carter retired
Carter (Unemployed),1,Carter Unemployed
Carter - Employed at Timber,1,Carter Employed at Timber
Carter in Dyeing and Finishing Works (Linen),1,Carter in Dyeing and Finishing Works Linen
Carter-Brewery,1,Carter Brewery
Carter-Carrier's,1,Carter Carrier's
Carter-Coal,1,Carter Coal
Carter-Flore Mills,1,Carter Flore Mills
Carter-Grocer,1,Carter Grocer
Carter-in Weaving Factory,1,Carter in Weaving Factory
Carter-Retired,1,Carter Retired
Carter-Servant,1,Carter Servant
Carter-Sevant Domestic,1,Carter Sevant Domestic
Carter-Unemployed,1,Carter Unemployed
Case - Maker,1,Case Maker
Cash boy-Grocery,1,Cash boy Grocery
Casher and Book-Keeper,1,Casher and Book Keeper
Cashier (Bacon Curers),1,Cashier Bacon Curers
Cashier (Coml),1,Cashier Coml
Cashier (Confectionry Works),1,Cashier Confectionry Works
Cashier (Flax Spinning Mill),1,Cashier Flax Spinning Mill
Cashier (Laundy),1,Cashier Laundy
Cashier (Leather Trade),1,Cashier Leather Trade
Cashier (Linen Business),1,Cashier Linen Business
Cashier (Linen Mannger,1,Cashier Linen Mannger
Cashier (Linen Trade),1,Cashier Linen Trade
Cashier (Northern Bank),1,Cashier Northern Bank
Cashier (Printing),1,Cashier Printing
Cashier (Railway C),1,Cashier Railway C
Cashier (Shop),1,Cashier Shop
Cashier (Stationery Trade),1,Cashier Stationery Trade
Cashier (Stockmarket),1,Cashier Stockmarket
Cashier (Tea merechants),1,Cashier Tea merechants
Cashier (Unemployed),1,Cashier Unemployed
Cashier and Book-Keeper,1,Cashier and Book Keeper
Cashier and Book-Keeper Woollen Properey,1,Cashier and Book Keeper Woollen Properey
"Cashier Grand Canal Co. (Carriers, etc.)",1,"Cashier Grand Canal Co. Carriers, etc."
Cashier-Brewer's Office,1,Cashier Brewer's Office
Cashier-Drapery,1,Cashier Drapery
Cashier-Hardware,1,Cashier Hardware
Cashier-Insurance,1,Cashier Insurance
Cashier-Linen Business,1,Cashier Linen Business
Cashier-Munster and Leinster Bank,1,Cashier Munster and Leinster Bank
Cashier-Porkstore,1,Cashier Porkstore
Cashier-Tea and Wine Merchants,1,Cashier Tea and Wine Merchants
Castle-Dealer,1,Castle Dealer
Catch-Boy,1,Catch Boy
Cath. Clergyman (C.C),1,Cath. Clergyman C.C
Catholic Clergyman (Carale),1,Catholic Clergyman Carale
Catholic Clergyman (Catholic Curate),1,Catholic Clergyman Catholic Curate
Catholic Clergyman-Curate,1,Catholic Clergyman Curate
Catholic Curate (Clergyman),1,Catholic Curate Clergyman
Catholic Curch (Bachelor of Divinity),1,Catholic Curch Bachelor of Divinity
Catholic Priest and Carate (Roman),1,Catholic Priest and Carate Roman
Catholic Priest-C.C,1,Catholic Priest C.C
Catholic Priset (C.C),1,Catholic Priset C.C
Catholic-Curate,1,Catholic Curate
Catholic-Curate Clergyman,1,Catholic Curate Clergyman
Cattle - Herd,1,Cattle Herd
Cattle and Pig-Buyer,1,Cattle and Pig Buyer
Cattle Man (At Sea),1,Cattle Man At Sea
Cattle-Dealer and C,1,Cattle Dealer and C
Cattle-Dealer and Farmer,1,Cattle Dealer and Farmer
Cattle-Dealer Jobber,1,Cattle Dealer Jobber
Cattle-Man,1,Cattle Man
Cattle-Tobber,1,Cattle Tobber
Caulker (Ship Building),1,Caulker Ship Building
Caulker at Shipyard - Works,1,Caulker at Shipyard Works
Cellarman-Unemployed,1,Cellarman Unemployed
Centre-in-Charge of S Seas Clergyman Church of Ireland,1,Centre in Charge of S Seas Clergyman Church of Ireland
Cha-Woman,1,Cha Woman
Chain-Smith,1,Chain Smith
Chaining (in Mill),1,Chaining in Mill
Chair-Carver,1,Chair Carver
Chair-Maker,1,Chair Maker
Chairman Irish Board of Works-Retired,1,Chairman Irish Board of Works Retired
Chandler (Tallow),1,Chandler Tallow
Chaner (Mill),1,Chaner Mill
Chapel-Pioman Cleaning and c R.C. Chapel,1,Chapel Pioman Cleaning and c R.C. Chapel
Chaplain and Noval Instructor (Retired),1,Chaplain and Noval Instructor Retired
Chaplain to the Forces (Retired),1,Chaplain to the Forces Retired
Chaptain to the Forces (Action Lish),1,Chaptain to the Forces Action Lish
Char-woman,1,Char woman
Char-Woman and Stocking Knitter,1,Char Woman and Stocking Knitter
Char-Woman Dom. Servant,1,Char Woman Dom. Servant
Char-Woman Laundress,1,Char Woman Laundress
Charate-Church of Ireland B A Royal Union Ireland,1,Charate Church of Ireland B A Royal Union Ireland
Chare-Woman,1,Chare Woman
Charge (Tobacconist),1,Charge Tobacconist
Chartered Accountant (1st Clerk),1,Chartered Accountant 1st Clerk
Chartered Accountant (F. C. A),1,Chartered Accountant F. C. A
Chartered Accountant (in Practice),1,Chartered Accountant in Practice
Charwoman (Domestic),1,Charwoman Domestic
Charwoman (Tramp),1,Charwoman Tramp
Charwoman (Unemployed),1,Charwoman Unemployed
Charwoman - Armagh Agent,1,Charwoman Armagh Agent
Charwoman - Domestic,1,Charwoman Domestic
"Charwoman-""Domestic""",1,"Charwoman ""Domestic"""
Charwoman-Domestic,1,Charwoman Domestic
Charwoman-Domestic Servant,1,Charwoman Domestic Servant
Charwoman-Retired,1,Charwoman Retired
Check-Clerk,1,Check Clerk
Check-Clk,1,Check Clk
Checker (Bread,1,Checker Bread
Checker (Corporation),1,Checker Corporation
Checker (Shipping),1,Checker Shipping
Cheef-Engineer,1,Cheef Engineer
Chef (Artiste Mlinaire),1,Chef Artiste Mlinaire
Chef (Cafe),1,Chef Cafe
Chef (Hotel),1,Chef Hotel
Chef Head Waiter in (Officers Mess),1,Chef Head Waiter in Officers Mess
Chef-Domestic Sert,1,Chef Domestic Sert
Chef-Hotels,1,Chef Hotels
Cheff-Maid Domestic Servant,1,Cheff Maid Domestic Servant
Chekman-Domestic Servant,1,Chekman Domestic Servant
Chemical Manurs Agent Sub-Land Agent,1,Chemical Manurs Agent Sub Land Agent
Chemical Works (Rectifier),1,Chemical Works Rectifier
Chemist (Manager),1,Chemist Manager
Chemist (Manufacturor),1,Chemist Manufacturor
Chemist (retired),1,Chemist retired
Chemist (Un Employed),1,Chemist Un Employed
Chemist (Un Qualified),1,Chemist Un Qualified
Chemist (Unemployed),1,Chemist Unemployed
Chemist - Assistant,1,Chemist Assistant
Chemist and Druggist (G.B),1,Chemist and Druggist G.B
Chemist and Druggist (Unemployed),1,Chemist and Druggist Unemployed
Chemist Druggist (Registered),1,Chemist Druggist Registered
Chemist Seymour and Co (Ennis) Ltd,1,Chemist Seymour and Co Ennis Ltd
Chemist's Assistant (Unemployed),1,Chemist's Assistant Unemployed
Chemist-Assistant,1,Chemist Assistant
Chemist-Asst,1,Chemist Asst
Chemist-Cement Works,1,Chemist Cement Works
Chemist-Druggist,1,Chemist Druggist
Chemist-Labourer,1,Chemist Labourer
Chemist-Porter,1,Chemist Porter
Chemists (Assist),1,Chemists Assist
Chemists apprentice,1,Chemist's Apprentice
Chemists Assistant (Unemployed),1,Chemists Assistant Unemployed
Chief Clerk Post-Office,1,Chief Clerk Post Office
Chief Clerk Post-Office Londonderry,1,Chief Clerk Post Office Londonderry
Chief Clerk So. GPO Dublin. (Retired),1,Chief Clerk So. GPO Dublin. Retired
Chief Clerk Treasury (Civil Service),1,Chief Clerk Treasury Civil Service
Chief Clerk-Marine Insce,1,Chief Clerk Marine Insce
Chief Clerk-Probate Office,1,Chief Clerk Probate Office
Chief Engineer (Ordnance Survey Ireland),1,Chief Engineer Ordnance Survey Ireland
"Chief in the Civil Service (Timp staff officer, ? Board)",1,"Chief in the Civil Service Timp staff officer, ? Board"
Chief Officer Coast Guard (Active List),1,Chief Officer Coast Guard Active List
Chief Officer Coastguard (Active List),1,Chief Officer Coastguard Active List
Chief Officer Merchant-Services,1,Chief Officer Merchant Services
Chief Officer of Coast Guard (Retired),1,Chief Officer of Coast Guard Retired
Chief Officer's R. N. (Action List),1,Chief Officer's R. N. Action List
Chief Veterinary Officer Fellow of the Royal Collage of Veterinary Surgeons - Veterinary Branch Dept of agne Heent Inst Ireland,1,Chief Veterinary Officer Fellow of the Royal Collage of Veterinary Surgeons Veterinary Branch Dept of agne Heent Inst Ireland
Chief Warder-Prisons Service,1,Chief Warder Prisons Service
Chief-Boatman H M Coastguard,1,Chief Boatman H M Coastguard
Chief-Domestic Servant,1,Chief Domestic Servant
Child (Ups),1,Child Ups
Child Maid (Dom Servt),1,Child Maid Dom Servt
Child of Above (Scholar),1,Child of Above Scholar
Child's Maid - Domestic Servant,1,Child's Maid Domestic Servant
Child's Maid-Dom Servt,1,Child's Maid Dom Servt
Child's Maid-Domestic Servt,1,Child's Maid Domestic Servt
Childern Maid-Domestic Servant,1,Childern Maid Domestic Servant
Childn's Maid-Domestic Servt,1,Childn's Maid Domestic Servt
Children Maid (Dom Servt),1,Children Maid Dom Servt
Children's Maid - Domestic Servant,1,Children's Maid Domestic Servant
Children's Maid-Dom. S.,1,Children's Maid Dom. S.
Children's Maid-Domestic,1,Children's Maid Domestic
Children's Maid-Domestic Servant,1,Children's Maid Domestic Servant
Children's Nurse (Domestic),1,Children's Nurse Domestic
Children's Nurse-Domestic Servant,1,Children's Nurse Domestic Servant
Childrens Maid (Dometic Servant),1,Childrens Maid Dometic Servant
Childrens Maid-Domestic,1,Childrens Maid Domestic
Childrens Maid-domestic Servant,1,Childrens Maid domestic Servant
Childrens Nurse-Domestic,1,Childrens Nurse Domestic
Childrens Nurse-Unemployed,1,Childrens Nurse Unemployed
Childs Maid (Domestic Servant),1,Childs Maid Domestic Servant
Childs Maid-Domestic,1,Childs Maid Domestic
Childs Maid-Domestic Servant,1,Childs Maid Domestic Servant
Childs Nurse (Domestic Servant),1,Childs Nurse Domestic Servant
Childsmaid-Domestic Servant,1,Childsmaid Domestic Servant
Chimney - Cleaner,1,Chimney Cleaner
Chimney Doctor (Sweep),1,Chimney Doctor Sweep
China - Cashier,1,China Cashier
Chor - Woman,1,Chor Woman
Chor-Woman,1,Chor Woman
Christian Brother Ex-Superior General,1,Christian Brother Ex Superior General
Chroms-Artist,1,Chroms Artist
Church Keeper-Domestic Servant,1,Church Keeper Domestic Servant
Church of England-Clerk of Holy Orders,1,Church of England Clerk of Holy Orders
Church of Ireland Clergyman (Canon),1,Church of Ireland Clergyman Canon
Church of Ireland Clergyman (Curate),1,Church of Ireland Clergyman Curate
Church of Ireland-Caretaker,1,Church of Ireland Caretaker
Church of Ireland-Clergyman,1,Church of Ireland Clergyman
Church-Bellman,1,Church Bellman
Cigarette Maker -,1,Cigarette Maker
Cigarrette-Maker,1,Cigarrette Maker
City Councillor Shirt-Collar Manufacturer,1,City Councillor Shirt Collar Manufacturer
City Factory-Examiner,1,City Factory Examiner
City-Council Labourer,1,City Council Labourer
Civil - Bill - Officer,1,Civil Bill Officer
Civil assistant (Rank) Ordnance Survey of Ireland,1,Civil assistant Rank Ordnance Survey of Ireland
Civil Clerk-Army Ord; Dept,1,Civil Clerk Army Ord; Dept
Civil Clerk-Royal Engineer,1,Civil Clerk Royal Engineer
Civil Engineer (Co Surveyor),1,Civil Engineer Co Surveyor
Civil Engineer (I.P.),1,Civil Engineer I.P.
Civil Engineer - Manager of Explosive Factory,1,Civil Engineer Manager of Explosive Factory
Civil Engineer - Retired,1,Civil Engineer Retired
Civil Engineer B A. B A T ( T and D),1,Civil Engineer B A. B A T T and D
Civil Engineer B.A B.A.I (Dublin),1,Civil Engineer B.A B.A.I Dublin
Civil Engineer B.E. (R.U.I.),1,Civil Engineer B.E. R.U.I.
Civil Engineer M Inst C E-B A-Trinity Coll Dublin,1,Civil Engineer M Inst C E B A Trinity Coll Dublin
"Civil Engineer, Land-Surveyor, Land Valuer, Architect",1,"Civil Engineer, Land Surveyor, Land Valuer, Architect"
"Civil Engineer-B. A., and B Eng",1,"Civil Engineer B. A., and B Eng"
Civil Engineer-Ordnance Survey Office,1,Civil Engineer Ordnance Survey Office
Civil Engineer-Superannuated,1,Civil Engineer Superannuated
Civil Enginer (B E),1,Civil Enginer B E
Civil Engr. (Retired),1,Civil Engr. Retired
"Civil Servant (""Writer"") National Educn Office, Dublin",1,"Civil Servant ""Writer"" National Educn Office, Dublin"
Civil Servant (2nd Class Clerk Congested Districts Board),1,Civil Servant 2nd Class Clerk Congested Districts Board
Civil Servant (2nd Div Cl.),1,Civil Servant 2nd Div Cl.
Civil Servant (2nd Division Clerk),1,Civil Servant 2nd Division Clerk
Civil Servant (Abstractor),1,Civil Servant Abstractor
Civil Servant (assistant to chief from satic Dublin Castle),1,Civil Servant assistant to chief from satic Dublin Castle
Civil Servant (Asst Surveyor G P O),1,Civil Servant Asst Surveyor G P O
Civil Servant (Attendant) National Museam Dublin,1,Civil Servant Attendant National Museam Dublin
Civil Servant (Boy Copyists),1,Civil Servant Boy Copyists
Civil Servant (Boy Copysit)-Estate Duty Office Custom House,1,Civil Servant Boy Copysit Estate Duty Office Custom House
Civil Servant (Census clerk),1,Civil Servant Census clerk
Civil Servant (Clerk Chancery Regrs Office Four Courts),1,Civil Servant Clerk Chancery Regrs Office Four Courts
Civil Servant (Clerk Irish Land Comm.),1,Civil Servant Clerk Irish Land Comm.
Civil Servant (Clerk of IInd Division-Unattached),1,Civil Servant Clerk of IInd Division Unattached
Civil Servant (clerk) Retired,1,Civil Servant clerk Retired
Civil Servant (Department of Agriculture or 2nd Dur Clk),1,Civil Servant Department of Agriculture or 2nd Dur Clk
Civil Servant (Education Office Dublin),1,Civil Servant Education Office Dublin
Civil Servant (End Div) Nal Education Dept,1,Civil Servant End Div Nal Education Dept
Civil Servant (Engraver),1,Civil Servant Engraver
Civil Servant (Examiner Ordnance Survey),1,Civil Servant Examiner Ordnance Survey
Civil Servant (First Class Clerk H M Woods and Forests' Dept),1,Civil Servant First Class Clerk H M Woods and Forests' Dept
Civil Servant (H M. Customs Dept),1,Civil Servant H M. Customs Dept
Civil Servant (Inland Revenue) Assistant of Excise,1,Civil Servant Inland Revenue Assistant of Excise
Civil Servant (L. Valution Office),1,Civil Servant L. Valution Office
Civil Servant (Land Commission),1,Civil Servant Land Commission
Civil Servant (Land Commn,1,Civil Servant Land Commn
Civil Servant (Land Courts),1,Civil Servant Land Courts
Civil Servant (Ordnance Survey Dept),1,Civil Servant Ordnance Survey Dept
Civil Servant (P.O. 2nd Div Clerk),1,Civil Servant P.O. 2nd Div Clerk
Civil Servant (Post Office),1,Civil Servant Post Office
Civil Servant (Postman),1,Civil Servant Postman
Civil Servant (Postoffice S.C. and T),1,Civil Servant Postoffice S.C. and T
Civil Servant (Reg Duds),1,Civil Servant Reg Duds
Civil Servant (Retired),1,Civil Servant Retired
Civil Servant (Second Divisions Post Office Dublin),1,Civil Servant Second Divisions Post Office Dublin
Civil Servant (Superannuated),1,Civil Servant Superannuated
Civil Servant (Superanuated),1,Civil Servant Superanuated
Civil Servant (Telegraphist),1,Civil Servant Telegraphist
Civil Servant (Telegraphs),1,Civil Servant Telegraphs
Civil Servant (Teller Stamp Office),1,Civil Servant Teller Stamp Office
Civil Servant - 2nd Divn - LGBd,1,Civil Servant 2nd Divn LGBd
Civil Servant - Abstractor in the Department of National Education in Ireland,1,Civil Servant Abstractor in the Department of National Education in Ireland
Civil Servant - Asst Society Congested Districts Board,1,Civil Servant Asst Society Congested Districts Board
Civil Servant - Boy Copyist,1,Civil Servant Boy Copyist
Civil Servant - Boy Copyist in the Irish Land Commission,1,Civil Servant Boy Copyist in the Irish Land Commission
Civil Servant - Class I Clerk in Local Govt Board (Ireland),1,Civil Servant Class I Clerk in Local Govt Board Ireland
Civil Servant - Contractor,1,Civil Servant Contractor
Civil Servant - First Division Clerk (Second Class) Estate Duty Department,1,Civil Servant First Division Clerk Second Class Estate Duty Department
Civil Servant - Second Division Clerk National Education Office,1,Civil Servant Second Division Clerk National Education Office
Civil Servant - Transcriber in Register of Deeds Office Dublin and Author - Writer of Stories and Newspaper articles,1,Civil Servant Transcriber in Register of Deeds Office Dublin and Author Writer of Stories and Newspaper articles
Civil Servant :- American Nationalist in Science and Art Museum B.Sc Lond.,1,Civil Servant : American Nationalist in Science and Art Museum B.Sc Lond.
Civil Servant Abstractor and Index Compilar-General Register Office,1,Civil Servant Abstractor and Index Compilar General Register Office
Civil Servant Acting Assistant Principal War Office (M A),1,Civil Servant Acting Assistant Principal War Office M A
Civil Servant and Tracer (?),1,Civil Servant and Tracer ?
Civil Servant Assistant Clerk Dept of Agriculture and Kchnical Instruction. (Science and Art Offices),1,Civil Servant Assistant Clerk Dept of Agriculture and Kchnical Instruction. Science and Art Offices
Civil Servant Assistant Clerk-Inland Rev,1,Civil Servant Assistant Clerk Inland Rev
Civil Servant B A (Dublin) Asst Clerk Land Comn,1,Civil Servant B A Dublin Asst Clerk Land Comn
Civil Servant Clerk (First Class) Public Record Office Dublin,1,Civil Servant Clerk First Class Public Record Office Dublin
Civil Servant Clerk of Office Notice Office-Chancelor Division-Four Courts,1,Civil Servant Clerk of Office Notice Office Chancelor Division Four Courts
Civil Servant Head Organiser for Science Education Department B Sc (Louth),1,Civil Servant Head Organiser for Science Education Department B Sc Louth
Civil Servant National Education Office (Boy Copyist),1,Civil Servant National Education Office Boy Copyist
Civil Servant Office of Nat Education - Retired,1,Civil Servant Office of Nat Education Retired
Civil Servant Second Division (Higher Grade) Chief Secretary's Office Dublin Castle,1,Civil Servant Second Division Higher Grade Chief Secretary's Office Dublin Castle
Civil Servant Staff Clerk Secretariat Department of Agriculture and Technical Instruction for Ireland Barrister at Law (Not practising) Master of arts R U I,1,Civil Servant Staff Clerk Secretariat Department of Agriculture and Technical Instruction for Ireland Barrister at Law Not practising Master of arts R U I
Civil Servant Surveyor and Valuer (1st Cl) General Valuation Office,1,Civil Servant Surveyor and Valuer 1st Cl General Valuation Office
Civil Servant-2nd Din Clerk,1,Civil Servant 2nd Din Clerk
Civil Servant-2nd Division Dept of Agriculture and Technical Institution,1,Civil Servant 2nd Division Dept of Agriculture and Technical Institution
Civil Servant-3rd Class Clerk in the Irish Land Commission,1,Civil Servant 3rd Class Clerk in the Irish Land Commission
Civil Servant-3rd Class Clerk-Irish and Commission,1,Civil Servant 3rd Class Clerk Irish and Commission
Civil Servant-Assistant Clerk Valuation Office,1,Civil Servant Assistant Clerk Valuation Office
Civil Servant-Attendant Science and Art Museum Dublin,1,Civil Servant Attendant Science and Art Museum Dublin
Civil Servant-Boy (Irishland Coun) Clerk,1,Civil Servant Boy Irishland Coun Clerk
Civil Servant-Boy Clerk,1,Civil Servant Boy Clerk
"Civil Servant-Clerk of the Second Division, National Education Office, Dublin",1,"Civil Servant Clerk of the Second Division, National Education Office, Dublin"
Civil Servant-Div in II Book Keeper-Office of Politic Works,1,Civil Servant Div in II Book Keeper Office of Politic Works
Civil Servant-Examining Officer of Customs,1,Civil Servant Examining Officer of Customs
Civil Servant-Inland Revenue officer,1,Civil Servant Inland Revenue officer
Civil Servant-Officer of Inland Revenue (2nd Class),1,Civil Servant Officer of Inland Revenue 2nd Class
Civil Servant-Retired,1,Civil Servant Retired
Civil Servant-Second Division Clerk G.P.O Dublin,1,Civil Servant Second Division Clerk G.P.O Dublin
Civil Servant-Staff officer Valution Officer,1,Civil Servant Staff officer Valution Officer
Civil Servant-Storekeeper G P O Dublin,1,Civil Servant Storekeeper G P O Dublin
Civil Servant-Telegraphist,1,Civil Servant Telegraphist
"Civil Servant-Upper Division Clerk Estate Duty Office, Dublin",1,"Civil Servant Upper Division Clerk Estate Duty Office, Dublin"
Civil Servant-Upper Division Dublin Metropolican Police Dept,1,Civil Servant Upper Division Dublin Metropolican Police Dept
Civil Servant-Vice Chairman General Crime Board- I P Barrister (Not in a Civil Practice),1,Civil Servant Vice Chairman General Crime Board I P Barrister Not in a Civil Practice
Civil Service (Boy Copyist) Waiting for Employment,1,Civil Service Boy Copyist Waiting for Employment
Civil Service (Office of Public Work),1,Civil Service Office of Public Work
Civil Service (Ordnance Survey),1,Civil Service Ordnance Survey
Civil Service (Post Office Clerk),1,Civil Service Post Office Clerk
Civil Service (Secy Office G.P.P.),1,Civil Service Secy Office G.P.P.
Civil Service (Sorter P O),1,Civil Service Sorter P O
Civil Service (Supg Officer Post Office),1,Civil Service Supg Officer Post Office
Civil Service (Surveyor of ?) and Organise,1,Civil Service Surveyor of ? and Organise
Civil Service (Temperary Clerk) (Valuation Office),1,Civil Service Temperary Clerk Valuation Office
Civil Service - 1st Class Officer - Inland Revenue Department,1,Civil Service 1st Class Officer Inland Revenue Department
Civil Service - Custom - Ast,1,Civil Service Custom Ast
Civil Service - Retired,1,Civil Service Retired
Civil Service - Second Division Clerk Accountant Office G P O Dublin,1,Civil Service Second Division Clerk Accountant Office G P O Dublin
Civil Service 1st Class Clerk-Superannuated,1,Civil Service 1st Class Clerk Superannuated
Civil Service 2nd Division Clerk - Chief Secretoty's Office,1,Civil Service 2nd Division Clerk Chief Secretoty's Office
Civil Service Ast Surveyor Board of Works-Architect,1,Civil Service Ast Surveyor Board of Works Architect
Civil Service Board of Works-First Unn Clerk,1,Civil Service Board of Works First Unn Clerk
Civil Service Clerk (2nd Dir Board of Works),1,Civil Service Clerk 2nd Dir Board of Works
Civil Service Clerk (On Leave),1,Civil Service Clerk On Leave
Civil Service Clerk (P.O.),1,Civil Service Clerk P.O.
Civil Service Clerk (Second Division B of Works),1,Civil Service Clerk Second Division B of Works
Civil Service Clerk (Second Division) G.P.O. Dublin,1,Civil Service Clerk Second Division G.P.O. Dublin
Civil Service Clerk (Tax Department),1,Civil Service Clerk Tax Department
Civil Service Clerk in General Persons-Board,1,Civil Service Clerk in General Persons Board
Civil Service Clerk Irish Land Commr (Temporary),1,Civil Service Clerk Irish Land Commr Temporary
Civil Service Clerk-(Post Office),1,Civil Service Clerk Post Office
Civil Service Clerk-2nd Divisn. Account's Branch G.P.O. Dublin,1,Civil Service Clerk 2nd Divisn. Account's Branch G.P.O. Dublin
Civil Service Clerk-Irish Land Commission,1,Civil Service Clerk Irish Land Commission
Civil Service Engineer Inspector-Admeialty,1,Civil Service Engineer Inspector Admeialty
Civil Service Excise Officer 2nd-Class Retired,1,Civil Service Excise Officer 2nd Class Retired
Civil Service H C I (I),1,Civil Service H C I I
Civil Service H M Custom - Exg Officer,1,Civil Service H M Custom Exg Officer
Civil Service Inland Revenue Dept Excise Branch-Clerk,1,Civil Service Inland Revenue Dept Excise Branch Clerk
Civil Service Retired on Superisor Newstore-Late Senior Turvenor or Buildings Board of Public Works-Ireland,1,Civil Service Retired on Superisor Newstore Late Senior Turvenor or Buildings Board of Public Works Ireland
Civil Service Student (Methodist College),1,Civil Service Student Methodist College
Civil Service Survey (Ordnance),1,Civil Service Survey Ordnance
Civil Service Telegrap-Dept G P O,1,Civil Service Telegrap Dept G P O
Civil Service Tutor - B A,1,Civil Service Tutor B A
Civil Service Yard Account Branch (First-Class Writer),1,Civil Service Yard Account Branch First Class Writer
"Civil Service, Assistant (Post Office)",1,"Civil Service, Assistant Post Office"
"Civil Service, Postmistress (Post Office)",1,"Civil Service, Postmistress Post Office"
"Civil Service-2nd Div-Clerk Inspector General Office R.I.C, Dublin Castle",1,"Civil Service 2nd Div Clerk Inspector General Office R.I.C, Dublin Castle"
Civil Service-Examiner in Paymaster Genls Office,1,Civil Service Examiner in Paymaster Genls Office
Civil Service-Inspector Petty Session Clerks,1,Civil Service Inspector Petty Session Clerks
Civil Service-Irish Land Sub-Commisions B.A. Exam,1,Civil Service Irish Land Sub Commisions B.A. Exam
Civil Service-Local Govt Board for Ireland,1,Civil Service Local Govt Board for Ireland
Civil Service-Post Office,1,Civil Service Post Office
Civil Service-Retired,1,Civil Service Retired
Civil Service-Ritd Collector of H M Customs,1,Civil Service Ritd Collector of H M Customs
Civil Service-Secretary,1,Civil Service Secretary
Civil Service-Sorter and Telegraphist Gpo Dublin,1,Civil Service Sorter and Telegraphist Gpo Dublin
Civil Service-Sorting Clerk of Telegraphist Postoffice,1,Civil Service Sorting Clerk of Telegraphist Postoffice
Civil Service-Sorting Depts,1,Civil Service Sorting Depts
Civil Service-Staff Officer Stamps and Taxes Dept,1,Civil Service Staff Officer Stamps and Taxes Dept
Civil Service-Telegraphist Po,1,Civil Service Telegraphist Po
Civil Service-Temp. Clerk Education Office Dublin,1,Civil Service Temp. Clerk Education Office Dublin
Civil Service-Valuer and Surveyor in the Department of General Valuation Office Ireland Fellow Surveyors Institute London Assoc. Institute Civil Engineers (I) Member Royal Institute of Architects (I),1,Civil Service Valuer and Surveyor in the Department of General Valuation Office Ireland Fellow Surveyors Institute London Assoc. Institute Civil Engineers I Member Royal Institute of Architects I
Civil-Serered Pensioner,1,Civil Serered Pensioner
Claining-Engineers,1,Claining Engineers
Claire (Curate),1,Claire Curate
Clark (Book Keeper),1,Clark Book Keeper
Clark (Commercial),1,Clark Commercial
Clark (Draper),1,Clark Draper
Clark (Factory),1,Clark Factory
Clark (Office),1,Clark Office
Clark (Wareroom),1,Clark Wareroom
Clark - Land Agency,1,Clark Land Agency
Clark Board (of Work),1,Clark Board of Work
Clark in Hold Agents (Out of Employment),1,Clark in Hold Agents Out of Employment
Clark Irish Prison Service-Civil Service,1,Clark Irish Prison Service Civil Service
Clarke (Builders),1,Clarke Builders
Clarkess (Laundry),1,Clarkess Laundry
Clay Pipe Factory-Finisher,1,Clay Pipe Factory Finisher
Clay Pipe Manufacturer (Apprentice),1,Clay Pipe Manufacturer Apprentice
Clay-Tobaccopipe Maker,1,Clay Tobaccopipe Maker
Cleaner (Engine),1,Cleaner Engine
Cleaner of Engine-General Labourer,1,Cleaner of Engine General Labourer
Cleaner-Linen,1,Cleaner Linen
Clear-Woman,1,Clear Woman
Cleark (Solicitors),1,Cleark Solicitors
Clergman-Presbyn Ch,1,Clergman Presbyn Ch
Clergy Man Ch of Ireland (B.A. of Trinity Coll Dublin),1,Clergy Man Ch of Ireland B.A. of Trinity Coll Dublin
Clergy Man Ch. of Ireland. (Priest),1,Clergy Man Ch. of Ireland. Priest
Clergyman (B. A. M. A.),1,Clergyman B. A. M. A.
Clergyman (C and I),1,Clergyman C and I
Clergyman (C.C),1,Clergyman C.C
Clergyman (C.I) (Retired),1,Clergyman C.I Retired
Clergyman (Canon and Rector) Church of Ireland,1,Clergyman Canon and Rector Church of Ireland
Clergyman (Catholic Curate),1,Clergyman Catholic Curate
Clergyman (Ch of Scotld),1,Clergyman Ch of Scotld
Clergyman (Church of Ireland),1,Clergyman Church of Ireland
Clergyman (Church of Ireland) Canon,1,Clergyman Church of Ireland Canon
Clergyman (Curate) Ch. of Ireland,1,Clergyman Curate Ch. of Ireland
Clergyman (Deacon),1,Clergyman Deacon
Clergyman (I.C),1,Clergyman I.C
"Clergyman (I.C) Curate M.A., O.U.I",1,"Clergyman I.C Curate M.A., O.U.I"
Clergyman (Incombent),1,Clergyman Incombent
Clergyman (Irish Church),1,Clergyman Irish Church
Clergyman (Parish Priest),1,Clergyman Parish Priest
Clergyman (Presbyter) of the Moravian Church,1,Clergyman Presbyter of the Moravian Church
Clergyman (Presbyterian),1,Clergyman Presbyterian
Clergyman (Rector) C.I.,1,Clergyman Rector C.I.
Clergyman (Rector) Church of Ireland,1,Clergyman Rector Church of Ireland
Clergyman - (Parish Priest),1,Clergyman Parish Priest
Clergyman - Curate,1,Clergyman Curate
Clergyman - R C Curate,1,Clergyman R C Curate
Clergyman - Rector,1,Clergyman Rector
Clergyman and Rector of Aghee Church of Ireland B A (Dub),1,Clergyman and Rector of Aghee Church of Ireland B A Dub
Clergyman C.J. (Incumbent),1,Clergyman C.J. Incumbent
Clergyman Ch of Ireland Incumbent (as Manager) and M. A. Dublin University,1,Clergyman Ch of Ireland Incumbent as Manager and M. A. Dublin University
Clergyman Ch. of Ireld-Rector and Canon,1,Clergyman Ch. of Ireld Rector and Canon
Clergyman Church of Ireland Curate-Dingle Parish,1,Clergyman Church of Ireland Curate Dingle Parish
Clergyman Church of Ireland-Rector and R.Dean,1,Clergyman Church of Ireland Rector and R.Dean
Clergyman of Church of Ireland - Canon - M.A.I.C.D,1,Clergyman of Church of Ireland Canon M.A.I.C.D
"Clergyman of Church of Ireland : Priest Incumbent Master of Arts, (T C D)",1,"Clergyman of Church of Ireland : Priest Incumbent Master of Arts, T C D"
Clergyman of Church of Ireland-Rector of Tick Macewan and Chancellor of Cunner Cathedral,1,Clergyman of Church of Ireland Rector of Tick Macewan and Chancellor of Cunner Cathedral
Clergyman of Reformed Presbyterian Church (B.A R.N.I),1,Clergyman of Reformed Presbyterian Church B.A R.N.I
Clergyman of the Church of Ireland assistant (Irish Church act) as Curate of aghold Dio of Leight? released from Duty on account of all health BA TCD,1,Clergyman of the Church of Ireland assistant Irish Church act as Curate of aghold Dio of Leight? released from Duty on account of all health BA TCD
"Clergyman of the Church of Ireland, An Incumbent. M.A. (T.C.D.)",1,"Clergyman of the Church of Ireland, An Incumbent. M.A. T.C.D."
Clergyman of the Church of Ireland-Vicar of Parish-M A T C D,1,Clergyman of the Church of Ireland Vicar of Parish M A T C D
Clergyman P. P. (R. C),1,Clergyman P. P. R. C
"Clergyman Professor of Ecclesiastical History, Dublin University Curate (Ch of Ireland) of Bray M. A.-D. D.",1,"Clergyman Professor of Ecclesiastical History, Dublin University Curate Ch of Ireland of Bray M. A. D. D."
Clergyman R-C P.P.,1,Clergyman R C P.P.
Clergyman Roman Catholic (Curate),1,Clergyman Roman Catholic Curate
Clergyman's Widow - Private Income,1,Clergyman's Widow Private Income
Clergyman(Rector) DDMA,1,ClergymanRector DDMA
Clergyman- R.C. Curch,1,Clergyman R.C. Curch
Clergyman-Canon,1,Clergyman Canon
Clergyman-Church of Ireland B.A.T.C.D,1,Clergyman Church of Ireland B.A.T.C.D
Clergyman-Curate Licentiate of Theol. May Month,1,Clergyman Curate Licentiate of Theol. May Month
Clergyman-Curate-in-Change,1,Clergyman Curate in Change
Clergyman-Doctor of Divinity,1,Clergyman Doctor of Divinity
Clergyman-Incumbent,1,Clergyman Incumbent
Clergyman-Incumbent Church of Ireland,1,Clergyman Incumbent Church of Ireland
Clergyman-Licentiate of Presbyterian Church of Ireland,1,Clergyman Licentiate of Presbyterian Church of Ireland
Clergyman-Parish Priest. Canon and Vicar,1,Clergyman Parish Priest. Canon and Vicar
Clergyman-Plymouth Brethren,1,Clergyman Plymouth Brethren
Clergyman-Rector of Craigs,1,Clergyman Rector of Craigs
Clergyman-Rector-Ch. of Ireland,1,Clergyman Rector Ch. of Ireland
Clergyman-Rector-Church of Ireland,1,Clergyman Rector Church of Ireland
Clergyman-Roman Catholic ? Parish Priest-Vicar Foreman,1,Clergyman Roman Catholic ? Parish Priest Vicar Foreman
Clerical (Rector),1,Clerical Rector
Clerk (1st Class) Juniors Manag,1,Clerk 1st Class Juniors Manag
Clerk (2nd Class) Irish Land Commission,1,Clerk 2nd Class Irish Land Commission
Clerk (2nd Div) R I C,1,Clerk 2nd Div R I C
Clerk (2nd Division) Board of Works,1,Clerk 2nd Division Board of Works
Clerk (Accountancy),1,Clerk Accountancy
Clerk (Accountant) Confectionery and Sweet Factory,1,Clerk Accountant Confectionery and Sweet Factory
Clerk (Agricultural and Engineering Work),1,Clerk Agricultural and Engineering Work
Clerk (App),1,Clerk App
Clerk (Assist),1,Clerk Assist
Clerk (Assistant in Public House),1,Clerk Assistant in Public House
Clerk (Assistant) L.G.Pod,1,Clerk Assistant L.G.Pod
Clerk (Asst) General Valuation Office,1,Clerk Asst General Valuation Office
Clerk (Atronomecal Works),1,Clerk Atronomecal Works
Clerk (Auctioner),1,Clerk Auctioner
Clerk (Bakers),1,Clerk Bakers
Clerk (Bank of Ireland),1,Clerk Bank of Ireland
Clerk (Beer Company),1,Clerk Beer Company
Clerk (Bleach Works),1,Clerk Bleach Works
Clerk (Book Keeping),1,Clerk Book Keeping
Clerk (Book-Keeper),1,Clerk Book Keeper
Clerk (Bookkeeping),1,Clerk Bookkeeping
Clerk (Bremer's),1,Clerk Bremer's
Clerk (Brewary),1,Clerk Brewary
Clerk (Builder),1,Clerk Builder
Clerk (Builders Providers),1,Clerk Builders Providers
Clerk (Butter Merchant),1,Clerk Butter Merchant
Clerk (C.S),1,Clerk C.S
Clerk (Canal Stores),1,Clerk Canal Stores
Clerk (Canteen),1,Clerk Canteen
Clerk (Carrier),1,Clerk Carrier
Clerk (Cawnbroker),1,Clerk Cawnbroker
Clerk (Class I) in Public BA ?on Record Office of Ireland,1,Clerk Class I in Public BA ?on Record Office of Ireland
Clerk (Clothier's),1,Clerk Clothier's
Clerk (Co Council),1,Clerk Co Council
Clerk (Co Wine Merchant),1,Clerk Co Wine Merchant
Clerk (Co) in City Dublin Steam Nacket,1,Clerk Co in City Dublin Steam Nacket
Clerk (Coach Builders),1,Clerk Coach Builders
Clerk (Coachbuilder's),1,Clerk Coachbuilder's
Clerk (Coal Merchant),1,Clerk Coal Merchant
Clerk (Coal Miners),1,Clerk Coal Miners
Clerk (Coal Trade),1,Clerk Coal Trade
Clerk (Com Trade),1,Clerk Com Trade
Clerk (Comm),1,Clerk Comm
Clerk (Commercial Corresponding),1,Clerk Commercial Corresponding
Clerk (commercial),1,Clerk commercial
Clerk (Commercl),1,Clerk Commercl
Clerk (Communicat),1,Clerk Communicat
Clerk (Con),1,Clerk Con
Clerk (Confidential to a Brewery),1,Clerk Confidential to a Brewery
Clerk (Cook Merchants),1,Clerk Cook Merchants
Clerk (Cooper - Age),1,Clerk Cooper Age
Clerk (Cork Corporation),1,Clerk Cork Corporation
Clerk (Corm Merchants),1,Clerk Corm Merchants
Clerk (Corm),1,Clerk Corm
Clerk (Corn Mill),1,Clerk Corn Mill
Clerk (Corporation Baths),1,Clerk Corporation Baths
Clerk (Correspondence),1,Clerk Correspondence
Clerk (Counting-House of Engineering Office),1,Clerk Counting House of Engineering Office
Clerk (County Council),1,Clerk County Council
Clerk (Creamery),1,Clerk Creamery
Clerk (Crown Office),1,Clerk Crown Office
Clerk (Cycle Brand),1,Clerk Cycle Brand
Clerk (Dock yard),1,Clerk Dock yard
Clerk (Domesticservant),1,Clerk Domesticservant
Clerk (Drakers),1,Clerk Drakers
Clerk (Draper) (Commercial),1,Clerk Draper Commercial
Clerk (Drug Factory),1,Clerk Drug Factory
Clerk (Dublin Laundry Co),1,Clerk Dublin Laundry Co
Clerk (Dye Works),1,Clerk Dye Works
Clerk (Electric Camp),1,Clerk Electric Camp
Clerk (Electrical),1,Clerk Electrical
Clerk (First Class) Accountants Dept G.P.O,1,Clerk First Class Accountants Dept G.P.O
Clerk (Fishmongers),1,Clerk Fishmongers
Clerk (Flax Spg),1,Clerk Flax Spg
Clerk (Flax Spinning),1,Clerk Flax Spinning
Clerk (Flesher's),1,Clerk Flesher's
Clerk (Flour Mill),1,Clerk Flour Mill
Clerk (Forwarding),1,Clerk Forwarding
Clerk (Foundry),1,Clerk Foundry
Clerk (Four Courts),1,Clerk Four Courts
Clerk (from Company),1,Clerk from Company
Clerk (Genl),1,Clerk Genl
Clerk (Gent's Outfitters),1,Clerk Gent's Outfitters
Clerk (Grain Merchants),1,Clerk Grain Merchants
Clerk (Grover),1,Clerk Grover
Clerk (Handkerchief),1,Clerk Handkerchief
Clerk (Harbour),1,Clerk Harbour
Clerk (Hardware Business),1,Clerk Hardware Business
Clerk (Hardwars),1,Clerk Hardwars
Clerk (House Agent's),1,Clerk House Agent's
Clerk (House Furnishing),1,Clerk House Furnishing
Clerk (in a Foundry),1,Clerk in a Foundry
Clerk (In Action List),1,Clerk In Action List
Clerk (in Ascorps),1,Clerk in Ascorps
Clerk (In Brewery),1,Clerk In Brewery
Clerk (In Co Council Office),1,Clerk In Co Council Office
Clerk (in Co Council Office),1,Clerk in Co Council Office
Clerk (in Creamery),1,Clerk in Creamery
Clerk (Insurance Co),1,Clerk Insurance Co
Clerk (Inter. Education Office),1,Clerk Inter. Education Office
Clerk (Invoice),1,Clerk Invoice
Clerk (Ireland Revenue),1,Clerk Ireland Revenue
Clerk (Irish Land Commn.,1,Clerk Irish Land Commn.
Clerk (Ironmonger),1,Clerk Ironmonger
Clerk (Job),1,Clerk Job
Clerk (Junior) in Agricultural Dept,1,Clerk Junior in Agricultural Dept
Clerk (Land Agent),1,Clerk Land Agent
Clerk (Land Agents Assist),1,Clerk Land Agents Assist
Clerk (Land Commissioner),1,Clerk Land Commissioner
Clerk (Land Depts),1,Clerk Land Depts
Clerk (Land-Office),1,Clerk Land Office
Clerk (Laundry),1,Clerk Laundry
Clerk (Law) (General),1,Clerk Law General
Clerk (Lead Foundry),1,Clerk Lead Foundry
Clerk (Legal),1,Clerk Legal
Clerk (Lime Keeper),1,Clerk Lime Keeper
Clerk (Linen Brivers),1,Clerk Linen Brivers
Clerk (Linen Business),1,Clerk Linen Business
Clerk (Linen Bussiness),1,Clerk Linen Bussiness
Clerk (Linen Manufacture),1,Clerk Linen Manufacture
Clerk (Linen Manufacturer),1,Clerk Linen Manufacturer
Clerk (Linen Merchants),1,Clerk Linen Merchants
Clerk (Linen Mill),1,Clerk Linen Mill
Clerk (Linen Stores),1,Clerk Linen Stores
Clerk (Linen) Factory,1,Clerk Linen Factory
Clerk (Manufacturers Office),1,Clerk Manufacturers Office
Clerk (Manufacturers),1,Clerk Manufacturers
Clerk (Masters Office),1,Clerk Masters Office
Clerk (Merchant),1,Clerk Merchant
Clerk (Military),1,Clerk Military
Clerk (Millstone),1,Clerk Millstone
Clerk (Mineral Water),1,Clerk Mineral Water
Clerk (Net Factory),1,Clerk Net Factory
Clerk (News paper office),1,Clerk News paper office
Clerk (Not Working),1,Clerk Not Working
Clerk (of Union),1,Clerk of Union
Clerk (Office),1,Clerk Office
Clerk (Oil and Chemical Works),1,Clerk Oil and Chemical Works
Clerk (Ordce Survey),1,Clerk Ordce Survey
Clerk (Ordinance Survey),1,Clerk Ordinance Survey
Clerk (Ordnance Survey) Pensioner (Royal Engineers),1,Clerk Ordnance Survey Pensioner Royal Engineers
Clerk (Ormance Store),1,Clerk Ormance Store
Clerk (Packet Co's Office),1,Clerk Packet Co's Office
Clerk (Painter),1,Clerk Painter
Clerk (Pawn Office),1,Clerk Pawn Office
Clerk (Pawnbrokers),1,Clerk Pawnbrokers
Clerk (Performer),1,Clerk Performer
Clerk (Plumbers),1,Clerk Plumbers
Clerk (Poor Rate Office),1,Clerk Poor Rate Office
Clerk (Posting Trade),1,Clerk Posting Trade
Clerk (Preserved Factory),1,Clerk Preserved Factory
Clerk (Press Officer),1,Clerk Press Officer
Clerk (Printers),1,Clerk Printers
Clerk (Printery Trade),1,Clerk Printery Trade
Clerk (Provision Shop),1,Clerk Provision Shop
Clerk (Provisions),1,Clerk Provisions
Clerk (Public House Assistant),1,Clerk Public House Assistant
Clerk (Publican),1,Clerk Publican
Clerk (Quarry),1,Clerk Quarry
Clerk (R Wan),1,Clerk R Wan
Clerk (R-Wey),1,Clerk R Wey
Clerk (Railway,1,Railway Clerk
Clerk (Railway Engineering),1,Clerk Railway Engineering
Clerk (Railway Parcel Office),1,Clerk Railway Parcel Office
Clerk (Railway) Office,1,Clerk Railway Office
Clerk (Rate Collector),1,Clerk Rate Collector
Clerk (Rates and Insurance),1,Clerk Rates and Insurance
Clerk (Rentagent),1,Clerk Rentagent
Clerk (Retired) Great L and W Railway,1,Clerk Retired Great L and W Railway
Clerk (Rly),1,Clerk Rly
Clerk (Rope and Twine Miners),1,Clerk Rope and Twine Miners
Clerk (Rural District Counciller),1,Clerk Rural District Counciller
Clerk (Sculptors),1,Clerk Sculptors
Clerk (Seed and Hardware),1,Clerk Seed and Hardware
Clerk (Seed Trade),1,Clerk Seed Trade
Clerk (Sewing Machine Office),1,Clerk Sewing Machine Office
Clerk (Sewing Machine),1,Clerk Sewing Machine
Clerk (Shepping Office),1,Clerk Shepping Office
Clerk (Shepping),1,Clerk Shepping
Clerk (Ship Building Wks),1,Clerk Ship Building Wks
Clerk (Ship Yard),1,Clerk Ship Yard
Clerk (Shiping),1,Clerk Shiping
Clerk (Shippard),1,Clerk Shippard
Clerk (Shipping Co),1,Clerk Shipping Co
Clerk (Shipping Trade),1,Clerk Shipping Trade
Clerk (Shippiry),1,Clerk Shippiry
Clerk (Shipyan),1,Clerk Shipyan
Clerk (Shipyard),1,Clerk Shipyard
Clerk (Singer's Sewing Machine Co ),1,Clerk Singer's Sewing Machine Co
Clerk (Soap Makers),1,Clerk Soap Makers
Clerk (Soap Works),1,Clerk Soap Works
Clerk (Sol),1,Clerk Sol
Clerk (sol),1,Clerk sol
Clerk (Solicitors general),1,Clerk Solicitors general
Clerk (Solicitors General),1,Clerk Solicitors General
Clerk (Solicitors Managing (Clerk),1,Clerk Solicitors Managing Clerk
Clerk (Solr),1,Clerk Solr
Clerk (South Africa) Kaffier Store,1,Clerk South Africa Kaffier Store
Clerk (Spirit Grocer),1,Clerk Spirit Grocer
Clerk (Spirit),1,Clerk Spirit
Clerk (Stationary),1,Clerk Stationary
Clerk (Stationer),1,Clerk Stationer
Clerk (Stationers),1,Clerk Stationers
Clerk (Steam Ship Co,1,Clerk Steam Ship Co
Clerk (Stock Brocker),1,Clerk Stock Brocker
Clerk (Stock Brokers),1,Clerk Stock Brokers
Clerk (Store Manager),1,Clerk Store Manager
Clerk (Sunlight Co),1,Clerk Sunlight Co
Clerk (Surveyors),1,Clerk Surveyors
Clerk (Tailoring),1,Clerk Tailoring
Clerk (Tainting Trade),1,Clerk Tainting Trade
Clerk (Tea Company),1,Clerk Tea Company
Clerk (Tea Trade),1,Clerk Tea Trade
Clerk (Telephone Coy),1,Clerk Telephone Coy
Clerk (Tember Trade),1,Clerk Tember Trade
Clerk (Timber Merchant),1,Clerk Timber Merchant
Clerk (to Clerk of Union),1,Clerk to Clerk of Union
Clerk (Tram Industry),1,Clerk Tram Industry
Clerk (Tram-Company),1,Clerk Tram Company
Clerk (Trans),1,Clerk Trans
Clerk (Type Writer),1,Clerk Type Writer
Clerk (Un Employed),1,Clerk Un Employed
Clerk (Undertaker),1,Clerk Undertaker
Clerk (Vetr),1,Clerk Vetr
Clerk (Victuallr's),1,Clerk Victuallr's
Clerk (Weaving of Factory),1,Clerk Weaving of Factory
Clerk (Whiskey Company),1,Clerk Whiskey Company
Clerk (Wholesale Hen's Agency),1,Clerk Wholesale Hen's Agency
Clerk (Wholesale Leather),1,Clerk Wholesale Leather
Clerk (Wholesale Spirit Trade),1,Clerk Wholesale Spirit Trade
Clerk (Wine and Spirit Business),1,Clerk Wine and Spirit Business
Clerk (Wine and Spirit),1,Clerk Wine and Spirit
Clerk (Wine and Tea Merchant),1,Clerk Wine and Tea Merchant
Clerk (Wine office),1,Clerk Wine office
Clerk (Wine Trade),1,Clerk Wine Trade
Clerk (Working) in Bleach Green,1,Clerk Working in Bleach Green
Clerk (Works),1,Clerk Works
Clerk (Writting),1,Clerk Writting
Clerk (Yarn Mehnt),1,Clerk Yarn Mehnt
Clerk - Accountant,1,Clerk Accountant
Clerk - American Oil Company,1,Clerk American Oil Company
Clerk - Asst District Council and Balrothen Union,1,Clerk Asst District Council and Balrothen Union
Clerk - Bakery,1,Clerk Bakery
Clerk - Bookkeeper,1,Clerk Bookkeeper
Clerk - Brewery,1,Clerk Brewery
Clerk - Builders,1,Clerk Builders
Clerk - Civil Service - Higher Division - (Local Govt Office) BA University of Dublin,1,Clerk Civil Service Higher Division Local Govt Office BA University of Dublin
Clerk - Coal Trade,1,Clerk Coal Trade
Clerk - Coal Yard,1,Clerk Coal Yard
Clerk - Com Borkers Office,1,Clerk Com Borkers Office
Clerk - Comercl,1,Clerk Comercl
Clerk - Commercial Drapery,1,Clerk Commercial Drapery
Clerk - Corn Merchant,1,Clerk Corn Merchant
Clerk - Drapers,1,Clerk Drapers
Clerk - Fishmonger,1,Clerk Fishmonger
Clerk - Flax Spinning Mill Unemployed,1,Clerk Flax Spinning Mill Unemployed
Clerk - Furniture Warehouse,1,Clerk Furniture Warehouse
Clerk - G.P.O,1,Clerk G.P.O
Clerk - House and Land Agency,1,Clerk House and Land Agency
Clerk - in Mineral Water Company,1,Clerk in Mineral Water Company
Clerk - Income Tax Dept,1,Clerk Income Tax Dept
Clerk - Ironworks,1,Clerk Ironworks
Clerk - Law,1,Clerk Law
Clerk - Linen Factory,1,Clerk Linen Factory
Clerk - Linen Warehouse,1,Clerk Linen Warehouse
Clerk - Linen Warhouse,1,Clerk Linen Warhouse
Clerk - Merchants,1,Clerk Merchants
Clerk - of - Works (Unemployed),1,Clerk of Works Unemployed
Clerk - Office of Official Assignee Local Bankruptey Court,1,Clerk Office of Official Assignee Local Bankruptey Court
Clerk - Paper Manufacture,1,Clerk Paper Manufacture
Clerk - Printing,1,Clerk Printing
Clerk - Printing Office,1,Clerk Printing Office
Clerk - Prisons Service,1,Clerk Prisons Service
Clerk - Provision Merchant's,1,Clerk Provision Merchant's
Clerk - Provisions,1,Clerk Provisions
Clerk - Ra?,1,Clerk Ra?
Clerk - Railway,1,Railway Clerk
Clerk - Railway Audit,1,Clerk Railway Audit
Clerk - Railway Clearing House,1,Clerk Railway Clearing House
Clerk - Sewing Machine Manufacturers,1,Clerk Sewing Machine Manufacturers
Clerk - Ship - Chandler's,1,Clerk Ship Chandler's
Clerk - Shipping,1,Clerk Shipping
Clerk - Timber Yard,1,Clerk Timber Yard
Clerk - Tourist Business,1,Clerk Tourist Business
Clerk - Umbrella Manufactory,1,Clerk Umbrella Manufactory
Clerk - Victuallers and Poulterer's,1,Clerk Victuallers and Poulterer's
Clerk - Warehouse,1,Clerk Warehouse
Clerk - Weaving Factory,1,Clerk Weaving Factory
Clerk -(Auctioneers and Estate Agents),1,Clerk Auctioneers and Estate Agents
Clerk and Bar-tender,1,Clerk and Bar tender
Clerk and Book-Keeper,1,Clerk and Book Keeper
Clerk and Book-Kpr,1,Clerk and Book Kpr
Clerk and Corn-Buyer,1,Clerk and Corn Buyer
Clerk at Iron-Works,1,Clerk at Iron Works
Clerk at Railway-Bookstand,1,Clerk at Railway Bookstand
Clerk at Spinning Mill (Linen),1,Clerk at Spinning Mill Linen
Clerk Book-Keeper,1,Clerk Book Keeper
Clerk Civil Service Retired (Letter Branch),1,Clerk Civil Service Retired Letter Branch
Clerk Commercial (Coal),1,Clerk Commercial Coal
Clerk Courthouse Green St Dublin (Crown Office),1,Clerk Courthouse Green St Dublin Crown Office
Clerk Crons and Peace Co Kildare-Solicitor Land Agent,1,Clerk Crons and Peace Co Kildare Solicitor Land Agent
Clerk Domestic-Servant,1,Clerk Domestic Servant
Clerk EL (P O),1,Clerk EL P O
Clerk Engineering Dept G.P.O Teacher (Electrical Engineering),1,Clerk Engineering Dept G.P.O Teacher Electrical Engineering
Clerk G. P. O Cork (Society),1,Clerk G. P. O Cork Society
Clerk House Furnishing (Unemployed),1,Clerk House Furnishing Unemployed
Clerk in a Trust-Merchant Office,1,Clerk in a Trust Merchant Office
Clerk in Civil Service General Prison's Service (Wiland),1,Clerk in Civil Service General Prison's Service Wiland
Clerk in Co-Operative,1,Clerk in Co Operative
Clerk in College (Retired Hd Consfe R.I.C,1,Clerk in College Retired Hd Consfe R.I.C
Clerk in Distellery (Apprentice),1,Clerk in Distellery Apprentice
Clerk in General (Unemployed),1,Clerk in General Unemployed
Clerk in Hard-Ware Shop,1,Clerk in Hard Ware Shop
Clerk in Holey Orders-Curate of Borten Town,1,Clerk in Holey Orders Curate of Borten Town
Clerk in Holy Order (Curate),1,Clerk in Holy Order Curate
Clerk in Holy Order (Presets) Church of Ireland,1,Clerk in Holy Order Presets Church of Ireland
Clerk in Holy order-Dean of Achonry,1,Clerk in Holy order Dean of Achonry
Clerk in Holy Orders (Ch of Ireland),1,Clerk in Holy Orders Ch of Ireland
Clerk in Holy Orders (Curate of Westport),1,Clerk in Holy Orders Curate of Westport
Clerk in Holy Orders (Curate),1,Clerk in Holy Orders Curate
Clerk in Holy Orders (I.C),1,Clerk in Holy Orders I.C
Clerk in Holy Orders (Incumbent),1,Clerk in Holy Orders Incumbent
Clerk in Holy Orders (M.A.) Rector of Belmuller,1,Clerk in Holy Orders M.A. Rector of Belmuller
Clerk in Holy Orders (Rector and Tullow),1,Clerk in Holy Orders Rector and Tullow
Clerk in Holy Orders (Rector),1,Clerk in Holy Orders Rector
Clerk in Holy Orders (Vicar),1,Clerk in Holy Orders Vicar
Clerk in Holy Orders - Rector of the Parish,1,Clerk in Holy Orders Rector of the Parish
Clerk in Holy Orders B.A: Trinity College (Dublin),1,Clerk in Holy Orders B.A: Trinity College Dublin
"Clerk in Holy Orders Canon, DDK RD-Trimly Co Dublin",1,"Clerk in Holy Orders Canon, DDK RD Trimly Co Dublin"
Clerk in Holy Orders Curate-Assistant,1,Clerk in Holy Orders Curate Assistant
Clerk in Holy Orders Dean of Armagh (Church of Ireland),1,Clerk in Holy Orders Dean of Armagh Church of Ireland
Clerk in Holy Orders Rector of Stratford-on-Slaney,1,Clerk in Holy Orders Rector of Stratford on Slaney
Clerk in Holy Orders-Dean of Derry,1,Clerk in Holy Orders Dean of Derry
"Clerk in Holy Orders-Master of Arts Trinity College Dublin Curate-in-Charge, St Nicholas, Belfast",1,"Clerk in Holy Orders Master of Arts Trinity College Dublin Curate in Charge, St Nicholas, Belfast"
Clerk in Holy Orders-Rector M. A. T. C. D,1,Clerk in Holy Orders Rector M. A. T. C. D
Clerk in Holy Orders-Rector of Army,1,Clerk in Holy Orders Rector of Army
Clerk in Holy Orders. (Chaplian),1,Clerk in Holy Orders. Chaplian
Clerk in Holy Orders. (Church of Ireland),1,Clerk in Holy Orders. Church of Ireland
Clerk in Jamin Gate Brewery (Retired),1,Clerk in Jamin Gate Brewery Retired
Clerk in Office-Turkish Bothy,1,Clerk in Office Turkish Bothy
Clerk in Official Assigned Office (Bkptey),1,Clerk in Official Assigned Office Bkptey
Clerk in Orders-B.D. Rector,1,Clerk in Orders B.D. Rector
Clerk in Post - Office,1,Clerk in Post Office
Clerk in R work (Despatch),1,Clerk in R work Despatch
Clerk in Solicitors Office (Managing),1,Clerk in Solicitors Office Managing
Clerk in the Orders MA-BD Vilar of White Church C of Ireland,1,Clerk in the Orders MA BD Vilar of White Church C of Ireland
Clerk in Warehouse (Linen),1,Clerk in Warehouse Linen
Clerk in Wine Business-Not Employed,1,Clerk in Wine Business Not Employed
Clerk Inland Revenue (Takes Department),1,Clerk Inland Revenue Takes Department
Clerk Not (Employed),1,Clerk Not Employed
Clerk of Glenarm County of Petty Sessions and Sub-Postmaster of Glenarm,1,Clerk of Glenarm County of Petty Sessions and Sub Postmaster of Glenarm
Clerk of Mullingar Petty-Session and Commessioner for Oath,1,Clerk of Mullingar Petty Session and Commessioner for Oath
Clerk of Petty Sessions Battinamack-Drumlish Newtownforbs Commissioner of Oaths,1,Clerk of Petty Sessions Battinamack Drumlish Newtownforbs Commissioner of Oaths
Clerk of Seat Kings Bench Division (Provate),1,Clerk of Seat Kings Bench Division Provate
Clerk of the Markets-Belfast,1,Clerk of the Markets Belfast
Clerk of Works (Building),1,Clerk of Works Building
Clerk of Works (Public works),1,Clerk of Works Public works
Clerk Office Coal-Merchant,1,Clerk Office Coal Merchant
Clerk Ordance-Survoy Office,1,Clerk Ordance Survoy Office
Clerk Post-Office,1,Post Office Clerk
Clerk Ship - Yard,1,Clerk Ship Yard
Clerk Solicitors (Articled),1,Clerk Solicitors Articled
Clerk Solicitors (General),1,Clerk Solicitors General
Clerk Stock-broker,1,Clerk Stock broker
Clerk T C D Library M A L L B (T C D),1,Clerk T C D Library M A L L B T C D
Clerk to Brewery-Agent,1,Clerk to Brewery Agent
Clerk to Buller (Merchant),1,Clerk to Buller Merchant
Clerk to Co-Council,1,Clerk to Co Council
Clerk to Com Hay and Pig (Factory),1,Clerk to Com Hay and Pig Factory
Clerk to Spirit-Merchant,1,Clerk to Spirit Merchant
Clerk Un-Employed,1,Clerk Un Employed
Clerk Vice Chancellor's (Chambers Four Courts),1,Clerk Vice Chancellor's Chambers Four Courts
Clerk Writer (Employed in Co Council Office),1,Clerk Writer Employed in Co Council Office
Clerk(Distillery),1,ClerkDistillery
"Clerk, (County Council)",1,"Clerk, County Council"
"Clerk, (Mercantile)",1,"Clerk, Mercantile"
"Clerk, (Railway)",1,"Clerk, Railway"
"Clerk, - Linen Warehouse",1,"Clerk, Linen Warehouse"
"Clerk, Ireland Revenue (Collector's Office)",1,"Clerk, Ireland Revenue Collector's Office"
Clerk- ally Man at Dock,1,Clerk ally Man at Dock
Clerk- Bakery,1,Clerk Bakery
Clerk-(in Lenion),1,Clerk in Lenion
Clerk-A. Guinngs and Coy,1,Clerk A. Guinngs and Coy
Clerk-Accountant,1,Clerk Accountant
Clerk-Accountants Office General Post Office Dublin,1,Clerk Accountants Office General Post Office Dublin
Clerk-Acct in Offices of Urban District Council Broy,1,Clerk Acct in Offices of Urban District Council Broy
Clerk-Acct Office,1,Clerk Acct Office
Clerk-Architect,1,Clerk Architect
Clerk-Auctionars,1,Clerk Auctionars
Clerk-Auctioneer,1,Clerk Auctioneer
Clerk-Banker's,1,Clerk Banker's
Clerk-Batter Factory,1,Clerk Batter Factory
Clerk-Belfast School Attce Committee,1,Clerk Belfast School Attce Committee
Clerk-Biscuit Factory,1,Clerk Biscuit Factory
Clerk-Bleaching Dyeing and Finishing,1,Clerk Bleaching Dyeing and Finishing
Clerk-Book Keeper in Flax Spg Mill,1,Clerk Book Keeper in Flax Spg Mill
Clerk-Book-Keeper,1,Clerk Book Keeper
Clerk-Bookmaker,1,Clerk Bookmaker
Clerk-Booksellers,1,Clerk Booksellers
Clerk-Brewery Store,1,Clerk Brewery Store
Clerk-Brewing,1,Clerk Brewing
Clerk-Brick Manufactory,1,Clerk Brick Manufactory
Clerk-Building Trade,1,Clerk Building Trade
Clerk-Chandlery,1,Clerk Chandlery
Clerk-Chartered Acct.,1,Clerk Chartered Acct.
Clerk-Chemical,1,Clerk Chemical
Clerk-Church of Ireland,1,Clerk Church of Ireland
Clerk-City Court,1,Clerk City Court
Clerk-Civil Service,1,Clerk Civil Service
Clerk-Civil Service (National Education Ireland),1,Clerk Civil Service National Education Ireland
Clerk-Civil Service Prisons Department Ireland,1,Clerk Civil Service Prisons Department Ireland
Clerk-Coal Merchants,1,Clerk Coal Merchants
Clerk-Coal Office,1,Clerk Coal Office
Clerk-Coal Stone,1,Clerk Coal Stone
Clerk-Coal Timber and Hardware,1,Clerk Coal Timber and Hardware
Clerk-Collector,1,Clerk Collector
Clerk-Coml,1,Clerk Coml
Clerk-Commercial (Insurance),1,Clerk Commercial Insurance
Clerk-Commercial Grocery,1,Clerk Commercial Grocery
Clerk-Commercial Tobacconist,1,Clerk Commercial Tobacconist
"Clerk-Comp and Acct Jenls Office General Port Office, London",1,"Clerk Comp and Acct Jenls Office General Port Office, London"
Clerk-Copying,1,Clerk Copying
Clerk-Cork Electric ? Co,1,Clerk Cork Electric ? Co
Clerk-Corn Mills,1,Clerk Corn Mills
Clerk-Corn Trade,1,Clerk Corn Trade
Clerk-County Council,1,Clerk County Council
Clerk-Court Bankrupty,1,Clerk Court Bankrupty
Clerk-Creamery,1,Clerk Creamery
Clerk-Cycle Trade,1,Clerk Cycle Trade
Clerk-Dairy,1,Clerk Dairy
Clerk-Damask Factory,1,Clerk Damask Factory
Clerk-Department of agriculture and Technical In,1,Clerk Department of agriculture and Technical In
Clerk-Despatch,1,Clerk Despatch
Clerk-Disheler,1,Clerk Disheler
Clerk-Distiller's,1,Clerk Distiller's
Clerk-District Council,1,Clerk District Council
Clerk-Drug Store,1,Clerk Drug Store
Clerk-Dry Goods,1,Clerk Dry Goods
Clerk-Dublin Corpration,1,Clerk Dublin Corpration
Clerk-Dye-Works,1,Clerk Dye Works
Clerk-Education Office (Superannutted),1,Clerk Education Office Superannutted
Clerk-Education Officer,1,Clerk Education Officer
Clerk-Engineering Trade,1,Clerk Engineering Trade
Clerk-Estate Unemployed,1,Clerk Estate Unemployed
Clerk-Excise,1,Clerk Excise
Clerk-Finance Dept Dublin Corporation,1,Clerk Finance Dept Dublin Corporation
Clerk-Flax Spinning and Weaving,1,Clerk Flax Spinning and Weaving
Clerk-Flour Mill,1,Clerk Flour Mill
Clerk-Flour Store,1,Clerk Flour Store
Clerk-Freight,1,Clerk Freight
Clerk-G-Sewr,1,Clerk G Sewr
Clerk-G. P. O,1,Clerk G. P. O
Clerk-Gas Works,1,Clerk Gas Works
Clerk-Geamery,1,Clerk Geamery
Clerk-General and Private Tuitor,1,Clerk General and Private Tuitor
Clerk-General Register office,1,Clerk General Register office
Clerk-General-Unemployed,1,Clerk General Unemployed
Clerk-Goods,1,Clerk Goods
Clerk-Grain,1,Clerk Grain
Clerk-Grocer's,1,Clerk Grocer's
Clerk-Hal Manufy,1,Clerk Hal Manufy
Clerk-Harbour,1,Clerk Harbour
Clerk-Harbour Office,1,Clerk Harbour Office
Clerk-Harbour Works,1,Clerk Harbour Works
Clerk-Hardware,1,Clerk Hardware
Clerk-Holy Orders M A,1,Clerk Holy Orders M A
Clerk-House Furnishing,1,Clerk House Furnishing
Clerk-in Bakery,1,Clerk in Bakery
Clerk-in Paper Mill,1,Clerk in Paper Mill
Clerk-in Public Health Office,1,Clerk in Public Health Office
Clerk-in Shop Grocery,1,Clerk in Shop Grocery
Clerk-in Whole-Sale House,1,Clerk in Whole Sale House
Clerk-in-Holy Orders,1,Clerk in Holy Orders
Clerk-Insurance Office,1,Clerk Insurance Office
Clerk-Insurance Officer,1,Clerk Insurance Officer
Clerk-Insurance Unemployed,1,Clerk Insurance Unemployed
Clerk-Ireland Revenue,1,Clerk Ireland Revenue
Clerk-Irish Railway Cleaning House,1,Clerk Irish Railway Cleaning House
Clerk-Land Agent,1,Clerk Land Agent
Clerk-Land Commissn Temporary,1,Clerk Land Commissn Temporary
Clerk-Laundry,1,Clerk Laundry
Clerk-Law,1,Clerk Law
Clerk-Leather Store,1,Clerk Leather Store
Clerk-Leather Warehouse,1,Clerk Leather Warehouse
Clerk-Library,1,Clerk Library
Clerk-Linen Canbr Trade,1,Clerk Linen Canbr Trade
Clerk-Linen Factory,1,Clerk Linen Factory
Clerk-Linen Thread,1,Clerk Linen Thread
Clerk-Linen Trade Unemployed,1,Clerk Linen Trade Unemployed
Clerk-Litho-Printing,1,Clerk Litho Printing
Clerk-Local Gov Board,1,Clerk Local Gov Board
Clerk-Local Government Board for Ireland,1,Clerk Local Government Board for Ireland
Clerk-Machine Makers,1,Clerk Machine Makers
Clerk-Manager Plumbing Trade,1,Clerk Manager Plumbing Trade
Clerk-Manufacturer's,1,Clerk Manufacturer's
Clerk-Marble and Stone Trade,1,Clerk Marble and Stone Trade
Clerk-Markets,1,Clerk Markets
Clerk-Matterson Bacon Store,1,Clerk Matterson Bacon Store
Clerk-Milk Factory,1,Clerk Milk Factory
Clerk-Mineral Water Factory,1,Clerk Mineral Water Factory
Clerk-Newspaper Office,1,Clerk Newspaper Office
Clerk-Not Employed,1,Clerk Not Employed
Clerk-Office of Education,1,Clerk Office of Education
Clerk-Paper Merchants,1,Clerk Paper Merchants
Clerk-Paper Mill Warehouse,1,Clerk Paper Mill Warehouse
Clerk-Paper Trade,1,Clerk Paper Trade
Clerk-Political,1,Clerk Political
Clerk-Postal Telegraph,1,Clerk Postal Telegraph
Clerk-Postoffice,1,Clerk Postoffice
Clerk-Printers and Stationers and,1,Clerk Printers and Stationers and
Clerk-Printing Office,1,Clerk Printing Office
Clerk-Prison Service,1,Clerk Prison Service
Clerk-Prisons Cd Ireland,1,Clerk Prisons Cd Ireland
Clerk-Provision,1,Clerk Provision
Clerk-Publisher's,1,Clerk Publisher's
Clerk-Railway at Works,1,Clerk Railway at Works
Clerk-Rector Holy Order,1,Clerk Rector Holy Order
Clerk-Registration,1,Clerk Registration
Clerk-Rent Agency,1,Clerk Rent Agency
Clerk-Rent Office,1,Clerk Rent Office
Clerk-Rope Factory,1,Clerk Rope Factory
Clerk-Sanitary Eng. and C,1,Clerk Sanitary Eng. and C
Clerk-Shipping and Timber,1,Clerk Shipping and Timber
Clerk-Shipping Trade,1,Clerk Shipping Trade
Clerk-Shirt Factory,1,Clerk Shirt Factory
Clerk-Shorthand and Typewriting,1,Clerk Shorthand and Typewriting
Clerk-Shorthand Typewriter,1,Clerk Shorthand Typewriter
Clerk-Soap and Glass Warehouse,1,Clerk Soap and Glass Warehouse
Clerk-Solicitor General,1,Clerk Solicitor General
Clerk-Solicitor's Unemployed,1,Clerk Solicitor's Unemployed
Clerk-Solrs. Office (Drapery),1,Clerk Solrs. Office Drapery
Clerk-Sorting Dep G.P.O. Dub,1,Clerk Sorting Dep G.P.O. Dub
Clerk-Spirit Store,1,Clerk Spirit Store
Clerk-Stationer's,1,Clerk Stationer's
Clerk-Stationer's Shop,1,Clerk Stationer's Shop
Clerk-Steam Saw Mills,1,Clerk Steam Saw Mills
Clerk-Steam Ship Cc,1,Clerk Steam Ship Cc
Clerk-Steam Ship Co,1,Clerk Steam Ship Co
Clerk-Steampacket,1,Clerk Steampacket
Clerk-Stock Broker's,1,Clerk Stock Broker's
Clerk-Stone Trade,1,Clerk Stone Trade
Clerk-Tea Trade,1,Clerk Tea Trade
Clerk-Telegraph G.P.A,1,Clerk Telegraph G.P.A
Clerk-Telegraphs-Civil Service,1,Clerk Telegraphs Civil Service
Clerk-Theatre,1,Clerk Theatre
Clerk-Timber,1,Clerk Timber
Clerk-Timber Merchant's,1,Clerk Timber Merchant's
Clerk-Timber Trade,1,Clerk Timber Trade
Clerk-to Grocer,1,Clerk to Grocer
Clerk-Tobacco Trade Unemployed,1,Clerk Tobacco Trade Unemployed
Clerk-Tram Co,1,Clerk Tram Co
Clerk-Trisdell Timber Mercht,1,Clerk Trisdell Timber Mercht
Clerk-Twine Works,1,Clerk Twine Works
Clerk-Typewriter,1,Clerk Typewriter
Clerk-Urban Dist Counnl,1,Clerk Urban Dist Counnl
Clerk-Whiskey,1,Clerk Whiskey
Clerk-Wholesale Merchant,1,Clerk Wholesale Merchant
Clerk-Wine Merchts Office,1,Clerk Wine Merchts Office
Clerk-Woollen Windners,1,Clerk Woollen Windners
Clerk. (Ordnance Survey),1,Clerk. Ordnance Survey
Clerk. Book-Keeper,1,Clerk. Book Keeper
Clerk.Govt: (RE),1,Clerk.Govt: RE
Clerk:- Tramway,1,Clerk: Tramway
Clerke C.S. (2nd Devn) (Natl. Educatn Office Dublin),1,Clerke C.S. 2nd Devn Natl. Educatn Office Dublin
"Clerkess, (Bookeeper)",1,"Clerkess, Bookeeper"
Clerkess-in Shop,1,Clerkess in Shop
Clerkess-Machine Office,1,Clerkess Machine Office
Clerkess-Warehouse,1,Clerkess Warehouse
Clerks (Mercantile),1,Clerks Mercantile
Clerks-Assistant,1,Clerks Assistant
Clicker-Shoe Trade,1,Clicker Shoe Trade
Clk in Hol Ordens Recton of Ex-Middle Church of Ireland,1,Clk in Hol Ordens Recton of Ex Middle Church of Ireland
Clk in Holy Orders (Anate),1,Clk in Holy Orders Anate
Clk in Holy Orders (Rector),1,Clk in Holy Orders Rector
Clk in Holy Orders Church of Ireland (Rector),1,Clk in Holy Orders Church of Ireland Rector
Clk-in-Holy Order,1,Clk in Holy Order
Cloath Worker (Linen Beetler),1,Cloath Worker Linen Beetler
Clock - Maker,1,Clockmaker
Clocker (Linen),1,Clocker Linen
Clockmaker-Finisher,1,Clockmaker Finisher
Clog-Maker,1,Clog Maker
Clog-Manufacturer,1,Clog Manufacturer
Clork Maker-(Finisher),1,Clork Maker Finisher
Closhopasser (Linen),1,Closhopasser Linen
Cloth - Lifter,1,Cloth Lifter
Cloth Bleacher (Foreman),1,Cloth Bleacher Foreman
Cloth Measurer (Linen),1,Cloth Measurer Linen
Cloth Packer-Weaving Factory,1,Cloth Packer Weaving Factory
Cloth Paners (Apprentice),1,Cloth Paners Apprentice
Cloth Worker (Linen),1,Cloth Worker Linen
Cloth-Dyer in Whitepark,1,Cloth Dyer in Whitepark
Cloth-Folder,1,Cloth Folder
Cloth-Marker,1,Cloth Marker
Cloth-Paper,1,Cloth Paper
Cloth-Picker,1,Cloth Picker
Cloth-Warker,1,Cloth Warker
Cloth. Dresser-Pensioner,1,Cloth. Dresser Pensioner
Cloughman-Domestic Servant,1,Cloughman Domestic Servant
Cluchman-Hotel-Keeper,1,Cluchman Hotel Keeper
Co-Council Clerk,1,Co Council Clerk
Co-operate of Unemployed,1,Co operate of Unemployed
Co-Operation Dublin Labourer,1,Co Operation Dublin Labourer
Co-Operative Creaming Apprentice,1,Co Operative Creaming Apprentice
Coach (Body) Maker,1,Coach Body Maker
Coach - Man Domestic Sent,1,Coach Man Domestic Sent
Coach - Painter Unemployed,1,Coach Painter Unemployed
Coach - Smith,1,Coach Smith
Coach Body - Maker,1,Coach Body Maker
Coach Body Maker (Umemployed),1,Coach Body Maker Umemployed
Coach Body Maker (Unemployed),1,Coach Body Maker Unemployed
Coach Builder (Apprentice),1,Coach Builder Apprentice
Coach Builder (Manager),1,Coach Builder Manager
Coach Builder (Painter),1,Coach Builder Painter
Coach Builder (Wheeler),1,Coach Builder Wheeler
Coach Builder-Employer,1,Coach Builder Employer
Coach Builder-Wheeler,1,Coach Builder Wheeler
Coach maker,1,Coachmaker
Coach Maker (Apprentice),1,Coach Maker Apprentice
Coach Making (Apprentice),1,Coach Making Apprentice
Coach Man (Domestic Sert),1,Coach Man Domestic Sert
Coach Man (Domestic Servt,1,Coach Man Domestic Servt
Coach Man (Retired),1,Coach Man Retired
Coach man - Domestic Servant,1,Coach man Domestic Servant
Coach Man - Domestic Servant,1,Coach Man Domestic Servant
Coach Man - Dst Svt,1,Coach Man Dst Svt
Coach Man Dom-Sevt,1,Coach Man Dom Sevt
Coach Man Domestic-Servant,1,Coach Man Domestic Servant
Coach Man Gardner and c and c-Domestic,1,Coach Man Gardner and c and c Domestic
Coach Man-Domestic Servt,1,Coach Man Domestic Servt
Coach Man-Unable,1,Coach Man Unable
Coach Painter (Railway),1,Coach Painter Railway
Coach Painter-Apprentice,1,Coach Painter Apprentice
Coach Painter-Employed,1,Coach Painter Employed
Coach Roy-Maker at Works,1,Coach Roy Maker at Works
Coach Smyth (Unemployed),1,Coach Smyth Unemployed
Coach Vice-Man,1,Coach Vice Man
Coach-Body Maker,1,Coach Body Maker
Coach-Body-Maker,1,Coach Body Maker
Coach-Bodymaker,1,Coach Bodymaker
Coach-Builder at Factory,1,Coach Builder at Factory
Coach-Building Allowance from Brother Building,1,Coach Building Allowance from Brother Building
Coach-Building Allowance from Sons Building,1,Coach Building Allowance from Sons Building
Coach-Building-Painter out of Employment,1,Coach Building Painter out of Employment
"Coach-Man ""Domestic Servant""",1,"Coach Man ""Domestic Servant"""
Coach-Man - Dom. Sevt.,1,Coach Man Dom. Sevt.
Coach-Man and Farmer,1,Coach Man and Farmer
Coach-Man D. S.,1,Coach Man D. S.
Coach-Man Domestic,1,Coach Man Domestic
Coach-Man Domestic Srvant,1,Coach Man Domestic Srvant
"Coach-Man Domestic, Servant",1,"Coach Man Domestic, Servant"
Coach-Man Servant,1,Coach Man Servant
Coach-Man Servant Domestic,1,Coach Man Servant Domestic
Coach-man-Domestic,1,Coach man Domestic
Coach-Man-Domestic Servant,1,Coach Man Domestic Servant
Coach-Mass,1,Coach Mass
Coach-Worker,1,Coach Worker
Coachbuilder Body-(Maker,1,Coachbuilder Body Maker
Coachbuilder(master),1,Coachbuildermaster
Coachbuilder-Body-Maker,1,Coachbuilder Body Maker
Coachbuilder-Master,1,Coachbuilder Master
Coachmaker-Fitter,1,Coachmaker Fitter
Coachman (Caretaker),1,Coachman Caretaker
Coachman (D. Servt),1,Coachman D. Servt
Coachman (Domestic) Servt,1,Coachman Domestic Servant
Coachman (Posting Establishment),1,Coachman Posting Establishment
Coachman - D S,1,Coachman D S
Coachman - D Servant,1,Coachman D Servant
Coachman - Domestic Ser,1,Coachman Domestic Ser
Coachman - Domestic Sert,1,Coachman Domestic Sert
Coachman - Out of Employment,1,Coachman Out of Employment
Coachman -Domestic Servant,1,Coachman Domestic Servant
Coachman and Gardener (Domestic),1,Coachman and Gardener Domestic
Coachman D-Servant,1,Coachman D Servant
Coachman Dom-Serv,1,Coachman Dom Serv
Coachman Dom-Servt,1,Coachman Dom Servt
Coachman Domestic (Servt),1,Coachman Domestic Servant
Coachman Servant (Domestic),1,Coachman Servant Domestic
Coachman- Domestic Servant,1,Coachman Domestic Servant
Coachman-D Servant,1,Coachman D Servant
Coachman-D. S,1,Coachman D. S
Coachman-D. Sert,1,Coachman D. Sert
Coachman-Do?,1,Coachman Do?
Coachman-Dom Sert,1,Coachman Dom Sert
Coachman-Dom Servant,1,Coachman Dom Servant
Coachman-Dom Servt.,1,Coachman Dom Servt.
Coachman-Dom. Sert,1,Coachman Dom. Sert
Coachman-Dom. Servant,1,Coachman Dom. Servant
Coachman-Domastic Servant,1,Coachman Domastic Servant
Coachman-Domc Servt,1,Coachman Domc Servt
Coachman-Dome Servant,1,Coachman Dome Servant
Coachman-Domes Servant,1,Coachman Domes Servant
Coachman-Domesc Servant,1,Coachman Domesc Servant
Coachman-Domest Servant,1,Coachman Domest Servant
Coachman-Domest Servt,1,Coachman Domest Servt
Coachman-Domestc Servt,1,Coachman Domestc Servt
Coachman-Domestic Cook,1,Coachman Domestic Cook
Coachman-Domestic S.,1,Coachman Domestic S.
Coachman-Domestic Sergt,1,Coachman Domestic Sergt
Coachman-Domestic Sert.,1,Coachman Domestic Sert.
Coachman-Domestic Set,1,Coachman Domestic Set
Coachman-Domestic St,1,Coachman Domestic St
Coachman-Domestic Stvt,1,Coachman Domestic Stvt
Coachman-Domestic Svt,1,Coachman Domestic Svt
Coachman-Domestic Unemployed,1,Coachman Domestic Unemployed
Coachman-DomesticServant,1,Coachman DomesticServant
Coachman-Doms Servant,1,Coachman Doms Servant
Coachman-Domt Svt,1,Coachman Domt Svt
Coachman-Retired,1,Coachman Retired
Coachman-Retired Domestic Servt.,1,Coachman Retired Domestic Servt.
Coachman:- Demostic Servant,1,Coachman: Demostic Servant
Coachmans Domestic (Servant),1,Coachmans Domestic Servant
Coal - Carrier,1,Coal Carrier
Coal - Dealer,1,Coal Dealer
Coal - Labourer,1,Coal Labourer
Coal - Merchant,1,Coal Merchant
Coal Carriers (Car Man),1,Coal Carriers Car Man
Coal Dealer and (Farmer),1,Coal Dealer and Farmer
Coal Merchant (Managing Director),1,Coal Merchant Managing Director
Coal Merchant and Ship-Owner,1,Coal Merchant and Ship Owner
Coal Porter-Labourer,1,Coal Porter Labourer
Coal-Carpenter,1,Coal Carpenter
Coal-factor,1,Coal factor
Coal-Fillar,1,Coal Fillar
Coal-Filler,1,Coal Filler
Coal-Hawker,1,Coal Hawker
Coal-Man Porter,1,Coal Man Porter
Coal-Merchant,1,Coal Merchant
Coal-Vender,1,Coal Vender
Coast Guard (Boatman),1,Coast Guard Boatman
Coast Guard (Chief Boatman Incharge),1,Coast Guard Chief Boatman Incharge
Coast Guard-Pensioner,1,Coast Guard Pensioner
Coast-Guard Boatman,1,Coast Guard Boatman
Coast-Guard Royal Navy Commissioned Boatman,1,Coast Guard Royal Navy Commissioned Boatman
Coaste - Guard Pensioner,1,Coaste Guard Pensioner
Coastguard-Commision Boatman,1,Coastguard Commision Boatman
Coatch-Man Domestic Servant,1,Coatch Man Domestic Servant
Coatchman-Domestic Servant,1,Coatchman Domestic Servant
Coch-Domestic Servant,1,Coch Domestic Servant
Cochman-Domestic Ser,1,Cochman Domestic Ser
Coffee House (Keeper),1,Coffee House Keeper
Coffee-Bar Waiter,1,Coffee Bar Waiter
Coffer Smith (Apprentice),1,Coffer Smith Apprentice
Coiler in Rope Factory (Unemployed),1,Coiler in Rope Factory Unemployed
Cok-Domestic Servt,1,Cok Domestic Servt
Collar and Button-Holer at Home,1,Collar and Button Holer at Home
Collar Button-Holer or Home,1,Collar Button Holer or Home
Collar Cutter (Factory),1,Collar Cutter Factory
Collar Shape-Cutter,1,Collar Shape Cutter
Collar Turner-Out,1,Collar Turner Out
Collar-Maker,1,Collar Maker
Collar-Making,1,Collar Making
Collar-Stamper,1,Collar Stamper
Collars - Turner-Out,1,Collars Turner Out
Collecting Shell-Fish,1,Collecting Shell Fish
Collecting-Shell Fish,1,Collecting Shell Fish
Collector (Debts),1,Collector Debts
Collector and Traveller (Corks),1,Collector and Traveller Corks
Collector of Inland Revenue (Excise Branch),1,Collector of Inland Revenue Excise Branch
Collector-B. P. Works,1,Collector B. P. Works
Collector-Gas Department City Council,1,Collector Gas Department City Council
Collector-Inland Revenue,1,Collector Inland Revenue
College professor (Mathematics),1,College professor Mathematics
College Student - National Teacher to be,1,College Student National Teacher to be
Colliery Owner and Farmer (Coal),1,Colliery Owner and Farmer Coal
Collor-Cutter,1,Collor Cutter
Colonel (army),1,Colonel army
Colonel (R) J. P.,1,Colonel R J. P.
Colonel (Ret) J. P. D. L.,1,Colonel Ret J. P. D. L.
Colonel (Retired Army Officer),1,Colonel Retired Army Officer
Colonel (Retired) 3 Batt R. D. Msh (Kildare Militia),1,Colonel Retired 3 Batt R. D. Msh Kildare Militia
Colonel and Baronet (Retired Army),1,Colonel and Baronet Retired Army
Colonel B.P.D. (Active List),1,Colonel B.P.D. Active List
Colonel H.M Army (Retd),1,Colonel H.M Army Retd
Colonel Royal Artillery (Retired),1,Colonel Royal Artillery Retired
Colonel Royal Artillery Cavalry (Active List),1,Colonel Royal Artillery Cavalry Active List
Colonel-Halfpay-Infantry-Active,1,Colonel Halfpay Infantry Active
Colonel-Indian Cavalry Active List,1,Colonel Indian Cavalry Active List
Colonel-Retired R.E.,1,Colonel Retired R.E.
Color Sergeant (Soldier) 3rd 2 Bry Royal Irish Regt,1,Color Sergeant Soldier 3rd 2 Bry Royal Irish Regt
Color Sergeant-Recruiter,1,Color Sergeant Recruiter
Colporteur (Bible and Colporteur Society),1,Colporteur Bible and Colporteur Society
Com - Traveller,1,Com Traveller
"Com Agent, (Commision Agent)",1,"Com Agent, Commision Agent"
Com Clerk (Wine and Spirit),1,Com Clerk Wine and Spirit
Com Clerk-Seeds Store,1,Com Clerk Seeds Store
Com Merchant-Clerk,1,Com Merchant Clerk
Com Traveller (Biscuit Mill),1,Com Traveller Biscuit Mill
Com Traveller (Hardware),1,Com Traveller Hardware
Com Traveller (Sundries),1,Com Traveller Sundries
Com Traveller-Confectionery,1,Com Traveller Confectionery
Com Traveller-Drapery,1,Com Traveller Drapery
Com-Btm C G,1,Com Btm C G
Com-Clerk (Sewing Machine Trade),1,Com Clerk Sewing Machine Trade
Com. Clerk (Soap),1,Com. Clerk Soap
Com.Traveller (Wholesale Tea Trade),1,Com.Traveller Wholesale Tea Trade
Comdr. R.N. (Retired),1,Comdr. R.N. Retired
Comel. Btan: Coast-Guard,1,Comel. Btan: Coast Guard
Comercial Clerk (Accountant),1,Comercial Clerk Accountant
Comercial Clerk (Grocery),1,Comercial Clerk Grocery
Comercial Clerk-Corn Merchant,1,Comercial Clerk Corn Merchant
Comercial Traveler (Tea),1,Comercial Traveler Tea
Comercial Traveller (Printing),1,Comercial Traveller Printing
Comission Agent (Dry),1,Comission Agent Dry
Coml Clerk (Bottle Works),1,Coml Clerk Bottle Works
Coml Clerk (Genl Mre),1,Coml Clerk Genl Mre
Coml Clerk - Seed Trade,1,Coml Clerk Seed Trade
Coml Traveller (Advertising),1,Coml Traveller Advertising
Coml Traveller (Brewery),1,Coml Traveller Brewery
Coml Traveller (Drapery),1,Coml Traveller Drapery
Coml Traveller (Liquor),1,Coml Traveller Liquor
Coml Traveller (Tea),1,Coml Traveller Tea
Coml Traveller (Whisky),1,Coml Traveller Whisky
Coml Traveller-Boots,1,Coml Traveller Boots
Coml Traveller-Grocery,1,Coml Traveller Grocery
Coml Traveller-Tea,1,Coml Traveller Tea
Coml Travelles (Linens),1,Coml Travelles Linens
Coml Travellor (Cooks),1,Coml Travellor Cooks
Coml-Clerk (Pork Packing),1,Coml Clerk Pork Packing
Coml. Clerk (Tea),1,Coml. Clerk Tea
Coml. Traveller - Grocery,1,Coml. Traveller Grocery
Comm Agent (General),1,Comm Agent General
Commande-Retired R. I. C,1,Commande Retired R. I. C
Commander R N (Retd),1,Commander R N Retd
Commander R.N (Retired List),1,Commander R.N Retired List
Commander R.N.Retired Leit District Councillor-Farmer Land Agent,1,Commander R.N.Retired Leit District Councillor Farmer Land Agent
Commander Royal Navy (Active List),1,Commander Royal Navy Active List
Commcl. Clerk (Bleacher),1,Commcl. Clerk Bleacher
Commel. Clerk-Brewer's,1,Commel. Clerk Brewer's
Commencery School (Scholar.),1,Commencery School Scholar.
Commercal Clerk (Soap Factory),1,Commercal Clerk Soap Factory
Commercial (Assistant) Soap Not Employed,1,Commercial Assistant Soap Not Employed
Commercial (Clerk) (Electris Tramway Office),1,Commercial Clerk Electris Tramway Office
Commercial - Book - Keeper,1,Commercial Book Keeper
Commercial Agent (Grocery Trade),1,Commercial Agent Grocery Trade
Commercial Assistant (Foreign Shipping),1,Commercial Assistant Foreign Shipping
Commercial Assistant (Seed Trade),1,Commercial Assistant Seed Trade
Commercial Book-Keeper,1,Commercial Book Keeper
Commercial Book-Keeper - Cement Manufacturer Office,1,Commercial Book Keeper Cement Manufacturer Office
Commercial Clerk (?),1,Commercial Clerk ?
Commercial Clerk (Accountant),1,Commercial Clerk Accountant
Commercial Clerk (Ale Brewers),1,Commercial Clerk Ale Brewers
Commercial Clerk (Artificial Manures),1,Commercial Clerk Artificial Manures
Commercial Clerk (Auctioneer),1,Commercial Clerk Auctioneer
Commercial Clerk (Baker),1,Commercial Clerk Baker
Commercial Clerk (Bakery),1,Commercial Clerk Bakery
Commercial Clerk (Bank),1,Commercial Clerk Bank
Commercial Clerk (Belfast Paper Work),1,Commercial Clerk Belfast Paper Work
Commercial Clerk (Brewer's),1,Commercial Clerk Brewer's
Commercial Clerk (Brewer),1,Commercial Clerk Brewer
Commercial Clerk (Brewery Company),1,Commercial Clerk Brewery Company
Commercial Clerk (Butler),1,Commercial Clerk Butler
Commercial Clerk (Butter Accountant),1,Commercial Clerk Butter Accountant
Commercial Clerk (Butter),1,Commercial Clerk Butter
Commercial Clerk (Carriers),1,Commercial Clerk Carriers
Commercial Clerk (Cashier) Distillery,1,Commercial Clerk Cashier Distillery
Commercial Clerk (Chemical Manure),1,Commercial Clerk Chemical Manure
Commercial Clerk (Chemical Works),1,Commercial Clerk Chemical Works
Commercial Clerk (Coal Department),1,Commercial Clerk Coal Department
Commercial Clerk (Coal Merchant),1,Commercial Clerk Coal Merchant
Commercial Clerk (Coal Trader),1,Commercial Clerk Coal Trader
Commercial Clerk (Cook),1,Commercial Clerk Cook
Commercial Clerk (Corn and Cattle),1,Commercial Clerk Corn and Cattle
Commercial Clerk (Corn and Flour Trade),1,Commercial Clerk Corn and Flour Trade
Commercial Clerk (Corn and Flour),1,Commercial Clerk Corn and Flour
Commercial Clerk (Corn),1,Commercial Clerk Corn
Commercial Clerk (Cotton Printing),1,Commercial Clerk Cotton Printing
Commercial Clerk (Devated Waters),1,Commercial Clerk Devated Waters
Commercial Clerk (Drapery Wholesale),1,Commercial Clerk Drapery Wholesale
Commercial Clerk (Druggist),1,Commercial Clerk Druggist
Commercial Clerk (Engineering Trade),1,Commercial Clerk Engineering Trade
Commercial Clerk (Engineers),1,Commercial Clerk Engineers
Commercial Clerk (Fishmerchant),1,Commercial Clerk Fishmerchant
Commercial Clerk (Flax Spinning),1,Commercial Clerk Flax Spinning
Commercial clerk (Furniture),1,Commercial clerk Furniture
Commercial Clerk (General Merchants),1,Commercial Clerk General Merchants
Commercial Clerk (Grocer),1,Commercial Clerk Grocer
Commercial Clerk (Grocery and Spirit),1,Commercial Clerk Grocery and Spirit
Commercial Clerk (In Corn and Flour Trade),1,Commercial Clerk In Corn and Flour Trade
Commercial Clerk (in Thread Manufactory),1,Commercial Clerk in Thread Manufactory
Commercial Clerk (Iron Mongery),1,Commercial Clerk Iron Mongery
Commercial Clerk (Ironmongery),1,Commercial Clerk Ironmongery
Commercial Clerk (Linen Business),1,Commercial Clerk Linen Business
Commercial Clerk (Linen Yarn Trade),1,Commercial Clerk Linen Yarn Trade
Commercial Clerk (Margarine Trade),1,Commercial Clerk Margarine Trade
Commercial Clerk (Mill Store),1,Commercial Clerk Mill Store
Commercial Clerk (Mineral Water and Drug Business),1,Commercial Clerk Mineral Water and Drug Business
Commercial Clerk (Newspaper Office),1,Commercial Clerk Newspaper Office
Commercial Clerk (Newspaper Trade),1,Commercial Clerk Newspaper Trade
Commercial Clerk (Newspaper),1,Commercial Clerk Newspaper
Commercial Clerk (Newspaper) Liquidatar,1,Commercial Clerk Newspaper Liquidatar
Commercial Clerk (Oil and Colour trade),1,Commercial Clerk Oil and Colour trade
Commercial Clerk (Parcels),1,Commercial Clerk Parcels
Commercial Clerk (Plumber),1,Commercial Clerk Plumber
Commercial Clerk (Printer),1,Commercial Clerk Printer
Commercial Clerk (Printg Office),1,Commercial Clerk Printg Office
Commercial Clerk (Printing and C),1,Commercial Clerk Printing and C
Commercial Clerk (Printing Artist),1,Commercial Clerk Printing Artist
Commercial Clerk (Provision Trade),1,Commercial Clerk Provision Trade
Commercial Clerk (Publisher's Office),1,Commercial Clerk Publisher's Office
Commercial Clerk (Railway Company),1,Commercial Clerk Railway Company
Commercial Clerk (Raliway Office),1,Commercial Clerk Raliway Office
Commercial Clerk (Shipbuilders),1,Commercial Clerk Shipbuilders
Commercial Clerk (Shipping Office),1,Commercial Clerk Shipping Office
Commercial Clerk (Steam Ship Coy) and Farmer,1,Commercial Clerk Steam Ship Coy and Farmer
Commercial Clerk (Sweet Manufacturers),1,Commercial Clerk Sweet Manufacturers
Commercial Clerk (Tea and Wine),1,Commercial Clerk Tea and Wine
Commercial Clerk (Tea and Wine) Unemployed,1,Commercial Clerk Tea and Wine Unemployed
Commercial Clerk (Tea Merchants),1,Commercial Clerk Tea Merchants
Commercial Clerk (Tea Wine and Spirit Trade),1,Commercial Clerk Tea Wine and Spirit Trade
Commercial Clerk (Timber Merchants Office),1,Commercial Clerk Timber Merchants Office
Commercial Clerk (Tobacco Manufacture),1,Commercial Clerk Tobacco Manufacture
Commercial Clerk (Traveler Trade and Building),1,Commercial Clerk Traveler Trade and Building
Commercial Clerk (Whisk),1,Commercial Clerk Whisk
Commercial Clerk (Wholesal Stationery Business),1,Commercial Clerk Wholesal Stationery Business
Commercial Clerk (Wholesale Grocers),1,Commercial Clerk Wholesale Grocers
Commercial Clerk (Wine Merchants),1,Commercial Clerk Wine Merchants
Commercial Clerk (Wine Spirits),1,Commercial Clerk Wine Spirits
Commercial Clerk (Wine Trade),1,Commercial Clerk Wine Trade
Commercial Clerk - Cal and C,1,Commercial Clerk Cal and C
Commercial Clerk - Corn Trade,1,Commercial Clerk Corn Trade
Commercial Clerk - Distillery,1,Commercial Clerk Distillery
Commercial Clerk - in General Grocery Wine and C Business,1,Commercial Clerk in General Grocery Wine and C Business
Commercial Clerk - Rope and Twine Trade,1,Commercial Clerk Rope and Twine Trade
Commercial Clerk - Shorthand Writer Wine Merchants Office,1,Commercial Clerk Shorthand Writer Wine Merchants Office
Commercial Clerk - Unemployed,1,Commercial Clerk Unemployed
Commercial Clerk - Wholesale Tea and Wine,1,Commercial Clerk Wholesale Tea and Wine
Commercial Clerk Bookkeeper-House Furnishing,1,Commercial Clerk Bookkeeper House Furnishing
Commercial Clerk Brewary-Mineral,1,Commercial Clerk Brewary Mineral
Commercial Clerk Business (Linen),1,Commercial Clerk Business Linen
Commercial Clerk in Biscuit-Factory,1,Commercial Clerk in Biscuit Factory
Commercial Clerk Jute (Factory),1,Commercial Clerk Jute Factory
Commercial Clerk Linen-Warehouse,1,Commercial Clerk Linen Warehouse
Commercial Clerk Provision (Brewery),1,Commercial Clerk Provision Brewery
Commercial clerk Railway (Audit),1,Commercial clerk Railway Audit
Commercial Clerk Religious (R.C) Merchantize,1,Commercial Clerk Religious R.C Merchantize
Commercial Clerk(Corn),1,Commercial ClerkCorn
Commercial Clerk(Drafery),1,Commercial ClerkDrafery
Commercial Clerk(Grocery),1,Commercial ClerkGrocery
Commercial Clerk(Timber and Slater),1,Commercial ClerkTimber and Slater
Commercial Clerk(Wholesale Paper Trade),1,Commercial ClerkWholesale Paper Trade
"Commercial Clerk, (Linen Business)",1,"Commercial Clerk, Linen Business"
Commercial Clerk- Yarn,1,Commercial Clerk Yarn
Commercial Clerk-American Bacon and Provisions,1,Commercial Clerk American Bacon and Provisions
Commercial Clerk-Bank,1,Commercial Clerk Bank
Commercial Clerk-Brewers,1,Commercial Clerk Brewers
Commercial Clerk-Chandler,1,Commercial Clerk Chandler
Commercial Clerk-Chandlery,1,Commercial Clerk Chandlery
Commercial Clerk-Coal Merchant,1,Commercial Clerk Coal Merchant
Commercial Clerk-Com and Wool,1,Commercial Clerk Com and Wool
Commercial Clerk-Corn,1,Commercial Clerk Corn
Commercial Clerk-Corn and Gen,1,Commercial Clerk Corn and Gen
Commercial Clerk-Corn and Genl,1,Commercial Clerk Corn and Genl
Commercial Clerk-Distillery,1,Commercial Clerk Distillery
Commercial Clerk-Dyeing,1,Commercial Clerk Dyeing
Commercial Clerk-Flax,1,Commercial Clerk Flax
Commercial Clerk-Flour and C,1,Commercial Clerk Flour and C
Commercial Clerk-General,1,Commercial Clerk General
Commercial Clerk-Grocery Unemployed,1,Commercial Clerk Grocery Unemployed
Commercial Clerk-House and Land Marine Insurance and General,1,Commercial Clerk House and Land Marine Insurance and General
Commercial Clerk-Land Agency,1,Commercial Clerk Land Agency
Commercial Clerk-Leather,1,Commercial Clerk Leather
Commercial Clerk-Linen Basian,1,Commercial Clerk Linen Basian
Commercial Clerk-Linen Business,1,Commercial Clerk Linen Business
Commercial Clerk-Linen Manufacturer,1,Commercial Clerk Linen Manufacturer
Commercial Clerk-Linen Trade,1,Commercial Clerk Linen Trade
Commercial Clerk-Manufacturers Office,1,Commercial Clerk Manufacturers Office
Commercial Clerk-Mariner Engineering,1,Commercial Clerk Mariner Engineering
Commercial Clerk-Millers,1,Commercial Clerk Millers
Commercial Clerk-Mineral Water,1,Commercial Clerk Mineral Water
Commercial Clerk-News Agency,1,Commercial Clerk News Agency
Commercial Clerk-Paper Making,1,Commercial Clerk Paper Making
Commercial Clerk-Provision Merchants,1,Commercial Clerk Provision Merchants
Commercial Clerk-Retired Hd Contents R.I.C.,1,Commercial Clerk Retired Hd Contents R.I.C.
Commercial Clerk-Ship Building,1,Commercial Clerk Ship Building
Commercial Clerk-Shorthand and Typewriter,1,Commercial Clerk Shorthand and Typewriter
Commercial Clerk-Shorthand Writer and Typist (Butter Merchant),1,Commercial Clerk Shorthand Writer and Typist Butter Merchant
Commercial Clerk-Stationary,1,Commercial Clerk Stationary
Commercial Clerk-Stationery and Printing,1,Commercial Clerk Stationery and Printing
Commercial Clerk-Stockbroking,1,Commercial Clerk Stockbroking
Commercial Clerk-Tailoring,1,Commercial Clerk Tailoring
Commercial Clerk-Tea,1,Commercial Clerk Tea
Commercial Clerk-Tea Trade,1,Commercial Clerk Tea Trade
Commercial Clerk-Timber,1,Commercial Clerk Timber
Commercial Clerk-to Tea Agent,1,Commercial Clerk to Tea Agent
Commercial Clerk-Tobacconist,1,Commercial Clerk Tobacconist
Commercial Clerk-Trade Whistly,1,Commercial Clerk Trade Whistly
Commercial Clerk-Unemployed,1,Commercial Clerk Unemployed
Commercial Clerk-Unemployed Press,1,Commercial Clerk Unemployed Press
Commercial Clerk-Wholesale Grocer,1,Commercial Clerk Wholesale Grocer
Commercial Clerk-Wine and Spirit,1,Commercial Clerk Wine and Spirit
Commercial Cook-Grocers Branch,1,Commercial Cook Grocers Branch
Commercial Manager (Seed Trade),1,Commercial Manager Seed Trade
Commercial Manager (Tyre),1,Commercial Manager Tyre
Commercial Manager(Tea Business),1,Commercial ManagerTea Business
Commercial Trav (Flour),1,Commercial Trav Flour
Commercial Trav-Gloves,1,Commercial Trav Gloves
Commercial Traveler (Confectionery),1,Commercial Traveler Confectionery
Commercial Traveller (Assurance),1,Commercial Traveller Assurance
Commercial Traveller (Beer Trade),1,Commercial Traveller Beer Trade
Commercial Traveller (Biscuit),1,Commercial Traveller Biscuit
Commercial Traveller (Bobbins),1,Commercial Traveller Bobbins
Commercial Traveller (Boler),1,Commercial Traveller Boler
Commercial Traveller (Boot Trade),1,Commercial Traveller Boot Trade
Commercial Traveller (Brewers),1,Commercial Traveller Brewers
Commercial Traveller (Brewery Trade),1,Commercial Traveller Brewery Trade
Commercial Traveller (Chemicals),1,Commercial Traveller Chemicals
Commercial Traveller (Chemist),1,Commercial Traveller Chemist
Commercial Traveller (Chemists),1,Commercial Traveller Chemists
Commercial Traveller (Clothing),1,Commercial Traveller Clothing
Commercial Traveller (Co?a Manufacturer),1,Commercial Traveller Co?a Manufacturer
Commercial Traveller (Coal),1,Commercial Traveller Coal
Commercial Traveller (Com),1,Commercial Traveller Com
Commercial Traveller (Confections),1,Commercial Traveller Confections
Commercial Traveller (Cordenent Keth Fire),1,Commercial Traveller Cordenent Keth Fire
Commercial Traveller (Cycle),1,Commercial Traveller Cycle
Commercial Traveller (Drapary),1,Commercial Traveller Drapary
Commercial Traveller (Dropery),1,Commercial Traveller Dropery
Commercial Traveller (Engineering),1,Commercial Traveller Engineering
Commercial Traveller (Fancy Food),1,Commercial Traveller Fancy Food
Commercial Traveller (Fee Agent),1,Commercial Traveller Fee Agent
Commercial Traveller (Flour etc),1,Commercial Traveller Flour etc
Commercial Traveller (Flour Trade),1,Commercial Traveller Flour Trade
Commercial Traveller (Flour),1,Commercial Traveller Flour
Commercial Traveller (For Iron Company),1,Commercial Traveller For Iron Company
Commercial Traveller (For Woollan Goods),1,Commercial Traveller For Woollan Goods
Commercial Traveller (Furniture),1,Commercial Traveller Furniture
Commercial Traveller (Hon Founders),1,Commercial Traveller Hon Founders
Commercial Traveller (in Stationary),1,Commercial Traveller in Stationary
Commercial Traveller (Industrial),1,Commercial Traveller Industrial
Commercial Traveller (Iron Company),1,Commercial Traveller Iron Company
Commercial Traveller (Iron),1,Commercial Traveller Iron
Commercial Traveller (Jewellery),1,Commercial Traveller Jewellery
Commercial Traveller (Jewellry),1,Commercial Traveller Jewellry
Commercial Traveller (Leather Trade),1,Commercial Traveller Leather Trade
Commercial Traveller (Liquor Trade),1,Commercial Traveller Liquor Trade
Commercial Traveller (Mantles),1,Commercial Traveller Mantles
Commercial Traveller (Medical and Surgical Works),1,Commercial Traveller Medical and Surgical Works
Commercial Traveller (Millfurnishings),1,Commercial Traveller Millfurnishings
Commercial Traveller (Millinery),1,Commercial Traveller Millinery
Commercial Traveller (Mineral Water Manufactring),1,Commercial Traveller Mineral Water Manufactring
Commercial Traveller (Mineral Waters),1,Commercial Traveller Mineral Waters
Commercial Traveller (Music),1,Commercial Traveller Music
Commercial Traveller (Patner Trade),1,Commercial Traveller Patner Trade
Commercial Traveller (Preserved Provisions),1,Commercial Traveller Preserved Provisions
Commercial Traveller (Preserves),1,Commercial Traveller Preserves
Commercial Traveller (Printer),1,Commercial Traveller Printer
Commercial Traveller (Printers and Stationers),1,Commercial Traveller Printers and Stationers
Commercial Traveller (Provision Compy),1,Commercial Traveller Provision Compy
Commercial Traveller (Provision Trade),1,Commercial Traveller Provision Trade
Commercial Traveller (Sewing Mechnist),1,Commercial Traveller Sewing Mechnist
Commercial Traveller (Silk Trade),1,Commercial Traveller Silk Trade
Commercial Traveller (Silk),1,Commercial Traveller Silk
Commercial Traveller (Soap and Candles),1,Commercial Traveller Soap and Candles
Commercial Traveller (Soap),1,Commercial Traveller Soap
Commercial Traveller (Tea and Groceries),1,Commercial Traveller Tea and Groceries
Commercial Traveller (Tea and Wine Trade),1,Commercial Traveller Tea and Wine Trade
Commercial Traveller (Tea Trade),1,Commercial Traveller Tea Trade
Commercial Traveller (Tea Wine and Spirits),1,Commercial Traveller Tea Wine and Spirits
"Commercial Traveller (Tea, Wine and Whiskey)",1,"Commercial Traveller Tea, Wine and Whiskey"
Commercial Traveller (Tens),1,Commercial Traveller Tens
Commercial Traveller (Tobacco Trade Retired),1,Commercial Traveller Tobacco Trade Retired
Commercial Traveller (Tobacco Trade),1,Commercial Traveller Tobacco Trade
Commercial Traveller (Typewriter),1,Commercial Traveller Typewriter
Commercial Traveller (Whisky Trade),1,Commercial Traveller Whisky Trade
Commercial Traveller (Wine and Spirit Trade),1,Commercial Traveller Wine and Spirit Trade
Commercial Traveller (Wine),1,Commercial Traveller Wine
Commercial Traveller (Wines and Food),1,Commercial Traveller Wines and Food
Commercial Traveller (Wollens),1,Commercial Traveller Wollens
Commercial Traveller (Woolen),1,Commercial Traveller Woolen
Commercial Traveller (Woolens),1,Commercial Traveller Woolens
Commercial Traveller (Woollens),1,Commercial Traveller Woollens
Commercial Traveller (Woollent),1,Commercial Traveller Woollent
Commercial Traveller - Drapery,1,Commercial Traveller Drapery
Commercial Traveller - Mineral Water,1,Commercial Traveller Mineral Water
Commercial Traveller - Paper,1,Commercial Traveller Paper
Commercial Traveller - Willprinting,1,Commercial Traveller Willprinting
Commercial Traveller and Tailoring and Out-Fitting,1,Commercial Traveller and Tailoring and Out Fitting
Commercial Traveller Flour and Bacon (Wholesale),1,Commercial Traveller Flour and Bacon Wholesale
Commercial Traveller for (Heating) Engineers,1,Commercial Traveller for Heating Engineers
Commercial Traveller in Wholesale Decorative-Ales Private Income From House Property,1,Commercial Traveller in Wholesale Decorative Ales Private Income From House Property
Commercial Traveller Spirit (Whiskies),1,Commercial Traveller Spirit Whiskies
Commercial Traveller Spirits-Unemployed,1,Commercial Traveller Spirits Unemployed
Commercial Traveller(Mineral Waters),1,Commercial TravellerMineral Waters
Commercial Traveller-Biscuits,1,Commercial Traveller Biscuits
Commercial Traveller-Brewery,1,Commercial Traveller Brewery
Commercial Traveller-Cork,1,Commercial Traveller Cork
Commercial Traveller-Grain,1,Commercial Traveller Grain
Commercial Traveller-Hosiery and Boots,1,Commercial Traveller Hosiery and Boots
Commercial Traveller-Labourer,1,Commercial Traveller Labourer
Commercial Traveller-Medicine,1,Commercial Traveller Medicine
Commercial Traveller-Oils,1,Commercial Traveller Oils
Commercial Traveller-Printer,1,Commercial Traveller Printer
Commercial Traveller-Printing,1,Commercial Traveller Printing
Commercial Traveller-Stationery,1,Commercial Traveller Stationery
Commercial Traveller-Wine,1,Commercial Traveller Wine
Commercial Traveller-Winer,1,Commercial Traveller Winer
Commercial Travler (Whiskey),1,Commercial Travler Whiskey
Commercial Travlr (Black Starch Blacklead),1,Commercial Travlr Black Starch Blacklead
Commercial Travlr (Hardware),1,Commercial Travlr Hardware
Commercial Travr (Ironmongers),1,Commercial Travr Ironmongers
Commercial Travr and (Scienfific Apprentice),1,Commercial Travr and Scienfific Apprentice
Commercial Travr and (Seed Merchant),1,Commercial Travr and Seed Merchant
Commercial-Clerk,1,Commercial Clerk
Commercial-Traveller,1,Commercial Traveller
Commerical Clerk (Timber Trade),1,Commerical Clerk Timber Trade
Commerical Traveller (Wines and Spirits),1,Commerical Traveller Wines and Spirits
Commerical Traverller for (Oils Mill Furnesburgh),1,Commerical Traverller for Oils Mill Furnesburgh
Commissio Agent (Flour),1,Commissio Agent Flour
Commission Agent (Horses),1,Commission Agent Horses
Commission Agent (Paper and Printing),1,Commission Agent Paper and Printing
Commission agent (Sugar) School Attendan Officer Secy and Derry Unions Assistan,1,Commission agent Sugar School Attendan Officer Secy and Derry Unions Assistan
Commission Agent (Whiskey and Wine),1,Commission Agent Whiskey and Wine
Commission Agent (Wine and Spirit Trade Requisites),1,Commission Agent Wine and Spirit Trade Requisites
Commission Agent-Wines Rs,1,Commission Agent Wines Rs
Commissionaire (Sgt),1,Commissionaire Sgt
"Commissioner Chemical Customs, Captain 3rd Batt - Royal Irish Rigles",1,"Commissioner Chemical Customs, Captain 3rd Batt Royal Irish Rigles"
Commissioner of Affidavits Poor Rate Collector Secretary to Cemetery Committee Secretary to Maryboro Gas Co-Funeral Furnisher and Undertaker General Carrier,1,Commissioner of Affidavits Poor Rate Collector Secretary to Cemetery Committee Secretary to Maryboro Gas Co Funeral Furnisher and Undertaker General Carrier
Commissioner of Central (Retired) Chinese Customs Service,1,Commissioner of Central Retired Chinese Customs Service
Commissioner of Chines Imperial Customs (Retired),1,Commissioner of Chines Imperial Customs Retired
Commissioner of National Edcation Ireland-Retired Civil Servant,1,Commissioner of National Edcation Ireland Retired Civil Servant
Commissr Pub Works Barrister (Not Practising),1,Commissr Pub Works Barrister Not Practising
Comml Clerk (Draper),1,Comml Clerk Draper
Comml Clerk (Insurance),1,Comml Clerk Insurance
Comml Clerk (Linen),1,Comml Clerk Linen
Comml Clerk (shipping),1,Comml Clerk shipping
Comml Clerk (Wine Trade),1,Comml Clerk Wine Trade
Comml Clerk-Linen Factory,1,Comml Clerk Linen Factory
Comml Clerk-Mineral Water Factory,1,Comml Clerk Mineral Water Factory
Comml Clerk-News Office,1,Comml Clerk News Office
Comml Clerk-Wine Manufrs,1,Comml Clerk Wine Manufrs
Comml Traveller (Drapery),1,Comml Traveller Drapery
Comml Traveller (Groceries),1,Comml Traveller Groceries
Comml Traveller-Minl Waters,1,Comml Traveller Minl Waters
Common Carrier (Carman),1,Common Carrier Carman
Comnl-Clerk,1,Comnl Clerk
Companion and Matron also Paid Worker Under Church England (Invalided) Daughter of Practising Aportricary Earning by Needlework Crocket Painting Etc at Present,1,Companion and Matron also Paid Worker Under Church England Invalided Daughter of Practising Aportricary Earning by Needlework Crocket Painting Etc at Present
Companion-Help,1,Companion Help
Companion-Lady,1,Companion Lady
Company Sergt-Major Royal Artillery,1,Company Sergt Major Royal Artillery
Company Sergt. Major (Soldier),1,Company Sergt. Major Soldier
Composetor-Unemployed,1,Composetor Unemployed
Compositor (Foreman),1,Compositor Foreman
Compositor (in Newspaper),1,Compositor in Newspaper
Compositor (Master),1,Compositor Master
Compositor (Painter),1,Compositor Painter
Compositor (printer),1,Compositor printer
Compositor (Retired),1,Compositor Retired
Compositor (Unemployed),1,Compositor Unemployed
Compositor (unemployed),1,Compositor unemployed
Compositor Printer-Linotype Operator,1,Compositor Printer Linotype Operator
Compositor-Apprentice,1,Compositor Apprentice
Compositor-Foreman,1,Compositor Foreman
Compositor-Linotype Operator,1,Compositor Linotype Operator
Compositor-Printer's,1,Compositor Printer's
Compositor-Printers,1,Compositor Printers
Compositor-Reporter,1,Compositor Reporter
Compositor-Unemployed,1,Compositor Unemployed
Compostor (Printe),1,Compostor Printe
Compostor-Linotype Operator,1,Compostor Linotype Operator
Comr Clerk (Biscuit Factory),1,Comr Clerk Biscuit Factory
Comrcl Traveller - Timber Trade,1,Comrcl Traveller Timber Trade
Coms Clerk (Drapery),1,Coms Clerk Drapery
Comt. Clerk (Builder),1,Comt. Clerk Builder
Condiman-Domestic Servant,1,Condiman Domestic Servant
Confection (Assistant),1,Confection Assistant
Confectioner (Assistant),1,Confectioner Assistant
Confectioner (Baker),1,Confectioner Baker
Confectioner (Master),1,Confectioner Master
Confectioner (Mistress),1,Confectioner Mistress
Confectioner (unemployed),1,Confectioner unemployed
Confectioner-Suger-Stick and c,1,Confectioner Suger Stick and c
Confectionery Shop-Keeper,1,Confectionery Shop Keeper
Confectr-Propietor,1,Confectr Propietor
Const - R I - Constabulary,1,Const R I Constabulary
Const R I C (Superanuated),1,Const R I C Superanuated
Const-R.I.C,1,Const R.I.C
Constable - R I C,1,Constable R I C
Constable R. I. C Wife (See from M),1,Constable R. I. C Wife See from M
Constable R.I.C. (Retired),1,Constable R.I.C. Retired
Constable Royal Irish Constabulary-Retired on Pension,1,Constable Royal Irish Constabulary Retired on Pension
Constable's (R I C) Wife,1,Constable's R I C Wife
Constable's Wife ( R.I.C.),1,Constable's Wife R.I.C.
Constable's Wife (R.I.C),1,Constable's Wife R.I.C
Constable-R I C,1,Constable R I C
Constable-R. I. Constabulary,1,Constable R. I. Constabulary
Constable-R.I. Constabulary,1,Constable R.I. Constabulary
Constable-R.I.C,1,Constable R.I.C
Constable-Royal Irish Constabulary,1,Constable Royal Irish Constabulary
Consul for Austro-Hungiby Justice of Peace ship-Broker,1,Consul for Austro Hungiby Justice of Peace ship Broker
Cont.-Apprentice Printers Assistant,1,Cont. Apprentice Printers Assistant
Contractor (Building),1,Contractor Building
Contractor (General),1,Contractor General
Contractor (Master),1,Contractor Master
Contractor (Road),1,Contractor Road
Contractor - Road,1,Contractor Road
Contractor-House Building,1,Contractor House Building
Contractor-Mason,1,Contractor Mason
Contractor-Street,1,Contractor Street
Contractors foreman (Building),1,Contractors foreman Building
Contractors Sub-Cashier,1,Contractors Sub Cashier
Convict-Clergman C J,1,Convict Clergman C J
Convict-Farm Labourer,1,Convict Farm Labourer
Convict-Grocer's Porter,1,Convict Grocer's Porter
Convict-Road Contractor,1,Convict Road Contractor
Coochman - D Servant,1,Coochman D Servant
Coochman-Domestic Servant,1,Coochman Domestic Servant
Coock - Domestic,1,Coock Domestic
Coockman - Domestic Servant,1,Coockman Domestic Servant
Cook ( In Hotel),1,Cook In Hotel
Cook (Club),1,Cook Club
Cook (D S),1,Cook D S
Cook (D.S),1,Cook D.S
Cook (Dom Servt.),1,Cook Dom Servt.
Cook (Dom. Servant),1,Cook Dom. Servant
Cook (Domc Servt),1,Cook Domc Servt
Cook (Domestic,1,Cook Domestic
Cook (Domestic S.),1,Cook Domestic S.
Cook (Domestic Sert),1,Cook Domestic Sert
Cook (Domestic Serv),1,Cook Domestic Serv
Cook (Domestic Servant,1,Cook Domestic Servant
Cook (Domestic servant),1,Cook Domestic servant
Cook (domestic servant),1,Cook domestic servant
Cook (Domestic Servant) Unemployed,1,Cook Domestic Servant Unemployed
Cook (Domestic St),1,Cook Domestic St
Cook (Domestic) S,1,Cook Domestic S
Cook (Farmers Wife),1,Cook Farmers Wife
Cook (Hawker),1,Cook Hawker
Cook (not Employed),1,Cook not Employed
Cook (Not In Employment),1,Cook Not In Employment
Cook (Servant),1,Cook Servant
Cook (Ship),1,Cook Ship
Cook (Unemployed) Domestic Servant,1,Cook Unemployed Domestic Servant
Cook - and C Domestic Servant,1,Cook and C Domestic Servant
Cook - D-Servant,1,Cook D Servant
Cook - Dom Ser,1,Cook Dom Ser
Cook - Dom Sert,1,Cook Dom Sert
Cook - Dom Servt,1,Cook Dom Servt
Cook - Domestic (Servant),1,Cook Domestic Servant
Cook - Domestic - Servant,1,Cook Domestic Servant
Cook - Domestic Serv,1,Cook Domestic Serv
Cook - Domestic Servant (Unemployed),1,Cook Domestic Servant Unemployed
Cook - Domestic Servatn,1,Cook Domestic Servatn
Cook - Domestic servt,1,Cook Domestic Servant
Cook - Domestic Sevt,1,Cook Domestic Sevt
Cook - Domestic Svt,1,Cook Domestic Svt
Cook - General,1,Cook General
Cook - Keeper,1,Cook Keeper
Cook - Servant Domestic,1,Cook Servant Domestic
Cook - Servant-Dom,1,Cook Servant Dom
Cook and (Domestic Servant),1,Cook and Domestic Servant
Cook and C - Domestic Servant,1,Cook and C Domestic Servant
Cook and c -Domestic Servant,1,Cook and c Domestic Servant
Cook and Dairy Maid - Domestic Servant,1,Cook and Dairy Maid Domestic Servant
Cook and Dairy-Maid,1,Cook and Dairy Maid
Cook and Domst-Servant,1,Cook and Domst Servant
Cook and General Servant-Domestic,1,Cook and General Servant Domestic
Cook and House Keeper-Domestic Servant,1,Cook and House Keeper Domestic Servant
Cook and House Maid-Domestic Servant,1,Cook and House Maid Domestic Servant
Cook and Housekeeper-Domestic,1,Cook and Housekeeper Domestic
Cook and Housemaid-Domestic Servant,1,Cook and Housemaid Domestic Servant
Cook and Parlourmaid-Servant Domestic,1,Cook and Parlourmaid Servant Domestic
Cook D-S,1,Cook D S
Cook Domest (Retired),1,Cook Domest Retired
Cook Domestic Servant (Not Employed),1,Cook Domestic Servant Not Employed
Cook Domestic Servant (Retired),1,Cook Domestic Servant Retired
Cook Domestic Servant (Superanuater),1,Cook Domestic Servant Superanuater
Cook Domestic Servant (Unemployed),1,Cook Domestic Servant Unemployed
Cook Domestic Servant (Unemployment),1,Cook Domestic Servant Unemployment
Cook Domestic Servant-General,1,Cook Domestic Servant General
Cook etc-Domestic Servt,1,Cook etc Domestic Servt
Cook General Servant-Domestic,1,Cook General Servant Domestic
Cook General-Domestic Servant,1,Cook General Domestic Servant
Cook Maid (Domes Servt),1,Cook Maid Domes Servt
"Cook, Domestic (Adopted Child)",1,"Cook, Domestic Adopted Child"
"Cook,-Domestic Servant",1,"Cook, Domestic Servant"
Cook- Dom. Servant,1,Cook Dom. Servant
Cook- Domic Sert,1,Cook Domic Sert
Cook-(Domestic),1,Cook Domestic
Cook-D. Sert,1,Cook D. Sert
Cook-D. Servant Unemployed,1,Cook D. Servant Unemployed
Cook-Dc. Sert,1,Cook Dc. Sert
Cook-Dom Ser,1,Cook Dom Ser
Cook-Dom Sevt,1,Cook Dom Sevt
Cook-Dom. Ser.,1,Cook Dom. Ser.
Cook-Dom. Sert.,1,Cook Dom. Sert.
Cook-Dom. Servant,1,Cook Dom. Servant
Cook-Dom. Sevt.,1,Cook Dom. Sevt.
Cook-Dom.Servant,1,Cook Dom.Servant
Cook-Domc Sert.,1,Cook Domc Sert.
Cook-Domc-Servt,1,Cook Domc Servt
Cook-Dome-Servt,1,Cook Dome Servt
Cook-Domes-Serv,1,Cook Domes Serv
Cook-Domesic Servant,1,Cook Domesic Servant
Cook-Domest Servant,1,Cook Domest Servant
Cook-Domest Servt,1,Cook Domest Servt
Cook-Domestc Servant,1,Cook Domestc Servant
Cook-Domestic S.,1,Cook Domestic S.
Cook-Domestic Se,1,Cook Domestic Se
Cook-Domestic Sernt,1,Cook Domestic Sernt
Cook-domestic servant,1,Cook domestic servant
Cook-Domestic Servant (Retired),1,Cook Domestic Servant Retired
Cook-Domestic Servant out of Employment,1,Cook Domestic Servant out of Employment
Cook-Domestic Servant-Unemployed,1,Cook Domestic Servant Unemployed
Cook-Domestic Servat,1,Cook Domestic Servat
Cook-Domestic Servr,1,Cook Domestic Servr
Cook-Domestic Servt (In Charge),1,Cook Domestic Servt In Charge
Cook-Domestic Servt Unemployed,1,Cook Domestic Servt Unemployed
Cook-Domestic Servt-Unemployed,1,Cook Domestic Servt Unemployed
Cook-Domestic Servt:,1,Cook Domestic Servt:
Cook-Domestic Sevant,1,Cook Domestic Sevant
Cook-Domestic Srt,1,Cook Domestic Srt
Cook-Domestic St.,1,Cook Domestic St.
Cook-Domestic Svt.,1,Cook Domestic Svt.
Cook-Domestic-General,1,Cook Domestic General
Cook-Domestic-Housemaid,1,Cook Domestic Housemaid
Cook-Domestic-Waiter,1,Cook Domestic Waiter
Cook-Domestic. S,1,Cook Domestic. S
Cook-Domesticservant,1,Cook Domesticservant
Cook-Domestik S,1,Cook Domestik S
Cook-Dometic Servant,1,Cook Dometic Servant
Cook-Domtc Servant,1,Cook Domtc Servant
Cook-Domts Sert,1,Cook Domts Sert
Cook-General Domestic,1,Cook General Domestic
Cook-General Servt,1,Cook General Servt
Cook-House Keeper,1,Cook House Keeper
Cook-House Keeper Domestic Servant,1,Cook House Keeper Domestic Servant
Cook-Housekeeper,1,Cook Housekeeper
Cook-Housekeeper (Domestic Servant),1,Cook Housekeeper Domestic Servant
Cook-in Genl,1,Cook in Genl
Cook-in Restaurant,1,Cook in Restaurant
Cook-Nun,1,Cook Nun
Cook-O. Mess,1,Cook O. Mess
Cook-Retired,1,Cook Retired
Cook-Ship,1,Cook Ship
Cook-Steamship,1,Cook Steamship
Cook: Domestic Servant (Unemployed),1,Cook: Domestic Servant Unemployed
Cooke (Domestic),1,Cooke Domestic
Cooke (Professional),1,Cooke Professional
Cooke-Domestic,1,Cooke Domestic
Cooker Confectioner (Unemployed),1,Cooker Confectioner Unemployed
Cookl-Domestic Servant,1,Cookl Domestic Servant
Cooks-Domestic Servant,1,Cooks Domestic Servant
Cooper (Cook Department),1,Cooper Cook Department
Cooper (Unemployed),1,Cooper Unemployed
Cooper and c (Master),1,Cooper and c Master
Cooper and Pensioner (Army),1,Cooper and Pensioner Army
Cooper's (Apprentice),1,Cooper's Apprentice
Cooper-Apprentice,1,Cooper Apprentice
Cooper-in Linen Weaving Factory,1,Cooper in Linen Weaving Factory
Cooper-Mechanical,1,Cooper Mechanical
Cooper-Tradesman,1,Cooper Tradesman
Copper Smith (App),1,Copper Smith App
Copper smith (Master),1,Copper smith Master
Copper-Smith,1,Copper Smith
Coppersmith (Foreman),1,Coppersmith Foreman
Coppersmith-Unemployed,1,Coppersmith Unemployed
Copy - Holder (Printg),1,Copy Holder Printg
Copying Clerk (Out of Employment),1,Copying Clerk Out of Employment
Copyist - Irish Land Commission,1,Copyist Irish Land Commission
Corar (Mill),1,Corar Mill
Cord Winner (Bootmaker),1,Cord Winner Bootmaker
Corder(Tow),1,CorderTow
Core-Maker in Iron Foundry,1,Core Maker in Iron Foundry
Cork - Domestic Servant,1,Cork Domestic Servant
Cork - Domestic servant,1,Cork Domestic servant
Cork Cutter (Master),1,Cork Cutter Master
Cork Manufacturer (Master),1,Cork Manufacturer Master
Cork-D. S,1,Cork D. S
Cork-Merchant,1,Cork Merchant
Corn - Miller,1,Corn Miller
Corn Broker (Unemployed),1,Corn Broker Unemployed
Corn Mill Fire-Man Mill,1,Corn Mill Fire Man Mill
Corn Miller (Master) and Dealer,1,Corn Miller Master and Dealer
Corn-Cake Merchant and Miller,1,Corn Cake Merchant and Miller
Corn-Porter,1,Corn Porter
Corn-Traveller Grocery,1,Corn Traveller Grocery
Cornporter - Joiner,1,Cornporter Joiner
Corpl R. E. (Soldier) Surveyor,1,Corpl R. E. Soldier Surveyor
Corpl. 88th Regt. (on Sick Lease),1,Corpl. 88th Regt. on Sick Lease
Corporal (Clare Militon),1,Corporal Clare Militon
Corporal (R.Hd),1,Corporal R.Hd
Corporal Royal Engineer (Surveyor),1,Corporal Royal Engineer Surveyor
Corporal-Coldstream Gas,1,Corporal Coldstream Gas
Corporal-Royal Garrison Artillery,1,Corporal Royal Garrison Artillery
Corporation (Time) Keeper,1,Corporation Time Keeper
Corporation Clerk (Market Dept),1,Corporation Clerk Market Dept
Corporation Labourer (Scavenger),1,Corporation Labourer Scavenger
Corporation-Lamplighter,1,Corporation Lamplighter
Corpoval-Infantry,1,Corpoval Infantry
Correspondent (Dry Good Trade),1,Correspondent Dry Good Trade
Corridor-Maid Domestic Servant,1,Corridor Maid Domestic Servant
Corter-Unemployed,1,Corter Unemployed
Cost Drawer (Engineering),1,Cost Drawer Engineering
Cotch Boy (Shipyard),1,Cotch Boy Shipyard
Cottages-Dresmaker,1,Cottages Dresmaker
Cotter (Fowl)?,1,Cotter Fowl?
Cottier (Farmer),1,Cottier Farmer
Cottier and Labourer (Agr.),1,Cottier and Labourer Agr.
Cottiers - Daughter,1,Cottiers Daughter
Cotton (Weaver),1,Cotton Weaver
Cotton - Blucher,1,Cotton Blucher
Cotton - Spinner,1,Cotton Spinner
Cotton - Winder,1,Cotton Winder
Cotton and Linen Handkerchief Manager-Finished Department,1,Cotton and Linen Handkerchief Manager Finished Department
Cotton Spinner (Unemployed),1,Cotton Spinner Unemployed
Cotton Weaver Mill-Hand,1,Cotton Weaver Mill Hand
Cotton Weaver Mill-Worker,1,Cotton Weaver Mill Worker
Cotton-Drawer or Mill Worker,1,Cotton Drawer or Mill Worker
Cotton-Drower in,1,Cotton Drower in
Cottone Weaver (Unemployed),1,Cottone Weaver Unemployed
Couchman-Domestic Servant,1,Couchman Domestic Servant
Counter Hand in Draper-Shop,1,Counter Hand in Draper Shop
County Inspector of R I Constabulary (Retired),1,County Inspector of R I Constabulary Retired
County Nork R.I.C. (Rite),1,County Nork R.I.C. Rite
County Stamp Distributor (Retired),1,County Stamp Distributor Retired
County-Road Labourer,1,County Road Labourer
Court - Keeper,1,Court Keeper
"Court Messenger on Principal Profile Regy, Four Courts-and Writer's Clerk",1,"Court Messenger on Principal Profile Regy, Four Courts and Writer's Clerk"
Court-Keeper,1,Court Keeper
Cover Repairer (Railway Service),1,Cover Repairer Railway Service
Cow-Boy Domestic Servant,1,Cow Boy Domestic Servant
Cow-Keeper,1,Cow Keeper
Cow-Man,1,Cow Man
Coy Sergt Major (Soldier),1,Coy Sergt Major Soldier
Cradle-Liner,1,Cradle Liner
Crain-Man,1,Crain Man
Crane-Man,1,Crane Man
Creamery boy (Driving Cart-to),1,Creamery boy Driving Cart to
Creamery Engin-Driver,1,Creamery Engin Driver
Creamery Manager (Apprentice),1,Creamery Manager Apprentice
Creamery Secretary-Gardner,1,Creamery Secretary Gardner
Creamery-Engine Driver,1,Creamery Engine Driver
Crochet - Worker,1,Crochet Worker
Crown Service-on Staff of Regr of P S Clerks Dublin,1,Crown Service on Staff of Regr of P S Clerks Dublin
Curate (Catholic),1,Curate Catholic
Curate-Assistant Priest,1,Curate Assistant Priest
Curate-Church of Ireland,1,Curate Church of Ireland
Curate-in-Charge Parish of Parpertown Church of Ireland,1,Curate in Charge Parish of Parpertown Church of Ireland
"Curate-in-Charge, Ch, of Ireland Clergyman",1,"Curate in Charge, Ch, of Ireland Clergyman"
Curate-R.C. Church,1,Curate R.C. Church
Curate-Roman Catholic Church,1,Curate Roman Catholic Church
Curragh Builde-Farmer,1,Curragh Builde Farmer
Curragh Builder-Fisherman,1,Curragh Builder Fisherman
Currier-Unemployed,1,Currier Unemployed
Customs Officer (Training Officer),1,Customs Officer Training Officer
Cutter (Collar),1,Cutter Collar
Cutter (Corsets),1,Cutter Corsets
Cutter (Factory),1,Cutter Factory
Cutter (Linen Warehouse),1,Cutter Linen Warehouse
Cutter (Material),1,Cutter Material
Cutter (Paper),1,Cutter Paper
Cutter (Pillow Case),1,Cutter Pillow Case
Cutter - Tailor,1,Cutter Tailor
Cutter-Factory,1,Cutter Factory
Cutter-Retired,1,Cutter Retired
Cutter-Tailoring,1,Cutter Tailoring
Cutter-Tailors,1,Cutter Tailors
Cycle Engineer (Master),1,Cycle Engineer Master
Cycle-Manager,1,Cycle Manager
D in the Navy (Retired),1,D in the Navy Retired
D M Police (Const),1,D M Police Const
D M Police Pensioner (Sergeant),1,D M Police Pensioner Sergeant
D Servant (Housemaid),1,D Servant Housemaid
D-Servant-Housemaid,1,D Servant Housemaid
D-Servant-Parlourmaid,1,D Servant Parlourmaid
D. L-T. P. P. L .G .County L District Councillor,1,D. L T. P. P. L .G .County L District Councillor
D. Mus-Oxon,1,D. Mus Oxon
D. Servant (Cook),1,D. Servant Cook
D. Servant (Housemaid),1,D. Servant Housemaid
D. Servant-Hall Porter,1,D. Servant Hall Porter
D.M. Police Pensioner (Enumerator of Emigrants.),1,D.M. Police Pensioner Enumerator of Emigrants.
D?san Secretary and Registrar - Farmers Agent,1,D?san Secretary and Registrar Farmers Agent
Daery-Maid,1,Daery Maid
Daffer (Mill),1,Daffer Mill
Dailer (Fish),1,Dailer Fish
Daily Work (Charwoman),1,Daily Work Charwoman
Dairey Keeper (Dairy),1,Dairey Keeper Dairy
Dairey-Maid,1,Dairey Maid
Dairy - Labourer,1,Dairy Labourer
Dairy - maid,1,Dairy maid
Dairy - Maid Domestic Servant,1,Dairy Maid Domestic Servant
Dairy - Man,1,Dairy Man
Dairy - Owner,1,Dairy Owner
Dairy and Laundry Maid-Domestic Servt,1,Dairy and Laundry Maid Domestic Servt
Dairy boy - Domestic Servant,1,Dairy boy Domestic Servant
Dairy Girl-Domestic Servant,1,Dairy Girl Domestic Servant
Dairy Maid (Domestic),1,Dairy Maid Domestic
Dairy maid - Retired,1,Dairy maid Retired
Dairy Maid Domestic-Servant,1,Dairy Maid Domestic Servant
Dairy Maid-Domesitc Servant,1,Dairy Maid Domesitc Servant
Dairy Maid-Domestic Svt,1,Dairy Maid Domestic Svt
Dairy Maid-Milk Factory,1,Dairy Maid Milk Factory
Dairy Maid-Not Employed,1,Dairy Maid Not Employed
Dairy Man-Not Employed,1,Dairy Man Not Employed
Dairy Servant-Domestic,1,Dairy Servant Domestic
Dairy-Assistant,1,Dairy Assistant
Dairy-Boy,1,Dairy Boy
Dairy-maid at Creamery,1,Dairy maid at Creamery
Dairy-Maid Domestic Sert,1,Dairy Maid Domestic Sert
Dairy-Maid Domestic Servant,1,Dairy Maid Domestic Servant
Dairy-maid Domestic Servant,1,Dairy maid Domestic Servant
Dairy-Maid Unemployed,1,Dairy Maid Unemployed
Dairy-Maid-(Domestic Servt),1,Dairy Maid Domestic Servt
Dairy-Maid-Domestic,1,Dairy Maid Domestic
Dairy-Maid-Domestic Servant,1,Dairy Maid Domestic Servant
Dairy-man,1,Dairy man
Dairy-Man and Farmer,1,Dairy Man and Farmer
Dairy-Owner,1,Dairy Owner
Dairy-Servant-Domestic,1,Dairy Servant Domestic
Dairy-woman,1,Dairy woman
Dairygirl-Agricultural Servant,1,Dairygirl Agricultural Servant
Dairymaid (Unemployed),1,Dairymaid Unemployed
Dairymaid - Domestic Servant,1,Dairymaid Domestic Servant
Dairymaid - Domestic Srvt,1,Dairymaid Domestic Srvt
Dairymaid-Dom,1,Dairymaid Dom
Dairyman-Domestic Servant,1,Dairyman Domestic Servant
Dairyman-Retired,1,Dairyman Retired
Dairysmaid-Domestic Servant,1,Dairysmaid Domestic Servant
Daler-Orange and Fruit Seller,1,Daler Orange and Fruit Seller
Damash Weaver Clerk (Apprentice),1,Damash Weaver Clerk Apprentice
Damask Card-Cutter,1,Damask Card Cutter
Damask Hand-Loom Weaver,1,Damask Hand Loom Weaver
Damask Weaver (Retd),1,Damask Weaver Retd
Damask Weaver (Retired),1,Damask Weaver Retired
Damask-Linen Weaver,1,Damask Linen Weaver
Damask-Ornamentor,1,Damask Ornamentor
Danch-Weaver,1,Danch Weaver
Dary - Keeper,1,Dary Keeper
Dary Maid - Domestic Svt,1,Dary Maid Domestic Svt
Dask-Weaver,1,Dask Weaver
Daughter (at Home),1,Daughter at Home
Daughter (C. G),1,Daughter C. G
Daughter (Domestic),1,Daughter Domestic
Daughter (Farmer's),1,Daughter Farmer's
Daughter (No occupation),1,Daughter No occupation
Daughter (Scholars),1,Daughter Scholars
Daughter (University Student),1,Daughter University Student
Daughter - None,1,Daughter None
Daughter-in-Law,1,Daughter in Law
Daughter-Scholar,1,Daughter Scholar
Daughter-Spinster,1,Daughter Spinster
Day Maid-Domestic Servt,1,Day Maid Domestic Servt
Dc Servant-Unemployed,1,Dc Servant Unemployed
Deaconess (Military),1,Deaconess Military
Dealer (Flax),1,Dealer Flax
Dealer (Grocerier),1,Dealer Grocerier
Dealer (Groceries),1,Dealer Groceries
Dealer (Hardware),1,Dealer Hardware
Dealer (Hardware) Dailen,1,Dealer Hardware Dailen
Dealer (Huxter),1,Dealer Huxter
Dealer (in Bread),1,Dealer in Bread
Dealer (in Flower),1,Dealer in Flower
Dealer (Landry Articles),1,Dealer Landry Articles
Dealer (Orangers),1,Dealer Orangers
Dealer (Pig),1,Dealer Pig
Dealer (Pipes Matches Man and c),1,Dealer Pipes Matches Man and c
Dealer (Towl),1,Dealer Towl
Dealer (Tramp),1,Dealer Tramp
Dealer (Vegetables),1,Dealer Vegetables
Dealer - Clother,1,Dealer Clother
Dealer - Fish,1,Dealer Fish
Dealer - Gen,1,Dealer Gen
Dealer - Pol?es,1,Dealer Pol?es
Dealer general,1,General Dealer
Dealer in Goods (Green Grocer),1,Dealer in Goods Green Grocer
Dealer in Wares (Pedlor),1,Dealer in Wares Pedlor
"Dealer, Soft Goods (Pedlur)",1,"Dealer, Soft Goods Pedlur"
Dealer-Applee Etc,1,Dealer Applee Etc
Dealer-Bottles,1,Dealer Bottles
Dealer-Delft,1,Dealer Delft
Dealer-Fish and C,1,Dealer Fish and C
Dealer-Groceries,1,Dealer Groceries
Dealer-Grocery,1,Dealer Grocery
Dealer-Hardware,1,Dealer Hardware
Dealer-Old Clothes,1,Dealer Old Clothes
Dealer-Old Iron and c,1,Dealer Old Iron and c
Dealer-Peddler,1,Dealer Peddler
Dealer-Pedlar,1,Dealer Pedlar
Dealer-Pig,1,Dealer Pig
Dealer-Povisions,1,Dealer Povisions
Dealer-Provision,1,Dealer Provision
Dealer-Sweets and C,1,Dealer Sweets and C
Dealer-Timber,1,Dealer Timber
Dealer-Vegitables,1,Dealer Vegitables
Dean: Du City Catholic(R) Priest,1,Dean: Du City CatholicR Priest
Deck-Boy,1,Deck Boy
Decorater (Room in Ware),1,Decorater Room in Ware
Decorative Painter (Master),1,Decorative Painter Master
Decorator (master),1,Decorator master
Decorator (Master),1,Decorator Master
Delicate-Unfit for Work,1,Delicate Unfit for Work
Delivering Bread-Driver,1,Delivering Bread Driver
Delivery Clerk (Commercial Soap Man Trade),1,Delivery Clerk Commercial Soap Man Trade
Delivery-Clark,1,Delivery Clark
Delivery-Van Driver,1,Delivery Van Driver
"Della, House and Parlour-Maid",1,"Della, House and Parlour Maid"
Dental Surgeon (L.O.S. Edinburgh),1,Dental Surgeon L.O.S. Edinburgh
Dentist-Apprentice,1,Dentist Apprentice
Departy Superindal ?Magacine office (proved of infants)?departy Assistant ?for Cork,1,Departy Superindal ?Magacine office proved of infants?departy Assistant ?for Cork
Depot-Keeper in Ship Yard,1,Depot Keeper in Ship Yard
Deputy ? Liuet (Militia),1,Deputy ? Liuet Militia
Deputy Liend-Late Captan 45 Regt. Landed Proprietor,1,Deputy Liend Late Captan 45 Regt. Landed Proprietor
Deriving Income from (Dividends),1,Deriving Income from Dividends
Deriving Income from (Houses),1,Deriving Income from Houses
Deriving Income from Interest (of Money),1,Deriving Income from Interest of Money
Designer (Damask),1,Designer Damask
Designer (Linen Damask),1,Designer Linen Damask
Designer - Master,1,Designer Master
Designer's Asst (Domest),1,Designer's Asst Domest
Designer-Apprentice,1,Designer Apprentice
Designer-Damask,1,Designer Damask
Designer-Dyer Woollen,1,Designer Dyer Woollen
Despatch Clerk-Linen Business,1,Despatch Clerk Linen Business
Destitute widow in receipt out-door relief,1,Destitute widow in receipt out door relief
Destrick Inspr. R I.C. Bar-at-Law (Not Infractre),1,Destrick Inspr. R I.C. Bar at Law Not Infractre
Dgtr in-Law,1,Dgtr in Law
Die-Sinker,1,Die Sinker
Diocesan Inspector of School (Clergyman),1,Diocesan Inspector of School Clergyman
Diocesan Registrat Doctor of Law-TCD.,1,Diocesan Registrat Doctor of Law TCD.
Director Limited Coy-Drapery Business,1,Director Limited Coy Drapery Business
Director of Military and Naval Supplies etc (Lipton Ld),1,Director of Military and Naval Supplies etc Lipton Ld
Director Public Company (Tea Trade),1,Director Public Company Tea Trade
Director-Calico Printing C,1,Director Calico Printing C
Director-Linen Manfactory,1,Director Linen Manfactory
Discharging Ships (stenedone),1,Discharging Ships stenedone
Dischd-Soldier,1,Dischd Soldier
Disfellery Mechanic (Fitter),1,Disfellery Mechanic Fitter
Dispensary House-Keeper,1,Dispensary House Keeper
Dispensary Mid-Wife,1,Dispensary Mid Wife
Dispensary-Caretaker,1,Dispensary Caretaker
Dispensery-Maid Domestic Servant,1,Dispensery Maid Domestic Servant
Dist Inspr-R.I.C,1,Dist Inspr R.I.C
Dist-Insp. R I Constaby.,1,Dist Insp. R I Constaby.
Dist-Insps R I Condy,1,Dist Insps R I Condy
Dist. Keep. R. I. C B. A-Oxford,1,Dist. Keep. R. I. C B. A Oxford
Distiller-Cashier,1,Distiller Cashier
Distiller-Director,1,Distiller Director
Distillery Labourer (Pensioned),1,Distillery Labourer Pensioned
Distillery-Labourer,1,Distillery Labourer
District (Professional) Nurse,1,District Professional Nurse
District (Railway) Agent,1,District Railway Agent
District Inspector of Natl-Schools (Ireland),1,District Inspector of Natl Schools Ireland
District Inspt of R. I. Constab (Retired),1,District Inspt of R. I. Constab Retired
District Inspt-R.I.C.,1,District Inspt R.I.C.
District Nurse-Midwife,1,District Nurse Midwife
District Serveyor (Retired) H.M. Geological Survey Ireland Civil and Mining Engineer,1,District Serveyor Retired H.M. Geological Survey Ireland Civil and Mining Engineer
District-Nurse-Domestic Servant,1,District Nurse Domestic Servant
Divenity Student (T.C.D),1,Divenity Student T.C.D
Dividends L. L. A (St Andrews),1,Dividends L. L. A St Andrews
Dividends L.L.A (St Andrews),1,Dividends L.L.A St Andrews
Dividends-Interest,1,Dividends Interest
Divinity Student-Dublin University,1,Divinity Student Dublin University
Divinity-Student,1,Divinity Student
Divisional Major Hate D M T-K C,1,Divisional Major Hate D M T K C
Dmestic Servant (General),1,Dmestic Servant General
Dock-Gate Man,1,Dock Gate Man
Dock-Lab,1,Dock Lab
Dock-Laborer,1,Dock Laborer
Dock-Labour,1,Dock Labour
Dock-Yard Labourer,1,Dock Yard Labourer
Doctor (General Tractitioner) (MB.etc. Royal University),1,Doctor General Tractitioner MB.etc. Royal University
Doctor (Medical),1,Doctor Medical
Doctor (Medicine),1,Doctor Medicine
Doctor (Military),1,Doctor Military
"Doctor of Dental Surgery, University of - Michigan, U S A",1,"Doctor of Dental Surgery, University of Michigan, U S A"
Doctor of Law Barrister-at-Law,1,Doctor of Law Barrister at Law
Doctor of Medecine (Royal University Ireland),1,Doctor of Medecine Royal University Ireland
Doctor of Medicine (Royal University) (Not Practising),1,Doctor of Medicine Royal University Not Practising
Doctor of Medicine (Unco Dublin),1,Doctor of Medicine Unco Dublin
Doctor of Medicine Dr.Surgeon (R.U.I.) M.D.R.U.I. etc,1,Doctor of Medicine Dr.Surgeon R.U.I. M.D.R.U.I. etc
Doctor of Medicine Hm Student L.R.C.Q. Exm.-Physician and Surgeon,1,Doctor of Medicine Hm Student L.R.C.Q. Exm. Physician and Surgeon
Doctor of Medicine M D Mch R U I (Practising) LAH Dublin,1,Doctor of Medicine M D Mch R U I Practising LAH Dublin
Doctor of Medicine Staff Surgeon R.Cr (Retina),1,Doctor of Medicine Staff Surgeon R.Cr Retina
Doctor of Medicine Surgeon M.D. (R.U.I) and B.A. (T.C.D.),1,Doctor of Medicine Surgeon M.D. R.U.I and B.A. T.C.D.
Doctor of Philosophy (Heidelberg),1,Doctor of Philosophy Heidelberg
Doctor Surgeon - Royal University of Ireland,1,Doctor Surgeon Royal University of Ireland
Doctor-General Practitionar,1,Doctor General Practitionar
Doctor-General Practitioner,1,Doctor General Practitioner
Doctor-General Practitioner Fellns of RC Coll Surgeons Ireland,1,Doctor General Practitioner Fellns of RC Coll Surgeons Ireland
Doctoress (M.W.),1,Doctoress M.W.
Doemestic-Servant General,1,Doemestic Servant General
Dofee (Flax),1,Dofee Flax
Dofer (Flax Mill),1,Dofer Flax Mill
Doffer (1/2 Side) Linen,1,Doffer 1/2 Side Linen
Doffer (1/2 Timer),1,Doffer 1/2 Timer
Doffer (Factory),1,Doffer Factory
Doffer (Flax mill),1,Doffer Flax mill
Doffer (Flax),1,Doffer Flax
Doffer (Flax) in Linen Mill,1,Doffer Flax in Linen Mill
Doffer (Flaxmill),1,Doffer Flaxmill
Doffer (Mill Worker) in Thread Factory,1,Doffer Mill Worker in Thread Factory
Doffer (Mill) (Half Time),1,Doffer Mill Half Time
Doffer (Spinning R),1,Doffer Spinning R
Doffer (Spinning Room),1,Doffer Spinning Room
Doffer - in Mill,1,Doffer in Mill
Doffer Flax Spinning (Mill,1,Doffer Flax Spinning Mill
Doffer Half-Timer Linen Mill,1,Doffer Half Timer Linen Mill
Doffer in (Linen) Spinning Mill,1,Doffer in Linen Spinning Mill
Doffer in Mill(Linen),1,Doffer in MillLinen
Doffer in Mill-Linen,1,Doffer in Mill Linen
Doffer Spinning (General Mill),1,Doffer Spinning General Mill
Doffer-Factory,1,Doffer Factory
Doffer-in Linen Mill,1,Doffer in Linen Mill
Doffer-Linen Mill,1,Doffer Linen Mill
Doffer-Spinner,1,Doffer Spinner
Doffer-Spinning Room,1,Doffer Spinning Room
Doffer. Spinning Mill-Flax,1,Doffer. Spinning Mill Flax
Doffing Mistress (Mill),1,Doffing Mistress Mill
Dofing (Linen Factory) Mistress,1,Dofing Linen Factory Mistress
Doing-Nothing,1,Doing Nothing
Dom - Cook Servant,1,Dom Cook Servant
Dom - Sev General,1,Dom Sev General
Dom Servant (Housemaid),1,Dom Servant Housemaid
Dom Servant (Nurse),1,Dom Servant Nurse
Dom Servant-Barmaid,1,Dom Servant Barmaid
Dom Servant-General,1,Dom Servant General
Dom Servant-Groom,1,Dom Servant Groom
Dom Servant-House Maid,1,Dom Servant House Maid
Dom Servant-Housemaid,1,Dom Servant Housemaid
Dom. Servant-Cook,1,Dom. Servant Cook
Dom. Servt-General,1,Dom. Servt General
Domc Servant-Cook,1,Domc Servant Cook
Domc-Servant,1,Domc Servant
Domerstic Servant (Cook),1,Domerstic Servant Cook
Domest Servant-General,1,Domest Servant General
Domest-Servant,1,Domestic Servant
Domestic (Cook) Servant,1,Domestic Cook Servant
Domestic (Farm) Servant,1,Domestic Farm Servant
Domestic (Genl),1,Domestic Genl
Domestic (House Keeper),1,Domestic Housekeeper
Domestic (Housemaid),1,Domestic Housemaid
Domestic (Kitchen Maid),1,Domestic Kitchen Maid
Domestic (Maid),1,Domestic Maid
Domestic (Purposes),1,Domestic Purposes
Domestic (Servant,1,Domestic Servant
Domestic (Servt) (General),1,Domestic Servt General
Domestic - Coachman,1,Domestic Coachman
Domestic - General Servant,1,General Domestic Servant
Domestic - Housemaid,1,Domestic Housemaid
Domestic - Servant Gardener,1,Domestic Servant Gardener
Domestic - Servant General,1,General Domestic Servant
Domestic Assistant (Cook),1,Domestic Assistant Cook
Domestic Coachman-Servant,1,Domestic Coachman Servant
Domestic Cook - Servant,1,Domestic Cook Servant
Domestic Cook-Servant,1,Domestic Cook Servant
Domestic Gardener-Servant,1,Domestic Gardener Servant
Domestic General Servant (Retired),1,Domestic General Servant Retired
Domestic General Servant (Unemployed),1,Domestic General Servant Unemployed
Domestic Hous-Keeper,1,Domestic Hous Keeper
Domestic House keeper,1,Domestic Housekeeper
Domestic House-Hold Work,1,Domestic House Hold Work
Domestic House-Keeper in Business House,1,Domestic House Keeper in Business House
Domestic Labourer (Agl),1,Domestic Labourer Agl
Domestic Nurse-Servant,1,Domestic Nurse Servant
Domestic of (Cook) Servant,1,Domestic of Cook Servant
Domestic S-Housemaid,1,Domestic S Housemaid
Domestic Ser-Cook,1,Domestic Ser Cook
Domestic Ser.-Cook,1,Domestic Ser. Cook
Domestic Sert - Cook,1,Domestic Sert Cook
Domestic Sert Nurse (Childrens),1,Domestic Sert Nurse Childrens
Domestic Sert-Cook,1,Domestic Sert Cook
Domestic Servan (Cook),1,Domestic Servan Cook
Domestic Servan-Cook,1,Domestic Servan Cook
domestic servant,1,Domestic Servant
Domestic Servant (Baker),1,Domestic Servant Baker
Domestic Servant (Barmaid),1,Domestic Servant Barmaid
Domestic Servant (Butler),1,Domestic Servant Butler
Domestic Servant (Car Driver),1,Domestic Servant Car Driver
Domestic Servant (Caretaker of Dispensary),1,Domestic Servant Caretaker of Dispensary
Domestic Servant (Cook) House Maid,1,Domestic Servant Cook House Maid
Domestic Servant (Cook) O.B.,1,Domestic Servant Cook O.B.
Domestic Servant (Dairy Maid),1,Domestic Servant Dairy Maid
Domestic Servant (Domestic),1,Domestic Servant Domestic
Domestic Servant (Drd),1,Domestic Servant Drd
Domestic Servant (Farm,1,Domestic Servant Farm
Domestic Servant (Farm Land),1,Domestic Servant Farm Land
Domestic Servant (Farm),1,Domestic Servant Farm
Domestic Servant (Farmer's Daughter),1,Domestic Servant Farmer's Daughter
Domestic Servant (Gardner),1,Domestic Servant Gardner
Domestic Servant (Gen),1,Domestic Servant Gen
Domestic Servant (general),1,General Domestic Servant
Domestic Servant (Groom),1,Domestic Servant Groom
Domestic Servant (H Maid),1,Domestic Servant H Maid
Domestic Servant (Hall Boy),1,Domestic Servant Hall Boy
Domestic Servant (Heparts Maid),1,Domestic Servant Heparts Maid
Domestic Servant (Hotel Waiter),1,Domestic Servant Hotel Waiter
Domestic Servant (House and Parlour Maid),1,Domestic Servant House and Parlour Maid
Domestic Servant (House Keeper) Unemployed,1,Domestic Servant House Keeper Unemployed
Domestic Servant (Idle),1,Domestic Servant Idle
Domestic Servant (Inland Revenue),1,Domestic Servant Inland Revenue
Domestic Servant (Kitchen Maid),1,Domestic Servant Kitchen Maid
"Domestic Servant (Ladys Maid, Unemployed)",1,"Domestic Servant Ladys Maid, Unemployed"
Domestic Servant (Landsteward),1,Domestic Servant Landsteward
Domestic Servant (Laundress),1,Domestic Servant Laundress
Domestic Servant (Laundry Maid),1,Domestic Servant Laundry Maid
Domestic Servant (Nursemaid),1,Domestic Servant Nursemaid
Domestic Servant (Ordinary),1,Domestic Servant Ordinary
Domestic Servant (Parlour maid),1,Domestic Servant Parlour maid
Domestic Servant (Parlour-Maid),1,Domestic Servant Parlour Maid
Domestic Servant (Rider),1,Domestic Servant Rider
Domestic Servant (Scullery Boy),1,Domestic Servant Scullery Boy
Domestic Servant (Stable Boy),1,Domestic Servant Stable Boy
Domestic Servant (unemployed),1,Domestic Servant unemployed
Domestic Servant - Coachman,1,Domestic Servant Coachman
Domestic Servant - Dairymaid,1,Domestic Servant Dairymaid
Domestic Servant - Labourer,1,Domestic Servant Labourer
Domestic Servant - Lady's Maid and Upper Housemaid,1,Domestic Servant Lady's Maid and Upper Housemaid
Domestic Servant - Pantry Maid,1,Domestic Servant Pantry Maid
Domestic Servant - Retired,1,Domestic Servant Retired
Domestic Servant - Unemployed,1,Domestic Servant Unemployed
Domestic Servant ? General Servant-Domestic,1,Domestic Servant ? General Servant Domestic
Domestic Servant Bar-Maid,1,Domestic Servant Bar Maid
Domestic Servant Children and (Maid),1,Domestic Servant Children and Maid
Domestic Servant Coach-Man,1,Domestic Servant Coach Man
Domestic servant cook,1,Cook Domestic Servant
Domestic Servant CooK,1,Cook Domestic Servant
Domestic Servant Cook-Domestic,1,Domestic Servant Cook Domestic
Domestic Servant Cook-Housekeeper,1,Domestic Servant Cook Housekeeper
Domestic Servant Cow-Herd,1,Domestic Servant Cow Herd
Domestic Servant Garden and Yard-Work and C,1,Domestic Servant Garden and Yard Work and C
Domestic Servant Gardener-Unemployed,1,Domestic Servant Gardener Unemployed
Domestic Servant House and Parlour - Maid,1,Domestic Servant House and Parlour Maid
Domestic Servant House and Parlour-Maid,1,Domestic Servant House and Parlour Maid
Domestic Servant House Keeper (Unemployed),1,Domestic Servant House Keeper Unemployed
Domestic servant House Maid,1,Housemaid Domestic Servant
Domestic Servant Kitchen-Maid,1,Domestic Servant Kitchen Maid
Domestic Servant Labourer (in Public Houses),1,Domestic Servant Labourer in Public Houses
Domestic Servant Labr (General),1,Domestic Servant Labr General
Domestic Servant No-Maid,1,Domestic Servant No Maid
Domestic Servant P-maid,1,Domestic Servant P maid
Domestic Servant Parlour - Maid,1,Domestic Servant Parlour Maid
Domestic Servant Parlour-Maid,1,Domestic Servant Parlour Maid
Domestic Servant Still-Nsry Maid,1,Domestic Servant Still Nsry Maid
Domestic Servant Un-Employed,1,Domestic Servant Un Employed
Domestic Servant Unemployed (Chargeable or Union),1,Domestic Servant Unemployed Chargeable or Union
Domestic Servant Work-Woman,1,Domestic Servant Work Woman
Domestic Servant- Nurse,1,Domestic Servant Nurse
Domestic Servant-(Coachman,1,Domestic Servant Coachman
Domestic Servant-(General),1,General Domestic Servant
Domestic Servant-(Genl),1,Domestic Servant Genl
Domestic Servant-(Parlor Maid,1,Domestic Servant Parlor Maid
Domestic Servant-?,1,Domestic Servant ?
Domestic Servant-Apprentice,1,Domestic Servant Apprentice
Domestic Servant-Bank Porter,1,Domestic Servant Bank Porter
Domestic Servant-Barmaid,1,Domestic Servant Barmaid
Domestic Servant-Boots,1,Domestic Servant Boots
Domestic Servant-Boy,1,Domestic Servant Boy
Domestic Servant-Butter Making,1,Domestic Servant Butter Making
Domestic Servant-Carman,1,Domestic Servant Carman
Domestic Servant-Charwoman,1,Domestic Servant Charwoman
Domestic Servant-Childrens Maid,1,Domestic Servant Childrens Maid
Domestic Servant-Coach Man,1,Domestic Servant Coach Man
Domestic Servant-Coachmaid,1,Domestic Servant Coachmaid
Domestic Servant-cook,1,Cook Domestic Servant
Domestic Servant-Cook House Maid,1,Domestic Servant Cook House Maid
Domestic Servant-Domestic,1,Domestic Servant Domestic
Domestic Servant-Domestic Parlourmaid,1,Domestic Servant Domestic Parlourmaid
Domestic Servant-Farm,1,Domestic Servant Farm
Domestic Servant-Gardener,1,Domestic Servant Gardener
Domestic Servant-Gardiner,1,Domestic Servant Gardiner
Domestic Servant-Gen,1,Domestic Servant Gen
Domestic Servant-General (Out of Employment),1,Domestic Servant General Out of Employment
Domestic Servant-General Servant,1,Domestic Servant General Servant
Domestic Servant-General Unemployed,1,Domestic Servant General Unemployed
Domestic Servant-House and Parlourmaid,1,Domestic Servant House and Parlourmaid
Domestic Servant-House maid,1,Housemaid Domestic Servant
Domestic Servant-House Parlour Maid,1,Domestic Servant House Parlour Maid
Domestic Servant-Laundress,1,Domestic Servant Laundress
Domestic Servant-Laur Dress,1,Domestic Servant Laur Dress
Domestic Servant-Nurse Childrens Maid,1,Domestic Servant Nurse Childrens Maid
Domestic Servant-Nurse Maid,1,Domestic Servant Nurse Maid
Domestic Servant-on Outdoor Relief,1,Domestic Servant on Outdoor Relief
Domestic Servant-Out Door,1,Domestic Servant Out Door
Domestic Servant-Page Boy,1,Domestic Servant Page Boy
Domestic Servant-Parlarmaid,1,Domestic Servant Parlarmaid
Domestic Servant-Parlor Maid,1,Domestic Servant Parlor Maid
Domestic Servant-Parlormaid,1,Domestic Servant Parlormaid
Domestic Servant-Parlow,1,Domestic Servant Parlow
Domestic Servant-Portress,1,Domestic Servant Portress
Domestic Servant-Schoolroom Maid,1,Domestic Servant Schoolroom Maid
Domestic Servant-Sewing Maid,1,Domestic Servant Sewing Maid
Domestic Servant-Tablemaid,1,Domestic Servant Tablemaid
Domestic Servant-Underboots,1,Domestic Servant Underboots
Domestic Servant-Valet,1,Domestic Servant Valet
Domestic Servant-Waitress,1,Domestic Servant Waitress
Domestic Servant-Washer Woman,1,Domestic Servant Washer Woman
Domestic Servants (Cook),1,Domestic Servants Cook
Domestic Servants (Vales),1,Domestic Servants Vales
Domestic Servat Book-Paper,1,Domestic Servat Book Paper
Domestic serveant,1,Domestic Servant
Domestic Servent General (Unemployed),1,Domestic Servent General Unemployed
Domestic Servt (House Keeper),1,Domestic Servt House Keeper
Domestic Servt (Housemaid),1,Domestic Servt Housemaid
Domestic Servt (Not Employed),1,Domestic Servt Not Employed
Domestic Servt (Parlor Maid),1,Domestic Servt Parlor Maid
Domestic Servt (Parlormaid),1,Domestic Servt Parlormaid
Domestic Servt - Farmer,1,Domestic Servt Farmer
Domestic Servt - General,1,Domestic Servt General
Domestic Servt - House Maid,1,Domestic Servt House Maid
Domestic Servt - Nurse,1,Domestic Servt Nurse
Domestic Servt Chamber - Maid,1,Domestic Servt Chamber Maid
Domestic Servt Coach-Man,1,Domestic Servt Coach Man
Domestic Servt Herd-Boy,1,Domestic Servt Herd Boy
Domestic Servt House - Maid,1,Domestic Servt House Maid
Domestic Servt House and Parlour - Maid,1,Domestic Servt House and Parlour Maid
Domestic Servt Kitchen - Maid,1,Domestic Servt Kitchen Maid
Domestic Servt Yard-man,1,Domestic Servt Yard man
Domestic Servt-Bakery,1,Domestic Servt Bakery
Domestic Servt-Coachman,1,Domestic Servt Coachman
Domestic Servt-Cook Unemployed,1,Domestic Servt Cook Unemployed
Domestic Servt-Gardener,1,Domestic Servt Gardener
Domestic Servt-Generl,1,Domestic Servt Generl
Domestic Servt-Groom,1,Domestic Servt Groom
Domestic Servt-House Maid,1,Domestic Servt House Maid
Domestic Servt-Housekeeper,1,Domestic Servt Housekeeper
Domestic Servt-Maid Ast,1,Domestic Servt Maid Ast
Domestic Servt-Parlour Maid,1,Domestic Servt Parlour Maid
Domestic Servt. (Cook),1,Domestic Servt. Cook
Domestic Servt. (General),1,Domestic Servt. General
Domestic Servt. (Nurse),1,Domestic Servt. Nurse
Domestic Servt. - Housemaid,1,Domestic Servt. Housemaid
Domestic Servt.-Housekeeper,1,Domestic Servt. Housekeeper
Domestic Sevant (Nurse),1,Domestic Sevant Nurse
Domestic Sevt - Nurse,1,Domestic Sevt Nurse
Domestic Sevt-Gardener,1,Domestic Sevt Gardener
Domestic Sevt-Groom and Army Pensioner,1,Domestic Sevt Groom and Army Pensioner
Domestic Sevt.-Unemployed,1,Domestic Sevt. Unemployed
Domestic Srt (Cook),1,Domestic Srt Cook
Domestic St (Cook),1,Domestic St Cook
Domestic St (House Parlourmaid),1,Domestic St House Parlourmaid
Domestic Svt - Farm Labour,1,Domestic Svt Farm Labour
Domestic Svt-Unemployed,1,Domestic Svt Unemployed
Domestic Work-man,1,Domestic Work man
Domestic Work-Woman,1,Domestic Work Woman
"Domestic, Servt-Grom",1,"Domestic, Servt Grom"
Domestic-Cork,1,Domestic Cork
Domestic-General Servt,1,Domestic General Servt
Domestic-House Maid,1,Domestic House Maid
Domestic-House Parlour-Maid,1,Domestic House Parlour Maid
Domestic-Household,1,Domestic Household
Domestic-Housemiad and C,1,Domestic Housemiad and C
Domestic-Kitchen-Maid,1,Domestic Kitchen Maid
Domestic-Sert,1,Domestic Sert
Domestic-Servant Coachman,1,Domestic Servant Coachman
Domestic-Servant Cook,1,Cook Domestic Servant
Domestic-Servant Waitress,1,Domestic Servant Waitress
Domestic-Servant Washerwoman,1,Domestic Servant Washerwoman
Domestic-Servant-General,1,General Domestic Servant
Domestic-Servant-Unemployed,1,Domestic Servant Unemployed
Domestic-Servt,1,Domestic Servant
Domestic-Servt Driver,1,Domestic Servt Driver
Domestic-Sevt General,1,Domestic Sevt General
Domestic-Work,1,Domestic Work
Doms Servant-Washerwoman,1,Doms Servant Washerwoman
Domstic Servant (Gardner),1,Domstic Servant Gardner
Donkey-Man,1,Donkey Man
Door Porter-Hardware Eslab,1,Door Porter Hardware Eslab
Dow-Carder Mill Worker,1,Dow Carder Mill Worker
Dpt Inspector General R.N. (Retired List),1,Dpt Inspector General R.N. Retired List
Dr of Medicine (retired),1,Dr of Medicine retired
Dr Surgn General (R. P.),1,Dr Surgn General R. P.
Draftoman (Ordnance Survey),1,Draftoman Ordnance Survey
Draper (Owner),1,Draper Owner
Draper (Pedlar),1,Draper Pedlar
Draper (Shop Keeper),1,Draper Shop Keeper
Draper and c-Master,1,Draper and c Master
Draper and Milliner (One Account),1,Draper and Milliner One Account
Draper and Outfitter-Master,1,Draper and Outfitter Master
Draper and Sub-Postmistress,1,Draper and Sub Postmistress
Draper Assistant (Lawyer),1,Draper Assistant Lawyer
Draper Assistant (Unemployed),1,Draper Assistant Unemployed
Draper Asst (Manager at Eg Stacks),1,Draper Asst Manager at Eg Stacks
Draper Sailor Agde Agent-R,1,Draper Sailor Agde Agent R
Draper Shop - Porter,1,Draper Shop Porter
Draper's Shop-Girl,1,Draper's Shop Girl
Draper's-Assistant,1,Draper's Assistant
Draper-Ap-tice,1,Draper Ap tice
Draper-Manager,1,Draper Manager
Draper-Merchant,1,Draper Merchant
Draper-Milliner,1,Draper Milliner
Draper-Pedlor,1,Draper Pedlor
Draper-Traveller,1,Draper Traveller
Draper-Travellr,1,Draper Travellr
Drapers (Master),1,Drapers Master
Drapers (Superintendent),1,Drapers Superintendent
Drapers Apprentice-Unemployed,1,Drapers Apprentice Unemployed
Drapers Assistant (Wholesale),1,Drapers Assistant Wholesale
Drapers-Messenger,1,Drapers Messenger
Drapers-Porter,1,Draper's Porter
Drapers-Superintendend,1,Drapers Superintendend
Drapers-Traveller,1,Drapers Traveller
Drapery (Apprentice),1,Drapery Apprentice
Drapery (Fancy Dept),1,Drapery Fancy Dept
Drapery Sales-Unemployed,1,Drapery Sales Unemployed
Drapery Shop-Owner,1,Drapery Shop Owner
Drapery Trade (Master),1,Drapery Trade Master
Drapery-Apprentice,1,Drapery Apprentice
Drapery-Mantle Saleswoman,1,Drapery Mantle Saleswoman
Drapery-Saleswoman,1,Drapery Saleswoman
Drapery-Shop Assistant,1,Drapery Shop Assistant
Draughtman (Liths),1,Draughtman Liths
Draughts-Man,1,Draughts Man
Draughtsman (Engineers),1,Draughtsman Engineers
Draughtsman (Mechanical Engineering),1,Draughtsman Mechanical Engineering
Draughtsman Civil Service Registration of Title (Ireland),1,Draughtsman Civil Service Registration of Title Ireland
Draughtsman-Board of Works,1,Draughtsman Board of Works
Draver in (Flax Mill),1,Draver in Flax Mill
Drawer (Flax),1,Drawer Flax
Drawer (Mill),1,Drawer Mill
Drawer (Neill),1,Drawer Neill
Drawer (Preparing Dept),1,Drawer Preparing Dept
Drawer - Flax Mill,1,Drawer Flax Mill
Drawer - In,1,Drawer In
Drawer - in (Linen),1,Drawer in Linen
Drawer - in Weaving Factory,1,Drawer in Weaving Factory
Drawer in (Linen) Preparing Room Mill,1,Drawer in Linen Preparing Room Mill
Drawer in (Mill),1,Drawer in Mill
Drawer in Preparing Room (Linen),1,Drawer in Preparing Room Linen
Drawer in-Factory,1,Drawer in Factory
Drawer-Flax,1,Drawer Flax
Drawer-in (Linen),1,Drawer in Linen
Drawer-in in Factory,1,Drawer in in Factory
Drawer-in in Linen Factory,1,Drawer in in Linen Factory
Drawer-in L Mill,1,Drawer in L Mill
Drawer-in Linen,1,Drawer in Linen
Drawer-in Mill,1,Drawer in Mill
Drawer-in Yarn Linen,1,Drawer in Yarn Linen
Drawer-in-Flax,1,Drawer in Flax
Drawer-Linen Weaving,1,Drawer Linen Weaving
Drawing (in Mill),1,Drawing in Mill
Drawter-in in Linen Factory,1,Drawter in in Linen Factory
Dray-Driver,1,Dray Driver
Dray-Man Labourer,1,Dray Man Labourer
Drayman (Brewer's),1,Drayman Brewer's
Dres-Maker,1,Dres Maker
Dress - Maker - Unemployed,1,Dress Maker Unemployed
Dress - Makers Apprentice,1,Dress Makers Apprentice
Dress and Mantler-Maker,1,Dress and Mantler Maker
Dress Cutter (Scientific A P O),1,Dress Cutter Scientific A P O
dress maker,1,Dressmaker
Dress Maker (Apprentice),1,Dress Maker Apprentice
Dress Maker (Employed),1,Dress Maker Employed
Dress Maker (Managing),1,Dress Maker Managing
Dress Maker (Retired),1,Dress Maker Retired
Dress Maker in (Unemployed),1,Dress Maker in Unemployed
Dress Maker-Retired,1,Dress Maker Retired
Dress Making (Apprentice),1,Dress Making Apprentice
Dress Mender (Flossery),1,Dress Mender Flossery
Dress-Forewoman,1,Dress Forewoman
Dress-Maker and c,1,Dress Maker and c
Dress-Maker Traid,1,Dress Maker Traid
"Dress-Maker, at Home",1,"Dress Maker, at Home"
"Dress-Maker, Unemployed",1,"Dress Maker, Unemployed"
Dress-Makerer,1,Dress Makerer
Dress-Makers Daughter,1,Dress Makers Daughter
Dress-Marker,1,Dress Marker
Dresser (Iron),1,Dresser Iron
Dressmaker (Domestic Servant),1,Dressmaker Domestic Servant
Dressmaker (Employed),1,Dressmaker Employed
Dressmaker (for Self),1,Dressmaker for Self
Dressmaker (Improver),1,Dressmaker Improver
Dressmaker (Mistress),1,Dressmaker Mistress
Dressmaker (Out of Employment),1,Dressmaker Out of Employment
Dressmaker (Retd),1,Dressmaker Retd
Dressmaker (Retired),1,Dressmaker Retired
Dressmaker (Universal System),1,Dressmaker Universal System
Dressmaker - Apprentice,1,Dressmaker Apprentice
Dressmaker - Retired,1,Dressmaker Retired
Dressmaker Employed (in Shop),1,Dressmaker Employed in Shop
Dressmaker's (Apprentice),1,Dressmaker's Apprentice
Dressmaker's-Apprentice,1,Dressmaker's Apprentice
Dressmaker-(Retired),1,Dressmaker Retired
Dressmaker-Head,1,Dressmaker Head
Dressmaker-Mistress,1,Dressmaker Mistress
Dressmaker-Photographic Retoucher,1,Dressmaker Photographic Retoucher
Dressmaker-Unemploye,1,Dressmaker Unemploye
Dressmaker-Unemployed,1,Dressmaker Unemployed
"Dressmaker:- ""Charge""",1,"Dressmaker: ""Charge"""
Dressmakers (Mistress),1,Dressmakers Mistress
Dressmaking (Apprentice),1,Dressmaking Apprentice
Driler (Iron),1,Driler Iron
Driller (Boiler Maker),1,Driller Boiler Maker
Driller (Ex R I C),1,Driller Ex R I C
Driller (Iron and Steel),1,Driller Iron and Steel
Driller (Iron Foundry),1,Driller Iron Foundry
Driller (Mechanic),1,Driller Mechanic
Driller (Stone),1,Driller Stone
Driller at Iron - Works,1,Driller at Iron Works
Driller-Foundry,1,Driller Foundry
Driller-Ship,1,Driller Ship
Drillir (Shipyard),1,Drillir Shipyard
Drissmaker-Apprentice,1,Drissmaker Apprentice
Driver (Canal Boat),1,Driver Canal Boat
Driver (Coach),1,Driver Coach
Driver (Horse),1,Driver Horse
Driver (Mail Gor),1,Driver Mail Gor
Driver (Postcar),1,Driver Postcar
Driver (Posting),1,Driver Posting
Driver (Train),1,Driver Train
Driver-Car,1,Driver Car
Driver-Cartwork,1,Driver Cartwork
Driver-Domestic Servant,1,Driver Domestic Servant
Drug Clerk - Unemployed,1,Drug Clerk Unemployed
Druggist (Apprentice),1,Druggist Apprentice
Druggist (Master),1,Druggist Master
Druggist-Assistant,1,Druggist Assistant
Druggists-Packer,1,Druggists Packer
Dsk Winder (Linen Factory),1,Dsk Winder Linen Factory
Dsk-Weaver,1,Dsk Weaver
Dub-M-Policeman,1,Dub M Policeman
Dublin D.M. Police-Pensioner,1,Dublin D.M. Police Pensioner
Dublin Metropolitan Police-Constable,1,Dublin Metropolitan Police Constable
Duffer (Half Timer,1,Duffer Half Timer
Dye and Finishing Works (Manager),1,Dye and Finishing Works Manager
Dye Works-Opertive,1,Dye Works Opertive
Dye-Factory Worker,1,Dye Factory Worker
Dye-House-Hand,1,Dye House Hand
Dyer (Apprentice),1,Dyer Apprentice
Dyer (Cloth),1,Dyer Cloth
Dyer - Manager,1,Dyer Manager
Dyer and Finisher-Master,1,Dyer and Finisher Master
Dyer in Dye-Works,1,Dyer in Dye Works
Dyer-Master,1,Dyer Master
Dyer-Wool,1,Dyer Wool
Dyer-Works,1,Dyer Works
E-x H.C. R.I.C.,1,E x H.C. R.I.C.
Earl's Daughter (Lady),1,Earl's Daughter Lady
East-Job Tram Way Cond,1,East Job Tram Way Cond
Ed - Steward,1,Ed Steward
Egg - Dealer,1,Egg Dealer
Egg - Packer,1,Egg Packer
Egg Dealer-Retired,1,Egg Dealer Retired
Egg-Buyer,1,Egg Buyer
EIC Police (Man),1,EIC Police Man
Elector-Motor Attendant Labourer,1,Elector Motor Attendant Labourer
Electra-Plater,1,Electra Plater
Electric Motor-man D K Tramary Co y,1,Electric Motor man D K Tramary Co y
Electric Tram-Conductor,1,Electric Tram Conductor
Electric Tram-Motorman,1,Electric Tram Motorman
Electrical Engineer ( A I E E ),1,Electrical Engineer A I E E
Electrical Engineer (Contract Superintendent),1,Electrical Engineer Contract Superintendent
Electrical Engineer (Superentendant),1,Electrical Engineer Superentendant
Electrical Engineer (Telephone),1,Electrical Engineer Telephone
Electrical Engineer - Master,1,Electrical Engineer Master
Electrical Wire-Man,1,Electrical Wire Man
Electrician (Unemployed),1,Electrician Unemployed
Electrician (Working),1,Electrician Working
Electrician-Telephone,1,Electrician Telephone
Electro-Plate Polisher,1,Electro Plate Polisher
Eletrician (Factory),1,Eletrician Factory
Embdy Printer Lenin Trade-Women,1,Embdy Printer Lenin Trade Women
Embroiderer-Master,1,Embroiderer Master
Employed at D. Clothy (Factory),1,Employed at D. Clothy Factory
Employed at Home (Housekeeping),1,Employed at Home Housekeeping
Employed in Chemist-Shop,1,Employed in Chemist Shop
Employed in Cutter Factory (No Calling),1,Employed in Cutter Factory No Calling
Employed-Farmer's Daughter,1,Employed Farmer's Daughter
Employed-Housework,1,Employed Housework
Employed. Pattern-Maker,1,Employed. Pattern Maker
Employee (Uranium Factory),1,Employee Uranium Factory
"Enalyst, Bsc (London)",1,"Enalyst, Bsc London"
Engaged in House-Work,1,Engaged in House Work
Engere (Electric),1,Engere Electric
Engin Driver (Coal Miner),1,Engin Driver Coal Miner
Engin Driver (Electric),1,Engin Driver Electric
Engin Driver (in Spinning Mill),1,Engin Driver in Spinning Mill
Engin Driver (of Steam Cranes),1,Engin Driver of Steam Cranes
Engin Fitter-at Works,1,Engin Fitter at Works
Engine - Driver at Works,1,Engine Driver at Works
Engine - Driver Creamery,1,Engine Driver Creamery
Engine - Fitter Unemployed (ill),1,Engine Fitter Unemployed ill
Engine Cleaner (G S W Ry Co),1,Engine Cleaner G S W Ry Co
Engine Driver (Builders Works),1,Engine Driver Builders Works
Engine Driver (Coal Mine),1,Engine Driver Coal Mine
Engine Driver (Coal Miner),1,Engine Driver Coal Miner
Engine Driver (Electricity),1,Engine Driver Electricity
Engine Driver (G.N.R.Co.I),1,Engine Driver G.N.R.Co.I
Engine Driver (Gas E.),1,Engine Driver Gas E.
Engine Driver (In Mill),1,Engine Driver In Mill
Engine Driver (in Paper Mill),1,Engine Driver in Paper Mill
Engine Driver (Paper Mill),1,Engine Driver Paper Mill
Engine Driver (R),1,Engine Driver R
Engine Driver (Saw-Mill),1,Engine Driver Saw Mill
Engine Driver (Stationary),1,Engine Driver Stationary
Engine Driver (Stationery),1,Engine Driver Stationery
Engine Driver (Stationor),1,Engine Driver Stationor
Engine Driver (Steam Launch),1,Engine Driver Steam Launch
Engine Driver (Traction),1,Engine Driver Traction
Engine Driver (Unemployed),1,Engine Driver Unemployed
Engine Driver - Railway,1,Engine Driver Railway
Engine Driver at Butter (Factory),1,Engine Driver at Butter Factory
Engine Driver at Co-Operative Creamery,1,Engine Driver at Co Operative Creamery
Engine Driver in Electricl - Tram Compy,1,Engine Driver in Electricl Tram Compy
Engine Driver-(Creamery),1,Engine Driver Creamery
Engine Driver-Retired,1,Engine Driver Retired
Engine Driver-Unemployed,1,Engine Driver Unemployed
Engine E Joiner (Apprentice),1,Engine E Joiner Apprentice
Engine Fireman (Corn Mill),1,Engine Fireman Corn Mill
Engine Fireman on Steamer Sea-Farmg,1,Engine Fireman on Steamer Sea Farmg
Engine Fiter (Apprentice),1,Engine Fiter Apprentice
Engine Fitter (App),1,Engine Fitter App
Engine Fitter (Apprentice),1,Engine Fitter Apprentice
Engine Fitter (Appt),1,Engine Fitter Appt
Engine Fitter (Not Employed),1,Engine Fitter Not Employed
Engine Fitter - at Works,1,Engine Fitter at Works
Engine Fitter and Turner (Unemployed),1,Engine Fitter and Turner Unemployed
Engine Fitter at Works Paper Mill (Unemployed),1,Engine Fitter at Works Paper Mill Unemployed
Engine Fitter in Works (Master),1,Engine Fitter in Works Master
Engine Fitter-at Works,1,Engine Fitter at Works
Engine Fitter-Unemployed,1,Engine Fitter Unemployed
Engine Fitter-Works,1,Engine Fitter Works
Engine Fitters - Apprentice,1,Engine Fitters Apprentice
Engine Land Fire-Man in Dye Works,1,Engine Land Fire Man in Dye Works
Engine Pattern-Maker,1,Engine Pattern Maker
Engine Tuber (L),1,Engine Tuber L
Engine-Cleaner,1,Engine Cleaner
Engine-Driver (At Works),1,Engine Driver At Works
Engine-Driver at a Butter-Factory,1,Engine Driver at a Butter Factory
Engine-Driver at Stian Saw Mill,1,Engine Driver at Stian Saw Mill
Engine-Driver in Factory,1,Engine Driver in Factory
Engine-Driver in Printing Works,1,Engine Driver in Printing Works
"Engine-Driver, Linen May",1,"Engine Driver, Linen May"
Engine-Fitter Apprentice,1,Engine Fitter Apprentice
Engine-Fitter at Works,1,Engine Fitter at Works
Engine-Fitter in Brewery,1,Engine Fitter in Brewery
Engine-man,1,Engine man
Engine-man in Brewery,1,Engine man in Brewery
Engine-Room Artificer,1,Engine Room Artificer
Engine-Seaman,1,Engine Seaman
Engine-Work Driller,1,Engine Work Driller
Engineer (Chargeman of Fitters),1,Engineer Chargeman of Fitters
Engineer (Electrical),1,Engineer Electrical
Engineer (Engine Fitter at Works),1,Engineer Engine Fitter at Works
Engineer (Engine Fitter),1,Engineer Engine Fitter
Engineer (Factory),1,Engineer Factory
Engineer (Filler),1,Engineer Filler
Engineer (Fitter at Works),1,Engineer Fitter at Works
Engineer (Hot Water),1,Engineer Hot Water
Engineer (Iron Foundry),1,Engineer Iron Foundry
Engineer (Married),1,Engineer Married
Engineer (Mechanic),1,Engineer Mechanic
Engineer (Milkmaid),1,Engineer Milkmaid
Engineer (Ship),1,Engineer Ship
Engineer (Shipyard),1,Engineer Shipyard
Engineer - Engine Fitter at Works,1,Engineer Engine Fitter at Works
Engineer - Mariner,1,Engineer Mariner
Engineer - Master,1,Engineer Master
Engineer and Inspector Public Works Dept-Ireland,1,Engineer and Inspector Public Works Dept Ireland
Engineer and Iron Founder (Master),1,Engineer and Iron Founder Master
Engineer Assistant (Brewery),1,Engineer Assistant Brewery
Engineer Bd. of Works (T),1,Engineer Bd. of Works T
Engineer Fitter (Unemployed at Works),1,Engineer Fitter Unemployed at Works
Engineer Fitter - Ship Yard,1,Engineer Fitter Ship Yard
Engineer in Foundry (Turner),1,Engineer in Foundry Turner
Engineer R.N.R. (Active List) Engineer; Marine ? and Consultancy,1,Engineer R.N.R. Active List Engineer; Marine ? and Consultancy
Engineer's Clerk (Civil),1,Engineer's Clerk Civil
Engineer's-Boy,1,Engineer's Boy
Engineer-Assistant Co Surveyor,1,Engineer Assistant Co Surveyor
Engineer-Civil,1,Engineer Civil
Engineer-Draughtsman,1,Engineer Draughtsman
Engineer-Engine Fitter at Works,1,Engineer Engine Fitter at Works
Engineer-Foreman,1,Engineer Foreman
Engineer-Machine Man,1,Engineer Machine Man
Engineer-Master,1,Engineer Master
Engineer-Newspaper,1,Engineer Newspaper
Engineer-Retired,1,Engineer Retired
Engineer-Steam Ship Unemployed,1,Engineer Steam Ship Unemployed
Engineer-Steamvessel,1,Engineer Steamvessel
Engineering Apprentice (National Telephonet),1,Engineering Apprentice National Telephonet
Engineering Student (Marine),1,Engineering Student Marine
Engineering Works-Carner,1,Engineering Works Carner
Engineering Works-Manager,1,Engineering Works Manager
Enginer (Civil),1,Enginer Civil
English Teacher (Private),1,English Teacher Private
Engraver (General),1,Engraver General
Engraver (Silver and Gold),1,Engraver Silver and Gold
Engraver-Master,1,Engraver Master
Ennwarthy D. Asylum Matron (Trained Nurse),1,Ennwarthy D. Asylum Matron Trained Nurse
Entertainment-House - Keeper,1,Entertainment House Keeper
Envlope - Maker,1,Envlope Maker
Eo-Hm Customs,1,Eo Hm Customs
Er D.I.R.I.C. (No Occupation),1,Er D.I.R.I.C. No Occupation
Errand boy-Dom Servant,1,Errand boy Dom Servant
Errand Boy-Unemplayed,1,Errand Boy Unemplayed
Established First Class Writer (Civil Service),1,Established First Class Writer Civil Service
Established Town-Postman,1,Established Town Postman
Evangelist (Methodist),1,Evangelist Methodist
Evicted - Tenant,1,Evicted Tenant
Evicted-Tenant Supported by Land League Funds,1,Evicted Tenant Supported by Land League Funds
Ex (D) Sergt R.I.C,1,Ex D Sergt R.I.C
Ex - Constable R I C,1,Ex Constable R I C
Ex - H C R I C Grocer and Spirit Dealer,1,Ex H C R I C Grocer and Spirit Dealer
Ex - Hd Const R I C Pensioner,1,Ex Hd Const R I C Pensioner
Ex - Natl Teacher,1,Ex Natl Teacher
Ex - Police Constable,1,Ex Police Constable
Ex - Policeman,1,Ex Policeman
Ex - Schoolmistress,1,Ex Schoolmistress
Ex - Soldier Unemployed,1,Ex Soldier Unemployed
Ex Army Pensioner (27 Foot),1,Ex Army Pensioner 27 Foot
Ex Army Pensioner (53 Foot),1,Ex Army Pensioner 53 Foot
Ex Chipt in Charger of Coast (Guard),1,Ex Chipt in Charger of Coast Guard
Ex Coast - Guard,1,Ex Coast Guard
Ex Const R.I.C (Pensioner),1,Ex Const R.I.C Pensioner
Ex Constable R.I.C-Pensioner,1,Ex Constable R.I.C Pensioner
Ex D.I.R.I. Constably (Retired),1,Ex D.I.R.I. Constably Retired
Ex Hd Con R.I.C. (Superannuity),1,Ex Hd Con R.I.C. Superannuity
Ex Hd Const R.I.C (Pensioner) and Pawn Broker Manager,1,Ex Hd Const R.I.C Pensioner and Pawn Broker Manager
Ex Hd-Con R.I.C,1,Ex Hd Con R.I.C
Ex Hd. Con Ric - Commercial Agent Tea Sugar and Whiskey Chairman Town Commissn,1,Ex Hd. Con Ric Commercial Agent Tea Sugar and Whiskey Chairman Town Commissn
Ex Head Const-R. I. C and Farmer,1,Ex Head Const R. I. C and Farmer
Ex Head Constables (R.I.C) Widow-Interest of Money,1,Ex Head Constables R.I.C Widow Interest of Money
Ex Jailor-General Labourer,1,Ex Jailor General Labourer
Ex Mariner-No Occupation,1,Ex Mariner No Occupation
Ex Mercantile Marine (Officer) and Superintendant of Sheils Institution Stillorgan,1,Ex Mercantile Marine Officer and Superintendant of Sheils Institution Stillorgan
Ex N Teacher (Pensioner),1,Ex N Teacher Pensioner
Ex N Teacher-Unemployed,1,Ex N Teacher Unemployed
Ex Nat School Teacher (Pensioner),1,Ex Nat School Teacher Pensioner
Ex Nat Teacher (Pensioner),1,Ex Nat Teacher Pensioner
Ex Nat Teacher (Pensioners),1,Ex Nat Teacher Pensioners
Ex National School Teacher (Pensioner),1,Ex National School Teacher Pensioner
Ex Police (RIC) Pensioner,1,Ex Police RIC Pensioner
Ex Police-Constable,1,Ex Police Constable
Ex Policeman (Pensioner),1,Ex Policeman Pensioner
Ex Post-man,1,Ex Post man
Ex School-Master,1,Ex School Master
Ex Sergt (M) R I C,1,Ex Sergt M R I C
Ex Sergt Major R F A (Stone Dreller) Pensioner,1,Ex Sergt Major R F A Stone Dreller Pensioner
Ex Sergt of R.I.Constabulary (Pensioned),1,Ex Sergt of R.I.Constabulary Pensioned
Ex Sergt R I C (Pensioner),1,Ex Sergt R I C Pensioner
Ex Sergt R I C and Sub. Post-Master,1,Ex Sergt R I C and Sub. Post Master
Ex Sergt R. I. C (Pensioner),1,Ex Sergt R. I. C Pensioner
Ex Sergt-R I C,1,Ex Sergt R I C
Ex Sergt. R.I. Consty. (Pensioner),1,Ex Sergt. R.I. Consty. Pensioner
Ex Solidier Shoe Maker (Wounded S Africa),1,Ex Solidier Shoe Maker Wounded S Africa
Ex Sqt R.I.C.-Pensioner,1,Ex Sqt R.I.C. Pensioner
Ex Stn Sergt D M Police (Pensioner),1,Ex Stn Sergt D M Police Pensioner
Ex Teacher (M.S.),1,Ex Teacher M.S.
Ex Warrant-Officer R. N.,1,Ex Warrant Officer R. N.
Ex- H Const. R. I. C.,1,Ex H Const. R. I. C.
Ex- Policeman,1,Ex Policeman
Ex- School Teacher,1,Ex School Teacher
Ex- Soldier,1,Ex Soldier
Ex-Asylum Attendant,1,Ex Asylum Attendant
Ex-Band Master R I R,1,Ex Band Master R I R
Ex-Bk Manager,1,Ex Bk Manager
Ex-Cattier,1,Ex Cattier
Ex-Coastguard,1,Ex Coastguard
Ex-Constable R. I. C,1,Ex Constable R. I. C
Ex-Constable R.I.C.,1,Ex Constable R.I.C.
Ex-Engineir (Steam),1,Ex Engineir Steam
Ex-Grocer,1,Ex Grocer
Ex-Hd Con R.I.C. Solrs Clerk and Tobacconist,1,Ex Hd Con R.I.C. Solrs Clerk and Tobacconist
Ex-Head Const R.I.C,1,Ex Head Const R.I.C
Ex-Inspector and Nal. School,1,Ex Inspector and Nal. School
ex-Inspector of National Schools,1,ex Inspector of National Schools
Ex-Land Steward,1,Ex Land Steward
Ex-Monitor,1,Ex Monitor
Ex-Monitress,1,Ex Monitress
Ex-Monitress Studying for Training College,1,Ex Monitress Studying for Training College
Ex-N S Teacher,1,Ex N S Teacher
"Ex-Nat, Teacher",1,"Ex Nat, Teacher"
Ex-Nat. Sch. Teacher,1,Ex Nat. Sch. Teacher
Ex-Nat. Teacher (Also Occupier of Land),1,Ex Nat. Teacher Also Occupier of Land
Ex-Nat. Teacher and Farmer,1,Ex Nat. Teacher and Farmer
"Ex-National Teacher and Farmer Registrar of Births, Deaths and Managers",1,"Ex National Teacher and Farmer Registrar of Births, Deaths and Managers"
Ex-Natl School Teacher,1,Ex Natl School Teacher
Ex-Natl Teacher Pensioner,1,Ex Natl Teacher Pensioner
Ex-Natl-Teacher,1,Ex Natl Teacher
Ex-Officer of Inland Revanue,1,Ex Officer of Inland Revanue
Ex-Pilot,1,Ex Pilot
Ex-Policeman R.I.C,1,Ex Policeman R.I.C
Ex-Postman,1,Ex Postman
Ex-Private S Wales Boarders Pensioner Infantry,1,Ex Private S Wales Boarders Pensioner Infantry
Ex-R I C Constable,1,Ex R I C Constable
Ex-Railway Clerk,1,Ex Railway Clerk
Ex-Rector,1,Ex Rector
Ex-Relieving Officer,1,Ex Relieving Officer
Ex-Schoolmistress,1,Ex Schoolmistress
Ex-Sergeant of Police,1,Ex Sergeant of Police
"Ex-Sergeant Pensioner, R.I.C",1,"Ex Sergeant Pensioner, R.I.C"
Ex-Sergeant R.I. Constabulary-on Pension,1,Ex Sergeant R.I. Constabulary on Pension
Ex-Sergeant R.I.C and Insurance Agent,1,Ex Sergeant R.I.C and Insurance Agent
Ex-Sergeant Royal Irish Constabulary and Farmer,1,Ex Sergeant Royal Irish Constabulary and Farmer
Ex-Sergeant's Son,1,Ex Sergeant's Son
Ex-Sergt R. I. Consty. On Revision of Fishery Superintendent,1,Ex Sergt R. I. Consty. On Revision of Fishery Superintendent
Ex-Sergt R.I.C Pensioner,1,Ex Sergt R.I.C Pensioner
Ex-Sgt. R.I.C.,1,Ex Sgt. R.I.C.
Ex-Shop Keeper,1,Ex Shop Keeper
Ex-Soldier-Not Employed,1,Ex Soldier Not Employed
Ex-Teacher (N.S.),1,Ex Teacher N.S.
Ex-Teacher (Pensioner) Surveyor Carpenter Farmer,1,Ex Teacher Pensioner Surveyor Carpenter Farmer
Ex-Teacher and Sub-Postmistress,1,Ex Teacher and Sub Postmistress
Ex-Teacher N. S,1,Ex Teacher N. S
Ex-Teacher N.S.,1,Ex Teacher N.S.
Ex-Teacher Pensioner,1,Ex Teacher Pensioner
Ex-Teacher's Daughter,1,Ex Teacher's Daughter
Ex. Con R I C-Pensioned,1,Ex. Con R I C Pensioned
Ex. Constable R. I. Constabulary (on Pension),1,Ex. Constable R. I. Constabulary on Pension
Ex. N. Teacher (Pensr.),1,Ex. N. Teacher Pensr.
Ex. Nat. Teacher (Pensioner),1,Ex. Nat. Teacher Pensioner
Ex. Natl-Teacher,1,Ex. Natl Teacher
Ex. NC. RIC-Farmer,1,Ex. NC. RIC Farmer
Ex. Segt. R.I.C (Pensioner),1,Ex. Segt. R.I.C Pensioner
Ex. Sergt. R.I.C.-Pensioner,1,Ex. Sergt. R.I.C. Pensioner
Ex. Teacher and (Farmer),1,Ex. Teacher and Farmer
Ex.-Police Constable,1,Ex. Police Constable
Ex.-Teacher and Postmistress and Farmer,1,Ex. Teacher and Postmistress and Farmer
Ex.II.C. Major R.J.Constabulary and (Pensioner),1,Ex.II.C. Major R.J.Constabulary and Pensioner
Examiner (Ordnance Survey),1,Examiner Ordnance Survey
Examiner-Linen Work,1,Examiner Linen Work
Examiners of (Linen),1,Examiners of Linen
Examming Offier- Customs,1,Examming Offier Customs
Excise Officer (Retired),1,Excise Officer Retired
Excise Officers (1st Class) Ireland Revenue Department,1,Excise Officers 1st Class Ireland Revenue Department
Exciss Officer (1st Class),1,Exciss Officer 1st Class
Exploring Work Manager (unemployed),1,Exploring Work Manager unemployed
Export Merchant (Linen),1,Export Merchant Linen
F - Son's,1,F Son's
F Cloth-Pinner,1,F Cloth Pinner
F Daughter (Scholar),1,F Daughter Scholar
F Servant - Domestic,1,F Servant Domestic
F-Grandaughter,1,F Grandaughter
F-Sister,1,F Sister
F. Servant-Herd,1,F. Servant Herd
Fa-Son,1,Fa Son
Fachts-Man Sailor,1,Fachts Man Sailor
Factor (Linen Factory),1,Factor Linen Factory
Factor Hand - Cremery,1,Factor Hand Cremery
Factory (At Smoothing),1,Factory At Smoothing
Factory (Cutter),1,Factory Cutter
Factory (Drawer in),1,Factory Drawer in
Factory (Fresher) Woman,1,Factory Fresher Woman
Factory (Linen) Machanic,1,Factory Linen Machanic
Factory (Pancker),1,Factory Pancker
Factory (Shirt Maker),1,Factory Shirt Maker
Factory (Twinns),1,Factory Twinns
Factory (Wood Turning) Labourer,1,Factory Wood Turning Labourer
Factory - Girl,1,Factory Girl
Factory - Hand,1,Factory Hand
Factory - Hand - Creamery,1,Factory Hand Creamery
Factory - Machinist,1,Factory Machinist
Factory - Manager - Oil,1,Factory Manager Oil
Factory - Worker,1,Factory Worker
Factory Boy (Linen),1,Factory Boy Linen
Factory Clerk (Linen),1,Factory Clerk Linen
Factory Drawer-in,1,Factory Drawer in
Factory Engine-Man,1,Factory Engine Man
Factory Girl (Boot),1,Factory Girl Boot
Factory Girl (Mill,1,Factory Girl Mill
Factory Girl (Mill),1,Factory Girl Mill
Factory Girl (Servant),1,Factory Girl Servant
Factory Girl (Shirts),1,Factory Girl Shirts
Factory Girl-Creamery,1,Factory Girl Creamery
Factory Girl-Machinest,1,Factory Girl Machinest
Factory Girl-Machinist,1,Factory Girl Machinist
Factory Girl-Shirt,1,Factory Girl Shirt
Factory Girl-Solderer,1,Factory Girl Solderer
Factory Girl-Tester,1,Factory Girl Tester
Factory Girl-Turner Out,1,Factory Girl Turner Out
Factory Half-Time Labourer and Scholar,1,Factory Half Time Labourer and Scholar
Factory Hand (Linen Weaver),1,Factory Hand Linen Weaver
Factory Hand (Ordinary Work),1,Factory Hand Ordinary Work
Factory Hand (Sewing),1,Factory Hand Sewing
Factory Hand (Winder),1,Factory Hand Winder
Factory Hand - Creamery,1,Factory Hand Creamery
Factory hand - Glossing Machine,1,Factory hand Glossing Machine
Factory Hand-Jam and Sweets,1,Factory Hand Jam and Sweets
Factory Hand-Laundry,1,Factory Hand Laundry
Factory Hand-Turner Asst,1,Factory Hand Turner Asst
Factory Labourer (Match),1,Factory Labourer Match
Factory Labourer - General,1,Factory Labourer General
Factory Land - Maker of Explosives,1,Factory Land Maker of Explosives
Factory Linen-Weaver,1,Factory Linen Weaver
Factory Manager (Auakd Waters),1,Factory Manager Auakd Waters
Factory Manager (Carpet),1,Factory Manager Carpet
Factory Manager (Linen),1,Factory Manager Linen
Factory Mechanic (Apprentice),1,Factory Mechanic Apprentice
Factory Operator (Ordway Work),1,Factory Operator Ordway Work
Factory Operator (Weaver),1,Factory Operator Weaver
Factory Operator (Wool Sorter),1,Factory Operator Wool Sorter
Factory Overlooker (Winding Dept),1,Factory Overlooker Winding Dept
Factory Winder (Yarn),1,Factory Winder Yarn
Factory Woman-Finisher,1,Factory Woman Finisher
Factory Worker (Drawer In),1,Factory Worker Drawer In
Factory Worker (Drawer),1,Factory Worker Drawer
Factory Worker (Linen Spinner),1,Factory Worker Linen Spinner
Factory Worker (Linen),1,Factory Worker Linen
Factory Worker - Sewer,1,Factory Worker Sewer
Factory Worker Linnen (Spinner),1,Factory Worker Linnen Spinner
Factory Worker Wool-Picker,1,Factory Worker Wool Picker
Factory Worker-Collar,1,Factory Worker Collar
Factory Worker-Collare,1,Factory Worker Collare
Factory Worker-Hackler,1,Factory Worker Hackler
Factory Worker-Repairs,1,Factory Worker Repairs
Factory Worker-Turner Out,1,Factory Worker Turner Out
Factory Worker-Winder,1,Factory Worker Winder
Factory Works-Button Hole Cutter,1,Factory Works Button Hole Cutter
Factory Works-Patent Turner,1,Factory Works Patent Turner
Factory-Clipping,1,Factory Clipping
Factory-Creamery,1,Factory Creamery
Factory-Employe,1,Factory Employe
Factory-Front Maker,1,Factory Front Maker
Factory-Hand (Weaver),1,Factory Hand Weaver
Factory-Hand-Creamery,1,Factory Hand Creamery
Factory-Labourer,1,Factory Labourer
Factory-Land in Bottling Store,1,Factory Land in Bottling Store
Factory-Patent Turner,1,Factory Patent Turner
Factory-Shirt,1,Factory Shirt
Factory-Stamper,1,Factory Stamper
Factory-Woman,1,Factory Woman
Factoryhand-Laundry,1,Factoryhand Laundry
Fan Maker-Appre,1,Fan Maker Appre
Fancy (Shop),1,Fancy Shop
Fancy Box - Cutter,1,Fancy Box Cutter
Fancy Box and Show Case Manufacturer - Master,1,Fancy Box and Show Case Manufacturer Master
Fancy box-Maker,1,Fancy box Maker
Fancy Box-Maker in Workshop,1,Fancy Box Maker in Workshop
Fancy Good Merchant (Master),1,Fancy Good Merchant Master
Fancy Goods (Apprentice),1,Fancy Goods Apprentice
Fancy Shop-Keeper,1,Fancy Shop Keeper
Fancy-Box Manufacturer,1,Fancy Box Manufacturer
Fancy-Linnen Works,1,Fancy Linnen Works
Fancy-Stitcher,1,Fancy Stitcher
Farm - Domestic Servant,1,Farm Domestic Servant
Farm - Lab,1,Farm Lab
Farm - Labour,1,Farm Labour
Farm and Private Labourer R I R (M),1,Farm and Private Labourer R I R M
Farm Domestic-Servant,1,Farm Domestic Servant
Farm Driver Motor-Man,1,Farm Driver Motor Man
Farm General Servant - Dom,1,Farm General Servant Dom
Farm General Servant-Domestic,1,Farm General Servant Domestic
Farm House - Keeper,1,Farm House Keeper
Farm Labourer (Domestic),1,Farm Labourer Domestic
Farm Labourer (Farm),1,Farm Labourer Farm
Farm Labourer (General),1,Farm Labourer General
Farm Labourer (Home),1,Farm Labourer Home
Farm Labourer (home),1,Farm Labourer home
Farm Labourer (In Garden),1,Farm Labourer In Garden
Farm Labourer (Retired),1,Farm Labourer Retired
Farm Labourer - Domestic,1,Farm Labourer Domestic
Farm Labourer-Agricultural,1,Farm Labourer Agricultural
Farm Labourer-Domestic Servant,1,Farm Labourer Domestic Servant
Farm Labourer-Domestic Servt,1,Farm Labourer Domestic Servt
Farm Labourer-General,1,Farm Labourer General
Farm Labourer-on Outdoor Relief,1,Farm Labourer on Outdoor Relief
Farm Labourer-Outdoor,1,Farm Labourer Outdoor
Farm Labourer-Servant,1,Farm Labourer Servant
Farm Servan (Domestic),1,Farm Servan Domestic
Farm Servant (Dairy Woman),1,Farm Servant Dairy Woman
Farm Servant (Domestic,1,Farm Servant Domestic
Farm Servant (Herd),1,Farm Servant Herd
Farm Servant (Not Employed),1,Farm Servant Not Employed
Farm Servant (Out of Employment),1,Farm Servant Out of Employment
Farm Servant (Retired),1,Farm Servant Retired
Farm Servant (Visiting),1,Farm Servant Visiting
Farm Servant Agricultural-Labourer,1,Farm Servant Agricultural Labourer
Farm Servant and Gardener-Domestic Servant,1,Farm Servant and Gardener Domestic Servant
Farm Servant Herd-Boy,1,Farm Servant Herd Boy
Farm Servant-(Domestic,1,Farm Servant Domestic
Farm Servant-Boy,1,Farm Servant Boy
Farm Servant-Dom,1,Farm Servant Dom
Farm Servant-Housekeeper,1,Farm Servant Housekeeper
Farm Servant-Labourer,1,Farm Servant Labourer
Farm Servant-Not Employd,1,Farm Servant Not Employd
Farm Servant-Not-Employd,1,Farm Servant Not Employd
Farm Servant-Unempld,1,Farm Servant Unempld
Farm Servants-Domestic,1,Farm Servants Domestic
Farm Servt (Domestic),1,Farm Servt Domestic
Farm Servt-Dom,1,Farm Servt Dom
Farm Winder - in Mill,1,Farm Winder in Mill
Farm-Boy Domestic,1,Farm Boy Domestic
Farm-Hand,1,Farm Hand
Farm-Holder,1,Farm Holder
Farm-Labourer and Road Contractor,1,Farm Labourer and Road Contractor
Farm-Mistress,1,Farm Mistress
Farm-Mother in Law,1,Farm Mother in Law
Farm-Owner,1,Farm Owner
Farm-Serant,1,Farm Serant
Farm-Servant Dom,1,Farm Servant Dom
Farm-Servant Labourer,1,Farm Servant Labourer
Farm-Servants Wife,1,Farm Servants Wife
Farm-Servt,1,Farm Servant
Farm-Servt.,1,Farm Servt.
Farm-Son,1,Farm Son
Farmer (B.A. Ph. D),1,Farmer B.A. Ph. D
Farmer (Balliff,1,Farmer Balliff
Farmer (Clerk of F Simon),1,Farmer Clerk of F Simon
Farmer (Cottier),1,Farmer Cottier
Farmer (Dococ),1,Farmer Dococ
Farmer (Ex N T),1,Farmer Ex N T
Farmer (Ex),1,Farmer Ex
Farmer (HC),1,Farmer HC
Farmer (In British Columbia),1,Farmer In British Columbia
Farmer (J.P.),1,Farmer J.P.
Farmer (Retires),1,Farmer Retires
Farmer (Shop Grocer),1,Farmer Shop Grocer
Farmer (Sister),1,Farmer Sister
Farmer (Small) and Shoe Maker,1,Farmer Small and Shoe Maker
Farmer (Under Grad. R. U. I),1,Farmer Under Grad. R. U. I
Farmer (Unemployed),1,Farmer Unemployed
Farmer - Living on Interest of Money,1,Farmer Living on Interest of Money
Farmer - Retired Super Annuated Provincial Clerk and ? and ?thing and Telegraph G.P.O,1,Farmer Retired Super Annuated Provincial Clerk and ? and ?thing and Telegraph G.P.O
Farmer - Son,1,Farmer's Son
Farmer - Trainer Horse,1,Farmer Trainer Horse
Farmer - Wife,1,Farmer Wife
Farmer a Miner (Irom Ore),1,Farmer a Miner Irom Ore
Farmer and (Clerk of Petty Sessions,1,Farmer and Clerk of Petty Sessions
Farmer and (Rate Collector),1,Farmer and Rate Collector
Farmer and (Road Contrator),1,Farmer and Road Contrator
Farmer and (Road Maker),1,Farmer and Road Maker
Farmer and ? (China),1,Farmer and ? China
Farmer and Army (Pensioner Royal Artillery),1,Farmer and Army Pensioner Royal Artillery
Farmer and Army Pensioner (8 Foot Regmt),1,Farmer and Army Pensioner 8 Foot Regmt
Farmer and Army Pensioner (86 Ligt Infantry),1,Farmer and Army Pensioner 86 Ligt Infantry
Farmer and Artisan Slater-Plasterer,1,Farmer and Artisan Slater Plasterer
Farmer and Black - Smith,1,Farmer and Black Smith
Farmer and Black Smith (Retired),1,Farmer and Black Smith Retired
Farmer and Blacksmith (Retired),1,Farmer and Blacksmith Retired
Farmer and Boat-Man,1,Farmer and Boat Man
Farmer and Brick-Maker,1,Farmer and Brick Maker
Farmer and Brick-Yard Labourer,1,Farmer and Brick Yard Labourer
Farmer and Business Manager (In Seed and Implement trade),1,Farmer and Business Manager In Seed and Implement trade
Farmer and Cattle-Dealer,1,Farmer and Cattle Dealer
Farmer and Dress - Maker,1,Farmer and Dress Maker
Farmer and Eag-Dealer,1,Farmer and Eag Dealer
Farmer and Ex Const. R.I.C. (R.I.C.Pensioner),1,Farmer and Ex Const. R.I.C. R.I.C.Pensioner
Farmer and Ex Sergt. R.I.C. (Superannuated),1,Farmer and Ex Sergt. R.I.C. Superannuated
Farmer and Ex-Natl Teacher,1,Farmer and Ex Natl Teacher
Farmer and Ex-Teacher Pensioner,1,Farmer and Ex Teacher Pensioner
Farmer and Fisherman House-holder,1,Farmer and Fisherman House holder
Farmer and Fowl-Dealer,1,Farmer and Fowl Dealer
Farmer and Game - Keeper,1,Farmer and Game Keeper
Farmer and Game-Keeper,1,Farmer and Game Keeper
Farmer and General - Servant Domestic,1,Farmer and General Servant Domestic
Farmer and Genl Servant-Domestic,1,Farmer and Genl Servant Domestic
Farmer and Grocer-Groceries,1,Farmer and Grocer Groceries
Farmer and Grocer-Pensioner from R.I.C,1,Farmer and Grocer Pensioner from R.I.C
Farmer and H-Keeper,1,Farmer and H Keeper
Farmer and Harness-Maker,1,Farmer and Harness Maker
Farmer and Horse-Dealer,1,Farmer and Horse Dealer
Farmer and Horse-Shoer,1,Farmer and Horse Shoer
Farmer and Land-Agent,1,Farmer and Land Agent
Farmer and Letter-Carrier,1,Farmer and Letter Carrier
Farmer and Lock-Keeper on Canal,1,Farmer and Lock Keeper on Canal
Farmer and Mason (Stone),1,Farmer and Mason Stone
Farmer and Mason-Master,1,Farmer and Mason Master
Farmer and Mill-Owner,1,Farmer and Mill Owner
Farmer and Mill-Wright,1,Farmer and Mill Wright
Farmer and Miller (Corn),1,Farmer and Miller Corn
Farmer and Pensioner (Civil Service),1,Farmer and Pensioner Civil Service
Farmer and Pensioner (of the R I Constly),1,Farmer and Pensioner of the R I Constly
Farmer and Pensioner (R I C),1,Farmer and Pensioner R I C
Farmer and Pork-Butcher,1,Farmer and Pork Butcher
Farmer and Post-Master,1,Farmer and Post Master
Farmer and Rent-Agent,1,Farmer and Rent Agent
Farmer and Road-Contracter,1,Farmer and Road Contracter
Farmer and Ry. Miles-Man,1,Farmer and Ry. Miles Man
Farmer and Shoemaker-Master,1,Farmer and Shoemaker Master
Farmer and Shop (Grocer),1,Farmer and Shop Grocer
Farmer and Shop - Keeper,1,Farmer and Shop Keeper
Farmer and Shop Keeper (Grocer),1,Farmer and Shop Keeper Grocer
Farmer and Shop Keeper (Whisky and Grocery),1,Farmer and Shop Keeper Whisky and Grocery
Farmer and Shopkeeper (Grocer),1,Farmer and Shopkeeper Grocer
Farmer and Shopkeeper-Grocer,1,Farmer and Shopkeeper Grocer
Farmer and Spirit-Merchant,1,Farmer and Spirit Merchant
Farmer and Stationary Fire-Man,1,Farmer and Stationary Fire Man
Farmer and Stone-Cutter,1,Farmer and Stone Cutter
Farmer and Stuccs-Man,1,Farmer and Stuccs Man
Farmer and Sub-Post Mistress,1,Farmer and Sub Post Mistress
Farmer and Sub-Postmaster and Shop Keeper,1,Farmer and Sub Postmaster and Shop Keeper
Farmer and Supd Officer Civil Service (Excise Branch),1,Farmer and Supd Officer Civil Service Excise Branch
Farmer and Surface Man on Roads (Public),1,Farmer and Surface Man on Roads Public
Farmer and Weaver-Wool,1,Farmer and Weaver Wool
Farmer and-School Attendance Officer,1,Farmer and School Attendance Officer
Farmer Carpenter-Master,1,Farmer Carpenter Master
Farmer D C (District Councillor),1,Farmer D C District Councillor
Farmer Domestic Servant-Pensioned by Late Master,1,Farmer Domestic Servant Pensioned by Late Master
Farmer Farmeres-Son,1,Farmer Farmeres Son
Farmer Holds Land in Tublarne? Bally ?anew Sub-Dist,1,Farmer Holds Land in Tublarne? Bally ?anew Sub Dist
Farmer House-Keeper,1,Farmer House Keeper
Farmer in Linen Factory (Sow),1,Farmer in Linen Factory Sow
Farmer Insurance Agent Retired Insp-D. M. P,1,Farmer Insurance Agent Retired Insp D. M. P
Farmer of Black-Smith,1,Farmer of Black Smith
Farmer Oil-Cake Mill Agent,1,Farmer Oil Cake Mill Agent
Farmer Rural Disc-Councillor,1,Farmer Rural Disc Councillor
Farmer Servant (Domestic),1,Farmer Servant Domestic
Farmer Sister-in-Law,1,Farmer Sister in Law
Farmer's (Aunt by Marriage),1,Farmer's Aunt by Marriage
Farmer's (Brother),1,Farmer's Brother
Farmer's (Daughter),1,Farmer's Daughter
Farmer's (Retired),1,Farmer's Retired
Farmer's (Servant),1,Farmer's Servant
Farmer's (Widow),1,Farmer's Widow
Farmer's - Daughter,1,Farmer's Daughter
Farmer's - Son,1,Farmer's Son
Farmer's Brother in-Law,1,Farmer's Brother in Law
Farmer's Cousin (Adopted),1,Farmer's Cousin Adopted
Farmer's D-in-Law,1,Farmer's D in Law
Farmer's Daughter (Domestic Servant),1,Farmer's Daughter Domestic Servant
Farmer's Daughter (Employed at Home),1,Farmer's Daughter Employed at Home
Farmer's Daughter (in Law),1,Farmer's Daughter in Law
Farmer's Daughter (non),1,Farmer's Daughter non
Farmer's Daughter House-Keeper,1,Farmer's Daughter House Keeper
Farmer's Daughter in-Law,1,Farmer's Daughter in Law
Farmer's Daughter-in Law,1,Farmer's Daughter in Law
Farmer's Daughter-in-law,1,Farmer's Daughter in law
Farmer's Dg-in-Law,1,Farmer's Dg in Law
Farmer's G-Daughter,1,Farmer's G Daughter
Farmer's Grand Daughter (Scholar),1,Farmer's Grand Daughter Scholar
Farmer's Grand Son (Scholar),1,Farmer's Grand Son Scholar
Farmer's Helper-Domestic Servt,1,Farmer's Helper Domestic Servt
Farmer's Man-Servant,1,Farmer's Man Servant
Farmer's Nephew (Adopted),1,Farmer's Nephew Adopted
Farmer's Niece in-Law,1,Farmer's Niece in Law
Farmer's Servant (Domestic),1,Farmer's Servant Domestic
Farmer's Servant - Domestic,1,Farmer's Servant Domestic
Farmer's Servant General Servant (Domestic),1,Farmer's Servant General Servant Domestic
Farmer's Servant-Domestic,1,Farmer's Servant Domestic
Farmer's Sis - Law,1,Farmer's Sis Law
Farmer's Son (and Miller),1,Farmer's Son and Miller
Farmer's Son (Rate Collector),1,Farmer's Son Rate Collector
Farmer's Son (Shoemaker),1,Farmer's Son Shoemaker
Farmer's Son - Fisherman,1,Farmer's Son Fisherman
Farmer's Son and (Scholar),1,Farmer's Son and Scholar
Farmer's Son and Eag-Dealer,1,Farmer's Son and Eag Dealer
Farmer's Son and Road-Contractor,1,Farmer's Son and Road Contractor
Farmer's Son and Rural Post-Man,1,Farmer's Son and Rural Post Man
Farmer's Son-Law,1,Farmer's Son Law
Farmer's Son-None,1,Farmer's Son None
Farmer's Widow (Retired),1,Farmer's Widow Retired
Farmer's Wife (Late),1,Farmer's Wife Late
Farmer's Wife (Spinster),1,Farmer's Wife Spinster
"Farmer, R.I. Constabulary-Retired",1,"Farmer, R.I. Constabulary Retired"
"Farmer, Shopkeeper (Grocer) R. I. C Pensioner (Const)",1,"Farmer, Shopkeeper Grocer R. I. C Pensioner Const"
"Farmer, Tailor-Master",1,"Farmer, Tailor Master"
Farmer-Also Ex-Agriculturist Natl Education,1,Farmer Also Ex Agriculturist Natl Education
Farmer-Also Licentiate Pharmaceutical Society Ireland not Practising,1,Farmer Also Licentiate Pharmaceutical Society Ireland not Practising
Farmer-and Gamekeeper,1,Farmer and Gamekeeper
Farmer-and Shoemaker,1,Farmer and Shoemaker
Farmer-and Shop Keeper,1,Farmer and Shop Keeper
Farmer-Butler Merchant,1,Farmer Butler Merchant
Farmer-Carpenter,1,Farmer Carpenter
Farmer-Cattle Dealer Shopkeeper,1,Farmer Cattle Dealer Shopkeeper
Farmer-Cooper-Fisherman,1,Farmer Cooper Fisherman
Farmer-Corn Millar,1,Farmer Corn Millar
Farmer-D in Law,1,Farmer D in Law
Farmer-Ess,1,Farmer Ess
Farmer-Ex Hd. Const. Pensioner from the R.I.Constabulary,1,Farmer Ex Hd. Const. Pensioner from the R.I.Constabulary
Farmer-Gamekeeper,1,Farmer Gamekeeper
Farmer-House Keeper,1,Farmer House Keeper
Farmer-J P,1,Farmer J P
Farmer-J. P.,1,Farmer J. P.
Farmer-Magistrate,1,Farmer Magistrate
Farmer-Master,1,Farmer Master
Farmer-Publican and Carpenter,1,Farmer Publican and Carpenter
Farmer-Rd-Contractor,1,Farmer Rd Contractor
Farmer-Reedmaker,1,Farmer Reedmaker
Farmer-Retired Incapacitated from Writing by Illness,1,Farmer Retired Incapacitated from Writing by Illness
Farmer-Shopkeeper,1,Farmer Shopkeeper
Farmer-Stone Mason,1,Farmer Stone Mason
Farmer-Superannuated Sergt R.I.C.,1,Farmer Superannuated Sergt R.I.C.
Farmer-Tailor,1,Farmer Tailor
Farmers (Daughter),1,Farmer's Daughter
Farmers (Sister),1,Farmer's Sister
Farmers - Wife,1,Farmer's Wife
Farmers Adr Now (Now an Privated),1,Farmers Adr Now Now an Privated
Farmers Br-in-Law,1,Farmers Br in Law
Farmers brother,1,Farmer's Brother
Farmers Brother Retired-Farmer,1,Farmers Brother Retired Farmer
Farmers D-in Law,1,Farmers D in Law
Farmers Dau-in-law,1,Farmers Dau in law
Farmers Daug-in-Law,1,Farmers Daug in Law
farmers Daughter,1,Farmer's Daughter
Farmers Daughter (Employed at Home),1,Farmers Daughter Employed at Home
Farmers Daughter in-Law,1,Farmer's Daughter in Law
Farmers Daughter-in Law,1,Farmer's Daughter in Law
Farmers Daughter-in-law,1,Farmer's Daughter in Law
Farmers Dr. in-Law,1,Farmers Dr. in Law
Farmers G-Daughter,1,Farmers G Daughter
Farmers Grand - Daughter,1,Farmer's Granddaughter
Farmers Grand - Son,1,Farmer's Grandson
Farmers Grand son,1,Farmer's Grandson
Farmers Grand Son (Scholar),1,Farmers Grand Son Scholar
Farmers Mother-in-law,1,Farmer's Mother in Law
Farmers Pensioner (Royal Artillery),1,Farmers Pensioner Royal Artillery
Farmers Servant - Domestic,1,Farmers Servant Domestic
Farmers Sister (House Keeper),1,Farmers Sister House Keeper
Farmers Sister-Housekeeper,1,Farmers Sister Housekeeper
Farmers Son (Drapery),1,Farmers Son Drapery
Farmers Son - in Law,1,Farmer's Son in Law
Farmers Son and Car - Man,1,Farmers Son and Car Man
Farmers Son-in Law,1,Farmer's Son in Law
Farmers Step-Daughter,1,Farmers Step Daughter
FarmerS Wife,1,Farmer's Wife
Farmers Wife (Spinster),1,Farmers Wife Spinster
Farmers Wife (Visitor),1,Farmers Wife Visitor
Farmers Wife Etc),1,Farmers Wife Etc
Farmers-Daugher in Law,1,Farmers Daugher in Law
Farmers-Grand-Son,1,Farmer's Grandson
Farmers-Neice,1,Farmers Neice
Farmers-Son and Labourer,1,Farmers Son and Labourer
Farmerss (Retd),1,Farmerss Retd
Farming (Son),1,Farming Son
Farmr. Daughr. and Dress-Maker,1,Farmr. Daughr. and Dress Maker
Farmy-Laboure,1,Farmy Laboure
Farrier-Unemployed,1,Farrier Unemployed
Feather Sorter-at Factory,1,Feather Sorter at Factory
Feather Sorter-in Factory,1,Feather Sorter in Factory
Fecty-Worker,1,Fecty Worker
Feddler (Iron Foundry),1,Feddler Iron Foundry
Feeble-Gl Labourer's Wife,1,Feeble Gl Labourer's Wife
Fellow College of Surgeon Ireland Member College of Physician Ireland (in Practice),1,Fellow College of Surgeon Ireland Member College of Physician Ireland in Practice
Fellow of Institute of Chemistry-Analytical and Consulting Chemical in Practice,1,Fellow of Institute of Chemistry Analytical and Consulting Chemical in Practice
Fellow Trin (all Dub),1,Fellow Trin all Dub
Felt-Maker,1,Felt Maker
Felton (Surgeon) Royal Collage of Surgeon's Ireland Licentrate Royal College of Physicians Ireland,1,Felton Surgeon Royal Collage of Surgeon's Ireland Licentrate Royal College of Physicians Ireland
Female Asst (Light-Keeper),1,Female Asst Light Keeper
Female Searcher (Workhouse),1,Female Searcher Workhouse
Ferry Boat-Man,1,Ferry Boat Man
Ferryman and Sub-Post Master,1,Ferryman and Sub Post Master
Finisher (Cloth),1,Finisher Cloth
Finisher (Cotton),1,Finisher Cotton
Finisher (Linen),1,Finisher Linen
Finisher (Woollen Factory),1,Finisher Woollen Factory
Finisher in Tweed (Factory),1,Finisher in Tweed Factory
Finisher in Under-Clothing Factory,1,Finisher in Under Clothing Factory
Finisher Woollen (Factory),1,Finisher Woollen Factory
Finisher-Wareroom,1,Finisher Wareroom
Finishing Business (Linen),1,Finishing Business Linen
Finsher (Linen),1,Finsher Linen
Fire Brigade-Man,1,Fire Brigade Man
Fire man (Gass Works),1,Fire man Gass Works
Fire Man (M.G.W.R),1,Fire Man M.G.W.R
Fire Man (on Railway),1,Fire Man on Railway
Fire Man (Railway),1,Fire Man Railway
Fire Man in (Corn Mill),1,Fire Man in Corn Mill
Fire Man-Retired,1,Fire Man Retired
Fire Man-S. S.,1,Fire Man S. S.
Fire's Man (Coal Mine),1,Fire's Man Coal Mine
Fire-Man (in Factory),1,Fire Man in Factory
Fire-Man in Factory,1,Fire Man in Factory
Fire-Man in Linen Factory,1,Fire Man in Linen Factory
Fire-Man in Steam,1,Fire Man in Steam
Fire-Man on Railway Engine,1,Fire Man on Railway Engine
Fire-Man on Railway Train,1,Fire Man on Railway Train
Fire-Man on Tram,1,Fire Man on Tram
Fireaman (M.G.W.R),1,Fireaman M.G.W.R
Fireman (At Sea),1,Fireman At Sea
Fireman (Electric),1,Fireman Electric
Fireman (Factory),1,Fireman Factory
Fireman (in Magic),1,Fireman in Magic
Fireman (Linen Factory),1,Fireman Linen Factory
Fireman (Porting Trade),1,Fireman Porting Trade
"Fireman (Rly, Steamer)",1,"Fireman Rly, Steamer"
Fireman (Unemployed),1,Fireman Unemployed
Fireman - Steam Ship,1,Fireman Steam Ship
Fireman - Steamer,1,Fireman Steamer
Fireman and Engine-Driver (in Linen Warehouse),1,Fireman and Engine Driver in Linen Warehouse
Fireman in Paper Mill (Unemployed),1,Fireman in Paper Mill Unemployed
Fireman in Steam Ship (Unemployed),1,Fireman in Steam Ship Unemployed
Fireman Sea - Faring,1,Fireman Sea Faring
Fireman Sea-Faring,1,Fireman Sea Faring
Fireman Steam-Veseel,1,Fireman Steam Veseel
Fireman's (Locomshoe),1,Fireman's Locomshoe
Fireman-at Factory,1,Fireman at Factory
Fireman-Boat,1,Fireman Boat
Fireman-Boiler Steam,1,Fireman Boiler Steam
Fireman-Brigade,1,Fireman Brigade
Fireman-Gas Works,1,Fireman Gas Works
Fireman-in Creamery,1,Fireman in Creamery
Fireman-in Passage Dock,1,Fireman in Passage Dock
Fireman-Linen Factory,1,Fireman Linen Factory
Fireman-on Railway Engine,1,Fireman on Railway Engine
Fireman-Salt Miner,1,Fireman Salt Miner
Fireman-SS. Duke,1,Fireman SS. Duke
Fireman-Steam Vessel,1,Fireman Steam Vessel
Fireman-Steamer,1,Fireman Steamer
Fireman-Steampacket,1,Fireman Steampacket
Fireman-Stoker,1,Fireman Stoker
Fires-Man (Steamer),1,Fires Man Steamer
First Class Clerk - Civil Service Office of National Education,1,First Class Clerk Civil Service Office of National Education
First Class Clerk in Registry of Deeds Dublin : and a barrister - nonpractising,1,First Class Clerk in Registry of Deeds Dublin : and a barrister nonpractising
First Class Officer of Ireland Revenue (Excise Branch),1,First Class Officer of Ireland Revenue Excise Branch
First Class Warder Irish Pension Service (Retired on P?n) Lodge Keepers,1,First Class Warder Irish Pension Service Retired on P?n Lodge Keepers
First Division Clerk-Estate Duty Office and Ireland Revenue,1,First Division Clerk Estate Duty Office and Ireland Revenue
First Grade-National School Teacher,1,First Grade National School Teacher
Fish - Dealer,1,Fish Dealer
Fish - Fruit Assistant,1,Fish Fruit Assistant
Fish-Curer,1,Fish Curer
Fish-Fruit Dealer,1,Fish Fruit Dealer
Fish-Vendor,1,Fish Vendor
Fish-Wife,1,Fish Wife
fisher man,1,Fisherman
Fisherman - Retired No Occupation,1,Fisherman Retired No Occupation
"Fisherman, (Master)",1,"Fisherman, Master"
Fishmonger (Master),1,Fishmonger Master
Fishmonger-Macker,1,Fishmonger Macker
Fitter (at Engine Factory),1,Fitter at Engine Factory
Fitter (Engine) Unemployed,1,Fitter Engine Unemployed
Fitter (Engineer) at Works,1,Fitter Engineer at Works
Fitter (Iron Foundary),1,Fitter Iron Foundary
Fitter (Iron),1,Fitter Iron
Fitter (Machine),1,Fitter Machine
Fitter (Mill),1,Fitter Mill
Fitter (Ship Yard),1,Fitter Ship Yard
Fitter (Unemployed),1,Fitter Unemployed
Fitter - Iron Works,1,Fitter Iron Works
Fitter - Mechanic,1,Fitter Mechanic
Fitter Apprentice-Foundry,1,Fitter Apprentice Foundry
Fitter Gl-S W Railway,1,Fitter Gl S W Railway
Fitter in Engineering-Works,1,Fitter in Engineering Works
Fitter in Paper Mill (Mechanic),1,Fitter in Paper Mill Mechanic
"Fitter, Iron Works (Apprentice)",1,"Fitter, Iron Works Apprentice"
Fitter-Boot-Trade,1,Fitter Boot Trade
Fitter-Engineer,1,Fitter Engineer
Fitter-Foundry,1,Fitter Foundry
Fitter-Foundry Machine Man Unemployed,1,Fitter Foundry Machine Man Unemployed
Fitter-in Iron Works,1,Fitter in Iron Works
Fitter-Iron Foundry,1,Fitter Iron Foundry
Fitter-Iron Works,1,Fitter Iron Works
Fitter-Iron Works Apprrnts,1,Fitter Iron Works Apprrnts
Fitter-Machine,1,Fitter Machine
Fitter-man,1,Fitter man
Fitter-Mechanic,1,Fitter Mechanic
Fitter-Weigh Bridge,1,Fitter Weigh Bridge
Fitter-Works,1,Fitter Works
Fitters' Helper (L),1,Fitters' Helper L
Fitting Mechanick (Retired),1,Fitting Mechanick Retired
Fix Soldier-Servant,1,Fix Soldier Servant
Flack-Spinner,1,Flack Spinner
Flax - Carder,1,Flax Carder
Flax - Scutcher,1,Flax Scutcher
Flax Assisting Worker (Factory),1,Flax Assisting Worker Factory
Flax Burgar (Continantal) Flax Spinning,1,Flax Burgar Continantal Flax Spinning
Flax Drawer (Factory),1,Flax Drawer Factory
Flax Drawer - in Mill,1,Flax Drawer in Mill
Flax Dresser (in Mill),1,Flax Dresser in Mill
Flax Dresser (Mill),1,Flax Dresser Mill
Flax Dresser-Master,1,Flax Dresser Master
Flax Dresser-Unemployed,1,Flax Dresser Unemployed
Flax Factory (Spreader),1,Flax Factory Spreader
Flax Mill Manager (Unemployed),1,Flax Mill Manager Unemployed
Flax Reeler-Mill Worker,1,Flax Reeler Mill Worker
Flax Rougher (Unemployed),1,Flax Rougher Unemployed
Flax Rougher-Apprentice,1,Flax Rougher Apprentice
Flax Seatcher (Labourer Agricutlural),1,Flax Seatcher Labourer Agricutlural
Flax Serewer (Unemployed),1,Flax Serewer Unemployed
Flax Spinner (Mill Owner),1,Flax Spinner Mill Owner
Flax Spinner Lieut. 4 R Innis: Fres: (Militia) B.A. Oxan,1,Flax Spinner Lieut. 4 R Innis: Fres: Militia B.A. Oxan
Flax Spinner-in-Flax Mill,1,Flax Spinner in Flax Mill
Flax Spinner-Manager,1,Flax Spinner Manager
Flax Spinner-Retired,1,Flax Spinner Retired
Flax Spinner-Rope Factory,1,Flax Spinner Rope Factory
Flax Spinning - Bundler,1,Flax Spinning Bundler
Flax Spinning - Preparing,1,Flax Spinning Preparing
Flax Spinning Mill Worker (Reeler),1,Flax Spinning Mill Worker Reeler
Flax Spinning Trade Rover (Preparing Dept),1,Flax Spinning Trade Rover Preparing Dept
Flax Spinning-Assistant Inpossing,1,Flax Spinning Assistant Inpossing
Flax Spinning-Master,1,Flax Spinning Master
Flax Spinning-Mill Machine Boy,1,Flax Spinning Mill Machine Boy
Flax Spreader (Unemployed),1,Flax Spreader Unemployed
Flax Spreader - in Mill,1,Flax Spreader in Mill
Flax Winder (Unemployed),1,Flax Winder Unemployed
Flax-Buyer,1,Flax Buyer
Flax-Carder,1,Flax Carder
Flax-Cleaner,1,Flax Cleaner
Flax-Drecer,1,Flax Drecer
Flax-Dreser,1,Flax Dreser
Flax-dresser,1,Flax dresser
Flax-Dresser Mill-Worker,1,Flax Dresser Mill Worker
Flax-Looser,1,Flax Looser
Flax-Machiner,1,Flax Machiner
Flax-Merchant,1,Flax Merchant
Flax-Preparer in Mill,1,Flax Preparer in Mill
Flax-Rover,1,Flax Rover
Flax-Scuther,1,Flax Scuther
Flax-Seutcher,1,Flax Seutcher
Flax-Spinner Rover,1,Flax Spinner Rover
Flax-Striker,1,Flax Striker
Flax-Winder,1,Flax Winder
Flay-Dealer,1,Flay Dealer
Fleer - Cleaner,1,Fleer Cleaner
Fleet Paymr. Rl. Navy-Retired List,1,Fleet Paymr. Rl. Navy Retired List
Fleet Surgeon R.N. (Retired),1,Fleet Surgeon R.N. Retired
"Fleet Surgeon, R N Clles (Active List)",1,"Fleet Surgeon, R N Clles Active List"
Fleetlaymaster Roayl Navy (Action List),1,Fleetlaymaster Roayl Navy Action List
Flesh Surgen R.I.C Retired E R.C. I.J-J.P. not ?,1,Flesh Surgen R.I.C Retired E R.C. I.J J.P. not ?
Flesher (Assistant),1,Flesher Assistant
Flesher's Asst-Unemployed,1,Flesher's Asst Unemployed
Flesher-Master,1,Flesher Master
Float - Driver,1,Float Driver
Float - Driver Unemployed,1,Float Driver Unemployed
Float-Man,1,Float Man
Flour Mill-Fire Man,1,Flour Mill Fire Man
Flour Mill-Hand,1,Flour Mill Hand
Flour Mill-Labourer,1,Flour Mill Labourer
Flour Miller (Domestic Servant),1,Flour Miller Domestic Servant
Fly-Tier,1,Fly Tier
Folder (Box),1,Folder Box
Folder (Shirt),1,Folder Shirt
Folder - Linen Warehouse,1,Folder Linen Warehouse
Folder in (Wareroom),1,Folder in Wareroom
Folder in Hemstitching (Linen Factory),1,Folder in Hemstitching Linen Factory
Folder-,1,Folder
Folder-Ladies Shirts,1,Folder Ladies Shirts
Folder-Linen,1,Folder Linen
Folder-Linnen,1,Folder Linnen
Folder-Vice,1,Folder Vice
Folder-Wareroom,1,Folder Wareroom
Foot Man (Domestic Servant),1,Foot Man Domestic Servant
Footman (D S),1,Footman D S
Footman (Domestic Servant),1,Footman Domestic Servant
Footman - D. S,1,Footman D. S
Footman - Domestic S,1,Footman Domestic S
Footman - Domestic Servt,1,Footman Domestic Servt
Footman- Domestic Servant,1,Footman Domestic Servant
Footman-D. S,1,Footman D. S
Footman-Domestic,1,Footman Domestic
Footman-Domestic Ser,1,Footman Domestic Ser
Footman-Domestic Sert,1,Footman Domestic Sert
Footman-Domestic Sevt,1,Footman Domestic Sevt
Footman-Domtc Sert,1,Footman Domtc Sert
Fore-Man Gaffer,1,Fore Man Gaffer
Fore-Man Tailor,1,Fore Man Tailor
Foreign Commercial Traveler (Linen),1,Foreign Commercial Traveler Linen
Foreign Commercial Traveller-Linen,1,Foreign Commercial Traveller Linen
Foreign Missionary ? (Minister),1,Foreign Missionary ? Minister
Foreman (Catle Department),1,Foreman Catle Department
Foreman (Coal Buisness),1,Foreman Coal Buisness
Foreman (Factory),1,Foreman Factory
Foreman (Foundry),1,Foreman Foundry
Foreman (Grocer),1,Foreman Grocer
Foreman (Grocery),1,Foreman Grocery
Foreman (Printer) Compositor,1,Foreman Printer Compositor
Foreman (Salt Trade),1,Foreman Salt Trade
Foreman (Soap Chandler),1,Foreman Soap Chandler
Foreman - Chemical Works,1,Foreman Chemical Works
Foreman - Dock Labourer,1,Foreman Dock Labourer
Foreman - Gun Cotton,1,Foreman Gun Cotton
Foreman - Stevedore,1,Foreman Stevedore
Foreman as Dept: (Suprannuated),1,Foreman as Dept: Suprannuated
Foreman at (Fitter) Jute Factory,1,Foreman at Fitter Jute Factory
Foreman Cutter (Tailors),1,Foreman Cutter Tailors
Foreman Dray-Man,1,Foreman Dray Man
Foreman Engineer M E (Mechanical),1,Foreman Engineer M E Mechanical
Foreman Gardener (Domestic Servant),1,Foreman Gardener Domestic Servant
Foreman Gardener-Domestic Servant,1,Foreman Gardener Domestic Servant
Foreman Gas-Works,1,Foreman Gas Works
Foreman in Factory - Explosive,1,Foreman in Factory Explosive
Foreman Labourer (Yard Man Charge of Horses),1,Foreman Labourer Yard Man Charge of Horses
Foreman Labourer in (Brewery),1,Foreman Labourer in Brewery
Foreman Mason (Railway),1,Foreman Mason Railway
Foreman of Works on Electric-Gramway,1,Foreman of Works on Electric Gramway
Foreman of Works-Royal Engineers,1,Foreman of Works Royal Engineers
Foreman Photo-Engraver,1,Foreman Photo Engraver
Foreman Tenter (Linen),1,Foreman Tenter Linen
Foreman Writer-Army Ordnance Department-Army Pensioner,1,Foreman Writer Army Ordnance Department Army Pensioner
Foreman-Carpenter,1,Foreman Carpenter
Foreman-Compositor,1,Foreman Compositor
Foreman-Flour Mill,1,Foreman Flour Mill
Foreman-Gas Work,1,Foreman Gas Work
Foreman-Gas Works,1,Foreman Gas Works
Foreman-Half Warehouse,1,Foreman Half Warehouse
Foreman-in-Yard,1,Foreman in Yard
Foreman-Iron Engine,1,Foreman Iron Engine
Foreman-Milk Factory,1,Foreman Milk Factory
Foreman-Settmaker,1,Foreman Settmaker
Foreman-Stevedore,1,Foreman Stevedore
Foreman-Tobacco Factory,1,Foreman Tobacco Factory
Forester - Unemployed,1,Forester Unemployed
Forewoman (Draper Shop),1,Forewoman Draper Shop
Forewoman (Laundry),1,Forewoman Laundry
Forewoman (Linnen),1,Forewoman Linnen
Forewoman (Wareroom),1,Forewoman Wareroom
Forewoman - Stationary,1,Forewoman Stationary
Forewoman Linen Warehouse (Machinist),1,Forewoman Linen Warehouse Machinist
Forewoman-Linen Factory,1,Forewoman Linen Factory
Forewoman-Linen Spooler,1,Forewoman Linen Spooler
Forewoman-Shirts and Blouses,1,Forewoman Shirts and Blouses
Forewoman-Shirts and Collars,1,Forewoman Shirts and Collars
Formerly House-Keeper,1,Formerly House Keeper
Formerly Lodging-H Keeper,1,Formerly Lodging H Keeper
Forreign Correspondent (Linen Goods),1,Forreign Correspondent Linen Goods
Forwoman (Millinery),1,Forwoman Millinery
Foul - Dealer,1,Foul Dealer
Foul-Butcher,1,Foul Butcher
Foul-Plucker,1,Foul Plucker
Fowl (Dealer),1,Fowl Dealer
Fowl - Dealer,1,Fowl Dealer
Fowl - Dresser,1,Fowl Dresser
Fowl-Buyer,1,Fowl Buyer
Fowl-Merchants Wife,1,Fowl Merchants Wife
Fram-Maker,1,Fram Maker
Frame Drawer-Flax Mill,1,Frame Drawer Flax Mill
Frame-Worker in Bleach Green,1,Frame Worker in Bleach Green
Frection-Engine Driver,1,Frection Engine Driver
French Vice-Consul,1,French Vice Consul
Fret-Lead-Glazier,1,Fret Lead Glazier
Frm's. Daughter-in-Law,1,Frm's. Daughter in Law
Fruit Grower and Egg-Dealer,1,Fruit Grower and Egg Dealer
Fruit-Flower Business,1,Fruit Flower Business
Fruit-Vender,1,Fruit Vender
Fruiterer - Retired,1,Fruiterer Retired
Fuel Carrier-Domestic Servant,1,Fuel Carrier Domestic Servant
Funeral Undertaker (Manager),1,Funeral Undertaker Manager
Furnace Man (Iron Trade),1,Furnace Man Iron Trade
Furniture Shop-Assistant,1,Furniture Shop Assistant
Furrier-Master,1,Furrier Master
Furuaceman - Unemployed,1,Furuaceman Unemployed
Fype-Drsser,1,Fype Drsser
G Domestic-Servant,1,G Domestic Servant
G Post Joining Hicken-Hand Room,1,G Post Joining Hicken Hand Room
G S-Domestic,1,G S Domestic
G Sergt. R.I.C. (Pensinor),1,G Sergt. R.I.C. Pensinor
G Servant (D),1,G Servant D
G Servant-Cook,1,G Servant Cook
G Servant-D,1,G Servant D
G Servant-Domestic Servt,1,G Servant Domestic Servt
G-Assistant,1,G Assistant
G-Larbourer,1,G Larbourer
G-Servant,1,G Servant
G-Servant Domestic,1,General Domestic Servant
G-Servant-Domestic,1,General Domestic Servant
G. S and W Railway-Gas Man,1,G. S and W Railway Gas Man
G.P.O Town-Postman,1,G.P.O Town Postman
G.P.O. Pensioner Post-Man,1,G.P.O. Pensioner Post Man
Gaffer (Mills),1,Gaffer Mills
Gaffer (Porter),1,Gaffer Porter
Gally-Boy,1,Gally Boy
Game Keeper-Domestic,1,Game Keeper Domestic
Game Watcher-General Labourer,1,Game Watcher General Labourer
Gamekeeper (Under),1,Gamekeeper Under
Gamekeeper - Domestic Servant,1,Gamekeeper Domestic Servant
GameKeeper- D Servant,1,GameKeeper D Servant
Gamekeeper-Servant,1,Gamekeeper Servant
Ganger (Quarry),1,Ganger Quarry
Ganger-Navvy,1,Ganger Navvy
Ganger-Railway,1,Ganger Railway
Garden (Labourer),1,Garden Labourer
Garden-Boy,1,Garden Boy
Garden-Domestic Servant,1,Garden Domestic Servant
Garden-Labour,1,Garden Labour
Garden-Land,1,Garden Land
Gardener (Apprentice),1,Gardener Apprentice
Gardener (At Mr Hartlands Nurseries Not Domestic),1,Gardener At Mr Hartlands Nurseries Not Domestic
Gardener (D.S),1,Gardener D.S
Gardener (Domestic St),1,Gardener Domestic St
Gardener (Flower),1,Gardener Flower
Gardener (Head),1,Gardener Head
Gardener (Public Park),1,Gardener Public Park
Gardener (Under),1,Gardener Under
Gardener (Unemployed),1,Gardener Unemployed
Gardener - Dom Servt,1,Gardener Dom Servt
Gardener - Dom. Ser.,1,Gardener Dom. Ser.
Gardener - Domestc Servant,1,Gardener Domestc Servant
Gardener - Domestic Svt,1,Gardener Domestic Svt
Gardener - Domestic. S.,1,Gardener Domestic. S.
Gardener - Servant,1,Gardener Servant
Gardener and Coachman-Domestic Servant,1,Gardener and Coachman Domestic Servant
Gardener and General - Domestic,1,Gardener and General Domestic
Gardener and General Matrone - Domestic Servant,1,Gardener and General Matrone Domestic Servant
Gardener Dom-Ser,1,Gardener Dom Ser
Gardener Dom-Servant,1,Gardener Dom Servant
Gardener Domc-Servant,1,Gardener Domc Servant
Gardener Domes (Servant),1,Gardener Domes Servant
Gardener Domest-Servant,1,Gardener Domest Servant
Gardener Servant- Domestic,1,Gardener Servant Domestic
Gardener-Doemstic Servt,1,Gardener Doemstic Servt
Gardener-Dom Servant,1,Gardener Dom Servant
Gardener-Dom. Servt,1,Gardener Dom. Servt
Gardener-Domest Servant,1,Gardener Domest Servant
Gardener-Domestic S,1,Gardener Domestic S
Gardener-Domestic Se,1,Gardener Domestic Se
Gardener-Domestic Sert,1,Gardener Domestic Sert
Gardener-Domestic Serv,1,Gardener Domestic Serv
Gardener-Domestic Sev,1,Gardener Domestic Sev
Gardener-Domestic-Servant,1,Gardener Domestic Servant
Gardener-Domestics,1,Gardener Domestics
Gardener-Domservant,1,Gardener Domservant
Gardener-Domsetic Servant,1,Gardener Domsetic Servant
Gardener-General Servt,1,Gardener General Servt
Gardener-Head,1,Gardener Head
Gardener-Head-Domestic Servant,1,Gardener Head Domestic Servant
Gardener-Labourer,1,Gardener Labourer
Gardener-Landscap,1,Gardener Landscap
Gardener-Market,1,Gardener Market
Gardener-Out of Employment,1,Gardener Out of Employment
Gardener-Servant Domestic,1,Gardener Servant Domestic
Gardener-Unable,1,Gardener Unable
Gardeners (Apprentice),1,Gardeners Apprentice
Gardeners (Domestic Servant),1,Gardeners Domestic Servant
Gardiner (Domestic Servant,1,Gardiner Domestic Servant
Gardiner (Domestic Servt),1,Gardiner Domestic Servt
Gardiner - Domestic Servant,1,Gardiner Domestic Servant
Gardiner Domestic (Servant),1,Gardiner Domestic Servant
Gardiner-Apprentice,1,Gardiner Apprentice
Gardiner-Domestic Svt,1,Gardiner Domestic Svt
Gardiner-Market,1,Gardiner Market
Gardiner-Unemployed,1,Gardiner Unemployed
Garding (Domestic Servant),1,Garding Domestic Servant
Gardner (Learning),1,Gardner Learning
Gardner (Nursery),1,Gardner Nursery
Gardner (Public Park),1,Gardner Public Park
Gardner (Unemployed),1,Gardner Unemployed
Gardner - Domestic,1,Gardener Domestic
Gardner - Domestic Servt,1,Gardner Domestic Servt
Gardner - Domestic Svt,1,Gardner Domestic Svt
Gardner Domestic (Servant),1,Gardener Domestic Servant
Gardner Domestic servant,1,Gardener Domestic Servant
Gardner Unemployed (Domestic Servant),1,Gardner Unemployed Domestic Servant
Gardner- Domestic Servant,1,Gardener Domestic Servant
Gardner-D. Svt,1,Gardner D. Svt
Gardner-Dom,1,Gardner Dom
Gardner-Dom. Sevt,1,Gardner Dom. Sevt
Gardner-Domest,1,Gardner Domest
Gardner-Domestic Svt,1,Gardner Domestic Svt
Gardnier - Domestic Servant,1,Gardnier Domestic Servant
Garvey-Man,1,Garvey Man
Gas Fitter - Appentice,1,Gas Fitter Appentice
Gas Fitter-Apprentice,1,Gas Fitter Apprentice
Gas Fitter-Out Employed,1,Gas Fitter Out Employed
Gas Fitter-Unemployed,1,Gas Fitter Unemployed
Gas Meter-Inspector,1,Gas Meter Inspector
Gas Worker (Fireman),1,Gas Worker Fireman
Gas-Collector,1,Gas Collector
Gas-Fitter-Apprentice,1,Gas Fitter Apprentice
Gas-Labour,1,Gas Labour
Gas-Maker,1,Gas Maker
Gas-Man S S W R,1,Gas Man S S W R
Gas-Service Layer Lab,1,Gas Service Layer Lab
Gas-Works Labourer,1,Gas Works Labourer
Gas-Yard Labourer,1,Gas Yard Labourer
Gasfitter and Brassfinisher (App),1,Gasfitter and Brassfinisher App
Gass - Fitter,1,Gass Fitter
Gass-House Engineer,1,Gass House Engineer
Gate House-Keeper,1,Gate House Keeper
Gate Keeper (Ropeworks),1,Gate Keeper Ropeworks
Gate Keeper-Domestic Servant,1,Gate Keeper Domestic Servant
Gate Keeper-Railway,1,Gate Keeper Railway
Gate Lodge Keeper-Domestic Servant,1,Gate Lodge Keeper Domestic Servant
Gate Porter (Domestic Servant),1,Gate Porter Domestic Servant
Gate Porter (in Brewery),1,Gate Porter in Brewery
Gate Porter-Domestic,1,Gate Porter Domestic
Gate-Keeper Ry. Gate,1,Gate Keeper Ry. Gate
Gate-Lodge Keeper,1,Gate Lodge Keeper
Gate-Man at Mill,1,Gate Man at Mill
Gatekeeper - Domestic Set,1,Gatekeeper Domestic Set
Gather-Domestic Servant,1,Gather Domestic Servant
Gathering-Shell-Fish,1,Gathering Shell Fish
Gatleman-G. S and W. R.,1,Gatleman G. S and W. R.
Ge Servant-Domestic,1,Ge Servant Domestic
Gea Servant (Agricultural Labourer),1,Gea Servant Agricultural Labourer
Geer Maker for Hand-Loom (Weaving),1,Geer Maker for Hand Loom Weaving
Gel Servant-Domestic,1,Gel Servant Domestic
Gen 'Ser' - Domestic,1,Gen 'Ser' Domestic
Gen Clerk (Unemployed),1,Gen Clerk Unemployed
Gen labourer,1,General Labourer
Gen Labourer-Not Employed,1,Gen Labourer Not Employed
Gen Ser-Domastic,1,Gen Ser Domastic
Gen Servant (Dom),1,Gen Servant Dom
Gen Servant-Dom,1,Gen Servant Dom
Gen Servant-Domest,1,Gen Servant Domest
Gen Servt - Domestic,1,Gen Servt Domestic
Gen'l Servant-Domestic,1,Gen'l Servant Domestic
Gen'l. Servant-Domestic,1,Gen'l. Servant Domestic
Gen-Labourer and Farmer,1,Gen Labourer and Farmer
Gen-Labourer Unemployed,1,Gen Labourer Unemployed
Gen-Servant Domestic Unemployed,1,Gen Servant Domestic Unemployed
Gen. Ser-Domestic,1,Gen. Ser Domestic
Gen. Servant- Domestic,1,Gen. Servant Domestic
Gen. Servant-Domest,1,Gen. Servant Domest
Gen. Servt (Domestic),1,Gen. Servt Domestic
Gen. Svt.-Domestic,1,Gen. Svt. Domestic
Gen: Servant - Domestic,1,Gen: Servant Domestic
Genal Servt-Domestic,1,Genal Servt Domestic
Genearal Servant (Domestic),1,Genearal Servant Domestic
Genel-Servt-Domestic,1,Genel Servt Domestic
Genel. Servt.-Domestic,1,Genel. Servt. Domestic
Genera Servant-Domest,1,Genera Servant Domest
Genera Servant-Domestic,1,Genera Servant Domestic
General ( Domestic ) Servant,1,General Domestic Servant
General (Domestic Svt),1,General Domestic Svt
General (Domestic) servant,1,General Domestic servant
General (Help) Servant Domestic,1,General Help Servant Domestic
General (Labourer),1,General Labourer
General (Retired) Domestic Servant,1,General Retired Domestic Servant
General (Retired) in Army Knight Commender of the Bath D.T.J.P.,1,General Retired in Army Knight Commender of the Bath D.T.J.P.
General (Servant Dom),1,General Servant Dom
General (Servant Domestic),1,General Domestic Servant
General (Servant),1,General Servant
General (Servant) Dom,1,General Servant Dom
General - Servant,1,General Servant
General - Servant (Domestic),1,General Domestic Servant
General Agricultural Labourer-Unemployed,1,General Agricultural Labourer Unemployed
General Assistant (Domestic Servant),1,General Assistant Domestic Servant
General Assistant (Domestic),1,General Assistant Domestic
General Car-Driver,1,General Car Driver
General Clerk (Labrs),1,General Clerk Labrs
General Clerk (Solicitor's),1,General Clerk Solicitor's
General Clerk (Solicitors),1,General Clerk Solicitors
General Clerk -(Co Council),1,General Clerk Co Council
General Clerk-Angle American O'dce,1,General Clerk Angle American O'dce
General Clerks (Sol?),1,General Clerks Sol?
General Dealer in (Fowl and Cattle),1,General Dealer in Fowl and Cattle
General Domestic (Servant),1,General Domestic Servant
General Domestic (Unemployed) Servant,1,General Domestic Unemployed Servant
General Domestic Serv't (Retired),1,General Domestic Serv't Retired
General Domestic Servant (Employed at Home),1,General Domestic Servant Employed at Home
General Domestic Servant (Nurse),1,General Domestic Servant Nurse
General Domestic Servant - Unemployed,1,General Domestic Servant Unemployed
General Domestic Servant),1,General Domestic Servant
General Domestic Servant-Not Employed,1,General Domestic Servant Not Employed
General domestic Servt,1,General Domestic Servant
General Domestic-Unemployed Servant,1,General Domestic Unemployed Servant
General Farm-Labour,1,General Farm Labour
General Hand-Printers,1,General Hand Printers
General House Servant-Unemployed,1,General House Servant Unemployed
General House-Keeping,1,General House Keeping
General House-Maid,1,General House Maid
General House-Servant,1,General House Servant
General Housework (Domestic),1,General Housework Domestic
General Laborer (Agrl),1,General Laborer Agrl
General Laborer Not-Employed,1,General Laborer Not Employed
General Labour (Tramp),1,General Labour Tramp
General Laboure-Carman,1,General Laboure Carman
General Labourer (Carter),1,General Labourer Carter
General Labourer (Gelired),1,General Labourer Gelired
General Labourer (Idlf),1,General Labourer Idlf
General Labourer (Mill),1,General Labourer Mill
General Labourer (Pensioned),1,General Labourer Pensioned
General Labourer (Pensioner by Former Employer),1,General Labourer Pensioner by Former Employer
General Labourer (Surface Man),1,General Labourer Surface Man
General Labourer (Tramp),1,General Labourer Tramp
General Labourer (unemployed),1,General Labourer unemployed
General Labourer - (Unemployed),1,General Labourer Unemployed
General Labourer and Malitia-Man,1,General Labourer and Malitia Man
General Labourer Drag-Man,1,General Labourer Drag Man
General Labourer in Dyeing and Finishing Works (Linen),1,General Labourer in Dyeing and Finishing Works Linen
General Labourer in-Bonding Stone,1,General Labourer in Bonding Stone
General Labourer Mililia Man (Kildare),1,General Labourer Mililia Man Kildare
General Labourer Mill-Worker,1,General Labourer Mill Worker
General Labourer or General Servant-Domestic,1,General Labourer or General Servant Domestic
General Labourer Yard-Man,1,General Labourer Yard Man
"General Labourer, (idle)",1,"General Labourer, idle"
General Labourer-Agricultural Unemployed,1,General Labourer Agricultural Unemployed
General Labourer-Farm,1,General Labourer Farm
General Labourer-Gunner Wicklow Royal Artillery Militia Not Embodied,1,General Labourer Gunner Wicklow Royal Artillery Militia Not Embodied
General Labourer-in-Brewery,1,General Labourer in Brewery
General Labourer-Shipyard,1,General Labourer Shipyard
General Labrour (Retired),1,General Labrour Retired
General Law Clerk-Unemployed,1,General Law Clerk Unemployed
General Law-Clerk,1,General Law Clerk
General Man and (Coachman) (Domestic),1,General Man and Coachman Domestic
General Man-Servant,1,General Man Servant
General Medical Practitioner (L.R.C.P.S),1,General Medical Practitioner L.R.C.P.S
"General Medical Practitioner (M.B., Ch.M. Edin Univ.,)",1,"General Medical Practitioner M.B., Ch.M. Edin Univ.,"
General Medical Practitioner (Not Practising),1,General Medical Practitioner Not Practising
General Medical Practitioner M B University Elangar-I.P.,1,General Medical Practitioner M B University Elangar I.P.
General Medical Practitioner-MD.Mch RUI BAO.RUI-LAHD LM RHD,1,General Medical Practitioner MD.Mch RUI BAO.RUI LAHD LM RHD
General Medical-Ractitioner,1,General Medical Ractitioner
General Merchant (Seed and Manuie),1,General Merchant Seed and Manuie
General Post Office - Dublin Accountant - Retired,1,General Post Office Dublin Accountant Retired
General Practioner (Doctor),1,General Practioner Doctor
General Practioner (Graduate R.U.I),1,General Practioner Graduate R.U.I
General Practioner (R C S) (R C P),1,General Practioner R C S R C P
General Practioner Fellow Roy Coll Surgeons Ireland-Licentrate King and Queens Coll. Plyss.,1,General Practioner Fellow Roy Coll Surgeons Ireland Licentrate King and Queens Coll. Plyss.
General Practioner-Doctor of Medicine Royal University of Ireland-Fellow Royal Collage of Surgeon Dip in Staintary Science R W Ireland Lic Apothecuries Hall Ireland,1,General Practioner Doctor of Medicine Royal University of Ireland Fellow Royal Collage of Surgeon Dip in Staintary Science R W Ireland Lic Apothecuries Hall Ireland
General Practitioner (L. R. C. S. I-L. R. E. P.Ed.),1,General Practitioner L. R. C. S. I L. R. E. P.Ed.
General Practitioner (M B and C),1,General Practitioner M B and C
General Practitioner (Med),1,General Practitioner Med
General Practitioner (Mico Dublin),1,General Practitioner Mico Dublin
General Practitioner (Royal Wine Ireland),1,General Practitioner Royal Wine Ireland
General Practitioner (Trinity College Dublin),1,General Practitioner Trinity College Dublin
General Practitioner - Dispensary Medical Officer Graduate (M B) Royal U I,1,General Practitioner Dispensary Medical Officer Graduate M B Royal U I
General Practitioner - Graduate Glasgow University,1,General Practitioner Graduate Glasgow University
General Practitioner Doctor (Medical),1,General Practitioner Doctor Medical
General Practitioner General Servant (Domestic),1,General Practitioner General Servant Domestic
General Practitioner M D: M.ch M.A.O.-R.U.I.,1,General Practitioner M D: M.ch M.A.O. R.U.I.
General Practitioner M.D (Royal University of Ireland),1,General Practitioner M.D Royal University of Ireland
General Practitioner M.D.Q.U.I-M.B.B.S.E-L.S.A.I,1,General Practitioner M.D.Q.U.I M.B.B.S.E L.S.A.I
General Practitioner MB.B.Ch.B.A.O. (Univ. Dub.),1,General Practitioner MB.B.Ch.B.A.O. Univ. Dub.
General Practitioner of Medicine M B. Univ-Dublin,1,General Practitioner of Medicine M B. Univ Dublin
General Practitioner-Physician and Surgeon R C R-Physians and Surgeons Edenburgh and Faculty of Physician and Surgeon Glasgow,1,General Practitioner Physician and Surgeon R C R Physians and Surgeons Edenburgh and Faculty of Physician and Surgeon Glasgow
General Practitoiner (MD Dublin University),1,General Practitoiner MD Dublin University
General Sarvant-Domestic,1,General Sarvant Domestic
General Searvant-Domestic,1,General Searvant Domestic
General Ser (Domestic),1,General Ser Domestic
General Ser - Dom,1,General Ser Dom
General Serant (Domestic),1,General Serant Domestic
General Serant-Domestic,1,General Serant Domestic
General Serrvant (Domestic),1,General Serrvant Domestic
General Sert-Domtc,1,General Sert Domtc
General Serv - Domestic,1,General Serv Domestic
General Serv.-Domestic,1,General Serv. Domestic
General Servan-Housekeeper,1,General Servan Housekeeper
General Servand-Domestic,1,General Servand Domestic
General Servant (Aided By Charts,1,General Servant Aided By Charts
General Servant (Barmaid),1,General Servant Barmaid
General Servant (Butler),1,General Servant Butler
General Servant (Coachman And Gardner And C),1,General Servant Coachman And Gardner And C
General Servant (Cook and C Domestic Servant),1,General Servant Cook and C Domestic Servant
General Servant (Cooks),1,General Servant Cooks
General Servant (D,1,General Servant D
General Servant (Demestic),1,General Servant Demestic
General Servant (Domc),1,General Servant Domc
General Servant (Dome),1,General Servant Dome
General Servant (Domes),1,General Servant Domes
General Servant (Domest),1,General Servant Domest
General Servant (Domestic st),1,General Servant Domestic st
general Servant (Domestic),1,General Domestic Servant
General servant (Domestic),1,General Domestic Servant
General Servant (Domestic) and House Made,1,General Servant Domestic and House Made
General Servant (Domestic) Nurse,1,General Servant Domestic Nurse
General Servant (Domesticc,1,General Servant Domesticc
General Servant (Dtic),1,General Servant Dtic
General Servant (Groom),1,General Servant Groom
General Servant (Labourer),1,General Servant Labourer
General Servant (Nurse),1,General Servant Nurse
General Servant (Outdoor) Domestic-Servant,1,General Servant Outdoor Domestic Servant
General Servant (Unemplayed),1,General Servant Unemplayed
General Servant - (Domestic),1,General Domestic Servant
General Servant - Agricultural,1,General Servant Agricultural
General Servant - D,1,General Servant D
General servant - Domestic,1,General Domestic Servant
General Servant - Domestic ?,1,General Servant Domestic ?
General Servant - Domestic Unemployed,1,General Servant Domestic Unemployed
General Servant - Farm,1,General Servant Farm
General Servant - Unemployed Domestic,1,General Servant Unemployed Domestic
General Servant at Home (Domestic),1,General Servant at Home Domestic
General Servant Cook-Domestic,1,General Servant Cook Domestic
General Servant D-,1,General Servant D
General Servant D-S,1,General Servant D S
General Servant Dom-,1,General Servant Dom
General Servant Domestic (Cook),1,General Servant Domestic Cook
General Servant Domestic (Employed at Home),1,General Servant Domestic Employed at Home
General Servant Domestic (Out of Employment),1,General Servant Domestic Out of Employment
General Servant Domestic (Retired),1,General Servant Domestic Retired
General Servant Domestic - Cook,1,General Servant Domestic Cook
General Servant Domestic Servant (Retired),1,General Servant Domestic Servant Retired
General Servant Domestic),1,General Domestic Servant
General Servant Domestic-Cook,1,General Servant Domestic Cook
General Servant Dt-Srvt,1,General Servant Dt Srvt
General Servant Farmer (Domestic),1,General Servant Farmer Domestic
General Servant's-Domestic,1,General Servant's Domestic
"General Servant, (Domestic)",1,General Domestic Servant
"General Servant, (Farm)",1,"General Servant, Farm"
"General Servant-""Domestic""",1,"General Servant ""Domestic"""
General Servant-(Domestics),1,General Servant Domestics
General Servant-Carpenter,1,General Servant Carpenter
General Servant-Cattle,1,General Servant Cattle
General Servant-Coachman,1,General Servant Coachman
General Servant-Domc,1,General Servant Domc
General Servant-Dome.,1,General Servant Dome.
General Servant-Domes (Unemployed),1,General Servant Domes Unemployed
General Servant-Domest-Unemployed,1,General Servant Domest Unemployed
General Servant-Domestic (Drapery),1,General Servant Domestic Drapery
General Servant-Domestic (Employed at Home),1,General Servant Domestic Employed at Home
General Servant-Domestic (Retired),1,General Servant Domestic Retired
General Servant-Domestic (Unemployed),1,General Servant Domestic Unemployed
General Servant-Domestic and Scholar,1,General Servant Domestic and Scholar
General Servant-Domestic Apprentice,1,General Servant Domestic Apprentice
General Servant-Domestic HouseKeeper,1,General Servant Domestic HouseKeeper
General Servant-Domestic Housemaid,1,General Servant Domestic Housemaid
General Servant-Domestic Servt,1,General Servant Domestic Servt
General Servant-Domstc,1,General Servant Domstc
General Servant-Domsti,1,General Servant Domsti
General Servant-Domtic,1,General Servant Domtic
General Servant-Dostic,1,General Servant Dostic
General Servant-Groom,1,General Servant Groom
General Servant-Housemaid,1,General Servant Housemaid
General Servant-Laboure,1,General Servant Laboure
General Servant-Mill,1,General Servant Mill
General Servant-Nurse,1,General Servant Nurse
General Servant-Parlour Maid,1,General Servant Parlour Maid
General Servant-R.I.C Bko,1,General Servant R.I.C Bko
General Servat-Domestic,1,General Servat Domestic
General Servat.-Domtic,1,General Servat. Domtic
General Serveant-Domestic,1,General Serveant Domestic
General Servent-Domestic,1,General Servent Domestic
General Servnt (Domestic),1,General Servnt Domestic
General servt,1,General Servant
General Servt (Herd),1,General Servt Herd
General servt Domestic,1,General Domestic Servant
General Servt Domestic-Unemployed,1,General Servt Domestic Unemployed
General Servt-Dom,1,General Servt Dom
General Servt-Domes,1,General Servt Domes
General Servt-Domesti,1,General Servt Domesti
General Servt-Domestic Unemployed,1,General Servt Domestic Unemployed
General Servt. (Domestic),1,General Domestic Servant
General Servte-Domestic,1,General Servte Domestic
General Sevt. (Domestic),1,General Sevt. Domestic
General Sevt.- Domestic,1,General Sevt. Domestic
General St-Domestic,1,General St Domestic
General Svt (Domestic),1,General Svt Domestic
General Svt House-Maid,1,General Svt House Maid
General Svt. (Domestic),1,General Svt. Domestic
General Unemployed (Solicitors Clerk),1,General Unemployed Solicitors Clerk
General Work-Domestic,1,General Work Domestic
General Worker-Domestic,1,General Worker Domestic
"General, (Domestic) Servants",1,"General, Domestic Servants"
General-Carter,1,General Carter
General-Charing Servant,1,General Charing Servant
General-D Servant,1,General D Servant
General-Dom Servant,1,General Dom Servant
General-Dom. Serv.,1,General Dom. Serv.
General-Domest Servant,1,General Domest Servant
General-Domestc Servt,1,General Domestc Servt
General-Domestic Ser,1,General Domestic Ser
General-Domestic Sert,1,General Domestic Sert
General-Domestic Servant (Employes at Home),1,General Domestic Servant Employes at Home
General-Domestic Servant ?,1,General Domestic Servant ?
General-Domestic Servant Apprentice,1,General Domestic Servant Apprentice
General-Domestic Serveant,1,General Domestic Serveant
General-Domestic Servent,1,General Domestic Servent
General-Domsetic Servt,1,General Domsetic Servt
General-Domtc Servt,1,General Domtc Servt
General-Farm Servant,1,General Farm Servant
General-Grocery,1,General Grocery
General-House Keeper,1,General Housekeeper
General-House Work,1,General House Work
General-House Works,1,General House Works
General-Household Work,1,General Household Work
General-Housemaid Domestic Servant,1,General Housemaid Domestic Servant
General-Laberour,1,General Labourer
General-Laboror,1,General Laboror
General-Labouer,1,General Labouer
General-Labour,1,General Labour
General-Labourer Unemployed,1,General Labourer Unemployed
General-Porter,1,General Porter
General-Worksman,1,General Worksman
General`-Labourer,1,General` Labourer
Generalservant-Domestic,1,Generalservant Domestic
Generl Servant-Domstic,1,Generl Servant Domstic
Generl-Domestic Servant,1,Generl Domestic Servant
Genl - Domestic Servt,1,Genl Domestic Servt
"Genl Clerk, (Solrs)",1,"Genl Clerk, Solrs"
Genl Domestic-Servant,1,General Domestic Servant
Genl House Servant-Charwoman,1,Genl House Servant Charwoman
Genl House Servant-Unemployed,1,Genl House Servant Unemployed
Genl Labour (in Mill),1,Genl Labour in Mill
Genl Labourer-Retired,1,Genl Labourer Retired
Genl Merchant (Grocer),1,Genl Merchant Grocer
Genl Servant (Unemployed),1,Genl Servant Unemployed
Genl Servant - Domest,1,Genl Servant Domest
Genl servant Domestic,1,General Domestic Servant
Genl Servant-Dom. Servt.,1,Genl Servant Dom. Servt.
Genl Servant-Domestic Employed at Home,1,Genl Servant Domestic Employed at Home
Genl Servat - Domestic,1,Genl Servat Domestic
Genl Servt (Domestic),1,General Domestic Servant
Genl Servt - Domestic,1,General Domestic Servant
Genl Servt -Domestic,1,General Domestic Servant
Genl Servt Domestic (Retired),1,Genl Servt Domestic Retired
Genl Servt-domstic,1,Genl Servt domstic
Genl Svet-Domestic,1,Genl Svet Domestic
Genl- ?,1,Genl ?
Genl-Domestic,1,Genl Domestic
Genl-Domestic Servt,1,Genl Domestic Servt
Genl-Domestict Servt,1,Genl Domestict Servt
Genl-Labr,1,Genl Labr
Genl-Sert-Domestic,1,Genl Sert Domestic
Genl-Servant D. Servant,1,Genl Servant D. Servant
Genl-Servt-Domestic,1,General Domestic Servant
Genl. Clerk (Solrs Office),1,Genl. Clerk Solrs Office
Genl. Labour (In health),1,Genl. Labour In health
Genl. Labourer-Unemployed,1,Genl. Labourer Unemployed
Genl. Servant - (Domestic),1,General Domestic Servant
Genl. Servant and Lodger (Unemployed),1,Genl. Servant and Lodger Unemployed
Genl. Servants-Domestic,1,Genl. Servants Domestic
Genl. Servt. - Domestic,1,Genl. Servt. Domestic
Genl. Servt.-Dom. Unemployd,1,Genl. Servt. Dom. Unemployd
Genl. Sevt.-Domestic,1,Genl. Sevt. Domestic
Genr (Domestic) Servt,1,Genr Domestic Servt
Genr Labourer-Unemployed,1,Genr Labourer Unemployed
Genr Servant (Domestic),1,Genr Servant Domestic
Genr-Domestic Servant,1,Genr Domestic Servant
Genral Servant-Retired,1,Genral Servant Retired
Genral Servt.-Domestic,1,Genral Servt. Domestic
Genrl Clerk-Solicitor Office,1,Genrl Clerk Solicitor Office
Genrl-Domestic Servant,1,Genrl Domestic Servant
Genrl-Servant Domestic,1,Genrl Servant Domestic
Genrl-Servt Domestic,1,Genrl Servt Domestic
Genrl. Servant (Domestic),1,Genrl. Servant Domestic
Genrl. Servant-Domestic,1,Genrl. Servant Domestic
Gentle Woman-No Employments,1,Gentle Woman No Employments
Gentle-Man Farmer JP.,1,Gentle Man Farmer JP.
Gentle-Wman,1,Gentle Wman
Gentle-Woman Cook Domestic,1,Gentle Woman Cook Domestic
Gentleman (Grazier),1,Gentleman Grazier
Gentleman (Landed),1,Gentleman Landed
Gentleman (Retired Officer 15th Regt),1,Gentleman Retired Officer 15th Regt
Gentleman (Retired Publican),1,Gentleman Retired Publican
Gentleman - Farmer,1,Gentleman Farmer
Gentleman - No Profession,1,Gentleman No Profession
Gentleman Clerk - Fire and Life Insurance Office,1,Gentleman Clerk Fire and Life Insurance Office
Gentleman Farmer (Farming Land of his Own),1,Gentleman Farmer Farming Land of his Own
Gentleman-Farmer,1,Gentleman Farmer
Gentleman-Income Derived from Land and Houses,1,Gentleman Income Derived from Land and Houses
Gentleman-Landowner,1,Gentleman Landowner
Gentlewomen (Means),1,Gentlewomen Means
Gents-Outfitter,1,Gents Outfitter
Geological-H M Geo Survey,1,Geological H M Geo Survey
Geral Farm (Labourer),1,Geral Farm Labourer
Gerdener-Domestic Servant,1,Gerdener Domestic Servant
Gerest-Domestic Servant,1,Gerest Domestic Servant
Gerl Servant-Domestic,1,Gerl Servant Domestic
Gerl. Servant-Domestic,1,Gerl. Servant Domestic
Gilder (Frame),1,Gilder Frame
Gilder and Frame Maker-Master,1,Gilder and Frame Maker Master
Giver-in in Linen Factory,1,Giver in in Linen Factory
Gl Labourer-Domestic,1,Gl Labourer Domestic
Gl Servant Domestic (Unemployed),1,Gl Servant Domestic Unemployed
Gl Servt-Domestic,1,Gl Servt Domestic
Gl. Servant-Domestic Unemployed,1,Gl. Servant Domestic Unemployed
Gl. Servt-Domestic,1,Gl. Servt Domestic
Glas-Cutter,1,Glas Cutter
Glass - Cutter,1,Glass Cutter
Glass-Painter,1,Glass Painter
Glazer (Labourer),1,Glazer Labourer
Glosser-Collers,1,Glosser Collers
Gn Servant-Domestic,1,Gn Servant Domestic
Gneral-Domestic,1,Gneral Domestic
Gnl Servant (Domestic),1,Gnl Servant Domestic
Gnl Servant - Domestic,1,Gnl Servant Domestic
Gnl. Servant-Domestic,1,Gnl. Servant Domestic
Gold - Miner - Australia,1,Gold Miner Australia
Gold Bester (Apprentice),1,Gold Bester Apprentice
Gold Miner-Retired,1,Gold Miner Retired
Gold Smith,1,Goldsmith
Gold-Miner,1,Gold Miner
Good Van-Driver,1,Good Van Driver
Goods Checker (Railway),1,Goods Checker Railway
Goods Clerk (Railway),1,Goods Clerk Railway
Goods Guard - Railway,1,Goods Guard Railway
Goods-Van Driver,1,Goods Van Driver
Goods-Vanman,1,Goods Vanman
Goorm-Dom,1,Goorm Dom
Gordener-Domestic Servant,1,Gordener Domestic Servant
Goverment Official (Four Courts),1,Goverment Official Four Courts
Governers-Junior,1,Governers Junior
Governess (Domestic),1,Governess Domestic
Governess (Retired),1,Governess Retired
Governess (Teacher),1,Governess Teacher
Governess (Visiting),1,Governess Visiting
Governess-Companion,1,Governess Companion
Governess-Daily,1,Governess Daily
Governess-Domestic,1,Governess Domestic
Governess-Nursery,1,Governess Nursery
Governess-Resident,1,Governess Resident
Governess-Teacher,1,Governess Teacher
Governess-Unemployed,1,Governess Unemployed
Government Clerk (Bankruptcy Court),1,Government Clerk Bankruptcy Court
Government Clerk - Ireland Revenue,1,Government Clerk Ireland Revenue
Government Official (Reg of Deeds),1,Government Official Reg of Deeds
Government Typist Dept-Local Govt Board,1,Government Typist Dept Local Govt Board
Govrness-Domestic Servant,1,Govrness Domestic Servant
Govt. Sergt; R:I C: (Pensioner),1,Govt. Sergt; R:I C: Pensioner
Graden-Domestic Servant,1,Graden Domestic Servant
"Graduate B.A., R.U.I. Teacher(Mathematics and Physics)",1,"Graduate B.A., R.U.I. TeacherMathematics and Physics"
Graduate Dublin University Attached to His Majesty's Customs Dept-Income Derived Chiefly from the Public Funds,1,Graduate Dublin University Attached to His Majesty's Customs Dept Income Derived Chiefly from the Public Funds
Graduate-B.A.,1,Graduate B.A.
Grand-Mother,1,Grand Mother
Grand-Son,1,Grand Son
Greager (Marine),1,Greager Marine
Green Paper (Golf),1,Green Paper Golf
Green Woorker (General Labourer),1,Green Woorker General Labourer
Green-Groceres,1,Green Groceres
Grime (Groom),1,Grime Groom
Grinder (Iron Works),1,Grinder Iron Works
Grinder (Iron),1,Grinder Iron
Grinding Stone Dresser in Indian Meal - Mill,1,Grinding Stone Dresser in Indian Meal Mill
Grinser (Lihographic),1,Grinser Lihographic
Grl. Servant-Domestic Unemployed,1,Grl. Servant Domestic Unemployed
Grocer (Army),1,Grocer Army
Grocer (Domestic Ser),1,Grocer Domestic Ser
Grocer (Domestic),1,Grocer Domestic
Grocer (General),1,Grocer General
Grocer (Gerl),1,Grocer Gerl
Grocer (Green),1,Grocer Green
Grocer (Merchant),1,Grocer Merchant
Grocer (Small),1,Grocer Small
Grocer - Assistant,1,Grocer Assistant
Grocer - Farmer,1,Grocer Farmer
Grocer - Manager,1,Grocer Manager
Grocer and Post-Mistress,1,Grocer and Post Mistress
Grocer and Prov-Merchant,1,Grocer and Prov Merchant
Grocer and Publican-Corn Store Mgr,1,Grocer and Publican Corn Store Mgr
Grocer and R.I.C. Pensioner (Sergt),1,Grocer and R.I.C. Pensioner Sergt
Grocer and Seed Merchant (Employer),1,Grocer and Seed Merchant Employer
Grocer and Shopman-Spirit and c,1,Grocer and Shopman Spirit and c
Grocer and Spirit - Dealer,1,Grocer and Spirit Dealer
Grocer and Spirit-Merchant,1,Grocer and Spirit Merchant
Grocer Assistant (Book Seller),1,Grocer Assistant Book Seller
Grocer Shop Assistant (Unemployed),1,Grocer Shop Assistant Unemployed
Grocer Shop-Boy,1,Grocer Shop Boy
Grocer Shop-Keeper,1,Grocer Shop Keeper
Grocer Van-Man,1,Grocer Van Man
Grocer's (assistant),1,Grocer's assistant
Grocer's (Assistant) Servant,1,Grocer's Assistant Servant
Grocer's - Assistant,1,Grocer's Assistant
Grocer's Assistant (Unemployed),1,Grocer's Assistant Unemployed
Grocer's Assistant - Domestic Servant,1,Grocer's Assistant Domestic Servant
Grocer's Assistant-Unemployed,1,Grocer's Assistant Unemployed
Grocer's Asst (Unemployed),1,Grocer's Asst Unemployed
Grocer's Clerk - Unemployed,1,Grocer's Clerk Unemployed
Grocer's Son-in-Law,1,Grocer's Son in Law
Grocer's-Assistant,1,Grocer's Assistant
Grocer-Farm Servant,1,Grocer Farm Servant
Grocer-Manager,1,Grocer Manager
Grocer-Porter,1,Grocer Porter
Grocer-Publican-Farmer,1,Grocer Publican Farmer
Grocer-Retired,1,Grocer Retired
Grocer-Shop Assistant,1,Grocer Shop Assistant
Grocer-Spirit Dealer,1,Grocer Spirit Dealer
Grocer-Unemployed,1,Grocer Unemployed
Grocers (Ap),1,Grocers Ap
Grocers Assistant (Foreman),1,Grocers Assistant Foreman
Grocers Assistant - Unemployed,1,Grocers Assistant Unemployed
Grocers Assistant-Publican,1,Grocers Assistant Publican
Grocers Asst (Unemployed),1,Grocers Asst Unemployed
Grocers Boy - Messenger,1,Grocers Boy Messenger
Grocers manager,1,Grocer's Manager
Grocers Messenger-Boy,1,Grocers Messenger Boy
Grocers-Assist,1,Grocers Assist
Grocers-Messenger,1,Grocers Messenger
Grocery (Appd too),1,Grocery Appd too
Grocery (Shopman),1,Grocery Shopman
Grocery-Sales Woman,1,Grocery Sales Woman
Grocier (Shop Hand),1,Grocier Shop Hand
Groom (Charge of ? Horse Not Domestic),1,Groom Charge of ? Horse Not Domestic
Groom (D S),1,Groom D S
Groom (D.S),1,Groom D.S
Groom (Domestic Servt),1,Groom Domestic Servt
Groom (Stable),1,Groom Stable
Groom (Tramp),1,Groom Tramp
Groom - Coachman,1,Groom Coachman
Groom - Coachman (Domestic Servant),1,Groom Coachman Domestic Servant
Groom - Domestic Set,1,Groom Domestic Set
Groom - Unemployed,1,Groom Unemployed
Groom and Coachman Domestic Servant (Unemployer),1,Groom and Coachman Domestic Servant Unemployer
Groom and Coachman-D S,1,Groom and Coachman D S
Groom and General Servant (Domestic),1,Groom and General Servant Domestic
Groom and Valet (Domestic),1,Groom and Valet Domestic
Groom Domestic (Servant),1,Groom Domestic Servant
Groom- Domestic Servt,1,Groom Domestic Servt
Groom-and Army Pensioner,1,Groom and Army Pensioner
Groom-Coachman,1,Groom Coachman
Groom-Coachman Dom Servt,1,Groom Coachman Dom Servt
Groom-D Servant,1,Groom D Servant
Groom-D Servt,1,Groom D Servt
Groom-Dom,1,Groom Dom
Groom-Dom Servant,1,Groom Dom Servant
Groom-Dom Servt,1,Groom Dom Servt
Groom-Dom. Servt.,1,Groom Dom. Servt.
Groom-Dom. Sevt.,1,Groom Dom. Sevt.
Groom-Domc,1,Groom Domc
Groom-Domes. S,1,Groom Domes. S
Groom-Domestic S.,1,Groom Domestic S.
Groom-Domestic Sert,1,Groom Domestic Sert
Groom-Domestic Serv't,1,Groom Domestic Serv't
Groom-Domestic servant,1,Groom Domestic servant
Groom-Domst,1,Groom Domst
Groom-Domsts,1,Groom Domsts
Groom-Gardener,1,Groom Gardener
Groom-Out of Employment,1,Groom Out of Employment
Groom-Solider Servant,1,Groom Solider Servant
Groom-Unemployed,1,Groom Unemployed
Groome-Domestic,1,Groome Domestic
Guarry-Man,1,Guarry Man
Gun-Maker,1,Gun Maker
Gunal Pensioner from Royal Artillery (English),1,Gunal Pensioner from Royal Artillery English
Gunmaker (Manager),1,Gunmaker Manager
Gunner (Army),1,Gunner Army
Gunner in (Clare Militon),1,Gunner in Clare Militon
Gunner R. F. A. (on Sick Leave),1,Gunner R. F. A. on Sick Leave
Gunner-Late R.G.A.,1,Gunner Late R.G.A.
H Loom-Weaver Wool,1,H Loom Weaver Wool
H Maid Servant (Domestic),1,H Maid Servant Domestic
H Parlormaid-Domestic Servt,1,H Parlormaid Domestic Servt
H-K,1,H K
H-Keeper,1,H Keeper
H-Maid Domestic Servant,1,H Maid Domestic Servant
H-Waitness Domestic Servant,1,H Waitness Domestic Servant
H. and P.Maid-Domestic,1,H. and P.Maid Domestic
H. Keeper-D. Servt.,1,H. Keeper D. Servt.
H. M. Customs (2nd Officer),1,H. M. Customs 2nd Officer
H. M. Customs (Officer),1,H. M. Customs Officer
H. Nurse (Private),1,H. Nurse Private
H. Parlormaid-Domestic Servant,1,H. Parlormaid Domestic Servant
H.M. Customs (1st Class Examr. Officer),1,H.M. Customs 1st Class Examr. Officer
H.M. Indian Civil Service (Retired),1,H.M. Indian Civil Service Retired
H.M.Civil Service (1st Class Clk and Off Customs),1,H.M.Civil Service 1st Class Clk and Off Customs
H.P. Maid (Domestic),1,H.P. Maid Domestic
Habitationist (Landlord),1,Habitationist Landlord
Hack - Car Driver,1,Hack Car Driver
Hackel-Maker,1,Hackel Maker
Hackery Car-Driver,1,Hackery Car Driver
Hackle - Maker,1,Hackle Maker
Hackle Maker (Flax),1,Hackle Maker Flax
Hackle-Maker in Works,1,Hackle Maker in Works
Hackle-Retter,1,Hackle Retter
Hackle-Setter Machine Man,1,Hackle Setter Machine Man
Hackle-Setter Unemployed,1,Hackle Setter Unemployed
Hackler-Flax Mills,1,Hackler Flax Mills
Hackler-Unemployed,1,Hackler Unemployed
Hackner Cab-Driver,1,Hackner Cab Driver
Hackney-Car-Driver,1,Hackney Car Driver
Hair - Dressar,1,Hair Dressar
Hair - Dresser and C,1,Hair Dresser and C
Hair Dresser (Assitant),1,Hair Dresser Assitant
Hair Dresser- Apprentice,1,Hair Dresser Apprentice
Hair Dresser-Master,1,Hair Dresser Master
Hair Dresser-Wigmaker,1,Hair Dresser Wigmaker
Hair- Dresser,1,Hairdresser
Hair-Dresser and C,1,Hair Dresser and C
Hairdresser - Master,1,Hairdresser Master
Hairdresser-Master,1,Hairdresser Master
Hairdresser-Unemployed,1,Hairdresser Unemployed
Half-Porter-Domestic Servant,1,Half Porter Domestic Servant
Half-Rey. Royal Navy,1,Half Rey. Royal Navy
Half-Time in Mill N S,1,Half Time in Mill N S
Half-timer,1,Half timer
Halftimer (Doffer),1,Halftimer Doffer
Hall - Porter,1,Hall Porter
Hall and Pantry Boy (Domestic Servant),1,Hall and Pantry Boy Domestic Servant
Hall Boy - Domestic,1,Hall Boy Domestic
Hall Boy-Domestic Sevt,1,Hall Boy Domestic Sevt
Hall Maid-Domestic Servant,1,Hall Maid Domestic Servant
Hall Porter (Hotel),1,Hall Porter Hotel
Hall Porter (Union),1,Hall Porter Union
Hall porter - hotel,1,Hall porter hotel
Hall Porter-Domestic Serfant,1,Hall Porter Domestic Serfant
Hall Porter-Domestic Servant,1,Hall Porter Domestic Servant
Hall Porter-Hotel,1,Hall Porter Hotel
Hall Porteral-Railway St,1,Hall Porteral Railway St
Hall-Boy,1,Hall Boy
Hall-Boy Domestic Servant,1,Hall Boy Domestic Servant
Hall-Man Domestic Servant,1,Hall Man Domestic Servant
Hallmaid (Domestic Servant),1,Hallmaid Domestic Servant
Hand Kerchief Factory-Folder,1,Hand Kerchief Factory Folder
Hand-Driller,1,Hand Driller
Hand-Loom - Reed Maker,1,Hand Loom Reed Maker
Hand-Loom-Damask Weaver,1,Hand Loom Damask Weaver
Handerkchief Printer and Finisher (Master),1,Handerkchief Printer and Finisher Master
Handk-f Ornamenter,1,Handk f Ornamenter
Handkef-Folder,1,Handkef Folder
Handkerchief Folder in - Wareroom,1,Handkerchief Folder in Wareroom
Handkerchief Folder in Ware-Room Vice Folder,1,Handkerchief Folder in Ware Room Vice Folder
Handkerchief Printer and Finisher (Master),1,Handkerchief Printer and Finisher Master
Handkerchief Sample-Maker,1,Handkerchief Sample Maker
Handkerchief-Coml. Clerk,1,Handkerchief Coml. Clerk
Handkerchief-Factory Manager,1,Handkerchief Factory Manager
Handkerchief-Machinist,1,Handkerchief Machinist
Handkerchif - Folder,1,Handkerchif Folder
Handloom Linen-Weaver,1,Handloom Linen Weaver
Handy-Man,1,Handy Man
Hank-Winder,1,Hank Winder
Hansitcher (Linen),1,Hansitcher Linen
Hantsman-Domestic Serv.,1,Hantsman Domestic Serv.
Hard-Publican,1,Hard Publican
Hard-Ware Hawker,1,Hard Ware Hawker
Hardware (Shopman),1,Hardware Shopman
Hardware - agent,1,Hardware agent
Hardware - Assistant,1,Hardware Assistant
Hardware - Porter,1,Hardware Porter
Hardware Sales-Man,1,Hardware Sales Man
Hardware-Apprentice,1,Hardware Apprentice
Harnerss-Maker Master,1,Harnerss Maker Master
Harnesmaker (Master),1,Harnesmaker Master
Harness Maker-Master,1,Harness Maker Master
Harness-M-Apprintice,1,Harness M Apprintice
Harness-Maker (Unemployed),1,Harness Maker Unemployed
Harness-Maker Apprentice,1,Harness Maker Apprentice
Harness-Maker Journeyman,1,Harness Maker Journeyman
Harness-Maker's Apperntice,1,Harness Maker's Apperntice
Harness-Maker's Daughter,1,Harness Maker's Daughter
Harness-Maker's Widow,1,Harness Maker's Widow
Harness-Maker's Wife,1,Harness Maker's Wife
Harness-Maker-Saddler,1,Harness Maker Saddler
Harnessmaker (Master),1,Harnessmaker Master
Harnessmaker - Masters,1,Harnessmaker Masters
Has been Domestic Servant (Nurse) Now Living on My Savings,1,Has been Domestic Servant Nurse Now Living on My Savings
Hat - Trimmer,1,Hat Trimmer
Hatter (Shaper),1,Hatter Shaper
Hatter-Finisher,1,Hatter Finisher
Hatter-Master,1,Hatter Master
Hawker-Fish,1,Hawker Fish
Hawker-Lied,1,Hawker Lied
Hay-Dealer,1,Hay Dealer
Hd Game Keeper-Domestic Servant,1,Hd Game Keeper Domestic Servant
Hd. Const-R.I.C,1,Hd. Const R.I.C
Head Attendt-Asylum,1,Head Attendt Asylum
Head Const R I C (Retired),1,Head Const R I C Retired
Head Constable R.I.C (Retired),1,Head Constable R.I.C Retired
Head Gardener-Domestic Servant,1,Head Gardener Domestic Servant
Head Master (M.A.),1,Head Master M.A.
"Head Master, Ulster Provincial School, Bachelor of Arts (London) Bachelor of Science (London and Victoria)",1,"Head Master, Ulster Provincial School, Bachelor of Arts London Bachelor of Science London and Victoria"
Head of Depart in Messrs- Jocab and Co,1,Head of Depart in Messrs Jocab and Co
Head of Family-Boatman,1,Head of Family Boatman
Head of Hill Department Ordnance Survey (Retired),1,Head of Hill Department Ordnance Survey Retired
Head Stable - Man,1,Head Stable Man
Head Teacher in School of Cookey-Laundry etc,1,Head Teacher in School of Cookey Laundry etc
Head Waiter in (Officers Mess),1,Head Waiter in Officers Mess
Head-Brewer,1,Head Brewer
Head-Constable R I. Consty (Superarmusted) and Land Agent's Assistant,1,Head Constable R I. Consty Superarmusted and Land Agent's Assistant
Head-Cook Domestic Servant,1,Head Cook Domestic Servant
Head-Master Inter. School,1,Head Master Inter. School
Head-Sale's Woman,1,Head Sale's Woman
Head-Waiter,1,Head Waiter
Head-Waiter Hotel,1,Head Waiter Hotel
Heater Boy (Shipyard),1,Heater Boy Shipyard
Heater-Boy,1,Heater Boy
Heddle-Maker,1,Heddle Maker
Help (Mothers),1,Help Mothers
Helper (Licensed Premises),1,Helper Licensed Premises
Helper (Mothers),1,Helper Mothers
Hem - Stitcher,1,Hem Stitcher
Hem-Stich Machineist,1,Hem Stich Machineist
Hem-sticher,1,Hem sticher
Hem-Stitchor,1,Hem Stitchor
Hemstetcher (Factory),1,Hemstetcher Factory
Hemstiching (Machine),1,Hemstiching Machine
Hemstitcher (Factory),1,Hemstitcher Factory
Hemstitcher Lower-Factory,1,Hemstitcher Lower Factory
"Hemstitching, (Machine)",1,"Hemstitching, Machine"
Heraldie Engraver (Master),1,Heraldie Engraver Master
Herd (Domestic Servant,1,Herd Domestic Servant
Herd (Shepd),1,Herd Shepd
Herd (Sheperd),1,Herd Sheperd
Herd (Shop Herd),1,Herd Shop Herd
Herd - Gamekeeper,1,Herd Gamekeeper
Herd - Servant,1,Herd Servant
Herd and Care-Taker,1,Herd and Care Taker
Herd and Caretaker (Shepherd),1,Herd and Caretaker Shepherd
Herd and Cattle-Drover,1,Herd and Cattle Drover
Herd Boy-Servant,1,Herd Boy Servant
Herd-Agricultural Labourer,1,Herd Agricultural Labourer
Herd-Caretaker,1,Herd Caretaker
Herd-Coy,1,Herd Coy
Herd-Girl,1,Herd Girl
Herd-Not Employed,1,Herd Not Employed
Herd-Retired Agricultural Labourer,1,Herd Retired Agricultural Labourer
Herd-Waiter D. Servant,1,Herd Waiter D. Servant
Herds - Man,1,Herds Man
Herds son,1,Herd's Son
Herds-Domestic-Servant,1,Herds Domestic Servant
Herds-Man Domestic Servant,1,Herds Man Domestic Servant
Herdsman (Farm Labourer),1,Herdsman Farm Labourer
Herdsman-Domc.Servt.,1,Herdsman Domc.Servt.
Herdsman-on Leave at Present,1,Herdsman on Leave at Present
Herdsman-Shephard,1,Herdsman Shephard
Herdsmans-Domestic Servant,1,Herdsmans Domestic Servant
Hickle Setting (Linen),1,Hickle Setting Linen
Hide-Merchant,1,Hide Merchant
High Sheriff in Co Tipperary Magistrate Barrister at Law-not Practising,1,High Sheriff in Co Tipperary Magistrate Barrister at Law not Practising
Hired- Farm Labourer,1,Hired Farm Labourer
Ho and Parlour Maid-Domestic Servant,1,Ho and Parlour Maid Domestic Servant
Ho Carpenter (House),1,Ho Carpenter House
Ho. Maid-Domestic Servant,1,Ho. Maid Domestic Servant
Hoist-Man,1,Hoist Man
Hoist-Man Factory,1,Hoist Man Factory
Holder - Up,1,Holder Up
Holder - Up In Shipyard,1,Holder Up In Shipyard
Holder on-Ship Yard,1,Holder on Ship Yard
Holder up (Ship Yard),1,Holder up Ship Yard
Holder Up (Shipyard),1,Holder Up Shipyard
Holder-in Ship Yard,1,Holder in Ship Yard
"Holder-on, Shipyard",1,"Holder on, Shipyard"
Holder-Up (Shipyard),1,Holder Up Shipyard
Holder-Up in Shipyard,1,Holder Up in Shipyard
Holder-Up Rivetters,1,Holder Up Rivetters
Holder-Up Ship Yard,1,Holder Up Ship Yard
Holf Te? - Mill,1,Holf Te? Mill
Holoter-Up in Ship Yard,1,Holoter Up in Ship Yard
Holy-Orders and Degrees R. C. Clergyman,1,Holy Orders and Degrees R. C. Clergyman
Home (Employed),1,Home Employed
Home - Work,1,Home Work
Home Maid-Domestic Servant,1,Home Maid Domestic Servant
Home Worker-Knitter,1,Home Worker Knitter
"Home, House-Work",1,"Home, House Work"
Home-Worker Kniffer,1,Home Worker Kniffer
Hon L Colonel 3rd-? Royal Dublin Fus,1,Hon L Colonel 3rd ? Royal Dublin Fus
Honorable Daughter of a Peer of the Realine Land Agent-Capl Solicitor,1,Honorable Daughter of a Peer of the Realine Land Agent Capl Solicitor
Hopper-Man,1,Hopper Man
Horness Maker (Journeyman),1,Horness Maker Journeyman
Horse - Buyer,1,Horse Buyer
Horse - Dealer,1,Horse Dealer
Horse Parlour Maid-Domestic Servant,1,Horse Parlour Maid Domestic Servant
Horse Shoer and General - Smith,1,Horse Shoer and General Smith
Horse Shoes-Master,1,Horse Shoes Master
Horse Trainer (Domestic Servant),1,Horse Trainer Domestic Servant
Horse Trainer in Colonies (Unemployed),1,Horse Trainer in Colonies Unemployed
Horse Trainer-Domestic Svt,1,Horse Trainer Domestic Svt
Horse-Breaker,1,Horse Breaker
Horse-Cattle Dealer,1,Horse Cattle Dealer
Horse-Farmer,1,Horse Farmer
Horse-Jockey,1,Horse Jockey
Horse-Keeper,1,Horse Keeper
Horse-Keeper in Stable Yards,1,Horse Keeper in Stable Yards
Horse-Trainer - Labourer,1,Horse Trainer Labourer
Horse-Traner,1,Horse Traner
Horseman (Trainer),1,Horseman Trainer
Horseman-Groom,1,Horseman Groom
Horseshoer - Master,1,Horseshoer Master
Hos Maid-Dome Servt,1,Hos Maid Dome Servt
Hose-Knitter,1,Hose Knitter
Hosier (Master),1,Hosier Master
Hosier (Woollen Factory),1,Hosier Woollen Factory
Hosiery-Knitter,1,Hosiery Knitter
Hosiery-Machine Knitter,1,Hosiery Machine Knitter
Hosiery-Worker,1,Hosiery Worker
Hospital Nurse (on Cane),1,Hospital Nurse on Cane
Hospital Nurse (Practioner),1,Hospital Nurse Practioner
Hospital Nurse - Geneva Cross,1,Hospital Nurse Geneva Cross
Hospital Nurse of Workhouse (Trainer),1,Hospital Nurse of Workhouse Trainer
Hospital Nurse-Matron,1,Hospital Nurse Matron
Hospital Nurse-Retired,1,Hospital Nurse Retired
Hospital Trannied Nurse (Matron),1,Hospital Trannied Nurse Matron
Hospital-Male Attendant,1,Hospital Male Attendant
Hostler-Domestic Servnt,1,Hostler Domestic Servnt
Hotel - Keeper,1,Hotel Keeper
Hotel - Keepers Daughter,1,Hotel Keepers Daughter
Hotel - Porter Domestic Servant,1,Hotel Porter Domestic Servant
Hotel Books-Servant,1,Hotel Books Servant
Hotel Cook-Unemployed,1,Hotel Cook Unemployed
Hotel Porter (Domestic),1,Hotel Porter Domestic
Hotel Porter-Domestic Servant,1,Hotel Porter Domestic Servant
Hotel Proprietor and Auctioner (and Town Commissioner),1,Hotel Proprietor and Auctioner and Town Commissioner
Hotel Proprietor Publican (General Merchant),1,Hotel Proprietor Publican General Merchant
Hotel Servant (Boots),1,Hotel Servant Boots
Hotel Servant-Book,1,Hotel Servant Book
Hotel Servant-Boots,1,Hotel Servant Boots
Hotel Server-Domestice Servant,1,Hotel Server Domestice Servant
Hotel Waitress-Domestic Servant,1,Hotel Waitress Domestic Servant
Hotel- Porter,1,Hotel Porter
Hotel-Barmaid,1,Hotel Barmaid
Hotel-Boots,1,Hotel Boots
Hotel-Cook,1,Hotel Cook
Hotel-Housemaid,1,Hotel Housemaid
Hotel-Keeper and Spirit Licensed,1,Hotel Keeper and Spirit Licensed
Hotel-Keeper's Wife,1,Hotel Keeper's Wife
Hotel-Waitress,1,Hotel Waitress
Hous - Keeper,1,Housekeeper
House (Hospital),1,House Hospital
House (Wife),1,Housewife
House - Carpenter,1,House Carpenter
House - Dividends,1,House Dividends
House - Keeper (Domestic),1,House Keeper Domestic
House - Kepper,1,House Kepper
House - Maid - Domestic Servt,1,House Maid Domestic Servt
House - Maid - General,1,House Maid General
House - Maid D Servant,1,House Maid D Servant
House - Maid D. Servant,1,House Maid D. Servant
House - Maid Domestic Servt,1,House Maid Domestic Servt
House - Mistress,1,House Mistress
House - Painter - Master,1,House Painter Master
House - Parlour Maid,1,House Parlour Maid
House - Parlourmaid (Servant),1,House Parlourmaid Servant
House - Plumber,1,House Plumber
House - Plumber Unemployed,1,House Plumber Unemployed
House - wife,1,Housewife
House -Keeper,1,Housekeeper
House Agent-Postman,1,House Agent Postman
House and Carlor - Maid Domestic Servant,1,House and Carlor Maid Domestic Servant
House and Estate Agent Sub-Postmaster,1,House and Estate Agent Sub Postmaster
House and Palour Maid-Domestic Servant,1,House and Palour Maid Domestic Servant
House and Par-Maid-Domestic Servt,1,House and Par Maid Domestic Servt
House and Parlour - Maid,1,House and Parlour Maid
House and Parlour maid - Domestic Servant,1,House and Parlour maid Domestic Servant
House and Parlour Maid - Domestic Servant,1,House and Parlour Maid Domestic Servant
House and Parlourmaid (Domestic),1,House and Parlourmaid Domestic
House Carpenter (Apprentice),1,House Carpenter Apprentice
House Carpenter (Master),1,House Carpenter Master
House Carpenter (Retired),1,House Carpenter Retired
House Carpenter-Unemployed,1,House Carpenter Unemployed
House Decorater (Master),1,House Decorater Master
House Decoration (Manager),1,House Decoration Manager
House Furnisher (Master),1,House Furnisher Master
House Furnisher-Master,1,House Furnisher Master
House Holder (Farmers Wife),1,House Holder Farmers Wife
house Keeper,1,Housekeeper
House Keeper (Assist),1,House Keeper Assist
House Keeper (Assistant),1,House Keeper Assistant
House Keeper (D Servant),1,House Keeper D Servant
House Keeper (D. Servant),1,House Keeper D. Servant
House Keeper (Do Se),1,House Keeper Do Se
House Keeper (Dom Servant),1,House Keeper Dom Servant
House Keeper (Domestic,1,House Keeper Domestic
House Keeper (Domestic S),1,House Keeper Domestic S
House Keeper (Domestic Servt),1,House Keeper Domestic Servt
House Keeper (General),1,House Keeper General
House Keeper (HC),1,House Keeper HC
House Keeper (In recpt of Relief Money),1,House Keeper In recpt of Relief Money
House Keeper (Land Commission Offices),1,House Keeper Land Commission Offices
House Keeper (Own Home),1,House Keeper Own Home
House Keeper (Retired),1,House Keeper Retired
House Keeper (Unemployed),1,House Keeper Unemployed
House Keeper - Domestic,1,House Keeper Domestic
House Keeper - Game Keeper,1,House Keeper Game Keeper
House Keeper - Wife,1,House Keeper Wife
House Keeper and (Small) Farmer,1,House Keeper and Small Farmer
House Keeper and Domestic-Servant,1,House Keeper and Domestic Servant
House Keeper and General Servant (Domestic),1,House Keeper and General Servant Domestic
House keeper at home,1,Housekeeper at Home
House Keeper Dom-Servt,1,House Keeper Dom Servt
House Keeper or House-Holder,1,House Keeper or House Holder
House Keeper's Sister-in-law,1,House Keeper's Sister in law
House Keeper(Domest Servt),1,House KeeperDomest Servt
House Keeper- Domestic Sert,1,House Keeper Domestic Sert
House Keeper- Domestic Servant,1,House Keeper Domestic Servant
House Keeper-(Domestic Servant),1,House Keeper Domestic Servant
House Keeper-Assistant,1,House Keeper Assistant
House Keeper-Cook,1,House Keeper Cook
House Keeper-Dom Dentist,1,House Keeper Dom Dentist
House Keeper-Dom Servt,1,House Keeper Dom Servt
House Keeper-Dom. Servt,1,House Keeper Dom. Servt
House Keeper-Domestic Ser,1,House Keeper Domestic Ser
House Keeper-Domestic Serv,1,House Keeper Domestic Serv
House keeper-Domestic Servant,1,House keeper Domestic Servant
House Keeper-Domestic Sevt,1,House Keeper Domestic Sevt
House Keeper-Domst,1,House Keeper Domst
House Keeper-General,1,House Keeper General
House Keeper-Retired,1,House Keeper Retired
House Keeper. (Home),1,House Keeper. Home
House Keeping-At home,1,House Keeping At home
House Keeping-General,1,House Keeping General
House Made (Domestic Servant),1,House Made Domestic Servant
House Made-Domestic Servant,1,House Made Domestic Servant
house Maid,1,Housemaid
House Maid (2nd),1,House Maid 2nd
House Maid (Cook) General Servant Domestic,1,House Maid Cook General Servant Domestic
House Maid (Dom Servt),1,House Maid Dom Servt
House maid (domestic servant),1,House maid domestic servant
House Maid (Domestic Servt),1,House Maid Domestic Servt
House Maid (Servant Domestic),1,House Maid Servant Domestic
House Maid (Servant),1,House Maid Servant
House Maid (Sick),1,House Maid Sick
House Maid - Domest Ser,1,House Maid Domest Ser
House maid - Domestic,1,House maid Domestic
House Maid - Domestic Sert,1,House Maid Domestic Sert
House Maid - Domestic Servt,1,House Maid Domestic Servt
House Maid - Domestic Svt,1,House Maid Domestic Svt
House maid and (Domestic Servant),1,House maid and Domestic Servant
House Maid and c (D S),1,House Maid and c D S
House Maid and Parlor Maid Servant-Domestic,1,House Maid and Parlor Maid Servant Domestic
House Maid D-Ser,1,House Maid D Ser
House Maid D-Sr,1,House Maid D Sr
House Maid Domest - Serv,1,House Maid Domest Serv
House Maid Domestic Servant (Unemployed),1,House Maid Domestic Servant Unemployed
House Maid Domestic Servant-Unemployed,1,House Maid Domestic Servant Unemployed
House Maid Domestic- Servt,1,House Maid Domestic Servt
House Maid Servant-Domestic,1,House Maid Servant Domestic
"House Maid, D-Servant",1,"House Maid, D Servant"
House Maid- Domestic Servant,1,House Maid Domestic Servant
House Maid-D. Servant,1,House Maid D. Servant
House Maid-Dom. Serv.,1,House Maid Dom. Serv.
House Maid-Dom. Servt,1,House Maid Dom. Servt
House Maid-Dom.-Servt.,1,House Maid Dom. Servt.
House Maid-Domes,1,House Maid Domes
House Maid-Domestic S,1,House Maid Domestic S
House maid-Domestic Servant,1,House maid Domestic Servant
House Maid-Domestic Servt.,1,House Maid Domestic Servt.
House Maid-Doms Servt,1,House Maid Doms Servt
House Maid-Night Duty,1,House Maid Night Duty
House Maid-Waitress,1,House Maid Waitress
House Painter (Apprentice),1,House Painter Apprentice
House Painter (Foreman),1,House Painter Foreman
House Painter (Working) and Sexton St Marys Church Mary St,1,House Painter Working and Sexton St Marys Church Mary St
House Painter-Decorator,1,House Painter Decorator
House Parlor Maid-Dom Servt,1,House Parlor Maid Dom Servt
House Parlour Maid (Domestic Servant),1,House Parlour Maid Domestic Servant
House Parlour Maid D-Servant,1,House Parlour Maid D Servant
House Parlour Maid-Dom. Servant,1,House Parlour Maid Dom. Servant
House Parlour-Maid Domestic Servant,1,House Parlour Maid Domestic Servant
House Parlourmaid (Domestic Servant),1,House Parlourmaid Domestic Servant
House Parlourmaid-Domestic Servant,1,House Parlourmaid Domestic Servant
House Rents (Living on),1,House Rents Living on
House Servant (Domestic Servant),1,House Servant Domestic Servant
House Servant (Domestic) Yardman and Gardener,1,House Servant Domestic Yardman and Gardener
House Servant-Dom,1,House Servant Dom
House Servant-General,1,House Servant General
House Smith (Master),1,House Smith Master
House Steward (Domestic Servant),1,House Steward Domestic Servant
House Steward-Dom. Sert,1,House Steward Dom. Sert
House Steward-Domestic,1,House Steward Domestic
House Wife (Grocer's Wife),1,House Wife Grocer's Wife
house work,1,Housework
House Work-Domestic Servant,1,House Work Domestic Servant
House Work-Out,1,House Work Out
House- Keeping,1,House Keeping
House- Maid Domestic Servant,1,House Maid Domestic Servant
House-Agent,1,House Agent
House-Assistant,1,House Assistant
House-Builder Labourer,1,House Builder Labourer
House-Builder's Labourer,1,House Builder's Labourer
House-Business,1,House Business
House-Dealer,1,House Dealer
House-Dividends,1,House Dividends
House-Domestic Servt,1,House Domestic Servt
House-Duties,1,House Duties
House-Factor,1,House Factor
House-Heeper,1,House Heeper
House-Help,1,House Help
House-Helper,1,House Helper
House-hold Work,1,House hold Work
House-Hold Work,1,House Hold Work
House-Hold-Duties,1,House Hold Duties
House-Keeper (Assis),1,House Keeper Assis
House-Keeper (Domestic),1,House Keeper Domestic
House-Keeper (General),1,House Keeper General
House-keeper :Domestic,1,House keeper :Domestic
House-Keeper and Clerk,1,House Keeper and Clerk
House-Keeper Army Fitter,1,House Keeper Army Fitter
House-Keeper Assistant ?,1,House Keeper Assistant ?
House-keeper at Home,1,Housekeeper at Home
House-Keeper Dt,1,House Keeper Dt
House-Keeper None,1,House Keeper None
House-Keeper of Family,1,House Keeper of Family
House-Keeper or Domerstic Servant,1,House Keeper or Domerstic Servant
House-Keeper to her Brother,1,House Keeper to her Brother
House-Keeper Unemployed,1,House Keeper Unemployed
"House-Keeper, Cook Dom. Servt",1,"House Keeper, Cook Dom. Servt"
"House-Keeper, Domestic",1,"House Keeper, Domestic"
House-Keeper-Domestic Servan,1,House Keeper Domestic Servan
House-Keepers Daughter,1,House Keepers Daughter
House-Keeping Assistant,1,House Keeping Assistant
House-Keeping-Mistress,1,House Keeping Mistress
House-Keepr,1,House Keepr
House-Keeps,1,House Keeps
House-Kyeeper,1,House Kyeeper
House-Landlord,1,House Landlord
House-Maid (Domestic Servant),1,House Maid Domestic Servant
House-maid - Domestic Servant,1,House maid Domestic Servant
House-Maid D. Servant,1,House Maid D. Servant
House-Maid Dom. Servant,1,House Maid Dom. Servant
House-Maid Domc Servt,1,House Maid Domc Servt
House-Maid Domesic,1,House Maid Domesic
House-Maid Domestic S,1,House Maid Domestic S
House-Maid Domestic Ser,1,House Maid Domestic Ser
House-Maid Domestic Serv.,1,House Maid Domestic Serv.
House-Maid Domestic Svt,1,House Maid Domestic Svt
House-Maid Domestic-Servant,1,House Maid Domestic Servant
House-Maid Not Employed,1,House Maid Not Employed
House-Maid Servant,1,House Maid Servant
House-Maid Unemployed,1,House Maid Unemployed
"House-Maid, Domestic",1,"House Maid, Domestic"
"House-Maid, Domestic Servt.",1,"House Maid, Domestic Servt."
House-Maid-Dom. Servt,1,House Maid Dom. Servt
House-Maid-Domestic Servat,1,House Maid Domestic Servat
House-Maid-Domestic Servt,1,House Maid Domestic Servt
House-Maid-Domtc Servant,1,House Maid Domtc Servant
House-Maid-Servant Domestic,1,House Maid Servant Domestic
House-Maid. Domestic Servant,1,House Maid. Domestic Servant
House-Maid. Domestic-Servant,1,House Maid. Domestic Servant
House-Painter Glazier and,1,House Painter Glazier and
House-Parl Maid Dom. Serv.,1,House Parl Maid Dom. Serv.
House-Parlour Maid - Domestic Servant,1,House Parlour Maid Domestic Servant
House-Parlour Maid Domestic Servnat,1,House Parlour Maid Domestic Servnat
House-Parlour Maid-Domestic Servant,1,House Parlour Maid Domestic Servant
House-Parlour maid-Domestic Servant,1,House Parlour maid Domestic Servant
House-Parlourmaid-Domestic,1,House Parlourmaid Domestic
House-Parlourmaid-Domestic Servant,1,House Parlourmaid Domestic Servant
House-Perlour Maid Domestic Servant,1,House Perlour Maid Domestic Servant
House-Property,1,House Property
House-Property None,1,House Property None
House-Proprietor,1,House Proprietor
House-Proprietrers,1,House Proprietrers
House-Propritrers (Tram-Company),1,House Propritrers Tram Company
House-Servant General,1,House Servant General
House-Smith,1,House Smith
House-Wife Mistress,1,House Wife Mistress
House-Work and C,1,House Work and C
Houseboy-Domestic Servant,1,Houseboy Domestic Servant
Household Duties (Only),1,Household Duties Only
Household Property Owner-No Occupation,1,Household Property Owner No Occupation
Household-Business,1,Household Business
Household-Duties,1,Household Duties
Householder-Income on House Property,1,Householder Income on House Property
Housekeeper (Assist),1,Housekeeper Assist
Housekeeper (Assistant at Home),1,Housekeeper Assistant at Home
Housekeeper (At Home),1,Housekeeper At Home
Housekeeper (Cook),1,Housekeeper Cook
Housekeeper (D),1,Housekeeper D
Housekeeper (Supported by her Family Who Are in America),1,Housekeeper Supported by her Family Who Are in America
Housekeeper (Unemployed),1,Housekeeper Unemployed
Housekeeper - at Home,1,Housekeeper at Home
Housekeeper - Domes,1,Housekeeper Domes
Housekeeper - Farmer,1,Housekeeper Farmer
Housekeeper - Unemployed,1,Housekeeper Unemployed
Housekeeper -Domestic,1,Housekeeper Domestic
Housekeeper and Cook-Domestic Servant,1,Housekeeper and Cook Domestic Servant
Housekeeper and General Servant - Domestic,1,Housekeeper and General Servant Domestic
Housekeeper Dom-Ser,1,Housekeeper Dom Ser
Housekeeper Not-Employed,1,Housekeeper Not Employed
"Housekeeper, (Cook)",1,"Housekeeper, Cook"
Housekeeper-Caretaker,1,Housekeeper Caretaker
Housekeeper-D Servant,1,Housekeeper D Servant
Housekeeper-Dom. Servt.,1,Housekeeper Dom. Servt.
Housekeeper-Domestic Sert,1,Housekeeper Domestic Sert
Housekeeper-Domestic Serv,1,Housekeeper Domestic Serv
HouseKeeper-Domestic Servant,1,HouseKeeper Domestic Servant
Housekeeper-Domestic Servant General,1,Housekeeper Domestic Servant General
Housekeeper-Domestic Servant Retired from Business,1,Housekeeper Domestic Servant Retired from Business
Housekeeper-Domestic Sevt,1,Housekeeper Domestic Sevt
Housekeeper-Farmer,1,Housekeeper Farmer
Housekeeper-Formery,1,Housekeeper Formery
HouseKeeper-Home,1,HouseKeeper Home
Housekeeper-Nun,1,Housekeeper Nun
Housekeeper-Servant Domestic,1,Housekeeper Servant Domestic
Housekeeper-Unemployed,1,Housekeeper Unemployed
Housekeeping for her Son-No other Occupation,1,Housekeeping for her Son No other Occupation
Housekeer-General,1,Housekeer General
Housekeper-Domestic,1,Housekeper Domestic
Housemaid (D S),1,Housemaid D S
Housemaid (Domest S),1,Housemaid Domest S
Housemaid (Domest Servt),1,Housemaid Domest Servt
Housemaid (Domestic Sernt),1,Housemaid Domestic Sernt
Housemaid (Domestic Servt),1,Housemaid Domestic Servant
Housemaid (Unemployed),1,Housemaid Unemployed
Housemaid - D Servant,1,Housemaid D Servant
Housemaid - Domest,1,Housemaid Domest
Housemaid - Domestic Ser,1,Housemaid Domestic Ser
Housemaid and (Domestic Servant),1,Housemaid and Domestic Servant
Housemaid and Parlourmaid-Domestic Servant,1,Housemaid and Parlourmaid Domestic Servant
Housemaid Dom-Servt,1,Housemaid Dom Servt
Housemaid Domestic Servant-Unemployed,1,Housemaid Domestic Servant Unemployed
Housemaid Domestic Servt (In Charge),1,Housemaid Domestic Servt In Charge
Housemaid Domestic-Servant,1,Housemaid Domestic Servant
Housemaid Servant (Cook),1,Housemaid Servant Cook
Housemaid Servant (Domestic),1,Housemaid Servant Domestic
Housemaid Servent (Domestic),1,Housemaid Servent Domestic
"Housemaid,-Domestic Servt",1,"Housemaid, Domestic Servt"
Housemaid- Domestic,1,Housemaid Domestic
Housemaid- Domestic Servant,1,Housemaid Domestic Servant
Housemaid-D. Sert,1,Housemaid D. Sert
Housemaid-Dc Sert,1,Housemaid Dc Sert
Housemaid-Dom,1,Housemaid Dom
Housemaid-Dom Sernt,1,Housemaid Dom Sernt
Housemaid-Dom-Servant,1,Housemaid Dom Servant
Housemaid-Dom-Servt,1,Housemaid Dom Servt
Housemaid-Dom. Svt,1,Housemaid Dom. Svt
Housemaid-Dom.Servant,1,Housemaid Dom.Servant
Housemaid-Domest Servt,1,Housemaid Domest Servt
Housemaid-Domestic S.,1,Housemaid Domestic S.
Housemaid-Domestic Servat,1,Housemaid Domestic Servat
Housemaid-Domestic Service,1,Housemaid Domestic Service
Housemaid-Domestic Servnt,1,Housemaid Domestic Servnt
Housemaid-Domestic Unemployed,1,Housemaid Domestic Unemployed
Housemaid-Domsetic,1,Housemaid Domsetic
Housemaid-General Domestic Servant,1,Housemaid General Domestic Servant
Housemaid-Servant Domestic,1,Housemaid Servant Domestic
Housemd Domtc - Servt,1,Housemd Domtc Servt
Housemen's-Domestic,1,Housemen's Domestic
Houskeeper (Home),1,Houskeeper Home
Houskeeper-Domestic Servant,1,Houskeeper Domestic Servant
Huckster-Sweets,1,Huckster Sweets
Hunts-Man,1,Hunts Man
Huse keeper,1,Housekeeper
Huse-Keeper,1,Housekeeper
Huse-Work,1,Huse Work
Huxter-Cakes and c,1,Huxter Cakes and c
Hydraclic-Engineer,1,Hydraclic Engineer
I P Co Down-Land Agent,1,I P Co Down Land Agent
I P for Co Carlow of Retired Resident-Majer Trade,1,I P for Co Carlow of Retired Resident Majer Trade
I P-Retired Bank Manager,1,I P Retired Bank Manager
I.P-Woollen Draper,1,I.P Woollen Draper
I.P. for Co Donegal Colonel R.A. (Retired) Farmer,1,I.P. for Co Donegal Colonel R.A. Retired Farmer
"I.P.Co: Meath-Income Derived from Land, Dividends and c",1,"I.P.Co: Meath Income Derived from Land, Dividends and c"
I.W. Dentist L D S Col Living-Edinburgh,1,I.W. Dentist L D S Col Living Edinburgh
Improver Gardener-Domestic Servant,1,Improver Gardener Domestic Servant
In Biscuit Working-Factory,1,In Biscuit Working Factory
In Coal Yard-Labourer,1,In Coal Yard Labourer
In Drawer (Linen),1,In Drawer Linen
In Factory (Genl Labr),1,In Factory Genl Labr
In Holy Orders M - A,1,In Holy Orders M A
In Irish head Commission Clerk (Boy Copyist),1,In Irish head Commission Clerk Boy Copyist
In Linen Weaving Factory Yarn Drawer-In,1,In Linen Weaving Factory Yarn Drawer In
In Receipt of an Annuity of E 10 and R D for Life from Mr J (Barry Forest),1,In Receipt of an Annuity of E 10 and R D for Life from Mr J Barry Forest
In Receipt of Maintenance from Son (Tosha),1,In Receipt of Maintenance from Son Tosha
In Receipt-of Outdoor Relief and No Occupation,1,In Receipt of Outdoor Relief and No Occupation
In Service (General),1,In Service General
In Ware-Room,1,In Ware Room
Incom from Domestics-Retired Houe Keeper,1,Incom from Domestics Retired Houe Keeper
Incom- from Dividends No Occupation,1,Incom from Dividends No Occupation
Income - House Property,1,Income House Property
Income Derived from House-Property,1,Income Derived from House Property
Income Derived from Land (Fee Simples),1,Income Derived from Land Fee Simples
Income Derived from Rents-House Property,1,Income Derived from Rents House Property
Income from (Dividends),1,Income from Dividends
Income from (Houses),1,Income from Houses
Income From House (Property),1,Income From House Property
Income from House Property (Railway Stocky),1,Income from House Property Railway Stocky
Income From House-Property,1,Income From House Property
Income From Land (Perpetuity) and Dividends and Undergraduate,1,Income From Land Perpetuity and Dividends and Undergraduate
Income from Lands Dividends Interest of Money-Houses Gr,1,Income from Lands Dividends Interest of Money Houses Gr
Income From Profit-Rent of Farm,1,Income From Profit Rent of Farm
Income from-Dividends,1,Income from Dividends
Income Public Works Dept (Retired),1,Income Public Works Dept Retired
Income-Chiefly from Dividend and Sheils Institution Stillorgan,1,Income Chiefly from Dividend and Sheils Institution Stillorgan
Income-Houses and Dividends,1,Income Houses and Dividends
Income-Interest from Money on Land,1,Income Interest from Money on Land
Income-Interest from Money on Land-Retired Farmer,1,Income Interest from Money on Land Retired Farmer
Income-Invested,1,Income Invested
"Incumbant Church of Ireland (B.A., T.C.D.)",1,"Incumbant Church of Ireland B.A., T.C.D."
Incumbent of Askill-Sergert Church of Ireland,1,Incumbent of Askill Sergert Church of Ireland
Incumbent of St Anne Shandon (Church of Ireland),1,Incumbent of St Anne Shandon Church of Ireland
Incumbert of Patrick C of Ireland (Bally ?),1,Incumbert of Patrick C of Ireland Bally ?
Incumbleat of Muckanre (Ch of Ireland) Bachelor of Divinity,1,Incumbleat of Muckanre Ch of Ireland Bachelor of Divinity
Independant Means (Divids),1,Independant Means Divids
"Independent Order Good Templars, Grand Sect-Irish",1,"Independent Order Good Templars, Grand Sect Irish"
India Rubber Warehouse-Assistant,1,India Rubber Warehouse Assistant
Indian C. S. (Retired),1,Indian C. S. Retired
Indian Civil Service (Retired) Barrister (not Practice) B.A L L D.,1,Indian Civil Service Retired Barrister not Practice B.A L L D.
Indian Civil Service (Retired) on Pension,1,Indian Civil Service Retired on Pension
Indian Service (Retired),1,Indian Service Retired
Indoor Servant-Domestic,1,Indoor Servant Domestic
Indoor-Domestic Servant,1,Indoor Domestic Servant
Industrial-Scholar,1,Industrial Scholar
Indyst Lady - No Business,1,Indyst Lady No Business
Inf. Nurse (Retired),1,Inf. Nurse Retired
Infant (Distillery),1,Infant Distillery
Infant (No Oct),1,Infant No Oct
Infantry (Soldier),1,Infantry Soldier
Infantry Major 2nd Kings L'pool Resgt (Active List),1,Infantry Major 2nd Kings L'pool Resgt Active List
Infantry Soldier-Sergeant,1,Infantry Soldier Sergeant
Inflamory Fitter (at Works),1,Inflamory Fitter at Works
Inland Rev. Officer (England) Trande and Tenant Farmer,1,Inland Rev. Officer England Trande and Tenant Farmer
Inland Revenue (Asst),1,Inland Revenue Asst
Inland Revenue (Out Door),1,Inland Revenue Out Door
Inland Revenue (Outdoor) Officer,1,Inland Revenue Outdoor Officer
Inland Revenue (Principal Clerk),1,Inland Revenue Principal Clerk
Inland Revenue (Taxes Branch),1,Inland Revenue Taxes Branch
Inland Revenue Department (1st Class Officer Excise),1,Inland Revenue Department 1st Class Officer Excise
Inland Revenue Depot (Second Division Clerk),1,Inland Revenue Depot Second Division Clerk
Inland Revenue Office 1st Class (Excise Branch),1,Inland Revenue Office 1st Class Excise Branch
Inland Revenue Officer (1st Class),1,Inland Revenue Officer 1st Class
Inland Revenue Officer (2 Class),1,Inland Revenue Officer 2 Class
Inland Revenue Officer (Assistant),1,Inland Revenue Officer Assistant
Inland Revenue Officer (Excise Branch) 1st Class,1,Inland Revenue Officer Excise Branch 1st Class
Inland Revenue Officer (Excise Brenah),1,Inland Revenue Officer Excise Brenah
Inland Revenue Officer (Excise Department),1,Inland Revenue Officer Excise Department
Inland Revenue Officer (Excise),1,Inland Revenue Officer Excise
Inland Revenue Officer 1st Class (Excise Branch),1,Inland Revenue Officer 1st Class Excise Branch
Inland Revenue Officer 1st Class (Excise Department),1,Inland Revenue Officer 1st Class Excise Department
Inland Revenue Officer of Excise Branch (Assistant),1,Inland Revenue Officer of Excise Branch Assistant
"Inland Revenue, (Excise Department)",1,"Inland Revenue, Excise Department"
Inld-Revenue Officer 1st?,1,Inld Revenue Officer 1st?
Inspector (I N R G O),1,Inspector I N R G O
Inspector Coryested District Board Surveyor M.A (Oxford),1,Inspector Coryested District Board Surveyor M.A Oxford
Inspector Local Gov. Bd. (T),1,Inspector Local Gov. Bd. T
Inspector of Nat-School Ireland,1,Inspector of Nat School Ireland
Inspector of Natl. Education (T),1,Inspector of Natl. Education T
Inspector of Schools (Civil Servant Education Dept),1,Inspector of Schools Civil Servant Education Dept
Inspector of Train (G.S and Rly),1,Inspector of Train G.S and Rly
Inspector Queensland Police (Retired),1,Inspector Queensland Police Retired
Inspector-Night Constable,1,Inspector Night Constable
Inspr D.P-Cruitly to Annuities,1,Inspr D.P Cruitly to Annuities
Insurance Agent (Collector),1,Insurance Agent Collector
Insurance Clerk (Chief),1,Insurance Clerk Chief
Insurance Inspector (Eguitable Employed),1,Insurance Inspector Eguitable Employed
Insurance Office (Jr. Assistant),1,Insurance Office Jr. Assistant
Insurance-Clerk,1,Insurance Clerk
Interest on Money-Drapery,1,Interest on Money Drapery
Interest-of Money,1,Interest of Money
Interest-on-Money,1,Interest on Money
Invalid (Charwoman),1,Invalid Charwoman
Invalid Nurse-Domestic,1,Invalid Nurse Domestic
Invalid-Formerly Law Clerk,1,Invalid Formerly Law Clerk
Invoice Clerk (Drapery),1,Invoice Clerk Drapery
Invoice-Clerk,1,Invoice Clerk
Iorn-Turner,1,Iorn Turner
IP- No Occupation,1,IP No Occupation
Ireland Reacape ? (Excise) (1st Class),1,Ireland Reacape ? Excise 1st Class
Ireland Rev. Offr. (Excise Revenue),1,Ireland Rev. Offr. Excise Revenue
Ireland Revenne Officer (Retired),1,Ireland Revenne Officer Retired
Ireland Revenue officer (Excise),1,Ireland Revenue officer Excise
Ireland Revenue Officer 2nd Class (Outdoor Department),1,Ireland Revenue Officer 2nd Class Outdoor Department
Ireland Revenue officer-Excise Brand,1,Ireland Revenue officer Excise Brand
Irish Church Clergyman (Incumbent),1,Irish Church Clergyman Incumbent
Irish Crotchet Worker (Fine Case and c),1,Irish Crotchet Worker Fine Case and c
Irish Crotchet Worker (Fine Case),1,Irish Crotchet Worker Fine Case
Irish General-Domestic Servant,1,Irish General Domestic Servant
Irish Inspector (Irish Truth Society-Protestant),1,Irish Inspector Irish Truth Society Protestant
Irish Land Commission Office Civil Servant - Assistant Clerk,1,Irish Land Commission Office Civil Servant Assistant Clerk
Irish Land Commn Civil Servant (Temporary),1,Irish Land Commn Civil Servant Temporary
Irish Light Ship-Service,1,Irish Light Ship Service
Irish Nat School Teacher (Cons),1,Irish Nat School Teacher Cons
Irish-Teacher,1,Irish Teacher
Iron - Dresson,1,Iron Dresson
Iron - Monger,1,Ironmonger
Iron - Moulder (Apprentice),1,Iron Moulder Apprentice
Iron - Moulder Unemployed,1,Iron Moulder Unemployed
Iron and Steel Shipbuilder (Revitter),1,Iron and Steel Shipbuilder Revitter
Iron Buildings (Erector),1,Iron Buildings Erector
Iron Foundry Store-Keeper,1,Iron Foundry Store Keeper
Iron Labrourer in Ship-Yard,1,Iron Labrourer in Ship Yard
Iron Monger-Assistant,1,Iron Monger Assistant
Iron Mongers (Apprentice),1,Iron Mongers Apprentice
Iron Moulder (Unemployed),1,Iron Moulder Unemployed
Iron Moulder-Apprentice,1,Iron Moulder Apprentice
Iron Shipwright (Plater),1,Iron Shipwright Plater
Iron Shipwright (Rivetter),1,Iron Shipwright Rivetter
Iron Traveller-Goods,1,Iron Traveller Goods
Iron Turner (Marine),1,Iron Turner Marine
Iron Turner (Unemployed),1,Iron Turner Unemployed
Iron Works Clerk (Lime and Wages),1,Iron Works Clerk Lime and Wages
Iron-Driller,1,Iron Driller
Iron-Farmer,1,Iron Farmer
Iron-Fitter in Foundry,1,Iron Fitter in Foundry
Iron-Forge-Man,1,Iron Forge Man
Iron-Monger's Clerk,1,Iron Monger's Clerk
Iron-Moulder in Foundry,1,Iron Moulder in Foundry
Iron-Oil Miner,1,Iron Oil Miner
"Iron-Ship, Caulker",1,"Iron Ship, Caulker"
Iron-Turnner,1,Iron Turnner
Iron-Worker,1,Iron Worker
Ironmonger (Apprentice),1,Ironmonger Apprentice
Ironmonger (Assistant),1,Ironmonger Assistant
Ironmonger (Managing Director),1,Ironmonger Managing Director
Ironmonger - Asst,1,Ironmonger Asst
Ironmonger-Assistant,1,Ironmonger Assistant
Ironmonger-Book-Keeper,1,Ironmonger Book Keeper
Ironmonger-Shopman,1,Ironmonger Shopman
Ironmongers Assistant (Head),1,Ironmongers Assistant Head
Ironmoulder (Apprentice),1,Ironmoulder Apprentice
Ironmoulder (Unemployed),1,Ironmoulder Unemployed
Ironturner (at Works),1,Ironturner at Works
Itinarant-Singer,1,Itinarant Singer
Iviner - Mechinist,1,Iviner Mechinist
J P - Assistant Land Commissioner,1,J P Assistant Land Commissioner
J P Barrister (Non Practising) Registras in Lanay,1,J P Barrister Non Practising Registras in Lanay
J P Co Antrim-Captain Late 5th ?-Landowner and Farmer-Retired,1,J P Co Antrim Captain Late 5th ? Landowner and Farmer Retired
J P Co Down Retired-Distiller,1,J P Co Down Retired Distiller
J P for Brough of Dublin Doctor of Laws Trinity College Dublin T.C.D Barrister (not in practice) Secretary City of Dublin Steam Pocket Coy,1,J P for Brough of Dublin Doctor of Laws Trinity College Dublin T.C.D Barrister not in practice Secretary City of Dublin Steam Pocket Coy
J P Managing Director of a (Limited Land) Co,1,J P Managing Director of a Limited Land Co
J P-Jeweller Silversmith Dublin County,1,J P Jeweller Silversmith Dublin County
J. P. and C C-Income Chiefly from Land,1,J. P. and C C Income Chiefly from Land
J. P. Barrister of Law (Not Practising),1,J. P. Barrister of Law Not Practising
J. P. for County Cork Major General - Retired List,1,J. P. for County Cork Major General Retired List
J. P.-D. L-B. A Contab Barrister (Not in Practicing),1,J. P. D. L B. A Contab Barrister Not in Practicing
J.P-D S P Beds,1,J.P D S P Beds
J.P-Farmer,1,J.P Farmer
J.P-Gentleman,1,J.P Gentleman
J.P-Millowner,1,J.P Millowner
J.P. (Gentleman Farmer),1,J.P. Gentleman Farmer
J.P. - Manufacturer,1,J.P. Manufacturer
J.P. City of Dublin Scale Maker-Master,1,J.P. City of Dublin Scale Maker Master
J.P. Co Councillor-Farmer,1,J.P. Co Councillor Farmer
J.P. Income Derived Chiefly from Dividends-Partly from Land,1,J.P. Income Derived Chiefly from Dividends Partly from Land
J.P. Income Ferived Chiefly from Dividends-Partly from Land,1,J.P. Income Ferived Chiefly from Dividends Partly from Land
J.P. No Profession-Living on Interest on Investments,1,J.P. No Profession Living on Interest on Investments
J.P.- D.L.,1,J.P. D.L.
J.P.-Hardware and Seed Merchant,1,J.P. Hardware and Seed Merchant
Janey-Man,1,Janey Man
Jarvey (Car Driver),1,Jarvey Car Driver
Jarvey (Unemployed),1,Jarvey Unemployed
Jarvey Car-Driver,1,Jarvey Car Driver
Jarvey-Car Driver,1,Jarvey Car Driver
Jarvy (Car Owner and Driver),1,Jarvy Car Owner and Driver
Jeweller (Appr),1,Jeweller Appr
Jeweller (Apprentice),1,Jeweller Apprentice
Jeweller (Assistant),1,Jeweller Assistant
Jeweller Water-Maker,1,Jeweller Water Maker
Jeweller-Apprentice,1,Jeweller Apprentice
Jeweller-Manager,1,Jeweller Manager
Jeweller-Master,1,Jeweller Master
Jeweller-Unemployed,1,Jeweller Unemployed
Jeweller-Working,1,Jeweller Working
Jewellery (Shopman),1,Jewellery Shopman
Job-Master,1,Job Master
Job-Master (Car),1,Job Master Car
Jobber (in Cattle),1,Jobber in Cattle
Jobber-Cattle,1,Jobber Cattle
Jobbing-Gardiner,1,Jobbing Gardiner
Jobbing-Smith,1,Jobbing Smith
Jobmaster-Undertaker,1,Jobmaster Undertaker
Joine (Carpenter),1,Joine Carpenter
Joiner (app),1,Joiner app
Joiner (Apprentice),1,Joiner Apprentice
Joiner (Carpenter ),1,Joiner Carpenter
Joiner (Employed),1,Joiner Employed
Joiner (Foreman),1,Joiner Foreman
Joiner (On Atrike),1,Joiner On Atrike
Joiner (on Stricke),1,Joiner on Stricke
Joiner (Shipyard),1,Joiner Shipyard
Joiner's-Apprentice,1,Joiner's Apprentice
Joiner(Unemployed),1,JoinerUnemployed
Joiner-Assistant,1,Joiner Assistant
Joiner-Carpanter,1,Joiner Carpanter
Joiner-Foreman,1,Joiner Foreman
Joiner-Shipbuilding Yard,1,Joiner Shipbuilding Yard
Joiner-Unemployed,1,Joiner Unemployed
Journal of (Newspaper Sub Editor),1,Journal of Newspaper Sub Editor
Journalist (B.A.),1,Journalist B.A.
Journalist (Daily Press),1,Journalist Daily Press
Journalist (Member of Journalist's Institute),1,Journalist Member of Journalist's Institute
Journalist (Member of the n?t of Journalist),1,Journalist Member of the n?t of Journalist
Journalist (Newspaper Proprietor),1,Journalist Newspaper Proprietor
Journalist (Retired),1,Journalist Retired
Journalist (Shorthand Reports),1,Journalist Shorthand Reports
Journalist (Sub-editor),1,Journalist Sub editor
Journalist and Barrister-at-Law in Active Pure List,1,Journalist and Barrister at Law in Active Pure List
Journalist at (Member of the Journalists) and Instute of Master Printer,1,Journalist at Member of the Journalists and Instute of Master Printer
Journalist B. Sc. (Victoria University) B. A. (Cambridge University),1,Journalist B. Sc. Victoria University B. A. Cambridge University
Journalist Sanitary Inspector (Latter Unemployed),1,Journalist Sanitary Inspector Latter Unemployed
Journalist-Newspaper Proprietor,1,Journalist Newspaper Proprietor
Journalist-Sub Editor,1,Journalist Sub Editor
Journalist-Subeditor Undergraduate R.U.I.,1,Journalist Subeditor Undergraduate R.U.I.
Journalist-Unemployed,1,Journalist Unemployed
Journay Man (Tailor),1,Journay Man Tailor
Journey - Man Carpenter,1,Journey Man Carpenter
Journey Man Carpenter (Employed),1,Journey Man Carpenter Employed
Journey Man-Black S,1,Journey Man Black S
Journey-Man Saddler,1,Journey Man Saddler
Journey-Man-Tailor,1,Journey Man Tailor
Journeyman-Tailor,1,Journeyman Tailor
Judge's Registrar Queen's bench Division (Probate),1,Judge's Registrar Queen's bench Division Probate
Junior Clerk (Solicitor's),1,Junior Clerk Solicitor's
Junior Clerk Engineer-in-Chiefs Dept C.P.O Cork,1,Junior Clerk Engineer in Chiefs Dept C.P.O Cork
Junior Clerk Land Judges Dept Supreme Court Judicature(Ireland),1,Junior Clerk Land Judges Dept Supreme Court JudicatureIreland
Junior Reporter (Newspaper),1,Junior Reporter Newspaper
Junior Teacher (Unemployed),1,Junior Teacher Unemployed
Junr. Clerk (Boy Copyist),1,Junr. Clerk Boy Copyist
Justice of Peace for C R of Beswick-and Roxburgh,1,Justice of Peace for C R of Beswick and Roxburgh
Justice of Peace for City of Belfast Traveller-Commercial (Whiskey),1,Justice of Peace for City of Belfast Traveller Commercial Whiskey
Justice of Peace for Co Kildare-Farmer.,1,Justice of Peace for Co Kildare Farmer.
Justice of Peace Medical Doctor L.R.C.S Surgeon-D J for City,1,Justice of Peace Medical Doctor L.R.C.S Surgeon D J for City
Justice of Peace Printer-Master,1,Justice of Peace Printer Master
"Justice of Peace, Co Waterford Barrister at Law (Not Practising) Bengal Civil Service Retired",1,"Justice of Peace, Co Waterford Barrister at Law Not Practising Bengal Civil Service Retired"
Justice of Peace-Farmer and Landlord,1,Justice of Peace Farmer and Landlord
Justice of Peace-Land Agent,1,Justice of Peace Land Agent
Justice of Peace-Wholesale Tea Merchant,1,Justice of Peace Wholesale Tea Merchant
Justice of the Peace (Only),1,Justice of the Peace Only
Justice of the Peace Coachbuilder-Master,1,Justice of the Peace Coachbuilder Master
Justice of the Peace for Co Antrim Linen Manufacturer (Handloom) also Farmer,1,Justice of the Peace for Co Antrim Linen Manufacturer Handloom also Farmer
Justice of the Peace Land-Agent BA.Trinity College Dublin,1,Justice of the Peace Land Agent BA.Trinity College Dublin
"Justice of the Peace, Late Hon. Major (Melitia) Land Owner and Farmer",1,"Justice of the Peace, Late Hon. Major Melitia Land Owner and Farmer"
Justice of the Peace-Barrister-at-Law-not in Actual Practice,1,Justice of the Peace Barrister at Law not in Actual Practice
Justice of the Peace: Barrister-at Law (Not in Practice) Director of Railway,1,Justice of the Peace: Barrister at Law Not in Practice Director of Railway
Justice of the place and Civil Engineer (Retired),1,Justice of the place and Civil Engineer Retired
K-Maid Domestic,1,K Maid Domestic
K-Maid Domestic Servant,1,K Maid Domestic Servant
KA (JCD) JP Solicitor,1,KA JCD JP Solicitor
Kat.-Lamp of Star of India Practising Barrister. (K.C. in England.),1,Kat. Lamp of Star of India Practising Barrister. K.C. in England.
Keeper of Lodging - House,1,Keeper of Lodging House
Keeper of Registry (Office),1,Keeper of Registry Office
Keeping - House,1,Keeping House
Kennelman-Domestic Servant,1,Kennelman Domestic Servant
Kiln-Man,1,Kiln Man
Kiln-Man's Son,1,Kiln Man's Son
Kiln-Man-Domestic Servant,1,Kiln Man Domestic Servant
Kilnman-Domestic Servant,1,Kilnman Domestic Servant
King's Scholar (Training College),1,King's Scholar Training College
Kings Connal (or Practice),1,Kings Connal or Practice
Kings Counsel (Practicing),1,Kings Counsel Practicing
Kings Counsel (Practising),1,Kings Counsel Practising
Kings Counsil (Practising),1,Kings Counsil Practising
Kitch-Maid Domestic,1,Kitch Maid Domestic
Kitchan Maid (Dom Servt),1,Kitchan Maid Dom Servt
Kitchen - Maid,1,Kitchen Maid
Kitchen - Maid - Domestic Servant,1,Kitchen Maid Domestic Servant
Kitchen and Dairymaid-Domestic Servant,1,Kitchen and Dairymaid Domestic Servant
Kitchen Boy - Domestic,1,Kitchen Boy Domestic
Kitchen Girl-Domestic Servant,1,Kitchen Girl Domestic Servant
Kitchen Maid - Dom Sevt,1,Kitchen Maid Dom Sevt
Kitchen Maid - Domestic Svt,1,Kitchen Maid Domestic Svt
Kitchen Maid Domestic Servant-Unemployed,1,Kitchen Maid Domestic Servant Unemployed
Kitchen Maid Domestic-Servant,1,Kitchen Maid Domestic Servant
Kitchen Maid-D. Sert,1,Kitchen Maid D. Sert
Kitchen Maid-D. Servt,1,Kitchen Maid D. Servt
Kitchen Maid-Dom Servt,1,Kitchen Maid Dom Servt
Kitchen Maid-Domestic Sert,1,Kitchen Maid Domestic Sert
Kitchen Maid-Domestic Sevt,1,Kitchen Maid Domestic Sevt
Kitchen Maid-Servt,1,Kitchen Maid Servt
Kitchen Miad-Domestic Servant,1,Kitchen Miad Domestic Servant
Kitchen-Boy-Domestic,1,Kitchen Boy Domestic
Kitchen-Maid D. Servant,1,Kitchen Maid D. Servant
Kitchen-Maid Domc Servt,1,Kitchen Maid Domc Servt
Kitchen-Maid Domestic,1,Kitchen Maid Domestic
Kitchen-Maid Domestic Ser,1,Kitchen Maid Domestic Ser
"Kitchen-Maid, D. Servant",1,"Kitchen Maid, D. Servant"
Kitchenmaid (Domestic),1,Kitchenmaid Domestic
Kitchenmaid - Domestic,1,Kitchenmaid Domestic
Kitchenmaid General Servant-Domestic,1,Kitchenmaid General Servant Domestic
Kitchenmaid-Domestic Ser,1,Kitchenmaid Domestic Ser
Kitchenmaid-Domestic Servt,1,Kitchenmaid Domestic Servt
Kitchenmaid-Domestic Servt.,1,Kitchenmaid Domestic Servt.
Kitchenmaid-Domestic St,1,Kitchenmaid Domestic St
Kitcher Maid (Domestic Servant),1,Kitcher Maid Domestic Servant
Knight - Secretary Royal assistant of Ireland,1,Knight Secretary Royal assistant of Ireland
"Knight Bachelor - Director of National Gallery, Ireland",1,"Knight Bachelor Director of National Gallery, Ireland"
Knight-D.L-Barrister,1,Knight D.L Barrister
Knight-Town Clerk of Belfast,1,Knight Town Clerk of Belfast
"Knigth, T.C-Tobacco Manfr and Genl. Merchant",1,"Knigth, T.C Tobacco Manfr and Genl. Merchant"
Knitter (Machine),1,Knitter Machine
Knitter (Retired Farmer),1,Knitter Retired Farmer
Knitter (Stocking),1,Knitter Stocking
Knitter-Wool,1,Knitter Wool
Knitting (For Shop),1,Knitting For Shop
L - Winder,1,L Winder
L L D (Dub) Principal of Marlborogh St College,1,L L D Dub Principal of Marlborogh St College
L L.D. Barrister at Law (Practising),1,L L.D. Barrister at Law Practising
L M Rotunda Hospital (not Registered),1,L M Rotunda Hospital not Registered
L R C G I- L R C T I Practicing as Physician and Surgen,1,L R C G I L R C T I Practicing as Physician and Surgen
L R C P (Lond) W R C P (Eng) Medical,1,L R C P Lond W R C P Eng Medical
L Waver (Linen),1,L Waver Linen
L Weaver (Linen),1,L Weaver Linen
L Weaver (Retired),1,L Weaver Retired
L-Steward,1,L Steward
L.L.S. Barrister-at-Law In Actual Practice,1,L.L.S. Barrister at Law In Actual Practice
L.R.C.H.S.I. General Doctor (Medical),1,L.R.C.H.S.I. General Doctor Medical
L.R.C.P.I-L.R.C.S.I Physician and Surgeon,1,L.R.C.P.I L.R.C.S.I Physician and Surgeon
L/c Sergt A.S. Corps (on Furlogh) Visitor,1,L/c Sergt A.S. Corps on Furlogh Visitor
L? (Rowann),1,L? Rowann
Laaber-General,1,Laaber General
Lab - in Bleach Works,1,Lab in Bleach Works
Lab-House Repairer,1,Lab House Repairer
Laber-Farm,1,Laber Farm
Laber-General,1,Laber General
Laberer (General),1,Laberer General
Laberior-General,1,Laberior General
Laberor (Agricultural),1,Laberor Agricultural
Laberor (General),1,Laberor General
Laberour (Agricultural),1,Laberour Agricultural
Laberour-Quay,1,Laberour Quay
Laberr (General),1,Laberr General
Labiour (General) Linen Factory,1,Labiour General Linen Factory
Labiour (Granet Quarry),1,Labiour Granet Quarry
Labiour-Gen,1,Labiour Gen
Labiour-General,1,Labiour General
Laboarer-Road Maker,1,Laboarer Road Maker
Labor-Gen,1,Labor Gen
Labor-General,1,Labor General
Laborar (Genl),1,Laborar Genl
Laboratory Assist (Chemists),1,Laboratory Assist Chemists
Labore-General,1,Labore General
Laborer (Agricultural),1,Laborer Agricultural
Laborer (Agriculture),1,Laborer Agriculture
Laborer (Carter),1,Laborer Carter
Laborer (Council),1,Laborer Council
Laborer - Gnl,1,Laborer Gnl
Laborer - Van Driver,1,Laborer Van Driver
Laborer-Agria,1,Laborer Agria
Laborer-Agricultural,1,Laborer Agricultural
Laborer-Caretaker,1,Laborer Caretaker
Laborer-Carman,1,Laborer Carman
Laborer-Coalporter,1,Laborer Coalporter
Laborer-Corporation,1,Laborer Corporation
Laborer-Drayman,1,Laborer Drayman
Laborer-Quarryman,1,Laborer Quarryman
Laborer-Quaryman,1,Laborer Quaryman
Laborers-Wife,1,Laborers Wife
Laboror (General),1,Laboror General
Labouer (Agrl),1,Labouer Agrl
Labouer (Builders),1,Labouer Builders
Labouer (Farm),1,Labouer Farm
Labouer (Genl),1,Labouer Genl
Labouer (Unemployed),1,Labouer Unemployed
Labouer - Agricultural,1,Labouer Agricultural
Labouer-Carter,1,Labouer Carter
Labouer-Farm,1,Labouer Farm
Labouer-Gen,1,Labouer Gen
Labour (Agl),1,Labour Agl
Labour (Agricul),1,Labour Agricul
Labour (Among Cattle),1,Labour Among Cattle
Labour (Brick Yard),1,Labour Brick Yard
Labour (Builders),1,Labour Builders
Labour (Car Man),1,Labour Car Man
Labour (Cattle Driver),1,Labour Cattle Driver
Labour (Council),1,Labour Council
Labour (Factory),1,Labour Factory
Labour (Flax Mill),1,Labour Flax Mill
Labour (Foundry),1,Labour Foundry
Labour (Gas Work),1,Labour Gas Work
Labour (Genel),1,Labour Genel
Labour (Genl.),1,Labour Genl.
Labour (Genlr),1,Labour Genlr
Labour (Genrl),1,Labour Genrl
Labour (Hodsman),1,Labour Hodsman
Labour (Iron Foundry),1,Labour Iron Foundry
Labour (Iron),1,Labour Iron
Labour (Linen),1,Labour Linen
Labour (Masons),1,Labour Masons
Labour (Ship Gard),1,Labour Ship Gard
Labour (Tent Maker),1,Labour Tent Maker
Labour (Thatcher),1,Labour Thatcher
Labour (Unemployed),1,Labour Unemployed
Labour - General Unemployed,1,Labour General Unemployed
Labour - Genrl,1,Labour Genrl
Labour - in Bacon Cellar,1,Labour in Bacon Cellar
Labour - Watchman,1,Labour Watchman
Labour in Iron-Works,1,Labour in Iron Works
Labour-Bricklayer,1,Labour Bricklayer
Labour-Dock,1,Labour Dock
Labour-Farm,1,Labour Farm
Labour-Gasworks,1,Labour Gasworks
Labour-General Unemployed,1,Labour General Unemployed
Labour-Genl,1,Labour Genl
Labour-Line Works,1,Labour Line Works
Labour-Maid Domestic Servant,1,Labour Maid Domestic Servant
Labour-Scavanger,1,Labour Scavanger
Labourar (General),1,Labourar General
Laboure (Farm),1,Laboure Farm
Laboure (General),1,Laboure General
Laboure (Messenger),1,Laboure Messenger
Laboure-Agl,1,Laboure Agl
Labourel (Farm),1,Labourel Farm
Labourer (A),1,Labourer A
Labourer (Agctl),1,Labourer Agctl
Labourer (agl),1,Agricultural Labourer
Labourer (Agr'l),1,Labourer Agr'l
Labourer (Agr.),1,Labourer Agr.
Labourer (Agricl) (Unemployed),1,Labourer Agricl Unemployed
Labourer (Agriclr),1,Labourer Agriclr
Labourer (Agriclt),1,Labourer Agriclt
Labourer (Agriculal),1,Labourer Agriculal
Labourer (Agriculul),1,Labourer Agriculul
Labourer (Anionest),1,Labourer Anionest
Labourer (B C D Ry),1,Labourer B C D Ry
Labourer (Bailiff),1,Labourer Bailiff
Labourer (Beryard),1,Labourer Beryard
Labourer (Blder),1,Labourer Blder
Labourer (Board of Work),1,Labourer Board of Work
Labourer (Boatman),1,Labourer Boatman
Labourer (BrckLayer's),1,Labourer BrckLayer's
Labourer (Brick Layer's),1,Labourer Brick Layer's
Labourer (Brick Making),1,Labourer Brick Making
Labourer (Brick Yard),1,Labourer Brick Yard
Labourer (Bricklayer's),1,Labourer Bricklayer's
Labourer (Bricklayer),1,Labourer Bricklayer
Labourer (Bricklayers Unemployed),1,Labourer Bricklayers Unemployed
Labourer (Builder's),1,Labourer Builder's
Labourer (Builder),1,Labourer Builder
Labourer (Building),1,Labourer Building
Labourer (Butcher),1,Labourer Butcher
Labourer (Calender Worker),1,Labourer Calender Worker
Labourer (Canal),1,Labourer Canal
Labourer (Car Driver),1,Labourer Car Driver
Labourer (Car-Driver),1,Labourer Car Driver
Labourer (Clyde Co Shipping),1,Labourer Clyde Co Shipping
Labourer (Coal Yard),1,Labourer Coal Yard
Labourer (Cooperating),1,Labourer Cooperating
Labourer (Corn Mill),1,Labourer Corn Mill
Labourer (Corn),1,Labourer Corn
Labourer (Corter),1,Labourer Corter
Labourer (Cow Boy),1,Labourer Cow Boy
Labourer (Dairy),1,Labourer Dairy
Labourer (Distillery House),1,Labourer Distillery House
Labourer (Docks),1,Labourer Docks
Labourer (Domestic),1,Labourer Domestic
Labourer (Drover),1,Labourer Drover
Labourer (Dye Works),1,Labourer Dye Works
Labourer (Electric Works),1,Labourer Electric Works
Labourer (Factor),1,Labourer Factor
Labourer (Factory in Mineral Water),1,Labourer Factory in Mineral Water
Labourer (Farm,1,Farm Labourer
Labourer (farm),1,Farm Labourer
Labourer (Farm) Agricultural,1,Labourer Farm Agricultural
Labourer (Farmer's Son),1,Labourer Farmer's Son
Labourer (Farmers Son),1,Labourer Farmers Son
Labourer (Feltwork),1,Labourer Feltwork
Labourer (Fisherman),1,Labourer Fisherman
Labourer (Flax) R P,1,Labourer Flax R P
Labourer (Flour Mill),1,Labourer Flour Mill
Labourer (Flour Mills),1,Labourer Flour Mills
Labourer (Foreman),1,Labourer Foreman
Labourer (Gard),1,Labourer Gard
Labourer (Gardena),1,Labourer Gardena
Labourer (Gas),1,Labourer Gas
Labourer (Gene),1,Labourer Gene
Labourer (Geneal),1,Labourer Geneal
Labourer (Genel),1,Labourer Genel
Labourer (General) Linen Factory,1,Labourer General Linen Factory
Labourer (General) Unemployed,1,Labourer General Unemployed
Labourer (Genrl,1,Labourer Genrl
Labourer (Harbour Comm),1,Labourer Harbour Comm
Labourer (House),1,Labourer House
Labourer (Housekeeper),1,Labourer Housekeeper
Labourer (in Brick Yard),1,Labourer in Brick Yard
Labourer (in Factory),1,Labourer in Factory
Labourer (In Gas Works),1,Labourer In Gas Works
Labourer (Ins Works),1,Labourer Ins Works
Labourer (Iron) Unemployed,1,Labourer Iron Unemployed
Labourer (Key),1,Labourer Key
Labourer (Linen Manufac),1,Labourer Linen Manufac
Labourer (Linen Manufacture),1,Labourer Linen Manufacture
Labourer (Lithographic),1,Labourer Lithographic
Labourer (Manufacturer),1,Labourer Manufacturer
Labourer (Marsh and Co),1,Labourer Marsh and Co
Labourer (Masons),1,Labourer Masons
Labourer (Navvy),1,Labourer Navvy
Labourer (on Mine) (Barytes Mine),1,Labourer on Mine Barytes Mine
Labourer (on Railway) (Plate Layer),1,Labourer on Railway Plate Layer
Labourer (Ordnance Survey),1,Labourer Ordnance Survey
Labourer (Ordnance Surveyor),1,Labourer Ordnance Surveyor
Labourer (Paper Cutter),1,Labourer Paper Cutter
Labourer (Parcel Man),1,Labourer Parcel Man
Labourer (Parris),1,Labourer Parris
Labourer (Pavior),1,Labourer Pavior
Labourer (Pollery),1,Labourer Pollery
Labourer (Porter at Public Houses),1,Labourer Porter at Public Houses
Labourer (Quarry,1,Labourer Quarry
Labourer (Quarry),1,Labourer Quarry
Labourer (R. Way. Miles Man),1,Labourer R. Way. Miles Man
Labourer (Ropework),1,Labourer Ropework
Labourer (Seed Store),1,Labourer Seed Store
Labourer (Ship Building),1,Labourer Ship Building
Labourer (Skilled),1,Labourer Skilled
Labourer (Spnt),1,Labourer Spnt
Labourer (Steomboats),1,Labourer Steomboats
Labourer (Stone),1,Labourer Stone
Labourer (Stonebreaker,1,Labourer Stonebreaker
Labourer (Street Seavenger),1,Labourer Street Seavenger
Labourer (Street Sweeper),1,Labourer Street Sweeper
Labourer (Surface),1,Labourer Surface
Labourer (Tacker),1,Labourer Tacker
Labourer (Tailors),1,Labourer Tailors
Labourer (Telephone),1,Labourer Telephone
Labourer (Timber),1,Labourer Timber
Labourer (Tobacco Factory),1,Labourer Tobacco Factory
Labourer (Unemployed) (Mason's),1,Labourer Unemployed Mason's
Labourer (Unemployed) (Street Making),1,Labourer Unemployed Street Making
Labourer (Van Man),1,Labourer Van Man
Labourer (Whisky Bond Store),1,Labourer Whisky Bond Store
Labourer (Whisky Store),1,Labourer Whisky Store
Labourer (Wood),1,Labourer Wood
Labourer - (Carter),1,Labourer Carter
Labourer - Agricull,1,Labourer Agricull
Labourer - Agriculter,1,Labourer Agriculter
Labourer - Break Van Driver,1,Labourer Break Van Driver
Labourer - Breaking Stores,1,Labourer Breaking Stores
Labourer - Brewery,1,Brewery Labourer
Labourer - Brush Making,1,Labourer Brush Making
Labourer - Carmman,1,Labourer Carmman
Labourer - Carrier,1,Labourer Carrier
Labourer - Coal Porter,1,Labourer Coal Porter
Labourer - Contractors,1,Labourer Contractors
Labourer - Disillery,1,Labourer Disillery
Labourer - Dock,1,Dock Labourer
Labourer - Domestic Servant,1,Labourer Domestic Servant
Labourer - General -Unemployed,1,Labourer General Unemployed
Labourer - Genrl,1,Labourer Genrl
Labourer - in Pork Store,1,Labourer in Pork Store
Labourer - Milk Server,1,Labourer Milk Server
Labourer - Neilh Delivery,1,Labourer Neilh Delivery
Labourer - Porter,1,Labourer Porter
Labourer - Ship Yard,1,Ship Yard Labourer
Labourer - Shop Porter,1,Labourer Shop Porter
Labourer - Soap Works,1,Labourer Soap Works
Labourer - Timber Yard,1,Labourer Timber Yard
Labourer - Unemployed,1,Labourer Unemployed
Labourer - Van Driver,1,Labourer Van Driver
Labourer - Yardman,1,Labourer Yardman
Labourer agr,1,Agricultural Labourer
Labourer and Malitia-Man,1,Labourer and Malitia Man
Labourer at Print - Office,1,Labourer at Print Office
Labourer at Tin - Yard,1,Labourer at Tin Yard
Labourer Attending Engine and Boiller in Co-Operative Creamery,1,Labourer Attending Engine and Boiller in Co Operative Creamery
Labourer Bk-Dept,1,Labourer Bk Dept
Labourer Dray - Man,1,Labourer Dray Man
Labourer Farm - Servant,1,Labourer Farm Servant
Labourer Flour-Mill,1,Labourer Flour Mill
Labourer Foundry (Iron),1,Labourer Foundry Iron
Labourer Gas-Works,1,Labourer Gas Works
Labourer General),1,General Labourer
Labourer in (Electric Trans),1,Labourer in Electric Trans
Labourer in (General) Rope Works Factory,1,Labourer in General Rope Works Factory
Labourer in (Iron Works),1,Labourer in Iron Works
Labourer in (Ship Yard),1,Labourer in Ship Yard
Labourer in (Shipyard),1,Labourer in Shipyard
Labourer In (Tow),1,Labourer In Tow
Labourer in Bleach (Mills),1,Labourer in Bleach Mills
Labourer in Brass (Foundry,1,Labourer in Brass Foundry
Labourer in Brick-Works,1,Labourer in Brick Works
Labourer in City Water-Commissioners Works,1,Labourer in City Water Commissioners Works
Labourer in Dye and Bleach Works (Unemployed),1,Labourer in Dye and Bleach Works Unemployed
Labourer in Electric Power-House,1,Labourer in Electric Power House
Labourer in Engine Works (Unemployed),1,Labourer in Engine Works Unemployed
Labourer in Engine Works Smith Shop Ship Yard (Unemployed),1,Labourer in Engine Works Smith Shop Ship Yard Unemployed
Labourer in Factory - Explosives,1,Labourer in Factory Explosives
Labourer in Gas-House,1,Labourer in Gas House
Labourer in Iron (Works),1,Labourer in Iron Works
Labourer in Iron - Foundery,1,Labourer in Iron Foundery
Labourer in Iron - Foundry,1,Labourer in Iron Foundry
Labourer in Iron Works-Unemployed,1,Labourer in Iron Works Unemployed
Labourer in Linen Mill Mill-Hand,1,Labourer in Linen Mill Mill Hand
Labourer in Malt - House,1,Labourer in Malt House
Labourer in Manure-Works,1,Labourer in Manure Works
Labourer in Moulding Shop (Iron),1,Labourer in Moulding Shop Iron
Labourer in Power House-Electric,1,Labourer in Power House Electric
Labourer in Rope-Works,1,Labourer in Rope Works
Labourer in Ship - Yard,1,Labourer in Ship Yard
Labourer in Thread Works),1,Labourer in Thread Works
Labourer in Wine-Merchant,1,Labourer in Wine Merchant
Labourer in Wool-Factory,1,Labourer in Wool Factory
Labourer in Woollen-Factory,1,Labourer in Woollen Factory
Labourer in Yarn Works (Farm),1,Labourer in Yarn Works Farm
Labourer Malt-House,1,Labourer Malt House
Labourer mill (Flax),1,Labourer mill Flax
Labourer on (Railway),1,Labourer on Railway
Labourer on City - Council,1,Labourer on City Council
Labourer on Rly Line (Milesman),1,Labourer on Rly Line Milesman
Labourer Surface-Man or Co Roach,1,Labourer Surface Man or Co Roach
Labourer Timber (Shipward),1,Labourer Timber Shipward
Labourer to (Blacksmith),1,Labourer to Blacksmith
Labourer Un-Employed,1,Labourer Un Employed
Labourer Unemployed (Bottler),1,Labourer Unemployed Bottler
Labourer Unemployed (Mason's),1,Labourer Unemployed Mason's
Labourer's Daughter and Sweet-Shop Keeper,1,Labourer's Daughter and Sweet Shop Keeper
Labourer's Grand-Daughter,1,Labourer's Grand Daughter
Labourer's Wife (Agricultural),1,Labourer's Wife Agricultural
Labourer(Agrl),1,LabourerAgrl
Labourer(Dock),1,LabourerDock
"Labourer, (Dock)",1,"Labourer, Dock"
"Labourer, (Engine Works)",1,"Labourer, Engine Works"
"Labourer, (Farm)",1,"Labourer, Farm"
"Labourer, Lithographic-Printing Firm",1,"Labourer, Lithographic Printing Firm"
"Labourer, Yard-man",1,"Labourer, Yard man"
Labourer-A Short Time in the Army,1,Labourer A Short Time in the Army
Labourer-Agl.,1,Labourer Agl.
Labourer-Agricltr,1,Labourer Agricltr
Labourer-Agriculural,1,Labourer Agriculural
Labourer-Airted Work,1,Labourer Airted Work
Labourer-America-Retired,1,Labourer America Retired
Labourer-Bleachworks,1,Labourer Bleachworks
Labourer-Boiler Coverer,1,Labourer Boiler Coverer
Labourer-Bottlewasher,1,Labourer Bottlewasher
Labourer-Bread Server,1,Labourer Bread Server
Labourer-Bread-Server,1,Labourer Bread Server
Labourer-Bricklayer,1,Labourer Bricklayer
Labourer-Bricklayers,1,Labourer Bricklayers
Labourer-Cannon,1,Labourer Cannon
Labourer-Car Driver,1,Labourer Car Driver
Labourer-Car-Driver,1,Labourer Car Driver
Labourer-Caretaker,1,Labourer Caretaker
Labourer-Corn Mill,1,Labourer Corn Mill
Labourer-Cutting and Drawing Timber,1,Labourer Cutting and Drawing Timber
Labourer-D. Servant,1,Labourer D. Servant
Labourer-Dock Unemployed,1,Labourer Dock Unemployed
Labourer-Domestic Sert.,1,Labourer Domestic Sert.
Labourer-Drayman,1,Labourer Drayman
Labourer-Egg-Packer,1,Labourer Egg Packer
Labourer-Factory Milk,1,Labourer Factory Milk
Labourer-Farm Servant,1,Labourer Farm Servant
Labourer-Farmer's,1,Labourer Farmer's
Labourer-Farms,1,Labourer Farms
Labourer-Felt Works,1,Labourer Felt Works
Labourer-Floatman,1,Labourer Floatman
Labourer-Floughman,1,Labourer Floughman
Labourer-Flour Mill,1,Labourer Flour Mill
Labourer-Flour Mills,1,Labourer Flour Mills
Labourer-Foundry,1,Labourer Foundry
Labourer-Frm,1,Labourer Frm
Labourer-Ganger-Boy,1,Labourer Ganger Boy
Labourer-Gas Works,1,Labourer Gas Works
Labourer-Genarl Labourer,1,Labourer Genarl Labourer
Labourer-General and Malitia-Man,1,Labourer General and Malitia Man
Labourer-General Domestic,1,Labourer General Domestic
Labourer-General Domestic Servant,1,Labourer General Domestic Servant
Labourer-General Not Employed,1,Labourer General Not Employed
Labourer-Groom Domt,1,Labourer Groom Domt
Labourer-Harbour,1,Labourer Harbour
Labourer-Hoister,1,Labourer Hoister
Labourer-in Bacon Factory,1,Labourer in Bacon Factory
Labourer-in Brewery,1,Labourer in Brewery
Labourer-in Butchers Shop,1,Labourer in Butchers Shop
Labourer-in Corn Store,1,Labourer in Corn Store
Labourer-in Distillery,1,Labourer in Distillery
Labourer-in Flour Mill,1,Labourer in Flour Mill
Labourer-in Grocers Shop,1,Labourer in Grocers Shop
Labourer-in Hide Store,1,Labourer in Hide Store
Labourer-in Iron Works,1,Labourer in Iron Works
Labourer-in Meat Market,1,Labourer in Meat Market
Labourer-in Mill,1,Labourer in Mill
Labourer-in Mills,1,Labourer in Mills
Labourer-in Oil Store,1,Labourer in Oil Store
Labourer-in Soapp Factory Unemployed,1,Labourer in Soapp Factory Unemployed
Labourer-in Tannery,1,Labourer in Tannery
Labourer-in Wine Store,1,Labourer in Wine Store
Labourer-in Wool Stores Unemployed,1,Labourer in Wool Stores Unemployed
Labourer-in-Flax Mill,1,Labourer in Flax Mill
Labourer-Iron Foundry,1,Labourer Iron Foundry
Labourer-Iron Sorter,1,Labourer Iron Sorter
Labourer-Linen Bleach Works,1,Labourer Linen Bleach Works
Labourer-Malt House,1,Labourer Malt House
Labourer-Milesman,1,Labourer Milesman
Labourer-Milk Deliverer,1,Labourer Milk Deliverer
Labourer-Milk Faty,1,Labourer Milk Faty
Labourer-Mill Flour,1,Labourer Mill Flour
Labourer-Mill Furnisher,1,Labourer Mill Furnisher
Labourer-Mill Labr,1,Labourer Mill Labr
Labourer-Milling,1,Labourer Milling
Labourer-Mills House,1,Labourer Mills House
Labourer-Mineral Water Work,1,Labourer Mineral Water Work
Labourer-Navvy,1,Labourer Navvy
Labourer-not Employed,1,Labourer not Employed
Labourer-Now too Old to Work,1,Labourer Now too Old to Work
Labourer-on Farm,1,Labourer on Farm
Labourer-On West Clare Railway,1,Labourer On West Clare Railway
Labourer-Ordnance Survey,1,Labourer Ordnance Survey
Labourer-Paviors,1,Labourer Paviors
Labourer-Paviors Assistant,1,Labourer Paviors Assistant
Labourer-Pork Store,1,Labourer Pork Store
Labourer-Powder Mill,1,Labourer Powder Mill
Labourer-Power,1,Labourer Power
Labourer-Quarryman,1,Labourer Quarryman
Labourer-Railway Line,1,Labourer Railway Line
Labourer-Railwy,1,Labourer Railwy
Labourer-Red Leader,1,Labourer Red Leader
Labourer-Road Maker,1,Labourer Road Maker
Labourer-Road Steward,1,Labourer Road Steward
Labourer-Rwy,1,Labourer Rwy
Labourer-Saw Mill,1,Labourer Saw Mill
Labourer-Saw Mills,1,Labourer Saw Mills
Labourer-Scavenger,1,Labourer Scavenger
Labourer-Ship Yard,1,Ship Yard Labourer
Labourer-Shipyard,1,Labourer Shipyard
Labourer-Shop Porter,1,Labourer Shop Porter
Labourer-Slaters Helper,1,Labourer Slaters Helper
Labourer-Stinting Machine,1,Labourer Stinting Machine
Labourer-Stone Bras Unable,1,Labourer Stone Bras Unable
Labourer-Stone Breaker,1,Labourer Stone Breaker
Labourer-Stone Spreader,1,Labourer Stone Spreader
Labourer-Stonebreaker,1,Labourer Stonebreaker
Labourer-Surface-Man,1,Labourer Surface Man
Labourer-Tember Feller,1,Labourer Tember Feller
Labourer-Tranway,1,Labourer Tranway
Labourer-Van Driver,1,Labourer Van Driver
Labourer-Van Man,1,Labourer Van Man
Labourer-Window Cleaner,1,Labourer Window Cleaner
Labourer-Wood-Man,1,Labourer Wood Man
Labourer-Yard Man in Hotel,1,Labourer Yard Man in Hotel
Labourer-Yardman,1,Labourer Yardman
Labourer. (Farm),1,Labourer. Farm
Labourer. (Pottery),1,Labourer. Pottery
Labourers (Agrl),1,Labourers Agrl
Labourers (General),1,Labourers General
Labourers (Genl),1,Labourers Genl
Labourers (Stone Quarry),1,Labourers Stone Quarry
Labourers (Widow),1,Labourer's Widow
Labourers widow,1,Labourer's Widow
Labourers Wife (House Keeper),1,Labourers Wife House Keeper
Labourers-Caretaker,1,Labourers Caretaker
Labourers-General,1,Labourers General
Labourers-Genl,1,Labourers Genl
Labourers-Wife,1,Labourer's Wife
Labouring Man (Agricultural),1,Labouring Man Agricultural
Labouring Man (Docks),1,Labouring Man Docks
Labouring-Farm,1,Labouring Farm
Labouror-Dock,1,Labouror Dock
Labourour (Agricultural),1,Labourour Agricultural
Labourrier (General),1,Labourrier General
Labours-General,1,Labours General
Labr (Mill),1,Labr Mill
Labr-Builders,1,Labr Builders
Labr-Factory Mills,1,Labr Factory Mills
Labr-General Unemployed,1,Labr General Unemployed
Labr-Railway,1,Labr Railway
Labr-Unemployed,1,Labr Unemployed
Labror (Farm),1,Labror Farm
Labrorer (Genl),1,Labrorer Genl
Labrour (General),1,Labrour General
Labs-General,1,Labs General
Labuerer (Agl),1,Labuerer Agl
Labur (General) Labourer,1,Labur General Labourer
Laburer (Ship Yd),1,Laburer Ship Yd
Laburer-Flour Store,1,Laburer Flour Store
Lace Crochet-Worker,1,Lace Crochet Worker
Lace- Scholar,1,Lace Scholar
Lace-maker,1,Lacemaker
Lace-Trade,1,Lace Trade
Laces (Crochet) Maker,1,Laces Crochet Maker
Ladie's Maid (Domestic),1,Ladie's Maid Domestic
Ladies (Living on Pro Means),1,Ladies Living on Pro Means
Ladies Assistant (District Mistreys),1,Ladies Assistant District Mistreys
Ladies Companion (Unemployed),1,Ladies Companion Unemployed
Ladies Dressing Room (Keeper),1,Ladies Dressing Room Keeper
Ladies Maid Dom - Servant,1,Ladies Maid Dom Servant
Ladies Maid Dom-Sert,1,Ladies Maid Dom Sert
Ladies Maid-Domestic Ser,1,Ladies Maid Domestic Ser
Ladies Nurse (Midwife),1,Ladies Nurse Midwife
Ladies Nurse-Tender,1,Ladies Nurse Tender
Ladies Tailor (Apprentice),1,Ladies Tailor Apprentice
Ladies-Maid-Domestic Servt,1,Ladies Maid Domestic Servt
Ladies-Nurse Under,1,Ladies Nurse Under
Ladour (Paver),1,Ladour Paver
Lady (Annuitant),1,Lady Annuitant
Lady (Daughter of an Earl),1,Lady Daughter of an Earl
Lady (Daughter),1,Lady Daughter
Lady (Housekeeper),1,Lady Housekeeper
Lady (Land and House),1,Lady Land and House
Lady (Married),1,Lady Married
Lady (Private),1,Lady Private
Lady (Retired Materon,1,Lady Retired Materon
Lady (Stores),1,Lady Stores
Lady (Unemployed),1,Lady Unemployed
Lady (Wife),1,Lady Wife
Lady (With Private Means),1,Lady With Private Means
Lady and (Income from Land),1,Lady and Income from Land
Lady Clerk (Brewery),1,Lady Clerk Brewery
Lady Clerk (Confectionery) Manufactary,1,Lady Clerk Confectionery Manufactary
Lady Clerk (Drapery),1,Lady Clerk Drapery
Lady Clerk (Grocers),1,Lady Clerk Grocers
Lady Clerk (Grocery),1,Lady Clerk Grocery
Lady Clerk (Hardware shop),1,Lady Clerk Hardware shop
Lady Clerk (Linen) (Assistant),1,Lady Clerk Linen Assistant
Lady Clerk (Postoffice),1,Lady Clerk Postoffice
Lady Clerk (Stationery),1,Lady Clerk Stationery
Lady Clerk (Unemployed),1,Lady Clerk Unemployed
Lady Clerk-Stationary,1,Lady Clerk Stationary
Lady House-Keeper,1,Lady House Keeper
Lady Keeper-General Servant,1,Lady Keeper General Servant
Lady Residant-Alexander Colly's,1,Lady Residant Alexander Colly's
Lady Superintendent of Nursing (Hospital),1,Lady Superintendent of Nursing Hospital
Lady's Maid - Domestic Servant,1,Lady's Maid Domestic Servant
Lady's Maid - Domestic Servt,1,Lady's Maid Domestic Servt
Lady's Maid Domestic-Servant,1,Lady's Maid Domestic Servant
Lady's Maid-Domestic Sevt,1,Lady's Maid Domestic Sevt
Lady's maid-Servt,1,Lady's maid Servt
Lady's-Maid Domestic,1,Lady's Maid Domestic
Lady(Land Owner),1,LadyLand Owner
Lady-Bartender,1,Lady Bartender
Lady-Clerk Stationery,1,Lady Clerk Stationery
Lady-Devining Her Income From Dividends and c,1,Lady Devining Her Income From Dividends and c
Lady-Dividends,1,Lady Dividends
Lady-Farmer,1,Lady Farmer
Lady-Income from Land No Profession,1,Lady Income from Land No Profession
Lady-Independent Means,1,Lady Independent Means
Lady-No Business Income from Devidands,1,Lady No Business Income from Devidands
Lady-No Business Income from Houses,1,Lady No Business Income from Houses
Lady-No Profession,1,Lady No Profession
Lady-Nurse,1,Lady Nurse
Lady-Nurse-Tender,1,Lady Nurse Tender
Lady-Private Income,1,Lady Private Income
Lady-Private Means,1,Lady Private Means
Ladys Maid (Domestic),1,Ladys Maid Domestic
Ladys Maid-Domestic Servant,1,Ladys Maid Domestic Servant
Ladys Nurse-Domestic,1,Ladys Nurse Domestic
Ladysmaid-Domestic Ser,1,Ladysmaid Domestic Ser
Ladysmaid-Domestic Servant,1,Ladysmaid Domestic Servant
Lamp-Man,1,Lamp Man
Lampligher-Lightship,1,Lampligher Lightship
Lamplighter (Coune),1,Lamplighter Coune
Lamplighter-Lightship,1,Lamplighter Lightship
Lance Corpl 2 Rs Sthn Rss Regt (Tailor),1,Lance Corpl 2 Rs Sthn Rss Regt Tailor
Lance Corporal-Army (Infantry),1,Lance Corporal Army Infantry
Lance Sergeant Soldier (Infantry),1,Lance Sergeant Soldier Infantry
Land - Steward,1,Land Steward
Land Agent and I. P. Major 4th Conn Wright Religion (Active girl),1,Land Agent and I. P. Major 4th Conn Wright Religion Active girl
Land Agent Architect (not practising),1,Land Agent Architect not practising
Land Agent-I P,1,Land Agent I P
Land Agents assistant,1,Land Agent's Assistant
Land Agents Assistant (Unemployed),1,Land Agents Assistant Unemployed
Land Agents-Accountant,1,Land Agents Accountant
Land Agents-Clerk,1,Land Agents Clerk
Land Holder Justice of Peace-Co Councillor. Chairman R D C,1,Land Holder Justice of Peace Co Councillor. Chairman R D C
Land Lady (Annuitant),1,Land Lady Annuitant
Land Lord-Justice of the Peace Deputy Lieutenant,1,Land Lord Justice of the Peace Deputy Lieutenant
Land Owner and Retired Captain (Militia),1,Land Owner and Retired Captain Militia
Land Owner-J.P. and D.L. Served as High Keriff,1,Land Owner J.P. and D.L. Served as High Keriff
Land Owner-Late 17th Regt,1,Land Owner Late 17th Regt
Land Servant-Domestic,1,Land Servant Domestic
Land Steward-and Sergt on Pension From R. I. C.,1,Land Steward and Sergt on Pension From R. I. C.
Land Steward-Domestic,1,Land Steward Domestic
Land Steward-Domestic Servant,1,Land Steward Domestic Servant
Land Surveyor (Ordnance Survey Department),1,Land Surveyor Ordnance Survey Department
Land Surveyor (Ordnance),1,Land Surveyor Ordnance
Land's (Income From),1,Land's Income From
Land-Corl.J.P.,1,Land Corl.J.P.
Land-Holder and Farmer,1,Land Holder and Farmer
Land-Lord,1,Land Lord
Land-Lord and J P Coy Antrim,1,Land Lord and J P Coy Antrim
Land-Occupier,1,Land Occupier
Land-Property None,1,Land Property None
Land-Steward and Head-Gardener,1,Land Steward and Head Gardener
Land-Stewarts Widow,1,Land Stewarts Widow
Land-Stuart,1,Land Stuart
Land-Surveyer,1,Land Surveyer
Land-Surveyor and Civil Engineer,1,Land Surveyor and Civil Engineer
Land-Surveyor and Valuator,1,Land Surveyor and Valuator
Land-Surveyor. C. E,1,Land Surveyor. C. E
Landed-Proprietor,1,Landed Proprietor
Landeress - Domestic,1,Landeress Domestic
Landladey (House Owner),1,Landladey House Owner
Landlady (Income from Land),1,Landlady Income from Land
Landlard Late Capt-5th Innis Finisher,1,Landlard Late Capt 5th Innis Finisher
"Landlord, Farmer, Colonel-Army-Retired Justice Of Peace, Dep Leutenant.",1,"Landlord, Farmer, Colonel Army Retired Justice Of Peace, Dep Leutenant."
Landlord-Linen Merchet,1,Landlord Linen Merchet
Landowner late ? retired (Army),1,Landowner late ? retired Army
Landress (Domestic),1,Landress Domestic
Landress-Domestic Servt,1,Landress Domestic Servt
Landstewart-Domestic Servant,1,Landstewart Domestic Servant
Lanscape Arttist (Lithographic) Retired,1,Lanscape Arttist Lithographic Retired
Lapper (Linen),1,Lapper Linen
Lappper (Linen),1,Lappper Linen
Lard-Dresser,1,Lard Dresser
Lard-Publican,1,Lard Publican
Lat - Splitter,1,Lat Splitter
Late Book Keeper in N Edn. Off. - Super Annuated,1,Late Book Keeper in N Edn. Off. Super Annuated
Late Capt-Rifle Brigade ? Lieutenant Co Clare,1,Late Capt Rifle Brigade ? Lieutenant Co Clare
Late Capt-Sb Rgt,1,Late Capt Sb Rgt
Late Captain - Army Lands and Estate Agent,1,Late Captain Army Lands and Estate Agent
Late Captain 7-th Hunter,1,Late Captain 7 th Hunter
Late Clerk of Crown a Peace for city of County London Derry (Now Resigned)(,1,Late Clerk of Crown a Peace for city of County London Derry Now Resigned
Late Prison Service Clerk (Retired),1,Late Prison Service Clerk Retired
Lath-Splitter,1,Lath Splitter
Lauber (Gas Works),1,Lauber Gas Works
Lauberer (Agricul),1,Lauberer Agricul
Lauberer (Agril),1,Lauberer Agril
Lauborer (Farm),1,Lauborer Farm
Lauborer (Gen),1,Lauborer Gen
Laundery Hand (Warehouse),1,Laundery Hand Warehouse
Laundres Maid-Domestic Servant,1,Laundres Maid Domestic Servant
Laundress (Retired),1,Laundress Retired
Laundress (Servant),1,Laundress Servant
Laundress - Domestic,1,Laundress Domestic
Laundress Domestic Servant (Unemployed),1,Laundress Domestic Servant Unemployed
Laundress-at Factory,1,Laundress at Factory
Laundress-Charwoman,1,Laundress Charwoman
Laundress-D. Servant,1,Laundress D. Servant
Laundress-D.Servant,1,Laundress D.Servant
Laundress-Dom Ser,1,Laundress Dom Ser
Laundress-Dom. Set.,1,Laundress Dom. Set.
Laundress-Domestic Serv,1,Laundress Domestic Serv
Laundress-Factory,1,Laundress Factory
Laundress-Forewoman,1,Laundress Forewoman
Laundress-Glosser,1,Laundress Glosser
Laundress-Nun,1,Laundress Nun
Laundress-Outdoor,1,Laundress Outdoor
Laundress-Retired,1,Laundress Retired
Laundress-Servant-Domestic,1,Laundress Servant Domestic
Laundressmaid General Servant-Domestic,1,Laundressmaid General Servant Domestic
Laundrey-Hand,1,Laundrey Hand
Laundron-Domestic Servant,1,Laundron Domestic Servant
Laundry (Artist) Photographic,1,Laundry Artist Photographic
Laundry (Proprieteress),1,Laundry Proprieteress
Laundry Engine-Driver,1,Laundry Engine Driver
Laundry Maid - Domestic,1,Laundry Maid Domestic
Laundry Maid - Domestic Servant,1,Laundry Maid Domestic Servant
Laundry Maid Domestic-Servant,1,Laundry Maid Domestic Servant
Laundry Maid-Dc St,1,Laundry Maid Dc St
Laundry Maid-Domestic Sevt,1,Laundry Maid Domestic Sevt
Laundry Operative (Shirt Folding),1,Laundry Operative Shirt Folding
Laundry- Maid,1,Laundry Maid
Laundry-Asst,1,Laundry Asst
Laundry-Girl,1,Laundry Girl
Laundry-Maid-Domestic Servat,1,Laundry Maid Domestic Servat
Laundry-Shirt Irone,1,Laundry Shirt Irone
Laundry-Shirt-Irone,1,Laundry Shirt Irone
Laundry-Starcher,1,Laundry Starcher
Laundry-Unemployed,1,Laundry Unemployed
Laundry-Washer,1,Laundry Washer
Laundry-Work,1,Laundry Work
Laundryman-Manager,1,Laundryman Manager
Laundryman-Shirt Polisher,1,Laundryman Shirt Polisher
Laundy Worker (Smother),1,Laundy Worker Smother
Law (Bar) Student,1,Law Bar Student
Law - Student,1,Law Student
Law Clerk (Appert),1,Law Clerk Appert
Law Clerk (Correspondence),1,Law Clerk Correspondence
Law Clerk (General) Unemployed,1,Law Clerk General Unemployed
Law Clerk (Junior General),1,Law Clerk Junior General
Law Clerk (Junior),1,Law Clerk Junior
Law Clerk (Managing),1,Law Clerk Managing
Law Clerk (Managing) and Journalist,1,Law Clerk Managing and Journalist
Law Clerk (Solicitors General),1,Law Clerk Solicitors General
Law Clerk (Unemployed),1,Law Clerk Unemployed
Law Messenger (Bailiff),1,Law Messenger Bailiff
Law Student - Undergraduate ?,1,Law Student Undergraduate ?
Law Student Undergraduate Dublin University-and Irish Land Commission Court,1,Law Student Undergraduate Dublin University and Irish Land Commission Court
Law Student-Under Grad T. C. D.,1,Law Student Under Grad T. C. D.
Law-Clerk-General,1,Law Clerk General
Law-Student B A Sch R U I,1,Law Student B A Sch R U I
Lawbour (General),1,Lawbour General
Lawclerk (General),1,Lawclerk General
Lawyer (Solicitor),1,Lawyer Solicitor
Lay Clerk in Armagh Cathedral Tailor-Master,1,Lay Clerk in Armagh Cathedral Tailor Master
Lay-Brother C P,1,Lay Brother C P
Layer (Flax mill),1,Layer Flax mill
Layer (in Mill),1,Layer in Mill
Layer (Linen),1,Layer Linen
Layer-Flax Mill,1,Layer Flax Mill
Laying Ends (Linen),1,Laying Ends Linen
Lbour (Agricultural),1,Lbour Agricultural
Lc Corfl-Infantry,1,Lc Corfl Infantry
Lcl Corporal 2 R-I-R Soldier,1,Lcl Corporal 2 R I R Soldier
Leabour (General),1,Leabour General
Lead Light-Glazier,1,Lead Light Glazier
Lead-Worker,1,Lead Worker
Learner (Post Office),1,Learner Post Office
Learners-Shirts and Collars,1,Learners Shirts and Collars
Leather - Cutter,1,Leather Cutter
Leather Merchant (Retired),1,Leather Merchant Retired
Leather Trade-Clicker,1,Leather Trade Clicker
Leather-Cutter,1,Leather Cutter
Lecturer and Journalist (Domestic Science),1,Lecturer and Journalist Domestic Science
Lecturer in History in from Coll of private Teacher in Hist of Languages (M A),1,Lecturer in History in from Coll of private Teacher in Hist of Languages M A
Lecturer in Science (M A T C D),1,Lecturer in Science M A T C D
Lecturer on Daiying Poultry and Bee-Keeping,1,Lecturer on Daiying Poultry and Bee Keeping
Leehler (Flax),1,Leehler Flax
Left School-Unemployed,1,Left School Unemployed
Lemonad Store (Hand),1,Lemonad Store Hand
Len: Col: Physician Surgeon Corps-Infantry-Active List,1,Len: Col: Physician Surgeon Corps Infantry Active List
Leockeeping (Grand Canal),1,Leockeeping Grand Canal
Let Roy Coll Surg Ire-in General Medical Practioner,1,Let Roy Coll Surg Ire in General Medical Practioner
Letter - Press Printer,1,Letter Press Printer
Letter Carrier (Post Man),1,Letter Carrier Post Man
Letter Carrier (Rural Post Man),1,Letter Carrier Rural Post Man
Letter Press Printer (Foreman),1,Letter Press Printer Foreman
Letter Sorten-Post Office,1,Letter Sorten Post Office
Letter-Fixer,1,Letter Fixer
Letter-Press Printer,1,Letter Press Printer
Letter-Press Worker,1,Letter Press Worker
Letter-Writer,1,Letter Writer
Letterpress Printer (Compositor),1,Letterpress Printer Compositor
Letterpress Printer - Master,1,Letterpress Printer Master
Letterpress Printer-Manager,1,Letterpress Printer Manager
Libraian (Retired),1,Libraian Retired
Librarian Pensioner (Army),1,Librarian Pensioner Army
Librarian Stationer and Marchant - J P City of Dublin,1,Librarian Stationer and Marchant J P City of Dublin
Librarian-Free Library,1,Librarian Free Library
Library Servant-Domestic,1,Library Servant Domestic
Licenced Driver (Car),1,Licenced Driver Car
Licened Car-Owner,1,Licened Car Owner
Licensed Car-Driver,1,Licensed Car Driver
Licensed Car-Owner,1,Licensed Car Owner
Licensed Carman (Jarvey),1,Licensed Carman Jarvey
Licensed Vintrer (Publican),1,Licensed Vintrer Publican
Licentiate Apothecarier Hall-Dublin,1,Licentiate Apothecarier Hall Dublin
"Licentiate of the Royal College of Physician and England, Edinburgh:- Not Practicing",1,"Licentiate of the Royal College of Physician and England, Edinburgh: Not Practicing"
Licentiate of the Royal College of Surgeons Ireland (Not Plastering) and Bank Official,1,Licentiate of the Royal College of Surgeons Ireland Not Plastering and Bank Official
Licentiate R C S I Surgeon General Army (Retired),1,Licentiate R C S I Surgeon General Army Retired
Licentiate R. C. S. I. (Not Practicing) Genl Farmer,1,Licentiate R. C. S. I. Not Practicing Genl Farmer
Licentrate Medicine and Surgery (L R C P and S I),1,Licentrate Medicine and Surgery L R C P and S I
Lientenant-Army service corps-Active List,1,Lientenant Army service corps Active List
Lieut 19th Hussan (Active List),1,Lieut 19th Hussan Active List
Lieut 2nd - P.C. I.S.C,1,Lieut 2nd P.C. I.S.C
Lieut 5th Bn Royal Irish Fus and J. P. (Active List),1,Lieut 5th Bn Royal Irish Fus and J. P. Active List
Lieut a Schools Dept (Active),1,Lieut a Schools Dept Active
Lieut and Qr. Master 5/R. I. Fusiliers (Active List),1,Lieut and Qr. Master 5/R. I. Fusiliers Active List
Lieut Col (Retired),1,Lieut Col Retired
Lieut Col-Retired,1,Lieut Col Retired
Lieut Colonel-Army-Retired,1,Lieut Colonel Army Retired
Lieut Royal Navy (Active),1,Lieut Royal Navy Active
Lieut-20 Hussars Gentleman Cute,1,Lieut 20 Hussars Gentleman Cute
Lieut-Col. Retired from 2d Middlesex Regt. M.A. T.C.D. J.P.,1,Lieut Col. Retired from 2d Middlesex Regt. M.A. T.C.D. J.P.
Lieut-Colonel on Retired List and on Union,1,Lieut Colonel on Retired List and on Union
Lieut-Colonel Royal Army Medical Staff. Retired on Pension,1,Lieut Colonel Royal Army Medical Staff. Retired on Pension
Lieut. Army Officer (Active),1,Lieut. Army Officer Active
Lieuteant-Colonel Retired-Infantry,1,Lieuteant Colonel Retired Infantry
"Lieutenant (Late) Indian Navy Pensioner & Nautical Surveyor Board of Trade, Superannuated",1,"Lieutenant Late Indian Navy Pensioner & Nautical Surveyor Board of Trade, Superannuated"
Lieutenant and Quartermaster Royal Irish and Workers-Active List,1,Lieutenant and Quartermaster Royal Irish and Workers Active List
Lieutenant Army Active 1/Leinster Rgt-(Foot),1,Lieutenant Army Active 1/Leinster Rgt Foot
Lieutenant Colonel T Staff Lorge Activelist (In Furlough),1,Lieutenant Colonel T Staff Lorge Activelist In Furlough
Lieutenant Infantry (Active),1,Lieutenant Infantry Active
Lieutenant R I (Retired),1,Lieutenant R I Retired
"Lieutenant, Active List, Royal Marine Light-Infantry",1,"Lieutenant, Active List, Royal Marine Light Infantry"
Life Assurance-Superintendant,1,Life Assurance Superintendant
Life Insurance (Supt),1,Life Insurance Supt
Light-House-Keeper,1,Light House Keeper
Light-Keeper,1,Light Keeper
Light-Shop Mate,1,Light Shop Mate
Lighthouse Keeper - Irish Lights Officer Dublin,1,Lighthouse Keeper Irish Lights Officer Dublin
Lighthouse Keeper - Principal,1,Lighthouse Keeper Principal
Lime - Stone Quarry Manager,1,Lime Stone Quarry Manager
Lime-Curnor,1,Lime Curnor
Lime-Keeper,1,Lime Keeper
Limited Coy. Secretary - Printing Business,1,Limited Coy. Secretary Printing Business
Line-Smith,1,Line Smith
Line-Stock Dealer,1,Line Stock Dealer
Lineman (Postal Telgraph),1,Lineman Postal Telgraph
Lineman-Postal Tele Dept,1,Lineman Postal Tele Dept
Linen (Mill) Winder,1,Linen Mill Winder
Linen (Retired) Yarn Bundler,1,Linen Retired Yarn Bundler
Linen (Weaver),1,Linen Weaver
Linen - Laffer,1,Linen Laffer
Linen - Warp - Winder,1,Linen Warp Winder
Linen Beamer-Dresser,1,Linen Beamer Dresser
Linen Bleach-Labourer,1,Linen Bleach Labourer
Linen Bleacher (Foreman),1,Linen Bleacher Foreman
Linen Bleacher in Bleach-Green,1,Linen Bleacher in Bleach Green
Linen Business (Weaver),1,Linen Business Weaver
Linen Business-Hemstitcher,1,Linen Business Hemstitcher
Linen Business-Managing Director Flax Spg. Mill,1,Linen Business Managing Director Flax Spg. Mill
Linen Clerk (Factory),1,Linen Clerk Factory
Linen Cloth-Passer,1,Linen Cloth Passer
Linen Cotton Manufacturer-Master,1,Linen Cotton Manufacturer Master
Linen Doffer Time Millworker (Half),1,Linen Doffer Time Millworker Half
Linen Droffer Time (Half),1,Linen Droffer Time Half
Linen Factory Mill-Hand,1,Linen Factory Mill Hand
Linen Factory-Dower Loom Tentes,1,Linen Factory Dower Loom Tentes
Linen Factory-Winding Master,1,Linen Factory Winding Master
Linen Finisher (Butler),1,Linen Finisher Butler
Linen Finisher (Grocer),1,Linen Finisher Grocer
Linen Finisher and Farmer (Unemployed),1,Linen Finisher and Farmer Unemployed
Linen Handkercief Trade Manager-Hemstitching Department,1,Linen Handkercief Trade Manager Hemstitching Department
Linen Keeper-Domestic Servant,1,Linen Keeper Domestic Servant
Linen Lapper (Apprentice),1,Linen Lapper Apprentice
Linen Lapper in (Factory),1,Linen Lapper in Factory
Linen Light-Glazier,1,Linen Light Glazier
Linen Man-Boiler Maker,1,Linen Man Boiler Maker
Linen Manufacturer (Master),1,Linen Manufacturer Master
Linen Manufactures - Master,1,Linen Manufactures Master
Linen Mill Worker (Rougher),1,Linen Mill Worker Rougher
Linen Mill Worker (Weaver),1,Linen Mill Worker Weaver
Linen Mill-Hand,1,Linen Mill Hand
Linen Millworker-Drawer in Preparing ?on,1,Linen Millworker Drawer in Preparing ?on
Linen Reeler (Yarn),1,Linen Reeler Yarn
Linen Reeler-Yarn,1,Linen Reeler Yarn
Linen Sample - Maker,1,Linen Sample Maker
Linen Sample Maker (Unemployed),1,Linen Sample Maker Unemployed
Linen Shopman-Furniture,1,Linen Shopman Furniture
Linen Steam Loom (Weaver),1,Linen Steam Loom Weaver
Linen Thread-Spinner,1,Linen Thread Spinner
Linen Trade (Apprentice),1,Linen Trade Apprentice
Linen Trade (General Hand),1,Linen Trade General Hand
Linen Trade (Master),1,Linen Trade Master
Linen Trade (Weaver),1,Linen Trade Weaver
Linen Trade-Mechanic,1,Linen Trade Mechanic
Linen Trode-Apprentice,1,Linen Trode Apprentice
Linen Ware-House,1,Linen Ware House
Linen Ware-House Worker,1,Linen Ware House Worker
Linen Warehouse (Embroidry),1,Linen Warehouse Embroidry
Linen Warehouse (Stitcher),1,Linen Warehouse Stitcher
Linen Warehouse (Vice Folder),1,Linen Warehouse Vice Folder
Linen Warehouseman-Manager,1,Linen Warehouseman Manager
Linen Warp-Winder in Factory,1,Linen Warp Winder in Factory
Linen Warper (in Factory),1,Linen Warper in Factory
Linen Weaver (Army Pensioner),1,Linen Weaver Army Pensioner
Linen Weaver (Power Lorry),1,Linen Weaver Power Lorry
Linen Weaver - in Mill,1,Linen Weaver in Mill
Linen Weaver-Retired,1,Linen Weaver Retired
Linen Winder - Yarn Seamstress,1,Linen Winder Yarn Seamstress
Linen Work (Boxer),1,Linen Work Boxer
Linen Work-Labourer,1,Linen Work Labourer
Linen Worker- Machinest,1,Linen Worker Machinest
Linen Yarn Winder (Linen Weaving),1,Linen Yarn Winder Linen Weaving
Linen Yarn Winder Engaged For-Term,1,Linen Yarn Winder Engaged For Term
Linen Yarn-Dresser,1,Linen Yarn Dresser
Linen Yarn-Dryer,1,Linen Yarn Dryer
Linen Yarn-Reeler,1,Linen Yarn Reeler
Linen Yarn-Twister,1,Linen Yarn Twister
Linen-Bleacher,1,Linen Bleacher
Linen-Capper,1,Linen Capper
Linen-Clerk,1,Linen Clerk
Linen-Clerk in Warehouse,1,Linen Clerk in Warehouse
Linen-Cloth-Passer,1,Linen Cloth Passer
Linen-Copper,1,Linen Copper
Linen-Doffer ?ime Scholars and Millworker,1,Linen Doffer ?ime Scholars and Millworker
Linen-Domestic Picker,1,Linen Domestic Picker
Linen-Dyer,1,Linen Dyer
Linen-Finisher Not Morking,1,Linen Finisher Not Morking
Linen-Manager,1,Linen Manager
Linen-Manufacturer,1,Linen Manufacturer
Linen-Marker,1,Linen Marker
Linen-Preparing Master,1,Linen Preparing Master
Linen-Reeler,1,Linen Reeler
Linen-Spinner Millworker,1,Linen Spinner Millworker
Linen-Spreader Mill Worker,1,Linen Spreader Mill Worker
Linen-Warehoseman,1,Linen Warehoseman
Linen-Yarn Mill Worker Reller,1,Linen Yarn Mill Worker Reller
Linen-Yarn Reeler,1,Linen Yarn Reeler
Linen-Yarn Ruler,1,Linen Yarn Ruler
Linenlapper-Unemployed,1,Linenlapper Unemployed
Liner-Ship,1,Liner Ship
Linin Yarn-Dresser,1,Linin Yarn Dresser
Linnen Weaver (Army Pensioner),1,Linnen Weaver Army Pensioner
Linnen-Hackler,1,Linnen Hackler
Linnen-Lapper,1,Linnen Lapper
Linnen-Weaver,1,Linnen Weaver
Linnen-Worker,1,Linnen Worker
Lith-Printer,1,Lith Printer
Litho - Machineman,1,Litho Machineman
Litho-Finisher,1,Litho Finisher
Litho-Machinist,1,Litho Machinist
Litho-Printer-Master,1,Litho Printer Master
Litho-Printing ?,1,Litho Printing ?
Lithographer-Transferrer,1,Lithographer Transferrer
Living - Friend,1,Living Friend
Living on Money Accrued in Early Living (Retired Farmer),1,Living on Money Accrued in Early Living Retired Farmer
Living on Out-Door Relief,1,Living on Out Door Relief
Living on out-Door Relief,1,Living on out Door Relief
Living on Out-Door-Relief,1,Living on Out Door Relief
Living on Reserve Bank and Out-Door Relief,1,Living on Reserve Bank and Out Door Relief
Living on Some Spared-Money,1,Living on Some Spared Money
Living Private-Lon Rent of House Property,1,Living Private Lon Rent of House Property
Lizzy Fitzsimons House-Servant,1,Lizzy Fitzsimons House Servant
Ln C P S Ed.L and S G Let H (General Practitioner Apothecary),1,Ln C P S Ed.L and S G Let H General Practitioner Apothecary
Loagher-Mill,1,Loagher Mill
Lobourer (Genl),1,Lobourer Genl
Loca Roly-Stoker,1,Loca Roly Stoker
Loch Keeper-Royal Canal Company,1,Loch Keeper Royal Canal Company
Lock Keeper (Grand Canal),1,Lock Keeper Grand Canal
Lock Man-Gd Canal,1,Lock Man Gd Canal
Lock-Keeper Canel,1,Lock Keeper Canel
Lock-Keeper on Canal,1,Lock Keeper on Canal
Lock-Keepers Daughter,1,Lock Keepers Daughter
Lock-Keepers Son,1,Lock Keepers Son
Lock-Smith,1,Lock Smith
Lockkeeper-Canal,1,Lockkeeper Canal
Loco-Engine Fitter Unemployed,1,Loco Engine Fitter Unemployed
Loco-Engineer,1,Loco Engineer
Locomotive Fireman (in Railway) and Naval Reserve Man,1,Locomotive Fireman in Railway and Naval Reserve Man
Lodg-Keeper,1,Lodg Keeper
Lodge Keeper (Army Pensioner),1,Lodge Keeper Army Pensioner
Lodge Keeper and Army Pensioner (68th Foot),1,Lodge Keeper and Army Pensioner 68th Foot
Lodge-Keeper and Sexton,1,Lodge Keeper and Sexton
Lodger-No Occupation,1,Lodger No Occupation
Lodging - Keeper,1,Lodging Keeper
Lodging House (1 Room Sublet),1,Lodging House 1 Room Sublet
Lodging House-keeper,1,Lodging House keeper
Lodging House-Keeper and Sprigger,1,Lodging House Keeper and Sprigger
Lodging-House keeper,1,Lodging House keeper
Lodging-house keeper,1,Lodging house keeper
"Lodging-House, Keeper",1,"Lodging House, Keeper"
Lodging-Houskeeper,1,Lodging Houskeeper
Lodginghouse-Keeper,1,Lodginghouse Keeper
Loff-Man in Bond Store,1,Loff Man in Bond Store
Loft - Man,1,Loft Man
Loft-Hand,1,Loft Hand
Loftman-Mineral Water Works,1,Loftman Mineral Water Works
Looking After House (Housekeeper),1,Looking After House Housekeeper
Looking Apte House-Maid,1,Looking Apte House Maid
Loom Machanic (Mill),1,Loom Machanic Mill
Loom Tenter (Linen),1,Loom Tenter Linen
Loom Tuner (Woollen),1,Loom Tuner Woollen
Loom-Tentor,1,Loom Tentor
Lopping Clerke (Office),1,Lopping Clerke Office
Lord (Brother of Duke) Scholar,1,Lord Brother of Duke Scholar
Lord Macnaghten (Burn) Lord of App?l in Ordinary,1,Lord Macnaghten Burn Lord of App?l in Ordinary
Lorry-Man,1,Lorry Man
Lt Col Comdg 4th Royal Minister Fan: (Kerry Militry),1,Lt Col Comdg 4th Royal Minister Fan: Kerry Militry
Lt Col Raml. (R P),1,Lt Col Raml. R P
Lt Col-Infantry Retired List,1,Lt Col Infantry Retired List
Lt Colonel-Army Medt Staff,1,Lt Colonel Army Medt Staff
Lt Colonel. R. A. M C-R. P.,1,Lt Colonel. R. A. M C R. P.
Lt. Colonel (Farmer) Ret. Priest,1,Lt. Colonel Farmer Ret. Priest
Lunatic Ward Master Official in Work-House,1,Lunatic Ward Master Official in Work House
Lunt Colonel Indian Staff Cup. (Retired),1,Lunt Colonel Indian Staff Cup. Retired
M A ( L C D) M I C E London,1,M A L C D M I C E London
M A (Dublin Unversity) and Barrister-at-law (in Active Practice),1,M A Dublin Unversity and Barrister at law in Active Practice
M A (RD) Solicitor,1,M A RD Solicitor
M A (T C D) J. P. D. L. M R I A. Author and Student of Natural Science. Income Derived from Land and House Property,1,M A T C D J. P. D. L. M R I A. Author and Student of Natural Science. Income Derived from Land and House Property
M A T C D Clerk in Holy Dyders (I C) Professor Eng Lit Alexandra College Dublin,1,M A T C D Clerk in Holy Dyders I C Professor Eng Lit Alexandra College Dublin
M A Trin Coll Dub Civil Engineer (Unemployed),1,M A Trin Coll Dub Civil Engineer Unemployed
M B B Ch R U I (Not Practising),1,M B B Ch R U I Not Practising
M B Duh (Not Practising),1,M B Duh Not Practising
M B T C D - L R C S I Medical Supr Ennis County Asylum,1,M B T C D L R C S I Medical Supr Ennis County Asylum
M B. BCH (R U I),1,M B. BCH R U I
M D (Dubl) and R C S I Etc (General Practitioner),1,M D Dubl and R C S I Etc General Practitioner
M D (R. U. J) General Pract,1,M D R. U. J General Pract
M D Royal Cal Hys (Not Practising),1,M D Royal Cal Hys Not Practising
M D-Q U I-I P,1,M D Q U I I P
M Engineer (Mechanical),1,M Engineer Mechanical
M P K C (Practising) L S D,1,M P K C Practising L S D
M. A. (T. C. D.) J. P. D. L.-High Sheriff of Co. Fermanagh,1,M. A. T. C. D. J. P. D. L. High Sheriff of Co. Fermanagh
"M. A. Civil Servant, 1st Division, Local Con Board (Ireland)",1,"M. A. Civil Servant, 1st Division, Local Con Board Ireland"
M. A. T. C. D Clerk in Holy Orders Ch. of I. Rector (of Monutmellick and Rosenallis),1,M. A. T. C. D Clerk in Holy Orders Ch. of I. Rector of Monutmellick and Rosenallis
M. B (Royal University of Ireland) Fellow of the Chars Sco. London Securities Apothecary Place Dublin,1,M. B Royal University of Ireland Fellow of the Chars Sco. London Securities Apothecary Place Dublin
M. D. K Prof. of Chemistry (T. L. D.),1,M. D. K Prof. of Chemistry T. L. D.
M. M Blug at Civil Service (Retired),1,M. M Blug at Civil Service Retired
"M.A (Land) Schoolmaster, Aergyman",1,"M.A Land Schoolmaster, Aergyman"
M.A. (R.U.I) Commercial Clerk Journalist (Timber Buisness),1,M.A. R.U.I Commercial Clerk Journalist Timber Buisness
M.A. (R.U.S) accountant - Railway,1,M.A. R.U.S accountant Railway
"M.A., L.L. D(T.C.D.) Principal of Govt. Trained College; (Superannuated)",1,"M.A., L.L. DT.C.D. Principal of Govt. Trained College; Superannuated"
"M.A., LL.B.(R.V.I). B.Sc(Land.) Barrister (in Practice)",1,"M.A., LL.B.R.V.I. B.ScLand. Barrister in Practice"
"M.A., T.C.D.-Assistant Librarian, Trinity College Dublin",1,"M.A., T.C.D. Assistant Librarian, Trinity College Dublin"
M.A.-Clergy Man,1,M.A. Clergy Man
M.A.L.L.B. (R.U.I) Solicitor,1,M.A.L.L.B. R.U.I Solicitor
M.A.T.C.D Barrister-Retired Council to Post Office Retired,1,M.A.T.C.D Barrister Retired Council to Post Office Retired
M.B. (RUI) School of Irishtown Doctor of Medicine,1,M.B. RUI School of Irishtown Doctor of Medicine
M.B. Bch. (R.U.I),1,M.B. Bch. R.U.I
M.B. Beh (R.U.I) General Medical Practitioner,1,M.B. Beh R.U.I General Medical Practitioner
M.B.(T.C.D.) and G.R.C.S.I. Physician and Surgeion J.P. Waterford City,1,M.B.T.C.D. and G.R.C.S.I. Physician and Surgeion J.P. Waterford City
M.D. (Edin) Mid Wife Troops,1,M.D. Edin Mid Wife Troops
M.D. (Retired),1,M.D. Retired
M.D.(Dublin) F.R.C.P.I Gynaeeacogist and Obateterieist,1,M.D.Dublin F.R.C.P.I Gynaeeacogist and Obateterieist
M.D.(Q.U.I) M.Ch. and L.M. General Medical Practitioner,1,M.D.Q.U.I M.Ch. and L.M. General Medical Practitioner
"M.D.Q.U.I., F.R.C.R.S., M.R.C.S Red Dy: Sergt-General Indian Service Army",1,"M.D.Q.U.I., F.R.C.R.S., M.R.C.S Red Dy: Sergt General Indian Service Army"
M.D.S.C.D.L.R.C.S.E- Not Practising,1,M.D.S.C.D.L.R.C.S.E Not Practising
M.I.C.E. Retired - II.,1,M.I.C.E. Retired II.
M.R.C.P.L. and L.S.A. Land Div Surgeon Giverer Retired Army Medical Staff - Not Practising,1,M.R.C.P.L. and L.S.A. Land Div Surgeon Giverer Retired Army Medical Staff Not Practising
M.R.C.S. L.R.C.P. L.S. A (Land) Surgn. Lt. 1st ? Royal Land Rot.,1,M.R.C.S. L.R.C.P. L.S. A Land Surgn. Lt. 1st ? Royal Land Rot.
Machanic (Bicycle),1,Machanic Bicycle
Machanic (Sewing Machine),1,Machanic Sewing Machine
Machanic (Weaving Factory),1,Machanic Weaving Factory
Machanic Boy (in Foundry),1,Machanic Boy in Foundry
Machanic-Fitter,1,Machanic Fitter
Machanic-Fitter (Apprentice),1,Machanic Fitter Apprentice
Machanic-Fitter Iron Works,1,Machanic Fitter Iron Works
Machenist (Clothing Factory),1,Machenist Clothing Factory
Machenist (Iron) Works,1,Machenist Iron Works
Machenist (Sewing),1,Machenist Sewing
Machinc-Reeler,1,Machinc Reeler
Machine - Man,1,Machine Man
Machine - Oiler,1,Machine Oiler
Machine - Stitcher,1,Machine Stitcher
Machine Boy (Flax Spig Mill),1,Machine Boy Flax Spig Mill
Machine Boy (Flax Spinning Mill),1,Machine Boy Flax Spinning Mill
Machine Boy (Jacobs),1,Machine Boy Jacobs
Machine Boy (Linen),1,Machine Boy Linen
Machine Boy (Newspaper),1,Machine Boy Newspaper
Machine Boy (Printing),1,Machine Boy Printing
Machine Boy (Ropework),1,Machine Boy Ropework
Machine Boy-Flax,1,Machine Boy Flax
Machine Driller (Shipyard),1,Machine Driller Shipyard
Machine Fitter (Pansioned),1,Machine Fitter Pansioned
Machine Fitter (Textile),1,Machine Fitter Textile
Machine Fitter-Iron,1,Machine Fitter Iron
Machine Hand-Shirt Factory,1,Machine Hand Shirt Factory
Machine Hemstitcher (Master),1,Machine Hemstitcher Master
Machine Man (Foundry),1,Machine Man Foundry
Machine Man Fitter-Iron Works,1,Machine Man Fitter Iron Works
Machine Planer (Engineering Works),1,Machine Planer Engineering Works
Machine Stone-Cutter,1,Machine Stone Cutter
Machine Worker (Foundry),1,Machine Worker Foundry
Machine Worker (Iron-Foundry),1,Machine Worker Iron Foundry
Machine-Boy (Flax Mill),1,Machine Boy Flax Mill
Machine-Boy in Linen Factory,1,Machine Boy in Linen Factory
Machine-Boy in Linen Mill,1,Machine Boy in Linen Mill
Machine-Boy in Mill Linen,1,Machine Boy in Mill Linen
Machine-Boy Mill Linen,1,Machine Boy Mill Linen
Machine-Boy Mill Worker,1,Machine Boy Mill Worker
Machine-Boy Millworker,1,Machine Boy Millworker
Machine-Fitter Apprentice,1,Machine Fitter Apprentice
Machine-Hand,1,Machine Hand
Machine-Maker and Engineer-Master,1,Machine Maker and Engineer Master
Machine-Man Engin Works,1,Machine Man Engin Works
Machine-Man in Seed Warehouse,1,Machine Man in Seed Warehouse
Machine-Man or Labourer in Iron Worker,1,Machine Man or Labourer in Iron Worker
Machine-Printer,1,Machine Printer
Machine-Sewer,1,Machine Sewer
Machine-Stitcher,1,Machine Stitcher
Machineest (Lithographic),1,Machineest Lithographic
Machineman (in Eng Works),1,Machineman in Eng Works
Machinesh-Iron Foundry,1,Machinesh Iron Foundry
Machinest (Linen),1,Machinest Linen
Machinest (Printers),1,Machinest Printers
Machinest-Boot Factory,1,Machinest Boot Factory
Machinest-Factory,1,Machinest Factory
Machinest-Knitter,1,Machinest Knitter
Machinest-Seamstress,1,Machinest Seamstress
Machinist (Aprons),1,Machinist Aprons
Machinist (Bag Factory),1,Machinist Bag Factory
Machinist (Boot Factory),1,Machinist Boot Factory
Machinist (Cloth Company),1,Machinist Cloth Company
Machinist (Dressmaker),1,Machinist Dressmaker
Machinist (Dressmaking),1,Machinist Dressmaking
Machinist (Hdkf),1,Machinist Hdkf
Machinist (Linen Trade),1,Machinist Linen Trade
Machinist (Linen),1,Machinist Linen
Machinist (Spinning Mill),1,Machinist Spinning Mill
Machinist (Tailors),1,Machinist Tailors
Machinist (Tailory),1,Machinist Tailory
Machinist - Hand Rfs,1,Machinist Hand Rfs
Machinist Boot and Shoe-Maker's,1,Machinist Boot and Shoe Maker's
Machinist-(Shirt Maker),1,Machinist Shirt Maker
Machinist-Coaching Factory,1,Machinist Coaching Factory
Machinist-Collars,1,Machinist Collars
Machinist-Hemstictcher Handkerchief,1,Machinist Hemstictcher Handkerchief
Machinist-in Boot Trade,1,Machinist in Boot Trade
Machinist-In Shirt Factory,1,Machinist In Shirt Factory
Machinist-Leather,1,Machinist Leather
Machinist-Seamstress,1,Machinist Seamstress
Machinist-Shipyard,1,Machinist Shipyard
Machinist-Shirt Making,1,Machinist Shirt Making
Machinist-Tailors,1,Machinist Tailors
Machinst (Aprons),1,Machinst Aprons
Machnie (Sawing Machine),1,Machnie Sawing Machine
Mad. Doctor-Surgeon not Practising Glasgow-Dublin,1,Mad. Doctor Surgeon not Practising Glasgow Dublin
Magistrate (Farm),1,Magistrate Farm
"Magistrate (Msh,F.C.S, F.J.C.) Chemical Engineer Anelyst of teacher of Chemisty",1,"Magistrate Msh,F.C.S, F.J.C. Chemical Engineer Anelyst of teacher of Chemisty"
Magistrate (None),1,Magistrate None
Magistrate - Commercial Agent,1,Magistrate Commercial Agent
Magistrate - Farmer Flax and Corn Mill Owner,1,Magistrate Farmer Flax and Corn Mill Owner
Magistrate Bengal Civil Service (Retired),1,Magistrate Bengal Civil Service Retired
Magistrate Land-Owner,1,Magistrate Land Owner
Magistrate-Assistant-Commissioner Irish-Land Commission,1,Magistrate Assistant Commissioner Irish Land Commission
Magistrate-Farmers,1,Magistrate Farmers
Magistrate-Land Agent,1,Magistrate Land Agent
Magistrate-Land Owner,1,Magistrate Land Owner
Magistrate-Landowner,1,Magistrate Landowner
Magristrate-Iron Foundry,1,Magristrate Iron Foundry
Maid - Domestic,1,Maid Domestic
Maid - Domestic Servant,1,Maid Domestic Servant
Maid - Domestic Servt,1,Maid Domestic Servt
Maid - Domst Servant,1,Maid Domst Servant
Maid Servant (Domestic),1,Maid Servant Domestic
Maid-Domestic S,1,Maid Domestic S
Maid-Domestic servant,1,Maid Domestic servant
Maid-Domestic St,1,Maid Domestic St
Maid-Servant,1,Maid Servant
Maid-Servant (Domestic),1,Maid Servant Domestic
Maid-Servants,1,Maid Servants
Maifor (Retr) R A in Army,1,Maifor Retr R A in Army
Mail-Car Driver,1,Mail Car Driver
Mail-Carrier,1,Mail Carrier
Mail-Van Driver,1,Mail Van Driver
Mailcar-Driver,1,Mailcar Driver
Mailor in Merchantdile (Service),1,Mailor in Merchantdile Service
Majestrate of L Col-Retired,1,Majestrate of L Col Retired
"Major ""Retired List""- Infantry",1,"Major ""Retired List"" Infantry"
Major (Indian Staff Corps) Active List Infantry,1,Major Indian Staff Corps Active List Infantry
Major (Late) 10th R. Hussars,1,Major Late 10th R. Hussars
Major (Retired),1,Major Retired
Major (Retiredd) Army,1,Major Retiredd Army
Major and Hon Lt Col 3d Srget Ry Adm List B A Cane-Ba? Banker and J. P. for County of Somerset,1,Major and Hon Lt Col 3d Srget Ry Adm List B A Cane Ba? Banker and J. P. for County of Somerset
Major Devonshire (J.P.) Regiment,1,Major Devonshire J.P. Regiment
Major General (Infantry) Com and Dublin District Active List,1,Major General Infantry Com and Dublin District Active List
Major General H M Indian Army-Retired,1,Major General H M Indian Army Retired
Major General R.E. (Active List),1,Major General R.E. Active List
Major General-Infantry. Retired,1,Major General Infantry. Retired
Major General-Retired Late Madras Staff Corpr,1,Major General Retired Late Madras Staff Corpr
Major Gengl-Retired Tiot,1,Major Gengl Retired Tiot
Major Genl-Retired,1,Major Genl Retired
Major in Army (Retired List) Land - Owner and Railway Director Justice of the Peace for County,1,Major in Army Retired List Land Owner and Railway Director Justice of the Peace for County
Major in Army Retired (Line),1,Major in Army Retired Line
Major Indian Army (Acting),1,Major Indian Army Acting
Major on Infantry-Active List,1,Major on Infantry Active List
Major Retired - J. P. Cos: Kerry and Cork,1,Major Retired J. P. Cos: Kerry and Cork
Major Royal Engineer (Acture List),1,Major Royal Engineer Acture List
Major Royal Engineers (active List),1,Major Royal Engineers active List
Major Royal Engineers (Active List),1,Major Royal Engineers Active List
"Major, Retired (9th) Norfolk Regiment",1,"Major, Retired 9th Norfolk Regiment"
Major-Infantry Retired List,1,Major Infantry Retired List
Major-R.A. (Retired),1,Major R.A. Retired
Major-Res of Offr Active List,1,Major Res of Offr Active List
Major-Retired from Militier,1,Major Retired from Militier
Major-Retired List,1,Major Retired List
Makeer-up of Cloth,1,Makeer up of Cloth
Maker-Up Linen?,1,Maker Up Linen?
Making Match-Boxes,1,Making Match Boxes
Maler-Man,1,Maler Man
Malitia-Man,1,Malitia Man
Malron (Hospital),1,Malron Hospital
Malster (and Agent),1,Malster and Agent
Malster-Master,1,Malster Master
Managar-Linen Manufacturer,1,Managar Linen Manufacturer
Manager (Acrated Water Factory),1,Manager Acrated Water Factory
Manager (Book Shop),1,Manager Book Shop
Manager (Butcher),1,Manager Butcher
Manager (Estate),1,Manager Estate
Manager (Flax Spg Mill),1,Manager Flax Spg Mill
Manager (Furniture),1,Manager Furniture
Manager (General) Bakery,1,Manager General Bakery
Manager (insurance Officer),1,Manager insurance Officer
manager (Insurance),1,manager Insurance
Manager (Jewelles),1,Manager Jewelles
Manager (manufactory),1,Manager manufactory
Manager (Mill),1,Manager Mill
Manager (of above),1,Manager of above
Manager (Oyster Saloon),1,Manager Oyster Saloon
Manager (Printworks),1,Manager Printworks
Manager (Shoe Trade),1,Manager Shoe Trade
Manager (Wareroom),1,Manager Wareroom
Manager (Wire Works),1,Manager Wire Works
Manager - Gas Apparatus Manufacuturer,1,Manager Gas Apparatus Manufacuturer
Manager and Book - Keeper,1,Manager and Book Keeper
Manager Co-Operative Creamery,1,Manager Co Operative Creamery
Manager Co-Operative Dairy Society,1,Manager Co Operative Dairy Society
Manager Coment-Stores,1,Manager Coment Stores
Manager Excist Bon?ded Store (Whiskey),1,Manager Excist Bon?ded Store Whiskey
Manager of House (Tobacconist),1,Manager of House Tobacconist
Manager Work in and (Cork),1,Manager Work in and Cork
Manager-Alumina Factory Member Inst Mech Engrs and Soc Chem Ind,1,Manager Alumina Factory Member Inst Mech Engrs and Soc Chem Ind
Manager-Boot Trade,1,Manager Boot Trade
Manager-Boot Warehouse,1,Manager Boot Warehouse
Manager-Brewery Cooperage,1,Manager Brewery Cooperage
Manager-Carrier,1,Manager Carrier
Manager-Creamery,1,Manager Creamery
Manager-Dairy,1,Manager Dairy
Manager-Draper,1,Manager Draper
Manager-Drapery and C,1,Manager Drapery and C
Manager-Gas Works,1,Manager Gas Works
Manager-General,1,Manager General
Manager-Grocers,1,Manager Grocers
Manager-Grocery and Spirit,1,Manager Grocery and Spirit
Manager-Laundry,1,Manager Laundry
Manager-Office,1,Manager Office
Manager-Printing Work,1,Manager Printing Work
Manager-Shert Factory,1,Manager Shert Factory
Manager-Shirt Factory,1,Manager Shirt Factory
Manager-Soap Works,1,Manager Soap Works
Manager-Tea Co,1,Manager Tea Co
Manager-Tobacco Manufct,1,Manager Tobacco Manufct
Manager-Weaving Factory,1,Manager Weaving Factory
Manager-Whiskey Trade,1,Manager Whiskey Trade
Manager:- Shirt and Blouse Manufactory,1,Manager: Shirt and Blouse Manufactory
Manageress (Bakery),1,Manageress Bakery
Manageress (Confectionery),1,Manageress Confectionery
Manageress (Confictioner),1,Manageress Confictioner
Manageress (Dye Agency),1,Manageress Dye Agency
Manageress (Restnt),1,Manageress Restnt
Manageress on Dinig-Room,1,Manageress on Dinig Room
Manageress Tea-Rooms,1,Manageress Tea Rooms
Manageress Ware-Rooms,1,Manageress Ware Rooms
Manageress-of Cafe,1,Manageress of Cafe
Manageress-Public House,1,Manageress Public House
Manageress-Restaurant,1,Manageress Restaurant
Managers-Boot Shop,1,Managers Boot Shop
Managing Assistant Grocery-Going and Spirits,1,Managing Assistant Grocery Going and Spirits
Managing Asst (Solicitor),1,Managing Asst Solicitor
Managing Clerk (Wine Trade),1,Managing Clerk Wine Trade
Managing Director (Bread Factory),1,Managing Director Bread Factory
Managing Nurse (Trained),1,Managing Nurse Trained
Mang. Director (Bakery),1,Mang. Director Bakery
Mantle Maker (App),1,Mantle Maker App
Manufacturer (Debt),1,Manufacturer Debt
Manufacturer Agent - Drapery,1,Manufacturer Agent Drapery
"Manufacturer of School Apparatus, and Artists Colarman - Master",1,"Manufacturer of School Apparatus, and Artists Colarman Master"
Manufacturer of Shaw-Bottle ?,1,Manufacturer of Shaw Bottle ?
Manufacturer's Agent (Leather Grace),1,Manufacturer's Agent Leather Grace
Manufacturer-Mineral Waters,1,Manufacturer Mineral Waters
Manufacturer-Show Cards (Retd),1,Manufacturer Show Cards Retd
Manufacturer-Stitcher,1,Manufacturer Stitcher
Manufacturers Agent (All Branches),1,Manufacturers Agent All Branches
Marble and Stone Worker-Master,1,Marble and Stone Worker Master
Marble Cutter-Master,1,Marble Cutter Master
Marine (articlery) (?),1,Marine articlery ?
Marine - Fireman,1,Marine Fireman
Marine Engineer (Apprentice),1,Marine Engineer Apprentice
Marine Engineer (Unemployed),1,Marine Engineer Unemployed
Mariner (Ordinary),1,Mariner Ordinary
Mariner (Ship Master),1,Mariner Ship Master
mariner (unemployed),1,mariner unemployed
Mariner (Yachtsman),1,Mariner Yachtsman
Mariner - Invalid,1,Mariner Invalid
Mariner-Able Seaman,1,Mariner Able Seaman
Mariner-Sailor,1,Mariner Sailor
Mark - Mistress,1,Mark Mistress
Market - Gardener,1,Market Gardener
Market Woman (Vendor of Fruit),1,Market Woman Vendor of Fruit
Market-Weigh Master and Agricultural Labourer,1,Market Weigh Master and Agricultural Labourer
Married-Divindalk,1,Married Divindalk
Mashien Kniter (Stocking Making),1,Mashien Kniter Stocking Making
Mason (Apprentice),1,Mason Apprentice
Mason (Employed),1,Mason Employed
Mason (Railway),1,Mason Railway
Mason - Labourer,1,Mason Labourer
Mason - Trades Man,1,Mason Trades Man
Mason and (Grocer),1,Mason and Grocer
Mason and Carpenter (Mason),1,Mason and Carpenter Mason
Mason Stone),1,Mason Stone
"Mason-""Contractor""",1,"Mason ""Contractor"""
Mason-(Stone),1,Mason Stone
Mason-Builder,1,Mason Builder
Mason-Carpenter,1,Mason Carpenter
Mason-Operative,1,Mason Operative
Mason-Retired,1,Mason Retired
Masoner-Master,1,Masoner Master
Masons Attendant (Stone),1,Masons Attendant Stone
Master (Carriage Builder),1,Master Carriage Builder
Master - Bedding and Furniture Manufacturer,1,Master Bedding and Furniture Manufacturer
Master - Carpenter,1,Master Carpenter
Master - Mariner,1,Master Mariner
Master - Smith,1,Master Smith
Master Baker (Assistant),1,Master Baker Assistant
Master Block-Maker,1,Master Block Maker
Master Boot-Maker,1,Master Boot Maker
Master Carpenter and (Farmer),1,Master Carpenter and Farmer
Master Coach-Builder,1,Master Coach Builder
Master Cooper and Shop Keeper-Grocer,1,Master Cooper and Shop Keeper Grocer
Master Harness-Maker,1,Master Harness Maker
Master House-Painter,1,Master House Painter
Master Mariner (Disengaged),1,Master Mariner Disengaged
Master Mariner (Retired),1,Master Mariner Retired
master mariner (unemployed),1,master mariner unemployed
Master Mariner Teacher of Harigatior Marine Surveyor-Seinster District Counter of Shipping Federal in S D,1,Master Mariner Teacher of Harigatior Marine Surveyor Seinster District Counter of Shipping Federal in S D
Master Mariner-Retired,1,Master Mariner Retired
Master Newspaper-Printer,1,Master Newspaper Printer
Master of Arts Dublin Union Vesly-Clerk and Canon Retired,1,Master of Arts Dublin Union Vesly Clerk and Canon Retired
Master of Work House (Retired),1,Master of Work House Retired
Master Printer-Compositor and Machinist,1,Master Printer Compositor and Machinist
Master Shoe-Maker,1,Master Shoe Maker
Master Spinner (Linen),1,Master Spinner Linen
"Master, (Jeweller)",1,"Master, Jeweller"
Master-Builder and Contractor,1,Master Builder and Contractor
Master-Confectioner,1,Master Confectioner
Master-Cooper,1,Master Cooper
Master-Decorator,1,Master Decorator
Master-Mason,1,Master Mason
Master-Printer,1,Master Printer
Master-Wheelwright and Carpenter,1,Master Wheelwright and Carpenter
Match-Box-Maker,1,Match Box Maker
Math Teacher MA (Dub),1,Math Teacher MA Dub
Mathematician and Linguist-Holder of Land Mortgages,1,Mathematician and Linguist Holder of Land Mortgages
Matron (Infirmary),1,Matron Infirmary
Matron (Prison),1,Matron Prison
Matron (Union),1,Matron Union
Matron - Servant,1,Matron Servant
Matron and House-Keeper,1,Matron and House Keeper
Matron Needlework (Association),1,Matron Needlework Association
Matron or Head Nurse (Hospital Trained),1,Matron or Head Nurse Hospital Trained
Matron-Irish Baptist Collage,1,Matron Irish Baptist Collage
Mattress - Maker,1,Mattress Maker
Max-Collector,1,Max Collector
MB. Bth.-General Practitioner Dispensary Doctor at Corduff,1,MB. Bth. General Practitioner Dispensary Doctor at Corduff
Meason-Workman,1,Meason Workman
Mech-Engineer,1,Mech Engineer
Mechanic (app),1,Mechanic app
Mechanic (Apprentice),1,Mechanic Apprentice
Mechanic (Bicycle Trade),1,Mechanic Bicycle Trade
Mechanic (Bicycle),1,Mechanic Bicycle
Mechanic (Bicycles),1,Mechanic Bicycles
Mechanic (Black Smith),1,Mechanic Black Smith
Mechanic (Bootmaker),1,Mechanic Bootmaker
Mechanic (Carpenter),1,Mechanic Carpenter
Mechanic (Cycles),1,Mechanic Cycles
Mechanic (Electrical),1,Mechanic Electrical
Mechanic (Fitter),1,Mechanic Fitter
Mechanic (General),1,Mechanic General
Mechanic (In Mill),1,Mechanic In Mill
Mechanic (Iron Traner,1,Mechanic Iron Traner
Mechanic (Iron) Foundry Works,1,Mechanic Iron Foundry Works
Mechanic (Loom),1,Mechanic Loom
Mechanic (Machine),1,Mechanic Machine
Mechanic (Millwright),1,Mechanic Millwright
Mechanic (Saving Machine),1,Mechanic Saving Machine
Mechanic (Shop Yard),1,Mechanic Shop Yard
Mechanic (Spinning),1,Mechanic Spinning
Mechanic - Fitter,1,Mechanic Fitter
Mechanic - Rivetter,1,Mechanic Rivetter
Mechanic - Steam Fitting Manufacturing,1,Mechanic Steam Fitting Manufacturing
Mechanic Appentice (Fitter),1,Mechanic Appentice Fitter
Mechanic Apprenctice-Spinning Mill,1,Mechanic Apprenctice Spinning Mill
Mechanic at Ship-Yard,1,Mechanic at Ship Yard
Mechanic Biscuit-Cutting Machine,1,Mechanic Biscuit Cutting Machine
Mechanic in Ship - Yard,1,Mechanic in Ship Yard
Mechanic Iron (Turner),1,Mechanic Iron Turner
Mechanic-Agricultural Machines,1,Mechanic Agricultural Machines
Mechanic-Apprie,1,Mechanic Apprie
Mechanic-Bicycle Fitter,1,Mechanic Bicycle Fitter
Mechanic-Cycle,1,Mechanic Cycle
Mechanic-Electric Telephone Co,1,Mechanic Electric Telephone Co
Mechanic-Filter,1,Mechanic Filter
Mechanic-Fitter in Bleach and Dye Works,1,Mechanic Fitter in Bleach and Dye Works
Mechanic-Fitter in Iron Works,1,Mechanic Fitter in Iron Works
Mechanic-Fitter Iron Works,1,Mechanic Fitter Iron Works
Mechanic-Flax Spinning,1,Mechanic Flax Spinning
Mechanic-Foreman,1,Mechanic Foreman
Mechanic-Iron Turner,1,Mechanic Iron Turner
Mechanic-Spinning (Machinery),1,Mechanic Spinning Machinery
Mechanic-Unemployed,1,Mechanic Unemployed
Mechanical and Stone-Engrave,1,Mechanical and Stone Engrave
Mechanical Engineer (Fitter),1,Mechanical Engineer Fitter
Mechanical Engineer Draughtsman (Chief),1,Mechanical Engineer Draughtsman Chief
Mechanician Iron - Foundry,1,Mechanician Iron Foundry
Mechanick-Fitter Iron Wirks,1,Mechanick Fitter Iron Wirks
Mechanie-Plaster,1,Mechanie Plaster
Mechanist-Collar Factory,1,Mechanist Collar Factory
Mechanist-Linen Factory,1,Mechanist Linen Factory
Mechl-Engineer,1,Mechl Engineer
Med Dr - not Practising M.D.S and Andrus ?llow R.C.S.J,1,Med Dr not Practising M.D.S and Andrus ?llow R.C.S.J
Med-dispensary Doctor Wife,1,Med dispensary Doctor Wife
Med. Doctor Q.W.I.-L.R.C.S ? Lily,1,Med. Doctor Q.W.I. L.R.C.S ? Lily
Medical - General Practitioner,1,Medical General Practitioner
Medical - General Practitioner (MB. Bch. BAO. RUI),1,Medical General Practitioner MB. Bch. BAO. RUI
Medical Assistant M A MB.B.ch (In Dubl),1,Medical Assistant M A MB.B.ch In Dubl
Medical Doctor (General Practitioner R. U. I),1,Medical Doctor General Practitioner R. U. I
Medical Doctor (General Practitioner),1,Medical Doctor General Practitioner
Medical Doctor (L.R.C.G. and S.E.),1,Medical Doctor L.R.C.G. and S.E.
Medical Doctor (Not Practising),1,Medical Doctor Not Practising
Medical Doctor (Physican and Surgeon),1,Medical Doctor Physican and Surgeon
Medical Doctor (Physician surgeon),1,Medical Doctor Physician surgeon
Medical Doctor (University of Glasgow),1,Medical Doctor University of Glasgow
"Medical Doctor, (Royal University J.) (General Practitioner)",1,"Medical Doctor, Royal University J. General Practitioner"
Medical Doctor-General Practioner-Royal Union Ireland,1,Medical Doctor General Practioner Royal Union Ireland
"Medical Doctor-General Practitioner L.R.C.S.I.,L. and L.U.R.C.P.I.",1,"Medical Doctor General Practitioner L.R.C.S.I.,L. and L.U.R.C.P.I."
Medical General Practitioner MD. Ch (Glasgow),1,Medical General Practitioner MD. Ch Glasgow
Medical Man (General Practitioner) Royal University Ireland,1,Medical Man General Practitioner Royal University Ireland
Medical Man-Convict in on Surgeon-L. R. C. S. I L. and L M. K. Q. C. P. I,1,Medical Man Convict in on Surgeon L. R. C. S. I L. and L M. K. Q. C. P. I
Medical Officer Indian Army (Retired),1,Medical Officer Indian Army Retired
Medical Officer of Health-I.R.C.S.I-L and L.M K Q.C.P.I.F R.I.P.H. M.B.M. Assistant General Practitioner,1,Medical Officer of Health I.R.C.S.I L and L.M K Q.C.P.I.F R.I.P.H. M.B.M. Assistant General Practitioner
Medical Practitioner (M.B.B.Ch.Royal University),1,Medical Practitioner M.B.B.Ch.Royal University
Medical Practitioner (R V I),1,Medical Practitioner R V I
Medical Practitioner L R C S I - L R C S I H,1,Medical Practitioner L R C S I L R C S I H
Medical Practitioner M.R.C.S (Eng) L.R.C.P.(Lond),1,Medical Practitioner M.R.C.S Eng L.R.C.P.Lond
Medical Practitioner Royal University-Ireland,1,Medical Practitioner Royal University Ireland
Medical Practitioner-General Licentrate of Royal College of Superiors and Kings Ireland,1,Medical Practitioner General Licentrate of Royal College of Superiors and Kings Ireland
Medical Practitionor and Farmer (L.F.P.S.G and L?,1,Medical Practitionor and Farmer L.F.P.S.G and L?
Medical Profession Royal College Surgeon and Pags - not Practising Dublin,1,Medical Profession Royal College Surgeon and Pags not Practising Dublin
Medical Profession-General Practitioner-Graduate of Dublin University,1,Medical Profession General Practitioner Graduate of Dublin University
Medical Student (Queen's College),1,Medical Student Queen's College
Medical Student (Queens College),1,Medical Student Queens College
Medical Student (R C S J),1,Medical Student R C S J
Medical Student (R.C.S.I),1,Medical Student R.C.S.I
Medical Student (T C D),1,Medical Student T C D
Medical Student (Undergratuate of R U I),1,Medical Student Undergratuate of R U I
Medical Student Queen's (College Belfast),1,Medical Student Queen's College Belfast
Medical-General Practioner,1,Medical General Practioner
"Medical-General Practitioner Demonstrator in Queen's College M.Ph B.Ch Roy Linen, Ireland",1,"Medical General Practitioner Demonstrator in Queen's College M.Ph B.Ch Roy Linen, Ireland"
Medical-General Practitioner L.R.C.J.L.R.C.P.Ed,1,Medical General Practitioner L.R.C.J.L.R.C.P.Ed
Medicant-Beggar,1,Medicant Beggar
Medl-Doctr. Corsser and I P,1,Medl Doctr. Corsser and I P
Member and Sicentist of R C P-M R C S England and c Physician and Surgeon,1,Member and Sicentist of R C P M R C S England and c Physician and Surgeon
Member of Boat-Fisherman,1,Member of Boat Fisherman
Member of Parliament (Solicitor),1,Member of Parliament Solicitor
Member of Religions Society-College Assistant,1,Member of Religions Society College Assistant
Mender (Stocking),1,Mender Stocking
Mender (Tailor),1,Mender Tailor
Mendicant (Domestic Servant),1,Mendicant Domestic Servant
Mendicant (Leving by Begging),1,Mendicant Leving by Begging
Mercanticle Clerk (Apprentice),1,Mercanticle Clerk Apprentice
Mercantile Clerk (Drapery),1,Mercantile Clerk Drapery
Mercantile Clerk (Engineering Dept),1,Mercantile Clerk Engineering Dept
Mercantile Clerk (Shipping),1,Mercantile Clerk Shipping
Mercantile Clerk-Brecon Curing,1,Mercantile Clerk Brecon Curing
Mercantile Clk-Linen,1,Mercantile Clk Linen
Mercantile Seaman-Boatsman,1,Mercantile Seaman Boatsman
Merchant ( I P),1,Merchant I P
Merchant (Butler Etc),1,Merchant Butler Etc
Merchant (Butter and Egg),1,Merchant Butter and Egg
Merchant (Chemical Manure),1,Merchant Chemical Manure
Merchant (Chemist and Druggist),1,Merchant Chemist and Druggist
Merchant (Colonial),1,Merchant Colonial
Merchant (Confectionary),1,Merchant Confectionary
Merchant (corn),1,Merchant corn
Merchant (Druggest and C),1,Merchant Druggest and C
Merchant (Family Grocer),1,Merchant Family Grocer
Merchant (Flour),1,Merchant Flour
Merchant (Furniture Trade),1,Merchant Furniture Trade
Merchant (Furniture),1,Merchant Furniture
Merchant (General Grocer),1,Merchant General Grocer
Merchant (Grocer and Draper),1,Merchant Grocer and Draper
Merchant (Grocer and Spirit) Dealer,1,Merchant Grocer and Spirit Dealer
Merchant (Grocery and Spirit),1,Merchant Grocery and Spirit
Merchant (Hardware),1,Merchant Hardware
Merchant (in Hosiery),1,Merchant in Hosiery
Merchant (Leather and Fancy),1,Merchant Leather and Fancy
Merchant (Out Fitting),1,Merchant Out Fitting
Merchant (Polisher),1,Merchant Polisher
Merchant (Seeds Plants and c),1,Merchant Seeds Plants and c
"Merchant (Tea, Wine, Spirit)",1,"Merchant Tea, Wine, Spirit"
Merchant (Teal and c),1,Merchant Teal and c
Merchant (Wholesale),1,Merchant Wholesale
Merchant - Draper,1,Merchant Draper
Merchant and J.P. (Publican and c),1,Merchant and J.P. Publican and c
Merchant at (Leather),1,Merchant at Leather
Merchant's Labourer (At Home),1,Merchant's Labourer At Home
"Merchant, Journalist-Reporter",1,"Merchant, Journalist Reporter"
Merchant-Clotheir,1,Merchant Clotheir
Merchant-Commercial Traveller,1,Merchant Commercial Traveller
Merchant-Corn,1,Merchant Corn
Merchant-Draper and Grocer,1,Merchant Draper and Grocer
Merchant-Drapery,1,Merchant Drapery
Merchant-Farmer,1,Merchant Farmer
Merchant-Genl Fancy and Ex of R I Constabulory,1,Merchant Genl Fancy and Ex of R I Constabulory
Merchant-Grocer and Baker,1,Merchant Grocer and Baker
Merchant-Grocer Tea Agent,1,Merchant Grocer Tea Agent
Merchant-Magistrate,1,Merchant Magistrate
Merchant-Maltster,1,Merchant Maltster
Merchant-Poulterer and C,1,Merchant Poulterer and C
Merchant-Publican,1,Merchant Publican
Merchant-Retail,1,Merchant Retail
Merchant-Spirit,1,Merchant Spirit
Merchant-Tailor,1,Merchant Tailor
Merchant-Wholesale Druggist,1,Merchant Wholesale Druggist
Merchant-Yarn,1,Merchant Yarn
Merchantile Clerk (Drugs),1,Merchantile Clerk Drugs
Merchants Book-Keeper,1,Merchants Book Keeper
Merchants Clerk (Tea),1,Merchants Clerk Tea
Merchants-Flour Merchants Clerk,1,Merchants Flour Merchants Clerk
Mesenger - Shop,1,Mesenger Shop
Mess- Room Stewart. at Sea,1,Mess Room Stewart. at Sea
Message Boy (Boot Shop),1,Message Boy Boot Shop
Message Boy (Grocer),1,Message Boy Grocer
Message Boy (Grocery),1,Message Boy Grocery
Message Boy (Unemployed),1,Message Boy Unemployed
Message Boy-Domestic,1,Message Boy Domestic
Message Boy-Plumber Shop,1,Message Boy Plumber Shop
Message Girl (Domestic),1,Message Girl Domestic
Message-boy,1,Message boy
Message-Boy in Cloth Office,1,Message Boy in Cloth Office
Message-Girl,1,Message Girl
Messanger (Printing W),1,Messanger Printing W
Messanger (Shop),1,Messanger Shop
Messanger-Victullar Shop,1,Messanger Victullar Shop
Messenger (Butcher),1,Messenger Butcher
Messenger (Civil Servant),1,Messenger Civil Servant
Messenger (Drofers),1,Messenger Drofers
Messenger (Druggists),1,Messenger Druggists
Messenger (General Servant),1,Messenger General Servant
Messenger (Grocers),1,Messenger Grocers
Messenger (Military),1,Messenger Military
Messenger (Mill),1,Messenger Mill
Messenger (News Office),1,Messenger News Office
Messenger (Paral) D.W.T.Co,1,Messenger Paral D.W.T.Co
Messenger (Steelconers),1,Messenger Steelconers
Messenger (Tea Shop),1,Messenger Tea Shop
Messenger (To Victualler),1,Messenger To Victualler
Messenger (Wine Merchant's Porter),1,Messenger Wine Merchant's Porter
Messenger - Boy,1,Messenger Boy
Messenger - Domestic Servant,1,Messenger Domestic Servant
Messenger - Drapers,1,Messenger Drapers
Messenger - Grocers,1,Messenger Grocers
Messenger - Unemployed,1,Messenger Unemployed
Messenger Forn-Courts,1,Messenger Forn Courts
Messenger in Army (Score),1,Messenger in Army Score
Messenger-at Distillery,1,Messenger at Distillery
Messenger-Domestic Servant,1,Messenger Domestic Servant
Messenger-Domestic Servt,1,Messenger Domestic Servt
Messenger-Flesher's Shop,1,Messenger Flesher's Shop
Messenger-G.P.O,1,Messenger G.P.O
Messenger-in Bakery,1,Messenger in Bakery
Messenger-in Butchers Shop,1,Messenger in Butchers Shop
Messenger-in Eggstore,1,Messenger in Eggstore
Messenger-Linen Warehouse,1,Messenger Linen Warehouse
Messenger-Optician,1,Messenger Optician
Messenger-Porter,1,Messenger Porter
Messenger-Post Office,1,Messenger Post Office
Messenger-Printer,1,Messenger Printer
Messenger-Unemployed,1,Messenger Unemployed
Messenger-Wareroom,1,Messenger Wareroom
Messengr-Boy,1,Messengr Boy
Messingers Linen (Warehouse,1,Messingers Linen Warehouse
Metal Turner (Mechanic),1,Metal Turner Mechanic
Metalleperous Mining Aget (Photographer and ?),1,Metalleperous Mining Aget Photographer and ?
Methodist Evangelist (Lag),1,Methodist Evangelist Lag
Methodist Minister (Candidate B.A. R.U.I.),1,Methodist Minister Candidate B.A. R.U.I.
Methodist Minister B.A. (Dub.),1,Methodist Minister B.A. Dub.
Methodist-Church Sexton,1,Methodist Church Sexton
Methodist-Minister,1,Methodist Minister
Mid Wife Nurse (District),1,Mid Wife Nurse District
Mid-wife,1,Mid wife
Midwife Professional-Nurse,1,Midwife Professional Nurse
Midwife-Nurse,1,Midwife Nurse
Midwifery Nurse (Diploma Lying in Hospital Dublin,1,Midwifery Nurse Diploma Lying in Hospital Dublin
Mil Worker-Spineman,1,Mil Worker Spineman
Mil Worker-Weaver,1,Mil Worker Weaver
Miles - Man on Railway,1,Miles Man on Railway
Miles - Man Railway,1,Miles Man Railway
Miles Man (G N R),1,Miles Man G N R
Miles Man (Railway),1,Miles Man Railway
Miles Man-on Railway,1,Miles Man on Railway
Miles Men (Railway),1,Miles Men Railway
Miles-Man G N R C,1,Miles Man G N R C
Miles-Man on the M G W Railway,1,Miles Man on the M G W Railway
Miles-Man Railway Labourer,1,Miles Man Railway Labourer
Miles-Man Ry Line,1,Miles Man Ry Line
Milesman (on Railway),1,Milesman on Railway
Milesman (On Rly),1,Milesman On Rly
Milesman (Railway),1,Milesman Railway
Military Shoe-Maker,1,Military Shoe Maker
Militia - Man and Labourer,1,Militia Man and Labourer
Militia Man Clare Artillery-Unembodier,1,Militia Man Clare Artillery Unembodier
Militia-Man,1,Militia Man
Militrie Man (Kildares) and G. Labourer,1,Militrie Man Kildares and G. Labourer
Milk (Condensed) Factory Hand,1,Milk Condensed Factory Hand
Milk Boiler-Factory,1,Milk Boiler Factory
Milk Factory (Servt),1,Milk Factory Servt
Milk Server-Domestic,1,Milk Server Domestic
Milk Shop-Assistant,1,Milk Shop Assistant
Milk Taster-Factory,1,Milk Taster Factory
Milk-Boy,1,Milk Boy
Milk-Cart Driver,1,Milk Cart Driver
Milk-Collector,1,Milk Collector
Milk-Maid Domestic Servant,1,Milk Maid Domestic Servant
Milk-Seller,1,Milk Seller
Milk-Server,1,Milk Server
Milk-Server Farm Servant,1,Milk Server Farm Servant
Milk-Van Driver,1,Milk Van Driver
Milk-Vendor,1,Milk Vendor
Milk-Woman,1,Milk Woman
Mill (Flax) Works,1,Mill Flax Works
Mill (Halftime),1,Mill Halftime
Mill (Reeler),1,Mill Reeler
Mill (Spinner),1,Mill Spinner
Mill (Spreader),1,Mill Spreader
Mill - Hand,1,Mill Hand
Mill - Hand Factory,1,Mill Hand Factory
Mill Boy (Machine),1,Mill Boy Machine
Mill Doffer (Flax mill),1,Mill Doffer Flax mill
Mill Hand (Duffer),1,Mill Hand Duffer
Mill Hand (Flax Spinning),1,Mill Hand Flax Spinning
Mill Hand (General Work),1,Mill Hand General Work
Mill Hand (Rover),1,Mill Hand Rover
Mill Hand-Spinning,1,Mill Hand Spinning
Mill Labourer (Paper Mill),1,Mill Labourer Paper Mill
Mill Labourer-Flour,1,Mill Labourer Flour
Mill Mechanic (Fitter),1,Mill Mechanic Fitter
Mill Mechanic - Unemployed,1,Mill Mechanic Unemployed
Mill Office-Clerk,1,Mill Office Clerk
Mill Operative (Carder),1,Mill Operative Carder
Mill Woker (flax prepering Dept),1,Mill Woker flax prepering Dept
Mill Worker (? of Flax),1,Mill Worker ? of Flax
Mill Worker (Carpenter),1,Mill Worker Carpenter
Mill Worker (Chemical Works),1,Mill Worker Chemical Works
Mill Worker (Cotton Spinner),1,Mill Worker Cotton Spinner
Mill Worker (Damask Weaver),1,Mill Worker Damask Weaver
Mill Worker (Dying Band Cord),1,Mill Worker Dying Band Cord
Mill Worker (Flax Reeler),1,Mill Worker Flax Reeler
Mill Worker (Flax Spinner),1,Mill Worker Flax Spinner
Mill Worker (Flour),1,Mill Worker Flour
Mill Worker (Hackler),1,Mill Worker Hackler
Mill Worker (Knitting Yarn) in Factory,1,Mill Worker Knitting Yarn in Factory
Mill Worker (Oiler),1,Mill Worker Oiler
Mill Worker (Preparer),1,Mill Worker Preparer
Mill Worker (Rougher),1,Mill Worker Rougher
Mill Worker (Rover),1,Mill Worker Rover
Mill Worker (Spinning Flax),1,Mill Worker Spinning Flax
Mill Worker (Spinning) Unemployed,1,Mill Worker Spinning Unemployed
Mill Worker (Spreadder of Flax),1,Mill Worker Spreadder of Flax
Mill Worker (Spreader of Flax),1,Mill Worker Spreader of Flax
Mill Worker (Spredder of Flax),1,Mill Worker Spredder of Flax
Mill Worker (Spy Flax),1,Mill Worker Spy Flax
Mill Worker (Warper),1,Mill Worker Warper
Mill Worker (Weaver),1,Mill Worker Weaver
Mill Worker (Weaving),1,Mill Worker Weaving
Mill Worker (Weighing Sets of Flax),1,Mill Worker Weighing Sets of Flax
Mill Worker (Winding Yarn) in Factory,1,Mill Worker Winding Yarn in Factory
Mill Worker (Wool Spinner),1,Mill Worker Wool Spinner
Mill Worker (Yarn Carrier),1,Mill Worker Yarn Carrier
Mill Worker - Drawer,1,Mill Worker Drawer
Mill Worker - Flax-Spinner,1,Mill Worker Flax Spinner
Mill Worker Doffer (Linen),1,Mill Worker Doffer Linen
Mill Worker Drawer-Flax,1,Mill Worker Drawer Flax
Mill Worker Flax - Reeler,1,Mill Worker Flax Reeler
Mill Worker Flax-Spinner,1,Mill Worker Flax Spinner
Mill Worker Linen (Reeler),1,Mill Worker Linen Reeler
Mill Worker Machine (Room,1,Mill Worker Machine Room
Mill Worker Winder (Linen),1,Mill Worker Winder Linen
Mill Worker Yarn-Porter,1,Mill Worker Yarn Porter
Mill Worker-(Flax Spreader),1,Mill Worker Flax Spreader
Mill Worker-Cotton Weaver,1,Mill Worker Cotton Weaver
Mill Worker-Doffer,1,Mill Worker Doffer
Mill Worker-Flax,1,Mill Worker Flax
Mill Worker-Sewing Bags,1,Mill Worker Sewing Bags
Mill's-Man on Railway,1,Mill's Man on Railway
Mill-Furnisher,1,Mill Furnisher
Mill-Oiler,1,Mill Oiler
Mill-Owner and Farmer,1,Mill Owner and Farmer
Mill-Owner Gentleman,1,Mill Owner Gentleman
Mill-Reeler,1,Mill Reeler
Mill-Spinner,1,Mill Spinner
Mill-Waver (Cotton),1,Mill Waver Cotton
Mill-Worker (Clenser),1,Mill Worker Clenser
Mill-Worker (Preparing Farmers for Spinner),1,Mill Worker Preparing Farmers for Spinner
Mill-Worker (Warper),1,Mill Worker Warper
Mill-Worker Balling Thread and Twine,1,Mill Worker Balling Thread and Twine
Mill-Worker Cotton Weaver,1,Mill Worker Cotton Weaver
Mill-Worker Doffer in Mill,1,Mill Worker Doffer in Mill
Mill-Worker in Linen Mill,1,Mill Worker in Linen Mill
Mill-Worker in Spinning Mill,1,Mill Worker in Spinning Mill
Mill-Worker Machine-Boy,1,Mill Worker Machine Boy
Mill-Worker Reeler,1,Mill Worker Reeler
Mill-Worker Spinners Doffer,1,Mill Worker Spinners Doffer
Mill-Worker Unemployed,1,Mill Worker Unemployed
Mill-Worker-Flax,1,Mill Worker Flax
Mill-Worker-Spreader,1,Mill Worker Spreader
Mill-Wright and Sawyer,1,Mill Wright and Sawyer
Millar-Corn,1,Millar Corn
Miller (Apprentice),1,Miller Apprentice
Miller (Carding Woollen),1,Miller Carding Woollen
Miller (Com),1,Miller Com
Miller (Corn Mill),1,Miller Corn Mill
Miller (Retired),1,Miller Retired
Miller and Merchant-Magistrate,1,Miller and Merchant Magistrate
Miller in (Brewery),1,Miller in Brewery
Miller-not Employed,1,Miller not Employed
Miller-Servant Domestic,1,Miller Servant Domestic
Miller-Unemployed,1,Miller Unemployed
Miller-Wool Carder,1,Miller Wool Carder
Millinary Shop-Assistant,1,Millinary Shop Assistant
Milliner (Apprentice),1,Milliner Apprentice
Milliner (Retired),1,Milliner Retired
Milliner (Shop),1,Milliner Shop
Milliner (worker),1,Milliner worker
Milliner - Retired,1,Milliner Retired
Milliner and S-Woman,1,Milliner and S Woman
Milliner-Apprentice,1,Milliner Apprentice
Milliner-Shop Assistant,1,Milliner Shop Assistant
Millright-Unemployed,1,Millright Unemployed
Millstone-Dresser,1,Millstone Dresser
Millworker (1/2 Time) Doffer,1,Millworker 1/2 Time Doffer
Millworker (Drower),1,Millworker Drower
Millworker (Reeler of Flax),1,Millworker Reeler of Flax
Millworker - Hacklesetter,1,Millworker Hacklesetter
Millworker in Whitepark Bleachworks-Dryer,1,Millworker in Whitepark Bleachworks Dryer
Millworker Mabine - Boy,1,Millworker Mabine Boy
Millworker-Drawer of Flops,1,Millworker Drawer of Flops
Millworker-Ruler of Linen yarn,1,Millworker Ruler of Linen yarn
Millworker-Shaft-Oiler,1,Millworker Shaft Oiler
Millworker-Washer,1,Millworker Washer
Millworks-Machine Boy,1,Millworks Machine Boy
Millwright (Apprentice),1,Millwright Apprentice
Millwright (Unemployed),1,Millwright Unemployed
Milworker-Flax Spreader,1,Milworker Flax Spreader
Min. Water Manu-Tier,1,Min. Water Manu Tier
Mind (Coal),1,Mind Coal
Miner (in Barytes Mine),1,Miner in Barytes Mine
Miner (Retired),1,Miner Retired
Miner - Coal,1,Miner Coal
Miner California U.S.A. (Returned American),1,Miner California U.S.A. Returned American
Miner(Iron Ore),1,MinerIron Ore
Miner-Coal an employed,1,Miner Coal an employed
Miner-Iron Ore,1,Miner Iron Ore
Miner-Unemployed,1,Miner Unemployed
Mineral Water Van-Driver,1,Mineral Water Van Driver
Mineral Water-Storeman,1,Mineral Water Storeman
Mineral-Water Engineer,1,Mineral Water Engineer
Minister (Curate),1,Minister Curate
Minister (Presbyn),1,Minister Presbyn
Minister (Retired),1,Minister Retired
Minister (Wesleyan Methodist),1,Minister Wesleyan Methodist
Minister of Moravian Church Graduate B.A. (Victoria Un.),1,Minister of Moravian Church Graduate B.A. Victoria Un.
Minister of Prist-Church in Ireland,1,Minister of Prist Church in Ireland
Minister of Religion (West Presbyterian (Non-Subscribing) Church,1,Minister of Religion West Presbyterian Non Subscribing Church
Minister of Religion Rector of Parish (Church of Ireland) B.A.,1,Minister of Religion Rector of Parish Church of Ireland B.A.
Minister of the Association of Irish Non-Subscribing Presbyterians and other Free Christians,1,Minister of the Association of Irish Non Subscribing Presbyterians and other Free Christians
Minister of the Gospel (Reformed Presbyterian Minister),1,Minister of the Gospel Reformed Presbyterian Minister
Minister of the Non-Subscribing Church (Presbyterian) Bally Money,1,Minister of the Non Subscribing Church Presbyterian Bally Money
Minister of the Presbytern-Church in Ireland,1,Minister of the Presbytern Church in Ireland
"Minister, M.A. (R.U.I)",1,"Minister, M.A. R.U.I"
Minister-A.B and D D.,1,Minister A.B and D D.
Minister-D.D.,1,Minister D.D.
Minister-Methodist,1,Minister Methodist
Minister-Presbyterian,1,Minister Presbyterian
Minister-Presbyterian Church in Ireland,1,Minister Presbyterian Church in Ireland
Missionary (I.C.M.),1,Missionary I.C.M.
Mistress of D-Work,1,Mistress of D Work
Mistriss of House Shop Keeper (General),1,Mistriss of House Shop Keeper General
Molder (Iron),1,Molder Iron
Molder - Iron,1,Molder Iron
Monetress (Convent School),1,Monetress Convent School
Monitor (in Ordinary N.S.),1,Monitor in Ordinary N.S.
Monitor (Inr),1,Monitor Inr
Monitor (Natl School),1,Monitor Natl School
Monitor (Scholar),1,Monitor Scholar
Monitor (School),1,Monitor School
Monitor (Teacher),1,Monitor Teacher
Monitor( Natl School),1,Monitor Natl School
Monitor-N.S.,1,Monitor N.S.
Monitor-N.School,1,Monitor N.School
Monitor-National School,1,Monitor National School
Monitor-Natschool,1,Monitor Natschool
Monitor-Unemployed,1,Monitor Unemployed
Monitorness (Scholar),1,Monitorness Scholar
Monitress (At School),1,Monitress At School
Monitress (N S),1,Monitress N S
Monitress (N. S.),1,Monitress N. S.
Monitress (Not employed),1,Monitress Not employed
Monitress (Term Expire),1,Monitress Term Expire
Monitress in N S ( Ord),1,Monitress in N S Ord
Monitress in Nat-School,1,Monitress in Nat School
Monitress(Convent N. School),1,MonitressConvent N. School
Monitress-N. S,1,Monitress N. S
Monitress-Nat. School,1,Monitress Nat. School
Monitress-School,1,Monitress School
Monk-Cook,1,Monk Cook
Monk-N S Asstnt,1,Monk N S Asstnt
Monk-N S Teacher,1,Monk N S Teacher
Monk-N S. Asstnt,1,Monk N S. Asstnt
Monk-Nat School Teacher,1,Monk Nat School Teacher
Monumental Stone-Cutter,1,Monumental Stone Cutter
Mother - in - Law,1,Mother in Law
Mothers Help (at Home),1,Mothers Help at Home
Mothers Help (D.S),1,Mothers Help D.S
Motor Driver - Tramway,1,Motor Driver Tramway
Motor-Man (Tram),1,Motor Man Tram
Moulder (Apprentice),1,Moulder Apprentice
Muisc-Domestic Servant,1,Muisc Domestic Servant
Municipal Clerk (Undergraduate R.U.I),1,Municipal Clerk Undergraduate R.U.I
Mursery-Man,1,Mursery Man
Museum Assistant Science and Art Department (Civil Service),1,Museum Assistant Science and Art Department Civil Service
Music (Teacher),1,Music Teacher
Music - Teacher,1,Music Teacher
Music Teacher (Piano and Violin),1,Music Teacher Piano and Violin
Music Teacher (Pianoforte),1,Music Teacher Pianoforte
"Music, BA, TCD. Mus Doc (Cantab)",1,"Music, BA, TCD. Mus Doc Cantab"
Music-Mistress,1,Music Mistress
Music-Organist,1,Music Organist
Musician (Army),1,Musician Army
Musician (Fiddler),1,Musician Fiddler
Musician (Piper),1,Musician Piper
Musician (Profession),1,Musician Profession
Musician (Professor),1,Musician Professor
Musician (Street),1,Musician Street
Musician (Teacher),1,Musician Teacher
Musician (Vidin),1,Musician Vidin
Musician (Violin),1,Musician Violin
Musician - Army Pensioner,1,Musician Army Pensioner
Musician in-Theater,1,Musician in Theater
Musician-Piper,1,Musician Piper
Musician-Violin,1,Musician Violin
Musician. (Bandmaster),1,Musician. Bandmaster
Muslin Weaver (Retired),1,Muslin Weaver Retired
Mycon J R C S I L R Q C P I (in Practice) B A I C D,1,Mycon J R C S I L R Q C P I in Practice B A I C D
N S School-Master,1,N S School Master
N S School-Mistress,1,N S School Mistress
N S Teacher (Asst),1,N S Teacher Asst
N S Teacher (Unemployed),1,N S Teacher Unemployed
N School-Master,1,N School Master
N Teacher (Pensioner),1,N Teacher Pensioner
N Teacher-Monitor,1,N Teacher Monitor
N Teacher-Retired,1,N Teacher Retired
N-Board Teacher,1,N Board Teacher
N-School Teacher,1,National School Teacher
N-Teacher,1,N Teacher
N. S. Teacher (Assistant),1,N. S. Teacher Assistant
N. S. Teacher (Unemployed),1,N. S. Teacher Unemployed
N. S. Teacher B. A. (R. U. I),1,N. S. Teacher B. A. R. U. I
N. S. Teacher-Principal,1,N. S. Teacher Principal
N. Teacher (Assistant),1,N. Teacher Assistant
N. Teacher (Formerly),1,N. Teacher Formerly
N. Teacher- Pensioner,1,N. Teacher Pensioner
N. Teacher-Assistant,1,N. Teacher Assistant
N.S. Teacher (Female),1,N.S. Teacher Female
N.S. Teacher (School Mistress),1,N.S. Teacher School Mistress
N.T. (Tuitions),1,N.T. Tuitions
N.Teacher (Unemployed),1,N.Teacher Unemployed
N.Teacher-Assistant,1,N.Teacher Assistant
Na-Teacher Farmer at Present,1,Na Teacher Farmer at Present
Nailer-Maker,1,Nailer Maker
Nailer-Master,1,Nailer Master
Nailmaker (Retired),1,Nailmaker Retired
Nailor (Master),1,Nailor Master
Nailor (Tramp),1,Nailor Tramp
Nailor-Master,1,Nailor Master
Nat school Teacher,1,National School Teacher
NAt School Teacher,1,National School Teacher
Nat School Teacher (Unemployed),1,Nat School Teacher Unemployed
Nat Teacher (Assistant),1,Nat Teacher Assistant
Nat Teacher (Pensioner),1,Nat Teacher Pensioner
Nat Teacher (Student),1,Nat Teacher Student
Nat Teacher (Under Grad. R U I),1,Nat Teacher Under Grad. R U I
Nat-School Teacher,1,National School Teacher
Nat-Teacher,1,National Teacher
Nat. School Work-Mistress,1,Nat. School Work Mistress
Nat. School-Teacher,1,Nat. School Teacher
Nat. School-Teacher in Sligo Union,1,Nat. School Teacher in Sligo Union
Nat. Teacher-Retired,1,Nat. Teacher Retired
National (School) Workmistress,1,National School Workmistress
National Board-Monitress,1,National Board Monitress
National Board-Teacher,1,National Board Teacher
National Ex-Teacher,1,National Ex Teacher
National S. Teacher (Asst.),1,National S. Teacher Asst.
National Sch Teacher B.A (R U I),1,National Sch Teacher B.A R U I
National School - Master,1,National School Master
National School Ex-Teacher Pensioner,1,National School Ex Teacher Pensioner
National School Teacher (and Farmer),1,National School Teacher and Farmer
National School Teacher (Assistant) Undergraduate R.U.I.,1,National School Teacher Assistant Undergraduate R.U.I.
National School Teacher (B.A.R.U.I),1,National School Teacher B.A.R.U.I
National School Teacher (English and Irish Languages),1,National School Teacher English and Irish Languages
National School Teacher (Moniteress),1,National School Teacher Moniteress
National School Teacher (Pensioner),1,National School Teacher Pensioner
National School Teacher (Principal),1,National School Teacher Principal
National School Teacher (retired),1,National School Teacher retired
National School Teacher (Retired),1,National School Teacher Retired
National School Teacher (Unemployed),1,National School Teacher Unemployed
National School Teacher-Retired,1,National School Teacher Retired
National School Teacher-Sub Postmaster,1,National School Teacher Sub Postmaster
National School Teacher-Unemployed,1,National School Teacher Unemployed
National School-Master,1,National School Master
National Teacher (1st Div 1st Class) and Farmer,1,National Teacher 1st Div 1st Class and Farmer
"National Teacher (Ass.,)",1,"National Teacher Ass.,"
National Teacher (Elementary),1,National Teacher Elementary
National Teacher (First Class),1,National Teacher First Class
National Teacher (in Ordinary N.S.),1,National Teacher in Ordinary N.S.
National Teacher (Monitor),1,National Teacher Monitor
National Teacher (Primary),1,National Teacher Primary
National Teacher (Principle),1,National Teacher Principle
National Teacher (Private),1,National Teacher Private
National Teacher (Retired on Pension),1,National Teacher Retired on Pension
National Teacher (Retired),1,National Teacher Retired
National Teacher (Work Mistress),1,National Teacher Work Mistress
National Teacher B.A. (?),1,National Teacher B.A. ?
National Teacher Pensioner-Retired F Teacher,1,National Teacher Pensioner Retired F Teacher
National Teacher(B A),1,National TeacherB A
National Teacher-1st Class,1,National Teacher 1st Class
National Teacher-Asst,1,National Teacher Asst
National Teacher-B.A.,1,National Teacher B.A.
National Teacher-Disengaged,1,National Teacher Disengaged
National Teacher-English Mathematics and Music,1,National Teacher English Mathematics and Music
National Teacher-Ireland English,1,National Teacher Ireland English
National Teacher-Monitor,1,National Teacher Monitor
National Teacher-Pensioner,1,National Teacher Pensioner
National Teacher-Postmaster,1,National Teacher Postmaster
National Teacher-Principal,1,National Teacher Principal
National Teacher-Principel,1,National Teacher Principel
National Teacher-Retired,1,National Teacher Retired
National Teacher-Unemployed,1,National Teacher Unemployed
National-School Teacher,1,National School Teacher
National-Teacher (Principal),1,National Teacher Principal
National-Teacher in Local National School,1,National Teacher in Local National School
Natl - Teacher,1,National Teacher
Natl Schl Teacher (W Mistress),1,Natl Schl Teacher W Mistress
Natl School - Teacher,1,National School Teacher
Natl School Teacher-Prin,1,Natl School Teacher Prin
Natl Teacher (Pensioner),1,Natl Teacher Pensioner
Natl Teacher-Farmer,1,Natl Teacher Farmer
Natl-Teacher Notemployed,1,Natl Teacher Notemployed
Natl. S. Teacher-Elementary School,1,Natl. S. Teacher Elementary School
Natl. School Teacher (and Farmer),1,Natl. School Teacher and Farmer
Natl. School Teacher (Pensioner),1,Natl. School Teacher Pensioner
Natl. School Teacher-Farmer,1,Natl. School Teacher Farmer
Natl. School Work-Mistress,1,Natl. School Work Mistress
Natl. School-Teacher (In Training for Marlbor's St T.C),1,Natl. School Teacher In Training for Marlbor's St T.C
Natl. Teacher (Unemployed),1,Natl. Teacher Unemployed
Natl. Teacher - Retired,1,Natl. Teacher Retired
Natl. Teacher-Principal,1,Natl. Teacher Principal
Natl. Teacher-Unemployed,1,Natl. Teacher Unemployed
Naval Officer (Retired),1,Naval Officer Retired
Naval Officer (Retired) Inspector Generl of Hospitals (Med. Dep.),1,Naval Officer Retired Inspector Generl of Hospitals Med. Dep.
Naval Pensinor - Commissioned Boatman,1,Naval Pensinor Commissioned Boatman
Naval Pensioner Coast-Gards,1,Naval Pensioner Coast Gards
Naval Pensioner-at Present Watcher in H M Customs,1,Naval Pensioner at Present Watcher in H M Customs
Naval Stoker-Pensioned,1,Naval Stoker Pensioned
"Navel Pensioner (R, M)",1,"Navel Pensioner R, M"
Navigating Lieutenant (Pensioner),1,Navigating Lieutenant Pensioner
Navvie (Foreman),1,Navvie Foreman
Navvy-Railway,1,Navvy Railway
Navy Sailors - Wife,1,Navy Sailors Wife
"Navy, Boatman (Coast-Guards)",1,"Navy, Boatman Coast Guards"
Needl-Worker,1,Needl Worker
Needle Woman (Quilting),1,Needle Woman Quilting
Needle-Woman,1,Needle Woman
Needles Work-Mistress,1,Needles Work Mistress
Net - Maker,1,Net Maker
Nett-Maker,1,Nett Maker
Netter (Twine),1,Netter Twine
Netter-Ropeworks,1,Netter Ropeworks
News Agent (Especially) and Shop Keeper,1,News Agent Especially and Shop Keeper
News Pape-Editor,1,News Pape Editor
News Writer (Pressman),1,News Writer Pressman
News-Agent Stationer,1,News Agent Stationer
Newspaper Clerk (Unemployed),1,Newspaper Clerk Unemployed
Newspaper Proof Reader (Press),1,Newspaper Proof Reader Press
Newspaper-Porter,1,Newspaper Porter
Night - Watchman,1,Night Watchman
Night Wachman (Boyne Wearing),1,Night Wachman Boyne Wearing
Night Wachman-Quay,1,Night Wachman Quay
Night Watch Man (Drogheda Corperation),1,Night Watch Man Drogheda Corperation
Night Watch-Man (Drogheda Corporation),1,Night Watch Man Drogheda Corporation
Night Watch-Man at Workhouse,1,Night Watch Man at Workhouse
Night Watchman (House Property),1,Night Watchman House Property
Night Watchman (Railway),1,Night Watchman Railway
Night Watchman (Steamboats),1,Night Watchman Steamboats
Night Watchman at (Railway Station),1,Night Watchman at Railway Station
Night-Porter,1,Night Porter
Night-Watch Man,1,Night Watch Man
Night-Watchman in Farm Yard,1,Night Watchman in Farm Yard
Nightgate-Man,1,Nightgate Man
Nil (Pauper),1,Nil Pauper
"Nil, (Annuitant)",1,"Nil, Annuitant"
Nil-Wife,1,Nil Wife
Nipper (Harbour),1,Nipper Harbour
Nipper (Queens Island),1,Nipper Queens Island
Nl. School Teacher-English,1,Nl. School Teacher English
No - Scholar,1,No Scholar
No Business (Income From House Property),1,No Business Income From House Property
No Calling-Income Derived from Intrest of Money,1,No Calling Income Derived from Intrest of Money
No Employment (Gets Out-Door Relief),1,No Employment Gets Out Door Relief
No employment Gettery Out-Door Relief,1,No employment Gettery Out Door Relief
No Occupation (Being Sick),1,No Occupation Being Sick
No Occupation (Blind),1,No Occupation Blind
No Occupation (Formerly a Charwoman),1,No Occupation Formerly a Charwoman
No Occupation (Genl. Servant Domestic),1,No Occupation Genl. Servant Domestic
No Occupation (Head of House),1,No Occupation Head of House
No Occupation (Income Rents and Interest and C),1,No Occupation Income Rents and Interest and C
No Occupation (Income Rents),1,No Occupation Income Rents
No Occupation (Is a Cripple),1,No Occupation Is a Cripple
No Occupation (Lame),1,No Occupation Lame
No Occupation (Land Owner),1,No Occupation Land Owner
No Occupation (Out Door Relief),1,No Occupation Out Door Relief
No Occupation (Private Means),1,No Occupation Private Means
No Occupation (Pupil),1,No Occupation Pupil
No Occupation (Retired Farmer),1,No Occupation Retired Farmer
No Occupation (Supported Leg her Family Living Away),1,No Occupation Supported Leg her Family Living Away
No Occupation Income-Annuity,1,No Occupation Income Annuity
No Occupation Mirgta Means (Interest Bank Shares),1,No Occupation Mirgta Means Interest Bank Shares
"No Occupation, (Annuitant)",1,"No Occupation, Annuitant"
No Occupation-Deformed,1,No Occupation Deformed
No Occupation-Dividends and C,1,No Occupation Dividends and C
"No Occupation-Income Derived from Houses, Dividends, etc",1,"No Occupation Income Derived from Houses, Dividends, etc"
"No Occupation-Income Derived from Son Employed in H M Prison, Mountjoy",1,"No Occupation Income Derived from Son Employed in H M Prison, Mountjoy"
No Occupation-Income Derived from Stocks,1,No Occupation Income Derived from Stocks
No Occupation-Income from Houses and Money,1,No Occupation Income from Houses and Money
No Occupation-Living By Private Means,1,No Occupation Living By Private Means
No Occupation-Retired Coachman,1,No Occupation Retired Coachman
No Occupation-Retired Farmer,1,No Occupation Retired Farmer
No Occupation-Stock Holder,1,No Occupation Stock Holder
No Particular Profession (Assisting in Farm),1,No Particular Profession Assisting in Farm
No Particular Profession (Housekeeping),1,No Particular Profession Housekeeping
No Profession (Income Interest and Invalid),1,No Profession Income Interest and Invalid
No Profession - Annuitant,1,No Profession Annuitant
No Profession - Deriving Income from Land and Dividends,1,No Profession Deriving Income from Land and Dividends
No Profession Employed at (Home),1,No Profession Employed at Home
No Profession I.P. and Lt. Colonel (Retired),1,No Profession I.P. and Lt. Colonel Retired
No Profession or Occupation (Independent Means),1,No Profession or Occupation Independent Means
No Profession-Income,1,No Profession Income
No Profession-Income Cheafly From Divindands Annuity,1,No Profession Income Cheafly From Divindands Annuity
No Profession-Income Derived from Dividends,1,No Profession Income Derived from Dividends
No Profession-Income from House,1,No Profession Income from House
No Profession-Land and Divd Owner and C,1,No Profession Land and Divd Owner and C
No Public Employment-Private Ireland,1,No Public Employment Private Ireland
No Soldiers (Militia),1,No Soldiers Militia
"No Trade, Mign ? (No Means Ag Living)",1,"No Trade, Mign ? No Means Ag Living"
No-Employment Annuitant,1,No Employment Annuitant
Non-Professional,1,Non Professional
Non-Subscribing Presbyn-Chegyman,1,Non Subscribing Presbyn Chegyman
Non-Subscribing Presbyteian Minister,1,Non Subscribing Presbyteian Minister
Non-Textile Factory Labourer in the Making of Condensed Milk,1,Non Textile Factory Labourer in the Making of Condensed Milk
Non-Worker,1,Non Worker
None (Hos House Property),1,None Hos House Property
None (House Keeper),1,None House Keeper
None (In Receipt of Poor Law Relief),1,None In Receipt of Poor Law Relief
None (Income from Houses),1,None Income from Houses
None (Invalid),1,None Invalid
None (Panper),1,None Panper
None (Policeman's Son),1,None Policeman's Son
None (Private Means),1,None Private Means
None (R. I. C. Pensioner Son),1,None R. I. C. Pensioner Son
None (Receiving Poor Law Relief),1,None Receiving Poor Law Relief
None (Sick),1,None Sick
None (Soldiers Wife),1,None Soldiers Wife
None (Through Old Age),1,None Through Old Age
None (Tramp),1,None Tramp
None (Wife),1,None Wife
None - Interest of Money,1,None Interest of Money
None - Living on Interest of Money,1,None Living on Interest of Money
None - Retired Merchant,1,None Retired Merchant
None Living on Out - Door Relief,1,None Living on Out Door Relief
None M A (Oxas),1,None M A Oxas
"None, (R. I. C. Pensioner Son)",1,"None, R. I. C. Pensioner Son"
None-Allowance Received From Husband,1,None Allowance Received From Husband
None-Annuit,1,None Annuit
None-Annuitant,1,None Annuitant
None-Annuity,1,None Annuity
None-Dividends,1,None Dividends
None-Income Derived from Land and Annuities,1,None Income Derived from Land and Annuities
None-Income From Investments,1,None Income From Investments
None-Policeman's Son,1,None Policeman's Son
None-Receives Poor Law Relief,1,None Receives Poor Law Relief
None-Receiving Relief From Union,1,None Receiving Relief From Union
None-Reclives Support From Earnmes of Nephew,1,None Reclives Support From Earnmes of Nephew
None-Wife,1,None Wife
Not any (Income),1,Not any Income
Not at School (Child),1,Not at School Child
Not at-School,1,Not at School
Not-Employed,1,Not Employed
Nothing (Interest of Money),1,Nothing Interest of Money
Nothing-At Home,1,Nothing At Home
Nothing-At Home-Invalid,1,Nothing At Home Invalid
Nt. Teacher (Unemployed),1,Nt. Teacher Unemployed
Nune-Domestic Servant,1,Nune Domestic Servant
Nurce-D. Servant,1,Nurce D. Servant
Nures-Domestic Servant,1,Nures Domestic Servant
Nurs-Domestic,1,Nurs Domestic
Nurse (Child),1,Nurse Child
Nurse (Dom. Servant),1,Nurse Dom. Servant
Nurse (Domestic S.,1,Nurse Domestic S.
Nurse (Domestic Ser,1,Nurse Domestic Ser
Nurse (Domestic servant),1,Nurse Domestic servant
Nurse (domestic),1,Nurse domestic
Nurse (Domestic) Servant,1,Nurse Domestic Servant
Nurse (Hosp),1,Nurse Hosp
Nurse (Hospital Trained),1,Nurse Hospital Trained
Nurse (Hospital) Trained,1,Nurse Hospital Trained
Nurse (Household),1,Nurse Household
Nurse (Infirmary),1,Nurse Infirmary
Nurse (Ladie's),1,Nurse Ladie's
Nurse (M.r.s),1,Nurse M.r.s
Nurse (Mid Wife),1,Nurse Mid Wife
Nurse (Mudwifory),1,Nurse Mudwifory
Nurse (Night Dom),1,Nurse Night Dom
Nurse (Obstetric),1,Nurse Obstetric
Nurse (Private),1,Nurse Private
Nurse (Retired),1,Nurse Retired
Nurse (Sick),1,Nurse Sick
Nurse (Surgecal),1,Nurse Surgecal
Nurse (Trained Medical Surgical and Midwifery),1,Nurse Trained Medical Surgical and Midwifery
Nurse (Union),1,Nurse Union
Nurse (Wet),1,Nurse Wet
Nurse - Children's Domestic,1,Nurse Children's Domestic
Nurse - Dom,1,Nurse Dom
Nurse - Domestic Servant House maid,1,Nurse Domestic Servant House maid
Nurse - Domestic St,1,Nurse Domestic St
Nurse - Domestic Svt,1,Nurse Domestic Svt
Nurse - Ladies,1,Nurse Ladies
Nurse - Mental,1,Nurse Mental
Nurse - Mid Wife,1,Nurse Mid Wife
Nurse - Midwifery,1,Nurse Midwifery
Nurse - Professional,1,Nurse Professional
Nurse - Servant,1,Nurse Servant
Nurse - Servant Domestic,1,Nurse Servant Domestic
Nurse - Sick,1,Nurse Sick
Nurse -Domestic Servt.,1,Nurse Domestic Servt.
Nurse and House Maid-Domestic Servant,1,Nurse and House Maid Domestic Servant
Nurse and Mid-Wife,1,Nurse and Mid Wife
Nurse D-Servant,1,Nurse D Servant
Nurse Dom-Servt,1,Nurse Dom Servt
Nurse Domestic Servant (General),1,Nurse Domestic Servant General
Nurse Housemaid-Domestic Servant,1,Nurse Housemaid Domestic Servant
Nurse in Female (Hospital),1,Nurse in Female Hospital
Nurse Maid (Domestic Servant),1,Nurse Maid Domestic Servant
Nurse Servant (Domestic),1,Nurse Servant Domestic
Nurse Servant-Domestic,1,Nurse Servant Domestic
Nurse to Workhouse (Infirmery),1,Nurse to Workhouse Infirmery
Nurse Trained (Hospital),1,Nurse Trained Hospital
Nurse Unemployed (Domestic Servant),1,Nurse Unemployed Domestic Servant
Nurse Work-House,1,Nurse Work House
"Nurse, (Domestic Servant)",1,"Nurse, Domestic Servant"
"Nurse,-Domestic Servant",1,"Nurse, Domestic Servant"
Nurse-(Domestic Servant),1,Nurse Domestic Servant
Nurse-(Domestic Servt),1,Nurse Domestic Servant
Nurse-(Midwife),1,Nurse Midwife
Nurse-(Professional),1,Nurse Professional
Nurse-Asylum,1,Nurse Asylum
Nurse-Barrington's Hospital,1,Nurse Barrington's Hospital
Nurse-Childern,1,Nurse Childern
Nurse-Children,1,Nurse Children
Nurse-Companion,1,Nurse Companion
Nurse-D. S,1,Nurse D. S
Nurse-D.S.,1,Nurse D.S.
Nurse-Dealer,1,Nurse Dealer
Nurse-Dom Sevt,1,Nurse Dom Sevt
Nurse-Dom. Serv.,1,Nurse Dom. Serv.
Nurse-Dom. Servt.,1,Nurse Dom. Servt.
Nurse-Domc Servt,1,Nurse Domc Servt
Nurse-Domesitc Servant,1,Nurse Domesitc Servant
Nurse-Domest Servant,1,Nurse Domest Servant
Nurse-Domestic (Servant),1,Nurse Domestic Servant
Nurse-Domestic and Servant,1,Nurse Domestic and Servant
Nurse-Domestic Se,1,Nurse Domestic Se
Nurse-Domestic Servat,1,Nurse Domestic Servat
Nurse-Domestic Sevt.,1,Nurse Domestic Sevt.
Nurse-Domestic Sister,1,Nurse Domestic Sister
Nurse-Domestic Sr,1,Nurse Domestic Sr
Nurse-Domestic Svt.,1,Nurse Domestic Svt.
Nurse-Domestic-Servant,1,Nurse Domestic Servant
Nurse-Domesticate,1,Nurse Domesticate
Nurse-Dst-Svt,1,Nurse Dst Svt
Nurse-Frained,1,Nurse Frained
Nurse-Gen-Servant,1,Nurse Gen Servant
Nurse-Hospital Medical and Surgical,1,Nurse Hospital Medical and Surgical
Nurse-House Maid Domestic,1,Nurse House Maid Domestic
Nurse-Housemaid,1,Nurse Housemaid
Nurse-Housemaid-Domestic Servt,1,Nurse Housemaid Domestic Servt
Nurse-Maid D S,1,Nurse Maid D S
Nurse-Maid Domestic Servt,1,Nurse Maid Domestic Servt
Nurse-Maid Domestic-Servant,1,Nurse Maid Domestic Servant
Nurse-Maid-Domestic Servant,1,Nurse Maid Domestic Servant
Nurse-Maternity,1,Nurse Maternity
Nurse-Matron,1,Nurse Matron
Nurse-Midwife?,1,Nurse Midwife?
Nurse-Midwifery,1,Nurse Midwifery
Nurse-on Outdoor Relief,1,Nurse on Outdoor Relief
Nurse-Qualified,1,Nurse Qualified
Nurse-Retired from Service,1,Nurse Retired from Service
Nurse-Scholar,1,Nurse Scholar
Nurse-Sick and Midwife,1,Nurse Sick and Midwife
Nurse-Trained,1,Nurse Trained
Nurse-Union Infirmary,1,Nurse Union Infirmary
Nurse-Visiting,1,Nurse Visiting
Nurse. (Lady),1,Nurse. Lady
Nurse.(Ladies),1,Nurse.Ladies
Nursemaid-Domestic,1,Nursemaid Domestic
Nursery Governess-Domestic Servt,1,Nursery Governess Domestic Servt
Nursery Maid (Domestic Servant),1,Nursery Maid Domestic Servant
Nursery Maid-Domestic,1,Nursery Maid Domestic
Nursery Maid-Unemployed,1,Nursery Maid Unemployed
Nursery-Maid,1,Nursery Maid
Nursery-Maid D. Servant,1,Nursery Maid D. Servant
Nursery-Mans Daughter,1,Nursery Mans Daughter
Nursey Maid-Domestic,1,Nursey Maid Domestic
Nursing Maid (Domestic Servant),1,Nursing Maid Domestic Servant
Nuse-Domestic Servant,1,Nuse Domestic Servant
Occasion Ally Employed at Stone-Breaking,1,Occasion Ally Employed at Stone Breaking
Occupation-Nil Income derived from Dividend and House Property,1,Occupation Nil Income derived from Dividend and House Property
Odd Man-Domestic Sevt,1,Odd Man Domestic Sevt
Odd-Man Domestic Servant,1,Odd Man Domestic Servant
Off? Parish-Priest,1,Off? Parish Priest
Office - Boy,1,Office Boy
Office - Cleaner,1,Office Cleaner
Office Apprentice (Hardware),1,Office Apprentice Hardware
Office Apprentice (Jeweller's),1,Office Apprentice Jeweller's
Office Boy (Messenger),1,Office Boy Messenger
Office Cleaner (Domestic Servant),1,Office Cleaner Domestic Servant
Office Clerk (Apprentice),1,Office Clerk Apprentice
Office Clerk (Mineral Water Manufactures and Spirit),1,Office Clerk Mineral Water Manufactures and Spirit
Office Clerk (Oils Color and Drug),1,Office Clerk Oils Color and Drug
Office Clerk-Coal,1,Office Clerk Coal
Office Clerk-Creamery,1,Office Clerk Creamery
Office Clerk-Gunpowder Mills,1,Office Clerk Gunpowder Mills
Office Clerk-Provision,1,Office Clerk Provision
Office Clerk-Tram Co,1,Office Clerk Tram Co
Office Girl (Assistant Book Keeper),1,Office Girl Assistant Book Keeper
Office Letter Port-Carrier,1,Office Letter Port Carrier
Office of Ireland Revenue 1st Class:- Excise Branch,1,Office of Ireland Revenue 1st Class: Excise Branch
Office of Public Works Dublin Teacher (Convent N School),1,Office of Public Works Dublin Teacher Convent N School
Officer (Army),1,Officer Army
Officer (Irish Lights Serving),1,Officer Irish Lights Serving
Officer 1st Class H.M.Ireland Reve (Excise Branch),1,Officer 1st Class H.M.Ireland Reve Excise Branch
Officer 1st Class Ireland Revenue (Excise Branch),1,Officer 1st Class Ireland Revenue Excise Branch
Officer in Charge of (Sub Fire Station),1,Officer in Charge of Sub Fire Station
Officer Inland Revenue 1st Class-Excise Branch,1,Officer Inland Revenue 1st Class Excise Branch
Officer Intd. Reve. (Excise Branch),1,Officer Intd. Reve. Excise Branch
Officer of Excise (1st Class) Ireland Revenue Department,1,Officer of Excise 1st Class Ireland Revenue Department
"Officer of Inland Revenue, (Excise Branch)",1,"Officer of Inland Revenue, Excise Branch"
Officer of Ireland Rev (Retired),1,Officer of Ireland Rev Retired
Officer of Ireland Revenue 15th Class (Excise Dept),1,Officer of Ireland Revenue 15th Class Excise Dept
"Officer's Wife (Active Service, Infantry)",1,"Officer's Wife Active Service, Infantry"
Officer-Inland Revenue,1,Officer Inland Revenue
Officer-Retired List,1,Officer Retired List
Official (Nurse),1,Official Nurse
Oiler (Factory),1,Oiler Factory
Oiler (Weaving Factory),1,Oiler Weaving Factory
Oiler - in Factory,1,Oiler in Factory
Oiler Spinning Factory (Flax,1,Oiler Spinning Factory Flax
Old-Clothes Dealer,1,Old Clothes Dealer
Olderman-Solicitor,1,Olderman Solicitor
"On Don Office List of Officers of the Army Retired""-At Retire in help appoint of Adoptant Vol Service (Rank. Theodre Major ? Pay in all ?",1,"On Don Office List of Officers of the Army Retired"" At Retire in help appoint of Adoptant Vol Service Rank. Theodre Major ? Pay in all ?"
On Out-Door Relief and C,1,On Out Door Relief and C
One Visit her-Return as Farmer's Wife,1,One Visit her Return as Farmer's Wife
Operator-Telephone,1,Operator Telephone
Optician-Specialist for Spectacles,1,Optician Specialist for Spectacles
Oramenter (Linen),1,Oramenter Linen
Ordinary Seaman-Mercantile,1,Ordinary Seaman Mercantile
Ordinery Sea-Man,1,Ordinery Sea Man
Ordnance Larey (Retired),1,Ordnance Larey Retired
Ordnance Survey (Civil Assistant),1,Ordnance Survey Civil Assistant
Ordnance Survey (Civil Assistant) (Temporary),1,Ordnance Survey Civil Assistant Temporary
Ordnance Survey Department (Temporary Civil Assistant) Superintendent Detail Section,1,Ordnance Survey Department Temporary Civil Assistant Superintendent Detail Section
Ordnance Survey Dept. Board of Agriculture (England),1,Ordnance Survey Dept. Board of Agriculture England
Ordnance Surveyor (Superannuated),1,Ordnance Surveyor Superannuated
Ordnance Surveyor (Superanuated),1,Ordnance Surveyor Superanuated
Ordnance Surveyor (T.C.A.),1,Ordnance Surveyor T.C.A.
"Ordnance Surveyor, (Civil Servant)",1,"Ordnance Surveyor, Civil Servant"
Ordnance-Clerk,1,Ordnance Clerk
Ordnance-Surveyors Assistant,1,Ordnance Surveyors Assistant
Ordr Warder (Clerk Warder),1,Ordr Warder Clerk Warder
Organist-Clerk-Bookseller,1,Organist Clerk Bookseller
Organist-Professor of Music,1,Organist Professor of Music
Organsior of Vocal Music (National Education Board),1,Organsior of Vocal Music National Education Board
Ornamenter (Employed),1,Ornamenter Employed
Ornamenter (Linen),1,Ornamenter Linen
Ornamentor (Handkerchief),1,Ornamentor Handkerchief
Ornamentor-Wareroom,1,Ornamentor Wareroom
Ornmenter (Wareroom),1,Ornmenter Wareroom
Ostler - Domestic Servant,1,Ostler Domestic Servant
Ouder's Merchantile Clerk-?,1,Ouder's Merchantile Clerk ?
Out Door - Relief,1,Out Door Relief
Out of Employment (Domestic-Servant),1,Out of Employment Domestic Servant
Out-door Pauper,1,Out door Pauper
Outdoor Servant-Domestic Servant,1,Outdoor Servant Domestic Servant
Over Sawer (Flax Mill),1,Over Sawer Flax Mill
Over-Seemer,1,Over Seemer
Overlooker (Flax Mill),1,Overlooker Flax Mill
Overlooker (In Nill),1,Overlooker In Nill
Overseed-Corporation,1,Overseed Corporation
Overseer (Bacon Curing),1,Overseer Bacon Curing
Overseer (Corporation),1,Overseer Corporation
Overseer-Mineral Water Factory,1,Overseer Mineral Water Factory
Overworker (Mill Spinning),1,Overworker Mill Spinning
Oveseer in Moulding Shop (Foundry),1,Oveseer in Moulding Shop Foundry
Owner (Linen Trade),1,Owner Linen Trade
Oxford L. Infantry (Soldiers Wife),1,Oxford L. Infantry Soldiers Wife
Oyster and Lobater Fishery (Manager),1,Oyster and Lobater Fishery Manager
P Clerk (Post Officers Telescope),1,P Clerk Post Officers Telescope
P Maid - Domestic Servt,1,P Maid Domestic Servt
P Maid Servant (Domestic),1,P Maid Servant Domestic
P O Post Office-Telegrapher Clerk,1,P O Post Office Telegrapher Clerk
P-Land Agent,1,P Land Agent
P. Maid-Domestic,1,P. Maid Domestic
P.O.Assistant (Unemployed),1,P.O.Assistant Unemployed
Packer (Fancy Tobacca),1,Packer Fancy Tobacca
Packer (Goods),1,Packer Goods
Packer (in Confectioners),1,Packer in Confectioners
Packer (in Earthenware,1,Packer in Earthenware
Packer (Linen),1,Packer Linen
Packer (Paper Factory),1,Packer Paper Factory
Packer (Parcels) G.P.O,1,Packer Parcels G.P.O
Packer (Saw Mill),1,Packer Saw Mill
Packer (Stationery),1,Packer Stationery
Packer (Theatre),1,Packer Theatre
Packer - Paper,1,Packer Paper
Packer(Linen),1,PackerLinen
Packer-Druggist,1,Packer Druggist
Packer-Furniture,1,Packer Furniture
Packer-in Paper-Factory,1,Packer in Paper Factory
Packer-Ware House,1,Packer Ware House
Packet Maker Des-Firm,1,Packet Maker Des Firm
Page (Domestic Servant),1,Page Domestic Servant
Page Boy (Hotel),1,Page Boy Hotel
Page Boy Domestic (Servant),1,Page Boy Domestic Servant
Page boy-Domestic Servant,1,Page boy Domestic Servant
Page-boy,1,Page boy
Page-Maker-Carter,1,Page Maker Carter
Pager-Linen,1,Pager Linen
Painteis Labourer (Brewery),1,Painteis Labourer Brewery
Painter (Art),1,Painter Art
Painter (Freeman),1,Painter Freeman
Painter (Gen),1,Painter Gen
Painter (Home),1,Painter Home
Painter (House) Employed,1,Painter House Employed
Painter (Houses),1,Painter Houses
Painter (Journeyman),1,Painter Journeyman
Painter (Railway),1,Painter Railway
Painter (Unemployed),1,Painter Unemployed
Painter - Dectorator,1,Painter Dectorator
Painter - General,1,Painter General
Painter's (Apprentice),1,Painter's Apprentice
Painter-Asylum,1,Painter Asylum
Painter-Cem Prositer,1,Painter Cem Prositer
Painter-Finisher,1,Painter Finisher
Painter-General,1,Painter General
Painter-Paperhanger,1,Painter Paperhanger
Painter-Unemployed,1,Painter Unemployed
Painter:-(Master),1,Painter: Master
Painters Shop-Keeper,1,Painters Shop Keeper
Painters-Folder,1,Painters Folder
Pantry - Boy Domestic Servant,1,Pantry Boy Domestic Servant
Pantry Boy - Domestic,1,Pantry Boy Domestic
Pantry Boy-Domestic,1,Pantry Boy Domestic
Pantry-Boy,1,Pantry Boy
Pantryboy-Domestic,1,Pantryboy Domestic
Pantrymaid-Domestic Servant,1,Pantrymaid Domestic Servant
Paper - Cutter,1,Paper Cutter
Paper - Folder,1,Paper Folder
Paper - Hanger,1,Paperhanger
Paper Bag - Maker,1,Paper Bag Maker
Paper Bag-Maker,1,Paper Bag Maker
Paper Mill Worker (Assistant Paper Maker),1,Paper Mill Worker Assistant Paper Maker
Paper Mill Worker (Paper Maker),1,Paper Mill Worker Paper Maker
Paper Mill-Worker (Sheeter),1,Paper Mill Worker Sheeter
Paper Trade-Beaterman,1,Paper Trade Beaterman
Paper Trade-Cashier,1,Paper Trade Cashier
Paper-Bag Makers,1,Paper Bag Makers
Paper-Box Maker,1,Paper Box Maker
Paper-Cutter,1,Paper Cutter
Paper-Finisher,1,Paper Finisher
Paper-Harger,1,Paper Harger
Paper-Seller,1,Paper Seller
Paper-Sorter,1,Paper Sorter
Paperer (Thread),1,Paperer Thread
Paperhangings Shop - Keeper,1,Paperhangings Shop Keeper
Papermaker-Finisher,1,Papermaker Finisher
Parcel Messenger (Tramway),1,Parcel Messenger Tramway
Parish Clerk - Domestic,1,Parish Clerk Domestic
Parish Clerk St Michaels (R.C.Church),1,Parish Clerk St Michaels R.C.Church
Parish Clerk-Servant,1,Parish Clerk Servant
Parish Priest (Roman Catholic),1,Parish Priest Roman Catholic
Parish Priest-Canon of Cathudiol Chapter and Vicor Fornane of Discese,1,Parish Priest Canon of Cathudiol Chapter and Vicor Fornane of Discese
Parish Priest-R Catholic,1,Parish Priest R Catholic
Parish Priest-R.C. Church,1,Parish Priest R.C. Church
Parish Priest-Roman Catholic Church,1,Parish Priest Roman Catholic Church
Parish-Priest,1,Parish Priest
Parl Maid-Domestic,1,Parl Maid Domestic
Parl Maid-Domestic Servt,1,Parl Maid Domestic Servt
Parler Maid - Domestic Servant,1,Parler Maid Domestic Servant
Parlor - Maid,1,Parlor Maid
Parlor and House Maid-Domestic Servant,1,Parlor and House Maid Domestic Servant
Parlor Housemaid (Domestic),1,Parlor Housemaid Domestic
Parlor Maid (Domestic),1,Parlor Maid Domestic
Parlor Maid-Domestic Servt,1,Parlor Maid Domestic Servt
Parlor Maid-Nun,1,Parlor Maid Nun
Parlor-Maid,1,Parlor Maid
Parlor-Maid D. Servant,1,Parlor Maid D. Servant
"Parlor-Maid, Domestic Servant",1,"Parlor Maid, Domestic Servant"
Parlor-Maid-Domestic Servt,1,Parlor Maid Domestic Servt
Parlormaid-Dom: Servant,1,Parlormaid Dom: Servant
Parlormaid-Domestic,1,Parlormaid Domestic
Parlormaid-Domestic Servant,1,Parlormaid Domestic Servant
Parlour - Maid,1,Parlour Maid
Parlour - Maid D Servant,1,Parlour Maid D Servant
Parlour and House Maid-Dom. Ser,1,Parlour and House Maid Dom. Ser
Parlour Maid (D S),1,Parlour Maid D S
Parlour Maid (Dom Servant),1,Parlour Maid Dom Servant
Parlour Maid (Domc Servt),1,Parlour Maid Domc Servt
Parlour Maid (Domestic,1,Parlour Maid Domestic
Parlour Maid (Domestic S.,1,Parlour Maid Domestic S.
Parlour Maid - (Domestic Servant),1,Parlour Maid Domestic Servant
Parlour Maid - Dom Servt,1,Parlour Maid Dom Servt
Parlour Maid - Domestic S.,1,Parlour Maid Domestic S.
Parlour Maid -Domestic Sevt,1,Parlour Maid Domestic Sevt
Parlour maid and House - maid - Domestic Servant,1,Parlour maid and House maid Domestic Servant
Parlour Maid Domestic Servant (House Maid),1,Parlour Maid Domestic Servant House Maid
Parlour Maid Domestic-Servant,1,Parlour Maid Domestic Servant
Parlour Maid Servant-Domestic,1,Parlour Maid Servant Domestic
Parlour Maid- Domestic,1,Parlour Maid Domestic
Parlour Maid-D C,1,Parlour Maid D C
Parlour Maid-D. Servant,1,Parlour Maid D. Servant
Parlour Maid-Dom Servt,1,Parlour Maid Dom Servt
Parlour Maid-Dom. Servant,1,Parlour Maid Dom. Servant
Parlour Maid-Dom. Servt,1,Parlour Maid Dom. Servt
Parlour Maid-Dom. Sev.,1,Parlour Maid Dom. Sev.
Parlour Maid-Domc Servt,1,Parlour Maid Domc Servt
Parlour Maid-Domesitc Servt,1,Parlour Maid Domesitc Servt
Parlour Maid-Domestic Ser,1,Parlour Maid Domestic Ser
Parlour Maid-Domestic Serant,1,Parlour Maid Domestic Serant
Parlour Maid-Domestic Sernt,1,Parlour Maid Domestic Sernt
Parlour Maid-Domestic Sert,1,Parlour Maid Domestic Sert
Parlour maid-Domestic Servant,1,Parlour maid Domestic Servant
Parlour Maid-Domestic Servt.,1,Parlour Maid Domestic Servt.
Parlour Maid-Servant,1,Parlour Maid Servant
Parlour-maid,1,Parlour maid
Parlour-Maid D.S,1,Parlour Maid D.S
Parlour-Maid Dom. Servant,1,Parlour Maid Dom. Servant
Parlour-Maid Domestic Set,1,Parlour Maid Domestic Set
Parlour-Maid Unemployed,1,Parlour Maid Unemployed
"Parlour-maid, Domestic Unemployed",1,"Parlour maid, Domestic Unemployed"
"Parlour-Maid, Domtc: Servt",1,"Parlour Maid, Domtc: Servt"
Parlour-Maid- Domestic Servant,1,Parlour Maid Domestic Servant
Parlour-Maid-Dom Servant,1,Parlour Maid Dom Servant
Parlour-Maid-Domestic S,1,Parlour Maid Domestic S
Parlour-Maid-Domestic S.,1,Parlour Maid Domestic S.
Parlour-Maid-Domestic Serv.,1,Parlour Maid Domestic Serv.
Parlour-Maid. Domestic S,1,Parlour Maid. Domestic S
Parlourmaid (Domestic Sn),1,Parlourmaid Domestic Sn
Parlourmaid (Unemployed),1,Parlourmaid Unemployed
Parlourmaid - Domestic,1,Parlourmaid Domestic
Parlourmaid and-Domestic Servant,1,Parlourmaid and Domestic Servant
Parlourmaid Domestic (Servant),1,Parlourmaid Domestic Servant
Parlourmaid Servant-Domestic,1,Parlourmaid Servant Domestic
Parlourmaid- Domestic Servt,1,Parlourmaid Domestic Servt
Parlourmaid-D. Servant,1,Parlourmaid D. Servant
Parlourmaid-Dmestic Servat,1,Parlourmaid Dmestic Servat
Parlourmaid-Dom. Servt.,1,Parlourmaid Dom. Servt.
Parlourmaid-Dome Servt,1,Parlourmaid Dome Servt
Parlourmaid-Domestic St,1,Parlourmaid Domestic St
Parlours-Maid Domestic Servant,1,Parlours Maid Domestic Servant
Parloutmaid (Unemployed),1,Parloutmaid Unemployed
Pascer (Linen),1,Pascer Linen
Paster-Shirt Factory,1,Paster Shirt Factory
Pastor (in Sole Charge),1,Pastor in Sole Charge
Pastry-Baker,1,Pastry Baker
Patent Lurner (Collars and Caffs),1,Patent Lurner Collars and Caffs
Patent Turner (Linen),1,Patent Turner Linen
Patent-Turner,1,Patent Turner
Pattern Card-Maker,1,Pattern Card Maker
Pattern Maker in Ship-Yard,1,Pattern Maker in Ship Yard
Pattern-Maker and Wood-Turner,1,Pattern Maker and Wood Turner
Pattern-Maker at Iron Works,1,Pattern Maker at Iron Works
Pattern-Maker Engineer,1,Pattern Maker Engineer
Pattern-Maker in Iron Foundry,1,Pattern Maker in Iron Foundry
Pattern-Maker in Ship Yard,1,Pattern Maker in Ship Yard
Pattern-Makers Assistant (Engineering Works),1,Pattern Makers Assistant Engineering Works
Pattern-Master,1,Pattern Master
Patternmaker (Engineer),1,Patternmaker Engineer
Patternmaker (Marine),1,Patternmaker Marine
Paulourmaid Servant-Domestic,1,Paulourmaid Servant Domestic
Pauper (In Workhouse),1,Pauper In Workhouse
Pautry Boy (Domestic),1,Pautry Boy Domestic
Pautry Boy-Domestic Servant,1,Pautry Boy Domestic Servant
Pawnbroker (Manager),1,Pawnbroker Manager
Pawnbroker (Unemployed),1,Pawnbroker Unemployed
Pawnbroker-Manager,1,Pawnbroker Manager
Pawnbroker-Master,1,Pawnbroker Master
Pay Master (Railway),1,Pay Master Railway
Paymaster (Retired) I.R.N Rank,1,Paymaster Retired I.R.N Rank
Paymaster-in Chief Royal Navy (Retired),1,Paymaster in Chief Royal Navy Retired
Pearl Life Assurance Company Assistant-Superintendent,1,Pearl Life Assurance Company Assistant Superintendent
Pedlar (Cloth),1,Pedlar Cloth
Pedlar (Drapery),1,Pedlar Drapery
Pedlar (Small Wares),1,Pedlar Small Wares
Pedlar-Drapery,1,Pedlar Drapery
Pedler-Wife,1,Pedler Wife
Pension Sergt Major (Army) Head Porter Rl Coll Sc I,1,Pension Sergt Major Army Head Porter Rl Coll Sc I
Pensionar (U.S. Navy),1,Pensionar U.S. Navy
Pensione (Army),1,Pensione Army
Pensioned Ex-Clerk,1,Pensioned Ex Clerk
Pensioned Nat School-Teacher,1,Pensioned Nat School Teacher
Pensioner (18th R Irish),1,Pensioner 18th R Irish
Pensioner (1st Royal Scotts),1,Pensioner 1st Royal Scotts
Pensioner (2nd 14th Foot),1,Pensioner 2nd 14th Foot
Pensioner (85th Foot),1,Pensioner 85th Foot
Pensioner (Army Service Corps),1,Pensioner Army Service Corps
Pensioner (Army) adjutant Gl. Department,1,Pensioner Army adjutant Gl. Department
Pensioner (Army) Canteen Manager,1,Pensioner Army Canteen Manager
Pensioner (Army) Gunner R. A.,1,Pensioner Army Gunner R. A.
Pensioner (army) No Profession,1,Pensioner army No Profession
Pensioner (Attendant) from Asylum,1,Pensioner Attendant from Asylum
Pensioner (Cak R N),1,Pensioner Cak R N
Pensioner (Carlow Asylum),1,Pensioner Carlow Asylum
Pensioner (Cavalry),1,Pensioner Cavalry
Pensioner (Coastguard),1,Pensioner Coastguard
Pensioner (Constabalary),1,Pensioner Constabalary
Pensioner (D M Police),1,Pensioner D M Police
Pensioner (East Lancashires),1,Pensioner East Lancashires
Pensioner (English Police),1,Pensioner English Police
Pensioner (G S and W R),1,Pensioner G S and W R
Pensioner (Hong Kong Police),1,Pensioner Hong Kong Police
Pensioner (Host Foot),1,Pensioner Host Foot
Pensioner (Infantry),1,Pensioner Infantry
Pensioner (Infautra),1,Pensioner Infautra
Pensioner (Labouror),1,Pensioner Labouror
Pensioner (Late GPO),1,Pensioner Late GPO
Pensioner (Military),1,Pensioner Military
Pensioner (N. S. Govt),1,Pensioner N. S. Govt
Pensioner (N.S),1,Pensioner N.S
Pensioner (Nat. School Teacher),1,Pensioner Nat. School Teacher
Pensioner (National Board),1,Pensioner National Board
Pensioner (Naval Reserve),1,Pensioner Naval Reserve
Pensioner (Navy service),1,Pensioner Navy service
Pensioner (Police) R K,1,Pensioner Police R K
Pensioner (Prison Services),1,Pensioner Prison Services
Pensioner (R.h),1,Pensioner R.h
Pensioner (R.I.C.,1,R.I.C. Pensioner
Pensioner (Relieving Officer),1,Pensioner Relieving Officer
Pensioner (Retired Land Steward),1,Pensioner Retired Land Steward
Pensioner (Retired Sergeant R.I.Constabulary),1,Pensioner Retired Sergeant R.I.Constabulary
Pensioner (Royal Artillery) General,1,Pensioner Royal Artillery General
Pensioner (Scottish Rifles),1,Pensioner Scottish Rifles
Pensioner (Segt Major),1,Pensioner Segt Major
Pensioner (Sergeant) Royal Irish Constabulary Railway Watchman,1,Pensioner Sergeant Royal Irish Constabulary Railway Watchman
Pensioner (Sergt) D M Police,1,Pensioner Sergt D M Police
Pensioner (Sergt) R. I. C.,1,Pensioner Sergt R. I. C.
Pensioner (Served as a Steward at Work House),1,Pensioner Served as a Steward at Work House
Pensioner (Soldier),1,Pensioner Soldier
Pensioner (U R W),1,Pensioner U R W
Pensioner (Unemployed),1,Pensioner Unemployed
Pensioner - Army,1,Pensioner Army
Pensioner - D.W and W. Ry Co.,1,Pensioner D.W and W. Ry Co.
Pensioner - Ex or Retired Nat. Teacher,1,Pensioner Ex or Retired Nat. Teacher
Pensioner - Guiness Cremary,1,Pensioner Guiness Cremary
Pensioner - Infantry,1,Pensioner Infantry
Pensioner 100 Prince of Wales Reg Shoe-Maker,1,Pensioner 100 Prince of Wales Reg Shoe Maker
Pensioner 1st - 10th Foot,1,Pensioner 1st 10th Foot
Pensioner 1st Battallion (1st Sumrnet-Set),1,Pensioner 1st Battallion 1st Sumrnet Set
Pensioner and Now Sub-Postmaster,1,Pensioner and Now Sub Postmaster
Pensioner Army from 45th Foots - ?,1,Pensioner Army from 45th Foots ?
Pensioner Custom Watcher (C Sergt R I Rifles),1,Pensioner Custom Watcher C Sergt R I Rifles
Pensioner Ex-Sergeant R. I. C.,1,Pensioner Ex Sergeant R. I. C.
Pensioner Ex-Sergeant R.I.C.,1,Pensioner Ex Sergeant R.I.C.
Pensioner Ex-Sergt. R.I.C.,1,Pensioner Ex Sergt. R.I.C.
Pensioner from (Dublin Corporation),1,Pensioner from Dublin Corporation
Pensioner from 69th Sth Lincolnshire's-Regr,1,Pensioner from 69th Sth Lincolnshire's Regr
Pensioner from Care Fitz Willam Employment (Farm Labourer),1,Pensioner from Care Fitz Willam Employment Farm Labourer
Pensioner from Irish Prisons Service-Left Through ill Health,1,Pensioner from Irish Prisons Service Left Through ill Health
Pensioner from Royal Irish Constabulary and Ship Inspector (Veterinary Drawer) Department of Agriculture and Technical Instruction for Ireland,1,Pensioner from Royal Irish Constabulary and Ship Inspector Veterinary Drawer Department of Agriculture and Technical Instruction for Ireland
Pensioner from Royal Navy (Rank Pravite),1,Pensioner from Royal Navy Rank Pravite
Pensioner from-Farmer (-Ordance Survey),1,Pensioner from Farmer Ordance Survey
Pensioner Gunner-Royal Artillery,1,Pensioner Gunner Royal Artillery
Pensioner Labour (Cork Distillery Co),1,Pensioner Labour Cork Distillery Co
Pensioner London Metropolitan Police-Farmer and Publican,1,Pensioner London Metropolitan Police Farmer and Publican
Pensioner R I C (Constable) and Jewellers Representative,1,Pensioner R I C Constable and Jewellers Representative
Pensioner R.I.C and Lodging-House Keeper,1,Pensioner R.I.C and Lodging House Keeper
Pensioner R.I.C. (Ex Segt),1,Pensioner R.I.C. Ex Segt
Pensioner R.I.C. Force (Sub-Postmaster),1,Pensioner R.I.C. Force Sub Postmaster
Pensioner R.S.C (Sergt),1,Pensioner R.S.C Sergt
Pensioner Royal-Artilley,1,Pensioner Royal Artilley
Pensioner Telegraphist (Hall Porter),1,Pensioner Telegraphist Hall Porter
Pensioner Under Natl-Bond and Farmer,1,Pensioner Under Natl Bond and Farmer
Pensioner's Sister-in-Law,1,Pensioner's Sister in Law
Pensioner(Army) and Letter Postman,1,PensionerArmy and Letter Postman
"Pensioner, Army (R A)",1,"Pensioner, Army R A"
"Pensioner, R.I.C. (Ex Const)",1,"Pensioner, R.I.C. Ex Const"
"Pensioner,-Army",1,"Pensioner, Army"
Pensioner-1st Bat-Gardan Higheanders,1,Pensioner 1st Bat Gardan Higheanders
Pensioner-2nd Royal Inneskelling Fusilier,1,Pensioner 2nd Royal Inneskelling Fusilier
Pensioner-62nd Foot R,1,Pensioner 62nd Foot R
Pensioner-Army Infantry Rifle Brigade. Quarter Master Serjeant,1,Pensioner Army Infantry Rifle Brigade. Quarter Master Serjeant
Pensioner-Coastguard,1,Pensioner Coastguard
Pensioner-E Sergt R I C Not Employed,1,Pensioner E Sergt R I C Not Employed
Pensioner-Ex Srgt. R. I. C,1,Pensioner Ex Srgt. R. I. C
Pensioner-Ex-Teacher,1,Pensioner Ex Teacher
Pensioner-Ex. Dist. Drapr R.I.Constabulary,1,Pensioner Ex. Dist. Drapr R.I.Constabulary
Pensioner-From Royal Artilery,1,Pensioner From Royal Artilery
Pensioner-Infantry,1,Pensioner Infantry
Pensioner-Irish Leghs,1,Pensioner Irish Leghs
Pensioner-Irish Lights Service,1,Pensioner Irish Lights Service
Pensioner-Late Royal Artillary,1,Pensioner Late Royal Artillary
Pensioner-Natl Board,1,Pensioner Natl Board
Pensioner-Navy,1,Pensioner Navy
Pensioner-Patriotic Fund,1,Pensioner Patriotic Fund
Pensioner-Prian,1,Pensioner Prian
Pensioner-Prison,1,Pensioner Prison
Pensioner-Prisons,1,Pensioner Prisons
Pensioner-R I Constabulary,1,Pensioner R I Constabulary
Pensioner-R. I. C,1,Pensioner R. I. C
Pensioner-R.I. Constabulary,1,Pensioner R.I. Constabulary
Pensioner-R.I.C.,1,R.I.C. Pensioner
Pensioner-R.J.C,1,Pensioner R.J.C
Pensioner-R.M.A,1,Pensioner R.M.A
Pensioner-Retired Teacher,1,Pensioner Retired Teacher
Pensioner-Royal Artillary,1,Pensioner Royal Artillary
Pensioner-Royal Artillery,1,Pensioner Royal Artillery
Pensioner-Royal Jb Millitry,1,Pensioner Royal Jb Millitry
Pensioner-Royal Navy,1,Pensioner Royal Navy
Pensioner-Sergeant R.I.C,1,Pensioner Sergeant R.I.C
Pensionr (Army),1,Pensionr Army
Pentioner from 47 Regement-Sergeant,1,Pentioner from 47 Regement Sergeant
Perforator (Handkerchief Trade),1,Perforator Handkerchief Trade
Peril (Linen) Winder,1,Peril Linen Winder
Permanent Way-Railway Employce,1,Permanent Way Railway Employce
Permanent Way-Railway Labourer,1,Permanent Way Railway Labourer
Permant Way Ry-Labourer,1,Permant Way Ry Labourer
Pern Winder-Linen,1,Pern Winder Linen
Ph. Chemist-L. P. S. I.,1,Ph. Chemist L. P. S. I.
Pharm (Assistant) A?ntiest Chemist,1,Pharm Assistant A?ntiest Chemist
Pharmacautical Chemist (M.P.S.I),1,Pharmacautical Chemist M.P.S.I
Pharmaceutical Chemist (Assistant),1,Pharmaceutical Chemist Assistant
Pharmaceutical Chemist (I),1,Pharmaceutical Chemist I
Pharmaceutical Chemist (M. P. S. I.),1,Pharmaceutical Chemist M. P. S. I.
Pharmaceutical Chemist (Manager),1,Pharmaceutical Chemist Manager
Pharmaceutical Chemist (Member of the Ph. Society),1,Pharmaceutical Chemist Member of the Ph. Society
Pharmaceutical Chemist L P S I (Practicing) and Mineral Water Manuf,1,Pharmaceutical Chemist L P S I Practicing and Mineral Water Manuf
Pharmaceutical Chemist-Licentiate of the Pharmaceutical Society of Ireland,1,Pharmaceutical Chemist Licentiate of the Pharmaceutical Society of Ireland
Photo Engraver - Master,1,Photo Engraver Master
Photo-Engraver,1,Photo Engraver
Photogapher (Master),1,Photogapher Master
Photograper (Apprentice),1,Photograper Apprentice
Photograph Re-Tackes,1,Photograph Re Tackes
Photographer (Apprentice),1,Photographer Apprentice
Photographer (Unemployed),1,Photographer Unemployed
Photographer - Printer,1,Photographer Printer
Photographer-App,1,Photographer App
Photographer-Assistant,1,Photographer Assistant
Photographer-Master,1,Photographer Master
Photographic Artist (Apprentice),1,Photographic Artist Apprentice
Photographic Re - toncher,1,Photographic Re toncher
Photographic-Master,1,Photographic Master
Photography-Retoucher,1,Photography Retoucher
Photograpic Re-toucher,1,Photograpic Re toucher
"Phspician B A. (R.U.I.) F.F.P.S. (Gles,) L.R.C.S I L.A.H.I",1,"Phspician B A. R.U.I. F.F.P.S. Gles, L.R.C.S I L.A.H.I"
Physcian and Surgeon M D Q U I L R C S I - Lon Ro?,1,Physcian and Surgeon M D Q U I L R C S I Lon Ro?
Physican and S (gen Practice),1,Physican and S gen Practice
Physician & Surgeon (L.R.C.G.T.L.R.C.P.T),1,Physician & Surgeon L.R.C.G.T.L.R.C.P.T
Physician (Economics),1,Physician Economics
Physician (Graduate Royal University),1,Physician Graduate Royal University
Physician (L. R. C. S. Ed),1,Physician L. R. C. S. Ed
Physician (L.R.C.S. and P.Ed.),1,Physician L.R.C.S. and P.Ed.
Physician (Practising) L R C P and S J and FRCSJ.JP. De P L G Members of a ? of Govt Stockbooks (Shoping) ? Manager,1,Physician Practising L R C P and S J and FRCSJ.JP. De P L G Members of a ? of Govt Stockbooks Shoping ? Manager
Physician (Roy. Univ. Ireld.),1,Physician Roy. Univ. Ireld.
Physician - M.D.R.U.I,1,Physician M.D.R.U.I
Physician and Sergeon Practising-Dublin Limerick,1,Physician and Sergeon Practising Dublin Limerick
Physician and Surgeon (Dispensary Doctor),1,Physician and Surgeon Dispensary Doctor
Physician and Surgeon (Edinburgh),1,Physician and Surgeon Edinburgh
Physician and Surgeon (General Practitionar of the Royal College of Physician and Royal College of Surgeons Ireland,1,Physician and Surgeon General Practitionar of the Royal College of Physician and Royal College of Surgeons Ireland
Physician and Surgeon (L and E C G.S. L.K.C.T.I. L. ?),1,Physician and Surgeon L and E C G.S. L.K.C.T.I. L. ?
Physician and Surgeon (L.R.C.P and S. Ed),1,Physician and Surgeon L.R.C.P and S. Ed
Physician and Surgeon (Practicing) and (Outuner),1,Physician and Surgeon Practicing and Outuner
Physician and Surgeon (Royal University Ireland),1,Physician and Surgeon Royal University Ireland
Physician and Surgeon (Union Dubl),1,Physician and Surgeon Union Dubl
Physician and Surgeon Graduate in Medicine and Surgery of Dublin University (Trinity College),1,Physician and Surgeon Graduate in Medicine and Surgery of Dublin University Trinity College
Physician and Surgeon R C.I and P (Dublin),1,Physician and Surgeon R C.I and P Dublin
Physician and Surgeon T.C.D. (Not Practising),1,Physician and Surgeon T.C.D. Not Practising
Physician and Surgeon-Fellow Royal College of Surgeon ?,1,Physician and Surgeon Fellow Royal College of Surgeon ?
Physician M A M D Ch B k Dip Stat Med (Univ Dub) F R C S I M R C R I M R I A and C,1,Physician M A M D Ch B k Dip Stat Med Univ Dub F R C S I M R C R I M R I A and C
Physician M D (Dubllin),1,Physician M D Dubllin
Physician M D (R U I) J. P.,1,Physician M D R U I J. P.
Physician M Dye (Unis Dub) D R C P I,1,Physician M Dye Unis Dub D R C P I
Physician M.D.(T.C.D.) F.R.C.P.I.,1,Physician M.D.T.C.D. F.R.C.P.I.
Physician Medical Doctor (University of Dublin),1,Physician Medical Doctor University of Dublin
Physician Surgeon and Accouebeux L.R.C.P.I.L.M.L.R.C.S.I.L.M Lat. (Coambe Hospital),1,Physician Surgeon and Accouebeux L.R.C.P.I.L.M.L.R.C.S.I.L.M Lat. Coambe Hospital
Physician Surgeon and Apothecory-Royal University Ireland,1,Physician Surgeon and Apothecory Royal University Ireland
Physician Surgeon Assistant Chemist Assembling- L R C F S M A H L P S S L M and c,1,Physician Surgeon Assistant Chemist Assembling L R C F S M A H L P S S L M and c
Physician-Graduate Royal Col. Sur. Ireland,1,Physician Graduate Royal Col. Sur. Ireland
Physician-Surgent R.C.S.D.,1,Physician Surgent R.C.S.D.
Physiscan and Surgeon M K.; B.Ch (Dub),1,Physiscan and Surgeon M K.; B.Ch Dub
Pianist (Musician),1,Pianist Musician
Piano-Forte-maker,1,Piano Forte maker
Picture Frame Maker (Master),1,Picture Frame Maker Master
Picture Framing-Assistant,1,Picture Framing Assistant
Picture-Fram Maker,1,Picture Fram Maker
Picture-Frame Maker,1,Picture Frame Maker
Picture-Gilder,1,Picture Gilder
Pig-Cutcher,1,Pig Cutcher
Pig-Drover,1,Pig Drover
Pillow Case Manufacturer (Mistress),1,Pillow Case Manufacturer Mistress
Pillow-Case Maker,1,Pillow Case Maker
Pilot (Sligo River),1,Pilot Sligo River
Pinafore Maker (Furniture),1,Pinafore Maker Furniture
Pinafore Sample - Maker,1,Pinafore Sample Maker
Pinner-Shirt Factory,1,Pinner Shirt Factory
Pipe Maker (Trade),1,Pipe Maker Trade
"Pipe-Layer, General Labourer",1,"Pipe Layer, General Labourer"
Pirce Winder (Linen),1,Pirce Winder Linen
Pirn Winder (Weaving Factory),1,Pirn Winder Weaving Factory
Pl Light Keeper Irish Lights- Service,1,Pl Light Keeper Irish Lights Service
Plain Needle - Work,1,Plain Needle Work
Planer-Iron,1,Planer Iron
Plasterer (Unemployed),1,Plasterer Unemployed
Plasterer - Apprentice,1,Plasterer Apprentice
Plasterer - Unemployed,1,Plasterer Unemployed
Plasterer and Slater-Master,1,Plasterer and Slater Master
Plasterer-Apprentice,1,Plasterer Apprentice
Plasterer-Builder's,1,Plasterer Builder's
Plasterer-Journey Man,1,Plasterer Journey Man
Plasterer-Master,1,Plasterer Master
Plasterer-Not Employed,1,Plasterer Not Employed
Plasterer-Unemployed,1,Plasterer Unemployed
Plastrer-Unemployed,1,Plastrer Unemployed
Plate Layer (Railway),1,Plate Layer Railway
Plate-Layer Railways,1,Plate Layer Railways
Plate-Quarryman,1,Plate Quarryman
Platelayer (Ganger),1,Platelayer Ganger
Platelayer (Railway),1,Platelayer Railway
Platelayer on Rad way line (S W and W Ry),1,Platelayer on Rad way line S W and W Ry
Platelayer-Labourer,1,Platelayer Labourer
Plater (Shipyard),1,Plater Shipyard
Plater - Ironshipwright,1,Plater Ironshipwright
Plater - Ship Yard,1,Plater Ship Yard
Plater in Boiler Shop (Apprentice),1,Plater in Boiler Shop Apprentice
Plater-Shipyard,1,Plater Shipyard
Platers - Helper,1,Platers Helper
Platers helper (Shipyard),1,Platers helper Shipyard
Platers Marker (Iron Shop Building),1,Platers Marker Iron Shop Building
Platers-Boy,1,Platers Boy
Platers-Lauborer,1,Platers Lauborer
Plesher-Assistant,1,Plesher Assistant
Ploom-Maker,1,Ploom Maker
Plough - Boy,1,Plough Boy
Plough - Man,1,Plough Man
Plough Man (Farm Servant),1,Plough Man Farm Servant
Plough-man,1,Plough man
Plow - Man,1,Plow Man
Plowman - Domestic Servant,1,Plowman Domestic Servant
Plowman-Domestic Servt,1,Plowman Domestic Servt
Plumber (Lead),1,Plumber Lead
Plumber (Operative),1,Plumber Operative
Plumber and Gasfitter (Unemployed),1,Plumber and Gasfitter Unemployed
Plumber in (Brewery),1,Plumber in Brewery
Plumber's Wife (Living for a Fortnight at this address for Cook),1,Plumber's Wife Living for a Fortnight at this address for Cook
Plumber-and Carpenter,1,Plumber and Carpenter
Plumber-Assistant,1,Plumber Assistant
Plumber-Districk Asylum,1,Plumber Districk Asylum
Plumber-Gasfitter,1,Plumber Gasfitter
Plumber-Leed Worker,1,Plumber Leed Worker
Pocking-Case Maker,1,Pocking Case Maker
Point Lace-Worker,1,Point Lace Worker
Point-Lace Worker,1,Point Lace Worker
Pokel-Porter,1,Pokel Porter
Police man,1,Policeman
Police Pensioner (Ex Sergeant) R I C,1,Police Pensioner Ex Sergeant R I C
Police Pensioner (RIC),1,Police Pensioner RIC
Police Sergeant (R I C),1,Police Sergeant R I C
Police-Man,1,Policeman
Police-Man Wife,1,Police Man Wife
Police-Man's Wife,1,Police Man's Wife
Police-Pensioner and Assurance Agent,1,Police Pensioner and Assurance Agent
Policeman (Act Sergt R.I.C),1,Policeman Act Sergt R.I.C
Policeman (Const RIC),1,Policeman Const RIC
Policeman (Constable),1,Policeman Constable
Policeman (R I C),1,Policeman R I C
Policeman (R I Constby Constable),1,Policeman R I Constby Constable
Policeman (R. I. C),1,Policeman R. I. C
Policeman (R. I. C.) Const,1,Policeman R. I. C. Const
Policeman (R.I C),1,Policeman R.I C
Policeman (R.I.C Const),1,Policeman R.I.C Const
Policeman (R.I.C.),1,Policeman R.I.C.
Policeman - Constable,1,Policeman Constable
Policeman's Wife Living (Private),1,Policeman's Wife Living Private
Policeman-Con R I C,1,Policeman Con R I C
Policemans son,1,Policeman's Son
Polisher (French),1,Polisher French
Polisher - Unemployed,1,Polisher Unemployed
Poor Woman-Itinerant,1,Poor Woman Itinerant
Pork - Butcher,1,Pork Butcher
Pork - Cutter,1,Pork Cutter
Pork Butcher (Master),1,Pork Butcher Master
Pork Cutter (Butcher),1,Pork Cutter Butcher
Porter (Cellar),1,Porter Cellar
Porter (Chemist),1,Porter Chemist
Porter (Domestic Servant),1,Porter Domestic Servant
Porter (Draper's),1,Porter Draper's
Porter (Drapers),1,Porter Drapers
Porter (Drapery),1,Porter Drapery
Porter (Dresser),1,Porter Dresser
Porter (Foundary),1,Porter Foundary
Porter (Fruiters),1,Porter Fruiters
Porter (Furniture),1,Porter Furniture
Porter (Green Grocers),1,Porter Green Grocers
Porter (Hair Dresser),1,Porter Hair Dresser
Porter (In Bond Store),1,Porter In Bond Store
Porter (In Boot Shop),1,Porter In Boot Shop
Porter (in Gun Shoot),1,Porter in Gun Shoot
Porter (Indoor),1,Porter Indoor
Porter (Jewellery Establishment),1,Porter Jewellery Establishment
Porter (Messenger),1,Porter Messenger
Porter (Potatoe),1,Porter Potatoe
Porter (Ry),1,Porter Ry
Porter (Unemployd),1,Porter Unemployd
Porter (Wareroom),1,Porter Wareroom
Porter (Wine and Spirit),1,Porter Wine and Spirit
Porter - Domestic Servant,1,Porter Domestic Servant
Porter - Druggist,1,Porter Druggist
Porter - Grocer,1,Porter Grocer
Porter - Grocers,1,Porter Grocers
Porter - Hotel,1,Porter Hotel
Porter - Laundry,1,Porter Laundry
Porter - Workhouse,1,Porter Workhouse
Porter in Grocer's Shop-Unemployed,1,Porter in Grocer's Shop Unemployed
Porter in Hard-Ware Shop,1,Porter in Hard Ware Shop
Porter Store (Labourer),1,Porter Store Labourer
Porter Un-Employed,1,Porter Un Employed
Porter-Auction,1,Porter Auction
Porter-Bakery,1,Porter Bakery
Porter-Bindstore,1,Porter Bindstore
Porter-Boot Shop,1,Porter Boot Shop
Porter-Butcher,1,Porter Butcher
Porter-Butchers,1,Porter Butchers
Porter-Chemist,1,Porter Chemist
Porter-compositior,1,Porter compositior
Porter-Domestic,1,Porter Domestic
Porter-Domestic Servt,1,Porter Domestic Servt
Porter-Draper,1,Porter Draper
Porter-Egg Packer,1,Porter Egg Packer
Porter-Hatter,1,Porter Hatter
Porter-in Butter Market,1,Porter in Butter Market
Porter-in Shop,1,Porter in Shop
Porter-in Store,1,Porter in Store
Porter-Leather Shop,1,Porter Leather Shop
Porter-Merchant,1,Porter Merchant
Porter-Mineral W Factory,1,Porter Mineral W Factory
Porter-Publican,1,Porter Publican
Porter-Stationer,1,Porter Stationer
Porter-Sugar Store,1,Porter Sugar Store
Porter-Tea Warhouse,1,Porter Tea Warhouse
Porter-Warehouse,1,Porter Warehouse
Porter-Wine Merchant,1,Porter Wine Merchant
Porter-Yarn Mill Worker,1,Porter Yarn Mill Worker
Porther (Shop),1,Porther Shop
Portormaid-Domestic Servant,1,Portormaid Domestic Servant
Portrait - Artist,1,Portrait Artist
Portress (Dispensary),1,Portress Dispensary
Post - Master,1,Postmaster
Post Boy (G.P.O),1,Post Boy G.P.O
Post Boy (Omagh P. O),1,Post Boy Omagh P. O
Post Man-Rural Auxiliary,1,Post Man Rural Auxiliary
Post Man: Assurance Agent-Jewellery Agent,1,Post Man: Assurance Agent Jewellery Agent
Post Mistress (Hotel Keeper),1,Post Mistress Hotel Keeper
Post Office (Apprentice),1,Post Office Apprentice
Post Office (Clerk),1,Post Office Clerk
Post office (Sorting),1,Post office Sorting
Post Office Employee (Civil Service),1,Post Office Employee Civil Service
Post Office Official (Clerk),1,Post Office Official Clerk
Post Office Official (Pensioner),1,Post Office Official Pensioner
Post Office Service (Letter Carrier),1,Post Office Service Letter Carrier
Post Office Service (Telegraph Boy),1,Post Office Service Telegraph Boy
Post Office-Messenger,1,Post Office Messenger
Post Office-S. C. and T.,1,Post Office S. C. and T.
Post Officer-Telegraph-Clerk,1,Post Officer Telegraph Clerk
Post-Boy Letter Carrier,1,Post Boy Letter Carrier
Post-Carrier,1,Post Carrier
Post-Maid Domestic Srt.,1,Post Maid Domestic Srt.
Post-Man (Rural),1,Post Man Rural
Post-Man and General Labourer,1,Post Man and General Labourer
Post-Man Rural,1,Post Man Rural
Post-Man S.Ro,1,Post Man S.Ro
Post-Man Unemployed,1,Post Man Unemployed
Post-Man-Rural,1,Post Man Rural
Post-Misses,1,Post Misses
Post-Offfice Asst.,1,Post Offfice Asst.
Post-Office Messenger,1,Post Office Messenger
Post-Office Pensioner,1,Post Office Pensioner
Post-Office Sub Post Man,1,Post Office Sub Post Man
Post-Office Telegraphist,1,Post Office Telegraphist
Postal Clerk (Irish Speaker),1,Postal Clerk Irish Speaker
Postal Telegraph Dept Civil Servt (Retired),1,Postal Telegraph Dept Civil Servt Retired
Postal-Telegraph Asst,1,Postal Telegraph Asst
Postin Manufacturer- Master,1,Postin Manufacturer Master
Posting Business-Master,1,Posting Business Master
Postman (Local),1,Postman Local
Postman (Pensioner),1,Postman Pensioner
Postman (Post Officer),1,Postman Post Officer
Postman (Unemployed),1,Postman Unemployed
Postman - R. A.,1,Postman R. A.
Postman - Stamping,1,Postman Stamping
Postman-H. M. G. P. O,1,Postman H. M. G. P. O
Postman-Post Office,1,Postman Post Office
Postman-Rural Aux,1,Postman Rural Aux
Postmaster (Civil Servt),1,Postmaster Civil Servt
Postmaster (Post Office),1,Postmaster Post Office
Postmaster (Sub),1,Postmaster Sub
Postmaster and Carpenter Sub-Master,1,Postmaster and Carpenter Sub Master
Postmistress (Asst),1,Postmistress Asst
Postmistress (Unemployed),1,Postmistress Unemployed
Postmistress and Shop-Keeper,1,Postmistress and Shop Keeper
Postoffice (Clerk),1,Postoffice Clerk
Postoffice-Assistant,1,Postoffice Assistant
Potato-Vendor,1,Potato Vendor
Potter's-Son,1,Potter's Son
Potter-Apprentice,1,Potter Apprentice
Potter-Master,1,Potter Master
Pottler Loom Tuner (Woolen Factory),1,Pottler Loom Tuner Woolen Factory
Poulder's Labourer (Van),1,Poulder's Labourer Van
Poulterer (Excise),1,Poulterer Excise
Poultry - Dealer,1,Poultry Dealer
Poultry-Dealer,1,Poultry Dealer
Pound-Keeper,1,Pound Keeper
Poutry-Boy Domestic Servt,1,Poutry Boy Domestic Servt
Power - Loom Tunere,1,Power Loom Tunere
Power Loom - Turner,1,Power Loom Turner
Power Loom Manager - Unemployed,1,Power Loom Manager Unemployed
Power Loom Tenter (Linen Factory),1,Power Loom Tenter Linen Factory
Power Loom Tenter (Linen Weaver),1,Power Loom Tenter Linen Weaver
Power Loom Tuner (Woollen),1,Power Loom Tuner Woollen
Power-Loom Genter,1,Power Loom Genter
Power-Loom Tuner,1,Power Loom Tuner
Power-Loom Turner,1,Power Loom Turner
Power-Loom Weaver Cambric,1,Power Loom Weaver Cambric
Power-Loom Yarn Dresser,1,Power Loom Yarn Dresser
Powerloom Weaver (Linen),1,Powerloom Weaver Linen
Powerloom Weaver-Linen,1,Powerloom Weaver Linen
Practicing Barrister-at-Law,1,Practicing Barrister at Law
Practisied as Surgeon at Physician M D Bch Etc Univ Dub (T C D),1,Practisied as Surgeon at Physician M D Bch Etc Univ Dub T C D
Practitioner Medical (Doctor) Royal Colleges of Surgeon and Physician of Ireland,1,Practitioner Medical Doctor Royal Colleges of Surgeon and Physician of Ireland
Pre-Washer in Nitroglycerine Factory,1,Pre Washer in Nitroglycerine Factory
Prentice-Carpenter,1,Prentice Carpenter
Prepairer in Mill (Yarn),1,Prepairer in Mill Yarn
Preparer (Flax),1,Preparer Flax
Preparer (Spring Mill),1,Preparer Spring Mill
Preparer in Spinning Mill (Unemployed),1,Preparer in Spinning Mill Unemployed
Preparer Spinning (Flax Factory,1,Preparer Spinning Flax Factory
Preparer-Linen Mill,1,Preparer Linen Mill
Preparing Master (Linen Factory),1,Preparing Master Linen Factory
Preparing Master in Flax-Mill,1,Preparing Master in Flax Mill
Preparing Master Mill-Worker,1,Preparing Master Mill Worker
Preparing of Line (Railway),1,Preparing of Line Railway
Preparing Room (Drawer),1,Preparing Room Drawer
Prepering Master (Spinning Mill),1,Prepering Master Spinning Mill
Presb-Clergyman,1,Presb Clergyman
Presbyr-Minister,1,Presbyr Minister
Presbyterian Clergman (BA; RUI),1,Presbyterian Clergman BA; RUI
Presbyterian Clergyman B.A. (R.U.I.),1,Presbyterian Clergyman B.A. R.U.I.
Presbyterian Min? (Presbyterian Church in Ireland),1,Presbyterian Min? Presbyterian Church in Ireland
Presbyterian Minisiter (Retired),1,Presbyterian Minisiter Retired
Presbyterian Minister (Garlinon Chaplain),1,Presbyterian Minister Garlinon Chaplain
Presbyterian Minister (Gen Assembly),1,Presbyterian Minister Gen Assembly
Presbyterian Minister (Presbyterian Church in Ireland),1,Presbyterian Minister Presbyterian Church in Ireland
Presbyterian Minister B A: R.U.S (Farmer),1,Presbyterian Minister B A: R.U.S Farmer
Presbyterian Minister-B.A of A.U.I,1,Presbyterian Minister B.A of A.U.I
Presbyterian Minster (Retired),1,Presbyterian Minster Retired
Presbyterian Munster (Lieuntist),1,Presbyterian Munster Lieuntist
Presbyterian-Clergy Man,1,Presbyterian Clergy Man
President of College Member of Religions Order-Priest,1,President of College Member of Religions Order Priest
Press-Correspondent,1,Press Correspondent
Presser in Factory (Clothing),1,Presser in Factory Clothing
Presser-Clothing Factory Servant,1,Presser Clothing Factory Servant
Priceing Out (Ropework),1,Priceing Out Ropework
Priest (C C),1,Priest C C
Priest (Catholic Curate),1,Priest Catholic Curate
Priest (Curate),1,Priest Curate
Priest (Retired),1,Priest Retired
Priest Chh of Ireland-Curate,1,Priest Chh of Ireland Curate
Priest Chh of Ireland-Rector,1,Priest Chh of Ireland Rector
Priest of the Church of Ireland Bennet-Asst of Birr Parish B.A. T.C.D.,1,Priest of the Church of Ireland Bennet Asst of Birr Parish B.A. T.C.D.
Priest Rector of The Parish-Ch of Ired,1,Priest Rector of The Parish Ch of Ired
Priest-a Chaplain,1,Priest a Chaplain
Priest-Church of Inland,1,Priest Church of Inland
Priest-Church of Ireland,1,Priest Church of Ireland
Priest-Curate,1,Priest Curate
"Priest:- Rector of S.Matthew, Lisburn",1,"Priest: Rector of S.Matthew, Lisburn"
Prin Upol Clerk Means Revenue Department (Exise),1,Prin Upol Clerk Means Revenue Department Exise
Principal Clerk-Inland Revenue,1,Principal Clerk Inland Revenue
Principal Clerk-Secys Office G.P.O. Dublin,1,Principal Clerk Secys Office G.P.O. Dublin
Principal of Intermediate School B.Sc (London),1,Principal of Intermediate School B.Sc London
Principal Officer (Custom),1,Principal Officer Custom
Principal-Manager of the Above,1,Principal Manager of the Above
Print Works-Cloth Drier,1,Print Works Cloth Drier
Print-Block Cutter,1,Print Block Cutter
Printer (Comp) Retired,1,Printer Comp Retired
Printer (Compositer) and Trades Union Secretary,1,Printer Compositer and Trades Union Secretary
Printer (Compositor) (Unemployed),1,Printer Compositor Unemployed
Printer (Compositor) Journalist,1,Printer Compositor Journalist
Printer (Compositor) Lino Operator,1,Printer Compositor Lino Operator
Printer (Compr Apprentice),1,Printer Compr Apprentice
Printer (Embroidery),1,Printer Embroidery
Printer (Jobbing),1,Printer Jobbing
Printer (Lighto),1,Printer Lighto
Printer (Linen Operator),1,Printer Linen Operator
Printer (Litho),1,Printer Litho
Printer (Machineman),1,Printer Machineman
Printer (Master) and Publisher,1,Printer Master and Publisher
Printer (Master) and Stationer,1,Printer Master and Stationer
Printer (Master) and Stationer Undergraduate Royal Univercity Ireland,1,Printer Master and Stationer Undergraduate Royal Univercity Ireland
Printer (Newspaper Office),1,Printer Newspaper Office
Printer (Pressman),1,Printer Pressman
Printer (unemployed),1,Printer unemployed
Printer - Apprentice,1,Printer Apprentice
Printer - Calico,1,Printer Calico
Printer - Combositor Unemployed,1,Printer Combositor Unemployed
Printer - Compositior,1,Printer Compositior
Printer - Compositor Unemployed,1,Printer Compositor Unemployed
Printer - Compsitor,1,Printer Compsitor
Printer - Line Operator,1,Printer Line Operator
Printer - Linetype Operator,1,Printer Linetype Operator
Printer - Linotype Operater,1,Printer Linotype Operater
Printer - Linotypist,1,Printer Linotypist
Printer - Machine Assistant,1,Printer Machine Assistant
Printer - Manager,1,Printer Manager
Printer - Reader,1,Printer Reader
Printer - Reader on News Paper,1,Printer Reader on News Paper
Printer - Retired,1,Printer Retired
Printer - Steres Typer,1,Printer Steres Typer
Printer and Publisher-Master,1,Printer and Publisher Master
Printer and Stationer (Master),1,Printer and Stationer Master
Printer and Stationer-Master,1,Printer and Stationer Master
Printer Compositor (Unemployed),1,Printer Compositor Unemployed
Printer Machine-Man,1,Printer Machine Man
Printer Machinest (Foreman),1,Printer Machinest Foreman
Printer Proof reader (Unemployed),1,Printer Proof reader Unemployed
Printer's Reader (Unemployed),1,Printer's Reader Unemployed
Printer-Bookbinder,1,Printer Bookbinder
Printer-Clerk,1,Printer Clerk
Printer-Com Machinist and c,1,Printer Com Machinist and c
Printer-Comp-Unemployed,1,Printer Comp Unemployed
Printer-Compisitor,1,Printer Compisitor
Printer-Compoistor,1,Printer Compoistor
Printer-Comporiter,1,Printer Comporiter
Printer-Compositer-Apprentice,1,Printer Compositer Apprentice
Printer-Composition,1,Printer Composition
Printer-Compositor Superannuated,1,Printer Compositor Superannuated
Printer-Compositor Tamover at Care,1,Printer Compositor Tamover at Care
Printer-Compositor's Apprentice,1,Printer Compositor's Apprentice
"Printer-Compositor, Unemployed",1,"Printer Compositor, Unemployed"
Printer-Compositor-Linetype Machine,1,Printer Compositor Linetype Machine
Printer-Compositors,1,Printer Compositors
Printer-Compositors Office,1,Printer Compositors Office
Printer-Compost,1,Printer Compost
Printer-Compostter,1,Printer Compostter
Printer-Compsitor,1,Printer Compsitor
Printer-Copositor,1,Printer Copositor
Printer-Copper Plate,1,Printer Copper Plate
Printer-Copper Plate Superintendent,1,Printer Copper Plate Superintendent
Printer-Corpenter,1,Printer Corpenter
Printer-Employer,1,Printer Employer
Printer-Finstype Operator,1,Printer Finstype Operator
Printer-Fireman,1,Printer Fireman
Printer-General,1,Printer General
Printer-Lab Foreman,1,Printer Lab Foreman
Printer-Labourer,1,Printer Labourer
Printer-Lenstype Operator,1,Printer Lenstype Operator
Printer-Letterpress (Machineman),1,Printer Letterpress Machineman
Printer-Line-Operator,1,Printer Line Operator
Printer-Linetype Operator,1,Printer Linetype Operator
Printer-Lino Opertor,1,Printer Lino Opertor
Printer-Linotype Operater,1,Printer Linotype Operater
Printer-Linotypes Operator,1,Printer Linotypes Operator
Printer-Litho (Unemployed) Farmer,1,Printer Litho Unemployed Farmer
Printer-Lithographer,1,Printer Lithographer
Printer-Litto,1,Printer Litto
Printer-Lynotype Operator,1,Printer Lynotype Operator
Printer-Machanist,1,Printer Machanist
Printer-Machine Dept,1,Printer Machine Dept
Printer-Machine Minder,1,Printer Machine Minder
Printer-Machine Printer Unemployed,1,Printer Machine Printer Unemployed
Printer-Machine-Man,1,Printer Machine Man
Printer-Machineman at Gen,1,Printer Machineman at Gen
Printer-Machinist Unemployed,1,Printer Machinist Unemployed
Printer-Master Bookseller and Stationer,1,Printer Master Bookseller and Stationer
Printer-Master Bookseller Musicseller,1,Printer Master Bookseller Musicseller
"Printer-Master, B A. (R. U. I)",1,"Printer Master, B A. R. U. I"
Printer-Press,1,Printer Press
Printer-Proof reader,1,Printer Proof reader
Printer-Proof-Reader,1,Printer Proof Reader
Printer-reader,1,Printer reader
Printer-Reader,1,Printer Reader
Printer-Reader and Compositor,1,Printer Reader and Compositor
Printer-Sleredtyper,1,Printer Sleredtyper
Printer-Stamper,1,Printer Stamper
Printer-Stereo Typer,1,Printer Stereo Typer
Printer-Stereotyper,1,Printer Stereotyper
Printer-Working,1,Printer Working
Printer-Works Manager,1,Printer Works Manager
Printer.-Lithograper,1,Printer. Lithograper
Printers Book - Keeper,1,Printers Book Keeper
Printers-Book Folder,1,Printers Book Folder
Printers-Calico,1,Printers Calico
Printers-Compositer,1,Printers Compositer
Printers-Warehouseman,1,Printers Warehouseman
Printing (Machineman),1,Printing Machineman
Printing and Stationery-Assistant,1,Printing and Stationery Assistant
Printing-Overseer,1,Printing Overseer
Printing-Paper,1,Printing Paper
Prison-Warder,1,Prison Warder
Prisst-Curate,1,Prisst Curate
Priter-Compositor,1,Priter Compositor
Private (Corporation Stock),1,Private Corporation Stock
Private (Ground Rent),1,Private Ground Rent
Private (Income as Above),1,Private Income as Above
Private (R.D.F) Soldier,1,Private R.D.F Soldier
Private - Presedent,1,Private Presedent
Private 2nd Bate Lenister Regt (on Furlough),1,Private 2nd Bate Lenister Regt on Furlough
Private 5 Batt. Royal Irish Regiment (Militea),1,Private 5 Batt. Royal Irish Regiment Militea
Private Clerk in Laundry-also Organist,1,Private Clerk in Laundry also Organist
Private Day-School Teacher,1,Private Day School Teacher
Private Dwelling (Nor Calling),1,Private Dwelling Nor Calling
Private Gentleman (House Property),1,Private Gentleman House Property
Private Hotel - Keeper,1,Private Hotel Keeper
Private in 7th Dragoon Guards (on Curlough),1,Private in 7th Dragoon Guards on Curlough
Private Income-Annuity,1,Private Income Annuity
Private Means (County Council Office),1,Private Means County Council Office
Private Means (Retired Farmer),1,Private Means Retired Farmer
Private Means-Annuitie,1,Private Means Annuitie
Private Means-Houses and c,1,Private Means Houses and c
Private S-Inspector,1,Private S Inspector
Private Soldier (Infantry),1,Private Soldier Infantry
Private Soldier Cavby (7th Huss),1,Private Soldier Cavby 7th Huss
Private Soldier Pensioned (for life) Royal Irish Rifles,1,Private Soldier Pensioned for life Royal Irish Rifles
Private Soldier Royal Reserve (Kings Royal Rifles),1,Private Soldier Royal Reserve Kings Royal Rifles
Private Teacher (Elementary),1,Private Teacher Elementary
Private Tuition (Scholar),1,Private Tuition Scholar
"Private, Army (2nd Batt D Fusilier)",1,"Private, Army 2nd Batt D Fusilier"
Private-4 th Bat R.I. Regiment,1,Private 4 th Bat R.I. Regiment
Private-R. Artilly,1,Private R. Artilly
Private-Regt Army,1,Private Regt Army
Privite - Dividens,1,Privite Dividens
Probationer-Nurse,1,Probationer Nurse
Procers-Block Maker,1,Procers Block Maker
Process-Photographer,1,Process Photographer
Process-Server and Farmer,1,Process Server and Farmer
Produce Insurance Agent- (Wine),1,Produce Insurance Agent Wine
"Prof. of Modern Languages Qudas (M.Ph.D., D.Lit H.M.C.S.)",1,"Prof. of Modern Languages Qudas M.Ph.D., D.Lit H.M.C.S."
Prof. of Natural Philosgraphy M.A.F.R.U.l. B.A. (Aaon),1,Prof. of Natural Philosgraphy M.A.F.R.U.l. B.A. Aaon
Professed Cook-Domestic Servant,1,Professed Cook Domestic Servant
Professer Anatomy T C D M D L L D D l H F R S (Edin) ( St And) (Oxpro),1,Professer Anatomy T C D M D L L D D l H F R S Edin St And Oxpro
Profession (C. Clerk) in Paper Shop,1,Profession C. Clerk in Paper Shop
Profession of Medicine (General Practitionce),1,Profession of Medicine General Practitionce
Professional (Artist Model),1,Professional Artist Model
Professional Nurse (Certificated Midwife),1,Professional Nurse Certificated Midwife
Professional-Nurse,1,Professional Nurse
Professor (B.A.R.U.S) Languages and Mathematics,1,Professor B.A.R.U.S Languages and Mathematics
Professor (Eng and Mathems),1,Professor Eng and Mathems
Professor (French),1,Professor French
Professor (Head),1,Professor Head
Professor (Mathematics),1,Professor Mathematics
Professor of Ancient China (B. A),1,Professor of Ancient China B. A
Professor of Celtic Member of Relion Order-Priest,1,Professor of Celtic Member of Relion Order Priest
Professor of Chemistry L R C S I-F R C P I-F I C,1,Professor of Chemistry L R C S I F R C P I F I C
Professor of Classics B.A. (R.U.I.),1,Professor of Classics B.A. R.U.I.
Professor of Classics Member of Religion Order-Priest,1,Professor of Classics Member of Religion Order Priest
Professor of English Member of Religion Order-Priest,1,Professor of English Member of Religion Order Priest
Professor of Mathematic Member of Religion Order-Classics,1,Professor of Mathematic Member of Religion Order Classics
Professor of Mathematics M.A. (Lond) Sc.D. (Count),1,Professor of Mathematics M.A. Lond Sc.D. Count
Professor of Mod Languages Member of Religion Order-Priest,1,Professor of Mod Languages Member of Religion Order Priest
Professor of Music (singing),1,Professor of Music singing
"Professor of Music A Mus, - Victoria College of Music London",1,"Professor of Music A Mus, Victoria College of Music London"
"Professor of Shorthand, Journalist and Author Member of Institute of Journalist Member of Soc. of Authors (Both Incorporated)",1,"Professor of Shorthand, Journalist and Author Member of Institute of Journalist Member of Soc. of Authors Both Incorporated"
Professor R C (Clergyman),1,Professor R C Clergyman
Professor-Classico and c Mathamatics,1,Professor Classico and c Mathamatics
Professor-Languages Mathematics,1,Professor Languages Mathematics
Professor-Mathematics,1,Professor Mathematics
Professor-Music,1,Professor Music
Proofreader-Newspaper,1,Proofreader Newspaper
Property (Land),1,Property Land
Property - Owner,1,Property Owner
Property-Repairer,1,Property Repairer
Proprietor (Cafe),1,Proprietor Cafe
Proprietress-Temperance Hotel,1,Proprietress Temperance Hotel
Prov. S.C and J (P.O. Clerk),1,Prov. S.C and J P.O. Clerk
Prover-Cattle,1,Prover Cattle
Provision - Dealer,1,Provision Dealer
Provision Merchant and (General Undertaker),1,Provision Merchant and General Undertaker
Provision Merchant-J P,1,Provision Merchant J P
Provision S C and J (P.o. Clerk),1,Provision S C and J P.o. Clerk
Provision Shop - Assistant,1,Provision Shop Assistant
Provision Shop - Keeper,1,Provision Shop Keeper
Provision Trade Book-Keeper,1,Provision Trade Book Keeper
Provision Worker (Pork Cuter),1,Provision Worker Pork Cuter
Provision-Man,1,Provision Man
Provision-Servant,1,Provision Servant
Provisions-Manageress,1,Provisions Manageress
Provl Clerk in Chge (G.P.O),1,Provl Clerk in Chge G.P.O
Pte Soldier Furlough (Leinster Regt),1,Pte Soldier Furlough Leinster Regt
Public House shop-Keeper,1,Public House shop Keeper
Public Nurse (Porter),1,Public Nurse Porter
Public Official (Law),1,Public Official Law
Public Official-Assist. Commr. Intermediate Education,1,Public Official Assist. Commr. Intermediate Education
Public Service (Feeding Stuggs),1,Public Service Feeding Stuggs
Public Teacher (Law),1,Public Teacher Law
Public Works Engine-Driver,1,Public Works Engine Driver
Public Writer - Gen Lit and Politics Farmer,1,Public Writer Gen Lit and Politics Farmer
Public-House Shop Assistant,1,Public House Shop Assistant
Publican (R I C Pensioner),1,Publican R I C Pensioner
Publican and (Farmer),1,Publican and Farmer
Publican and Shopkeeper (In Grocery Business),1,Publican and Shopkeeper In Grocery Business
Publican Farmer and (General Merchant),1,Publican Farmer and General Merchant
Publican-Grocer-Farmer,1,Publican Grocer Farmer
Publicans assistant,1,Publican's Assistant
Publicans wife,1,Publican's Wife
Publicans-Manager,1,Publicans Manager
Publichouse Bar-man,1,Publichouse Bar man
Publisher and Bookseller's (Manager),1,Publisher and Bookseller's Manager
Pump Sinker-Labourer,1,Pump Sinker Labourer
Pump-Borer,1,Pump Borer
Pupil Engineer (Locomotic),1,Pupil Engineer Locomotic
Pupil Teacher (Monitor),1,Pupil Teacher Monitor
Pupil Teacher (N.S.),1,Pupil Teacher N.S.
Pupil Teacher (Ord),1,Pupil Teacher Ord
Pupil Teacher-Modd School,1,Pupil Teacher Modd School
Purveyor - Milk,1,Purveyor Milk
Q Mr Sergt-Soldier 3rd R.I.R,1,Q Mr Sergt Soldier 3rd R.I.R
Q. Scholar (Student),1,Q. Scholar Student
Qualfied L-Nurse,1,Qualfied L Nurse
Quarry (Labourer),1,Quarry Labourer
Quarry-Boy,1,Quarry Boy
Quarry-Man-Flags,1,Quarry Man Flags
Quarry-Mans Labourer,1,Quarry Mans Labourer
Quarryman (Slate),1,Quarryman Slate
Quarryman-Army Res,1,Quarryman Army Res
Quarryman-Laborer,1,Quarryman Laborer
Quarter Master and Hon Lieut. 2/R ? (Active List),1,Quarter Master and Hon Lieut. 2/R ? Active List
Quartermaster Infantry-Active List,1,Quartermaster Infantry Active List
Quartermaster-Sergeant Infantry,1,Quartermaster Sergeant Infantry
Quay labour,1,Quay Labourer
Quay Labourer (unemployed),1,Quay Labourer unemployed
Quay Labourer (Unemployed),1,Quay Labourer Unemployed
R Cath-Clergyman,1,R Cath Clergyman
R Catholic Curate (Retired),1,R Catholic Curate Retired
R I C (Superannuate) Clerk in Creamery,1,R I C Superannuate Clerk in Creamery
R I C Servant Cook-Domestic,1,R I C Servant Cook Domestic
R I C-Pnsooner,1,R I C Pnsooner
R I Clergyman (Curate),1,R I Clergyman Curate
R I Constabulary Pensioner-No Occupation,1,R I Constabulary Pensioner No Occupation
R I Constaby-Sergt,1,R I Constaby Sergt
R M Driver (Royal Mail Car),1,R M Driver Royal Mail Car
R Ticket-Checker,1,R Ticket Checker
R. I. C (Constable),1,R. I. C Constable
R. I. C. (Constable),1,R. I. C. Constable
R. I. C. -Compositor,1,R. I. C. Compositor
R. I. C. Pensioner (Ex Constable),1,R. I. C. Pensioner Ex Constable
R. Letter-Carrier,1,R. Letter Carrier
R.C. Clergyman (C.C),1,R.C. Clergyman C.C
R.C. Clergyman (Curate),1,R.C. Clergyman Curate
R.C. Clergyman-Curate,1,R.C. Clergyman Curate
R.C. Priest-Curate,1,R.C. Priest Curate
R.C.Clergyman (Adm.of Parish),1,R.C.Clergyman Adm.of Parish
R.C.Clergyman (Curate),1,R.C.Clergyman Curate
R.C.Clergyman (For Church of Crock),1,R.C.Clergyman For Church of Crock
R.E. Office Keeper Pensioner-R.E,1,R.E. Office Keeper Pensioner R.E
R.I. (Ex Constable) Constabulary Pensioner,1,R.I. Ex Constable Constabulary Pensioner
R.I. Rifles (Melitia),1,R.I. Rifles Melitia
R.I.C Pensioner and Steward (Land),1,R.I.C Pensioner and Steward Land
R.I.C-Pensioner,1,R.I.C Pensioner
R.I.C. (Const),1,R.I.C. Const
R.I.C. Pensioner (and) Farmer,1,R.I.C. Pensioner and Farmer
R.I.C. Pensioner (Ex Coast),1,R.I.C. Pensioner Ex Coast
R.I.C. Pensioner (Sergt) and Clerk at Brick Works,1,R.I.C. Pensioner Sergt and Clerk at Brick Works
R.I.C. Pensioner-Constable,1,R.I.C. Pensioner Constable
R.I.C. Pensioner-Ry Watchman,1,R.I.C. Pensioner Ry Watchman
R.I.C. Policeman (Const),1,R.I.C. Policeman Const
Rag-Picker,1,Rag Picker
Rail Lager-M.G.W. Railway,1,Rail Lager M.G.W. Railway
Rail-Road Labourer,1,Rail Road Labourer
Rail-way Labourer,1,Rail way Labourer
Railroad Clerk (Retired),1,Railroad Clerk Retired
Railway (Ast) Stn Master,1,Railway Ast Stn Master
Railway (Common Carrier),1,Railway Common Carrier
Railway (Milesman),1,Railway Milesman
Railway (Platform) Porter,1,Railway Platform Porter
Railway (Porter),1,Railway Porter
Railway (Station Master) (Gt. North Railway),1,Railway Station Master Gt. North Railway
Railway - Guard,1,Railway Guard
Railway - Milesman,1,Railway Milesman
Railway - Navvy,1,Railway Navvy
Railway - Porter,1,Railway Porter
Railway Accountant (assistant),1,Railway Accountant assistant
Railway at Engineer (at Work),1,Railway at Engineer at Work
Railway Body-Maker Coach,1,Railway Body Maker Coach
Railway Clerk (Retired),1,Railway Clerk Retired
Railway Coach at Works (Trimmer),1,Railway Coach at Works Trimmer
Railway Coach Builder (Foreman),1,Railway Coach Builder Foreman
Railway Employe G S and W R (Signal man),1,Railway Employe G S and W R Signal man
Railway Engine-(Driver),1,Railway Engine Driver
Railway Engine-Cleaner,1,Railway Engine Cleaner
Railway Engineer-Driver,1,Railway Engineer Driver
Railway Foreman (Shunter),1,Railway Foreman Shunter
Railway Ganger in Railway (G.N.R),1,Railway Ganger in Railway G.N.R
Railway Gate-Man,1,Railway Gate Man
Railway Gateman and Army Pensioner (R A),1,Railway Gateman and Army Pensioner R A
Railway Guard (Retired),1,Railway Guard Retired
Railway Guard (Unemployed),1,Railway Guard Unemployed
Railway Hd-Porter,1,Railway Hd Porter
Railway Inspector (Retired},1,Railway Inspector Retired}
Railway Labourer (Miles Man),1,Railway Labourer Miles Man
Railway Labourer (Milesman),1,Railway Labourer Milesman
Railway Labourer (Navy),1,Railway Labourer Navy
Railway Labourer-Unemployed,1,Railway Labourer Unemployed
Railway Lines-Man,1,Railway Lines Man
Railway Man (Gateman),1,Railway Man Gateman
Railway Man (Shunter at Ry Station),1,Railway Man Shunter at Ry Station
Railway Man-Iron Works,1,Railway Man Iron Works
Railway Mile's-Man,1,Railway Mile's Man
Railway Navvy-Farmer,1,Railway Navvy Farmer
Railway Official (Clerk in Loco. Dept),1,Railway Official Clerk in Loco. Dept
Railway Official (Ganger),1,Railway Official Ganger
Railway Official (Policeman),1,Railway Official Policeman
Railway Official (Retired),1,Railway Official Retired
Railway Official (Station Master),1,Railway Official Station Master
Railway Official (Stationmaster),1,Railway Official Stationmaster
Railway Official (Superintendent),1,Railway Official Superintendent
Railway Porter (Goods),1,Railway Porter Goods
Railway Porter (Head),1,Railway Porter Head
Railway Porter - Head,1,Railway Porter Head
Railway Registrar Gt from Ry (I),1,Railway Registrar Gt from Ry I
Railway Servant (Clerk),1,Railway Servant Clerk
Railway Servant (Gateman),1,Railway Servant Gateman
Railway Servant (Labourer),1,Railway Servant Labourer
Railway Servant (Miles Man),1,Railway Servant Miles Man
Railway Servant (or Miles Ganger),1,Railway Servant or Miles Ganger
Railway Servant (Porter),1,Railway Servant Porter
Railway Servant (Station Master),1,Railway Servant Station Master
Railway Servant Miles-Man,1,Railway Servant Miles Man
Railway Servant-Gatekeeper,1,Railway Servant Gatekeeper
Railway Signalman (Gt. North Railway),1,Railway Signalman Gt. North Railway
Railway Station - Master,1,Railway Stationmaster
Railway Station master,1,Railway Stationmaster
Railway Ticket - Collector,1,Railway Ticket Collector
Railway Tkt-Collector,1,Railway Tkt Collector
Railway-Boy,1,Railway Boy
Railway-Engine Fitter,1,Railway Engine Fitter
Railway-Inspector,1,Railway Inspector
Railway-Man,1,Railway Man
Railway-Mileman,1,Railway Mileman
Railway-Miles-Man,1,Railway Miles Man
Railway-Milesman,1,Railway Milesman
Railway-Official,1,Railway Official
Railway-Plate Layer,1,Railway Plate Layer
Railway-Platlayer,1,Railway Platlayer
Railway-Sevant,1,Railway Sevant
Railway-Signalman,1,Railway Signalman
Railway-Station Master,1,Railway Stationmaster
Railway-Store Keeper,1,Railway Store Keeper
Railway-Surface Man,1,Railway Surface Man
Raily Servant (Shunter),1,Raily Servant Shunter
Raily-Porter,1,Raily Porter
Raly-Engine Driver,1,Raly Engine Driver
Ranch (Stock),1,Ranch Stock
Rancher-N.S.A.,1,Rancher N.S.A.
Range - Setter,1,Range Setter
Rank - K. C. B Charge D Affaires in H. M. Diplomatic Service,1,Rank K. C. B Charge D Affaires in H. M. Diplomatic Service
Rank-Farmer Occupation and Literary (Poetry and Novel-Writting),1,Rank Farmer Occupation and Literary Poetry and Novel Writting
RC Priest,1,Roman Catholic Priest
Re-toucher,1,Re toucher
Reader (Press),1,Reader Press
Reader-Press,1,Reader Press
Ready-Made Cutter Unemployed,1,Ready Made Cutter Unemployed
Realer (Linen),1,Realer Linen
Realer (Yarn Mill),1,Realer Yarn Mill
Realler (Flax),1,Realler Flax
Receives Annuity from Money Invested in Corporation-Board,1,Receives Annuity from Money Invested in Corporation Board
Receving Outdoor Relief from Poor Law-Union,1,Receving Outdoor Relief from Poor Law Union
Rectifier (Cordials),1,Rectifier Cordials
Rectifier and Manager-Wine Trade,1,Rectifier and Manager Wine Trade
Rector (Church of Ireland),1,Rector Church of Ireland
Rector - Church of Ireland,1,Rector Church of Ireland
Rector - St Luke's Dublin,1,Rector St Luke's Dublin
Rector Domestic (Servant),1,Rector Domestic Servant
Rector of Ballymoney Church of Ireland Master of Arts-Dublin University-Trinity Coll Dublin,1,Rector of Ballymoney Church of Ireland Master of Arts Dublin University Trinity Coll Dublin
"Rector of Birr, Ch of Ireland Canon-D. D.",1,"Rector of Birr, Ch of Ireland Canon D. D."
Rector of Duntant Parish Church-Church of Ireland,1,Rector of Duntant Parish Church Church of Ireland
Rector of Temple Cape Panish (Ch. of Ireland),1,Rector of Temple Cape Panish Ch. of Ireland
Rector-Ch of Ireland,1,Rector Ch of Ireland
Red and Sister (not Practising),1,Red and Sister not Practising
Red-Confectioner,1,Red Confectioner
Reelar (Linen),1,Reelar Linen
Reelar (Mill),1,Reelar Mill
Reelar-(Flax Mill),1,Reelar Flax Mill
Reelar-Yarn,1,Reelar Yarn
Reeler (Flax,1,Reeler Flax
Reeler (Flax Mill),1,Reeler Flax Mill
Reeler (Flax) Unemployed,1,Reeler Flax Unemployed
Reeler (Flax-Spinning Mill),1,Reeler Flax Spinning Mill
Reeler (In Mill),1,Reeler In Mill
Reeler (Linen Factory),1,Reeler Linen Factory
Reeler (Out of Employ),1,Reeler Out of Employ
Reeler (Paper),1,Reeler Paper
Reeler (Spring Mill),1,Reeler Spring Mill
Reeler (Twist),1,Reeler Twist
Reeler - Spinning Yarn Mill,1,Reeler Spinning Yarn Mill
Reeler in Mill (Linen),1,Reeler in Mill Linen
Reeler in Mill (Yarn),1,Reeler in Mill Yarn
Reeler in Rope Factory (Unemployed),1,Reeler in Rope Factory Unemployed
Reeler in Spining Mill - Worker,1,Reeler in Spining Mill Worker
Reeler in Spinning Flax (Factory,1,Reeler in Spinning Flax Factory
Reeler in Spinning Mill (Flax,1,Reeler in Spinning Mill Flax
Reeler-Flax Mill,1,Reeler Flax Mill
Reeler-Linen Spining Factory,1,Reeler Linen Spining Factory
Reeler-Linen Spinning Factory,1,Reeler Linen Spinning Factory
Reeler-Linen Weaving,1,Reeler Linen Weaving
Reeler-Linen Yarn,1,Reeler Linen Yarn
Reeler-Spinning Mill,1,Reeler Spinning Mill
Reeler-Unemployed,1,Reeler Unemployed
Reeler-Yarn,1,Reeler Yarn
Reelers (Linen Mill),1,Reelers Linen Mill
Reelers-Flax Mill,1,Reelers Flax Mill
Reelers-Linen,1,Reelers Linen
Reeling (in Mill),1,Reeling in Mill
Reeling Mistress (Flax Mill),1,Reeling Mistress Flax Mill
Reeling-Linen,1,Reeling Linen
Refectory Maid-Domestic Servant,1,Refectory Maid Domestic Servant
Refreshment-House Keeper,1,Refreshment House Keeper
Regd-Druggist,1,Regd Druggist
Reginent a Foot (Pensioner) 50 Ld,1,Reginent a Foot Pensioner 50 Ld
Registrar Land Judges Court and Barrister at Law (Not in Practice),1,Registrar Land Judges Court and Barrister at Law Not in Practice
Registration Agent (Vote),1,Registration Agent Vote
Reid-Maker,1,Reid Maker
Relear (Linen),1,Relear Linen
Reler Out (in Belfast Ropeworks),1,Reler Out in Belfast Ropeworks
Religious (Robice),1,Religious Robice
Reliqsuse (Nun),1,Reliqsuse Nun
Reller (Fam),1,Reller Fam
Reller (Yarn) in Mill,1,Reller Yarn in Mill
Rent Agent B I C (Vict),1,Rent Agent B I C Vict
Rent Warner and Game-Kpr,1,Rent Warner and Game Kpr
Rent Warner Etc Ex - Sergeant of R I C,1,Rent Warner Etc Ex Sergeant of R I C
"Rent-Warrer Summons-Server, and Pound Keeper",1,"Rent Warrer Summons Server, and Pound Keeper"
Rental Clerk (Gas),1,Rental Clerk Gas
Reporter (Press),1,Reporter Press
Reporter (Unemployed),1,Reporter Unemployed
Reporter-Compositer,1,Reporter Compositer
Reporter-Newspaper,1,Reporter Newspaper
Resident Magistrate Bar-at-Law Not Practicing,1,Resident Magistrate Bar at Law Not Practicing
Resident-Magistrate,1,Resident Magistrate
Resident-Secretary Life Assurance,1,Resident Secretary Life Assurance
Restaurant - Assistant,1,Restaurant Assistant
Restaurant-Superintent,1,Restaurant Superintent
Resturant-Manager,1,Resturant Manager
Ret Major-Land Commr,1,Ret Major Land Commr
Retd American-Domestic Labourer,1,Retd American Domestic Labourer
Retd-Army Officer,1,Retd Army Officer
Retd-Const R I C and Farmer,1,Retd Const R I C and Farmer
Retd-Ry Labourer,1,Retd Ry Labourer
Retd: Lt Colonel West India Ryl (Resine of Officers),1,Retd: Lt Colonel West India Ryl Resine of Officers
Reter-Officer of H.M. Customs,1,Reter Officer of H.M. Customs
Retired (Annuity),1,Retired Annuity
Retired (Army Pensioner) Postman,1,Retired Army Pensioner Postman
Retired (Contractor),1,Retired Contractor
Retired (D.I. Constabulary),1,Retired D.I. Constabulary
Retired (Farmer),1,Retired Farmer
Retired (Grocer),1,Retired Grocer
Retired (Mercantile),1,Retired Mercantile
Retired (R I C),1,Retired R I C
Retired - Builder,1,Retired Builder
Retired - Clerk and Registrer of the County Court of the Co Kerry,1,Retired Clerk and Registrer of the County Court of the Co Kerry
Retired - Cooper,1,Retired Cooper
Retired - Domestic Servant,1,Retired Domestic Servant
Retired - Electro Rate Manufr,1,Retired Electro Rate Manufr
Retired - General Servant Domestic,1,Retired General Servant Domestic
Retired - General Svt Domt,1,Retired General Svt Domt
Retired - Living on House Property and C,1,Retired Living on House Property and C
Retired - Servant,1,Retired Servant
Retired Agr. Labourer (Gets Out-Door Relief),1,Retired Agr. Labourer Gets Out Door Relief
Retired Agrcl-Labourer,1,Retired Agrcl Labourer
Retired Agricl-Labourer,1,Retired Agricl Labourer
Retired Agrl-Labourer,1,Retired Agrl Labourer
Retired Ar-Master Royal Irish Rifles,1,Retired Ar Master Royal Irish Rifles
Retired Army Sergeant (Pensioner),1,Retired Army Sergeant Pensioner
Retired Artist (Designer),1,Retired Artist Designer
Retired Bleacher of Yarn (Linen),1,Retired Bleacher of Yarn Linen
Retired Boot-Shop Keeper,1,Retired Boot Shop Keeper
Retired Br-Bank Manager,1,Retired Br Bank Manager
Retired Bread-Server,1,Retired Bread Server
Retired C B in Charge H M Coast-Guard,1,Retired C B in Charge H M Coast Guard
Retired C.P.(G.P.Q) and Farmer,1,Retired C.P.G.P.Q and Farmer
Retired Car - Man,1,Retired Car Man
Retired Cattle-Dealer,1,Retired Cattle Dealer
Retired Civil Servant (Board of Works),1,Retired Civil Servant Board of Works
Retired Civil Servant (Inland Revenue),1,Retired Civil Servant Inland Revenue
Retired Civil Servant (Not employed),1,Retired Civil Servant Not employed
Retired Civil Servant (Postal Order Dept),1,Retired Civil Servant Postal Order Dept
Retired Civil Servant Super (Postel Dept),1,Retired Civil Servant Super Postel Dept
Retired Clerk (Linen Trade),1,Retired Clerk Linen Trade
Retired Clerk-Brewers,1,Retired Clerk Brewers
Retired Coach-Man,1,Retired Coach Man
Retired Coachman (Domestic Servant),1,Retired Coachman Domestic Servant
Retired Coachman-Domestic,1,Retired Coachman Domestic
Retired Constaby-Officer,1,Retired Constaby Officer
Retired Cook (Domestic Servant),1,Retired Cook Domestic Servant
Retired Cook - Domestic Servant,1,Retired Cook Domestic Servant
Retired D-Servant,1,Retired D Servant
Retired Dom-Servt,1,Retired Dom Servt
Retired Domest-Servant,1,Retired Domest Servant
Retired Domestic Servant-Living on Interest of (Money),1,Retired Domestic Servant Living on Interest of Money
Retired Domestic-Servant,1,Retired Domestic Servant
Retired Engineer (Navy),1,Retired Engineer Navy
Retired Farm Servant (Domestic),1,Retired Farm Servant Domestic
Retired Farm-Labourer,1,Retired Farm Labourer
Retired Farm-Servant,1,Retired Farm Servant
Retired Farmer (Evicted),1,Retired Farmer Evicted
Retired Farmers (Wife),1,Retired Farmers Wife
Retired Forag-Dealer,1,Retired Forag Dealer
Retired Foreman (on Brewrey),1,Retired Foreman on Brewrey
Retired Forewoman (Shirt),1,Retired Forewoman Shirt
Retired from (Farm Business),1,Retired from Farm Business
Retired Genel. Servt.-Domestic,1,Retired Genel. Servt. Domestic
Retired Genl Sevt (Domestic),1,Retired Genl Sevt Domestic
Retired Gerl. Servt.-Domestic,1,Retired Gerl. Servt. Domestic
Retired Government Office (Customs),1,Retired Government Office Customs
Retired Govnt-Official,1,Retired Govnt Official
Retired Greenman (Dyeing and Bleaching Works),1,Retired Greenman Dyeing and Bleaching Works
Retired H. Con. R.I.C. Baker and Confectioner-Master,1,Retired H. Con. R.I.C. Baker and Confectioner Master
Retired Harness-Maker,1,Retired Harness Maker
Retired Head Constable R.I.C. (Pensioner),1,Retired Head Constable R.I.C. Pensioner
Retired Head-Const R I Consty,1,Retired Head Const R I Consty
Retired Head-Constable Royal Irish Constabulary,1,Retired Head Constable Royal Irish Constabulary
Retired Housemaid (Domestic Servant),1,Retired Housemaid Domestic Servant
Retired Hunter - Compositor,1,Retired Hunter Compositor
Retired Indian Civil Servant-I P,1,Retired Indian Civil Servant I P
Retired Inspector of Natl. Schools M.A. (Glasgow U.),1,Retired Inspector of Natl. Schools M.A. Glasgow U.
Retired Inspetor of D M Police-Pensioner,1,Retired Inspetor of D M Police Pensioner
Retired Irish Lights - Department Chief Keeper,1,Retired Irish Lights Department Chief Keeper
Retired L-Steward,1,Retired L Steward
Retired Lady (Housekeeper),1,Retired Lady Housekeeper
Retired Land-Agent,1,Retired Land Agent
Retired Land-Contractor,1,Retired Land Contractor
Retired Letter Carrier (Pensioner),1,Retired Letter Carrier Pensioner
Retired Lt-5th-Fusilier,1,Retired Lt 5th Fusilier
Retired Major Militia Private Means (Dividends),1,Retired Major Militia Private Means Dividends
Retired Manager (W'Sale Provision),1,Retired Manager W'Sale Provision
Retired Mariner (Caffern),1,Retired Mariner Caffern
Retired Master-Mariner,1,Retired Master Mariner
Retired Matron (Assylwn),1,Retired Matron Assylwn
Retired Merchant (Building Materials),1,Retired Merchant Building Materials
Retired Merchant (Grocer),1,Retired Merchant Grocer
Retired Merchant (Watchmaker),1,Retired Merchant Watchmaker
Retired Mill-Manager,1,Retired Mill Manager
Retired Mill-Owner,1,Retired Mill Owner
Retired Mill-Worker (Pensioner),1,Retired Mill Worker Pensioner
Retired Milliner Income from Friends (Chiefly) and Sheils Institution Stillorgan,1,Retired Milliner Income from Friends Chiefly and Sheils Institution Stillorgan
Retired Minister (Moravian Church),1,Retired Minister Moravian Church
Retired National-Teacher,1,Retired National Teacher
Retired Natl Teacher (Ord),1,Retired Natl Teacher Ord
Retired Natl Teacher-Pensioned,1,Retired Natl Teacher Pensioned
Retired Natl-Teacher,1,Retired Natl Teacher
Retired Natl-Teacher and Farmer,1,Retired Natl Teacher and Farmer
Retired Nurse (Domestic Servant),1,Retired Nurse Domestic Servant
Retired Nurse (Domestic),1,Retired Nurse Domestic
Retired Nurse (Pensioner),1,Retired Nurse Pensioner
Retired Nurse Maid-Domestic,1,Retired Nurse Maid Domestic
Retired Nurse-Domestic,1,Retired Nurse Domestic
Retired Office - J.P.,1,Retired Office J.P.
Retired Officer (Army),1,Retired Officer Army
Retired Officer of H M Customs (Exay Officer),1,Retired Officer of H M Customs Exay Officer
Retired Officer of Ireland Revenue-Excise Branch,1,Retired Officer of Ireland Revenue Excise Branch
Retired Parish-Priest of Roman Catholic Church,1,Retired Parish Priest of Roman Catholic Church
Retired Pawn-Broker,1,Retired Pawn Broker
Retired Pensioner (Sergeant) Railway the Infantry Retired Pensioner from Postoffice Renval Postman,1,Retired Pensioner Sergeant Railway the Infantry Retired Pensioner from Postoffice Renval Postman
Retired Pensioner Sergt (R.I.C.),1,Retired Pensioner Sergt R.I.C.
Retired Policeman (R.I.C),1,Retired Policeman R.I.C
Retired Policman-Pensioner,1,Retired Policman Pensioner
Retired Post-Master G P O,1,Retired Post Master G P O
Retired Printer - Compositor Unemployed,1,Retired Printer Compositor Unemployed
Retired Quarter-Master Sergeant 6th Enniskilleny Dragoress,1,Retired Quarter Master Sergeant 6th Enniskilleny Dragoress
Retired R I Constabulary (Man),1,Retired R I Constabulary Man
Retired Railway Man (Porter),1,Retired Railway Man Porter
Retired Rg-Clerk,1,Retired Rg Clerk
Retired Ry Servant-Milesman,1,Retired Ry Servant Milesman
Retired Safe-Maker,1,Retired Safe Maker
Retired Sales Woman (Millinery),1,Retired Sales Woman Millinery
Retired School-Inspector,1,Retired School Inspector
Retired School-Mistress,1,Retired School Mistress
Retired Sergeant from R.I.-Constabulary,1,Retired Sergeant from R.I. Constabulary
Retired Sergt (R.I.C.),1,Retired Sergt R.I.C.
Retired Servant (Dome),1,Retired Servant Dome
Retired Servant - (Domestic),1,Retired Servant Domestic
Retired Servant-Domest,1,Retired Servant Domest
Retired Shepherds-Wife,1,Retired Shepherds Wife
Retired Ship - Builder,1,Retired Ship Builder
Retired shop keeper,1,Retired Shopkeeper
Retired Shop Keeper (Grocer),1,Retired Shop Keeper Grocer
Retired Station-Master,1,Retired Station Master
Retired Stock-Broker,1,Retired Stock Broker
Retired Stone-Mason,1,Retired Stone Mason
Retired Supervisor Ireland (Revenue),1,Retired Supervisor Ireland Revenue
Retired Tailor-Master,1,Retired Tailor Master
Retired Teacher (Music),1,Retired Teacher Music
Retired Teacher (National Board),1,Retired Teacher National Board
Retired Teacher (Pension from France),1,Retired Teacher Pension from France
Retired Teacher (Temporar),1,Retired Teacher Temporar
Retired Teacher- Farmer,1,Retired Teacher Farmer
Retired Teacher-Clerk of Church-Gas Collector House Agent and c,1,Retired Teacher Clerk of Church Gas Collector House Agent and c
Retired Teacher-Farmer,1,Retired Teacher Farmer
Retired Teacher-Pensioner,1,Retired Teacher Pensioner
Retired Telegraph See Farmer (Small),1,Retired Telegraph See Farmer Small
Retired Tin-Smith,1,Retired Tin Smith
Retired Weaver (Linen),1,Retired Weaver Linen
Retired Wool-Merchant,1,Retired Wool Merchant
Retired Zoll-Collector,1,Retired Zoll Collector
Retired-Baker,1,Retired Baker
Retired-Boot and Shoe-Maker,1,Retired Boot and Shoe Maker
Retired-Builder,1,Retired Builder
Retired-Butcher,1,Retired Butcher
Retired-Car Driver,1,Retired Car Driver
Retired-Carpenter,1,Retired Carpenter
Retired-Clerk,1,Retired Clerk
Retired-Commercial Traveller Drugs,1,Retired Commercial Traveller Drugs
Retired-Cook D.Servt,1,Retired Cook D.Servt
Retired-Draggist,1,Retired Draggist
Retired-Draper,1,Retired Draper
Retired-Drapers,1,Retired Drapers
Retired-Dressmaker,1,Retired Dressmaker
Retired-Farm Labourer,1,Retired Farm Labourer
Retired-Farm Servant,1,Retired Farm Servant
Retired-Farmer's Wife,1,Retired Farmer's Wife
Retired-General Shop Keeper,1,Retired General Shop Keeper
Retired-Genl. Draper,1,Retired Genl. Draper
Retired-Grocer,1,Retired Grocer
Retired-House Carpenter,1,Retired House Carpenter
Retired-House-Keeper,1,Retired Housekeeper
Retired-Housekeeper,1,Retired Housekeeper
Retired-HouseKeeper,1,Retired HouseKeeper
"Retired-Housekeeper, Domestic",1,"Retired Housekeeper, Domestic"
Retired-Leather Merchant and Boot Manufacturer,1,Retired Leather Merchant and Boot Manufacturer
Retired-Lethographer,1,Retired Lethographer
Retired-Marner,1,Retired Marner
Retired-National Teacher,1,Retired National Teacher
Retired-Naval Pensioner,1,Retired Naval Pensioner
Retired-Nurse,1,Retired Nurse
Retired-Parlour Maid,1,Retired Parlour Maid
Retired-Publican,1,Retired Publican
Retired-Railway Stationmaster,1,Retired Railway Stationmaster
Retired-Railway-Engine-Driver,1,Retired Railway Engine Driver
Retired-School Master,1,Retired School Master
Retired-School-Mistress,1,Retired School Mistress
Retired-Seamstress,1,Retired Seamstress
Retired-Shoemaker,1,Retired Shoemaker
Retired-Shopkeeper,1,Retired Shopkeeper
Retired-Spinner,1,Retired Spinner
Retired-Weaver,1,Retired Weaver
Retoucher (Photographic),1,Retoucher Photographic
Retoucher - Photographer,1,Retoucher Photographer
Retoucher-Unemployed,1,Retoucher Unemployed
Retrd Medl Practnr I.S.A-Land,1,Retrd Medl Practnr I.S.A Land
Retter-Rope Works,1,Retter Rope Works
Retucher-Photography,1,Retucher Photography
Reustrant-Keeper,1,Reustrant Keeper
Revenue Officer-Retired,1,Revenue Officer Retired
Revenue-Excise Branch 1st Class Officer of Irland,1,Revenue Excise Branch 1st Class Officer of Irland
Rever-Linen,1,Rever Linen
Reveue Officer (Ireland),1,Reveue Officer Ireland
Rigger (Sailing Ship),1,Rigger Sailing Ship
Rigger (Sailor),1,Rigger Sailor
Rigger-Sailor,1,Rigger Sailor
Rired-Agricultural Labourer,1,Rired Agricultural Labourer
Riretter (Shipyard),1,Riretter Shipyard
Ritd Labourer (Genl),1,Ritd Labourer Genl
Riverter (Iron),1,Riverter Iron
Rivet - Heater,1,Rivet Heater
Rivet Boy S - Yard,1,Rivet Boy S Yard
Riveter-Apprent,1,Riveter Apprent
Riveter-at Ships,1,Riveter at Ships
Rivett-Heater Unemployed,1,Rivett Heater Unemployed
Rivetter (Ship),1,Rivetter Ship
Rivetter (Shipyard),1,Rivetter Shipyard
Rivetter-Boilmaker,1,Rivetter Boilmaker
Rivetter-Iron Ship Builder,1,Rivetter Iron Ship Builder
Rivitter in Ship - Yard,1,Rivitter in Ship Yard
Rly - Carrige Body Maker,1,Rly Carrige Body Maker
Rly Clerk (Unemployed),1,Rly Clerk Unemployed
Rly Official (Stationmaster),1,Rly Official Stationmaster
Rly-Station Master,1,Rly Station Master
Road Contractore-etc,1,Road Contractore etc
Road Repairer-Domestic Servant,1,Road Repairer Domestic Servant
Road-Contracter,1,Road Contracter
Road-Contractor and Farmer,1,Road Contractor and Farmer
Road-Contractor and Shop Keeper,1,Road Contractor and Shop Keeper
Road-Maker,1,Road Maker
Road-Repairer,1,Road Repairer
Roads-Superr,1,Roads Superr
Roller (Tobacco),1,Roller Tobacco
Roller Carier (Linen Mill),1,Roller Carier Linen Mill
Roller-Boy in Flax Preparing Room,1,Roller Boy in Flax Preparing Room
Roman Catholic (Curate),1,Roman Catholic Curate
Roman Catholic (I.Irish),1,Roman Catholic I.Irish
Roman Catholic (Priest),1,Roman Catholic Priest
Roman Catholic Clergman (Parish Priest),1,Roman Catholic Clergman Parish Priest
Roman Catholic Clergyman (Carate),1,Roman Catholic Clergyman Carate
Roman Catholic Clergymen (Curate),1,Roman Catholic Clergymen Curate
Roman Catholic Curate (Clergyman),1,Roman Catholic Curate Clergyman
Roman Catholic Parish Priest and Vicar-General,1,Roman Catholic Parish Priest and Vicar General
Roman Catholic Priest-Administration,1,Roman Catholic Priest Administration
Roman Catholic-Curate,1,Roman Catholic Curate
Roman-Catholic Clergyman (P.P),1,Roman Catholic Clergyman P.P
Roman-Catholic-Clergyman,1,Roman Catholic Clergyman
Rope Mill-Worker,1,Rope Mill Worker
Rope-Binder,1,Rope Binder
Rope-Work Patient Winder,1,Rope Work Patient Winder
Rope-Worker,1,Rope Worker
Ropemaker-Master,1,Ropemaker Master
Ropework (Netter),1,Ropework Netter
Ropeworks (Bogey Boy),1,Ropeworks Bogey Boy
Rougher (Unemployed),1,Rougher Unemployed
Rougher in Spinning - Mill,1,Rougher in Spinning Mill
Rougher Spinning Factory (Flax,1,Rougher Spinning Factory Flax
Roughter (Flax),1,Roughter Flax
Roulgher (Linen),1,Roulgher Linen
Rove Doffer (Linen),1,Rove Doffer Linen
Rove-Drawer in Linen Mill,1,Rove Drawer in Linen Mill
Rover (Flax-Mill),1,Rover Flax Mill
Rover (Mill),1,Rover Mill
Rover in Preparing Room (Linen),1,Rover in Preparing Room Linen
Rover in Spiny Male (Flax),1,Rover in Spiny Male Flax
Rover(Flax),1,RoverFlax
"Rover, (Flax Mill)",1,"Rover, Flax Mill"
Rover-Flax Preparing,1,Rover Flax Preparing
Rover-Flore Mill,1,Rover Flore Mill
Rover-Linen Mill Worker,1,Rover Linen Mill Worker
Royal Astronomer of Ireland Professor of Astronomy in the University of Dublin Fellow of Trinity College Dublin M a (Dublin),1,Royal Astronomer of Ireland Professor of Astronomy in the University of Dublin Fellow of Trinity College Dublin M a Dublin
Royal Canal Lock-Keeper,1,Royal Canal Lock Keeper
"Royal Engineers, Lapper (Ordnance Survey)",1,"Royal Engineers, Lapper Ordnance Survey"
Royal Engineers-Unemployed,1,Royal Engineers Unemployed
Royal I. Constabulary Pensioner - No Occupation,1,Royal I. Constabulary Pensioner No Occupation
Royal Irish-Constabulary,1,Royal Irish Constabulary
Royal Naval Reserve-Man,1,Royal Naval Reserve Man
Royal Navy Retired Deputy Inspector - General,1,Royal Navy Retired Deputy Inspector General
Royal Navy Retired-Water Bailiff-Head,1,Royal Navy Retired Water Bailiff Head
Rual Post-Man,1,Rual Post Man
Rugular Instruction (Scholar) at Home,1,Rugular Instruction Scholar at Home
Ruler (Flax),1,Ruler Flax
Ruler-Yarn,1,Ruler Yarn
Rural - Postman,1,Rural Postman
Rural Dean-Church of Ireland Incumbent of Celbridge and B. D,1,Rural Dean Church of Ireland Incumbent of Celbridge and B. D
Rural Duties Post-Man,1,Rural Duties Post Man
Rural P-M Civil Servt,1,Rural P M Civil Servt
Rural Post - Boy,1,Rural Post Boy
Rural Post - Man,1,Rural Post Man
Rural Post-Man G. P. D,1,Rural Post Man G. P. D
Rural-Post-Boy,1,Rural Post Boy
Rurse-Dom. Sevt.,1,Rurse Dom. Sevt.
Rutral Post-Man,1,Rutral Post Man
Ry Engine-Driver,1,Ry Engine Driver
Ry-Car-Man,1,Ry Car Man
Ry-Labourer,1,Ry Labourer
Ryway Plate-Layer,1,Ryway Plate Layer
S C and Telegraphist (Civil Servant),1,S C and Telegraphist Civil Servant
S Coachman-Domestic Servant,1,S Coachman Domestic Servant
S.C. and T. (Postoffice),1,S.C. and T. Postoffice
S.S. Major 21st (C of I) Lancers,1,S.S. Major 21st C of I Lancers
Sack-Machinial,1,Sack Machinial
Sacristan (Chapel),1,Sacristan Chapel
Sacristan-Domestic Servant,1,Sacristan Domestic Servant
Saddle-Maker,1,Saddle Maker
Saddler - Master,1,Saddler Master
Saddler and Harness - Maker,1,Saddler and Harness Maker
Saddler-Journeyman,1,Saddler Journeyman
Saddler-Maker,1,Saddler Maker
Sadlier (Harness Maker),1,Sadlier Harness Maker
Sail - Maker,1,Sail Maker
Sailer Monterterian (Retired),1,Sailer Monterterian Retired
Sailor (2nd Mate),1,Sailor 2nd Mate
Sailor (Able Bodied Seaman),1,Sailor Able Bodied Seaman
Sailor (Fireman),1,Sailor Fireman
Sailor (Master),1,Sailor Master
Sailor (Mercantile),1,Sailor Mercantile
Sailor (Merchant Seller),1,Sailor Merchant Seller
Sailor (Merchant Service),1,Sailor Merchant Service
Sailor (Merchant Ship),1,Sailor Merchant Ship
Sailor (Meretant),1,Sailor Meretant
Sailor (ship Stewars),1,Sailor ship Stewars
Sailor and Rigger-Riv N Reserve,1,Sailor and Rigger Riv N Reserve
Sailor Merchant-Service,1,Sailor Merchant Service
Sailor on Cross-Channel Steamer,1,Sailor on Cross Channel Steamer
Sailor-Cortny Seaman,1,Sailor Cortny Seaman
Sailor-Master Unemployed,1,Sailor Master Unemployed
Sailor-Not Employed,1,Sailor Not Employed
Sailor-Salemaker,1,Sailor Salemaker
Sailor-Second Mate,1,Sailor Second Mate
Salary - House Keeper,1,Salary House Keeper
Sale Girl - Ware House,1,Sale Girl Ware House
Sale-Room Porter,1,Sale Room Porter
Sales (Drapery),1,Sales Drapery
Sales (Milliner),1,Sales Milliner
Sales (Provision),1,Sales Provision
Sales Agent (National Cash Register Co Ld) (Machines),1,Sales Agent National Cash Register Co Ld Machines
Sales Clerk (General),1,Sales Clerk General
Sales Girl-Drapery,1,Sales Girl Drapery
Sales Woman (Drapery),1,Sales Woman Drapery
Sales Woman (Halarder Chery),1,Sales Woman Halarder Chery
Sales Woman (in Drapery Shop),1,Sales Woman in Drapery Shop
Sales Woman (in Drapery),1,Sales Woman in Drapery
Sales-Lady,1,Sales Lady
Sales-man,1,Sales man
Sales-Master,1,Sales Master
Sales-Millinery,1,Sales Millinery
Sales-Woman (in Drapers),1,Sales Woman in Drapers
Sales-Woman in Drapers,1,Sales Woman in Drapers
Salesman (Bootshop),1,Salesman Bootshop
Salesman (Carpet),1,Salesman Carpet
Salesman (China Trade),1,Salesman China Trade
Salesman (Com),1,Salesman Com
Salesman (Cycle),1,Salesman Cycle
Salesman (Drapery),1,Salesman Drapery
Salesman (Iron),1,Salesman Iron
Salesman (Jewellery),1,Salesman Jewellery
Salesman (Woollen),1,Salesman Woollen
Salesman - Linen,1,Salesman Linen
Salesman - Mineral Waters,1,Salesman Mineral Waters
Salesman - Tool Trade,1,Salesman Tool Trade
Salesman Boot and Shoe (Manager),1,Salesman Boot and Shoe Manager
Salesman Boot-Shop,1,Salesman Boot Shop
Salesman-Aerated Waters,1,Salesman Aerated Waters
Salesman-Fish Shop,1,Salesman Fish Shop
Salesman-Furnisher,1,Salesman Furnisher
Salesman-Furniture,1,Salesman Furniture
Salesman-Linen Factory,1,Salesman Linen Factory
Salesman-Linen Yarns,1,Salesman Linen Yarns
Saleswoman (Boot Shop),1,Saleswoman Boot Shop
Saleswoman (Boot),1,Saleswoman Boot
Saleswoman (Boots),1,Saleswoman Boots
Saleswoman (Clothes),1,Saleswoman Clothes
Saleswoman (Confectionery),1,Saleswoman Confectionery
Saleswoman (Delph and China Warehouse),1,Saleswoman Delph and China Warehouse
Saleswoman (Fancy Toy),1,Saleswoman Fancy Toy
Saleswoman (Mantles),1,Saleswoman Mantles
Saleswoman (Miliners),1,Saleswoman Miliners
Saleswoman - Drapery,1,Saleswoman Drapery
Saleswoman-China,1,Saleswoman China
Saleswoman-Stationery,1,Saleswoman Stationery
Salor (Yacht),1,Salor Yacht
Salor-Merchant,1,Salor Merchant
Salt Miner-Rodger,1,Salt Miner Rodger
Salt Refiner-Master,1,Salt Refiner Master
Same as No 1 - Instice of The Peace-Chairman Urban Carnail Mullingar,1,Same as No 1 Instice of The Peace Chairman Urban Carnail Mullingar
Sample Maker (Linen Business),1,Sample Maker Linen Business
Sample Maker (Linen),1,Sample Maker Linen
Sanitary Engineer (Master),1,Sanitary Engineer Master
Sanitary Engineer and Plumber-Master,1,Sanitary Engineer and Plumber Master
Sanitery Sub-Officer and Dep. Reg. Births. Death and C,1,Sanitery Sub Officer and Dep. Reg. Births. Death and C
Sapper Rl Engineers (Printer),1,Sapper Rl Engineers Printer
Sapper Royal (Ex),1,Sapper Royal Ex
Sapper Royal Engineers Surveyor Ordnance Survey (Board of Agriculture),1,Sapper Royal Engineers Surveyor Ordnance Survey Board of Agriculture
Sapper Royal Inspector Surveyor-Ordnance Survey,1,Sapper Royal Inspector Surveyor Ordnance Survey
Sapper-Royal Engineer,1,Sapper Royal Engineer
Sapper. Royal Engineers Surveyor (Superintendent),1,Sapper. Royal Engineers Surveyor Superintendent
Sargts Wife (R I C),1,Sargts Wife R I C
Sarver (Unemployed),1,Sarver Unemployed
Saucaage Maker-at Factory,1,Saucaage Maker at Factory
Saucuage-Maker,1,Saucuage Maker
Sausage Maker and (Salesman),1,Sausage Maker and Salesman
Saw Mill Assistant (Labourer),1,Saw Mill Assistant Labourer
Saw Mill Eng - Driver,1,Saw Mill Eng Driver
Saw Mill-Manager,1,Saw Mill Manager
Saw Mill-Wood Cutting,1,Saw Mill Wood Cutting
Saw-Clerke,1,Saw Clerke
Saw-Mill-Machinest,1,Saw Mill Machinest
Saw-Miller,1,Saw Miller
Sawer-Wood,1,Sawer Wood
Sawyer (Iron),1,Sawyer Iron
Sawyer - Apprentice,1,Sawyer Apprentice
Sawyer - at - Saw - Mill,1,Sawyer at Saw Mill
Sawyer Un-employed,1,Sawyer Un employed
Sawyer-at Works,1,Sawyer at Works
Sawyer-Tumberyard,1,Sawyer Tumberyard
Sawyer-Unemployed,1,Sawyer Unemployed
Scaplor-Maker,1,Scaplor Maker
Sch Master (Eras Smith),1,Sch Master Eras Smith
Sch Mistress (Eras Smith),1,Sch Mistress Eras Smith
Scholar (Alexandra),1,Scholar Alexandra
Scholar (At Home),1,Scholar At Home
Scholar (Civ Service),1,Scholar Civ Service
Scholar (Damask),1,Scholar Damask
Scholar (Day),1,Scholar Day
Scholar (Dis),1,Scholar Dis
Scholar (Farmers Daughter),1,Scholar Farmers Daughter
Scholar (Farmers Son),1,Scholar Farmers Son
Scholar (Indus. School),1,Scholar Indus. School
Scholar (Instructed at Home),1,Scholar Instructed at Home
Scholar (Intermediate),1,Scholar Intermediate
Scholar (Just Ommencing at School),1,Scholar Just Ommencing at School
Scholar (Monitor),1,Scholar Monitor
Scholar (Musical),1,Scholar Musical
Scholar (Night School),1,Scholar Night School
Scholar (R. A. I),1,Scholar R. A. I
Scholar (R.I.C),1,Scholar R.I.C
Scholar (Son),1,Scholar Son
Scholar (Under Graduate R.U.I),1,Scholar Under Graduate R.U.I
Scholar and Bobbin-Winder,1,Scholar and Bobbin Winder
Scholar and General Servant-Domestic,1,Scholar and General Servant Domestic
Scholar and Lace-Maker,1,Scholar and Lace Maker
Scholar Servant (Nurse),1,Scholar Servant Nurse
Scholar Trinity-Colage,1,Scholar Trinity Colage
Scholar(Loreto Convent),1,ScholarLoreto Convent
Scholar-Domestic,1,Scholar Domestic
Scholar-G. Servant,1,Scholar G. Servant
"Scholar-Inft, Class",1,"Scholar Inft, Class"
Scholar-Monitress,1,Scholar Monitress
Scholar-Music,1,Scholar Music
Scholar-Unemployed,1,Scholar Unemployed
SCholars,1,Scholar
ScholarS,1,Scholar
Scholars (Child),1,Scholars Child
School (Atendent),1,School Atendent
School - Mistress,1,Schoolmistress
School Boy (Scholar),1,School Boy Scholar
School Boy (Schollar),1,School Boy Schollar
School master,1,Schoolmaster
School Master (Church School),1,School Master Church School
School Master (National Board),1,School Master National Board
School Master (National School),1,School Master National School
School Master (Under National Board),1,School Master Under National Board
School Master in Civil (Prisons') Service,1,School Master in Civil Prisons' Service
"School Master, Prisons Service (Irld)",1,"School Master, Prisons Service Irld"
School mistress (National),1,School mistress National
School Teacher (Asst),1,School Teacher Asst
School Teacher (Christian Brother),1,School Teacher Christian Brother
School Teacher (Classical),1,School Teacher Classical
School Teacher (English),1,School Teacher English
School Teacher (Ladies School),1,School Teacher Ladies School
School Teacher (N),1,School Teacher N
School Teacher (Natl),1,School Teacher Natl
School Teacher (Nl),1,School Teacher Nl
School Teacher (NS),1,School Teacher NS
School Teacher (Ord),1,School Teacher Ord
School Teacher (Private),1,School Teacher Private
School Teacher (Retired),1,School Teacher Retired
School Teacher (Work Mistress),1,School Teacher Work Mistress
School Teacher-Assistant,1,School Teacher Assistant
School Teacher-B A,1,School Teacher B A
School Teacher-Monitor,1,School Teacher Monitor
School Teacher-Student,1,School Teacher Student
School-Attending,1,School Attending
School-Master N.S (Elementary School),1,School Master N.S Elementary School
School-Mistress N.S.,1,School Mistress N.S.
School-Mistress Unemployed,1,School Mistress Unemployed
School-Teacher B.A; R.U.T,1,School Teacher B.A; R.U.T
School-Teacher Unemployed,1,School Teacher Unemployed
Schoolmaster (N.),1,Schoolmaster N.
Schoolmaster-B.A.,1,Schoolmaster B.A.
Schoolmaster-In Union,1,Schoolmaster In Union
Schoolmistress (Supreantent),1,Schoolmistress Supreantent
Schoolroom Maid-Domestic,1,Schoolroom Maid Domestic
Schoolroom-maid Domestic Servant,1,Schoolroom maid Domestic Servant
Schop Girl (Grocer),1,Schop Girl Grocer
Science (Chemistry),1,Science Chemistry
Science sub-organi?er NS,1,Science sub organi?er NS
Scool-Girl,1,Scool Girl
Scrivener (Employed),1,Scrivener Employed
Sctucher (Flax),1,Sctucher Flax
Scullarymaid-Domestic Servt.,1,Scullarymaid Domestic Servt.
Scullery Maid (Domestic Servant),1,Scullery Maid Domestic Servant
Scullery Maid (Domestic),1,Scullery Maid Domestic
Scullery Maid - Domestic Servant,1,Scullery Maid Domestic Servant
Scullery Maid-D. S,1,Scullery Maid D. S
Scullery Maid-Domestic Servt,1,Scullery Maid Domestic Servt
Scullery Maid-Unemployed,1,Scullery Maid Unemployed
Scullery-maid Domestic Servant,1,Scullery maid Domestic Servant
Scullerymaid-Domestic,1,Scullerymaid Domestic
Scullerymaid-Domestic Servant,1,Scullerymaid Domestic Servant
Sculley Maid (Domestic Servant),1,Sculley Maid Domestic Servant
Scutche (Flax),1,Scutche Flax
Scutcher (Flex Mill),1,Scutcher Flex Mill
Sea - Captain (Retired),1,Sea Captain Retired
Sea Captain (Retired),1,Sea Captain Retired
Sea-Fairing,1,Sea Fairing
Sea-Faring,1,Sea Faring
Seam on (Captain),1,Seam on Captain
Seam Spinner (Unemployed),1,Seam Spinner Unemployed
Seaman (Captain),1,Seaman Captain
Seaman (Cook),1,Seaman Cook
Seaman (Disabled),1,Seaman Disabled
Seaman (Ordinary),1,Seaman Ordinary
Seaman (Retired),1,Seaman Retired
Seaman (Unemployed),1,Seaman Unemployed
Seaman - Merchant Service,1,Seaman Merchant Service
Seaman - Naval,1,Seaman Naval
Seaman-Captain,1,Seaman Captain
Seaman-Master,1,Seaman Master
Seaman-Mate,1,Seaman Mate
Seaman-Merchant Service,1,Seaman Merchant Service
Seamstess-Apprentice,1,Seamstess Apprentice
Seamstress (Domestic),1,Seamstress Domestic
Seamstress (Dressmaker),1,Seamstress Dressmaker
Seamstress (Shirt-Maker),1,Seamstress Shirt Maker
Seamstress (Shirts),1,Seamstress Shirts
Seamstress (Unemployed),1,Seamstress Unemployed
Seamstress (Wareroom),1,Seamstress Wareroom
Seamstress and Hem-Stitcher,1,Seamstress and Hem Stitcher
Seamstress House-Keeper,1,Seamstress House Keeper
Seamstress-Dom. Sert.,1,Seamstress Dom. Sert.
Seamstress-Domestic Servant,1,Seamstress Domestic Servant
Seamstress-Dress Maker,1,Seamstress Dress Maker
Seamstress-Dressmaker,1,Seamstress Dressmaker
Seamstress-Emboirdery,1,Seamstress Emboirdery
Seamstress-Unemployed,1,Seamstress Unemployed
"Sec - Co Councill, Kings",1,"Sec Co Councill, Kings"
Sec. Div Clerk (1st Year) National Educ. Office Dublin,1,Sec. Div Clerk 1st Year National Educ. Office Dublin
Second Division Clerk (General Registor Office Dublin),1,Second Division Clerk General Registor Office Dublin
Second Division Clerk (General Valuation Office Dublin),1,Second Division Clerk General Valuation Office Dublin
Second Division Clerk (Higher Grade) in Registry of Deeds,1,Second Division Clerk Higher Grade in Registry of Deeds
Second Division Clerk - L.G.B,1,Second Division Clerk L.G.B
Second Division Clerk of the Civil Service (Local Govt Bd Ireland),1,Second Division Clerk of the Civil Service Local Govt Bd Ireland
Second Division Clerk-Department of Agriculture and Technical Instructer of Ireland,1,Second Division Clerk Department of Agriculture and Technical Instructer of Ireland
Second House-Maid Domestic Servant,1,Second House Maid Domestic Servant
Second M Ch-M.A,1,Second M Ch M.A
Second-Hand Clothes Dealer,1,Second Hand Clothes Dealer
Secretary (Accountant) to Drapery Limited Company,1,Secretary Accountant to Drapery Limited Company
Secretary (Banking Case Maker's),1,Secretary Banking Case Maker's
Secretary (Draper Company),1,Secretary Draper Company
Secretary (Honorary Editor (Missionary Periodical,1,Secretary Honorary Editor Missionary Periodical
Secretary (N Schools I),1,Secretary N Schools I
Secretary - Drapery,1,Secretary Drapery
Secretary - Traffic Confermars Undergraduate of London and University and Royal Univ (Ireland) Law Student of Lincon's Inn,1,Secretary Traffic Confermars Undergraduate of London and University and Royal Univ Ireland Law Student of Lincon's Inn
Secretary and Book - Keeper in Manufacturing Firms,1,Secretary and Book Keeper in Manufacturing Firms
Secretary Church of Ireland Young-Man Association,1,Secretary Church of Ireland Young Man Association
Secretary Limited ? Co-Vig Reath and Sans Cheml M Cy,1,Secretary Limited ? Co Vig Reath and Sans Cheml M Cy
Secretary Limited Co (Chamber Commerce),1,Secretary Limited Co Chamber Commerce
Secretary Mt. Bellew Co-operative Agricultural Socing Ltd.,1,Secretary Mt. Bellew Co operative Agricultural Socing Ltd.
Secretary of Public School (Boys),1,Secretary of Public School Boys
Secretary to Limited Company-Distillers,1,Secretary to Limited Company Distillers
Secretary to Public Company (Limited),1,Secretary to Public Company Limited
Secretary's Assistant (Harbour Board),1,Secretary's Assistant Harbour Board
Secretary-Commissioners of Education in Ireland-Barrister,1,Secretary Commissioners of Education in Ireland Barrister
Secretary-Evan-Getical Alliance Irish Branch,1,Secretary Evan Getical Alliance Irish Branch
Secretary-Hellebore Lisdale,1,Secretary Hellebore Lisdale
Secretary-Irish Lighthouse Board,1,Secretary Irish Lighthouse Board
Secretary-Local Govt Board Ireland,1,Secretary Local Govt Board Ireland
Secretary-Nl-Education Board,1,Secretary Nl Education Board
Secretary-Paper Making Coy,1,Secretary Paper Making Coy
Secretary-Rope and Twine Trade,1,Secretary Rope and Twine Trade
Secretary-Timber Trading Company,1,Secretary Timber Trading Company
Secretary-United Irish Helper,1,Secretary United Irish Helper
Secretary-Whiskey Business,1,Secretary Whiskey Business
Seed and Manure Merchant Grocer and Publican-Farmer,1,Seed and Manure Merchant Grocer and Publican Farmer
Seed Merchant (Retired),1,Seed Merchant Retired
Seed-Merchant,1,Seed Merchant
Seedsman (Unemployed),1,Seedsman Unemployed
Seller (Linen),1,Seller Linen
Sells Sea-Weed,1,Sells Sea Weed
Semptress-Domestic Svt,1,Semptress Domestic Svt
Senior Clerk in Drage of H M Qent Rent Office Dublin Barrister-at-Law LLB (Lond),1,Senior Clerk in Drage of H M Qent Rent Office Dublin Barrister at Law LLB Lond
Senior Inspector of National Clubs (Ireland),1,Senior Inspector of National Clubs Ireland
Senior Inspector of National School (Department of National Education Ireland),1,Senior Inspector of National School Department of National Education Ireland
Sent. Servt-Domestic,1,Sent. Servt Domestic
Serant-Domestic,1,Serant Domestic
Sergeant (D M Police),1,Sergeant D M Police
Sergeant - at - Mace,1,Sergeant at Mace
Sergeant H M army (Infantry of the line),1,Sergeant H M army Infantry of the line
Sergeant of R.I.C. (Pensions),1,Sergeant of R.I.C. Pensions
Sergeant Royal Engineers (Ordnance Survey),1,Sergeant Royal Engineers Ordnance Survey
"Sergeant, Mth (D.C.O) Lancere",1,"Sergeant, Mth D.C.O Lancere"
Sergeant-Army,1,Sergeant Army
Sergeant-I.R.I.Rifles,1,Sergeant I.R.I.Rifles
Sergeant-R.I. Constabulary,1,Sergeant R.I. Constabulary
Sergeants Wife (R.I.C),1,Sergeants Wife R.I.C
Sergent (Orderly Room Clerk) R. G. A.,1,Sergent Orderly Room Clerk R. G. A.
Sergt 21st (E of I) Lancer,1,Sergt 21st E of I Lancer
Sergt Instr of Musketry 9th Kings Royal Refles (Militer),1,Sergt Instr of Musketry 9th Kings Royal Refles Militer
Sergt Major (W T O ) Foreman of Works Royal Engineers,1,Sergt Major W T O Foreman of Works Royal Engineers
Sergt Major-Militia,1,Sergt Major Militia
Sergt Maker City-Artillery Limerick,1,Sergt Maker City Artillery Limerick
Sergt Pensioner R- A,1,Sergt Pensioner R A
Sergt Regular Army (Retired),1,Sergt Regular Army Retired
"Sergt, R.I.C.-Retired",1,"Sergt, R.I.C. Retired"
Sergt-at-Mace,1,Sergt at Mace
Sergt. Army Pensioner (Infantry),1,Sergt. Army Pensioner Infantry
Sergts Wife-House Keeper,1,Sergts Wife House Keeper
Servand - Domestic,1,Servand Domestic
Servant (Agric),1,Servant Agric
Servant (Agril),1,Servant Agril
Servant (Butler) Domestic,1,Servant Butler Domestic
Servant (Coach Man),1,Servant Coach Man
Servant (Cook Laundress),1,Servant Cook Laundress
Servant (Cook) Domestic,1,Servant Cook Domestic
Servant (Cooke),1,Servant Cooke
Servant (Dairy Maid),1,Servant Dairy Maid
Servant (Dairy-Boy),1,Servant Dairy Boy
Servant (Dom:),1,Servant Dom:
Servant (Domes),1,Servant Domes
Servant (Domestic Cook),1,Servant Domestic Cook
Servant (Domestic Servant),1,Servant Domestic Servant
Servant (Domestic) Cook,1,Servant Domestic Cook
Servant (Domestic) General,1,Servant Domestic General
Servant (Domestic) Unemployed,1,Servant Domestic Unemployed
Servant (Domosick),1,Servant Domosick
Servant (Gen Domestic),1,Servant Gen Domestic
Servant (Gen),1,Servant Gen
Servant (Gen.),1,Servant Gen.
Servant (Genel),1,Servant Genel
Servant (General) Domestic,1,Servant General Domestic
Servant (Genral),1,Servant Genral
Servant (Genrl Domestic),1,Servant Genrl Domestic
Servant (Herd),1,Servant Herd
Servant (House Keeper),1,Servant House Keeper
Servant (Housekeeper),1,Servant Housekeeper
Servant (Housemaid) Domestic,1,Servant Housemaid Domestic
Servant (Maid),1,Servant Maid
Servant (out of Employed),1,Servant out of Employed
Servant (Outdoor),1,Servant Outdoor
Servant (Parlour Maid),1,Servant Parlour Maid
Servant (Parlourmaid),1,Servant Parlourmaid
Servant (Stableman),1,Servant Stableman
Servant (Vanman),1,Servant Vanman
Servant (Waiter),1,Servant Waiter
Servant - (Cook),1,Servant Cook
Servant - Carver,1,Servant Carver
Servant - Coach-Man,1,Servant Coach Man
Servant - General Domestic,1,Servant General Domestic
Servant - General Iron,1,Servant General Iron
Servant - Girl,1,Servant Girl
Servant - House Maid,1,Servant House Maid
Servant - House Parlour Maid,1,Servant House Parlour Maid
Servant - Messenger,1,Servant Messenger
Servant - Nurse,1,Servant Nurse
Servant - Nursemaid,1,Servant Nursemaid
Servant -Domestic,1,Domestic Servant
Servant at Home (Domestic),1,Servant at Home Domestic
Servant Bar-Maid,1,Servant Bar Maid
Servant Boy (General) Domestic Servant,1,Servant Boy General Domestic Servant
Servant Boy - Domestic,1,Servant Boy Domestic
Servant Boy-Domestic Servant,1,Servant Boy Domestic Servant
Servant Boy-Farm,1,Servant Boy Farm
Servant Boy-General,1,Servant Boy General
Servant Cook (Domestic),1,Servant Cook Domestic
Servant Cook-Domc,1,Servant Cook Domc
Servant Cook-Dome,1,Servant Cook Dome
Servant D (Domestic),1,Servant D Domestic
Servant domestic,1,Domestic Servant
Servant Domestic (Out of Employment),1,Servant Domestic Out of Employment
Servant Domestic (Parlour Maid),1,Servant Domestic Parlour Maid
Servant Domestic - Farmer,1,Servant Domestic Farmer
Servant Domestic Parlour-Maid,1,Servant Domestic Parlour Maid
Servant Domestic-(Cook),1,Servant Domestic Cook
Servant Domestic-(Nurse),1,Servant Domestic Nurse
Servant Domestic-General,1,Servant Domestic General
Servant Farm (Domestic),1,Servant Farm Domestic
Servant Gen-Domestic,1,Servant Gen Domestic
Servant General (Servant),1,Servant General Servant
Servant Genl (Cook) Domestic,1,Servant Genl Cook Domestic
Servant Girl - Domestic,1,Servant Girl Domestic
Servant House - Keeper,1,Servant House Keeper
Servant Labourer (Agricultural),1,Servant Labourer Agricultural
Servant Maid (Domestic Servant),1,Servant Maid Domestic Servant
Servant Maid (Domestic),1,Servant Maid Domestic
Servant Man (Domestic Servant),1,Servant Man Domestic Servant
"Servant Nurse, (Domestic)",1,"Servant Nurse, Domestic"
Servant(Domestic),1,ServantDomestic
"Servant, (General)",1,"Servant, General"
"Servant-""Domestic""",1,"Servant ""Domestic"""
Servant-(Dairy Maid Domestic),1,Servant Dairy Maid Domestic
Servant-(Farm),1,Servant Farm
Servant-Barmaid,1,Servant Barmaid
Servant-Boots,1,Servant Boots
Servant-Butcher,1,Servant Butcher
Servant-Car Driver,1,Servant Car Driver
Servant-Carter,1,Servant Carter
Servant-Char Woman,1,Servant Char Woman
Servant-Charwoman,1,Servant Charwoman
Servant-Cook-Domestic Servant,1,Servant Cook Domestic Servant
Servant-Cooke,1,Servant Cooke
Servant-Dom-Svt,1,Servant Dom Svt
Servant-Domes,1,Servant Domes
Servant-domestic,1,Domestic Servant
Servant-Domestic (General),1,Servant Domestic General
Servant-Domestic (Ord),1,Servant Domestic Ord
Servant-Domestic Cook,1,Servant Domestic Cook
Servant-Domestic Out of Employment,1,Servant Domestic Out of Employment
Servant-Domestic Servt,1,Servant Domestic Servt
Servant-Domestic Unemployed,1,Servant Domestic Unemployed
Servant-Domestice,1,Servant Domestice
Servant-Domst,1,Servant Domst
Servant-Farm Labour,1,Servant Farm Labour
Servant-Farm Labourer,1,Servant Farm Labourer
Servant-Farm Sextoness and Dressmaker,1,Servant Farm Sextoness and Dressmaker
Servant-Farmer,1,Servant Farmer
Servant-Gardener Dom Ser,1,Servant Gardener Dom Ser
Servant-General-Domestic,1,Servant General Domestic
Servant-Groom and C,1,Servant Groom and C
Servant-Herd,1,Servant Herd
Servant-House,1,Servant House
Servant-Housemaid Dom,1,Servant Housemaid Dom
Servant-Housemaid Domestic,1,Servant Housemaid Domestic
Servant-Labourer,1,Servant Labourer
Servant-Labourer Farm,1,Servant Labourer Farm
Servant-Male,1,Servant Male
Servant-Message Boy,1,Servant Message Boy
Servant-Messenger and Gardener,1,Servant Messenger and Gardener
Servant-Milkman,1,Servant Milkman
Servant-Nursery Maid,1,Servant Nursery Maid
Servant-Office Caretaker,1,Servant Office Caretaker
Servant-Porter,1,Servant Porter
Servant-Shop Assistant,1,Servant Shop Assistant
Servant-Stable Assistant,1,Servant Stable Assistant
Servant-Stable-Boy,1,Servant Stable Boy
Servant-Van Man,1,Servant Van Man
Servant-Washerwoman,1,Servant Washerwoman
Servant-Yard,1,Servant Yard
Servant. (Domestic),1,Servant. Domestic
Servant:-Domestic,1,Servant: Domestic
Servat-Domestic,1,Servat Domestic
Servent-Domestic,1,Servent Domestic
Server-Flowering,1,Server Flowering
Servingmaid-Domestic Servant,1,Servingmaid Domestic Servant
Servt-Boye,1,Servt Boye
Servt-Coachman,1,Servt Coachman
Servt-Cook,1,Servt Cook
Servt-Domestic General,1,Servt Domestic General
Servt-House maid,1,Servt House maid
Servt. (Domestic),1,Servt. Domestic
Set Boy (Factory),1,Set Boy Factory
Set Boy-Linen Mill Worker,1,Set Boy Linen Mill Worker
Seth Boy (In Mill),1,Seth Boy In Mill
Setmaker (Stonecutter),1,Setmaker Stonecutter
Setmaker (Stonedressing),1,Setmaker Stonedressing
Sett Boy (Flax Mill),1,Sett Boy Flax Mill
Sett Maker (Stonedressing),1,Sett Maker Stonedressing
Sevt (Domestic),1,Sevt Domestic
Sewed-Muslin Agent,1,Sewed Muslin Agent
Sewer (H. R. Fs),1,Sewer H. R. Fs
Sewer (Seamstress),1,Sewer Seamstress
Sewing - Machinist (Chiefly Handkerchiefs),1,Sewing Machinist Chiefly Handkerchiefs
Sewing and C (Formerly Nurse),1,Sewing and C Formerly Nurse
Sewing Machine-Mechanic,1,Sewing Machine Mechanic
Sewing Maid (Domes Servt),1,Sewing Maid Domes Servt
Sewing Maid-Domestic Servant,1,Sewing Maid Domestic Servant
Sewing-Agent,1,Sewing Agent
Sewing-Machine Agent,1,Sewing Machine Agent
Sewing-Mistress,1,Sewing Mistress
Sexton (Army Pensioner),1,Sexton Army Pensioner
Sexton of Church (Irish Church),1,Sexton of Church Irish Church
Sexton of Church (Late Sergeant in Army),1,Sexton of Church Late Sergeant in Army
Sexton-Irish Church,1,Sexton Irish Church
Sextoness (St Mary's Chapel of Care) Mount Joy St,1,Sextoness St Mary's Chapel of Care Mount Joy St
Shaft Oiler-Linen Works,1,Shaft Oiler Linen Works
Sharp Maker-Machinist,1,Sharp Maker Machinist
Sheel Metal Worker (Brewery),1,Sheel Metal Worker Brewery
Sheet-Metal Work,1,Sheet Metal Work
Sheet-Metal Worker,1,Sheet Metal Worker
Sheet-Metal Worker in Shipyard,1,Sheet Metal Worker in Shipyard
Shepherd and Game-Keeper,1,Shepherd and Game Keeper
Shepherd-Caretaker-Herd,1,Shepherd Caretaker Herd
Shepherd-Domestic Servt,1,Shepherd Domestic Servt
Shepherds daughter,1,Shepherd's Daughter
Shepherds wife,1,Shepherd's Wife
Shepherds-Daughter,1,Shepherd's Daughter
Shepherds-Wife,1,Shepherd's Wife
Sheppard (Domestic Servant),1,Sheppard Domestic Servant
Sheppherd-Domestic,1,Sheppherd Domestic
Ship (Carpenter),1,Ship Carpenter
Ship - Engineer,1,Ship Engineer
Ship - Joiner,1,Ship Joiner
Ship - Plater,1,Ship Plater
Ship - Wright Naval Pensioner,1,Ship Wright Naval Pensioner
Ship Asistant (Bootshop),1,Ship Asistant Bootshop
Ship Girl-Cutlery,1,Ship Girl Cutlery
Ship Herd-Domestic Servant,1,Ship Herd Domestic Servant
Ship Steward (R Navy),1,Ship Steward R Navy
Ship Steward (Unemployed),1,Ship Steward Unemployed
Ship-Builder,1,Shipbuilder
Ship-Building,1,Ship Building
Ship-Chander Merchant,1,Ship Chander Merchant
Ship-Cook,1,Ship Cook
Ship-Herd,1,Ship Herd
Ship-Stoker,1,Ship Stoker
Ship-Yard Labourers,1,Ship Yard Labourers
Ship-Yard Rivetter,1,Ship Yard Rivetter
Ship-Yard Waters Helper,1,Ship Yard Waters Helper
Shipbuilder Book-Keeper,1,Shipbuilder Book Keeper
Shipbuilding (Superintentant),1,Shipbuilding Superintentant
Shipbuilding - Driller,1,Shipbuilding Driller
Shipping Agents - Apprentice,1,Shipping Agents Apprentice
Shipping Clerk (General),1,Shipping Clerk General
Shipping Clerk-Unemployed,1,Shipping Clerk Unemployed
Shipping Office - Clerk,1,Shipping Office Clerk
Ships-Steward,1,Ships Steward
Shipwright (N.Pensioner),1,Shipwright N.Pensioner
Shipwright (unemployed),1,Shipwright unemployed
Shipwright-Wood,1,Shipwright Wood
Shipyard Iron Hand-Driller,1,Shipyard Iron Hand Driller
Shir-Maker,1,Shir Maker
Shirt - Cutter,1,Shirt Cutter
Shirt - Ironer,1,Shirt Ironer
Shirt Factory - Bookkeeper,1,Shirt Factory Bookkeeper
Shirt Factory-Artisan,1,Shirt Factory Artisan
Shirt Factory-Machinest,1,Shirt Factory Machinest
Shirt Factory-Stitcher,1,Shirt Factory Stitcher
Shirt Laundery Asst-Manager,1,Shirt Laundery Asst Manager
Shirt Maker (F.H),1,Shirt Maker F.H
Shirt Maker (Wareroom),1,Shirt Maker Wareroom
Shirt Maker-in Factory,1,Shirt Maker in Factory
Shirt Manufacturer (Manager),1,Shirt Manufacturer Manager
"Shirt, Collar, Pillow-Case and Apron Maker",1,"Shirt, Collar, Pillow Case and Apron Maker"
Shirt-Agent,1,Shirt Agent
Shirt-Cutter-in Factory,1,Shirt Cutter in Factory
Shirt-Examiner,1,Shirt Examiner
Shirt-Folder,1,Shirt Folder
Shirt-maker,1,Shirt maker
Shirt-Maker Machinist,1,Shirt Maker Machinist
Shirt-Makers,1,Shirt Makers
Shirt-Making,1,Shirt Making
Shirt-Sticher,1,Shirt Sticher
Shirt-Stitcher,1,Shirt Stitcher
Shirtmaker-at Factory,1,Shirtmaker at Factory
Sho-Maker,1,Sho Maker
Shoe - Maker Apprentice,1,Shoe Maker Apprentice
Shoe and Boot- Maker,1,Shoe and Boot Maker
Shoe Baker (Branch) Lasting,1,Shoe Baker Branch Lasting
Shoe Maker (Apprentice),1,Shoe Maker Apprentice
Shoe Maker - Master,1,Shoe Maker Master
Shoe Maker-Farmer,1,Shoe Maker Farmer
Shoe-Black,1,Shoe Black
Shoe-Hand,1,Shoe Hand
"Shoe-Maker ""Master""",1,"Shoe Maker ""Master"""
Shoe-Maker and Farmer,1,Shoe Maker and Farmer
Shoe-Maker Apprentice,1,Shoe Maker Apprentice
Shoe-Maker Wife,1,Shoe Maker Wife
Shoe-Maker's Son,1,Shoe Maker's Son
Shoe-Maker's Wife,1,Shoe Maker's Wife
Shoe-Makers Wife,1,Shoe Makers Wife
Shoe-Making,1,Shoe Making
Shoeing - Smith,1,Shoeing Smith
Shoemaker (Bencher),1,Shoemaker Bencher
Shoemaker (Cobbler),1,Shoemaker Cobbler
Shoemaker - Unemployed,1,Shoemaker Unemployed
Shoemaker-Journeyman,1,Shoemaker Journeyman
Shoemaker-master,1,Shoemaker master
Shoemaker-Retired,1,Shoemaker Retired
Shoemaker-Unemployed,1,Shoemaker Unemployed
Shoemarke-Apprentice,1,Shoemarke Apprentice
Shomaker-Journeyman,1,Shomaker Journeyman
Shoo-maker,1,Shoo maker
Shooe Maker (Master),1,Shooe Maker Master
Shop (Dairy),1,Shop Dairy
Shop (Drapers) Assistant,1,Shop Drapers Assistant
Shop (Drapery) Assistant,1,Shop Drapery Assistant
Shop (Grocers and Spirit) Assistant,1,Shop Grocers and Spirit Assistant
Shop (Wine Merchant) Assistant,1,Shop Wine Merchant Assistant
Shop - Assistant Milliner,1,Shop Assistant Milliner
Shop - Keeper (Publican),1,Shop Keeper Publican
Shop - Keeper - Boot Shop,1,Shop Keeper Boot Shop
Shop - Keeper and Publican,1,Shop Keeper and Publican
Shop - Keeper Gnal,1,Shop Keeper Gnal
Shop - Keeper Grocer,1,Shop Keeper Grocer
Shop - Oiler in Mill,1,Shop Oiler in Mill
Shop Accountant-Leather,1,Shop Accountant Leather
Shop Assist (Drapery),1,Shop Assist Drapery
Shop Assist-General Business,1,Shop Assist General Business
Shop Assist-Hardware,1,Shop Assist Hardware
Shop Assistant (Apprentice),1,Shop Assistant Apprentice
Shop Assistant (Bicycles),1,Shop Assistant Bicycles
Shop Assistant (Book Shop),1,Shop Assistant Book Shop
Shop Assistant (Book),1,Shop Assistant Book
Shop assistant (Books),1,Shop assistant Books
Shop Assistant (Boot Trade),1,Shop Assistant Boot Trade
Shop Assistant (Chemists),1,Shop Assistant Chemists
Shop Assistant (Coffer Room),1,Shop Assistant Coffer Room
Shop Assistant (Confectionery),1,Shop Assistant Confectionery
Shop Assistant (Confictionery),1,Shop Assistant Confictionery
Shop Assistant (DBC),1,Shop Assistant DBC
Shop Assistant (Draperry),1,Shop Assistant Draperry
Shop Assistant (Drapery and General Grocery),1,Shop Assistant Drapery and General Grocery
Shop Assistant (Furrier),1,Shop Assistant Furrier
Shop Assistant (Gracer),1,Shop Assistant Gracer
Shop assistant (grocer),1,Shop assistant grocer
Shop Assistant (Grocery and Spirit Trade),1,Shop Assistant Grocery and Spirit Trade
Shop Assistant (Grocery and Spirit),1,Shop Assistant Grocery and Spirit
Shop Assistant (Grocery of Her),1,Shop Assistant Grocery of Her
Shop Assistant (Grocery) (Assistant),1,Shop Assistant Grocery Assistant
Shop Assistant (Hard Work),1,Shop Assistant Hard Work
Shop Assistant (Leather Merchant),1,Shop Assistant Leather Merchant
Shop Assistant (Leather),1,Shop Assistant Leather
Shop Assistant (Pawn Broker),1,Shop Assistant Pawn Broker
Shop Assistant (Provision),1,Shop Assistant Provision
Shop Assistant (Publican),1,Shop Assistant Publican
Shop Assistant (Retired),1,Shop Assistant Retired
Shop Assistant (Spirit Trale),1,Shop Assistant Spirit Trale
Shop Assistant (Tailoring),1,Shop Assistant Tailoring
Shop Assistant (Tobaconist),1,Shop Assistant Tobaconist
Shop Assistant (unemployed),1,Shop Assistant unemployed
Shop Assistant (Wholesale Grocery Estab),1,Shop Assistant Wholesale Grocery Estab
Shop Assistant - Bookseller's,1,Shop Assistant Bookseller's
Shop Assistant - Drapery,1,Shop Assistant Drapery
Shop Assistant - Green Grocer,1,Shop Assistant Green Grocer
Shop Assistant - Grocer,1,Shop Assistant Grocer
Shop Assistant - Hardware,1,Shop Assistant Hardware
Shop Assistant at-Drapery,1,Shop Assistant at Drapery
Shop Assistant Bar-Maid,1,Shop Assistant Bar Maid
Shop Assistant in India - Rubber Business,1,Shop Assistant in India Rubber Business
Shop Assistant to (Spirit Merchant),1,Shop Assistant to Spirit Merchant
Shop Assistant-(Grocery and c),1,Shop Assistant Grocery and c
Shop Assistant-App,1,Shop Assistant App
Shop Assistant-Barmaid,1,Shop Assistant Barmaid
Shop Assistant-Book,1,Shop Assistant Book
Shop Assistant-Bookstall,1,Shop Assistant Bookstall
Shop Assistant-Confectionery,1,Shop Assistant Confectionery
Shop Assistant-Dolphi China,1,Shop Assistant Dolphi China
Shop Assistant-Domestic,1,Shop Assistant Domestic
Shop Assistant-Domestic Servt,1,Shop Assistant Domestic Servt
Shop Assistant-Draprey,1,Shop Assistant Draprey
Shop Assistant-Fruit,1,Shop Assistant Fruit
Shop Assistant-Grocer's,1,Shop Assistant Grocer's
Shop Assistant-Groceries,1,Shop Assistant Groceries
Shop Assistant-Grocers,1,Shop Assistant Grocers
Shop Assistant-Grocery and Bakery,1,Shop Assistant Grocery and Bakery
Shop Assistant-Grocery and Wine Spirits,1,Shop Assistant Grocery and Wine Spirits
Shop Assistant-Leather,1,Shop Assistant Leather
Shop Assistant-Milliner and C,1,Shop Assistant Milliner and C
Shop Assistant-Photography,1,Shop Assistant Photography
Shop Assistant-Provision,1,Shop Assistant Provision
Shop Assistant-Provision Store,1,Shop Assistant Provision Store
Shop Assistant-Publican,1,Shop Assistant Publican
Shop Assistant-Purveyor,1,Shop Assistant Purveyor
Shop Assistant-Spirit Grocers,1,Shop Assistant Spirit Grocers
Shop Assistant-Spirits,1,Shop Assistant Spirits
Shop Assistant-Spirits and Grocery,1,Shop Assistant Spirits and Grocery
Shop Assistant-Stationary,1,Shop Assistant Stationary
Shop Assistant-Stationer,1,Shop Assistant Stationer
Shop Assistant-Stationery,1,Shop Assistant Stationery
Shop Assistant-Toy's and Tavey,1,Shop Assistant Toy's and Tavey
Shop Assistant-Unemployed,1,Shop Assistant Unemployed
Shop Assistants (Grocer),1,Shop Assistants Grocer
Shop Assit (at Home),1,Shop Assit at Home
Shop Assit-New Agency,1,Shop Assit New Agency
Shop Assitant (Ironmongery),1,Shop Assitant Ironmongery
Shop Asst (Drapers),1,Shop Asst Drapers
Shop Asst (Music),1,Shop Asst Music
Shop Asst (Stationers),1,Shop Asst Stationers
Shop Asst-Millinery,1,Shop Asst Millinery
Shop Asst. (Drapers),1,Shop Asst. Drapers
Shop Boy (Drapery),1,Shop Boy Drapery
Shop Boy (Porter),1,Shop Boy Porter
Shop Boy- Grocery,1,Shop Boy Grocery
Shop Boy-Publican,1,Shop Boy Publican
Shop Girl (Bakery),1,Shop Girl Bakery
Shop Girl (Confectioner),1,Shop Girl Confectioner
Shop Girl (Confectionery),1,Shop Girl Confectionery
Shop girl (Draper),1,Shop girl Draper
Shop Girl (Grocery),1,Shop Girl Grocery
Shop Girl (Spirit Merchant),1,Shop Girl Spirit Merchant
Shop Girl (Stationery),1,Shop Girl Stationery
Shop Girl - Hardware,1,Shop Girl Hardware
Shop Girl-Boots,1,Shop Girl Boots
Shop Girl-Boots Dept,1,Shop Girl Boots Dept
Shop Girl-Confectionery,1,Shop Girl Confectionery
Shop Girl-Draperess,1,Shop Girl Draperess
Shop Girl-Drapery,1,Shop Girl Drapery
Shop Girl-Grocers,1,Shop Girl Grocers
Shop Girl-Grocery,1,Shop Girl Grocery
Shop Girl-Liquor Trade,1,Shop Girl Liquor Trade
Shop Girl-Stationery,1,Shop Girl Stationery
Shop Herd (Boot Shops),1,Shop Herd Boot Shops
Shop Keeper (Boot and Shoe Dept),1,Shop Keeper Boot and Shoe Dept
Shop Keeper (Boot Warehouse),1,Shop Keeper Boot Warehouse
Shop Keeper (Boots),1,Shop Keeper Boots
Shop Keeper (Chandlery and C),1,Shop Keeper Chandlery and C
Shop Keeper (Chandlery and Tobacco),1,Shop Keeper Chandlery and Tobacco
Shop Keeper (Confecty),1,Shop Keeper Confecty
Shop Keeper (Cook),1,Shop Keeper Cook
Shop Keeper (Dairy),1,Shop Keeper Dairy
Shop Keeper (Dealer),1,Shop Keeper Dealer
Shop Keeper (Delph Dealer),1,Shop Keeper Delph Dealer
Shop Keeper (Delph Glass and ?),1,Shop Keeper Delph Glass and ?
Shop Keeper (Drapers),1,Shop Keeper Drapers
Shop Keeper (Farmer),1,Shop Keeper Farmer
Shop Keeper (Flour and Mill),1,Shop Keeper Flour and Mill
Shop Keeper (General),1,Shop Keeper General
Shop Keeper (Green Grocer),1,Shop Keeper Green Grocer
Shop Keeper (Grocer and Provision),1,Shop Keeper Grocer and Provision
Shop Keeper (Grocer) Farmer,1,Shop Keeper Grocer Farmer
Shop Keeper (Grocers Provision),1,Shop Keeper Grocers Provision
Shop Keeper (Grocery and c),1,Shop Keeper Grocery and c
Shop Keeper (Grocery and Fancy Warehouse),1,Shop Keeper Grocery and Fancy Warehouse
Shop Keeper (Grocery and Hardware),1,Shop Keeper Grocery and Hardware
Shop Keeper (House Meal),1,Shop Keeper House Meal
Shop Keeper (Lothier),1,Shop Keeper Lothier
Shop Keeper (Post Office),1,Shop Keeper Post Office
Shop Keeper (Post Office) Wife,1,Shop Keeper Post Office Wife
Shop Keeper (Provisions),1,Shop Keeper Provisions
Shop Keeper (Public-House),1,Shop Keeper Public House
Shop Keeper (Publican,1,Shop Keeper Publican
Shop Keeper (Publin House),1,Shop Keeper Publin House
Shop Keeper (Retired),1,Shop Keeper Retired
Shop Keeper (Servant),1,Shop Keeper Servant
Shop Keeper (Statires),1,Shop Keeper Statires
Shop Keeper (Tea),1,Shop Keeper Tea
"Shop Keeper (Tea, Job, and c)",1,"Shop Keeper Tea, Job, and c"
Shop Keeper (Tobbaconist and C),1,Shop Keeper Tobbaconist and C
Shop Keeper (Tobbaconist),1,Shop Keeper Tobbaconist
Shop Keeper (Warehouse Merchant),1,Shop Keeper Warehouse Merchant
Shop Keeper - Draper,1,Shop Keeper Draper
Shop Keeper - Fruiterer,1,Shop Keeper Fruiterer
Shop Keeper - General,1,Shop Keeper General
Shop Keeper - Harware,1,Shop Keeper Harware
Shop Keeper - Retired,1,Shop Keeper Retired
Shop Keeper - Stationery and Confectionery,1,Shop Keeper Stationery and Confectionery
Shop Keeper - Tobacconist,1,Shop Keeper Tobacconist
Shop Keeper - Ware Dealer,1,Shop Keeper Ware Dealer
Shop Keeper and (Grocer),1,Shop Keeper and Grocer
Shop Keeper and Farmer (Grocer),1,Shop Keeper and Farmer Grocer
Shop Keeper and Post-Mistress,1,Shop Keeper and Post Mistress
Shop Keeper and Weaver (Wine and Spirit Merchant),1,Shop Keeper and Weaver Wine and Spirit Merchant
Shop Keeper Pab-House,1,Shop Keeper Pab House
Shop Keeper-Assistant,1,Shop Keeper Assistant
Shop Keeper-Boot and Shoe,1,Shop Keeper Boot and Shoe
Shop Keeper-Confectioner,1,Shop Keeper Confectioner
Shop Keeper-Confectionery and c,1,Shop Keeper Confectionery and c
Shop Keeper-Dairy,1,Shop Keeper Dairy
Shop Keeper-Fancy,1,Shop Keeper Fancy
Shop Keeper-Farmer,1,Shop Keeper Farmer
Shop Keeper-Grocer and Spirit,1,Shop Keeper Grocer and Spirit
Shop Keeper-Meal,1,Shop Keeper Meal
Shop Keeper-Provison,1,Shop Keeper Provison
Shop Keeper-Pub. House (Wine and Spirit),1,Shop Keeper Pub. House Wine and Spirit
Shop Keeper-Soft Goods,1,Shop Keeper Soft Goods
Shop Keeper-Spirits and Grocerias,1,Shop Keeper Spirits and Grocerias
Shop Keeper-Tea Wine Spirit Merchant,1,Shop Keeper Tea Wine Spirit Merchant
Shop Keeper-Tobacconist,1,Shop Keeper Tobacconist
Shop Keeper-Vegetable and c,1,Shop Keeper Vegetable and c
Shop Keepr - Provisions,1,Shop Keepr Provisions
Shop Maid (Grocery),1,Shop Maid Grocery
Shop Man (Boot Trade),1,Shop Man Boot Trade
Shop Man (Dairy),1,Shop Man Dairy
Shop Man (Drapery),1,Shop Man Drapery
Shop man (Drepery),1,Shop man Drepery
Shop Man (Ironmonger),1,Shop Man Ironmonger
Shop Man - Electric Fitting,1,Shop Man Electric Fitting
Shop Man - Grocer,1,Shop Man Grocer
Shop Man-Hardware and Ironmongery Trade,1,Shop Man Hardware and Ironmongery Trade
Shop man-Pawnbroking,1,Shop man Pawnbroking
Shop Man-Tea Trade,1,Shop Man Tea Trade
Shop Manager (Bookshop),1,Shop Manager Bookshop
Shop Manager (Grocery and Provision),1,Shop Manager Grocery and Provision
Shop Manager (Provision Trade),1,Shop Manager Provision Trade
Shop Manager-Grocery and General Stores,1,Shop Manager Grocery and General Stores
Shop Porter (Draper),1,Shop Porter Draper
Shop Porter (Grocers) Unemployed,1,Shop Porter Grocers Unemployed
Shop Porter - Draper,1,Shop Porter Draper
Shop Woman-Grocery,1,Shop Woman Grocery
Shop- Apprentice,1,Shop Apprentice
Shop- Keeper Grocery,1,Shop Keeper Grocery
Shop-Accountant,1,Shop Accountant
Shop-Apprentice,1,Shop Apprentice
Shop-Assisant,1,Shop Assisant
Shop-Assistant (Grocer),1,Shop Assistant Grocer
Shop-Assistant (Stationery),1,Shop Assistant Stationery
Shop-Assistant Draper,1,Shop Assistant Draper
Shop-Assistant in Bakery,1,Shop Assistant in Bakery
Shop-Assistant Provisions,1,Shop Assistant Provisions
Shop-Assistant Provs,1,Shop Assistant Provs
Shop-Assistant-Hardware,1,Shop Assistant Hardware
Shop-Assistant-News Agent,1,Shop Assistant News Agent
Shop-Assistant-Provision,1,Shop Assistant Provision
Shop-Boy Grocer,1,Shop Boy Grocer
Shop-Boy Grocers,1,Shop Boy Grocers
Shop-Boy Grocery,1,Shop Boy Grocery
Shop-Boy Grocier,1,Shop Boy Grocier
Shop-Domestic Servant,1,Shop Domestic Servant
Shop-Entertainment,1,Shop Entertainment
Shop-Girl (Drapery),1,Shop Girl Drapery
Shop-Girl-Drapery,1,Shop Girl Drapery
Shop-Girl-Ironmongery,1,Shop Girl Ironmongery
Shop-Grocer Cattle Dealer,1,Shop Grocer Cattle Dealer
Shop-Grocery,1,Shop Grocery
Shop-Grocery Carowner,1,Shop Grocery Carowner
Shop-Herd,1,Shop Herd
Shop-Keeper (Dairy),1,Shop Keeper Dairy
Shop-Keeper (Drapery),1,Shop Keeper Drapery
Shop-Keeper (General),1,Shop Keeper General
Shop-Keeper (Publican),1,Shop Keeper Publican
Shop-Keeper - Provison,1,Shop Keeper Provison
Shop-Keeper and Baker,1,Shop Keeper and Baker
Shop-Keeper and Boot Merchant,1,Shop Keeper and Boot Merchant
Shop-Keeper and C,1,Shop Keeper and C
Shop-Keeper and Cottier,1,Shop Keeper and Cottier
Shop-Keeper and Farmers,1,Shop Keeper and Farmers
Shop-Keeper and Musician,1,Shop Keeper and Musician
Shop-Keeper and Postmistress,1,Shop Keeper and Postmistress
Shop-Keeper Assistant,1,Shop Keeper Assistant
Shop-Keeper Confectioner,1,Shop Keeper Confectioner
Shop-Keeper Confectionery,1,Shop Keeper Confectionery
Shop-Keeper Daughter,1,Shop Keeper Daughter
Shop-Keeper Grocery,1,Shop Keeper Grocery
Shop-Keeper Grocery and Provision,1,Shop Keeper Grocery and Provision
Shop-Keeper Hardware,1,Shop Keeper Hardware
Shop-Keeper Publican and c,1,Shop Keeper Publican and c
Shop-Keeper Tobacconist,1,Shop Keeper Tobacconist
Shop-Keeper's Son,1,Shop Keeper's Son
Shop-Keeper's Wife,1,Shop Keeper's Wife
Shop-Keeper-Boot and Shoe,1,Shop Keeper Boot and Shoe
Shop-Keeper-Grocery,1,Shop Keeper Grocery
Shop-Keeper-Provisions Tobacco Spn and c.,1,Shop Keeper Provisions Tobacco Spn and c.
Shop-Keepers Son,1,Shop Keepers Son
Shop-Keeping,1,Shop Keeping
Shop-Keepr,1,Shop Keepr
Shop-Keepr Publican,1,Shop Keepr Publican
Shop-Kepper,1,Shop Kepper
Shop-Man and Farmer,1,Shop Man and Farmer
Shop-Man Draper,1,Shop Man Draper
Shop-Man Seed and Leather,1,Shop Man Seed and Leather
Shop-Man-Grocer and Farmer,1,Shop Man Grocer and Farmer
Shop-Message Boy,1,Shop Message Boy
Shop-Porter (Grocer),1,Shop Porter Grocer
Shop-Regger,1,Shop Regger
Shop-Vegetable Confectionery,1,Shop Vegetable Confectionery
Shop-Woman and House-Keeper,1,Shop Woman and House Keeper
Shopassistant-China and Delf,1,Shopassistant China and Delf
Shopboy-Spirit Trade,1,Shopboy Spirit Trade
Shoper an-Ironmongery,1,Shoper an Ironmongery
Shopgirl (Stationary) and Fancy Goods,1,Shopgirl Stationary and Fancy Goods
Shopgirl-China Shop,1,Shopgirl China Shop
Shopgirl-Stationery,1,Shopgirl Stationery
Shopkeeper (Caps),1,Shopkeeper Caps
Shopkeeper (Chanalery and c),1,Shopkeeper Chanalery and c
Shopkeeper (Confectionary),1,Shopkeeper Confectionary
Shopkeeper (Confectioner),1,Shopkeeper Confectioner
Shopkeeper (Confectionery),1,Shopkeeper Confectionery
Shopkeeper (Drapery),1,Shopkeeper Drapery
Shopkeeper (Fancy),1,Shopkeeper Fancy
Shopkeeper (Flourite Meals),1,Shopkeeper Flourite Meals
Shopkeeper (General Business),1,Shopkeeper General Business
Shopkeeper (General),1,Shopkeeper General
ShopKeeper (Grocer),1,ShopKeeper Grocer
Shopkeeper (Harness Maker),1,Shopkeeper Harness Maker
Shopkeeper (Huckster),1,Shopkeeper Huckster
Shopkeeper (Ironmonger),1,Shopkeeper Ironmonger
Shopkeeper (Provision Merchant),1,Shopkeeper Provision Merchant
Shopkeeper (Provisions and Grocary),1,Shopkeeper Provisions and Grocary
Shopkeeper (Publicin),1,Shopkeeper Publicin
Shopkeeper (Stationers),1,Shopkeeper Stationers
Shopkeeper (Stationery),1,Shopkeeper Stationery
Shopkeeper (Vintner),1,Shopkeeper Vintner
Shopkeeper - at (own) Home,1,Shopkeeper at own Home
Shopkeeper - Broker,1,Shopkeeper Broker
Shopkeeper - Cook and Shoes,1,Shopkeeper Cook and Shoes
Shopkeeper - Draper,1,Shopkeeper Draper
Shopkeeper - Hotel,1,Shopkeeper Hotel
Shopkeeper - Provisions,1,Shopkeeper Provisions
Shopkeeper - Publican,1,Shopkeeper Publican
Shopkeeper and Farmer (Book and c),1,Shopkeeper and Farmer Book and c
Shopkeeper Carpenter-Master,1,Shopkeeper Carpenter Master
Shopkeeper Dairy (Milk Butter),1,Shopkeeper Dairy Milk Butter
Shopkeeper Farmer (Spirits),1,Shopkeeper Farmer Spirits
Shopkeeper(Publican),1,ShopkeeperPublican
"Shopkeeper, (Mill)",1,"Shopkeeper, Mill"
Shopkeeper-(General Merchant),1,Shopkeeper General Merchant
Shopkeeper-(Vegetables),1,Shopkeeper Vegetables
Shopkeeper-Bread and C,1,Shopkeeper Bread and C
"Shopkeeper-Bread, Coach and c",1,"Shopkeeper Bread, Coach and c"
Shopkeeper-Broker,1,Shopkeeper Broker
Shopkeeper-Confectionery,1,Shopkeeper Confectionery
Shopkeeper-Delf and China,1,Shopkeeper Delf and China
Shopkeeper-Delph,1,Shopkeeper Delph
Shopkeeper-Drapery,1,Shopkeeper Drapery
Shopkeeper-Fancy Goods,1,Shopkeeper Fancy Goods
Shopkeeper-Farmer's Wife,1,Shopkeeper Farmer's Wife
Shopkeeper-General,1,Shopkeeper General
Shopkeeper-Grocer and c,1,Shopkeeper Grocer and c
Shopkeeper-Grocere and C,1,Shopkeeper Grocere and C
Shopkeeper-Groceres,1,Shopkeeper Groceres
Shopkeeper-Hardware,1,Shopkeeper Hardware
Shopkeeper-Newsagent,1,Shopkeeper Newsagent
Shopkeeper-Publican and Farmer,1,Shopkeeper Publican and Farmer
Shopkeeper-Stationery,1,Shopkeeper Stationery
Shopkeeper-Stationery and Fancy Business,1,Shopkeeper Stationery and Fancy Business
Shopkeeper-Tailoring,1,Shopkeeper Tailoring
Shopkeeper-Tea Wine and Spirit Dealer-Shop Assistant to No 1,1,Shopkeeper Tea Wine and Spirit Dealer Shop Assistant to No 1
Shopkeepers (Grocery),1,Shopkeepers Grocery
Shopkeer-Grocery and Haber Doahery,1,Shopkeer Grocery and Haber Doahery
Shopmaid (Publican),1,Shopmaid Publican
Shopman (Apprentice),1,Shopman Apprentice
Shopman (Bakery),1,Shopman Bakery
Shopman (Boot Trade),1,Shopman Boot Trade
Shopman (Boot),1,Shopman Boot
Shopman (Clothier),1,Shopman Clothier
Shopman (Fine Art and Stationery),1,Shopman Fine Art and Stationery
Shopman (Grocer and Publican),1,Shopman Grocer and Publican
Shopman (Grocers),1,Shopman Grocers
Shopman (Grocery) Unemployed,1,Shopman Grocery Unemployed
Shopman (Hard Ware),1,Shopman Hard Ware
Shopman (Hatters),1,Shopman Hatters
Shopman (Outfitters),1,Shopman Outfitters
Shopman (Pawnbroking),1,Shopman Pawnbroking
Shopman (Spirits),1,Shopman Spirits
Shopman (Stationery),1,Shopman Stationery
Shopman (Tailors,1,Shopman Tailors
Shopman (Tea),1,Shopman Tea
Shopman (Wallpaper),1,Shopman Wallpaper
Shopman (Waterproofs),1,Shopman Waterproofs
Shopman (Wine Merchant),1,Shopman Wine Merchant
Shopman - Chemist,1,Shopman Chemist
Shopman - Draper,1,Shopman Draper
Shopman - Grocer,1,Shopman Grocer
Shopman - Grocery,1,Shopman Grocery
Shopman - Provision,1,Shopman Provision
Shopman - Provisions,1,Shopman Provisions
Shopman - Wines and Spirits,1,Shopman Wines and Spirits
Shopman Assistant to Book - Seller,1,Shopman Assistant to Book Seller
Shopman Draper (Unemployed),1,Shopman Draper Unemployed
Shopman Grocer (App),1,Shopman Grocer App
Shopman Grocer (Manager),1,Shopman Grocer Manager
Shopman Spirit-Store,1,Shopman Spirit Store
"Shopman, (Spirt)",1,"Shopman, Spirt"
Shopman-Book Trade,1,Shopman Book Trade
Shopman-Booksellers,1,Shopman Booksellers
Shopman-Boot Trade,1,Shopman Boot Trade
Shopman-Boots,1,Shopman Boots
Shopman-Chandler,1,Shopman Chandler
Shopman-Clothier,1,Shopman Clothier
Shopman-Flour-Dealer,1,Shopman Flour Dealer
Shopman-Gent's Clothing,1,Shopman Gent's Clothing
Shopman-Grocer and Spirit,1,Shopman Grocer and Spirit
Shopman-Grocer's,1,Shopman Grocer's
Shopman-Grocery and Provision,1,Shopman Grocery and Provision
Shopman-Grocery and Spirit Dealer and Farmer,1,Shopman Grocery and Spirit Dealer and Farmer
Shopman-IronMongar,1,Shopman IronMongar
Shopman-Ironmonger,1,Shopman Ironmonger
Shopman-Jewellers,1,Shopman Jewellers
Shopman-Liquor,1,Shopman Liquor
Shopman-Meal and Flour,1,Shopman Meal and Flour
Shopman-Minl Water,1,Shopman Minl Water
Shopman-Pawnbroker,1,Shopman Pawnbroker
Shopman-Provisions,1,Shopman Provisions
Shopman-Sewing Machine,1,Shopman Sewing Machine
Shopman-Spirit and Grocery,1,Shopman Spirit and Grocery
Shopman-Spirit Grocery,1,Shopman Spirit Grocery
Shopman-Spririt,1,Shopman Spririt
Shopman-Tobacco,1,Shopman Tobacco
Shopman-Whiskey,1,Shopman Whiskey
Shopman-Wholesale Readymade Mens Clothing,1,Shopman Wholesale Readymade Mens Clothing
Shopman-Wine and Spirit Trade,1,Shopman Wine and Spirit Trade
Shopporter (Draper),1,Shopporter Draper
Shops Keeper (Grocery),1,Shops Keeper Grocery
Shopwoman-Bakery,1,Shopwoman Bakery
Shopwoman-draperess,1,Shopwoman draperess
Shopwoman-General Business,1,Shopwoman General Business
Shorad Worker (linen),1,Shorad Worker linen
Short-Assistant,1,Short Assistant
Short-Hand and Typist,1,Short Hand and Typist
Short-Hand Teacher,1,Short Hand Teacher
Short-Hand Writer and Typist,1,Short Hand Writer and Typist
Shorthand - Typist,1,Shorthand Typist
Shorthand and Type-writer Clerk,1,Shorthand and Type writer Clerk
Shorthand and Type-writter,1,Shorthand and Type writter
Shorthand and Typist (Trade),1,Shorthand and Typist Trade
Shorthand Clerk-Newspaper,1,Shorthand Clerk Newspaper
Shorthand Clerk-Unemployed,1,Shorthand Clerk Unemployed
Shorthand Writer - Newspaper,1,Shorthand Writer Newspaper
Shorthand Writer and (Typist),1,Shorthand Writer and Typist
"Shorthand Writer, Typist and Book-Keeper in Office",1,"Shorthand Writer, Typist and Book Keeper in Office"
Shorthand-Writer and Solicitors General Clerk,1,Shorthand Writer and Solicitors General Clerk
Shorthand-Writer and Typist,1,Shorthand Writer and Typist
Shorthand-writer and Typist,1,Shorthand writer and Typist
Shorthend - Writer,1,Shorthend Writer
Show and Gelatiner (Unemployed),1,Show and Gelatiner Unemployed
Show Card-Cutter in Print-Works,1,Show Card Cutter in Print Works
Show-Card Fineshrer,1,Show Card Fineshrer
Show-Card-Finisher,1,Show Card Finisher
Shp-Keeper Wife,1,Shp Keeper Wife
Shunter (Railway),1,Shunter Railway
Shunter-(Railway),1,Shunter Railway
Sick-Attendant,1,Sick Attendant
Sick-Nurse,1,Sick Nurse
Sieve-Maker,1,Sieve Maker
Sight-Porter,1,Sight Porter
Signal - Man,1,Signal Man
Signal Man-Railway,1,Signal Man Railway
Signal-Clerk,1,Signal Clerk
Signal-Man G.N Railway,1,Signal Man G.N Railway
Signal-Man on Railway,1,Signal Man on Railway
Signalman (Railway),1,Signalman Railway
Silk Lace-Worker,1,Silk Lace Worker
Silk-Weaver,1,Silk Weaver
Silk-Winder unemployed,1,Silk Winder unemployed
Silver Miner (Home on Visit),1,Silver Miner Home on Visit
Silver-Chaser,1,Silver Chaser
Silver-Plater,1,Silver Plater
Silversmith (aipe Mounter),1,Silversmith aipe Mounter
Sine - Maker,1,Sine Maker
Singer-Dancer,1,Singer Dancer
Sip - Carpenter,1,Sip Carpenter
Sirt-Land Agent,1,Sirt Land Agent
Sirt-maker,1,Sirt maker
Sister - in - Law,1,Sister in Law
Sister in Law-Store,1,Sister in Law Store
Sister-Farmer,1,Sister Farmer
Sister-Worke on Farm,1,Sister Worke on Farm
Skater-Teacher,1,Skater Teacher
Skilled Labourer (Gardener Domestic),1,Skilled Labourer Gardener Domestic
Skin-Binder,1,Skin Binder
Skin-Dealer,1,Skin Dealer
Skin-Dealers Grand Daughter,1,Skin Dealers Grand Daughter
Skipper (Jacht),1,Skipper Jacht
Skirt-Maker,1,Skirt Maker
Slate-Dresser and Farmer,1,Slate Dresser and Farmer
Slater (Apprentice),1,Slater Apprentice
Slater-Retired,1,Slater Retired
Slater-Unemployed,1,Slater Unemployed
Slaters - Apprentice,1,Slaters Apprentice
Slotter at Iron - Works,1,Slotter at Iron Works
Slupy of Boiler-Maker,1,Slupy of Boiler Maker
Smack - owner,1,Smack owner
Small Farmer and Agricultural Labourer-Stone Breaker,1,Small Farmer and Agricultural Labourer Stone Breaker
Small-Farmer,1,Small Farmer
Small-Grocer,1,Small Grocer
Smith (Carriage),1,Smith Carriage
Smith (General),1,Smith General
Smith and Farrier-Master,1,Smith and Farrier Master
Smith-Farrier,1,Smith Farrier
Smith-Nailor,1,Smith Nailor
Smiths - Helper,1,Smiths Helper
Smiths - Helper Unemployed,1,Smiths Helper Unemployed
Smoother (Factory),1,Smoother Factory
Smoother (Handkerchief),1,Smoother Handkerchief
Smoother (Linen),1,Smoother Linen
Smoother-Embroidery Factory,1,Smoother Embroidery Factory
Smoother-Hemstitching Factory,1,Smoother Hemstitching Factory
Smoother-Laundry,1,Smoother Laundry
Smoother-Warehouse,1,Smoother Warehouse
Smootherer (Warehouse),1,Smootherer Warehouse
Smyth Helper in Ship-Yard,1,Smyth Helper in Ship Yard
So Sdiet-Qm Sergeant,1,So Sdiet Qm Sergeant
Soap - Maker,1,Soap Maker
Soap - Stamper,1,Soap Stamper
Soap Manufacturer (Master) and Oil Merchant,1,Soap Manufacturer Master and Oil Merchant
Soap Works - Labourer,1,Soap Works Labourer
Soap-Boiler,1,Soap Boiler
Society Agent (Refuge),1,Society Agent Refuge
Society-Agent,1,Society Agent
Soda Water Bottler (Unemployed),1,Soda Water Bottler Unemployed
"Soda-Water, Bottler",1,"Soda Water, Bottler"
Soldiar ( M Fs),1,Soldiar M Fs
Soldier (2 Master),1,Soldier 2 Master
Soldier (4th) R B,1,Soldier 4th R B
Soldier (?r Mr Sergt),1,Soldier ?r Mr Sergt
Soldier (army Schoolmaster),1,Soldier army Schoolmaster
Soldier (Boncbr R.A),1,Soldier Boncbr R.A
Soldier (Clerk),1,Soldier Clerk
Soldier (Color Sergt),1,Soldier Color Sergt
Soldier (Corl) Royal Reserve Regt,1,Soldier Corl Royal Reserve Regt
Soldier (Corp),1,Soldier Corp
Soldier (Corporal Army Pay Corps),1,Soldier Corporal Army Pay Corps
Soldier (Corporal),1,Soldier Corporal
Soldier (Discharged),1,Soldier Discharged
Soldier (Dischd),1,Soldier Dischd
Soldier (Infant of List),1,Soldier Infant of List
Soldier (Infantry),1,Soldier Infantry
Soldier (L/Cpl) (M F.B),1,Soldier L/Cpl M F.B
Soldier (Limerick Co Militia),1,Soldier Limerick Co Militia
Soldier (Military Foreman of Works Royal Engineers Quarter Master Sergeat),1,Soldier Military Foreman of Works Royal Engineers Quarter Master Sergeat
Soldier (On Farlough),1,Soldier On Farlough
Soldier (on Furlaugh),1,Soldier on Furlaugh
Soldier (on Leave-Connaught Rangers),1,Soldier on Leave Connaught Rangers
Soldier (Pensioner),1,Soldier Pensioner
Soldier (Private) (Royal Scottish Reserve),1,Soldier Private Royal Scottish Reserve
Soldier (Private. 1st Enniskillen Fusilier),1,Soldier Private. 1st Enniskillen Fusilier
Soldier (Reserve),1,Soldier Reserve
Soldier (Sergeant),1,Soldier Sergeant
Soldier (Sergt) Infantry,1,Soldier Sergt Infantry
Soldier (Sergt.),1,Soldier Sergt.
Soldier (Sergt: Corps Army Pay),1,Soldier Sergt: Corps Army Pay
Soldier (Warrant Officer do Carps),1,Soldier Warrant Officer do Carps
Soldier - Private 1st Batt. R. Walch Regt.,1,Soldier Private 1st Batt. R. Walch Regt.
Soldier 9th D Lancas (Private),1,Soldier 9th D Lancas Private
Soldier Dublin Fuselies (Private),1,Soldier Dublin Fuselies Private
Soldier Half Pay List Late 1st-Dragoon Guard 1st Lieutenant,1,Soldier Half Pay List Late 1st Dragoon Guard 1st Lieutenant
Soldier Infantry-Labourer,1,Soldier Infantry Labourer
Soldier King's Royal Rifles (On Fierlough),1,Soldier King's Royal Rifles On Fierlough
Soldier on (Working) Inslough,1,Soldier on Working Inslough
Soldier Private (Royal Irish),1,Soldier Private Royal Irish
Soldier Private-18th R I Regt,1,Soldier Private 18th R I Regt
Soldier R.I.R (Bugler),1,Soldier R.I.R Bugler
Soldier Regular Force (Sergt),1,Soldier Regular Force Sergt
Soldier Sgt 8th (W.R.I) Hussare,1,Soldier Sgt 8th W.R.I Hussare
Soldier Sir (R.D.I),1,Soldier Sir R.D.I
"Soldier, (S.Q.M.S.)",1,"Soldier, S.Q.M.S."
"Soldier, (Sergeant) Royal Irish Rifles",1,"Soldier, Sergeant Royal Irish Rifles"
"Soldier, Sergeant, (R. T. F.) Infantry",1,"Soldier, Sergeant, R. T. F. Infantry"
Soldier-2nd Bn R I Rifles (On Furlough),1,Soldier 2nd Bn R I Rifles On Furlough
Soldier-?,1,Soldier ?
Soldier-Bugler W. R. F. Rifles,1,Soldier Bugler W. R. F. Rifles
Soldier-Cr Sergeant 6th BNR Irish Rifles,1,Soldier Cr Sergeant 6th BNR Irish Rifles
Soldier-Dublin Fus.,1,Soldier Dublin Fus.
Soldier-Ivalided from the South African War,1,Soldier Ivalided from the South African War
Soldier-on Furlough,1,Soldier on Furlough
Soldier-Pensioner from 77th Foot,1,Soldier Pensioner from 77th Foot
Soldier-Private 1st R. Inneskilling Fusiliers,1,Soldier Private 1st R. Inneskilling Fusiliers
Soldiers Wife (Cook),1,Soldiers Wife Cook
Soldiers Wife - Obtaing Separation Allowance,1,Soldiers Wife Obtaing Separation Allowance
Soliciton Articled-Clerk,1,Soliciton Articled Clerk
Solicitor (B. A. and L. H. D. Royal University Undergraduate R. U. I.),1,Solicitor B. A. and L. H. D. Royal University Undergraduate R. U. I.
Solicitor (Brown),1,Solicitor Brown
Solicitor (Inactual Practise),1,Solicitor Inactual Practise
Solicitor (M A),1,Solicitor M A
Solicitor (M D T C D M R C S not Practising),1,Solicitor M D T C D M R C S not Practising
Solicitor (Printing),1,Solicitor Printing
Solicitor - Civil Servant Chief Cronn Solr Department,1,Solicitor Civil Servant Chief Cronn Solr Department
Solicitor - Hot Practising,1,Solicitor Hot Practising
Solicitor and Notary B.A. - L.U. Ireland,1,Solicitor and Notary B.A. L.U. Ireland
Solicitor Clerk (General),1,Solicitor Clerk General
Solicitor Clerk - General,1,Solicitor Clerk General
Solicitor M.A (Dublin),1,Solicitor M.A Dublin
Solicitor Post (General),1,Solicitor Post General
Solicitor Private and (Royal Irish Rifles),1,Solicitor Private and Royal Irish Rifles
Solicitor's (Shorthand) Clerk,1,Solicitor's Shorthand Clerk
Solicitor's Assistant (General Clerk),1,Solicitor's Assistant General Clerk
Solicitor's Book-Keeper Cashier,1,Solicitor's Book Keeper Cashier
Solicitor's Clerk (Articled),1,Solicitor's Clerk Articled
Solicitor's Clerk (Pensioner R.I.C.),1,Solicitor's Clerk Pensioner R.I.C.
Solicitor's Clerk - General,1,Solicitor's Clerk General
Solicitor's Genl. Clerk (Under Graduate (2nd Arts) Royal University),1,Solicitor's Genl. Clerk Under Graduate 2nd Arts Royal University
Solicitor-Job's Dept G.P.O.,1,Solicitor Job's Dept G.P.O.
Solicitor-M. A. and L L. B. (T. C. D.),1,Solicitor M. A. and L L. B. T. C. D.
Solicitor-Town Clerk,1,Solicitor Town Clerk
Solicitors (Managing) Clerk,1,Solicitors Managing Clerk
Solicitors Apprenties Ba(Dub),1,Solicitors Apprenties BaDub
Solicitors Articled Clerk (Apprentice),1,Solicitors Articled Clerk Apprentice
Solicitors Clerk (Apprentice),1,Solicitors Clerk Apprentice
Solicitors Clerk (Cost Brawer),1,Solicitors Clerk Cost Brawer
Solicitors Clerk (Junior),1,Solicitors Clerk Junior
Solicitors Clerk (Not Employed),1,Solicitors Clerk Not Employed
Solicitors Clerk Gl. Short-Hand,1,Solicitors Clerk Gl. Short Hand
Solicitors Clerk-(General),1,Solicitors Clerk General
Solicitors General - Clerk,1,Solicitors General Clerk
Solicitors General Clerk-Farmer,1,Solicitors General Clerk Farmer
Solicitors Managing Clerk (Retired),1,Solicitors Managing Clerk Retired
Solicitors Managing Clerk (Unemployed),1,Solicitors Managing Clerk Unemployed
Solicttors Assistant (General Clark),1,Solicttors Assistant General Clark
Solr's Artickled Clerk (Apprentice),1,Solr's Artickled Clerk Apprentice
Solrs Clerk (Apprentice),1,Solrs Clerk Apprentice
Son (Labourer),1,Son Labourer
Son (Male Child),1,Son Male Child
Son (None),1,Son None
Son (Scholar),1,Son Scholar
Son of Same (Scholar),1,Son of Same Scholar
Son-in law,1,Son in law
Sop-Keeper,1,Sop Keeper
Sorter (G.P.O.),1,Sorter G.P.O.
Sorter (General P Office),1,Sorter General P Office
Sorter (Linen),1,Sorter Linen
Sorter (Post Office),1,Sorter Post Office
Sorter and Telegraphist (G. P. O),1,Sorter and Telegraphist G. P. O
Sorter G.P.O London (Resigned),1,Sorter G.P.O London Resigned
Sorter-Spinning Mill,1,Sorter Spinning Mill
Sorting - Clerk and Telegraphist G.P.O,1,Sorting Clerk and Telegraphist G.P.O
Sorting Ck and Telegraphist (Post Office),1,Sorting Ck and Telegraphist Post Office
Sorting Clark and Telegraphist (Po),1,Sorting Clark and Telegraphist Po
Sorting Clerk and Tel't (G P O),1,Sorting Clerk and Tel't G P O
Sorting Clerk and Telegraph (G P O),1,Sorting Clerk and Telegraph G P O
Sorting Clerk and Telegraphist (G. P. C.),1,Sorting Clerk and Telegraphist G. P. C.
Sorting Clerk and Telegraphist (P. O),1,Sorting Clerk and Telegraphist P. O
Sorting Clerk and Telegraphist (Supervising) Post Office,1,Sorting Clerk and Telegraphist Supervising Post Office
"Sorting Clerk and Telegraphist, Post - Office",1,"Sorting Clerk and Telegraphist, Post Office"
Sorting Clerk and Telgt-Post Office,1,Sorting Clerk and Telgt Post Office
Sorting Clerk and Telt (Supering) Postoffice,1,Sorting Clerk and Telt Supering Postoffice
Sorting Clerk and Telt-Postoffice,1,Sorting Clerk and Telt Postoffice
Sorting Clerk G.P.D. (Retired),1,Sorting Clerk G.P.D. Retired
Sorting Clerk-Post Office,1,Sorting Clerk Post Office
Sorting Clerk-Telegraphist,1,Sorting Clerk Telegraphist
Sorting Clerk-Telegraphist (Post Office),1,Sorting Clerk Telegraphist Post Office
Sorting-Clerk and Telegraphist,1,Sorting Clerk and Telegraphist
Sortor General Post Office London - now on Vacation,1,Sortor General Post Office London now on Vacation
Sov-Asst Where Sov Pr Inland,1,Sov Asst Where Sov Pr Inland
Spade Maker-Finisher,1,Spade Maker Finisher
Spindle Maker (Turner),1,Spindle Maker Turner
Spindle-Flyer Maker,1,Spindle Flyer Maker
Spiner (Linen),1,Spiner Linen
Spiner (Wool),1,Spiner Wool
Spiner-Linen,1,Spiner Linen
Spinner (Factory),1,Spinner Factory
Spinner (Flax Mill),1,Spinner Flax Mill
Spinner (Flax) Mill Worker,1,Spinner Flax Mill Worker
Spinner (Jute),1,Spinner Jute
Spinner (Linen Factory),1,Spinner Linen Factory
Spinner (Linen Thread),1,Spinner Linen Thread
Spinner (Linen Yarn),1,Spinner Linen Yarn
Spinner (Linen) Unemployed,1,Spinner Linen Unemployed
Spinner (Woollen),1,Spinner Woollen
Spinner - Flax Mill,1,Spinner Flax Mill
Spinner - in Flax - Mill,1,Spinner in Flax Mill
Spinner - in Mill,1,Spinner in Mill
Spinner - Linen Factory,1,Spinner Linen Factory
Spinner - Yarn,1,Spinner Yarn
Spinner - Yarn Mill,1,Spinner Yarn Mill
Spinner Flax (Spinning Factory,1,Spinner Flax Spinning Factory
Spinner in Factory (Linen),1,Spinner in Factory Linen
Spinner in Linen Factory (Yarn),1,Spinner in Linen Factory Yarn
Spinner in Mill (Yarn),1,Spinner in Mill Yarn
Spinner-at Flax Mills,1,Spinner at Flax Mills
Spinner-Factory,1,Spinner Factory
Spinner-Fax Mills,1,Spinner Fax Mills
Spinner-in Flax Mills,1,Spinner in Flax Mills
Spinner-in Flax Spng Mill,1,Spinner in Flax Spng Mill
Spinner-in Flex Spinning Mill,1,Spinner in Flex Spinning Mill
Spinner-Spinning Mill,1,Spinner Spinning Mill
Spinner-Woollen,1,Spinner Woollen
Spinner-Woollen Factory,1,Spinner Woollen Factory
Spinner-Woollen Mill,1,Spinner Woollen Mill
Spinner-Yarn,1,Spinner Yarn
Spinners Assistant-Flax Mills,1,Spinners Assistant Flax Mills
Spinners-Doffer Mill Work,1,Spinners Doffer Mill Work
Spinners-Doffers,1,Spinners Doffers
Spinners-Doffers Millworker,1,Spinners Doffers Millworker
Spinning - Caging,1,Spinning Caging
Spinning - Doffer,1,Spinning Doffer
Spinning - Laying,1,Spinning Laying
Spinning - Master,1,Spinning Master
Spinning Master (Linen Factory),1,Spinning Master Linen Factory
Spinning Master (Linen),1,Spinning Master Linen
Spinning Mill (Flax) Apprentice,1,Spinning Mill Flax Apprentice
Spinning Mill Mechanic (Fitter),1,Spinning Mill Mechanic Fitter
Spinning-Linen,1,Spinning Linen
Spinning-Master,1,Spinning Master
Spinning-Master Flax Mill,1,Spinning Master Flax Mill
Spinning-Mill Yarn Drawer,1,Spinning Mill Yarn Drawer
Spinster (Domestic),1,Spinster Domestic
Spinster (No Occupation),1,Spinster No Occupation
Spinster-Housekeeper,1,Spinster Housekeeper
Spinster-Lady,1,Spinster Lady
Spinster-No-Employment,1,Spinster No Employment
Spirit - Merchant,1,Spirit Merchant
Spirit Dealer (Retailer),1,Spirit Dealer Retailer
Spirit Grocer (Shop Keeper),1,Spirit Grocer Shop Keeper
Spirit Grocer and (Carpenter),1,Spirit Grocer and Carpenter
Spirit Merchant (Manager),1,Spirit Merchant Manager
Spirit Salesman (Unemployed),1,Spirit Salesman Unemployed
Spirit Shop-Assistant,1,Spirit Shop Assistant
Spirit-Accountant,1,Spirit Accountant
Spirit-Bar,1,Spirit Bar
Spirit-License Holder,1,Spirit License Holder
Spirit-Merchant (Publican),1,Spirit Merchant Publican
Spirit-Mercht,1,Spirit Mercht
Spirit-Store,1,Spirit Store
Spirit-Store Clerk,1,Spirit Store Clerk
Spirits (Clerk),1,Spirits Clerk
Spirster (Farmers Wife),1,Spirster Farmers Wife
Spoke-Sticher,1,Spoke Sticher
Spool-Labeller in Thread-Works,1,Spool Labeller in Thread Works
Spooling and Balling Overlooker-Linen Thread,1,Spooling and Balling Overlooker Linen Thread
Sprader (Flax),1,Sprader Flax
Spreaden-Linen,1,Spreaden Linen
Spreader (Factory),1,Spreader Factory
Spreader (in L Mill),1,Spreader in L Mill
Spreader (in Mill),1,Spreader in Mill
Spreader (Linen Factory),1,Spreader Linen Factory
Spreader (Prep Room),1,Spreader Prep Room
Spreader - Mill,1,Spreader Mill
Sprider-Linen,1,Sprider Linen
Spring-Smith,1,Spring Smith
Springging (Cotton),1,Springging Cotton
Spt Grocery-Keeper,1,Spt Grocery Keeper
Squatter (Retired),1,Squatter Retired
Squedron Sergeant Major (Cavalry),1,Squedron Sergeant Major Cavalry
St Col and Hm Col L. Derry Arty (Retd) Late ? Regt,1,St Col and Hm Col L. Derry Arty Retd Late ? Regt
St Col. (Retired) Militia,1,St Col. Retired Militia
St Colonel (Retired),1,St Colonel Retired
St Colonel I M S Bangal (retd) F R C S I,1,St Colonel I M S Bangal retd F R C S I
St Colonel Indian Army - Retired - Just Peace for Co Cork,1,St Colonel Indian Army Retired Just Peace for Co Cork
St Colonel Late R E (Retired),1,St Colonel Late R E Retired
St Colonel-Cork Arts R. S. A Land,1,St Colonel Cork Arts R. S. A Land
St Colonel. Indian Medical Service (Active List),1,St Colonel. Indian Medical Service Active List
Stable - Boy,1,Stable Boy
Stable - Fitter,1,Stable Fitter
Stable Boy - Domestic Servant,1,Stable Boy Domestic Servant
Stable Boy - Domestic Sevt,1,Stable Boy Domestic Sevt
Stable Boy and c-Domestic,1,Stable Boy and c Domestic
Stable Boy Domestic Servant (Unemployed),1,Stable Boy Domestic Servant Unemployed
Stable Boy-Dom Servt,1,Stable Boy Dom Servt
Stable Groom-Domestic,1,Stable Groom Domestic
Stable Helpe-Dom: Sert,1,Stable Helpe Dom: Sert
Stable Man (Domestic),1,Stable Man Domestic
Stable Man in Labourer (Brewery),1,Stable Man in Labourer Brewery
Stable-Boy Domestic Servant,1,Stable Boy Domestic Servant
Stable-Boy Servant,1,Stable Boy Servant
Stable-Boy-Domestic,1,Stable Boy Domestic
Stable-Boy-Domestic Servant,1,Stable Boy Domestic Servant
Stable-Man Domestic Servant,1,Stable Man Domestic Servant
Stableman-Dom. S,1,Stableman Dom. S
Stableman-Domestic,1,Stableman Domestic
Stabler-Domestic Servant,1,Stabler Domestic Servant
Staff Commander Royal Navy (Retired),1,Staff Commander Royal Navy Retired
Staff Maid-Domestic Servant,1,Staff Maid Domestic Servant
Staff Sergeant-Military Foreman of Works R. Engineers,1,Staff Sergeant Military Foreman of Works R. Engineers
Staff-Officer Registory of Deeds,1,Staff Officer Registory of Deeds
Staff-Surgeon-Royal Navy (Active List),1,Staff Surgeon Royal Navy Active List
Stageman (Boating),1,Stageman Boating
Stager (Ship Yard),1,Stager Ship Yard
Stall-Keeper Butchers,1,Stall Keeper Butchers
Stamper (Cotton Factory),1,Stamper Cotton Factory
Starch-Box Maker,1,Starch Box Maker
Starcher-Linen Dyeing,1,Starcher Linen Dyeing
Station - Master,1,Stationmaster
Station Master (G.N.R),1,Station Master G.N.R
Station Master (Retired),1,Station Master Retired
Station Master (Ry),1,Station Master Ry
Station Master (Tramway),1,Station Master Tramway
Station Master G. N (I),1,Station Master G. N I
Station-Master (Ry),1,Station Master Ry
Stationary (Assistant),1,Stationary Assistant
Stationer (Assistant in Ship),1,Stationer Assistant in Ship
Stationer (Master),1,Stationer Master
Stationer (Shoponer),1,Stationer Shoponer
Stationer - Registrar of Marriages,1,Stationer Registrar of Marriages
Stationer and Printed (Master),1,Stationer and Printed Master
Stationer and Printer - Compositer,1,Stationer and Printer Compositer
Stationer Printer Etc (Master),1,Stationer Printer Etc Master
"Stationer's Assistant, and Sales-Drapery",1,"Stationer's Assistant, and Sales Drapery"
"Stationer, Picture Framer (Master)",1,"Stationer, Picture Framer Master"
Stationer-Master,1,Stationer Master
Stationer-Mistress,1,Stationer Mistress
Stationer-Reeler,1,Stationer Reeler
Stationers Assistant-Unemployed,1,Stationers Assistant Unemployed
Stationers-Assist,1,Stationers Assist
Stationery (Apprentice),1,Stationery Apprentice
Stationery (Founder),1,Stationery Founder
Stationery Shop-Girl,1,Stationery Shop Girl
Stationery-Worker,1,Stationery Worker
Staty - Armys,1,Staty Armys
Stay-Maker,1,Stay Maker
Steam Boat-Messenger,1,Steam Boat Messenger
Steam-Boat Agent,1,Steam Boat Agent
Steam-Boat Engine Driver,1,Steam Boat Engine Driver
Steam-Vessel Mechanical Engineer,1,Steam Vessel Mechanical Engineer
Steed-Groom,1,Steed Groom
Steel-Riviter,1,Steel Riviter
Steeple-Jacks,1,Steeple Jacks
Stell-Room Maid Domestic,1,Stell Room Maid Domestic
Steneotyper (Foreman),1,Steneotyper Foreman
Step Daughter of W. Kenny (No Occupation),1,Step Daughter of W. Kenny No Occupation
Stero-Typer,1,Stero Typer
Steryo-Typer,1,Steryo Typer
Steward (Teafaring),1,Steward Teafaring
Steward - Domestic,1,Steward Domestic
Steward - Land,1,Steward Land
Steward - Servant,1,Steward Servant
Steward and Gardener - Domestic Servant,1,Steward and Gardener Domestic Servant
Steward Dom-Ser,1,Steward Dom Ser
Steward Mallow-Club,1,Steward Mallow Club
Steward Room Boy-D. Servt,1,Steward Room Boy D. Servt
Steward-Domestic,1,Steward Domestic
Steward-Retired (Land),1,Steward Retired Land
Steward-Ships,1,Steward Ships
Stewart-Gardener,1,Stewart Gardener
Steword's-Domestic (Son),1,Steword's Domestic Son
Steword-Domestic (Daught),1,Steword Domestic Daught
Sticher (Linen),1,Sticher Linen
Sticher (Machenist),1,Sticher Machenist
Stictcher (Linen Wareroom),1,Stictcher Linen Wareroom
Still Room Maid (Domestic Servant),1,Still Room Maid Domestic Servant
Still Room Maid-Servt Domestic,1,Still Room Maid Servt Domestic
Stillroom Maid-Domestic,1,Stillroom Maid Domestic
Stitcher (Apron),1,Stitcher Apron
Stitcher (Drimeber),1,Stitcher Drimeber
Stitcher (Home),1,Stitcher Home
Stitcher (Linnen Wareroom),1,Stitcher Linnen Wareroom
Stitcher (Seamstress),1,Stitcher Seamstress
Stitcher (Warehouse),1,Stitcher Warehouse
Stitcher - Wareroom,1,Stitcher Wareroom
Stitcher-Shirt Tremmings,1,Stitcher Shirt Tremmings
Stitcher-Ware House,1,Stitcher Ware House
Stn-Master,1,Stn Master
Stock - Broker,1,Stock Broker
Stock - Keeper,1,Stock Keeper
Stock Broker (T R Co Cavan),1,Stock Broker T R Co Cavan
Stock Broker - Member of the Belfast Stok Exchange,1,Stock Broker Member of the Belfast Stok Exchange
Stock Groom-Domestic,1,Stock Groom Domestic
Stock-Broker,1,Stock Broker
Stock-Broker J.P.,1,Stock Broker J.P.
Stock-Broker's Clerk,1,Stock Broker's Clerk
Stock-Brokers Clerk,1,Stock Brokers Clerk
Stock-Brokers Daughter,1,Stock Brokers Daughter
Stock-Farmer,1,Stock Farmer
Stock-Keeper,1,Stock Keeper
Stock-Keeper in Iron Foundry,1,Stock Keeper in Iron Foundry
Stock-Keeper-Linen Unemployed,1,Stock Keeper Linen Unemployed
Stock-Owner,1,Stock Owner
Stockbroker (Now Salamid Assistant),1,Stockbroker Now Salamid Assistant
Stockbrooker (Apprentice),1,Stockbrooker Apprentice
Stocking-knitter,1,Stocking knitter
Stoker (Gasworks),1,Stoker Gasworks
Stoker (In City Gaswork),1,Stoker In City Gaswork
Stoker (Railway Signal),1,Stoker Railway Signal
Stoker (Steamship),1,Stoker Steamship
Stoker - (Factory),1,Stoker Factory
Stoker Gas Works (Unemployed),1,Stoker Gas Works Unemployed
Stoker in Electric (Tramway),1,Stoker in Electric Tramway
Stoker in Saw-Mill,1,Stoker in Saw Mill
Stoker Linen-Factory,1,Stoker Linen Factory
Stoker on Board-a-Shop,1,Stoker on Board a Shop
Stoker(Gass Works),1,StokerGass Works
Stoker-Asylum,1,Stoker Asylum
Stoker-Gas House,1,Stoker Gas House
Stoker-Steam Vessel,1,Stoker Steam Vessel
Stokes - Gas House,1,Stokes Gas House
Stokes-Labourer,1,Stokes Labourer
Stone - Carver,1,Stone Carver
Stone - Creater Unemployed,1,Stone Creater Unemployed
Stone Cutter (Sand Stone),1,Stone Cutter Sand Stone
Stone Cutter (Sett Maker),1,Stone Cutter Sett Maker
"Stone Cutter, (Sett Maker)",1,"Stone Cutter, Sett Maker"
Stone Cutter-Master,1,Stone Cutter Master
Stone mason - Master,1,Stone mason Master
Stone Mason - Retired,1,Stone Mason Retired
Stone Mason's-Labourer,1,Stone Mason's Labourer
Stone Mason-Retired,1,Stone Mason Retired
Stone Masons (Apprentice),1,Stone Masons Apprentice
Stone-Braking,1,Stone Braking
Stone-Breake,1,Stone Breake
Stone-Creaker,1,Stone Creaker
Stone-Cresher,1,Stone Cresher
Stone-cutter,1,Stone cutter
Stone-Cutter Master,1,Stone Cutter Master
Stone-Cutter Unemployed,1,Stone Cutter Unemployed
Stone-Cutter's Apprentice,1,Stone Cutter's Apprentice
Stone-Cutting Machine Man,1,Stone Cutting Machine Man
Stone-Dresser not Employed,1,Stone Dresser not Employed
Stone-Dresset,1,Stone Dresset
Stone-Hewer,1,Stone Hewer
Stone-mason,1,Stonemason
Stone-Mason's Assistant,1,Stone Mason's Assistant
Stone-Masons Labourer,1,Stone Masons Labourer
Stonecutter (Unemployed),1,Stonecutter Unemployed
Stonecutter - Apprentice,1,Stonecutter Apprentice
Stonecutter - Unemployed,1,Stonecutter Unemployed
Stonecutter-Master,1,Stonecutter Master
Stool-Maker,1,Stool Maker
Stopt with mee 31st Gone to South Africa as Solder (Private),1,Stopt with mee 31st Gone to South Africa as Solder Private
Store - Girl,1,Store Girl
Store - Man,1,Store Man
Store Boy-in Flax Mills,1,Store Boy in Flax Mills
Store Clerk (Engineering),1,Store Clerk Engineering
Store Keeper (In Factory),1,Store Keeper In Factory
Store Keeper-Hotel,1,Store Keeper Hotel
Store Man (Retired),1,Store Man Retired
Store Man-in Bonded Store,1,Store Man in Bonded Store
Store Porter-Laborer,1,Store Porter Laborer
Store-Clerk,1,Store Clerk
Store-Corn Man,1,Store Corn Man
Store-Keeper (Queen's F.D),1,Store Keeper Queen's F.D
Store-Man,1,Store Man
Store-Man Grain,1,Store Man Grain
Store-Porter-Domestic Servant,1,Store Porter Domestic Servant
Storekeeper (Clerk),1,Storekeeper Clerk
Storekeeper (Head),1,Storekeeper Head
Storekeeper Warder (Prisons Service),1,Storekeeper Warder Prisons Service
StoreKeeper-(Engineer's),1,StoreKeeper Engineer's
"Storekeeper-Districk Asylum, cosponsor",1,"Storekeeper Districk Asylum, cosponsor"
Storeman (?store?,1,Storeman ?store?
Storeman (Co-Op),1,Storeman Co Op
Storeman (Mill),1,Storeman Mill
Storeman (Tea Trade),1,Storeman Tea Trade
Storeman - Paper Warehouse,1,Storeman Paper Warehouse
Storeman-Unengaged,1,Storeman Unengaged
Stores Manager-Provisions,1,Stores Manager Provisions
Strapper (Tramway),1,Strapper Tramway
Street-Singer,1,Street Singer
Striat-White,1,Striat White
Stuart (Ship),1,Stuart Ship
Stuble Boy and c-Domestic,1,Stuble Boy and c Domestic
Stucco-Man,1,Stucco Man
Stucco-Worker,1,Stucco Worker
Stuccs-Man,1,Stuccs Man
Stud Groom (Domestic Servt),1,Stud Groom Domestic Servt
Stud Groom (Unemployed),1,Stud Groom Unemployed
Stud Groom - Domestic Servant,1,Stud Groom Domestic Servant
Stud Groom- Domestic,1,Stud Groom Domestic
Studant-Theology,1,Studant Theology
Student (? I. C.),1,Student ? I. C.
Student (archite?),1,Student archite?
Student (Dental),1,Student Dental
Student (Dentist),1,Student Dentist
Student (electrical Engineering),1,Student electrical Engineering
Student (Excise),1,Student Excise
Student (General),1,Student General
Student (I. C. S.),1,Student I. C. S.
Student (Liberary),1,Student Liberary
Student (of Theology),1,Student of Theology
Student (R U I),1,Student R U I
Student (R.U.I.) Undergraduate,1,Student R.U.I. Undergraduate
Student (Ryl Unlosty),1,Student Ryl Unlosty
Student (Science),1,Student Science
Student (Teacher),1,Student Teacher
Student (Theology) Undergraduate T.C.D.,1,Student Theology Undergraduate T.C.D.
Student (Training College),1,Student Training College
Student (Trinish College Dublin) Organist,1,Student Trinish College Dublin Organist
Student (Under Graduate R U I),1,Student Under Graduate R U I
Student (Under Graduate R. U. I.),1,Student Under Graduate R. U. I.
Student (Under Graduate),1,Student Under Graduate
"Student (Undergraduate Trin, Coll, Dub)",1,"Student Undergraduate Trin, Coll, Dub"
Student - B.A.R.U.I,1,Student B.A.R.U.I
Student - Mcafea Theo. Coll,1,Student Mcafea Theo. Coll
Student - Royal Veterinary College - Ireland BA University of Dublin,1,Student Royal Veterinary College Ireland BA University of Dublin
Student and (Drawing),1,Student and Drawing
Student at College (Undergraduate),1,Student at College Undergraduate
Student Ex-Monitor of Natl School,1,Student Ex Monitor of Natl School
Student for - School Teaching,1,Student for School Teaching
Student Medicine-R U I,1,Student Medicine R U I
Student of Law-Graduate BA Cambridge,1,Student of Law Graduate BA Cambridge
"Student of Theology- B.A.,T.C.D",1,"Student of Theology B.A.,T.C.D"
Student of-Theology Under Graduate T.C.D,1,Student of Theology Under Graduate T.C.D
Student R U I (Undergraduate),1,Student R U I Undergraduate
Student Teacher-Classices Under Graduate J C D,1,Student Teacher Classices Under Graduate J C D
Student Under Privates (Tuition Teacher),1,Student Under Privates Tuition Teacher
Student-Candidate Teacher,1,Student Candidate Teacher
Student-Civil Service,1,Student Civil Service
Student-Commercial,1,Student Commercial
Student-Engineer,1,Student Engineer
Student-Engineering,1,Student Engineering
Student-Law,1,Student Law
Student-Medecine,1,Student Medecine
Student-Medicine,1,Student Medicine
"Student-Medicine Trinity Collage, Dublin",1,"Student Medicine Trinity Collage, Dublin"
Student-Music,1,Student Music
Student-of Medician,1,Student of Medician
Student-Scholar,1,Student Scholar
Student-School of Art,1,Student School of Art
Student-Teacher,1,Student Teacher
Student-Teaching Professor,1,Student Teaching Professor
Student-Trinity College Dublin,1,Student Trinity College Dublin
Student-Under Graduate R. U. I.,1,Student Under Graduate R. U. I.
Student-Undergraduate ?,1,Student Undergraduate ?
Student-Undergraduate of R.U.I.,1,Student Undergraduate of R.U.I.
Student-Undergraduate Royal University of Ireland,1,Student Undergraduate Royal University of Ireland
Student:- B.A: T.C.D,1,Student: B.A: T.C.D
Sub - Postmistress,1,Sub Postmistress
Sub - San - Officer,1,Sub San Officer
Sub Engineer (Electrical) Postal Telegraph,1,Sub Engineer Electrical Postal Telegraph
Sub Manager-Calico Printworks,1,Sub Manager Calico Printworks
Sub Post-Mis,1,Sub Post Mis
Sub Post-Mistress,1,Sub Post Mistress
Sub Postmaster and Shop Keeper (Grocer),1,Sub Postmaster and Shop Keeper Grocer
Sub Sanitary Officer (City Hall),1,Sub Sanitary Officer City Hall
Sub Side Worker (Felt Mill),1,Sub Side Worker Felt Mill
Sub Work-Mistress,1,Sub Work Mistress
Sub-Agent Bank of Ireland Drneyall Place Belfast,1,Sub Agent Bank of Ireland Drneyall Place Belfast
Sub-Inspector N. SS,1,Sub Inspector N. SS
Sub-Inspector of Mat (School),1,Sub Inspector of Mat School
Sub-Inspector of NSS,1,Sub Inspector of NSS
Sub-land agent,1,Sub land agent
Sub-Organise of Hand and Eye Training Rat Ed,1,Sub Organise of Hand and Eye Training Rat Ed
Sub-Organiser in Elementary Science and Object Sessions under National Board of Education and Undergraduate of Royal University Ireland,1,Sub Organiser in Elementary Science and Object Sessions under National Board of Education and Undergraduate of Royal University Ireland
"Sub-Organizer Cookery and Laundry Institution, National Board of Education of Ireland",1,"Sub Organizer Cookery and Laundry Institution, National Board of Education of Ireland"
Sub-Organizer of Music in Nat School,1,Sub Organizer of Music in Nat School
Sub-Post - Mistress,1,Sub Post Mistress
Sub-Post Master,1,Sub Post Master
"Sub-Post Master and C Contractor, Farmer",1,"Sub Post Master and C Contractor, Farmer"
Sub-Post Master and Ex Natl. Teacher,1,Sub Post Master and Ex Natl. Teacher
Sub-Postmaster and Embroiderying Agent,1,Sub Postmaster and Embroiderying Agent
Sub-Postmaster and Farmer,1,Sub Postmaster and Farmer
"Sub-Postmistress, Draper and Provn. Merchant",1,"Sub Postmistress, Draper and Provn. Merchant"
Sub-Sanitary Officer,1,Sub Sanitary Officer
Subpostmaster (Ireland) Merchant,1,Subpostmaster Ireland Merchant
Sugar Boiler-Unemployed,1,Sugar Boiler Unemployed
Summons-Server,1,Summons Server
Summons-Server Belfast Police Court,1,Summons Server Belfast Police Court
Superannery (Foreman),1,Superannery Foreman
Superannuated Ex-National Teacher,1,Superannuated Ex National Teacher
Superannuated Inland Revenus (Excise),1,Superannuated Inland Revenus Excise
Superannuated N J. Book-Keeper,1,Superannuated N J. Book Keeper
Superannuated Sergt of R. Constabulary and Boarding-House Keeper,1,Superannuated Sergt of R. Constabulary and Boarding House Keeper
Superintend of House-Hold,1,Superintend of House Hold
Superintendant (Drapery),1,Superintendant Drapery
Superintendant at Factory - Explosive,1,Superintendant at Factory Explosive
Superintendent (Water) Corporation,1,Superintendent Water Corporation
Superintendent-Drapery,1,Superintendent Drapery
Superintendent-Sergar Marfy Co,1,Superintendent Sergar Marfy Co
Superintending Engineer (Telegraph) Post Office,1,Superintending Engineer Telegraph Post Office
Superioress(Mercy Conner),1,SuperioressMercy Conner
Supertend (Stone works),1,Supertend Stone works
Supervisor of Ireland Rosecom (Engine Branch),1,Supervisor of Ireland Rosecom Engine Branch
Supervisor of Irland Revenud (Civil Service),1,Supervisor of Irland Revenud Civil Service
"Supervisor-Excise Branch, Ireland Revenue",1,"Supervisor Excise Branch, Ireland Revenue"
Suprintendent-Railway,1,Suprintendent Railway
Supt - Corporation Death,1,Supt Corporation Death
Supt-Gel Rural Co,1,Supt Gel Rural Co
Suptds (D of Works),1,Suptds D of Works
Suptg Eng-Curragh,1,Suptg Eng Curragh
Surface-Man (Roads),1,Surface Man Roads
Surface-Man on County Rd,1,Surface Man on County Rd
Surface-Man on Road,1,Surface Man on Road
Surfaceman (Railway),1,Surfaceman Railway
Surfaceman (Road),1,Surfaceman Road
Surg and Major (Solidier) 6 Bn Po. I. Rifles,1,Surg and Major Solidier 6 Bn Po. I. Rifles
Surg St Cd (Retired),1,Surg St Cd Retired
Surg. and Phys. (Acting) R.C.S.I.?,1,Surg. and Phys. Acting R.C.S.I.?
Surg. Dentist (L.D.S.F.P.S.G.),1,Surg. Dentist L.D.S.F.P.S.G.
Surg. Lt-Colonel Retd Medl Sty M.D.R.H.I. M.ACS. Engld,1,Surg. Lt Colonel Retd Medl Sty M.D.R.H.I. M.ACS. Engld
Surgeon (Not Practies) army Medical Matt Retired Pay,1,Surgeon Not Practies army Medical Matt Retired Pay
Surgeon (Retired) Not Practising,1,Surgeon Retired Not Practising
Surgeon Dentist (Not Practising),1,Surgeon Dentist Not Practising
Surgeon Licentiate Royal College of Surgeons (Not Practising),1,Surgeon Licentiate Royal College of Surgeons Not Practising
Surgeon Lieut Colonel Army Retired L.R.C.S.I - LKQCPI Lm I P for Co Waterford,1,Surgeon Lieut Colonel Army Retired L.R.C.S.I LKQCPI Lm I P for Co Waterford
Surgeon R N. (Retired),1,Surgeon R N. Retired
Surgeon Royal Newry (Retired List),1,Surgeon Royal Newry Retired List
Surgeon-Apothecary and Accoucheur,1,Surgeon Apothecary and Accoucheur
Surgeon-Dentist (Registered) and Pharmaceutical Chemist Licentiate Pharmaceutical Society of Ireland Regd Dentist General Medical Council London,1,Surgeon Dentist Registered and Pharmaceutical Chemist Licentiate Pharmaceutical Society of Ireland Regd Dentist General Medical Council London
Surgeon-F R C S Not Practising Now,1,Surgeon F R C S Not Practising Now
Surgeon-Major Indian Army Bombay Retired List M D (L U I) F R C S Eng,1,Surgeon Major Indian Army Bombay Retired List M D L U I F R C S Eng
Surgeon-Major's Widow,1,Surgeon Major's Widow
Surgeon-Oculist M.B. Dub. Univ. F.R.C.S.I.,1,Surgeon Oculist M.B. Dub. Univ. F.R.C.S.I.
Surgeon-Royal University of Ireland,1,Surgeon Royal University of Ireland
Surgery (Not Practising) M B (Irish) M R C S Eng L R C P (Land),1,Surgery Not Practising M B Irish M R C S Eng L R C P Land
Surgical Instrument Manufacturer-Master,1,Surgical Instrument Manufacturer Master
Surgn Lt Colonel (R. P.),1,Surgn Lt Colonel R. P.
Survey or of Taxes (Inland Revenue Department),1,Survey or of Taxes Inland Revenue Department
Surveyor (O. Survey),1,Surveyor O. Survey
Surveyor (Ordanance),1,Surveyor Ordanance
Surveyor (Ordannce Survey) Board or Agriculture,1,Surveyor Ordannce Survey Board or Agriculture
Surveyor (Ordinance Survey Department),1,Surveyor Ordinance Survey Department
Surveyor (Ordnace Survey) (Board of Agricultural),1,Surveyor Ordnace Survey Board of Agricultural
Surveyor (Ordnance Survey,1,Surveyor Ordnance Survey
Surveyor (Ordnance Survey) Board of Agriculture,1,Surveyor Ordnance Survey Board of Agriculture
Surveyor (Unemployed),1,Surveyor Unemployed
Surveyor and Draftman (T C A Ordnance Survey Office),1,Surveyor and Draftman T C A Ordnance Survey Office
Surveyor and Valuer (General Valuation of Ireland),1,Surveyor and Valuer General Valuation of Ireland
Surveyor-Board of Trade,1,Surveyor Board of Trade
Surveyor-Land,1,Surveyor Land
Surveyor-Ordnance Survey,1,Surveyor Ordnance Survey
Sweep (Chimistry),1,Sweep Chimistry
Sweeper (Chimney),1,Sweeper Chimney
Sweeper (Mill),1,Sweeper Mill
Sweeper (Ropework),1,Sweeper Ropework
Sweet Factory (Maker),1,Sweet Factory Maker
Sweet Maker-Factory,1,Sweet Maker Factory
T Short Hand-Type writer,1,T Short Hand Type writer
T.P and D.L-Formasy of the English Cdr.,1,T.P and D.L Formasy of the English Cdr.
T.P-D L. Co Carlow,1,T.P D L. Co Carlow
Tabbacco-Labourer,1,Tabbacco Labourer
Table Maid-Domestic Servant,1,Table Maid Domestic Servant
Table Maid-Unemployed Domestic Servant,1,Table Maid Unemployed Domestic Servant
Table-Maid Domestic Servant,1,Table Maid Domestic Servant
Tacbring-Cutter,1,Tacbring Cutter
Tacking Care Maker-Master,1,Tacking Care Maker Master
Tackley (Damask),1,Tackley Damask
Tage-Boy,1,Tage Boy
Tail-Pipe Man (Distillery),1,Tail Pipe Man Distillery
Tailor (Domestic Servant),1,Tailor Domestic Servant
Tailor (Employe),1,Tailor Employe
Tailor (Employed),1,Tailor Employed
Tailor (Foreman),1,Tailor Foreman
Tailor (General),1,Tailor General
Tailor (Journey Man),1,Tailor Journey Man
Tailor (Journeyman),1,Tailor Journeyman
Tailor (Jrog Man),1,Tailor Jrog Man
Tailor (Melitary),1,Tailor Melitary
Tailor - Apprentice,1,Tailor Apprentice
Tailor and Pound-Keeper,1,Tailor and Pound Keeper
Tailor master,1,Master Tailor
Tailor's (Assistant),1,Tailor's Assistant
Tailor's Cutter-Apprentice,1,Tailor's Cutter Apprentice
Tailor's Machinist (Unemployed),1,Tailor's Machinist Unemployed
Tailor's-Cutter,1,Tailor's Cutter
Tailor- Ess,1,Tailor Ess
Tailor-(Tramp),1,Tailor Tramp
Tailor-apprentice,1,Tailor apprentice
Tailor-Coatmaker,1,Tailor Coatmaker
Tailor-Cutter Foreman,1,Tailor Cutter Foreman
Tailor-Domestic Servant,1,Tailor Domestic Servant
Tailor-ess,1,Tailor ess
Tailor-Jobber,1,Tailor Jobber
Tailorers-Vestmaker,1,Tailorers Vestmaker
Tailoress (Apprentice),1,Tailoress Apprentice
Tailoress (in Factory),1,Tailoress in Factory
Tailoress-Operative,1,Tailoress Operative
Tailoress-Unemployed,1,Tailoress Unemployed
Tailoress-Vestmaker,1,Tailoress Vestmaker
Tailoring-Apprentice,1,Tailoring Apprentice
Tailoriry-Foreman Cutter,1,Tailoriry Foreman Cutter
Tailors Wife (Housekeeper),1,Tailors Wife Housekeeper
Tailors-Daughter,1,Tailor's Daughter
Tailors-Son,1,Tailors Son
Talor (Gen),1,Talor Gen
Tanner-Master,1,Tanner Master
Tape - Weaver,1,Tape Weaver
Tape-Factory Worker,1,Tape Factory Worker
Taping Master of the Dye Proved County of Lankashire in Ireland - Justice of the Peace County of Dublin,1,Taping Master of the Dye Proved County of Lankashire in Ireland Justice of the Peace County of Dublin
Tardman-Domestic Servant,1,Tardman Domestic Servant
Tassel - Maker,1,Tassel Maker
Tatcher (Servant),1,Tatcher Servant
Taylor Trousers-Maker,1,Taylor Trousers Maker
Taylor-Boat Maker,1,Taylor Boat Maker
Taylor-Master,1,Taylor Master
Tea - Fearing,1,Tea Fearing
Tea - Traveller,1,Tea Traveller
Tea Packer-Tea Store,1,Tea Packer Tea Store
Tea Van Driver - Domestic Servant,1,Tea Van Driver Domestic Servant
Tea-Apprentice,1,Tea Apprentice
Tea-Dealer,1,Tea Dealer
Tea-Driver,1,Tea Driver
Tea-House Labourer,1,Tea House Labourer
Tea-Man,1,Tea Man
Tea-Merchant,1,Tea Merchant
Teacher ( N S),1,Teacher N S
"Teacher (Ancient Classics); Minister without Charge Presbyn Chri B.A., T.C.D",1,"Teacher Ancient Classics; Minister without Charge Presbyn Chri B.A., T.C.D"
Teacher (Art),1,Teacher Art
Teacher (Assistant) in N S,1,Teacher Assistant in N S
Teacher (B A) of Lady's Colligate School,1,Teacher B A of Lady's Colligate School
Teacher (B.A.),1,Teacher B.A.
Teacher (B.A.) (Mathematics),1,Teacher B.A. Mathematics
"Teacher (B.A., L.L.B.)",1,"Teacher B.A., L.L.B."
Teacher (B.A.R.W.I),1,Teacher B.A.R.W.I
Teacher (Cert Camb Hiper Ld),1,Teacher Cert Camb Hiper Ld
Teacher (Ch: Ed: Soc English and c.,1,Teacher Ch: Ed: Soc English and c.
Teacher (Ch: Ed: Soc) and T.C.D Greek Latin French English and c,1,Teacher Ch: Ed: Soc and T.C.D Greek Latin French English and c
Teacher (Chd Board),1,Teacher Chd Board
Teacher (Classics),1,Teacher Classics
Teacher (Classies English and Mathemat),1,Teacher Classies English and Mathemat
Teacher (Convent School),1,Teacher Convent School
Teacher (Crotchet),1,Teacher Crotchet
Teacher (Dresscutting),1,Teacher Dresscutting
Teacher (Elementary Schl),1,Teacher Elementary Schl
Teacher (English and C),1,Teacher English and C
Teacher (English Mathematics Cleanes and c),1,Teacher English Mathematics Cleanes and c
"Teacher (English, Classics, Science, and Mathematice)",1,"Teacher English, Classics, Science, and Mathematice"
Teacher (French Music and C),1,Teacher French Music and C
Teacher (French),1,Teacher French
Teacher (Garman),1,Teacher Garman
Teacher (General),1,Teacher General
Teacher (Governor),1,Teacher Governor
Teacher (Graduate B A R W),1,Teacher Graduate B A R W
Teacher (High School Kandergarten),1,Teacher High School Kandergarten
Teacher (Infant),1,Teacher Infant
Teacher (Intermediate School),1,Teacher Intermediate School
Teacher (Intermediate),1,Teacher Intermediate
Teacher (Irish),1,Teacher Irish
Teacher (Italian),1,Teacher Italian
Teacher (Latin),1,Teacher Latin
Teacher (Mas. Langs.),1,Teacher Mas. Langs.
Teacher (Mathematices),1,Teacher Mathematices
Teacher (Mathematies),1,Teacher Mathematies
Teacher (Mathes and Classics),1,Teacher Mathes and Classics
Teacher (Modern Language) Mat.,1,Teacher Modern Language Mat.
Teacher (Modern Languages),1,Teacher Modern Languages
Teacher (mon),1,Teacher mon
Teacher (Monitoring),1,Teacher Monitoring
Teacher (Monitress) in N S,1,Teacher Monitress in N S
Teacher (N S) and Farmer,1,Teacher N S and Farmer
Teacher (N. Board),1,Teacher N. Board
Teacher (N. Ed),1,Teacher N. Ed
Teacher (N. S),1,Teacher N. S
Teacher (N. T.),1,Teacher N. T.
Teacher (Nal Board),1,Teacher Nal Board
Teacher (Nat Board) Undergraduate (R.U.I) Lond,1,Teacher Nat Board Undergraduate R.U.I Lond
Teacher (Nat. B'D),1,Teacher Nat. B'D
Teacher (Nat. ord),1,Teacher Nat. ord
Teacher (Nat. Sch),1,Teacher Nat. Sch
Teacher (National Sc),1,Teacher National Sc
Teacher (National Schl),1,Teacher National Schl
Teacher (Natl. Education),1,Teacher Natl. Education
Teacher (Natl. Edun.),1,Teacher Natl. Edun.
Teacher (Needle-Work. Manual Instruction),1,Teacher Needle Work. Manual Instruction
Teacher (Needlework),1,Teacher Needlework
Teacher (Not School),1,Teacher Not School
Teacher (NS),1,Teacher NS
Teacher (Nun),1,Teacher Nun
Teacher (Primary Sch),1,Teacher Primary Sch
Teacher (Principal Alexandra School),1,Teacher Principal Alexandra School
Teacher (Principal),1,Teacher Principal
Teacher (Private Instion),1,Teacher Private Instion
Teacher (Pupil),1,Teacher Pupil
"Teacher (R.U.I) Classics, Mathematics",1,"Teacher R.U.I Classics, Mathematics"
Teacher (R.U.I.),1,Teacher R.U.I.
Teacher (R.U.I.) Mathematics-Violin,1,Teacher R.U.I. Mathematics Violin
Teacher (Retired) and Organist,1,Teacher Retired and Organist
Teacher (School Mrtss),1,Teacher School Mrtss
Teacher (Seminary),1,Teacher Seminary
Teacher (Shothand),1,Teacher Shothand
Teacher (Singing),1,Teacher Singing
Teacher (Undergrad R. U. I,1,Teacher Undergrad R. U. I
Teacher (unemployed),1,Teacher unemployed
Teacher (Unemployes),1,Teacher Unemployes
Teacher (Wife),1,Teacher Wife
Teacher (Wood Caring),1,Teacher Wood Caring
Teacher - English and Mathematics,1,Teacher English and Mathematics
Teacher - English and Mathematics and Drawing,1,Teacher English and Mathematics and Drawing
Teacher - N. School,1,Teacher N. School
Teacher - Nat Sch,1,Teacher Nat Sch
Teacher - National Board,1,Teacher National Board
Teacher - Private School,1,Teacher Private School
Teacher and Sub Post-Mistress,1,Teacher and Sub Post Mistress
Teacher and U-Graduate of R.U.I.,1,Teacher and U Graduate of R.U.I.
Teacher Bachelor of Arts R-U-I,1,Teacher Bachelor of Arts R U I
Teacher Christian-Doctrine,1,Teacher Christian Doctrine
Teacher Classics B.A (London),1,Teacher Classics B.A London
Teacher Classics M.A. (Cantab.),1,Teacher Classics M.A. Cantab.
Teacher in Infant Department (School),1,Teacher in Infant Department School
Teacher N-S-,1,Teacher N S
Teacher N.B (Ballickmoyler),1,Teacher N.B Ballickmoyler
Teacher N.S. (Monitress),1,Teacher N.S. Monitress
Teacher of Elementary Class Member of Religion Society-College Assistant,1,Teacher of Elementary Class Member of Religion Society College Assistant
Teacher of English and modern Languages (M.A.R.U.J),1,Teacher of English and modern Languages M.A.R.U.J
Teacher of Lanfrey and Artist (Prist),1,Teacher of Lanfrey and Artist Prist
Teacher of Mathematics B.A. (Dub),1,Teacher of Mathematics B.A. Dub
Teacher of Music (Piano Forte),1,Teacher of Music Piano Forte
Teacher of Music B Mus (R.U.I),1,Teacher of Music B Mus R.U.I
Teacher of Natl. School (Ord),1,Teacher of Natl. School Ord
Teacher Type-writing,1,Teacher Type writing
"Teacher, (N. S.)",1,"Teacher, N. S."
"Teacher, English (Unemployed",1,"Teacher, English Unemployed"
"Teacher, English-Greek and Latin",1,"Teacher, English Greek and Latin"
Teacher- Natl,1,Teacher Natl
"Teacher-(R.U.I) Physical Science, Mathematics",1,"Teacher R.U.I Physical Science, Mathematics"
Teacher-Art Class Etc,1,Teacher Art Class Etc
Teacher-Assistant,1,Teacher Assistant
Teacher-Asst. and Workmss,1,Teacher Asst. and Workmss
Teacher-Asst. Mistress in Secondary School,1,Teacher Asst. Mistress in Secondary School
Teacher-B.A; R.U.I.,1,Teacher B.A; R.U.I.
Teacher-Chemistry,1,Teacher Chemistry
Teacher-Christian Doctrine,1,Teacher Christian Doctrine
Teacher-Classes and Mathematics Eng,1,Teacher Classes and Mathematics Eng
Teacher-Classic,1,Teacher Classic
Teacher-Classier,1,Teacher Classier
Teacher-Clessier and French,1,Teacher Clessier and French
Teacher-Elementary,1,Teacher Elementary
Teacher-Elementary Science-English Literature Irish Literature,1,Teacher Elementary Science English Literature Irish Literature
Teacher-Elementory (England),1,Teacher Elementory England
Teacher-Elocution etc,1,Teacher Elocution etc
"Teacher-Eng, Mus, French",1,"Teacher Eng, Mus, French"
"Teacher-Eng, Mus, French and C",1,"Teacher Eng, Mus, French and C"
Teacher-English,1,Teacher English
Teacher-English and Music,1,Teacher English and Music
Teacher-English Etc,1,Teacher English Etc
Teacher-English etc,1,Teacher English etc
Teacher-English etc Music,1,Teacher English etc Music
Teacher-English Mathematics,1,Teacher English Mathematics
"Teacher-English, Drawing Music",1,"Teacher English, Drawing Music"
"Teacher-English, German, French, Mathematics",1,"Teacher English, German, French, Mathematics"
"Teacher-English, Modern Language",1,"Teacher English, Modern Language"
Teacher-English-Music,1,Teacher English Music
Teacher-French and English,1,Teacher French and English
Teacher-French and Music,1,Teacher French and Music
Teacher-General Subjects,1,Teacher General Subjects
Teacher-Head of Private School,1,Teacher Head of Private School
Teacher-Infant's School C.S.,1,Teacher Infant's School C.S.
Teacher-Instrumental Music-Training College Dublin,1,Teacher Instrumental Music Training College Dublin
Teacher-Irish Art Class,1,Teacher Irish Art Class
Teacher-Irish Literature,1,Teacher Irish Literature
"Teacher-Kindergarten, Drawing, Printing, Music, Drill",1,"Teacher Kindergarten, Drawing, Printing, Music, Drill"
Teacher-Latin and Mathematics,1,Teacher Latin and Mathematics
Teacher-Mathematics,1,Teacher Mathematics
Teacher-Mathematics English and c,1,Teacher Mathematics English and c
Teacher-Mathematics Undergraduate R.U.I.,1,Teacher Mathematics Undergraduate R.U.I.
"Teacher-Mathematics, Etc",1,"Teacher Mathematics, Etc"
Teacher-Model N.S.,1,Teacher Model N.S.
Teacher-Modern Language,1,Teacher Modern Language
Teacher-Modern Literater Undergraduate R.U.I.,1,Teacher Modern Literater Undergraduate R.U.I.
Teacher-Monetress in National School,1,Teacher Monetress in National School
Teacher-Mulie,1,Teacher Mulie
Teacher-Music Etc,1,Teacher Music Etc
Teacher-N.Edn.,1,Teacher N.Edn.
Teacher-Nat School,1,Teacher Nat School
Teacher-National Sch,1,Teacher National Sch
Teacher-Natl.,1,Teacher Natl.
Teacher-Natl. Board of Schl,1,Teacher Natl. Board of Schl
Teacher-Natl. School,1,Teacher Natl. School
Teacher-Ordy. Natl. School,1,Teacher Ordy. Natl. School
Teacher-Physical Culture,1,Teacher Physical Culture
Teacher-Physical Science,1,Teacher Physical Science
Teacher-Pipe Finisher,1,Teacher Pipe Finisher
Teacher-Principal,1,Teacher Principal
Teacher-Principal-Nat School,1,Teacher Principal Nat School
Teacher-Private Schl,1,Teacher Private Schl
Teacher-Private School,1,Teacher Private School
Teacher-School,1,Teacher School
Teacher-Teaches the Subjects Taught in National Schools Undergraduate 1. Matriculation Examination 2. First University Exam. 3. Second University Exam. R. U. I.,1,Teacher Teaches the Subjects Taught in National Schools Undergraduate 1. Matriculation Examination 2. First University Exam. 3. Second University Exam. R. U. I.
Teacher-Workmistress,1,Teacher Workmistress
Teachers Son (Scholar),1,Teachers Son Scholar
Teaching (U. Board),1,Teaching U. Board
Teaching B.A (R.I.U),1,Teaching B.A R.I.U
Teaching- Monitress,1,Teaching Monitress
Teaching- Substitute,1,Teaching Substitute
Technical Inspecter (Wood Work),1,Technical Inspecter Wood Work
Telegram-Messenger,1,Telegram Messenger
Telegraph (Labourer),1,Telegraph Labourer
Telegraph - Clerk,1,Telegraph Clerk
Telegraph - Female Learner G P O,1,Telegraph Female Learner G P O
Telegraph Ex-Foreman G.P.O Telegraph,1,Telegraph Ex Foreman G.P.O Telegraph
Telegraph Man (Labourer),1,Telegraph Man Labourer
Telegraph Messanger - Unemployed,1,Telegraph Messanger Unemployed
Telegraph Messenger (Assistant),1,Telegraph Messenger Assistant
Telegraph Messenger-G.P.O.,1,Telegraph Messenger G.P.O.
Telegraph-Labourer,1,Telegraph Labourer
Telegraph-Line Man,1,Telegraph Line Man
Telegraph-Lineman,1,Telegraph Lineman
Telegraph-Messenger,1,Telegraph Messenger
"Telegraphist (""Learner"")",1,"Telegraphist ""Learner"""
Telegraphist (Apprentice),1,Telegraphist Apprentice
Telegraphist (Clerk),1,Telegraphist Clerk
Telegraphist (G P O),1,Telegraphist G P O
Telegraphist (G.P.O),1,Telegraphist G.P.O
Telegraphist (Postal Telegraph),1,Telegraphist Postal Telegraph
Telegraphist (Postal Telegraphs),1,Telegraphist Postal Telegraphs
Telegraphist (Postal),1,Telegraphist Postal
Telegraphist G P O B A (R U I) Law Student,1,Telegraphist G P O B A R U I Law Student
Telephone Line - Man,1,Telephone Line Man
Telephone Operator (National Telephone Company),1,Telephone Operator National Telephone Company
Telephone-Department P.O.,1,Telephone Department P.O.
Telephone-Repairer,1,Telephone Repairer
Temporary Boy Copyist Department of Agriculture (Fisheries Beanch),1,Temporary Boy Copyist Department of Agriculture Fisheries Beanch
Temporary Boy Copyist Education Officer (Correspondance Department),1,Temporary Boy Copyist Education Officer Correspondance Department
Temporary Civil Assistant Ordnance Survey (Board of Agriculture),1,Temporary Civil Assistant Ordnance Survey Board of Agriculture
Temporary Civil Servant (Ordance Survey),1,Temporary Civil Servant Ordance Survey
Temporary Pensioner 1st Dorsetshire-Regiment General. Labourer,1,Temporary Pensioner 1st Dorsetshire Regiment General. Labourer
Tempy Civil Drafts-RE Estabmt,1,Tempy Civil Drafts RE Estabmt
"Tempy Staff Officer (Clerk) Office of Public Works, Ireland",1,"Tempy Staff Officer Clerk Office of Public Works, Ireland"
Tenant of Fee-Farm,1,Tenant of Fee Farm
Tenant-Farmer,1,Tenant Farmer
Tender (Loom),1,Tender Loom
Tenter (Apprentice),1,Tenter Apprentice
Tenter (Damask),1,Tenter Damask
Tenter (Factory),1,Tenter Factory
Tenter (Linen Factory),1,Tenter Linen Factory
Tenter (Loom),1,Tenter Loom
Tenter (Mill),1,Tenter Mill
Tenter (Unemployed),1,Tenter Unemployed
Tenter-Power Looom,1,Tenter Power Looom
Tentor in (Linen Factory),1,Tentor in Linen Factory
Terra-Cotta,1,Terra Cotta
Testile Finishing-Manager (Linen and Cotton),1,Testile Finishing Manager Linen and Cotton
Textile Mechanic (Fitter),1,Textile Mechanic Fitter
Thatcher (House),1,Thatcher House
The Grand Cron of St Michaels St George Viscount Gorm Auston (Knight),1,The Grand Cron of St Michaels St George Viscount Gorm Auston Knight
Their Income from House (etc),1,Their Income from House etc
Themble-Rigger,1,Themble Rigger
Theological Student B. A. (R. U. I.),1,Theological Student B. A. R. U. I.
Thread Spinner Mill-Worker,1,Thread Spinner Mill Worker
Thread Spooler (Linen),1,Thread Spooler Linen
Thread Winder in (Linen),1,Thread Winder in Linen
Thread-Drawer in Factory,1,Thread Drawer in Factory
Thread-Twister,1,Thread Twister
Ti?-Ware Merchant,1,Ti? Ware Merchant
Ticket-Inspector,1,Ticket Inspector
Ticket-Writer,1,Ticket Writer
Tier-Mineral Water,1,Tier Mineral Water
Tile-Setter,1,Tile Setter
Tiler-Encaustic,1,Tiler Encaustic
Timber Hardware-General Merchant,1,Timber Hardware General Merchant
Timber Merchant Book-Keeper,1,Timber Merchant Book Keeper
Timber Yard-Labourer,1,Timber Yard Labourer
Timber Yard-Man,1,Timber Yard Man
Timber-Man Railway Works,1,Timber Man Railway Works
Time keeper,1,Timekeeper
Time Keeper (Foundry),1,Time Keeper Foundry
Time Keeper (On Public Work),1,Time Keeper On Public Work
Time Keeper (Railway),1,Time Keeper Railway
Time Keeper (Unemployed),1,Time Keeper Unemployed
Time Keeper-Biscuit Factory,1,Time Keeper Biscuit Factory
Time-Clerk,1,Time Clerk
Timekeeper (In Fowl Store),1,Timekeeper In Fowl Store
Timekeeper-Newspaper Office,1,Timekeeper Newspaper Office
Tin - Smith's Son,1,Tin Smith's Son
Tin Smith (Master),1,Tin Smith Master
Tin Smith-Unemployed,1,Tin Smith Unemployed
Tin-Plate-Worker,1,Tin Plate Worker
Tin-Smith Wife,1,Tin Smith Wife
Tin-Smith's Daughter,1,Tin Smith's Daughter
Tinsman (Smith),1,Tinsman Smith
Tinsmith - Master,1,Tinsmith Master
Tinsmith-Master,1,Tinsmith Master
Tipstaff (with a Judge),1,Tipstaff with a Judge
Tobac - Roller,1,Tobac Roller
Tobacco (Saleswoman),1,Tobacco Saleswoman
Tobacco - Spinner,1,Tobacco Spinner
Tobacco Employee (Unemployed),1,Tobacco Employee Unemployed
Tobacco Pipe Maker (Unemployed),1,Tobacco Pipe Maker Unemployed
Tobacco Spines School-Girl,1,Tobacco Spines School Girl
Tobacco Spinner-Foreman,1,Tobacco Spinner Foreman
Tobacco Steeper-at Factory,1,Tobacco Steeper at Factory
Tobacco- Pipe Maker,1,Tobacco Pipe Maker
Tobacco- Presser,1,Tobacco Presser
Tobacconest (Assistant in Shop),1,Tobacconest Assistant in Shop
Tobacconest (Master),1,Tobacconest Master
Tobacconist (Assistant),1,Tobacconist Assistant
Tobacconist (Asst),1,Tobacconist Asst
Tobacconist-Assistant,1,Tobacconist Assistant
Tobacconist-L C,1,Tobacconist L C
Tobacconist-Manager,1,Tobacconist Manager
Tobacconist-Master,1,Tobacconist Master
Tobaco-Spiner,1,Tobaco Spiner
Toll Collector-Board of Works-Shannon nav,1,Toll Collector Board of Works Shannon nav
Tolls-Master,1,Tolls Master
Tool - Boy M.G.W.R,1,Tool Boy M.G.W.R
Tool - Smith,1,Tool Smith
Tool Maker-Mechanic,1,Tool Maker Mechanic
Tool-Smith,1,Tool Smith
Top Cutter (Boot),1,Top Cutter Boot
Tourist County-Clerk,1,Tourist County Clerk
Tow-Yarn Reeler,1,Tow Yarn Reeler
Tow-Yarn Spinner,1,Tow Yarn Spinner
Town Commissions and Land-Owner,1,Town Commissions and Land Owner
Town Counciller Watfd Carpenter Cork Cutter-Foreman,1,Town Counciller Watfd Carpenter Cork Cutter Foreman
Town Port-Man,1,Town Port Man
Town-Post Man,1,Town Post Man
Town-Postman,1,Town Postman
Toy-Manufacturer,1,Toy Manufacturer
Tpe sub - Clerk,1,Tpe sub Clerk
Trace Boy - Tramway Company,1,Trace Boy Tramway Company
Trace Boy-Tramway,1,Trace Boy Tramway
Traction Engine-Driver,1,Traction Engine Driver
Trade (Carpenter),1,Trade Carpenter
Trade Black-Smith,1,Trade Black Smith
Trade Warder (Plumber and Gasfitter),1,Trade Warder Plumber and Gasfitter
Trade-Harness Maker,1,Trade Harness Maker
Trade-Man Carpenter,1,Trade Man Carpenter
Trade-Stonecutter,1,Trade Stonecutter
Trader (Grocer),1,Trader Grocer
Trader - Grocer,1,Trader Grocer
Trader-Drapery,1,Trader Drapery
Trader-Grocer,1,Trader Grocer
Trader-Vintner,1,Trader Vintner
Traders (Grocer) Assistant,1,Traders Grocer Assistant
Trades Man (Shopmaker),1,Trades Man Shopmaker
Tradesman (Carpenter),1,Tradesman Carpenter
Tradesman-Carpenter,1,Tradesman Carpenter
Traffic Clerk-Railway,1,Traffic Clerk Railway
Trained Nurse (Hospital),1,Trained Nurse Hospital
Trainer (Horse),1,Trainer Horse
Trainer (Horses),1,Trainer Horses
Tram - Driver,1,Tram Driver
Tram Car (Conductor),1,Tram Car Conductor
Tram Conductor (Unemployed),1,Tram Conductor Unemployed
Tram Man (Driver),1,Tram Man Driver
Tramp (Strat Musician),1,Tramp Strat Musician
Tramp Ex-Soldier,1,Tramp Ex Soldier
Tramp Labourer (Agricultural),1,Tramp Labourer Agricultural
Tramp-Beggar,1,Tramp Beggar
Tramp-Charwoman,1,Tramp Charwoman
Tramway Service-Trace Boy,1,Tramway Service Trace Boy
Tramway-Employee,1,Tramway Employee
Tramway-Manager,1,Tramway Manager
Transcriber-Registry of Deeds,1,Transcriber Registry of Deeds
Transport Service (Curate),1,Transport Service Curate
Traveler (general Draper),1,Traveler general Draper
Travellar (Hardware),1,Travellar Hardware
Traveller (Advertisement),1,Traveller Advertisement
Traveller (Australian) Coloniel,1,Traveller Australian Coloniel
Traveller (Books),1,Traveller Books
Traveller (Boots),1,Traveller Boots
Traveller (Chemist),1,Traveller Chemist
Traveller (Commercial),1,Traveller Commercial
Traveller (Confectionery),1,Traveller Confectionery
Traveller (Dept Recover Officer),1,Traveller Dept Recover Officer
Traveller (Draper),1,Traveller Draper
Traveller (Drapry),1,Traveller Drapry
Traveller (Enquiry and Debt Collecting),1,Traveller Enquiry and Debt Collecting
Traveller (Flour),1,Traveller Flour
Traveller (Framp),1,Traveller Framp
Traveller (Fruit,1,Traveller Fruit
Traveller (Genrals),1,Traveller Genrals
Traveller (Grocer's),1,Traveller Grocer's
Traveller (Grocer),1,Traveller Grocer
Traveller (Grocers),1,Traveller Grocers
Traveller (Linen),1,Traveller Linen
Traveller (Printers),1,Traveller Printers
Traveller (Publishers),1,Traveller Publishers
Traveller (Soap),1,Traveller Soap
Traveller (Tea),1,Traveller Tea
Traveller (Tobacco),1,Traveller Tobacco
Traveller - (Stationers),1,Traveller Stationers
Traveller - Steel,1,Traveller Steel
Traveller - Tobacco,1,Traveller Tobacco
Traveller - Woolen Manufacturer,1,Traveller Woolen Manufacturer
Traveller and Annuitant (Flour Trade),1,Traveller and Annuitant Flour Trade
Traveller for House - Agent,1,Traveller for House Agent
Traveller for Singers-Sewing Machines,1,Traveller for Singers Sewing Machines
Traveller for the P.A. Guinness Sonato (Dublin),1,Traveller for the P.A. Guinness Sonato Dublin
Traveller(Jewellry),1,TravellerJewellry
"Traveller, (Stationary)",1,"Traveller, Stationary"
"Traveller, (Wine and Whisky)",1,"Traveller, Wine and Whisky"
Traveller-Commercial,1,Traveller Commercial
Traveller-Distillers,1,Traveller Distillers
Traveller-Grocery,1,Traveller Grocery
Traveller-Lead Manufacturer,1,Traveller Lead Manufacturer
Traveller-Loft Goods,1,Traveller Loft Goods
Traveller-Old Goods and Jewellery,1,Traveller Old Goods and Jewellery
Traveller-Sewing Machines,1,Traveller Sewing Machines
Traveller-Stationery,1,Traveller Stationery
Traveller-Transport,1,Traveller Transport
Travelling-Beggar,1,Travelling Beggar
Travellr-Lignor Trade,1,Travellr Lignor Trade
Travler (Drapery),1,Travler Drapery
Travller (Pedlar),1,Travller Pedlar
Travller-Soft Good 3,1,Travller Soft Good 3
Trinity College Dub Doctor of Medicine Surgeon (Practising),1,Trinity College Dub Doctor of Medicine Surgeon Practising
Tripe-Dealer,1,Tripe Dealer
Trunk Maker (Master),1,Trunk Maker Master
Tube - Drawer,1,Tube Drawer
Tuber (Engine Railway),1,Tuber Engine Railway
Tucker (Weaving Mill),1,Tucker Weaving Mill
Tug-Boat Owner,1,Tug Boat Owner
Turf-Com Agent,1,Turf Com Agent
Turne Polisher (Ropework),1,Turne Polisher Ropework
Turner (in Mill),1,Turner in Mill
Turner (Iron),1,Turner Iron
Turner Out (Collars),1,Turner Out Collars
Turner Out (Collers),1,Turner Out Collers
Turner out (Factory),1,Turner out Factory
Turner Out (Linen),1,Turner Out Linen
Turner Out-Linen W.house,1,Turner Out Linen W.house
Turner out-Shirt Factory,1,Turner out Shirt Factory
"Turner, Out (Follaw)",1,"Turner, Out Follaw"
Turner-Collar Linen,1,Turner Collar Linen
Turner-Out Collar Warehouse,1,Turner Out Collar Warehouse
Turner-Out in Coller Factory,1,Turner Out in Coller Factory
Turner-Out in Factory,1,Turner Out in Factory
Turner-Out in Linen Warehouse,1,Turner Out in Linen Warehouse
Turner-Outer in Stiching Factory,1,Turner Outer in Stiching Factory
Turner-Wood,1,Turner Wood
Turnerout (Linen Collay),1,Turnerout Linen Collay
Tutor (Classical and Mathl) U.G.R.U.I,1,Tutor Classical and Mathl U.G.R.U.I
"Tutor (Mathel, Scientific, Classical and Genl English)",1,"Tutor Mathel, Scientific, Classical and Genl English"
Tutor-B. A-T.C.D.,1,Tutor B. A T.C.D.
Tutor-Classics and Modern Lay,1,Tutor Classics and Modern Lay
Tutoress - Domestic,1,Tutoress Domestic
Twiller (Damask),1,Twiller Damask
Twine Twister-Factory,1,Twine Twister Factory
Twine-Baller,1,Twine Baller
Twine-Maker,1,Twine Maker
Twister (in Mill),1,Twister in Mill
Twister (Rope),1,Twister Rope
Twister-Factory,1,Twister Factory
Twister-In Factory,1,Twister In Factory
Twister-Rope,1,Twister Rope
Twister-Rope Factory,1,Twister Rope Factory
Tyer on-Linen Works,1,Tyer on Linen Works
Tyler Polisher-Shirts,1,Tyler Polisher Shirts
Type - Writer,1,Type Writer
Type-Writing,1,Type Writing
Typest (Drapers Shop),1,Typest Drapers Shop
Typest (Printers),1,Typest Printers
Typist (Clerk) Hardware,1,Typist Clerk Hardware
Typist (Grocery),1,Typist Grocery
Typist (Solicitors),1,Typist Solicitors
Typist (Wareroom),1,Typist Wareroom
Typist and Short-Hand Writer,1,Typist and Short Hand Writer
Typist and Shorthand Writer Dept of Agriculture and Tech (Instruction),1,Typist and Shorthand Writer Dept of Agriculture and Tech Instruction
Typist-Local Goverment Board,1,Typist Local Goverment Board
U Sergts Wife-R. I. C.,1,U Sergts Wife R. I. C.
Umbrella Maker (Marker),1,Umbrella Maker Marker
Un-employed nurse,1,Un employed nurse
Un-Employed Painters Colorman,1,Un Employed Painters Colorman
Under Books-Servant,1,Under Books Servant
Under Butler (Domestic Servant),1,Under Butler Domestic Servant
Under Butler-Domestic Servant,1,Under Butler Domestic Servant
Under Clothing (Machenist),1,Under Clothing Machenist
Under Clothing-Agent,1,Under Clothing Agent
Under Coachman-Domestic Servant,1,Under Coachman Domestic Servant
Under Gamekeeper-Domestic Servant,1,Under Gamekeeper Domestic Servant
Under Graduate (Oxford),1,Under Graduate Oxford
Under Graduate of R.U.I. and Prof-Dip. I.S.M,1,Under Graduate of R.U.I. and Prof Dip. I.S.M
Under Graduate of Royal (University Dublin),1,Under Graduate of Royal University Dublin
Under Graduate of Royal University-Ireland,1,Under Graduate of Royal University Ireland
Under Graduate-T C D,1,Under Graduate T C D
Under Housed-Domestic Servt,1,Under Housed Domestic Servt
Under Housemaid (Domestic Servant),1,Under Housemaid Domestic Servant
Under Housemaid-Domestic Servant,1,Under Housemaid Domestic Servant
Under Land-Steward,1,Under Land Steward
Under Nurse-Domestic Servant,1,Under Nurse Domestic Servant
Under Nurse-Domestic Servt,1,Under Nurse Domestic Servt
Under-Book,1,Under Book
Under-Graduate,1,Under Graduate
Under-Graduate G.U.I.,1,Under Graduate G.U.I.
Under-Graduate of Royal University Ireland,1,Under Graduate of Royal University Ireland
Under-Graduate of the Royal University,1,Under Graduate of the Royal University
Under-Graduate. R.U.I,1,Under Graduate. R.U.I
Under-Housemaid Domestic Servant,1,Under Housemaid Domestic Servant
Under-Steward,1,Under Steward
Underdothing-Machinist,1,Underdothing Machinist
Undergraduat (Sen spt) T.C.D. and Medical Student,1,Undergraduat Sen spt T.C.D. and Medical Student
Undergraduate (Dublin),1,Undergraduate Dublin
Undergraduate (Lond),1,Undergraduate Lond
Undergraduate (Medical),1,Undergraduate Medical
Undergraduate (Medical) I C Dublin,1,Undergraduate Medical I C Dublin
Undergraduate (R U I),1,Undergraduate R U I
Undergraduate (R.U.I),1,Undergraduate R.U.I
Undergraduate (R.U.I.),1,Undergraduate R.U.I.
Undergraduate in Medicine (of Q U I and R U J),1,Undergraduate in Medicine of Q U I and R U J
Undergraduate of Dublin University (Trinity Coll Dub),1,Undergraduate of Dublin University Trinity Coll Dub
Undergraduate of Dublin University (Trinity College),1,Undergraduate of Dublin University Trinity College
Undergraduate R. U. I. (Old),1,Undergraduate R. U. I. Old
Undergraduate Roy-Univ-Ireland,1,Undergraduate Roy Univ Ireland
Undergraduate Royal U. Attending Queen's Col. Belfast-Student 1st-Yr.,1,Undergraduate Royal U. Attending Queen's Col. Belfast Student 1st Yr.
Undergraduate-R.U.I.,1,Undergraduate R.U.I.
Undergraduate-Roy Unit Ireland Librarian Law Student,1,Undergraduate Roy Unit Ireland Librarian Law Student
Undergraduate-Royal University,1,Undergraduate Royal University
Unemployed (Clerk),1,Unemployed Clerk
Unemployed (House Keeper),1,Unemployed House Keeper
Unemployed Book-Keeper,1,Unemployed Book Keeper
Unemployed Car-Driver,1,Unemployed Car Driver
Unemployed Clerk in Parcel Office (Ry),1,Unemployed Clerk in Parcel Office Ry
Unemployed Coachman-Domestic Servant,1,Unemployed Coachman Domestic Servant
Unemployed General Servant-Domestic,1,Unemployed General Servant Domestic
Unemployed Mechanic in Ship - Yard,1,Unemployed Mechanic in Ship Yard
Unemployed Nurse-Domestic,1,Unemployed Nurse Domestic
Unemployed Nurse-Domestic Servant,1,Unemployed Nurse Domestic Servant
Unemployed Operator-Boot Factory,1,Unemployed Operator Boot Factory
Unemployed Servant (Genl),1,Unemployed Servant Genl
Unemployed-Domestic Servant,1,Unemployed Domestic Servant
Unemployed-Housekeeper,1,Unemployed Housekeeper
Unemployed-Labourer,1,Unemployed Labourer
University (Royal) Under Graduate,1,University Royal Under Graduate
University Undergraduate - Engineering,1,University Undergraduate Engineering
University-Tutor,1,University Tutor
Unknown (Pauper),1,Unknown Pauper
Up-Housemaid (Domestic Servant),1,Up Housemaid Domestic Servant
Upholsterer-Master China and Delf Merchant,1,Upholsterer Master China and Delf Merchant
Upholstery-Manager,1,Upholstery Manager
Upholstress-Retired,1,Upholstress Retired
Upolsteress-Blinds,1,Upolsteress Blinds
Upper House-Maid Domestic Servant,1,Upper House Maid Domestic Servant
Upper Housemaid-Dome Servt.,1,Upper Housemaid Dome Servt.
Upper Housemaid-Domestic Servt,1,Upper Housemaid Domestic Servt
Valet - Domestic,1,Valet Domestic
Valet-Domestic,1,Valet Domestic
Valuer (Valuation Office),1,Valuer Valuation Office
Valuer Valuation office (superanuated),1,Valuer Valuation office superanuated
Van - Drivers,1,Van Drivers
Van Driver (Butchers Van),1,Van Driver Butchers Van
Van Driver (Domestic Servant),1,Van Driver Domestic Servant
Van Driver (Domestic),1,Van Driver Domestic
Van Driver (Goods),1,Van Driver Goods
Van Driver (in-Waters),1,Van Driver in Waters
Van Driver (Mineral Water),1,Van Driver Mineral Water
Van Driver (Unemployed),1,Van Driver Unemployed
Van Driver-Bakery,1,Van Driver Bakery
Van Driver-Domestic Servant,1,Van Driver Domestic Servant
Van Driver-Grocer,1,Van Driver Grocer
Van Man (Driver),1,Van Man Driver
Van Man (Wine Stores),1,Van Man Wine Stores
Van Man in (Botting Store),1,Van Man in Botting Store
Van Man Meneral Water Co (Unemployed),1,Van Man Meneral Water Co Unemployed
Van Man-Driver,1,Van Man Driver
Van Man-Labourer,1,Van Man Labourer
Van Man-Porter Shop,1,Van Man Porter Shop
Van Man-Porter Stone,1,Van Man Porter Stone
Van Man-Property Prison,1,Van Man Property Prison
Van-Boy,1,Van Boy
Van-Conductor,1,Van Conductor
Van-Driver Domestic Servant,1,Van Driver Domestic Servant
Van-Driver in Furniture Shop,1,Van Driver in Furniture Shop
Van-Guard,1,Van Guard
Van-Man Unempled,1,Van Man Unempled
Vandriver-Domestic Servt,1,Vandriver Domestic Servt
Vanman (Cotton),1,Vanman Cotton
Vanman (Driver),1,Vanman Driver
Vegetable-Dealer,1,Vegetable Dealer
Veiner-Cambric,1,Veiner Cambric
Veining (Hofs),1,Veining Hofs
Vendor-Fruit,1,Vendor Fruit
Vestmaker (at Down),1,Vestmaker at Down
Vestmaker-at Factory,1,Vestmaker at Factory
Vet-Surgeon,1,Vet Surgeon
Veterenary Surgeon (F.R.C. and S.),1,Veterenary Surgeon F.R.C. and S.
Veterinary Surgeon M.R.C.V.S.-Glasgow,1,Veterinary Surgeon M.R.C.V.S. Glasgow
Vetinary College (Edinburgh),1,Vetinary College Edinburgh
Vety Major A V D (Retd),1,Vety Major A V D Retd
Vicar-Choral (lay) T.C.D Graduate,1,Vicar Choral lay T.C.D Graduate
Vice - President,1,Vice President
Vice Folder (Linen Trade),1,Vice Folder Linen Trade
Vice Folder (Linen),1,Vice Folder Linen
Vice Folder (M K F),1,Vice Folder M K F
Vice-Folder Linen,1,Vice Folder Linen
Vice-man in Railway Works,1,Vice man in Railway Works
Vice-President,1,Vice President
Vice-Smith,1,Vice Smith
Victoria College Student-Matrin R.U.I,1,Victoria College Student Matrin R.U.I
Victuallar-Unemployed,1,Victuallar Unemployed
Victualler (Master),1,Victualler Master
Victualler-(Butcher),1,Victualler Butcher
Victualler-Retired,1,Victualler Retired
Victullar (Butcher),1,Victullar Butcher
Vintner (Publican),1,Vintner Publican
Vintner (Retired),1,Vintner Retired
Vintner- Retired from the Business,1,Vintner Retired from the Business
Visiting (Scholar),1,Visiting Scholar
"Visiting Governess (Languages, Music, Painting, Usual Subjects in English.) Dogs",1,"Visiting Governess Languages, Music, Painting, Usual Subjects in English. Dogs"
Visitor (Late Army Garrison Hampshire,1,Visitor Late Army Garrison Hampshire
Visitor-No Occupation,1,Visitor No Occupation
W-Maid Domestic Servant,1,W Maid Domestic Servant
W-Mistress in School,1,W Mistress in School
W.S. Pensioner (American Army),1,W.S. Pensioner American Army
Waist-Coat Maker,1,Waist Coat Maker
Waiter (Club),1,Waiter Club
Waiter (Domestic Servant),1,Waiter Domestic Servant
Waiter (Unemployed),1,Waiter Unemployed
Waiter - Domestic,1,Waiter Domestic
Waiter Domestic Servant (Brewery),1,Waiter Domestic Servant Brewery
Waiter-Canteen,1,Waiter Canteen
Waiter-Dom Servant,1,Waiter Dom Servant
Waiter-Domestic Service,1,Waiter Domestic Service
Waiter-Domestic Svt,1,Waiter Domestic Svt
Waiter-Officers Mess,1,Waiter Officers Mess
Waiter-Servant,1,Waiter Servant
Waiter-Unemployed,1,Waiter Unemployed
Waiteress-Hotel,1,Waiteress Hotel
Waiteress-Restaurant,1,Waiteress Restaurant
Waitress (Confectioner),1,Waitress Confectioner
Waitress (Domestic Servant),1,Waitress Domestic Servant
Waitress (Domestic Servt),1,Waitress Domestic Servt
Waitress (Hotel),1,Waitress Hotel
Waitress (Restaurant),1,Waitress Restaurant
Waitress (Unemployed,1,Waitress Unemployed
Waitress - Domestic Servant,1,Waitress Domestic Servant
Waitress - Domestic Servt,1,Waitress Domestic Servt
Waitress-Cafe,1,Waitress Cafe
Waitress-Dom. Servt,1,Waitress Dom. Servt
Waitress-Domestic Sevt,1,Waitress Domestic Sevt
Waitress-in Tea Room,1,Waitress in Tea Room
Waker in Army-Clothing Factory,1,Waker in Army Clothing Factory
Wall Warper (In Factory),1,Wall Warper In Factory
Wallmaker-Helper,1,Wallmaker Helper
Waltress-Domestic Servant,1,Waltress Domestic Servant
Ward Master- N. D. U.,1,Ward Master N. D. U.
Warder (Mil Prison),1,Warder Mil Prison
Warder (Prison Service),1,Warder Prison Service
Warderess Pensioner-Prison Service,1,Warderess Pensioner Prison Service
Wardmaid-Domestic Servant,1,Wardmaid Domestic Servant
Wards Maid (Domestic Servant),1,Wards Maid Domestic Servant
Wards Maid (Infirmary),1,Wards Maid Infirmary
Wards-Maid,1,Wards Maid
Wards-Maid Domestic,1,Wards Maid Domestic
Wards-Maid in Fever Hospital,1,Wards Maid in Fever Hospital
Ware - Room Folder,1,Ware Room Folder
Ware House Clerk (Woollen),1,Ware House Clerk Woollen
Ware House Man-Trade Leather,1,Ware House Man Trade Leather
Ware Houseman (Drapery),1,Ware Houseman Drapery
Ware Room (Hemstitcher),1,Ware Room Hemstitcher
Ware Room - Hemstitcher,1,Ware Room Hemstitcher
Ware-house-man,1,Ware house man
Ware-room Asst,1,Ware room Asst
Ware-Room Employer,1,Ware Room Employer
Ware-room Keeper,1,Ware room Keeper
Ware-room Manager,1,Ware room Manager
Ware-Room-Keeper,1,Ware Room Keeper
Ware-Shop,1,Ware Shop
Warehouse - Man,1,Warehouse Man
Warehouse Foreman (Grocery),1,Warehouse Foreman Grocery
Warehouse Girl (Hand Kerchief Folder),1,Warehouse Girl Hand Kerchief Folder
Warehouse Girl (Hemstitcher),1,Warehouse Girl Hemstitcher
Warehouse Gul (Linen),1,Warehouse Gul Linen
Warehouse Maid (Drapery),1,Warehouse Maid Drapery
Warehouse-Machinist,1,Warehouse Machinist
Warehouse-Man Wholesale Hosiery,1,Warehouse Man Wholesale Hosiery
Warehouse-Porter,1,Warehouse Porter
Warehouseman (Halian),1,Warehouseman Halian
Warehouseman (Linen Trade),1,Warehouseman Linen Trade
Warehouseman - Linen,1,Warehouseman Linen
Warehouseman in Belfast Rope ? Store),1,Warehouseman in Belfast Rope ? Store
Warehouseman-Draper,1,Warehouseman Draper
Warehouseman-Goods Fancy,1,Warehouseman Goods Fancy
Warehouseman-Grocer,1,Warehouseman Grocer
Warehouseman-Handkerchief,1,Warehouseman Handkerchief
Warehousman-Linen Trade,1,Warehousman Linen Trade
Wareroom (Sales),1,Wareroom Sales
Wareroom - Porter,1,Wareroom Porter
Wareroom Assistant-Costumes,1,Wareroom Assistant Costumes
Wareroom Turner-Out,1,Wareroom Turner Out
Wareroom-Folder,1,Wareroom Folder
Wareroom-Preparer,1,Wareroom Preparer
Wareroom-Worker,1,Wareroom Worker
Warhouseman - Drapry,1,Warhouseman Drapry
Warper (Linen Wareroom),1,Warper Linen Wareroom
Warper (Wooll),1,Warper Wooll
Warper (Woollen Factory),1,Warper Woollen Factory
Warpwinder for (Linen) Dairy Fac,1,Warpwinder for Linen Dairy Fac
Warrant Officer (Army),1,Warrant Officer Army
Warrant Officer Limerick City Garrison Artillery (Active Service),1,Warrant Officer Limerick City Garrison Artillery Active Service
Wash - Woman,1,Wash Woman
Wash-Houseman,1,Wash Houseman
Washer Woman-Domestic Servant,1,Washer Woman Domestic Servant
Washer Women-Domestic Serv.,1,Washer Women Domestic Serv.
Washer Women-Domestic Servant,1,Washer Women Domestic Servant
Washer-Woman Domestic Servant,1,Washer Woman Domestic Servant
Washer-Woman Worker,1,Washer Woman Worker
Washing (Charwoman),1,Washing Charwoman
Wastcoat - Maker,1,Wastcoat Maker
Watch and Clock Repairer (Unemployed),1,Watch and Clock Repairer Unemployed
Watch Care Maker-Master,1,Watch Care Maker Master
Watch maker (Jobber),1,Watch maker Jobber
Watch Maker-Master,1,Watch Maker Master
Watch man,1,Watchman
Watch-Case Maker,1,Watch Case Maker
Watch-Maker and Jeweller (Master),1,Watch Maker and Jeweller Master
Watch-Man,1,Watchman
Watch-Man on G.N.K.,1,Watch Man on G.N.K.
Watchmaker (Apprentice),1,Watchmaker Apprentice
Watchmaker (General),1,Watchmaker General
Watchmaker (Jobber),1,Watchmaker Jobber
Watchmaker (Master),1,Watchmaker Master
Watchmaker - Retired,1,Watchmaker Retired
Watchmaker-Hemster,1,Watchmaker Hemster
Watchmaker-Master,1,Watchmaker Master
Watchman (Ex Sgt. R. I. C),1,Watchman Ex Sgt. R. I. C
Watchman (G.N.R.),1,Watchman G.N.R.
Watchman (Night),1,Watchman Night
Watchman (on Mine),1,Watchman on Mine
Watchman (Pensioner),1,Watchman Pensioner
Watchman (Town Council),1,Watchman Town Council
"Watchman, Night (Drogheda Corporation)",1,"Watchman, Night Drogheda Corporation"
Watchman-Labourer,1,Watchman Labourer
Watchman-Night,1,Watchman Night
Water Commissioner Store-Keeper,1,Water Commissioner Store Keeper
Water Works (Dublin Corporation),1,Water Works Dublin Corporation
Water-Bailiff,1,Water Bailiff
Water-Baliff,1,Water Baliff
Water-Color Artist,1,Water Color Artist
Water-Dometc,1,Water Dometc
Water-Man,1,Water Man
Water-Proof Mantle Ma Unemployed,1,Water Proof Mantle Ma Unemployed
Water-Waste Inspec,1,Water Waste Inspec
Waver (Cameric),1,Waver Cameric
Waver-Linen,1,Waver Linen
Wearehouse (Embroidery),1,Wearehouse Embroidery
Weaver (Carpet),1,Weaver Carpet
Weaver (Employed),1,Weaver Employed
weaver (Lenien),1,weaver Lenien
Weaver (Linen and Woolen Goods),1,Weaver Linen and Woolen Goods
Weaver (Linen) Factory,1,Weaver Linen Factory
Weaver (Linen) in Spinning Mill,1,Weaver Linen in Spinning Mill
Weaver (Linen) Unemployed,1,Weaver Linen Unemployed
Weaver (Linin),1,Weaver Linin
Weaver (Retired),1,Weaver Retired
Weaver (Steam Loom),1,Weaver Steam Loom
Weaver (Wood),1,Weaver Wood
Weaver (Wool and Linnen),1,Weaver Wool and Linnen
Weaver (Wool and Linner),1,Weaver Wool and Linner
Weaver - Damask,1,Weaver Damask
Weaver - Domestic,1,Weaver Domestic
Weaver - in - Factory,1,Weaver in Factory
Weaver - Linen Unemployed,1,Weaver Linen Unemployed
Weaver linen,1,Linen Weaver
Weaver Linen (Unemployed),1,Weaver Linen Unemployed
Weaver of Yarn (Linen),1,Weaver of Yarn Linen
Weaver(Damask),1,WeaverDamask
"Weaver, (Linen)",1,"Weaver, Linen"
Weaver-Cutter,1,Weaver Cutter
Weaver-Flax,1,Weaver Flax
Weaver-Handloom,1,Weaver Handloom
Weaver-Line,1,Weaver Line
Weaver-Linen (Housekeeper),1,Weaver Linen Housekeeper
Weaver-Linen Mill,1,Weaver Linen Mill
Weaver-Wool Unemployed,1,Weaver Wool Unemployed
Weavier (Linen),1,Weavier Linen
Weaving Boys Post - Boy,1,Weaving Boys Post Boy
Weaving Factory Cord-Tier,1,Weaving Factory Cord Tier
Weaving Factory Manager (Linen),1,Weaving Factory Manager Linen
Weaving-Linen,1,Weaving Linen
Weavour (Linen),1,Weavour Linen
Weevrer (Linen),1,Weevrer Linen
Weft Winder (in Factory),1,Weft Winder in Factory
Weft Winder (Wool),1,Weft Winder Wool
Weigh Clerk (Apg Mill),1,Weigh Clerk Apg Mill
Weigh-Clerk,1,Weigh Clerk
Weigh-Mistress,1,Weigh Mistress
Weighmaster (Brewery),1,Weighmaster Brewery
Weighmaster-Gasworks,1,Weighmaster Gasworks
Weighting on (Sailor) Ship,1,Weighting on Sailor Ship
Weigning Mst Maker (Master),1,Weigning Mst Maker Master
Well-Sinker,1,Well Sinker
Wever (Linen),1,Wever Linen
Wheel wright,1,Wheelwright
Wheel Wright (apprentice),1,Wheel Wright apprentice
Wheel-Right,1,Wheel Right
Wheel-Wright-Unemployed,1,Wheel Wright Unemployed
Wheelwright-Farmer,1,Wheelwright Farmer
Whip Maker (Unemployed),1,Whip Maker Unemployed
Whip Maker-Master,1,Whip Maker Master
Whipper-in,1,Whipper in
Whipper-In,1,Whipper In
Whisky-Manager,1,Whisky Manager
White smith,1,Whitesmith
White Smith-Master,1,White Smith Master
White Smith-Operative,1,White Smith Operative
White-Worker,1,White Worker
"Whitener, House, (idle)",1,"Whitener, House, idle"
Whole Sale Druggist (Junior),1,Whole Sale Druggist Junior
Wholesale Draper (Assistant),1,Wholesale Draper Assistant
Wholesale Drapery Shopman-Apprentice,1,Wholesale Drapery Shopman Apprentice
Wholesale Merchant (General Trade),1,Wholesale Merchant General Trade
Wholesale Stationery Book - Keeper (Drapery),1,Wholesale Stationery Book Keeper Drapery
Wiander (Linen),1,Wiander Linen
Wid-Farmer,1,Wid Farmer
Wider (Linen),1,Wider Linen
Widow (Domestic),1,Widow Domestic
Widow (Late General Browne),1,Widow Late General Browne
Widow of a Laborer (General),1,Widow of a Laborer General
Widow-Income Derived from Land and Dividends,1,Widow Income Derived from Land and Dividends
Widow-Interest on Money,1,Widow Interest on Money
Widow-No Employt,1,Widow No Employt
Widow-No occupation,1,Widow No occupation
Wife (Farmer),1,Wife Farmer
Wife (Farmers),1,Wife Farmers
Wife (Lady Esmonde),1,Wife Lady Esmonde
Wife (No Occupation),1,Wife No Occupation
Wife (None,1,Wife None
Wife (None),1,Wife None
Wife (Publican),1,Wife Publican
Wife (Seamstress),1,Wife Seamstress
Wife - No occupation,1,Wife No occupation
Wife and House-Keeper,1,Wife and House Keeper
Wife Const (RIC),1,Wife Const RIC
Wife Dairy-Man and Farmer,1,Wife Dairy Man and Farmer
Wife House-Keeper,1,Wife House Keeper
Wife of (J. P. M),1,Wife of J. P. M
Wife of a Reservist on Active Service (Laundress),1,Wife of a Reservist on Active Service Laundress
Wife of Farmer and (Clerk of Petty Sessions,1,Wife of Farmer and Clerk of Petty Sessions
Wife of Porter (Grocer's),1,Wife of Porter Grocer's
Wife of Rag-Man,1,Wife of Rag Man
Wife of Timber Hardware-General Merchant,1,Wife of Timber Hardware General Merchant
Wife Server-Factory,1,Wife Server Factory
Wife-Domestic House Keeper,1,Wife Domestic House Keeper
Wife-House Duties,1,Wife House Duties
Wife-House Keeper,1,Wife House Keeper
Wife-Housekeeper,1,Wife Housekeeper
Wife-Presbytern Minister,1,Wife Presbytern Minister
Winder (Apprentice),1,Winder Apprentice
Winder (Flax) Unemployed,1,Winder Flax Unemployed
Winder (in L Mill),1,Winder in L Mill
Winder (In Mill),1,Winder In Mill
Winder (Linen Factoy),1,Winder Linen Factoy
Winder (Linen Yarn),1,Winder Linen Yarn
Winder (Megt),1,Winder Megt
Winder (Service),1,Winder Service
Winder (Unemployed),1,Winder Unemployed
Winder (Wool),1,Winder Wool
Winder Factory (Linen),1,Winder Factory Linen
Winder for Looms in Factory (Woolen),1,Winder for Looms in Factory Woolen
Winder in (Linen) Factory,1,Winder in Linen Factory
Winder in Mill in (Linen),1,Winder in Mill in Linen
Winder Linen (Ritired),1,Winder Linen Ritired
Winder Linnen (Textile Worker),1,Winder Linnen Textile Worker
Winder Mill - Worker,1,Winder Mill Worker
Winder-Cotton,1,Winder Cotton
Winder-in Linen Factory,1,Winder in Linen Factory
Winder-Linen Yarn,1,Winder Linen Yarn
Winder-Weaving Factory,1,Winder Weaving Factory
Winder-Wollen,1,Winder Wollen
Winder-Wool,1,Winder Wool
Winder-Yool,1,Winder Yool
Winding Master (Linen),1,Winding Master Linen
Window Blind Maker (Master),1,Window Blind Maker Master
Window Cleaner - Master,1,Window Cleaner Master
Window-Blind Maker,1,Window Blind Maker
Wine - Porter,1,Wine Porter
Wine Porter (Junior),1,Wine Porter Junior
Wine Store (Porter),1,Wine Store Porter
Wine-Packer,1,Wine Packer
Winner in Linen Factory (Yarn),1,Winner in Linen Factory Yarn
Winter (Linen),1,Winter Linen
Wire - Work's Labourer,1,Wire Work's Labourer
Wire-Fencer,1,Wire Fencer
Wire-Mattress Weaver,1,Wire Mattress Weaver
Wire-Polisher,1,Wire Polisher
Wire-Weaver,1,Wire Weaver
Woll-Spinner,1,Woll Spinner
Wollen Clother and Buyer Ready-Mades,1,Wollen Clother and Buyer Ready Mades
Woman of Setters (Fiction Batho Setters Tex),1,Woman of Setters Fiction Batho Setters Tex
Wood - Carver,1,Wood Carver
Wood - Carvey,1,Wood Carvey
Wood - Turner,1,Wood Turner
Wood Carver-Master,1,Wood Carver Master
Wood-Carrer,1,Wood Carrer
Wood-Cutter,1,Wood Cutter
Wood-Domestic Servt,1,Wood Domestic Servt
Wood-Faller,1,Wood Faller
Wood-Turner and Confectioner,1,Wood Turner and Confectioner
Woodcarver (Apprentice),1,Woodcarver Apprentice
Woodman (Labourer),1,Woodman Labourer
Wool Blender (Woollen Factory),1,Wool Blender Woollen Factory
Wool Draper (Woollen Factory),1,Wool Draper Woollen Factory
Wool Dyer (Master),1,Wool Dyer Master
Wool Mill-Man,1,Wool Mill Man
Wool Weaver (not Employed),1,Wool Weaver not Employed
Wool Weaver (Unemployed),1,Wool Weaver Unemployed
Wool Weaver Mill-Worker,1,Wool Weaver Mill Worker
Wool Weaver-Farmer,1,Wool Weaver Farmer
Wool Winder (Not Employed),1,Wool Winder Not Employed
Wool-Corder,1,Wool Corder
Wool-Merchant,1,Wool Merchant
Wool-Sorter-in Factory,1,Wool Sorter in Factory
Woolen Manufacturer (Retired),1,Woolen Manufacturer Retired
Woolen-Darner in Factory,1,Woolen Darner in Factory
Woolen-Twister,1,Woolen Twister
Woolen-Winder,1,Woolen Winder
Wooll-Sorter,1,Wooll Sorter
Wooll-Warper,1,Wooll Warper
Wooll-Weaver and Farmer,1,Wooll Weaver and Farmer
Woollen Draper-Master,1,Woollen Draper Master
Woollen Factory-Darner,1,Woollen Factory Darner
Woollen Weaver (in Factory),1,Woollen Weaver in Factory
Woollen Weaver - Retired,1,Woollen Weaver Retired
Woolweaver-Retired,1,Woolweaver Retired
Work at Shirt Making Machine (Factory),1,Work at Shirt Making Machine Factory
Work Man (Farm Labourer),1,Work Man Farm Labourer
Work Man (General Labourer),1,Work Man General Labourer
Work Man (Steward),1,Work Man Steward
Work Man - Domestic,1,Work Man Domestic
Work Mill Tobacco-Roller,1,Work Mill Tobacco Roller
Work Mistress (N S),1,Work Mistress N S
Work Mistress-National School,1,Work Mistress National School
Work Winder (Linen),1,Work Winder Linen
Work-Mistress and Dressmaker,1,Work Mistress and Dressmaker
Work-Mistress C.N.S.,1,Work Mistress C.N.S.
Work-Mistress in N.S.,1,Work Mistress in N.S.
Work-Mistress in National School,1,Work Mistress in National School
Work-Mistress in School,1,Work Mistress in School
Work-Mistress Under N.Board,1,Work Mistress Under N.Board
Worker (in Mill),1,Worker in Mill
Worker (Mill),1,Worker Mill
Worker at Factory - (Explosives),1,Worker at Factory Explosives
Worker at Factory-Explosive,1,Worker at Factory Explosive
Worker in (Linen) Factory,1,Worker in Linen Factory
Worker in Bleach Works (Labourer),1,Worker in Bleach Works Labourer
Worker in Flax Spinning Mill (Spinner),1,Worker in Flax Spinning Mill Spinner
Worker in Spinning Mill (Unemployed),1,Worker in Spinning Mill Unemployed
Worker in Thread Factory (Halftime),1,Worker in Thread Factory Halftime
Worker in Ware - Room,1,Worker in Ware Room
Worker-Finisher Linen and Muslin,1,Worker Finisher Linen and Muslin
Worker-Linen F,1,Worker Linen F
Worker-Pork Store,1,Worker Pork Store
Working at Cleve (Tian),1,Working at Cleve Tian
Working Domst-Servt,1,Working Domst Servt
Working House Keeper-Domestic Servant,1,Working House Keeper Domestic Servant
Working in Factory (Weaver),1,Working in Factory Weaver
Working in Flax Sprinning Mill - Roving,1,Working in Flax Sprinning Mill Roving
Working-Man Agricultural Labourer,1,Working Man Agricultural Labourer
Workingman (Labourer),1,Workingman Labourer
Workman (Dairy Work),1,Workman Dairy Work
Workman-Saddler,1,Workman Saddler
Workmaster-Bolomand School,1,Workmaster Bolomand School
Workmistress (Nat. S),1,Workmistress Nat. S
Workmistress (NS),1,Workmistress NS
Workmistress - National Board,1,Workmistress National Board
Workmistress-Dressmaker,1,Workmistress Dressmaker
Works in a Bleach and Dye Works (Smoother),1,Works in a Bleach and Dye Works Smoother
Works in Brick-Yard,1,Works in Brick Yard
Workshop-Assistant,1,Workshop Assistant
Wringer-Landury,1,Wringer Landury
Writer (Domestic Servt),1,Writer Domestic Servt
Writer-Irish History,1,Writer Irish History
Writer-Royal Navy (Active),1,Writer Royal Navy Active
Writing Clerk Four Courts (Cleaneery Division),1,Writing Clerk Four Courts Cleaneery Division
Xn-Brother Religion,1,Xn Brother Religion
Yard - Man,1,Yard Man
Yard Boy (Domestic Servt),1,Yard Boy Domestic Servt
Yard Boy-Domestic,1,Yard Boy Domestic
Yard Maid (Timber Yard),1,Yard Maid Timber Yard
Yard Man (Butchers Yard),1,Yard Man Butchers Yard
Yard Man (Coal),1,Yard Man Coal
Yard Man (Domestic Servant),1,Yard Man Domestic Servant
Yard Man-Domestic Servant (Retired),1,Yard Man Domestic Servant Retired
Yard-Boy Domestic Servant,1,Yard Boy Domestic Servant
Yard-Keeper,1,Yard Keeper
Yardman (Domestic Servant),1,Yardman Domestic Servant
Yardman and General Labourer-Domestic Servant,1,Yardman and General Labourer Domestic Servant
Yardman Domestic-Servant,1,Yardman Domestic Servant
Yardman-Domestic,1,Yardman Domestic
Yarn - Dresser,1,Yarn Dresser
Yarn - Reeler,1,Yarn Reeler
Yarn Bleacher in Thread Factory-Unemployed,1,Yarn Bleacher in Thread Factory Unemployed
Yarn Bundler (in Linen Mill),1,Yarn Bundler in Linen Mill
Yarn Drawer-in,1,Yarn Drawer in
Yarn Dresser-Unemployed,1,Yarn Dresser Unemployed
Yarn Drier (Linen),1,Yarn Drier Linen
Yarn Paper - Spinning Mill,1,Yarn Paper Spinning Mill
Yarn Spinner - Linen,1,Yarn Spinner Linen
Yarn Spinner-Linen,1,Yarn Spinner Linen
Yarn Winder (Flax),1,Yarn Winder Flax
Yarn-Bondler,1,Yarn Bondler
Yarn-Bundle,1,Yarn Bundle
Yarn-Bundler in Linen Mill,1,Yarn Bundler in Linen Mill
Yarn-Buyer,1,Yarn Buyer
Yarn-Drawer,1,Yarn Drawer
Yarn-Finisher,1,Yarn Finisher
Yarn-Rover,1,Yarn Rover
Yarn-Ruler,1,Yarn Ruler
Yarn-Storeman,1,Yarn Storeman
Yarn-Weaver,1,Yarn Weaver
Yarn-Winder in Mill,1,Yarn Winder in Mill
Yearly-Incomes,1,Yearly Incomes
Yorn-Winder,1,Yorn Winder
