occupation,count,corrected_occupation,change_category,unknown_words,suggested_occupation
Houskeeper,554,Houskeeper,UNCHANGED,Houskeeper,Housekeeper
Landress,341,Landress,UNCHANGED,Landress,Laundress
Machenist,220,Machenist,UNCHANGED,Machenist,Machinist
Farm Servent,184,Farm Servent,UNCHANGED,Servent,Farm Servant
Famer,174,Famer,UNCHANGED,Famer,Farmer
Cholar,170,Cholar,UNCHANGED,Cholar,Scholar
General Labouer,165,General Labouer,STANDARD,Labouer,General Labourer
Shephard,153,Shephard,UNCHANGED,Shephard,Shepherd
Agricultural Laboure,151,Agricultural Laboure,UNCHANGED,Laboure,Agricultural Labourer
Laboure,117,Laboure,UNCHANGED,Laboure,Labourer
General Laboure,114,General Laboure,UNCHANGED,Laboure,General Labourer
Servent,100,Servent,UNCHANGED,Servent,Servant
Millener,95,Millener,UNCHANGED,Millener,Milliner
Machinst,89,Machinst,UNCHANGED,Machinst,Machinist
Farm Labouer,86,Farm Labouer,UNCHANGED,Labouer,Farm Labourer
Labouror,86,Labouror,UNCHANGED,Labouror,Labourer
Schalar,86,Schalar,UNCHANGED,Schalar,Scholar
Dresmaker,85,Dresmaker,UNCHANGED,Dresmaker,Dressmaker
No Proffession,83,No Proffession,UNCHANGED,Proffession,No Profession
Hem Sticher,77,Hem Sticher,STANDARD,Sticher,Hem Stitcher
Schollor,76,Schollor,UNCHANGED,Schollor,Scholar
Samstress,74,Samstress,UNCHANGED,Samstress,Seamstress
Semster,72,Semster,UNCHANGED,Semster,Seamster
General Labourerr,71,General Labourerr,UNCHANGED,Labourerr,General Labourer
Farm Laboure,68,Farm Laboure,UNCHANGED,Laboure,Farm Labourer
Sheppard,64,Sheppard,UNCHANGED,Sheppard,Shepherd
Sheperd,60,Sheperd,UNCHANGED,Sheperd,Shepherd
Boot Machinest,58,Boot Machinest,STANDARD,Machinest,Boot Machinist
No Ocupation,57,No Ocupation,UNCHANGED,Ocupation,No Occupation
Intrest of Money,55,Intrest of Money,UNCHANGED,Intrest,Interest of Money
Labourer Genrl,52,Labourer Genrl,STANDARD,Genrl,Labourer Genl
Labourer Agricl,50,Labourer Agricl,STANDARD,Agricl,Labourer Agric
Barsmaid,46,Barsmaid,UNCHANGED,Barsmaid,Barmaid
General Svt Domestic,45,General Svt Domestic,STANDARD,Svt,General St Domestic
Labourer Agricul,45,Labourer Agricul,STANDARD,Agricul,Labourer Agric
Lenen Weaver,45,Lenen Weaver,UNCHANGED,Lenen,Linen Weaver
Parlor Maid,45,Parlor Maid,STANDARD,Parlor,Parlour Maid
Farmar,43,Farmar,UNCHANGED,Farmar,Farmer
General Sevt Domestic,42,General Sevt Domestic,STANDARD,Sevt,General Sert Domestic
Quary Labourer,42,Quary Labourer,UNCHANGED,Quary,Quay Labourer
Lauborer,41,Lauborer,UNCHANGED,Lauborer,Labourer
Attending Scool,40,Attending Scool,UNCHANGED,Scool,Attending School
Labourer Gnl,40,Labourer Gnl,STANDARD,Gnl,Labourer Genl
Farm Laberour,39,Farm Laberour,UNCHANGED,Laberour,Farm Labour
Farm Servan,39,Farm Servan,UNCHANGED,Servan,Farm Servant
Agracultural Labourer,37,Agracultural Labourer,UNCHANGED,Agracultural,Agricultural Labourer
Commercial Traveler,37,Commercial Traveler,UNCHANGED,Traveler,Commercial Traveller
Parlor Maid Domestic Servant,37,Parlor Maid Domestic Servant,STANDARD,Parlor,Parlour Maid Domestic Servant
Housekepper,36,Housekepper,UNCHANGED,Housekepper,Housekeeper
Gardiner Domestic Servant,35,Gardiner Domestic Servant,STANDARD,Gardiner,Gardener Domestic Servant
Harnes Maker,35,Harnes Maker,STANDARD,Harnes,Harness Maker
Cotten Weaver,34,Cotten Weaver,UNCHANGED,Cotten,Cotton Weaver
Labourer Agl.,34,Labourer Agl.,STANDARD,Agl,Labourer Agr.
Seamstrees,34,Seamstrees,UNCHANGED,Seamstrees,Seamstress
Talior,34,Talior,UNCHANGED,Talior,Tailor
At Scool,33,At Scool,UNCHANGED,Scool,At School
Cook Domestic Svt,33,Cook Domestic Svt,STANDARD,Svt,Cook Domestic St
Seimstress,33,Seimstress,UNCHANGED,Seimstress,Seamstress
Brewry Labourer,32,Brewry Labourer,UNCHANGED,Brewry,Brewery Labourer
Carpentor,32,Carpentor,UNCHANGED,Carpentor,Carpenter
Commerical Clerk,32,Commerical Clerk,UNCHANGED,Commerical,Commercial Clerk
Farme's Son,32,Farme's Son,UNCHANGED,Farme's,Farmer's Son
General Laburer,32,General Laburer,UNCHANGED,Laburer,General Labourer
Shop Assitant,32,Shop Assitant,UNCHANGED,Assitant,Shop Assistant
Farme,31,Farme,UNCHANGED,Farme,Farmer
Printer Compositer,31,Printer Compositer,STANDARD,Compositer,Printer Compositor
Tennant Farmer,31,Tennant Farmer,UNCHANGED,Tennant,Tenant Farmer
Linnin Weaver,30,Linnin Weaver,UNCHANGED,Linnin,Linnen Weaver
Farner,29,Farner,UNCHANGED,Farner,Farmer
Intrest on Money,29,Intrest on Money,UNCHANGED,Intrest,Interest on Money
Leabourer,29,Leabourer,UNCHANGED,Leabourer,Labourer
Shepperd,29,Shepperd,UNCHANGED,Shepperd,Shepherd
Comercial Traveller,28,Comercial Traveller,UNCHANGED,Comercial,Commercial Traveller
Samster,28,Samster,UNCHANGED,Samster,Seamster
Farm Laburer,27,Farm Laburer,UNCHANGED,Laburer,Farm Labourer
Farmer's Daugter,27,Farmer's Daugter,UNCHANGED,Daugter,Farmer's Daughter
Flax Spiner,27,Flax Spiner,UNCHANGED,Spiner,Flax Spinner
Houswife,27,Houswife,UNCHANGED,Houswife,Housewife
Seamstess,27,Seamstess,UNCHANGED,Seamstess,Seamstress
Agrictural Labourer,26,Agrictural Labourer,UNCHANGED,Agrictural,Agricultural Labourer
Agricultural Labrourer,26,Agricultural Labrourer,UNCHANGED,Labrourer,Agricultural Labourer
Agricultural Laburer,26,Agricultural Laburer,UNCHANGED,Laburer,Agricultural Labourer
Farmer's Daughte,26,Farmer's Daughte,UNCHANGED,Daughte,Farmer's Daughter
Genral Servant,26,Genral Servant,UNCHANGED,Genral,General Servant
Millinar,25,Millinar,UNCHANGED,Millinar,Milliner
Scholr,25,Scholr,UNCHANGED,Scholr,Scholar
Agricultual Labourer,24,Agricultual Labourer,STANDARD,Agricultual,Agricultural Labourer
Agricultura Labourer,24,Agricultura Labourer,UNCHANGED,Agricultura,Agricultural Labourer
Agriculturl Labourer,24,Agriculturl Labourer,UNCHANGED,Agriculturl,Agricultural Labourer
Camberick Weaver,24,Camberick Weaver,UNCHANGED,Camberick,Cambrick Weaver
Cooke Domestic Servant,24,Cooke Domestic Servant,STANDARD,Cooke,Cook Domestic Servant
Domestic Servan,24,Domestic Servan,UNCHANGED,Servan,Domestic Servant
Farme's Daughter,24,Farme's Daughter,UNCHANGED,Farme's,Farmer's Daughter
Horse Trainor,24,Horse Trainor,UNCHANGED,Trainor,Horse Trainer
Seamstriss,24,Seamstriss,UNCHANGED,Seamstriss,Seamstress
Farmes Wife,23,Farmes Wife,UNCHANGED,Farmes,Farmer Wife
Housekeepe,23,Housekeepe,UNCHANGED,Housekeepe,Housekeeper
Husekeeper,23,Husekeeper,UNCHANGED,Husekeeper,Housekeeper
Pedlor,23,Pedlor,UNCHANGED,Pedlor,Pedlar
Scholard,23,Scholard,UNCHANGED,Scholard,Scholar
Telegraph Messanger,23,Telegraph Messanger,UNCHANGED,Messanger,Telegraph Messenger
Cochman,22,Cochman,UNCHANGED,Cochman,Coachman
Damash Weaver,22,Damash Weaver,UNCHANGED,Damash,Damask Weaver
Domestice Servant,22,Domestice Servant,UNCHANGED,Domestice,Domestic Servant
Machine Sticher,22,Machine Sticher,UNCHANGED,Sticher,Machine Stitcher
Shipherd,22,Shipherd,UNCHANGED,Shipherd,Shepherd
Agricultrl Labourer,21,Agricultrl Labourer,STANDARD,Agricultrl,Agricultural Labourer
Cartaker,21,Cartaker,UNCHANGED,Cartaker,Caretaker
House Buisness,21,House Buisness,UNCHANGED,Buisness,House Business
Housemaid Domestic Sevt,21,Housemaid Domestic Sevt,STANDARD,Sevt,Housemaid Domestic Sert
Infint,21,Infint,UNCHANGED,Infint,Infant
Machnist,21,Machnist,UNCHANGED,Machnist,Machinist
Printer-Compositer,21,Printer Compositer,NORMALIZATION,Compositer,Printer Compositor
Comercial Clerk,20,Comercial Clerk,UNCHANGED,Comercial,Commercial Clerk
Dary Maid,20,Dary Maid,UNCHANGED,Dary,Dairy Maid
Domestic Servat,20,Domestic Servat,UNCHANGED,Servat,Domestic Servant
Fawl Dealer,20,Fawl Dealer,UNCHANGED,Fawl,Fowl Dealer
General Serveant,20,General Serveant,UNCHANGED,Serveant,General Servant
Hosekeeper,20,Hosekeeper,UNCHANGED,Hosekeeper,Housekeeper
Labiourer,20,Labiourer,UNCHANGED,Labiourer,Labourer
Ladys Nurse,20,Ladys Nurse,UNCHANGED,Ladys,Lady Nurse
Linen Wever,20,Linen Wever,UNCHANGED,Wever,Linen Weaver
Schoollar,20,Schoollar,UNCHANGED,Schoollar,Scholar
Seamester,20,Seamester,UNCHANGED,Seamester,Seamster
Agricultular Labourer,19,Agricultular Labourer,UNCHANGED,Agricultular,Agricultural Labourer
Aricultural Labourer,19,Aricultural Labourer,STANDARD,Aricultural,Agricultural Labourer
Boatmaker,19,Boatmaker,UNCHANGED,Boatmaker,Bootmaker
Embroidrer,19,Embroidrer,UNCHANGED,Embroidrer,Embroiderer
General Servant Domt,19,General Servant Domt,UNCHANGED,Domt,General Servant Dom
Messege Boy,19,Messege Boy,UNCHANGED,Messege,Message Boy
Servant Domest,19,Servant Domest,STANDARD,Domest,Servant Domes
Sheepherd,19,Sheepherd,UNCHANGED,Sheepherd,Shepherd
Shop Asistant,19,Shop Asistant,UNCHANGED,Asistant,Shop Assistant
Shop Assisant,19,Shop Assisant,STANDARD,Assisant,Shop Assistant
Woolen Spinner,19,Woolen Spinner,UNCHANGED,Woolen,Woollen Spinner
Argricultural Labourer,18,Argricultural Labourer,UNCHANGED,Argricultural,Agricultural Labourer
At Scholl,18,At Scholl,UNCHANGED,Scholl,At School
Bucher,18,Bucher,UNCHANGED,Bucher,Butcher
Domask Weaver,18,Domask Weaver,UNCHANGED,Domask,Damask Weaver
General Servant Domc,18,General Servant Domc,STANDARD,Domc,General Servant Dom
Generl Labourer,18,Generl Labourer,STANDARD,Generl,General Labourer
No Occuption,18,No Occuption,UNCHANGED,Occuption,No Occupation
Reller Flax,18,Reller Flax,UNCHANGED,Reller,Reeler Flax
Scholas,18,Scholas,UNCHANGED,Scholas,Scholar
School Gairl,18,School Gairl,UNCHANGED,Gairl,School Girl
Seeamstress,18,Seeamstress,UNCHANGED,Seeamstress,Seamstress
Talor,18,Talor,UNCHANGED,Talor,Tailor
Commerical Traveller,17,Commerical Traveller,UNCHANGED,Commerical,Commercial Traveller
Farm Labrour,17,Farm Labrour,UNCHANGED,Labrour,Farm Labour
Farm Labrourer,17,Farm Labrourer,UNCHANGED,Labrourer,Farm Labourer
Farm Sevant,17,Farm Sevant,UNCHANGED,Sevant,Farm Servant
Genral Labour,17,Genral Labour,UNCHANGED,Genral,General Labour
Genral Servant Domestic,17,Genral Domestic Servant,WORD_ORDER,Genral,General Domestic Servant
Landuress,17,Landuress,UNCHANGED,Landuress,Laundress
Machiniest,17,Machiniest,UNCHANGED,Machiniest,Machinist
No Bussiness,17,No Bussiness,UNCHANGED,Bussiness,No Business
Schorlar,17,Schorlar,UNCHANGED,Schorlar,Scholar
Scolhar,17,Scolhar,UNCHANGED,Scolhar,Scholar
Wheelright,17,Wheelright,UNCHANGED,Wheelright,Wheelwright
Apprentic,16,Apprentic,UNCHANGED,Apprentic,Apprentice
Aprentice Carpenter,16,Aprentice Carpenter,UNCHANGED,Aprentice,Apprentice Carpenter
Aprentice Fitter,16,Aprentice Fitter,UNCHANGED,Aprentice,Apprentice Fitter
Camberic Weaver,16,Camberic Weaver,UNCHANGED,Camberic,Cambric Weaver
Carptener,16,Carptener,UNCHANGED,Carptener,Carpenter
Catle Dealer,16,Catle Dealer,UNCHANGED,Catle,Cattle Dealer
Domestic Servnt,16,Domestic Servnt,UNCHANGED,Servnt,Domestic Servant
Domistic Servant,16,Domistic Servant,UNCHANGED,Domistic,Domestic Servant
Domstic Servant,16,Domstic Servant,UNCHANGED,Domstic,Domestic Servant
Farme Labourer,16,Farme Labourer,STANDARD,Farme,Farmer Labourer
Farmer Servent,16,Farmer Servent,UNCHANGED,Servent,Farmer Servant
Farmer's Daugher,16,Farmer's Daugher,UNCHANGED,Daugher,Farmer's Daughter
General Labourar,16,General Labourar,UNCHANGED,Labourar,General Labourer
Generl Servant,16,Generl Servant,STANDARD,Generl,General Servant
Laubourer,16,Laubourer,UNCHANGED,Laubourer,Labourer
Market Gardiner,16,Market Gardiner,UNCHANGED,Gardiner,Market Gardener
Millright,16,Millright,UNCHANGED,Millright,Millwright
No Proffesion,16,No Proffesion,UNCHANGED,Proffesion,No Profession
Saimstress,16,Saimstress,UNCHANGED,Saimstress,Seamstress
Scholal,16,Scholal,UNCHANGED,Scholal,Scholar
Scholl Boy,16,Scholl Boy,UNCHANGED,Scholl,School Boy
Schololar,16,Schololar,UNCHANGED,Schololar,Scholar
Schoular,16,Schoular,UNCHANGED,Schoular,Scholar
Wool Spiner,16,Wool Spiner,STANDARD,Spiner,Wool Spinner
Agrcultural Labourer,15,Agrcultural Labourer,UNCHANGED,Agrcultural,Agricultural Labourer
Agricultur Labour,15,Agricultur Labour,UNCHANGED,Agricultur,Agriculture Labour
Augricultural Labourer,15,Augricultural Labourer,UNCHANGED,Augricultural,Agricultural Labourer
Catton Weaver,15,Catton Weaver,UNCHANGED,Catton,Cotton Weaver
Dessmaker,15,Dessmaker,UNCHANGED,Dessmaker,Dressmaker
Farm Labr,15,Farm Labr,UNCHANGED,Labr,Farm Lab
Farm Serant,15,Farm Serant,STANDARD,Serant,Farm Servant
General Labrourer,15,General Labrourer,UNCHANGED,Labrourer,General Labourer
Hankerchief Folder,15,Hankerchief Folder,UNCHANGED,Hankerchief,Handkerchief Folder
Labourar,15,Labourar,UNCHANGED,Labourar,Labourer
Laboures,15,Laboures,UNCHANGED,Laboures,Labourer
Loding House Keeper,15,Loding Housekeeper,COMPOUND_KEEPER,Loding,Lodging Housekeeper
Mesage Boy,15,Mesage Boy,UNCHANGED,Mesage,Message Boy
No Busines,15,No Busines,UNCHANGED,Busines,No Business
Parlor Maid Domestic,15,Parlor Maid Domestic,STANDARD,Parlor,Parlour Maid Domestic
Parlormaid Domestic Servant,15,Parlormaid Domestic Servant,STANDARD,Parlormaid,Parlourmaid Domestic Servant
Seamstreess,15,Seamstreess,UNCHANGED,Seamstreess,Seamstress
Seemster,15,Seemster,UNCHANGED,Seemster,Seamster
Shcholar,15,Shcholar,UNCHANGED,Shcholar,Scholar
Armey Pensioner,14,Armey Pensioner,UNCHANGED,Armey,Army Pensioner
At Schooll,14,At Schooll,UNCHANGED,Schooll,At School
Attending Chool,14,Attending Chool,UNCHANGED,Chool,Attending School
Dreesmaker,14,Dreesmaker,UNCHANGED,Dreesmaker,Dressmaker
Factory Machinest,14,Factory Machinest,UNCHANGED,Machinest,Factory Machinist
Famer's Son,14,Famer's Son,UNCHANGED,Famer's,Farmer's Son
Heards Man,14,Heards Man,UNCHANGED,Heards,Herds Man
Labourer (Agricl),14,Labourer Agricl,NORMALIZATION,Agricl,Labourer Agric
Labourrer,14,Labourrer,UNCHANGED,Labourrer,Labourer
Linnen Wever,14,Linnen Wever,UNCHANGED,Wever,Linnen Weaver
Linner Weaver,14,Linner Weaver,UNCHANGED,Linner,Linnen Weaver
Machienest,14,Machienest,UNCHANGED,Machienest,Machinist
Seemstress,14,Seemstress,UNCHANGED,Seemstress,Seamstress
Sheppherd,14,Sheppherd,UNCHANGED,Sheppherd,Shepherd
Steamstress,14,Steamstress,UNCHANGED,Steamstress,Seamstress
Tobacco Spiner,14,Tobacco Spiner,UNCHANGED,Spiner,Tobacco Spinner
Tobbaco Spinner,14,Tobbaco Spinner,UNCHANGED,Tobbaco,Tobacco Spinner
Agricultural Labouror,13,Agricultural Labouror,UNCHANGED,Labouror,Agricultural Labourer
Bording House Keeper,13,Bording Housekeeper,COMPOUND_KEEPER,Bording,Boarding Housekeeper
Charewoman,13,Charewoman,UNCHANGED,Charewoman,Charwoman
Childrens Maid Domestic Servant,13,Childrens Maid Domestic Servant,STANDARD,Childrens,Children Maid Domestic Servant
Chorwoman,13,Chorwoman,UNCHANGED,Chorwoman,Charwoman
Domestc Servant,13,Domestc Servant,UNCHANGED,Domestc,Domestic Servant
Fars Son,13,Fars Son,UNCHANGED,Fars,Farm Son
Garderner,13,Garderner,UNCHANGED,Garderner,Gardener
General Sevant,13,General Sevant,UNCHANGED,Sevant,General Servant
House Worke,13,House Worke,UNCHANGED,Worke,House Worker
Labrour General,13,Labrour General,STANDARD,Labrour,Labour General
Land Stward,13,Land Stward,UNCHANGED,Stward,Land Steward
Landry Maid,13,Landry Maid,UNCHANGED,Landry,Laundry Maid
Linnon Weaver,13,Linnon Weaver,UNCHANGED,Linnon,Linnen Weaver
Probationes Nurse,13,Probationes Nurse,UNCHANGED,Probationes,Probationer Nurse
Servant Domc,13,Servant Domc,UNCHANGED,Domc,Servant Dom
Shepheard,13,Shepheard,UNCHANGED,Shepheard,Shepherd
Towl Dealer,13,Towl Dealer,UNCHANGED,Towl,Fowl Dealer
Tram Conducter,13,Tram Conducter,UNCHANGED,Conducter,Tram Conductor
Wooll Weaver,13,Wooll Weaver,UNCHANGED,Wooll,Wool Weaver
Agricultural Labourar,12,Agricultural Labourar,UNCHANGED,Labourar,Agricultural Labourer
Brewary Labourer,12,Brewary Labourer,UNCHANGED,Brewary,Brewery Labourer
Cooke Domestic,12,Cooke Domestic,STANDARD,Cooke,Cook Domestic
Damsk Weaver,12,Damsk Weaver,UNCHANGED,Damsk,Damask Weaver
Dary Man,12,Dary Man,UNCHANGED,Dary,Dairy Man
Embroderer,12,Embroderer,UNCHANGED,Embroderer,Embroiderer
Fancey Box Maker,12,Fancey Box Maker,UNCHANGED,Fancey,Fancy Box Maker
Farm Laboures,12,Farm Laboures,UNCHANGED,Laboures,Farm Labourer
Farmer's Neice,12,Farmer's Neice,UNCHANGED,Neice,Farmer's Niece
Farmor,12,Farmor,UNCHANGED,Farmor,Farmer
Gardener Domestic Svt,12,Gardener Domestic Svt,STANDARD,Svt,Gardener Domestic St
General Labiour,12,General Labiour,UNCHANGED,Labiour,General Labour
General Laubourer,12,General Laubourer,UNCHANGED,Laubourer,General Labourer
Grom Domestic Servant,12,Grom Domestic Servant,UNCHANGED,Grom,Groom Domestic Servant
Invalide,12,Invalide,UNCHANGED,Invalide,Invalid
Labourerer,12,Labourerer,UNCHANGED,Labourerer,Labourer
Laburor,12,Laburor,UNCHANGED,Laburor,Labourer
Laudress,12,Laudress,UNCHANGED,Laudress,Laundress
Lobourer,12,Lobourer,UNCHANGED,Lobourer,Labourer
Machienist,12,Machienist,UNCHANGED,Machienist,Machinist
Messag Boy,12,Messag Boy,UNCHANGED,Messag,Message Boy
N.School Teacher,12,N.School Teacher,UNCHANGED,N.School,School Teacher
No Occpation,12,No Occpation,UNCHANGED,Occpation,No Occupation
No Profesion,12,No Profesion,UNCHANGED,Profesion,No Profession
Scool Girl,12,Scool Girl,STANDARD,Scool,School Girl
Semsteress,12,Semsteress,UNCHANGED,Semsteress,Seamstress
Shop Assiant,12,Shop Assiant,UNCHANGED,Assiant,Shop Assistant
Agricaltural Labourer,11,Agricaltural Labourer,UNCHANGED,Agricaltural,Agricultural Labourer
Agricultural Laboural,11,Agricultural Laboural,UNCHANGED,Laboural,Agricultural Labourer
Attending Schooll,11,Attending Schooll,UNCHANGED,Schooll,Attending School
Brass Finsher,11,Brass Finsher,UNCHANGED,Finsher,Brass Finisher
Carptenter,11,Carptenter,UNCHANGED,Carptenter,Carpenter
Domestic Serant,11,Domestic Serant,UNCHANGED,Serant,Domestic Servant
Embroyderer,11,Embroyderer,UNCHANGED,Embroyderer,Embroiderer
Frarmer,11,Frarmer,UNCHANGED,Frarmer,Farmer
French Pollisher,11,French Pollisher,UNCHANGED,Pollisher,French Polisher
Gardener Domestic Sevt,11,Gardener Domestic Sevt,STANDARD,Sevt,Gardener Domestic Sert
Gass Fitter,11,Gass Fitter,STANDARD,Gass,Gas Fitter
Genaral Labourer,11,Genaral Labourer,UNCHANGED,Genaral,General Labourer
General Serant,11,General Serant,UNCHANGED,Serant,General Servant
Labouerer,11,Labouerer,UNCHANGED,Labouerer,Labourer
Nurse Domestic Sevt,11,Nurse Domestic Sevt,STANDARD,Sevt,Nurse Domestic Sert
Resturant Keeper,11,Resturant Keeper,UNCHANGED,Resturant,Restaurant Keeper
Schallar,11,Schallar,UNCHANGED,Schallar,Scholar
Scohalar,11,Scohalar,UNCHANGED,Scohalar,Scholar
Tailar,11,Tailar,UNCHANGED,Tailar,Tailor
Tobaco Spinner,11,Tobaco Spinner,UNCHANGED,Tobaco,Tobacco Spinner
Woll Weaver,11,Woll Weaver,UNCHANGED,Woll,Wool Weaver
Yarn Reller,11,Yarn Reller,UNCHANGED,Reller,Yarn Reeler
Agricultrual Labourer,10,Agricultrual Labourer,UNCHANGED,Agricultrual,Agricultural Labourer
Agricultural Labourerer,10,Agricultural Labourerer,UNCHANGED,Labourerer,Agricultural Labourer
Attendin School,10,Attendin School,UNCHANGED,Attendin,Attending School
Attending Scholl,10,Attending Scholl,UNCHANGED,Scholl,Attending School
Attendng School,10,Attendng School,UNCHANGED,Attendng,Attending School
Ceneral Servant,10,Ceneral Servant,UNCHANGED,Ceneral,General Servant
Cigarett Maker,10,Cigarett Maker,UNCHANGED,Cigarett,Cigarette Maker
Clerk Comercial,10,Clerk Comercial,UNCHANGED,Comercial,Clerk Commercial
Coachman Domestic Svt,10,Coachman Domestic Svt,STANDARD,Svt,Coachman Domestic St
Cochman Domestic Servant,10,Cochman Domestic Servant,UNCHANGED,Cochman,Coachman Domestic Servant
Embroideror,10,Embroideror,UNCHANGED,Embroideror,Embroiderer
Failor,10,Failor,UNCHANGED,Failor,Tailor
Famer Servant,10,Famer Servant,UNCHANGED,Famer,Farmer Servant
Farm Laboror,10,Farm Laboror,UNCHANGED,Laboror,Farm Labourer
Farm Lauborer,10,Farm Lauborer,UNCHANGED,Lauborer,Farm Labourer
Farme's Wife,10,Farme's Wife,UNCHANGED,Farme's,Farmer's Wife
Farmeer,10,Farmeer,UNCHANGED,Farmeer,Farmer
Farmer's Dughter,10,Farmer's Dughter,UNCHANGED,Dughter,Farmer's Daughter
Farmr,10,Farmr,UNCHANGED,Farmr,Farmer
General Laboruer,10,General Laboruer,UNCHANGED,Laboruer,General Labourer
Housekeepr,10,Housekeepr,UNCHANGED,Housekeepr,Housekeeper
Income from Dividents,10,Income from Dividents,UNCHANGED,Dividents,Income from Dividends
Labour Agrl,10,Labour Agrl,UNCHANGED,Agrl,Labour Agr
Linen Spiner,10,Linen Spiner,UNCHANGED,Spiner,Linen Spinner
Linen Weavor,10,Linen Weavor,UNCHANGED,Weavor,Linen Weaver
Mercheant Sailor,10,Mercheant Sailor,UNCHANGED,Mercheant,Merchant Sailor
Schlolar,10,Schlolar,UNCHANGED,Schlolar,Scholar
Scholarr,10,Scholarr,UNCHANGED,Scholarr,Scholar
Schorar,10,Schorar,UNCHANGED,Schorar,Scholar
Shop Assistent,10,Shop Assistent,UNCHANGED,Assistent,Shop Assistant
Agricultal Labourer,9,Agricultal Labourer,UNCHANGED,Agricultal,Agricultural Labourer
Agricultaral Labourer,9,Agricultaral Labourer,UNCHANGED,Agricultaral,Agricultural Labourer
Agriculturar Labourer,9,Agriculturar Labourer,STANDARD,Agriculturar,Agricultural Labourer
Agrilcultural Labourer,9,Agrilcultural Labourer,UNCHANGED,Agrilcultural,Agricultural Labourer
Attenting School,9,Attenting School,UNCHANGED,Attenting,Attending School
Car Owener,9,Car Owener,UNCHANGED,Owener,Car Owner
Carpainter,9,Carpainter,UNCHANGED,Carpainter,Carpenter
Carwoman,9,Carwoman,UNCHANGED,Carwoman,Charwoman
Cook-Domestic Svt,9,Cook Domestic Svt,NORMALIZATION,Svt,Cook Domestic St
Damisk Weaver,9,Damisk Weaver,UNCHANGED,Damisk,Damask Weaver
Domestic Sevant,9,Domestic Sevant,UNCHANGED,Sevant,Domestic Servant
Farm Servat,9,Farm Servat,UNCHANGED,Servat,Farm Servant
Flax Prepairer,9,Flax Prepairer,UNCHANGED,Prepairer,Flax Preparer
Flax Spreder,9,Flax Spreder,UNCHANGED,Spreder,Flax Spreader
Fowel Dealer,9,Fowel Dealer,UNCHANGED,Fowel,Fowl Dealer
Gass Labourer,9,Gass Labourer,UNCHANGED,Gass,Gas Labourer
General Laborur,9,General Laborur,UNCHANGED,Laborur,General Labour
General Lauborer,9,General Lauborer,UNCHANGED,Lauborer,General Labourer
Horness Maker,9,Horness Maker,UNCHANGED,Horness,Harness Maker
Hous Keeping,9,Hous Keeping,UNCHANGED,Hous,House Keeping
Infent,9,Infent,UNCHANGED,Infent,Infant
Laberour General,9,Laberour General,STANDARD,Laberour,Labour General
Labourer (Agricul),9,Labourer Agricul,NORMALIZATION,Agricul,Labourer Agric
Laibourer,9,Laibourer,UNCHANGED,Laibourer,Labourer
Linen Reller,9,Linen Reller,UNCHANGED,Reller,Linen Reeler
Machanical Engineer,9,Machanical Engineer,UNCHANGED,Machanical,Mechanical Engineer
Mechinist,9,Mechinist,UNCHANGED,Mechinist,Machinist
Millinner,9,Millinner,UNCHANGED,Millinner,Milliner
No Schollar,9,No Schollar,UNCHANGED,Schollar,No Scholar
No Schoolar,9,No Schoolar,UNCHANGED,Schoolar,No Scholar
Patern Maker,9,Patern Maker,UNCHANGED,Patern,Pattern Maker
Reller in Mill,9,Reller in Mill,UNCHANGED,Reller,Reeler in Mill
Sailar,9,Sailar,UNCHANGED,Sailar,Sailor
Scholara,9,Scholara,UNCHANGED,Scholara,Scholar
Scholear,9,Scholear,UNCHANGED,Scholear,Scholar
Scholl Girl,9,Scholl Girl,UNCHANGED,Scholl,School Girl
Scholur,9,Scholur,UNCHANGED,Scholur,Scholar
Shipright,9,Shipright,UNCHANGED,Shipright,Shipwright
Shop Assistan,9,Shop Assistan,UNCHANGED,Assistan,Shop Assistant
Tobbacco Spinner,9,Tobbacco Spinner,UNCHANGED,Tobbacco,Tobacco Spinner
Agriculteral Labourer,8,Agriculteral Labourer,UNCHANGED,Agriculteral,Agricultural Labourer
Agriculturel Labourer,8,Agriculturel Labourer,UNCHANGED,Agriculturel,Agricultural Labourer
Agriculturial Labourer,8,Agriculturial Labourer,UNCHANGED,Agriculturial,Agricultural Labourer
Anuity,8,Anuity,UNCHANGED,Anuity,Annuity
Aprentice Baker,8,Aprentice Baker,UNCHANGED,Aprentice,Apprentice Baker
Aprentice Plumber,8,Aprentice Plumber,UNCHANGED,Aprentice,Apprentice Plumber
Attending Schoole,8,Attending Schoole,UNCHANGED,Schoole,Attending School
Attinding School,8,Attinding School,UNCHANGED,Attinding,Attending School
Boilor Maker,8,Boilor Maker,UNCHANGED,Boilor,Boiler Maker
Buther,8,Buther,UNCHANGED,Buther,Butcher
Cachman,8,Cachman,UNCHANGED,Cachman,Coachman
Cattel Dealer,8,Cattel Dealer,UNCHANGED,Cattel,Cattle Dealer
Choolar,8,Choolar,UNCHANGED,Choolar,Scholar
Cook Domestic Servnt,8,Cook Domestic Servnt,UNCHANGED,Servnt,Cook Domestic Servant
Coton Weaver,8,Coton Weaver,UNCHANGED,Coton,Cotton Weaver
Damesk Weaver,8,Damesk Weaver,UNCHANGED,Damesk,Damask Weaver
Dock Laboer,8,Dock Laboer,UNCHANGED,Laboer,Dock Labour
Famer's Daughter,8,Famer's Daughter,UNCHANGED,Famer's,Farmer's Daughter
Farem Servant,8,Farem Servant,UNCHANGED,Farem,Farm Servant
Farm Laborur,8,Farm Laborur,UNCHANGED,Laborur,Farm Labour
Farm Laubourer,8,Farm Laubourer,UNCHANGED,Laubourer,Farm Labourer
Farmer's Daughtr,8,Farmer's Daughtr,UNCHANGED,Daughtr,Farmer's Daughter
Farmer's Doughter,8,Farmer's Doughter,UNCHANGED,Doughter,Farmer's Daughter
Farrmer,8,Farrmer,UNCHANGED,Farrmer,Farmer
Fowel Plucker,8,Fowel Plucker,UNCHANGED,Fowel,Fowl Plucker
Gardiner Domestic,8,Gardiner Domestic,STANDARD,Gardiner,Gardener Domestic
Gardiner Domestic Servt,8,Gardiner Domestic Servant,ABBREVIATION,Gardiner,Gardener Domestic Servant
Genearl Labourer,8,Genearl Labourer,UNCHANGED,Genearl,General Labourer
General Labouerer,8,General Labouerer,UNCHANGED,Labouerer,General Labourer
General Labror,8,General Labror,UNCHANGED,Labror,General Labour
General Servat,8,General Servat,UNCHANGED,Servat,General Servant
Generl Servant Domestic,8,Generl Domestic Servant,WORD_ORDER,Generl,General Domestic Servant
Genrl. Servant Domestic,8,Genrl. Domestic Servant,WORD_ORDER,Genrl,Genl. Domestic Servant
Grocers Assint,8,Grocers Assint,UNCHANGED,Assint,Grocers Assist
House Servent,8,House Servent,UNCHANGED,Servent,House Servant
Iron Shipright,8,Iron Shipright,UNCHANGED,Shipright,Iron Shipwright
Larbourer,8,Larbourer,UNCHANGED,Larbourer,Labourer
Lay Brather,8,Lay Brather,UNCHANGED,Brather,Lay Brother
Linan Weaver,8,Linan Weaver,UNCHANGED,Linan,Linen Weaver
Linen Weavr,8,Linen Weavr,UNCHANGED,Weavr,Linen Weaver
Mechinest,8,Mechinest,UNCHANGED,Mechinest,Machinist
Messanger Boy,8,Messanger Boy,UNCHANGED,Messanger,Messenger Boy
National S.Teacher,8,National S.Teacher,UNCHANGED,S.Teacher,National Teacher
Nedle Work,8,Nedle Work,UNCHANGED,Nedle,Needle Work
Nuse,8,Nuse,UNCHANGED,Nuse,Nurse
Porke Butcher,8,Porke Butcher,UNCHANGED,Porke,Pork Butcher
Provison Dealer,8,Provison Dealer,UNCHANGED,Provison,Provision Dealer
Quay Labouer,8,Quay Labouer,UNCHANGED,Labouer,Quay Labourer
Salor,8,Salor,UNCHANGED,Salor,Sailor
Schoalar,8,Schoalar,UNCHANGED,Schoalar,Scholar
Servand,8,Servand,UNCHANGED,Servand,Servant
Sevant,8,Sevant,UNCHANGED,Sevant,Servant
Shop Messanger,8,Shop Messanger,UNCHANGED,Messanger,Shop Messenger
Shopherd,8,Shopherd,UNCHANGED,Shopherd,Shepherd
Smyths Helper,8,Smyths Helper,UNCHANGED,Smyths,Smiths Helper
Spiner Flax,8,Spiner Flax,STANDARD,Spiner,Spinner Flax
Weaver Domask,8,Weaver Domask,UNCHANGED,Domask,Weaver Damask
Agricltural Labourer,7,Agricltural Labourer,UNCHANGED,Agricltural,Agricultural Labourer
Agricultural Laboruer,7,Agricultural Laboruer,UNCHANGED,Laboruer,Agricultural Labourer
Agricultural Labourer Shephard,7,Agricultural Labourer Shephard,STANDARD,Shephard,Agricultural Labourer Shepherd
Agriculturil Labourer,7,Agriculturil Labourer,UNCHANGED,Agriculturil,Agricultural Labourer
Apprentis,7,Apprentis,UNCHANGED,Apprentis,Apprentice
Aprentice Painter,7,Aprentice Painter,UNCHANGED,Aprentice,Apprentice Painter
Army Pensinor,7,Army Pensinor,UNCHANGED,Pensinor,Army Pensioner
Arricultural Labourer,7,Arricultural Labourer,UNCHANGED,Arricultural,Agricultural Labourer
Assistan House Keeper,7,Assistan Housekeeper,COMPOUND_KEEPER,Assistan,Assistant Housekeeper
Asylum Attendent,7,Asylum Attendent,UNCHANGED,Attendent,Asylum Attendant
At Schoole,7,At Schoole,UNCHANGED,Schoole,At School
Attanding School,7,Attanding School,UNCHANGED,Attanding,Attending School
Boot and Shomaker,7,Boot and Shomaker,UNCHANGED,Shomaker,Boot and Shoemaker
Cabnetmaker,7,Cabnetmaker,UNCHANGED,Cabnetmaker,Cabinetmaker
Capenter,7,Capenter,UNCHANGED,Capenter,Carpenter
Damark Weaver,7,Damark Weaver,UNCHANGED,Damark,Damask Weaver
Dock Labrour,7,Dock Labrour,UNCHANGED,Labrour,Dock Labour
Domastic Servant,7,Domastic Servant,UNCHANGED,Domastic,Domestic Servant
Domestic Servant Gardiner,7,Domestic Servant Gardiner,STANDARD,Gardiner,Domestic Servant Gardener
F Daugther,7,F Daugther,UNCHANGED,Daugther,F Daughter
Factery Worker,7,Factery Worker,UNCHANGED,Factery,Factory Worker
Farm Leabour,7,Farm Leabour,UNCHANGED,Leabour,Farm Labour
Farm Lobourer,7,Farm Lobourer,UNCHANGED,Lobourer,Farm Labourer
Farmer's Daugther,7,Farmer's Daugther,UNCHANGED,Daugther,Farmer's Daughter
Farmer's Daugtr,7,Farmer's Daugtr,UNCHANGED,Daugtr,Farmer's Daughter
General Domestick Servant,7,General Domestick Servant,STANDARD,Domestick,General Domestic Servant
General Laboror,7,General Laboror,STANDARD,Laboror,General Labourer
General Laboures,7,General Laboures,UNCHANGED,Laboures,General Labourer
General Labouror,7,General Labouror,UNCHANGED,Labouror,General Labourer
General Labrouer,7,General Labrouer,UNCHANGED,Labrouer,General Labourer
General Leabourer,7,General Leabourer,UNCHANGED,Leabourer,General Labourer
General Lobourer,7,General Lobourer,UNCHANGED,Lobourer,General Labourer
General Svt-Domestic,7,General Svt Domestic,NORMALIZATION,Svt,General St Domestic
Genl Sevt Domestic,7,Genl Sevt Domestic,STANDARD,Sevt,Genl Sert Domestic
Gnl. Servant Domestic,7,Gnl. Domestic Servant,WORD_ORDER,Gnl,Genl. Domestic Servant
Handerchief Folder,7,Handerchief Folder,UNCHANGED,Handerchief,Handkerchief Folder
House Parlor Maid,7,House Parlor Maid,STANDARD,Parlor,House Parlour Maid
Houskeeper Unemployed,7,Houskeeper Unemployed,UNCHANGED,Houskeeper,Housekeeper Unemployed
Invalied,7,Invalied,UNCHANGED,Invalied,Invalid
Labour Genrl,7,Labour Genrl,STANDARD,Genrl,Labour Genl
Lavourer,7,Lavourer,UNCHANGED,Lavourer,Labourer
Linen Finsher,7,Linen Finsher,UNCHANGED,Finsher,Linen Finisher
Machinest Wareroom,7,Machinest Wareroom,UNCHANGED,Machinest,Machinist Wareroom
Machinist Infactory,7,Machinist Infactory,UNCHANGED,Infactory,Machinist Factory
No Employement,7,No Employement,UNCHANGED,Employement,No Employment
No Scolar,7,No Scolar,UNCHANGED,Scolar,No Scholar
Printer - Compositer,7,Printer Compositer,NORMALIZATION,Compositer,Printer Compositor
Private Incom,7,Private Incom,UNCHANGED,Incom,Private Income
Redlar,7,Redlar,UNCHANGED,Redlar,Pedlar
Rivett Heater,7,Rivett Heater,UNCHANGED,Rivett,Rivet Heater
Roman Catholic Clergman,7,Roman Catholic Clergman,UNCHANGED,Clergman,Roman Catholic Clergyman
Rual Postman,7,Rual Postman,UNCHANGED,Rual,Rural Postman
Sceamstress,7,Sceamstress,UNCHANGED,Sceamstress,Seamstress
Schol Boy,7,Schol Boy,UNCHANGED,Schol,School Boy
Scholir,7,Scholir,UNCHANGED,Scholir,Scholar
Sea Captian,7,Sea Captian,UNCHANGED,Captian,Sea Captain
Serant,7,Serant,UNCHANGED,Serant,Servant
Shirt Sticher,7,Shirt Sticher,STANDARD,Sticher,Shirt Stitcher
Shoing Smith,7,Shoing Smith,STANDARD,Shoing,Shoeing Smith
Shoomaker,7,Shoomaker,UNCHANGED,Shoomaker,Shoemaker
Shop Apprentic,7,Shop Apprentic,UNCHANGED,Apprentic,Shop Apprentice
Shopkeper,7,Shopkeper,UNCHANGED,Shopkeper,Shopkeeper
Soemaker,7,Soemaker,UNCHANGED,Soemaker,Shoemaker
Acricultural Labourer,6,Acricultural Labourer,UNCHANGED,Acricultural,Agricultural Labourer
Agricultiral Labourer,6,Agricultiral Labourer,UNCHANGED,Agricultiral,Agricultural Labourer
Agricultul Labourer,6,Agricultul Labourer,STANDARD,Agricultul,Agricultural Labourer
Agriculutral Labourer,6,Agriculutral Labourer,UNCHANGED,Agriculutral,Agricultural Labourer
Annity,6,Annity,UNCHANGED,Annity,Annuity
Appr Carpenter,6,Appr Carpenter,UNCHANGED,Appr,App Carpenter
Aprentice Blacksmith,6,Aprentice Blacksmith,UNCHANGED,Aprentice,Apprentice Blacksmith
Aprentice Tailor,6,Aprentice Tailor,UNCHANGED,Aprentice,Apprentice Tailor
Argicultural Labourer,6,Argicultural Labourer,UNCHANGED,Argicultural,Agricultural Labourer
Army Penshioner,6,Army Penshioner,UNCHANGED,Penshioner,Army Pensioner
Asistant House Keeper,6,Asistant Housekeeper,COMPOUND_KEEPER,Asistant,Assistant Housekeeper
Asistant Housekeeper,6,Asistant Housekeeper,STANDARD,Asistant,Assistant Housekeeper
Assistant Houskeeper,6,Assistant Houskeeper,UNCHANGED,Houskeeper,Assistant Housekeeper
Attening School,6,Attening School,UNCHANGED,Attening,Attending School
Bewery Labourer,6,Bewery Labourer,UNCHANGED,Bewery,Brewery Labourer
Biscuite Packer,6,Biscuite Packer,UNCHANGED,Biscuite,Biscuit Packer
Bobin Winder,6,Bobin Winder,UNCHANGED,Bobin,Bobbin Winder
Brewery Labrour,6,Brewery Labrour,UNCHANGED,Labrour,Brewery Labour
Bricklayor,6,Bricklayor,UNCHANGED,Bricklayor,Bricklayer
Cameric Weaver,6,Cameric Weaver,UNCHANGED,Cameric,Cambric Weaver
Camerick Weaver,6,Camerick Weaver,UNCHANGED,Camerick,Cambrick Weaver
Carptner,6,Carptner,UNCHANGED,Carptner,Carpenter
Childrens Maid-Domestic Servant,6,Childrens Maid Domestic Servant,NORMALIZATION,Childrens,Children Maid Domestic Servant
Chool Boy,6,Chool Boy,UNCHANGED,Chool,School Boy
Clerk Bookeeper,6,Clerk Bookeeper,UNCHANGED,Bookeeper,Clerk Bookkeeper
Clother Dealer,6,Clother Dealer,UNCHANGED,Clother,Clothes Dealer
Combric Weaver,6,Combric Weaver,UNCHANGED,Combric,Cambric Weaver
Commericial Clerk,6,Commericial Clerk,UNCHANGED,Commericial,Commercial Clerk
Cook Domestic Servat,6,Cook Domestic Servat,STANDARD,Servat,Cook Domestic Servant
Dack Labourer,6,Dack Labourer,UNCHANGED,Dack,Dock Labourer
Dairey Man,6,Dairey Man,UNCHANGED,Dairey,Dairy Man
Damack Weaver,6,Damack Weaver,UNCHANGED,Damack,Damask Weaver
Distellery Labourer,6,Distellery Labourer,UNCHANGED,Distellery,Distillery Labourer
Doch Labourer,6,Doch Labourer,STANDARD,Doch,Dock Labourer
Dreasmaker,6,Dreasmaker,UNCHANGED,Dreasmaker,Dressmaker
Embrorderer,6,Embrorderer,UNCHANGED,Embrorderer,Embroiderer
Faremer,6,Faremer,UNCHANGED,Faremer,Farmer
Farm Asistant,6,Farm Asistant,UNCHANGED,Asistant,Farm Assistant
Farm Labiour,6,Farm Labiour,UNCHANGED,Labiour,Farm Labour
Farm Labiourer,6,Farm Labiourer,UNCHANGED,Labiourer,Farm Labourer
Farm Labouror,6,Farm Labouror,UNCHANGED,Labouror,Farm Labourer
Farm Leabourer,6,Farm Leabourer,UNCHANGED,Leabourer,Farm Labourer
Farm Searvent,6,Farm Searvent,UNCHANGED,Searvent,Farm Servant
Farm Servnt,6,Farm Servnt,UNCHANGED,Servnt,Farm Servant
Farmor's Son,6,Farmor's Son,UNCHANGED,Farmor's,Farmer's Son
Foundary Labourer,6,Foundary Labourer,UNCHANGED,Foundary,Foundry Labourer
Fowl Dealor,6,Fowl Dealor,UNCHANGED,Dealor,Fowl Dealer
Gener Servant Domestic,6,Gener Domestic Servant,WORD_ORDER,Gener,Genera Domestic Servant
General Domestic Servent,6,General Domestic Servent,STANDARD,Servent,General Domestic Servant
General Domestic Servnt,6,General Domestic Servnt,UNCHANGED,Servnt,General Domestic Servant
General Labarour,6,General Labarour,UNCHANGED,Labarour,General Labour
General Labeour,6,General Labeour,UNCHANGED,Labeour,General Labour
General Laubour,6,General Laubour,UNCHANGED,Laubour,General Labour
General Servan,6,General Servan,UNCHANGED,Servan,General Servant
General Servt Domc,6,General Servant Domc,ABBREVIATION,Domc,General Servant Dom
Grocer Aprentice,6,Grocer Aprentice,UNCHANGED,Aprentice,Grocer Apprentice
Guay Labourer,6,Guay Labourer,UNCHANGED,Guay,Quay Labourer
Hackel Maker,6,Hackel Maker,STANDARD,Hackel,Hackle Maker
Hoisery Knitter,6,Hoisery Knitter,UNCHANGED,Hoisery,Hosiery Knitter
Horse Traner,6,Horse Traner,STANDARD,Traner,Horse Trainer
Hotel Propriter,6,Hotel Propriter,UNCHANGED,Propriter,Hotel Proprietor
House and Parlor Maid,6,House and Parlor Maid,UNCHANGED,Parlor,House and Parlour Maid
House and Parlor Maid Domestic Servant,6,House and Parlor Maid Domestic Servant,STANDARD,Parlor,House and Parlour Maid Domestic Servant
House Dutes,6,House Dutes,UNCHANGED,Dutes,House Duties
House Keping,6,House Keping,UNCHANGED,Keping,House Keeping
House Maid Domestic Sevt,6,House Maid Domestic Sevt,STANDARD,Sevt,House Maid Domestic Sert
Housekeepper,6,Housekeepper,UNCHANGED,Housekeepper,Housekeeper
Journeman Tailor,6,Journeman Tailor,UNCHANGED,Journeman,Journeyman Tailor
Laberour (Farm),6,Laberour Farm,NORMALIZATION,Laberour,Labour Farm
Lablourer,6,Lablourer,UNCHANGED,Lablourer,Labourer
Laboure's Wife,6,Laboure's Wife,UNCHANGED,Laboure's,Labourer's Wife
Labourer in Distellery,6,Labourer in Distellery,UNCHANGED,Distellery,Labourer in Distillery
Labourer in Woolen Factory,6,Labourer in Woolen Factory,UNCHANGED,Woolen,Labourer in Woollen Factory
Labror General,6,Labror General,UNCHANGED,Labror,Labour General
Leaburer,6,Leaburer,UNCHANGED,Leaburer,Labourer
Machinic,6,Machinic,UNCHANGED,Machinic,Machinist
Millinor,6,Millinor,UNCHANGED,Millinor,Milliner
Milloner,6,Milloner,UNCHANGED,Milloner,Milliner
Not Atending School,6,Not Atending School,UNCHANGED,Atending,Not Attending School
Parish Prist,6,Parish Prist,UNCHANGED,Prist,Parish Priest
Pealar,6,Pealar,UNCHANGED,Pealar,Pedlar
Pipemaker,6,Pipemaker,UNCHANGED,Pipemaker,Ropemaker
Profationer Nurse,6,Profationer Nurse,UNCHANGED,Profationer,Probationer Nurse
Qauy Labourer,6,Qauy Labourer,UNCHANGED,Qauy,Quay Labourer
Quay Laboure,6,Quay Laboure,UNCHANGED,Laboure,Quay Labourer
Railway Platlayer,6,Railway Platlayer,STANDARD,Platlayer,Railway Platelayer
Ralway Porter,6,Ralway Porter,UNCHANGED,Ralway,Railway Porter
Relegious Teacher,6,Relegious Teacher,UNCHANGED,Relegious,Religious Teacher
Reller (Linen),6,Reller Linen,NORMALIZATION,Reller,Reeler Linen
Reller Yarn,6,Reller Yarn,STANDARD,Reller,Reeler Yarn
Roome Keeper,6,Roome Keeper,UNCHANGED,Roome,Room Keeper
Samsteress,6,Samsteress,UNCHANGED,Samsteress,Seamstress
Scholad,6,Scholad,UNCHANGED,Scholad,Scholar
Scholaur,6,Scholaur,UNCHANGED,Scholaur,Scholar
Schollear,6,Schollear,UNCHANGED,Schollear,Scholar
School Girle,6,School Girle,UNCHANGED,Girle,School Girl
Schoole Boy,6,Schoole Boy,UNCHANGED,Schoole,School Boy
Scochlar,6,Scochlar,UNCHANGED,Scochlar,Scholar
Scoular,6,Scoular,UNCHANGED,Scoular,Scholar
Seamesteress,6,Seamesteress,UNCHANGED,Seamesteress,Seamstress
Seametress,6,Seametress,UNCHANGED,Seametress,Seamstress
Seimster,6,Seimster,UNCHANGED,Seimster,Seamster
Servant Domt,6,Servant Domt,STANDARD,Domt,Servant Dom
Servent Boy,6,Servent Boy,UNCHANGED,Servent,Servant Boy
Severant,6,Severant,UNCHANGED,Severant,Servant
Shcollar,6,Shcollar,UNCHANGED,Shcollar,Scholar
Shop Assistat,6,Shop Assistat,UNCHANGED,Assistat,Shop Assistant
Shop-Assisstant,6,Shop Assisstant,NORMALIZATION,Assisstant,Shop Assistant
Shopwright,6,Shopwright,UNCHANGED,Shopwright,Shipwright
Spinner Flox,6,Spinner Flox,UNCHANGED,Flox,Spinner Flax
Tailour,6,Tailour,UNCHANGED,Tailour,Tailor
Water Baliff,6,Water Baliff,STANDARD,Baliff,Water Bailiff
Weaver Woolen,6,Weaver Woolen,STANDARD,Woolen,Weaver Woollen
Agricultrial Labourer,5,Agricultrial Labourer,UNCHANGED,Agricultrial,Agricultural Labourer
Agricultuarl Labourer,5,Agricultuarl Labourer,UNCHANGED,Agricultuarl,Agricultural Labourer
Agricultural Labarer,5,Agricultural Labarer,UNCHANGED,Labarer,Agricultural Labourer
Agricultural Laboror,5,Agricultural Laboror,UNCHANGED,Laboror,Agricultural Labourer
Agricultural Laboures,5,Agricultural Laboures,UNCHANGED,Laboures,Agricultural Labourer
Agricultural Leabourer,5,Agricultural Leabourer,UNCHANGED,Leabourer,Agricultural Labourer
Agricultural Lobourer,5,Agricultural Lobourer,UNCHANGED,Lobourer,Agricultural Labourer
Annuty,5,Annuty,UNCHANGED,Annuty,Annuity
Apperentice,5,Apperentice,UNCHANGED,Apperentice,Apprentice
Apprentic Tailor,5,Apprentic Tailor,UNCHANGED,Apprentic,Apprentice Tailor
Apprintice,5,Apprintice,UNCHANGED,Apprintice,Apprentice
Asistant Farmer,5,Asistant Farmer,UNCHANGED,Asistant,Assistant Farmer
At Schol,5,At Schol,UNCHANGED,Schol,At School
At Shcool,5,At Shcool,UNCHANGED,Shcool,At School
Attendig School,5,Attendig School,UNCHANGED,Attendig,Attending School
Balcksmith,5,Balcksmith,UNCHANGED,Balcksmith,Blacksmith
Boot Saleman,5,Boot Saleman,UNCHANGED,Saleman,Boot Salesman
Bread Searver,5,Bread Searver,UNCHANGED,Searver,Bread Server
Brewery Labouer,5,Brewery Labouer,UNCHANGED,Labouer,Brewery Labourer
Bricklaer,5,Bricklaer,UNCHANGED,Bricklaer,Bricklayer
Buttler Domestic Servant,5,Buttler Domestic Servant,UNCHANGED,Buttler,Butler Domestic Servant
Cambrie Weaver,5,Cambrie Weaver,UNCHANGED,Cambrie,Cambric Weaver
Cambris Weaver,5,Cambris Weaver,UNCHANGED,Cambris,Cambric Weaver
Campbric Weaver,5,Campbric Weaver,UNCHANGED,Campbric,Cambric Weaver
Canot Read,5,Canot Read,UNCHANGED,Canot,Cannot Read
Carpenter Aprentice,5,Carpenter Aprentice,STANDARD,Aprentice,Carpenter Apprentice
Carpinder,5,Carpinder,UNCHANGED,Carpinder,Carpenter
Choar Woman,5,Choar Woman,UNCHANGED,Choar,Char Woman
Cholars Farmers Son,5,Cholars Farmer's Son,POSSESSIVE,Cholars,Scholars Farmer's Son
Chool Girl,5,Chool Girl,UNCHANGED,Chool,School Girl
Clerk Shiping,5,Clerk Shiping,STANDARD,Shiping,Clerk Shipping
Coal Labourr,5,Coal Labourr,UNCHANGED,Labourr,Coal Labourer
Collor Maker,5,Collor Maker,UNCHANGED,Collor,Collar Maker
Cooke-Domestic Servant,5,Cooke Domestic Servant,NORMALIZATION,Cooke,Cook Domestic Servant
Corperation Labourer,5,Corperation Labourer,UNCHANGED,Corperation,Corporation Labourer
Damosk Weaver,5,Damosk Weaver,UNCHANGED,Damosk,Damask Weaver
Damosk Weover,5,Damosk Weover,UNCHANGED,Damosk; Weover,Damask Weaver
Destillery Labourer,5,Destillery Labourer,UNCHANGED,Destillery,Distillery Labourer
Dock Labouer,5,Dock Labouer,UNCHANGED,Labouer,Dock Labourer
Domestic Servant Parlor Maid,5,Domestic Servant Parlor Maid,STANDARD,Parlor,Domestic Servant Parlour Maid
Domestict Servant,5,Domestict Servant,UNCHANGED,Domestict,Domestic Servant
Dometic Servant,5,Dometic Servant,UNCHANGED,Dometic,Domestic Servant
Draper Pedlor,5,Draper Pedlor,STANDARD,Pedlor,Draper Pedlar
Drssmaker,5,Drssmaker,UNCHANGED,Drssmaker,Dressmaker
Egine Fitter,5,Egine Fitter,UNCHANGED,Egine,Engine Fitter
Embroiderier,5,Embroiderier,UNCHANGED,Embroiderier,Embroiderer
Embroidierer,5,Embroidierer,UNCHANGED,Embroidierer,Embroiderer
Errend Boy,5,Errend Boy,UNCHANGED,Errend,Errand Boy
Famer Wife,5,Famer Wife,UNCHANGED,Famer,Farmer Wife
Famer's Wife,5,Famer's Wife,UNCHANGED,Famer's,Farmer's Wife
Farm Labror,5,Farm Labror,UNCHANGED,Labror,Farm Labour
Farm Lauborer Servant,5,Farm Lauborer Servant,UNCHANGED,Lauborer,Farm Labourer Servant
Farme Wife,5,Farme Wife,UNCHANGED,Farme,Farmer Wife
Farmer's Daghter,5,Farmer's Daghter,UNCHANGED,Daghter,Farmer's Daughter
Farmer's Daughr,5,Farmer's Daughr,UNCHANGED,Daughr,Farmer's Daughter
Finsmith,5,Finsmith,UNCHANGED,Finsmith,Tinsmith
Fireman M.G.W.R,5,Fireman M.G.W.R,STANDARD,M.G.W.R,Fireman M.G.W.R
Flax Bougher,5,Flax Bougher,UNCHANGED,Bougher,Flax Rougher
Flax Desser,5,Flax Desser,UNCHANGED,Desser,Flax Dresser
Flax Perparer,5,Flax Perparer,UNCHANGED,Perparer,Flax Preparer
Flax Seutcher,5,Flax Seutcher,STANDARD,Seutcher,Flax Scutcher
Flox Dresser,5,Flox Dresser,UNCHANGED,Flox,Flax Dresser
Flox Spinner,5,Flox Spinner,UNCHANGED,Flox,Flax Spinner
Gardenor,5,Gardenor,UNCHANGED,Gardenor,Gardener
Gardenr,5,Gardenr,UNCHANGED,Gardenr,Gardener
Genearl Labour,5,Genearl Labour,UNCHANGED,Genearl,General Labour
General Domestic Sevant,5,General Domestic Sevant,UNCHANGED,Sevant,General Domestic Servant
General Lablour,5,General Lablour,UNCHANGED,Lablour,General Labour
General Labouar,5,General Labouar,UNCHANGED,Labouar,General Labour
General Larbour,5,General Larbour,UNCHANGED,Larbour,General Labour
General Leabour,5,General Leabour,UNCHANGED,Leabour,General Labour
Gordener Domestic Servant,5,Gordener Domestic Servant,STANDARD,Gordener,Gardener Domestic Servant
Groom Domestic Sevt,5,Groom Domestic Sevt,UNCHANGED,Sevt,Groom Domestic Sert
Hardware Merchat,5,Hardware Merchat,UNCHANGED,Merchat,Hardware Merchant
Harners Maker,5,Harners Maker,UNCHANGED,Harners,Harness Maker
Hosuekeeper,5,Hosuekeeper,UNCHANGED,Hosuekeeper,Housekeeper
Hous Carpenter,5,Hous Carpenter,UNCHANGED,Hous,House Carpenter
Househelper,5,Househelper,UNCHANGED,Househelper,Housekeeper
Housekeepeer,5,Housekeepeer,UNCHANGED,Housekeepeer,Housekeeper
Ifant,5,Ifant,UNCHANGED,Ifant,Infant
Infiant,5,Infiant,UNCHANGED,Infiant,Infant
Ironmongers Shopman,5,Ironmongers Shopman,UNCHANGED,Ironmongers,Ironmonger Shopman
Labiouer,5,Labiouer,UNCHANGED,Labiouer,Labourer
Laboruer,5,Laboruer,UNCHANGED,Laboruer,Labourer
Labour Agl,5,Labour Agl,STANDARD,Agl,Labour Agr
Labourer (Agl.),5,Labourer Agl.,NORMALIZATION,Agl,Labourer Agr.
Labourer Corman,5,Labourer Corman,UNCHANGED,Corman,Labourer Carman
Labourer Gass,5,Labourer Gass,STANDARD,Gass,Labourer Gas
Labourere,5,Labourere,UNCHANGED,Labourere,Labourer
Labourier,5,Labourier,UNCHANGED,Labourier,Labourer
Labrouer,5,Labrouer,UNCHANGED,Labrouer,Labourer
Ladys Help,5,Ladys Help,UNCHANGED,Ladys,Lady Help
Land Stuard,5,Land Stuard,UNCHANGED,Stuard,Land Stuart
Landress Domestic Servant,5,Landress Domestic Servant,STANDARD,Landress,Laundress Domestic Servant
Laundery Maid,5,Laundery Maid,UNCHANGED,Laundery,Laundry Maid
Linnan Weaver,5,Linnan Weaver,UNCHANGED,Linnan,Linnen Weaver
Lodgin House Keeper,5,Lodgin Housekeeper,COMPOUND_KEEPER,Lodgin,Lodging Housekeeper
Loundress,5,Loundress,UNCHANGED,Loundress,Laundress
Machenest,5,Machenest,UNCHANGED,Machenest,Machinist
Machienst,5,Machienst,UNCHANGED,Machienst,Machinist
Master Marnier,5,Master Marnier,UNCHANGED,Marnier,Master Mariner
Matress Maker,5,Matress Maker,UNCHANGED,Matress,Mattress Maker
Melliner,5,Melliner,UNCHANGED,Melliner,Milliner
Millinerer,5,Millinerer,UNCHANGED,Millinerer,Milliner
No Busness,5,No Busness,UNCHANGED,Busness,No Business
No Occopation,5,No Occopation,UNCHANGED,Occopation,No Occupation
Nurs,5,Nurs,UNCHANGED,Nurs,Nurse
Nurs Domestic Servant,5,Nurs Domestic Servant,UNCHANGED,Nurs,Nurse Domestic Servant
Parlormaid Domestic,5,Parlormaid Domestic,STANDARD,Parlormaid,Parlourmaid Domestic
Parlour Maid Domestic Sevt,5,Parlour Maid Domestic Sevt,STANDARD,Sevt,Parlour Maid Domestic Sert
Pastery Baker,5,Pastery Baker,UNCHANGED,Pastery,Pastry Baker
Pawn Brocker,5,Pawn Brocker,UNCHANGED,Brocker,Pawn Broker
Plunber,5,Plunber,UNCHANGED,Plunber,Plumber
Pork Bucher,5,Pork Bucher,UNCHANGED,Bucher,Pork Butcher
Poultery Dealer,5,Poultery Dealer,UNCHANGED,Poultery,Poultry Dealer
Proffessional Nurse,5,Proffessional Nurse,UNCHANGED,Proffessional,Professional Nurse
Qway Labourer,5,Qway Labourer,UNCHANGED,Qway,Quay Labourer
Railway Clerke,5,Railway Clerke,UNCHANGED,Clerke,Railway Clerk
Retered Farmer,5,Retered Farmer,UNCHANGED,Retered,Retired Farmer
Saylor,5,Saylor,UNCHANGED,Saylor,Sailor
Schcolar,5,Schcolar,UNCHANGED,Schcolar,Scholar
Schlaor,5,Schlaor,UNCHANGED,Schlaor,Scholar
Schllar,5,Schllar,UNCHANGED,Schllar,Scholar
Scholaer,5,Scholaer,UNCHANGED,Scholaer,Scholar
Scholarer,5,Scholarer,UNCHANGED,Scholarer,Scholar
Scholiar,5,Scholiar,UNCHANGED,Scholiar,Scholar
Schollard,5,Schollard,UNCHANGED,Schollard,Scholar
Seamatress,5,Seamatress,UNCHANGED,Seamatress,Seamstress
Seamptress,5,Seamptress,UNCHANGED,Seamptress,Seamstress
Seamsress,5,Seamsress,UNCHANGED,Seamsress,Seamstress
Seamstre,5,Seamstre,UNCHANGED,Seamstre,Seamster
Seamstris,5,Seamstris,UNCHANGED,Seamstris,Seamstress
Servant-Domest,5,Servant Domest,NORMALIZATION,Domest,Servant Domes
Servent General,5,Servent General,UNCHANGED,Servent,Servant General
Servnt,5,Servnt,UNCHANGED,Servnt,Servant
Shepwright,5,Shepwright,UNCHANGED,Shepwright,Shipwright
Shop Assisstant,5,Shop Assisstant,STANDARD,Assisstant,Shop Assistant
Shopkeepper,5,Shopkeepper,UNCHANGED,Shopkeepper,Shopkeeper
Spiret Grocer,5,Spiret Grocer,UNCHANGED,Spiret,Spirit Grocer
Tailor Aprentice,5,Tailor Aprentice,UNCHANGED,Aprentice,Tailor Apprentice
Telegraph Mesenger,5,Telegraph Mesenger,UNCHANGED,Mesenger,Telegraph Messenger
Traveler Drapery,5,Traveler Drapery,UNCHANGED,Traveler,Traveller Drapery
Wollen Spinner,5,Wollen Spinner,UNCHANGED,Wollen,Woollen Spinner
(No Occupatrion),4,No Occupatrion,NORMALIZATION,Occupatrion,No Occupation
Aattending School,4,Aattending School,UNCHANGED,Aattending,Attending School
Agrculural Labourer,4,Agrculural Labourer,UNCHANGED,Agrculural,Agricultural Labourer
Agriculcural Labourer,4,Agriculcural Labourer,UNCHANGED,Agriculcural,Agricultural Labourer
Agricultarl Labourer,4,Agricultarl Labourer,UNCHANGED,Agricultarl,Agricultural Labourer
Agricultoral Labourer,4,Agricultoral Labourer,UNCHANGED,Agricultoral,Agricultural Labourer
Agricultre Labour,4,Agricultre Labour,UNCHANGED,Agricultre,Agriculture Labour
Agricultural Laborar,4,Agricultural Laborar,UNCHANGED,Laborar,Agricultural Labourer
Agriculturlar Labourer,4,Agriculturlar Labourer,UNCHANGED,Agriculturlar,Agricultural Labourer
Aguricultural Labourer,4,Aguricultural Labourer,UNCHANGED,Aguricultural,Agricultural Labourer
Anniuty,4,Anniuty,UNCHANGED,Anniuty,Annuity
Apprentic Carpenter,4,Apprentic Carpenter,STANDARD,Apprentic,Apprentice Carpenter
Apprentic Joiner,4,Apprentic Joiner,UNCHANGED,Apprentic,Apprentice Joiner
Appretice,4,Appretice,UNCHANGED,Appretice,Apprentice
Aprentice Dressmaker,4,Aprentice Dressmaker,UNCHANGED,Aprentice,Apprentice Dressmaker
Aricultral Labourer,4,Aricultral Labourer,UNCHANGED,Aricultral,Agricultural Labourer
Army Penisoner,4,Army Penisoner,UNCHANGED,Penisoner,Army Pensioner
Attending Schol,4,Attending Schol,UNCHANGED,Schol,Attending School
Augricultral Labourer,4,Augricultral Labourer,UNCHANGED,Augricultral,Agricultural Labourer
Beetting Engine Man,4,Beetting Engine Man,UNCHANGED,Beetting,Beetling Engine Man
Biscut Packer,4,Biscut Packer,UNCHANGED,Biscut,Biscuit Packer
Blackmith,4,Blackmith,UNCHANGED,Blackmith,Blacksmith
Blacksith,4,Blacksith,UNCHANGED,Blacksith,Blacksmith
Blaksmith,4,Blaksmith,UNCHANGED,Blaksmith,Blacksmith
Blocksmith,4,Blocksmith,UNCHANGED,Blocksmith,Blacksmith
Boading House Keeper,4,Boading Housekeeper,COMPOUND_KEEPER,Boading,Boarding Housekeeper
Bookeeper Unemployed,4,Bookeeper Unemployed,UNCHANGED,Bookeeper,Bookkeeper Unemployed
Boot Claser,4,Boot Claser,UNCHANGED,Claser,Boot Closer
Boot Machenist,4,Boot Machenist,UNCHANGED,Machenist,Boot Machinist
Brcklayer,4,Brcklayer,UNCHANGED,Brcklayer,Bricklayer
Breaklayer,4,Breaklayer,UNCHANGED,Breaklayer,Bricklayer
Brichlayer,4,Brichlayer,UNCHANGED,Brichlayer,Bricklayer
Bricklayr,4,Bricklayr,UNCHANGED,Bricklayr,Bricklayer
Butchar,4,Butchar,UNCHANGED,Butchar,Butcher
Buttonhole Machinest,4,Buttonhole Machinest,UNCHANGED,Machinest,Buttonhole Machinist
Cambrio Weaver,4,Cambrio Weaver,UNCHANGED,Cambrio,Cambric Weaver
Carpenter on Strik,4,Carpenter on Strik,UNCHANGED,Strik,Carpenter on Strike
Carporation Labourer,4,Carporation Labourer,UNCHANGED,Carporation,Corporation Labourer
Carrage Builder,4,Carrage Builder,UNCHANGED,Carrage,Carriage Builder
Carrige Builder,4,Carrige Builder,UNCHANGED,Carrige,Carriage Builder
Cattler Dealer,4,Cattler Dealer,UNCHANGED,Cattler,Cattle Dealer
Childrens Maid Domestic Servt,4,Childrens Maid Domestic Servant,ABBREVIATION,Childrens,Children Maid Domestic Servant
Choachman,4,Choachman,UNCHANGED,Choachman,Coachman
Cigarrett Maker,4,Cigarrett Maker,UNCHANGED,Cigarrett,Cigarette Maker
Civel Engineer,4,Civel Engineer,UNCHANGED,Civel,Civil Engineer
Clerck,4,Clerck,UNCHANGED,Clerck,Clerk
Clerk-Ironmongers,4,Clerk Ironmongers,NORMALIZATION,Ironmongers,Clerk Ironmonger
Clork,4,Clork,UNCHANGED,Clork,Clerk
Coah Porter,4,Coah Porter,UNCHANGED,Coah,Coal Porter
Coal Labouer,4,Coal Labouer,UNCHANGED,Labouer,Coal Labourer
Coatchman,4,Coatchman,UNCHANGED,Coatchman,Coachman
Commercial Travelle,4,Commercial Travelle,UNCHANGED,Travelle,Commercial Traveller
Commercial Travellor,4,Commercial Travellor,UNCHANGED,Travellor,Commercial Traveller
Cook Domestic Servent,4,Cook Domestic Servent,UNCHANGED,Servent,Cook Domestic Servant
Coretaker,4,Coretaker,UNCHANGED,Coretaker,Caretaker
Damask Weover,4,Damask Weover,UNCHANGED,Weover,Damask Weaver
Damask Wever,4,Damask Wever,UNCHANGED,Wever,Damask Weaver
Dariy Maid,4,Dariy Maid,UNCHANGED,Dariy,Dairy Maid
Dofer Mill Worker,4,Dofer Mill Worker,UNCHANGED,Dofer,Doffer Mill Worker
Doffer in Spining Mill,4,Doffer in Spining Mill,UNCHANGED,Spining,Doffer in Spinning Mill
Domc Servant Cook,4,Domc Servant Cook,STANDARD,Domc,Dom Servant Cook
Domestic Searvent,4,Domestic Searvent,UNCHANGED,Searvent,Domestic Servant
Domestick Work,4,Domestick Work,UNCHANGED,Domestick,Domestic Work
Draper's Assistnt,4,Draper's Assistnt,UNCHANGED,Assistnt,Draper's Assistant
Drapey Assistant,4,Drapey Assistant,UNCHANGED,Drapey,Draper Assistant
Enginer Fitter,4,Enginer Fitter,UNCHANGED,Enginer,Engine Fitter
Factoy Worker,4,Factoy Worker,UNCHANGED,Factoy,Factory Worker
Faram Servant,4,Faram Servant,UNCHANGED,Faram,Farm Servant
Farm Laboarer,4,Farm Laboarer,UNCHANGED,Laboarer,Farm Labourer
Farm Labooer,4,Farm Labooer,UNCHANGED,Labooer,Farm Labourer
Farm Labourar,4,Farm Labourar,UNCHANGED,Labourar,Farm Labourer
Farm Laibourer,4,Farm Laibourer,UNCHANGED,Laibourer,Farm Labourer
Farm Lavourer,4,Farm Lavourer,UNCHANGED,Lavourer,Farm Labourer
Farm Sarvant,4,Farm Sarvant,UNCHANGED,Sarvant,Farm Servant
Farm Servant Labouer,4,Farm Servant Labouer,UNCHANGED,Labouer,Farm Servant Labourer
Farmar's Son,4,Farmar's Son,UNCHANGED,Farmar's,Farmer's Son
Farmer's Grandaughter,4,Farmer's Grandaughter,UNCHANGED,Grandaughter,Farmer's Granddaughter
Farmes Sister,4,Farmes Sister,UNCHANGED,Farmes,Farmer Sister
Farmir,4,Farmir,UNCHANGED,Farmir,Farmer
Farmmer,4,Farmmer,UNCHANGED,Farmmer,Farmer
Farn Servant,4,Farn Servant,UNCHANGED,Farn,Farm Servant
Farner's Son,4,Farner's Son,UNCHANGED,Farner's,Farmer's Son
Fisheman,4,Fisheman,UNCHANGED,Fisheman,Fisherman
Flax Dreasser,4,Flax Dreasser,UNCHANGED,Dreasser,Flax Dresser
Flax Dreser,4,Flax Dreser,STANDARD,Dreser,Flax Dresser
Flax Dressar,4,Flax Dressar,UNCHANGED,Dressar,Flax Dresser
Flax Preporer,4,Flax Preporer,UNCHANGED,Preporer,Flax Preparer
Flax Sprader,4,Flax Sprader,UNCHANGED,Sprader,Flax Spreader
Frm Servant,4,Frm Servant,UNCHANGED,Frm,Farm Servant
G.Servant Domestic,4,G.Domestic Servant,WORD_ORDER,G.Domestic,Domestic Servant
Gardners Labourer,4,Gardners Labourer,UNCHANGED,Gardners,Gardner Labourer
General Domestic Servan,4,General Domestic Servan,UNCHANGED,Servan,General Domestic Servant
General Domistic Servant,4,General Domistic Servant,UNCHANGED,Domistic,General Domestic Servant
General Laboarer,4,General Laboarer,UNCHANGED,Laboarer,General Labourer
General Laburor,4,General Laburor,UNCHANGED,Laburor,General Labourer
General Servant Domet,4,General Servant Domet,STANDARD,Domet,General Servant Domes
General Servnt,4,General Servnt,UNCHANGED,Servnt,General Servant
General Sevt-Domestic,4,General Sevt Domestic,NORMALIZATION,Sevt,General Sert Domestic
Generald Servant,4,Generald Servant,UNCHANGED,Generald,General Servant
Generil Labourer,4,Generil Labourer,UNCHANGED,Generil,General Labourer
Generl Domestic Servant,4,Generl Domestic Servant,STANDARD,Generl,General Domestic Servant
Generl Servt Domestic,4,Generl Domestic Servant,ABBREVIATION; WORD_ORDER,Generl,General Domestic Servant
Genl Servant Domt,4,Genl Servant Domt,UNCHANGED,Domt,Genl Servant Dom
Genrl-Sert-Domestic,4,Genrl Sert Domestic,NORMALIZATION,Genrl,Genl Sert Domestic
Gineral Servant,4,Gineral Servant,UNCHANGED,Gineral,General Servant
Gneral Servant Domestic,4,Gneral Domestic Servant,WORD_ORDER,Gneral,General Domestic Servant
Groces Assistant,4,Groces Assistant,UNCHANGED,Groces,Grocer Assistant
Hackny Car Driver,4,Hackny Car Driver,UNCHANGED,Hackny,Hackney Car Driver
Handkercheif Folder,4,Handkercheif Folder,UNCHANGED,Handkercheif,Handkerchief Folder
Hem-Sticher,4,Hem Sticher,NORMALIZATION,Sticher,Hem Stitcher
Hotel Proprieter,4,Hotel Proprieter,UNCHANGED,Proprieter,Hotel Proprietor
Hotel Propritor,4,Hotel Propritor,UNCHANGED,Propritor,Hotel Proprietor
Hous Servant,4,Hous Servant,UNCHANGED,Hous,House Servant
House Parlor Maid Domestic Servant,4,House Parlor Maid Domestic Servant,UNCHANGED,Parlor,House Parlour Maid Domestic Servant
Household Duites,4,Household Duites,UNCHANGED,Duites,Household Duties
Housemaide,4,Housemaide,UNCHANGED,Housemaide,Housemaid
Houskeper,4,Houskeper,UNCHANGED,Houskeper,Housekeeper
Housmaid,4,Housmaid,UNCHANGED,Housmaid,Housemaid
Housmaid Domestic,4,Housmaid Domestic,UNCHANGED,Housmaid,Housemaid Domestic
Irion Moulder,4,Irion Moulder,UNCHANGED,Irion,Iron Moulder
Jobing Smith,4,Jobing Smith,UNCHANGED,Jobing,Jobbing Smith
Kitchen Maid Domestic Sevt,4,Kitchen Maid Domestic Sevt,STANDARD,Sevt,Kitchen Maid Domestic Sert
Laberour Farm,4,Laberour Farm,STANDARD,Laberour,Labour Farm
Laberourer,4,Laberourer,UNCHANGED,Laberourer,Labourer
Laborar,4,Laborar,UNCHANGED,Laborar,Labourer
Laborurer,4,Laborurer,UNCHANGED,Laborurer,Labourer
Labourer (Genrl),4,Labourer Genrl,NORMALIZATION,Genrl,Labourer Genl
Labourer Agricultur,4,Labourer Agricultur,UNCHANGED,Agricultur,Labourer Agriculture
Labourer Foundary,4,Labourer Foundary,UNCHANGED,Foundary,Labourer Foundry
Labourer Genel,4,Labourer Genel,STANDARD,Genel,Labourer Genl
Labourour,4,Labourour,UNCHANGED,Labourour,Labourer
Labrour Agl,4,Labrour Agl,UNCHANGED,Labrour; Agl,Labour Agr
Labyour General,4,Labyour General,UNCHANGED,Labyour,Labour General
Landed Proprieter,4,Landed Proprieter,UNCHANGED,Proprieter,Landed Proprietor
Landry Woman,4,Landry Woman,UNCHANGED,Landry,Laundry Woman
Lanundress,4,Lanundress,UNCHANGED,Lanundress,Laundress
Laouber,4,Laouber,UNCHANGED,Laouber,Labourer
Lathmaker,4,Lathmaker,UNCHANGED,Lathmaker,Watchmaker
Laundriss,4,Laundriss,UNCHANGED,Laundriss,Laundress
Laundryess,4,Laundryess,UNCHANGED,Laundryess,Laundress
Lillen Weaver,4,Lillen Weaver,UNCHANGED,Lillen,Linen Weaver
Linen Yarn Windr,4,Linen Yarn Windr,UNCHANGED,Windr,Linen Yarn Winder
Linien Weaver,4,Linien Weaver,UNCHANGED,Linien,Linen Weaver
Machanits,4,Machanits,UNCHANGED,Machanits,Machinist
Macheinest,4,Macheinest,UNCHANGED,Macheinest,Machinist
Machinest (Sewing),4,Machinest Sewing,NORMALIZATION,Machinest,Machinist Sewing
Machinest Handkerchief,4,Machinest Handkerchief,UNCHANGED,Machinest,Machinist Handkerchief
Machniest,4,Machniest,UNCHANGED,Machniest,Machinist
Mashine Boy,4,Mashine Boy,UNCHANGED,Mashine,Machine Boy
Master Marinor,4,Master Marinor,UNCHANGED,Marinor,Master Mariner
Master Marner,4,Master Marner,UNCHANGED,Marner,Master Mariner
Mill Woker,4,Mill Woker,UNCHANGED,Woker,Mill Worker
Mill Woorker,4,Mill Woorker,UNCHANGED,Woorker,Mill Worker
Mill Worke,4,Mill Worke,UNCHANGED,Worke,Mill Worker
Millaner,4,Millaner,UNCHANGED,Millaner,Milliner
No Occuppation,4,No Occuppation,UNCHANGED,Occuppation,No Occupation
No Professon,4,No Professon,UNCHANGED,Professon,No Profession
Not at Scool,4,Not at Scool,UNCHANGED,Scool,Not at School
Nurce,4,Nurce,UNCHANGED,Nurce,Nurse
Nursey Maid,4,Nursey Maid,UNCHANGED,Nursey,Nurse Maid
Padlar,4,Padlar,UNCHANGED,Padlar,Pedlar
Parlor Maid-Domestic Servant,4,Parlor Maid Domestic Servant,NORMALIZATION,Parlor,Parlour Maid Domestic Servant
Peadlar,4,Peadlar,UNCHANGED,Peadlar,Pedlar
Plumner,4,Plumner,UNCHANGED,Plumner,Plumber
Poast Boy,4,Poast Boy,UNCHANGED,Poast,Post Boy
Railway Gaurd,4,Railway Gaurd,UNCHANGED,Gaurd,Railway Guard
Railway Millsman,4,Railway Millsman,UNCHANGED,Millsman,Railway Milesman
Railyway Labourer,4,Railyway Labourer,UNCHANGED,Railyway,Railway Labourer
Retired N.Teacher,4,Retired N.Teacher,UNCHANGED,N.Teacher,Retired Teacher
Retred Farmer,4,Retred Farmer,UNCHANGED,Retred,Retired Farmer
Ritired Farmer,4,Ritired Farmer,UNCHANGED,Ritired,Retired Farmer
Road Contrator,4,Road Contrator,UNCHANGED,Contrator,Road Contractor
Royal Irsh Constabulary,4,Royal Irsh Constabulary,UNCHANGED,Irsh,Royal Irish Constabulary
Saholard,4,Saholard,UNCHANGED,Saholard,Scholar
Sametress,4,Sametress,UNCHANGED,Sametress,Seamstress
Saundress,4,Saundress,UNCHANGED,Saundress,Laundress
Schaalar,4,Schaalar,UNCHANGED,Schaalar,Scholar
Schholar,4,Schholar,UNCHANGED,Schholar,Scholar
Schoalr,4,Schoalr,UNCHANGED,Schoalr,Scholar
Schoar,4,Schoar,UNCHANGED,Schoar,Scholar
Schol Girl,4,Schol Girl,UNCHANGED,Schol,School Girl
Scholan,4,Scholan,UNCHANGED,Scholan,Scholar
Scholloar,4,Scholloar,UNCHANGED,Scholloar,Scholar
School Teatcher,4,School Teatcher,UNCHANGED,Teatcher,School Teacher
Schooll Boy,4,Schooll Boy,UNCHANGED,Schooll,School Boy
Schooll Girl,4,Schooll Girl,UNCHANGED,Schooll,School Girl
Schular,4,Schular,UNCHANGED,Schular,Scholar
Scolard,4,Scolard,UNCHANGED,Scolard,Scholar
Scoloar,4,Scoloar,UNCHANGED,Scoloar,Scholar
Scololar,4,Scololar,UNCHANGED,Scololar,Scholar
Seamastress,4,Seamastress,UNCHANGED,Seamastress,Seamstress
Seamstear,4,Seamstear,UNCHANGED,Seamstear,Seamster
Searvent,4,Searvent,UNCHANGED,Searvent,Servant
Seemsteress,4,Seemsteress,UNCHANGED,Seemsteress,Seamstress
Semstor,4,Semstor,UNCHANGED,Semstor,Seamster
Semstriss,4,Semstriss,UNCHANGED,Semstriss,Seamstress
Semtress,4,Semtress,UNCHANGED,Semtress,Seamstress
Servan,4,Servan,UNCHANGED,Servan,Servant
Shop Assistanc,4,Shop Assistanc,UNCHANGED,Assistanc,Shop Assistant
Shop Gairl,4,Shop Gairl,UNCHANGED,Gairl,Shop Girl
Shop Keeper Tobaconist,4,Shopkeeper Tobaconist,COMPOUND_KEEPER,Tobaconist,Shopkeeper Tobacconist
Sipyard Labourer,4,Sipyard Labourer,UNCHANGED,Sipyard,Shipyard Labourer
Sister of Merey,4,Sister of Merey,UNCHANGED,Merey,Sister of Mercy
Socholar,4,Socholar,UNCHANGED,Socholar,Scholar
Soliciters Managing Clerk,4,Soliciters Managing Clerk,UNCHANGED,Soliciters,Solicitors Managing Clerk
Son Schlr,4,Son Schlr,UNCHANGED,Schlr,Son Scholar
Spiret Merchant,4,Spiret Merchant,UNCHANGED,Spiret,Spirit Merchant
Tailor Apprentie,4,Tailor Apprentie,UNCHANGED,Apprentie,Tailor Apprentice
Vety Surgeon,4,Vety Surgeon,UNCHANGED,Vety,Vet Surgeon
Waiteress Domestic Servant,4,Waiteress Domestic Servant,UNCHANGED,Waiteress,Waitress Domestic Servant
Water Baileff,4,Water Baileff,UNCHANGED,Baileff,Water Bailiff
Weavor Domask,4,Weavor Domask,UNCHANGED,Weavor; Domask,Weaver Damask
Wever in Factory,4,Wever in Factory,UNCHANGED,Wever,Weaver in Factory
Wif,4,Wif,UNCHANGED,Wif,Wife
Woll Spinner,4,Woll Spinner,STANDARD,Woll,Wool Spinner
Yarn Reelar,4,Yarn Reelar,UNCHANGED,Reelar,Yarn Reeler
Yarn Spiner,4,Yarn Spiner,UNCHANGED,Spiner,Yarn Spinner
Agriacultural Labourer,3,Agriacultural Labourer,UNCHANGED,Agriacultural,Agricultural Labourer
Agrictultural Labourer,3,Agrictultural Labourer,UNCHANGED,Agrictultural,Agricultural Labourer
Agriculatural Labourer,3,Agriculatural Labourer,UNCHANGED,Agriculatural,Agricultural Labourer
Agricullural Labourer,3,Agricullural Labourer,UNCHANGED,Agricullural,Agricultural Labourer
Agriculttural Labourer,3,Agriculttural Labourer,UNCHANGED,Agriculttural,Agricultural Labourer
Agricultural Labiourer,3,Agricultural Labiourer,UNCHANGED,Labiourer,Agricultural Labourer
Agricultural Laboarer,3,Agricultural Laboarer,UNCHANGED,Laboarer,Agricultural Labourer
Agricultural Labororer,3,Agricultural Labororer,UNCHANGED,Labororer,Agricultural Labourer
Agricultural Laborourer,3,Agricultural Laborourer,UNCHANGED,Laborourer,Agricultural Labourer
Agricultural Labouerer,3,Agricultural Labouerer,UNCHANGED,Labouerer,Agricultural Labourer
Agricultural Labourour,3,Agricultural Labourour,UNCHANGED,Labourour,Agricultural Labourer
Agricutral Labourer,3,Agricutral Labourer,UNCHANGED,Agricutral,Agricultural Labourer
Agricuttral Labourer,3,Agricuttral Labourer,UNCHANGED,Agricuttral,Agricultural Labourer
Agriecultural Labourer,3,Agriecultural Labourer,UNCHANGED,Agriecultural,Agricultural Labourer
Annuitic,3,Annuitic,UNCHANGED,Annuitic,Annuity
Apperentic Fitter,3,Apperentic Fitter,UNCHANGED,Apperentic,Apprentice Fitter
Appreentice,3,Appreentice,UNCHANGED,Appreentice,Apprentice
Apprentic Blacksmith,3,Apprentic Blacksmith,UNCHANGED,Apprentic,Apprentice Blacksmith
Apprentic Cooper,3,Apprentic Cooper,UNCHANGED,Apprentic,Apprentice Cooper
Apprentice Compositer,3,Apprentice Compositer,UNCHANGED,Compositer,Apprentice Compositor
Apprentie,3,Apprentie,UNCHANGED,Apprentie,Apprentice
Apprentince,3,Apprentince,UNCHANGED,Apprentince,Apprentice
Apprintace,3,Apprintace,UNCHANGED,Apprintace,Apprentice
Aprentce,3,Aprentce,UNCHANGED,Aprentce,Apprentice
Aprentice Bricklayer,3,Aprentice Bricklayer,UNCHANGED,Aprentice,Apprentice Bricklayer
Aprentice Engine Fitter,3,Aprentice Engine Fitter,UNCHANGED,Aprentice,Apprentice Engine Fitter
Aprentice Joiner,3,Aprentice Joiner,UNCHANGED,Aprentice,Apprentice Joiner
Assistan Housekeeper,3,Assistan Housekeeper,STANDARD,Assistan,Assistant Housekeeper
Assistant Housekeepe,3,Assistant Housekeepe,UNCHANGED,Housekeepe,Assistant Housekeeper
Assistant Postmistres,3,Assistant Postmistres,UNCHANGED,Postmistres,Assistant Postmistress
Assistant Shopkeper,3,Assistant Shopkeper,UNCHANGED,Shopkeper,Assistant Shopkeeper
At Schooal,3,At Schooal,UNCHANGED,Schooal,At School
Atending Scool,3,Atending Scool,UNCHANGED,Atending; Scool,Attending School
Atending Shcool,3,Atending Shcool,UNCHANGED,Atending; Shcool,Attending School
Atendng School,3,Atendng School,UNCHANGED,Atendng,Attending School
Atinding School,3,Atinding School,UNCHANGED,Atinding,Attending School
Attending School Sholar,3,Attending School Sholar,UNCHANGED,Sholar,Attending School Scholar
Auguricultural Labourer,3,Auguricultural Labourer,UNCHANGED,Auguricultural,Agricultural Labourer
Baker Aprentice,3,Baker Aprentice,UNCHANGED,Aprentice,Baker Apprentice
Bank Clerke,3,Bank Clerke,UNCHANGED,Clerke,Bank Clerk
Barrick Servant,3,Barrick Servant,UNCHANGED,Barrick,Barrack Servant
Barristor at Law,3,Barristor at Law,UNCHANGED,Barristor,Barrister at Law
Beggor Woman,3,Beggor Woman,UNCHANGED,Beggor,Beggar Woman
Booke Folder,3,Booke Folder,UNCHANGED,Booke,Book Folder
Boot Clooser,3,Boot Clooser,UNCHANGED,Clooser,Boot Closer
Boot Closier,3,Boot Closier,UNCHANGED,Closier,Boot Closer
Boot Clouser,3,Boot Clouser,UNCHANGED,Clouser,Boot Closer
Boot Machinst,3,Boot Machinst,UNCHANGED,Machinst,Boot Machinist
Boot Mechinest,3,Boot Mechinest,UNCHANGED,Mechinest,Boot Machinist
Bording House,3,Bording House,UNCHANGED,Bording,Boarding House
Bricklawyer,3,Bricklawyer,UNCHANGED,Bricklawyer,Bricklayer
Bricklyer,3,Bricklyer,UNCHANGED,Bricklyer,Bricklayer
Butche,3,Butche,UNCHANGED,Butche,Butcher
Butlar,3,Butlar,UNCHANGED,Butlar,Butler
Cabinmaker,3,Cabinmaker,UNCHANGED,Cabinmaker,Cabinetmaker
Cabnitmaker,3,Cabnitmaker,UNCHANGED,Cabnitmaker,Cabinetmaker
Cairtaker,3,Cairtaker,UNCHANGED,Cairtaker,Caretaker
Cambrik Weaver,3,Cambrik Weaver,UNCHANGED,Cambrik,Cambric Weaver
Cammrick Weaver,3,Cammrick Weaver,UNCHANGED,Cammrick,Cambrick Weaver
Car Drver,3,Car Drver,UNCHANGED,Drver,Car Driver
Carpendar,3,Carpendar,UNCHANGED,Carpendar,Carpenter
Carpener,3,Carpener,UNCHANGED,Carpener,Carpenter
Carpentar Master,3,Carpentar Master,STANDARD,Carpentar,Carpenter Master
Carpente,3,Carpente,UNCHANGED,Carpente,Carpenter
Carpenter on Stricke,3,Carpenter on Stricke,UNCHANGED,Stricke,Carpenter on Strike
Carpeter,3,Carpeter,UNCHANGED,Carpeter,Carpenter
Carrage Painter,3,Carrage Painter,UNCHANGED,Carrage,Carriage Painter
Cartpinter,3,Cartpinter,UNCHANGED,Cartpinter,Carpenter
Ceamstress,3,Ceamstress,UNCHANGED,Ceamstress,Seamstress
Cerk,3,Cerk,UNCHANGED,Cerk,Clerk
Charpenter,3,Charpenter,UNCHANGED,Charpenter,Carpenter
Chawoman,3,Chawoman,UNCHANGED,Chawoman,Charwoman
Chimbney Cleaner,3,Chimbney Cleaner,UNCHANGED,Chimbney,Chimney Cleaner
Chor Woman,3,Chor Woman,STANDARD,Chor,Char Woman
Ciggarette Maker,3,Ciggarette Maker,UNCHANGED,Ciggarette,Cigarette Maker
Clarwoman,3,Clarwoman,UNCHANGED,Clarwoman,Charwoman
Clerk (Lenen Trade),3,Clerk Lenen Trade,NORMALIZATION,Lenen,Clerk Linen Trade
Clerk Commerical,3,Clerk Commerical,UNCHANGED,Commerical,Clerk Commercial
Coachman Domestic Serant,3,Coachman Domestic Serant,UNCHANGED,Serant,Coachman Domestic Servant
Coachman Domestic Servat,3,Coachman Domestic Servat,UNCHANGED,Servat,Coachman Domestic Servant
Coack Smith,3,Coack Smith,UNCHANGED,Coack,Coach Smith
Coatch Painter,3,Coatch Painter,UNCHANGED,Coatch,Coach Painter
Cochman Domestic,3,Cochman Domestic,UNCHANGED,Cochman,Coachman Domestic
Commercial Travaller,3,Commercial Travaller,UNCHANGED,Travaller,Commercial Traveller
Commercial Travelar,3,Commercial Travelar,UNCHANGED,Travelar,Commercial Traveller
Commercil Traveller,3,Commercil Traveller,UNCHANGED,Commercil,Commercial Traveller
Compositer Printer,3,Compositer Printer,UNCHANGED,Compositer,Compositor Printer
Cook D Serveant,3,Cook D Serveant,UNCHANGED,Serveant,Cook D Servant
Cook Domestc Servant,3,Cook Domestc Servant,STANDARD,Domestc,Cook Domestic Servant
Cook Domestic Servan,3,Cook Domestic Servan,UNCHANGED,Servan,Cook Domestic Servant
Cook Domestic Serveant,3,Cook Domestic Serveant,UNCHANGED,Serveant,Cook Domestic Servant
Cook Domestice,3,Cook Domestice,UNCHANGED,Domestice,Cook Domestic
Cook Domestick Servant,3,Cook Domestick Servant,STANDARD,Domestick,Cook Domestic Servant
Cook Domt Servt,3,Cook Domt Servant,ABBREVIATION,Domt,Cook Dom Servant
Cotten Winder,3,Cotten Winder,UNCHANGED,Cotten,Cotton Winder
Cotton Spiner,3,Cotton Spiner,UNCHANGED,Spiner,Cotton Spinner
Cotton Wever,3,Cotton Wever,UNCHANGED,Wever,Cotton Weaver
Dailor,3,Dailor,UNCHANGED,Dailor,Tailor
Damast Weaver,3,Damast Weaver,UNCHANGED,Damast,Damask Weaver
Demask Weaver,3,Demask Weaver,UNCHANGED,Demask,Damask Weaver
Demestic Servent,3,Demestic Servent,UNCHANGED,Demestic; Servent,Domestic Servant
Despensary Caretaker,3,Despensary Caretaker,UNCHANGED,Despensary,Dispensary Caretaker
Distillery Labouer,3,Distillery Labouer,UNCHANGED,Labouer,Distillery Labourer
Dock Laberour,3,Dock Laberour,UNCHANGED,Laberour,Dock Labour
Domesic Servant,3,Domesic Servant,UNCHANGED,Domesic,Domestic Servant
Domestic Cooke,3,Domestic Cooke,UNCHANGED,Cooke,Domestic Cook
Domestic Servant Genrl,3,Domestic Servant Genrl,UNCHANGED,Genrl,Domestic Servant Genl
Domestic Severant,3,Domestic Severant,UNCHANGED,Severant,Domestic Servant
Domestic Srvant,3,Domestic Srvant,UNCHANGED,Srvant,Domestic Servant
Domestik Servant,3,Domestik Servant,UNCHANGED,Domestik,Domestic Servant
Drapr's Assistant,3,Drapr's Assistant,UNCHANGED,Drapr's,Draper's Assistant
Dreessmaker,3,Dreessmaker,UNCHANGED,Dreessmaker,Dressmaker
Dressemaker,3,Dressemaker,UNCHANGED,Dressemaker,Dressmaker
Dressmarker,3,Dressmarker,UNCHANGED,Dressmarker,Dressmaker
Emboriderer,3,Emboriderer,UNCHANGED,Emboriderer,Embroiderer
Embrodierer,3,Embrodierer,UNCHANGED,Embrodierer,Embroiderer
Embroidere,3,Embroidere,UNCHANGED,Embroidere,Embroiderer
Estate Baileff,3,Estate Baileff,UNCHANGED,Baileff,Estate Bailiff
Faarmer,3,Faarmer,UNCHANGED,Faarmer,Farmer
Factory Gril,3,Factory Gril,UNCHANGED,Gril,Factory Girl
Factory Hana,3,Factory Hana,UNCHANGED,Hana,Factory Hand
Factory Warker,3,Factory Warker,UNCHANGED,Warker,Factory Worker
Famer's Sister,3,Famer's Sister,UNCHANGED,Famer's,Farmer's Sister
Faney Box Maker,3,Faney Box Maker,UNCHANGED,Faney,Fancy Box Maker
Fansy Box Maker,3,Fansy Box Maker,UNCHANGED,Fansy,Fancy Box Maker
Faramer,3,Faramer,UNCHANGED,Faramer,Farmer
Farm Labarour,3,Farm Labarour,UNCHANGED,Labarour,Farm Labour
Farm Labourr,3,Farm Labourr,UNCHANGED,Labourr,Farm Labourer
Farm Serfant,3,Farm Serfant,UNCHANGED,Serfant,Farm Servant
Farm Servand,3,Farm Servand,UNCHANGED,Servand,Farm Servant
Farm Servint,3,Farm Servint,UNCHANGED,Servint,Farm Servant
Farm Severant,3,Farm Severant,UNCHANGED,Severant,Farm Servant
Farm Srvant,3,Farm Srvant,UNCHANGED,Srvant,Farm Servant
Farmar's Daughter,3,Farmar's Daughter,UNCHANGED,Farmar's,Farmer's Daughter
Farmear,3,Farmear,UNCHANGED,Farmear,Farmer
Farmer and Houskeeper,3,Farmer and Houskeeper,UNCHANGED,Houskeeper,Farmer and Housekeeper
Farmer and Rate Collecter,3,Farmer and Rate Collecter,UNCHANGED,Collecter,Farmer and Rate Collector
Farmer Houskeeper,3,Farmer Houskeeper,UNCHANGED,Houskeeper,Farmer Housekeeper
Farmer Labouer,3,Farmer Labouer,UNCHANGED,Labouer,Farmer Labourer
Farmer Serveant,3,Farmer Serveant,UNCHANGED,Serveant,Farmer Servant
Farmer's Serveant,3,Farmer's Serveant,UNCHANGED,Serveant,Farmer's Servant
Farmere,3,Farmere,UNCHANGED,Farmere,Farmer
Farmers Son Schollar,3,Farmer's Son Schollar,POSSESSIVE,Schollar,Farmer's Son Scholar
Farmes,3,Farmes,UNCHANGED,Farmes,Farmer
Farmner,3,Farmner,UNCHANGED,Farmner,Farmer
Farmr's Daughter,3,Farmr's Daughter,UNCHANGED,Farmr's,Farmer's Daughter
Farmr's Son,3,Farmr's Son,UNCHANGED,Farmr's,Farmer's Son
Farn Labour,3,Farn Labour,UNCHANGED,Farn,Farm Labour
Farrm Labourer,3,Farrm Labourer,UNCHANGED,Farrm,Farm Labourer
Faul Dealer,3,Faul Dealer,UNCHANGED,Faul,Foul Dealer
Fireman S/Ship,3,Fireman S/Ship,UNCHANGED,S/Ship,Fireman Ship
Flax Dreeser,3,Flax Dreeser,UNCHANGED,Dreeser,Flax Dresser
Flax Dressor,3,Flax Dressor,UNCHANGED,Dressor,Flax Dresser
Flax Prepairer in Mill,3,Flax Prepairer in Mill,UNCHANGED,Prepairer,Flax Preparer in Mill
Flax Rugher,3,Flax Rugher,UNCHANGED,Rugher,Flax Rougher
Flax Scatcher,3,Flax Scatcher,UNCHANGED,Scatcher,Flax Scutcher
Flyx Spinner,3,Flyx Spinner,UNCHANGED,Flyx,Flax Spinner
Franch Polisher,3,Franch Polisher,UNCHANGED,Franch,French Polisher
French Palisher,3,French Palisher,UNCHANGED,Palisher,French Polisher
French Polsher,3,French Polsher,UNCHANGED,Polsher,French Polisher
Frmer,3,Frmer,UNCHANGED,Frmer,Farmer
Fruit Dealar,3,Fruit Dealar,UNCHANGED,Dealar,Fruit Dealer
Gardenar,3,Gardenar,UNCHANGED,Gardenar,Gardener
Gardenar-Domestic Servant,3,Gardenar Domestic Servant,NORMALIZATION,Gardenar,Gardener Domestic Servant
Gardener Domestic Serant,3,Gardener Domestic Serant,UNCHANGED,Serant,Gardener Domestic Servant
Gardener Domestic Servat,3,Gardener Domestic Servat,UNCHANGED,Servat,Gardener Domestic Servant
Gardener Domestic-Svt,3,Gardener Domestic Svt,NORMALIZATION,Svt,Gardener Domestic St
Gardener Domt Servt,3,Gardener Domt Servant,ABBREVIATION,Domt,Gardener Dom Servant
Gardener-Domestic Sevt,3,Gardener Domestic Sevt,NORMALIZATION,Sevt,Gardener Domestic Sert
Gardiner-Domestic Servant,3,Gardiner Domestic Servant,NORMALIZATION,Gardiner,Gardener Domestic Servant
Gass Yard Labourer,3,Gass Yard Labourer,UNCHANGED,Gass,Gas Yard Labourer
Genarel Labourer,3,Genarel Labourer,UNCHANGED,Genarel,General Labourer
General Domstic Servant,3,General Domstic Servant,UNCHANGED,Domstic,General Domestic Servant
General Labaourer,3,General Labaourer,UNCHANGED,Labaourer,General Labourer
General Labaur,3,General Labaur,UNCHANGED,Labaur,General Labour
General Labiourer,3,General Labiourer,UNCHANGED,Labiourer,General Labourer
General Lablourer,3,General Lablourer,UNCHANGED,Lablourer,General Labourer
General Laborar,3,General Laborar,UNCHANGED,Laborar,General Labourer
General Laborurer,3,General Laborurer,UNCHANGED,Laborurer,General Labourer
General Labouer Unemployed,3,General Labouer Unemployed,UNCHANGED,Labouer,General Labourer Unemployed
General Labourerer,3,General Labourerer,UNCHANGED,Labourerer,General Labourer
General Laourer,3,General Laourer,UNCHANGED,Laourer,General Labourer
General Larbourer,3,General Larbourer,UNCHANGED,Larbourer,General Labourer
General Lavourer,3,General Lavourer,UNCHANGED,Lavourer,General Labourer
General Servant Domesc,3,General Servant Domesc,UNCHANGED,Domesc,General Servant Domes
General Servant Domtc,3,General Servant Domtc,UNCHANGED,Domtc,General Servant Domic
General Servant Domtic,3,General Servant Domtic,STANDARD,Domtic,General Servant Domic
General Sev Domestic,3,General Sev Domestic,UNCHANGED,Sev,General Ser Domestic
General Severant,3,General Severant,UNCHANGED,Severant,General Servant
Generel Labourer,3,Generel Labourer,UNCHANGED,Generel,General Labourer
Generl Labour,3,Generl Labour,UNCHANGED,Generl,General Labour
Generl Servt-Domestic,3,Generl Domestic Servant,ABBREVIATION; NORMALIZATION; WORD_ORDER,Generl,General Domestic Servant
Genneral Labourer,3,Genneral Labourer,UNCHANGED,Genneral,General Labourer
Gereral Labourer,3,Gereral Labourer,UNCHANGED,Gereral,General Labourer
Gorden Labourer,3,Gorden Labourer,UNCHANGED,Gorden,Garden Labourer
Grocer and Sperit Merchant,3,Grocer and Sperit Merchant,UNCHANGED,Sperit,Grocer and Spirit Merchant
Grocer and Spiret Dealer,3,Grocer and Spiret Dealer,UNCHANGED,Spiret,Grocer and Spirit Dealer
Grocers Messanger,3,Grocers Messanger,UNCHANGED,Messanger,Grocers Messenger
Guarry Man,3,Guarry Man,STANDARD,Guarry,Quarry Man
Hachney Car Driver,3,Hachney Car Driver,UNCHANGED,Hachney,Hackney Car Driver
Hairdresses,3,Hairdresses,UNCHANGED,Hairdresses,Hairdresser
Handresser,3,Handresser,UNCHANGED,Handresser,Hairdresser
Harnees Maker,3,Harnees Maker,UNCHANGED,Harnees,Harness Maker
Hemm Stitcher,3,Hemm Stitcher,UNCHANGED,Hemm,Hem Stitcher
Herness Maker,3,Herness Maker,UNCHANGED,Herness,Harness Maker
Homemaid Domestic Servant,3,Homemaid Domestic Servant,UNCHANGED,Homemaid,Housemaid Domestic Servant
Horse Jocky,3,Horse Jocky,UNCHANGED,Jocky,Horse Jockey
Horse Trainner,3,Horse Trainner,UNCHANGED,Trainner,Horse Trainer
Hotel Propietor,3,Hotel Propietor,UNCHANGED,Propietor,Hotel Proprietor
Houekeeper,3,Houekeeper,UNCHANGED,Houekeeper,Housekeeper
House Carpender,3,House Carpender,UNCHANGED,Carpender,House Carpenter
House Duites,3,House Duites,UNCHANGED,Duites,House Duties
House Dutyes,3,House Dutyes,UNCHANGED,Dutyes,House Duties
House Hould Work,3,House Hould Work,UNCHANGED,Hould,House Hold Work
House Parlormaid,3,House Parlormaid,UNCHANGED,Parlormaid,House Parlourmaid
Household Buisness,3,Household Buisness,UNCHANGED,Buisness,Household Business
Houskeepe,3,Houskeepe,UNCHANGED,Houskeepe,Housekeeper
Houskeeper at Home,3,Houskeeper at Home,UNCHANGED,Houskeeper,Housekeeper at Home
Houskeeper Domestic Servant,3,Houskeeper Domestic Servant,STANDARD,Houskeeper,Housekeeper Domestic Servant
Imbroderer,3,Imbroderer,UNCHANGED,Imbroderer,Embroiderer
Infaint,3,Infaint,UNCHANGED,Infaint,Infant
Infont,3,Infont,UNCHANGED,Infont,Infant
Invaled,3,Invaled,UNCHANGED,Invaled,Invalid
Iorn Moulder,3,Iorn Moulder,UNCHANGED,Iorn,Iron Moulder
Iromonger,3,Iromonger,UNCHANGED,Iromonger,Ironmonger
Ironmongar Assistant,3,Ironmongar Assistant,UNCHANGED,Ironmongar,Ironmonger Assistant
Ironmongers,3,Ironmongers,UNCHANGED,Ironmongers,Ironmonger
Ironmongers Asst,3,Ironmongers Asst,UNCHANGED,Ironmongers,Ironmonger Asst
Labarour General,3,Labarour General,UNCHANGED,Labarour,Labour General
Labaurer,3,Labaurer,UNCHANGED,Labaurer,Labourer
Labboure,3,Labboure,UNCHANGED,Labboure,Labourer
Labeourer,3,Labeourer,UNCHANGED,Labeourer,Labourer
Labeourer in Ship Yard,3,Labeourer in Ship Yard,UNCHANGED,Labeourer,Labourer in Ship Yard
Laberour (General),3,Laberour General,NORMALIZATION,Laberour,Labour General
Laberour Agricultural,3,Laberour Agricultural,STANDARD,Laberour,Labour Agricultural
Labioure,3,Labioure,UNCHANGED,Labioure,Labourer
Laboarer,3,Laboarer,UNCHANGED,Laboarer,Labourer
Laborier,3,Laborier,UNCHANGED,Laborier,Labourer
Laborourer,3,Laborourer,UNCHANGED,Laborourer,Labourer
Labouar General,3,Labouar General,UNCHANGED,Labouar,Labour General
Labouer Agr.,3,Labouer Agr.,UNCHANGED,Labouer,Labourer Agr.
Labouer Genl,3,Labouer Genl,STANDARD,Labouer,Labourer Genl
Labouer in Foundry,3,Labouer in Foundry,UNCHANGED,Labouer,Labourer in Foundry
Labouer in Ship Yard,3,Labouer in Ship Yard,UNCHANGED,Labouer,Labourer in Ship Yard
Laboure's Daughter,3,Laboure's Daughter,UNCHANGED,Laboure's,Labourer's Daughter
Labourer Agriclt,3,Labourer Agriclt,STANDARD,Agriclt,Labourer Agric
Labourer Councle,3,Labourer Councle,UNCHANGED,Councle,Labourer Council
Labourer D.Servant,3,Labourer D.Servant,UNCHANGED,D.Servant,Labourer Servant
Labourer in Brewary,3,Labourer in Brewary,UNCHANGED,Brewary,Labourer in Brewery
Labourer in Distillary,3,Labourer in Distillary,UNCHANGED,Distillary,Labourer in Distillery
Labourer in Gass Works,3,Labourer in Gass Works,UNCHANGED,Gass,Labourer in Gas Works
Labourer in Wollen Factory,3,Labourer in Wollen Factory,UNCHANGED,Wollen,Labourer in Woollen Factory
Labourerin Ironworks,3,Labourerin Ironworks,UNCHANGED,Labourerin,Labourer Ironworks
Laboureror,3,Laboureror,UNCHANGED,Laboureror,Labourer
Labourr,3,Labourr,UNCHANGED,Labourr,Labourer
Labroure,3,Labroure,UNCHANGED,Labroure,Labourer
Landed Propritor,3,Landed Propritor,UNCHANGED,Propritor,Landed Proprietor
Landress Domestic,3,Landress Domestic,STANDARD,Landress,Laundress Domestic
Landry Girl,3,Landry Girl,UNCHANGED,Landry,Laundry Girl
Landry Maid-Domestic Servant,3,Landry Maid Domestic Servant,NORMALIZATION,Landry,Laundry Maid Domestic Servant
Landry Work,3,Landry Work,UNCHANGED,Landry,Laundry Work
Landury Maid,3,Landury Maid,UNCHANGED,Landury,Laundry Maid
Laundrees,3,Laundrees,UNCHANGED,Laundrees,Laundress
Laundrey Maid,3,Laundrey Maid,UNCHANGED,Laundrey,Laundry Maid
Laurdress,3,Laurdress,UNCHANGED,Laurdress,Laundress
Law Clerck,3,Law Clerck,UNCHANGED,Clerck,Law Clerk
Licened Car Driver,3,Licened Car Driver,UNCHANGED,Licened,Licensed Car Driver
Limekeeper,3,Limekeeper,UNCHANGED,Limekeeper,Timekeeper
Linen Spinnier,3,Linen Spinnier,UNCHANGED,Spinnier,Linen Spinner
Loding Housekeeper,3,Loding Housekeeper,STANDARD,Loding,Lodging Housekeeper
Machainest,3,Machainest,UNCHANGED,Machainest,Machinist
Machanest,3,Machanest,UNCHANGED,Machanest,Machinist
Macheinist,3,Macheinist,UNCHANGED,Macheinist,Machinist
Machene Boy,3,Machene Boy,UNCHANGED,Machene,Machine Boy
Macheniest,3,Macheniest,UNCHANGED,Macheniest,Machinist
Machinest Factory,3,Machinest Factory,STANDARD,Machinest,Machinist Factory
Machinish,3,Machinish,UNCHANGED,Machinish,Machinist
Master Marriner,3,Master Marriner,UNCHANGED,Marriner,Master Mariner
Mattres Maker,3,Mattres Maker,UNCHANGED,Mattres,Mattress Maker
Mechine Boy,3,Mechine Boy,UNCHANGED,Mechine,Machine Boy
Millerright,3,Millerright,UNCHANGED,Millerright,Millwright
Millright Unemployed,3,Millright Unemployed,STANDARD,Millright,Millwright Unemployed
Millsman on Railway,3,Millsman on Railway,UNCHANGED,Millsman,Milesman on Railway
Milwright,3,Milwright,UNCHANGED,Milwright,Millwright
Misic Teacher,3,Misic Teacher,UNCHANGED,Misic,Music Teacher
Motar Man,3,Motar Man,UNCHANGED,Motar,Motor Man
Musick Teacher,3,Musick Teacher,UNCHANGED,Musick,Music Teacher
Newagent,3,Newagent,UNCHANGED,Newagent,Newsagent
No Emploment,3,No Emploment,UNCHANGED,Emploment,No Employment
No Occaption,3,No Occaption,UNCHANGED,Occaption,No Occupation
No Occuaption,3,No Occuaption,UNCHANGED,Occuaption,No Occupation
No Occuptation,3,No Occuptation,UNCHANGED,Occuptation,No Occupation
No Oucpation,3,No Oucpation,UNCHANGED,Oucpation,No Occupation
No Prefession,3,No Prefession,UNCHANGED,Prefession,No Profession
No Profission,3,No Profission,UNCHANGED,Profission,No Profession
No Sholar,3,No Sholar,UNCHANGED,Sholar,No Scholar
Not at Chool,3,Not at Chool,UNCHANGED,Chool,Not at School
Not at Scholl,3,Not at Scholl,UNCHANGED,Scholl,Not at School
Not at Schooll,3,Not at Schooll,UNCHANGED,Schooll,Not at School
Not Attending Scholl,3,Not Attending Scholl,UNCHANGED,Scholl,Not Attending School
Nurse (Childrens),3,Nurse Childrens,NORMALIZATION,Childrens,Nurse Children
Nurse Childrens,3,Nurse Childrens,STANDARD,Childrens,Nurse Children
Nurse Domestic Serant,3,Nurse Domestic Serant,UNCHANGED,Serant,Nurse Domestic Servant
Nurse Domestic Servnat,3,Nurse Domestic Servnat,UNCHANGED,Servnat,Nurse Domestic Servant
Paintor,3,Paintor,UNCHANGED,Paintor,Painter
Parlor maid,3,Parlor maid,UNCHANGED,Parlor,Parlour maid
"Parlor Maid, Domestic Servant",3,"Parlor Maid, Domestic Servant",STANDARD,Parlor,"Parlour Maid, Domestic Servant"
Parlor Maid-Domestic,3,Parlor Maid Domestic,NORMALIZATION,Parlor,Parlour Maid Domestic
Pattern Macker,3,Pattern Macker,UNCHANGED,Macker,Pattern Maker
Pork Bucther,3,Pork Bucther,UNCHANGED,Bucther,Pork Butcher
Porlour Maid Domestic Servant,3,Porlour Maid Domestic Servant,UNCHANGED,Porlour,Parlour Maid Domestic Servant
Post Office Messanger,3,Post Office Messanger,UNCHANGED,Messanger,Post Office Messenger
Postmistres,3,Postmistres,UNCHANGED,Postmistres,Postmistress
Preperer (Flax),3,Preperer Flax,NORMALIZATION,Preperer,Preparer Flax
Printe-Compositor,3,Printe Compositor,NORMALIZATION,Printe,Printer Compositor
Printer (Compositer),3,Printer Compositer,NORMALIZATION,Compositer,Printer Compositor
Printer Compr,3,Printer Compr,UNCHANGED,Compr,Printer Comp
Printer Machinst,3,Printer Machinst,UNCHANGED,Machinst,Printer Machinist
Privat Income,3,Privat Income,UNCHANGED,Privat,Private Income
Privat Means,3,Privat Means,UNCHANGED,Privat,Private Means
Private Mears,3,Private Mears,UNCHANGED,Mears,Private Means
Proffesional Nurse,3,Proffesional Nurse,UNCHANGED,Proffesional,Professional Nurse
Provission Dealer,3,Provission Dealer,UNCHANGED,Provission,Provision Dealer
Rag Gatheres,3,Rag Gatheres,UNCHANGED,Gatheres,Rag Gatherer
Railway Cleark,3,Railway Cleark,UNCHANGED,Cleark,Railway Clerk
Railway Garger,3,Railway Garger,UNCHANGED,Garger,Railway Ganger
Railway Labouer,3,Railway Labouer,UNCHANGED,Labouer,Railway Labourer
Railway Milerman,3,Railway Milerman,UNCHANGED,Milerman,Railway Milesman
Railway Patelayer,3,Railway Patelayer,UNCHANGED,Patelayer,Railway Platelayer
Railway Plaitlayer,3,Railway Plaitlayer,UNCHANGED,Plaitlayer,Railway Platelayer
Railwy Porter,3,Railwy Porter,UNCHANGED,Railwy,Railway Porter
Rate Collecter,3,Rate Collecter,UNCHANGED,Collecter,Rate Collector
Reller (Yarn),3,Reller Yarn,NORMALIZATION,Reller,Reeler Yarn
Reller in Flax Mill,3,Reller in Flax Mill,UNCHANGED,Reller,Reeler in Flax Mill
Reller Linen,3,Reller Linen,STANDARD,Reller,Reeler Linen
Reller-Linen,3,Reller Linen,NORMALIZATION,Reller,Reeler Linen
Restuarant Keeper,3,Restuarant Keeper,UNCHANGED,Restuarant,Restaurant Keeper
Reterid Farmer,3,Reterid Farmer,UNCHANGED,Reterid,Retired Farmer
Retired Famer,3,Retired Famer,UNCHANGED,Famer,Retired Farmer
Road Cantractor,3,Road Cantractor,UNCHANGED,Cantractor,Road Contractor
Saeamstress,3,Saeamstress,UNCHANGED,Saeamstress,Seamstress
Saholar,3,Saholar,UNCHANGED,Saholar,Scholar
Sailor Mercheant,3,Sailor Mercheant,UNCHANGED,Mercheant,Sailor Merchant
Sarvant,3,Sarvant,UNCHANGED,Sarvant,Servant
Schllor,3,Schllor,UNCHANGED,Schllor,Scholar
Schoemaker,3,Schoemaker,UNCHANGED,Schoemaker,Shoemaker
Schoilar,3,Schoilar,UNCHANGED,Schoilar,Scholar
Scholaar,3,Scholaar,UNCHANGED,Scholaar,Scholar
Scholalar,3,Scholalar,UNCHANGED,Scholalar,Scholar
Scholart,3,Scholart,UNCHANGED,Scholart,Scholar
Scholl Teacher,3,Scholl Teacher,UNCHANGED,Scholl,School Teacher
Schollr,3,Schollr,UNCHANGED,Schollr,Scholar
Scholoor,3,Scholoor,UNCHANGED,Scholoor,Scholar
School Gril,3,School Gril,UNCHANGED,Gril,School Girl
Sckolar,3,Sckolar,UNCHANGED,Sckolar,Scholar
Sclolor,3,Sclolor,UNCHANGED,Sclolor,Scholar
Scohlor,3,Scohlor,UNCHANGED,Scohlor,Scholar
Scoollar,3,Scoollar,UNCHANGED,Scoollar,Scholar
Scoolor,3,Scoolor,UNCHANGED,Scoolor,Scholar
Seamestres,3,Seamestres,UNCHANGED,Seamestres,Seamstress
Seammistress,3,Seammistress,UNCHANGED,Seammistress,Seamstress
Seamrstess,3,Seamrstess,UNCHANGED,Seamrstess,Seamstress
Seamstrss,3,Seamstrss,UNCHANGED,Seamstrss,Seamstress
Searvant,3,Searvant,UNCHANGED,Searvant,Servant
Seastress,3,Seastress,UNCHANGED,Seastress,Seamstress
Servant-Domt,3,Servant Domt,NORMALIZATION,Domt,Servant Dom
Sewing Machine Machanic,3,Sewing Machine Machanic,UNCHANGED,Machanic,Sewing Machine Mechanic
Sheapherd,3,Sheapherd,UNCHANGED,Sheapherd,Shepherd
Shephrd,3,Shephrd,UNCHANGED,Shephrd,Shepherd
Shholar,3,Shholar,UNCHANGED,Shholar,Scholar
Ship Carpender,3,Ship Carpender,UNCHANGED,Carpender,Ship Carpenter
Ship Yard Rivitter,3,Ship Yard Rivitter,UNCHANGED,Rivitter,Ship Yard Rivetter
Shlolar,3,Shlolar,UNCHANGED,Shlolar,Scholar
Shoclar,3,Shoclar,UNCHANGED,Shoclar,Scholar
Shop Assestant,3,Shop Assestant,UNCHANGED,Assestant,Shop Assistant
Shop Assistante,3,Shop Assistante,UNCHANGED,Assistante,Shop Assistant
Shop Asstant,3,Shop Asstant,UNCHANGED,Asstant,Shop Assistant
Shop Asstd,3,Shop Asstd,UNCHANGED,Asstd,Shop Asst
Shop Keeper Provison,3,Shopkeeper Provison,COMPOUND_KEEPER,Provison,Shopkeeper Provision
Shopkeepeer,3,Shopkeepeer,UNCHANGED,Shopkeepeer,Shopkeeper
Shopmaker,3,Shopmaker,UNCHANGED,Shopmaker,Shoemaker
Shopman Droper,3,Shopman Droper,UNCHANGED,Droper,Shopman Draper
Slaiter,3,Slaiter,UNCHANGED,Slaiter,Slater
Smiths Healper,3,Smiths Healper,UNCHANGED,Healper,Smiths Helper
Soap Boyler,3,Soap Boyler,UNCHANGED,Boyler,Soap Boiler
Sochloar,3,Sochloar,UNCHANGED,Sochloar,Scholar
Solicitor Practicing,3,Solicitor Practicing,STANDARD,Practicing,Solicitor Practising
Solicitors Manging Clerk,3,Solicitors Manging Clerk,UNCHANGED,Manging,Solicitors Managing Clerk
Solictors General Clerk,3,Solictors General Clerk,UNCHANGED,Solictors,Solicitors General Clerk
Spiner Linen,3,Spiner Linen,STANDARD,Spiner,Spinner Linen
Stationars Assistant,3,Stationars Assistant,UNCHANGED,Stationars,Stationary Assistant
Stocking Kintter,3,Stocking Kintter,UNCHANGED,Kintter,Stocking Knitter
Stonekeeper,3,Stonekeeper,UNCHANGED,Stonekeeper,Storekeeper
Taillor,3,Taillor,UNCHANGED,Taillor,Tailor
Tailor Apprentic,3,Tailor Apprentic,UNCHANGED,Apprentic,Tailor Apprentice
Talor Merchant,3,Talor Merchant,UNCHANGED,Talor,Tailor Merchant
Tarm Servant,3,Tarm Servant,UNCHANGED,Tarm,Farm Servant
Tarmer,3,Tarmer,UNCHANGED,Tarmer,Farmer
Tea Traveler,3,Tea Traveler,UNCHANGED,Traveler,Tea Traveller
Teacher N.School,3,Teacher N.School,UNCHANGED,N.School,Teacher School
Telegram Messanger,3,Telegram Messanger,UNCHANGED,Messanger,Telegram Messenger
Telegrap Clerk,3,Telegrap Clerk,UNCHANGED,Telegrap,Telegraph Clerk
Telegraph Massenger,3,Telegraph Massenger,UNCHANGED,Massenger,Telegraph Messenger
Tellegraph Clerk,3,Tellegraph Clerk,UNCHANGED,Tellegraph,Telegraph Clerk
Undergraduate R.M.I.,3,Undergraduate R.M.I.,UNCHANGED,R.M.I,Undergraduate R.U.I.
Water Bailif,3,Water Bailif,UNCHANGED,Bailif,Water Bailiff
Weaver Cambrie,3,Weaver Cambrie,UNCHANGED,Cambrie,Weaver Cambric
Weaver Cotten,3,Weaver Cotten,UNCHANGED,Cotten,Weaver Cotton
Weaver Linner,3,Weaver Linner,UNCHANGED,Linner,Weaver Linnen
Wool-Spiner,3,Wool Spiner,NORMALIZATION,Spiner,Wool Spinner
A B Salior,2,A B Salior,UNCHANGED,Salior,A B Sailor
Aat Home,2,Aat Home,UNCHANGED,Aat,At Home
Aglicultural Labourer,2,Aglicultural Labourer,UNCHANGED,Aglicultural,Agricultural Labourer
Agriclultural Labourer,2,Agriclultural Labourer,UNCHANGED,Agriclultural,Agricultural Labourer
Agricoltural Labourer,2,Agricoltural Labourer,UNCHANGED,Agricoltural,Agricultural Labourer
Agricullaral Labourer,2,Agricullaral Labourer,UNCHANGED,Agricullaral,Agricultural Labourer
Agriculral Labourer,2,Agriculral Labourer,STANDARD,Agriculral,Agricultural Labourer
Agricultarial Labourer,2,Agricultarial Labourer,UNCHANGED,Agricultarial,Agricultural Labourer
Agricultere Labor,2,Agricultere Labour,AMERICAN_SPELLING,Agricultere,Agriculture Labour
Agricultie Labour,2,Agricultie Labour,UNCHANGED,Agricultie,Agriculture Labour
Agricultual Laborer,2,Agricultual Labourer,AMERICAN_SPELLING,Agricultual,Agricultural Labourer
Agricultuar Labourer,2,Agricultuar Labourer,STANDARD,Agricultuar,Agricultural Labourer
Agricultuial Labourer,2,Agricultuial Labourer,UNCHANGED,Agricultuial,Agricultural Labourer
Agricultural Laboure and Fisherman,2,Agricultural Laboure and Fisherman,UNCHANGED,Laboure,Agricultural Labourer and Fisherman
Agricultural Labourer Sheppard,2,Agricultural Labourer Sheppard,UNCHANGED,Sheppard,Agricultural Labourer Shepherd
Agricultural Labourer-Kerd,2,Agricultural Labourer Kerd,NORMALIZATION,Kerd,Agricultural Labourer Herd
Agricultural Labourior,2,Agricultural Labourior,UNCHANGED,Labourior,Agricultural Labourer
Agricultural Labourr,2,Agricultural Labourr,UNCHANGED,Labourr,Agricultural Labourer
Agricultural Labower,2,Agricultural Labower,UNCHANGED,Labower,Agricultural Labourer
Agricultural Labowrer,2,Agricultural Labowrer,UNCHANGED,Labowrer,Agricultural Labourer
Agricultural Labroer,2,Agricultural Labroer,UNCHANGED,Labroer,Agricultural Labourer
Agricultural Labrorer,2,Agricultural Labrorer,UNCHANGED,Labrorer,Agricultural Labourer
Agricultural Labuorer,2,Agricultural Labuorer,UNCHANGED,Labuorer,Agricultural Labourer
Agricultural Laburer and Scutcher,2,Agricultural Laburer and Scutcher,UNCHANGED,Laburer,Agricultural Labourer and Scutcher
Agricultural Laubourer,2,Agricultural Laubourer,UNCHANGED,Laubourer,Agricultural Labourer
Agriculturals Labourer,2,Agriculturals Labourer,UNCHANGED,Agriculturals,Agricultural Labourer
Agriculturarl Labourer,2,Agriculturarl Labourer,UNCHANGED,Agriculturarl,Agricultural Labourer
Agriculturat Labourer,2,Agriculturat Labourer,UNCHANGED,Agriculturat,Agricultural Labourer
Agriculturen Labour,2,Agriculturen Labour,UNCHANGED,Agriculturen,Agriculture Labour
Agriculturral Labourer,2,Agriculturral Labourer,UNCHANGED,Agriculturral,Agricultural Labourer
Agriculure Labour,2,Agriculure Labour,UNCHANGED,Agriculure,Agriculture Labour
Agriculurl Laborer,2,Agriculurl Labourer,AMERICAN_SPELLING,Agriculurl,Agricultural Labourer
Agriculutural Labourer,2,Agriculutural Labourer,UNCHANGED,Agriculutural,Agricultural Labourer
Agricurtural Labourer,2,Agricurtural Labourer,UNCHANGED,Agricurtural,Agricultural Labourer
Agricuttural Labourer,2,Agricuttural Labourer,UNCHANGED,Agricuttural,Agricultural Labourer
Agrilcultral Labourer,2,Agrilcultral Labourer,UNCHANGED,Agrilcultral,Agricultural Labourer
Agrulcultural Labourer,2,Agrulcultural Labourer,UNCHANGED,Agrulcultural,Agricultural Labourer
Annuitty,2,Annuitty,UNCHANGED,Annuitty,Annuity
Annutie,2,Annutie,UNCHANGED,Annutie,Annuity
Appearntice Carpenter,2,Appearntice Carpenter,UNCHANGED,Appearntice,Apprentice Carpenter
Apperentice to Drapery,2,Apperentice to Drapery,UNCHANGED,Apperentice,Apprentice to Drapery
Apperntice Carpenter,2,Apperntice Carpenter,UNCHANGED,Apperntice,Apprentice Carpenter
Apprantice,2,Apprantice,UNCHANGED,Apprantice,Apprentice
Apprentce,2,Apprentce,UNCHANGED,Apprentce,Apprentice
Apprentic Dressmaking,2,Apprentic Dressmaking,UNCHANGED,Apprentic,Apprentice Dressmaking
Apprentice Cabnet Maker,2,Apprentice Cabnet Maker,UNCHANGED,Cabnet,Apprentice Cabinet Maker
Apprentice Cleark,2,Apprentice Cleark,UNCHANGED,Cleark,Apprentice Clerk
Apprentice Enginner,2,Apprentice Enginner,UNCHANGED,Enginner,Apprentice Engineer
Apprentice Harnes Maker,2,Apprentice Harnes Maker,UNCHANGED,Harnes,Apprentice Harness Maker
Apprentie Bricklayer,2,Apprentie Bricklayer,UNCHANGED,Apprentie,Apprentice Bricklayer
Apprentis Baker,2,Apprentis Baker,UNCHANGED,Apprentis,Apprentice Baker
Apprentis Plasterer,2,Apprentis Plasterer,UNCHANGED,Apprentis,Apprentice Plasterer
Apprentise,2,Apprentise,UNCHANGED,Apprentise,Apprentice
Apprentise Gardener,2,Apprentise Gardener,UNCHANGED,Apprentise,Apprentice Gardener
Aprentic Carpenter,2,Aprentic Carpenter,UNCHANGED,Aprentic,Apprentice Carpenter
Aprentice (Millenery),2,Aprentice Millenery,NORMALIZATION,Aprentice; Millenery,Apprentice Millinery
Aprentice Boiler Maker,2,Aprentice Boiler Maker,UNCHANGED,Aprentice,Apprentice Boiler Maker
Aprentice Clerk,2,Aprentice Clerk,UNCHANGED,Aprentice,Apprentice Clerk
Aprentice Confectioner,2,Aprentice Confectioner,UNCHANGED,Aprentice,Apprentice Confectioner
Aprentice Dress Maker,2,Aprentice Dress Maker,UNCHANGED,Aprentice,Apprentice Dress Maker
Aprentice Grocer,2,Aprentice Grocer,UNCHANGED,Aprentice,Apprentice Grocer
Aprentice Linen Lapper,2,Aprentice Linen Lapper,UNCHANGED,Aprentice,Apprentice Linen Lapper
Aprentice Shoemaker,2,Aprentice Shoemaker,UNCHANGED,Aprentice,Apprentice Shoemaker
Aprentice to Drapery,2,Aprentice to Drapery,UNCHANGED,Aprentice,Apprentice to Drapery
Aprentice to Dress Maker,2,Aprentice to Dress Maker,UNCHANGED,Aprentice,Apprentice to Dress Maker
Aprintice,2,Aprintice,UNCHANGED,Aprintice,Apprentice
Architech Apprentice,2,Architech Apprentice,UNCHANGED,Architech,Architect Apprentice
Army Pensiner,2,Army Pensiner,UNCHANGED,Pensiner,Army Pensioner
Army Pensoner,2,Army Pensoner,UNCHANGED,Pensoner,Army Pensioner
Army Pinsoner,2,Army Pinsoner,UNCHANGED,Pinsoner,Army Pensioner
Assistan Shop Keeper,2,Assistan Shopkeeper,COMPOUND_KEEPER,Assistan,Assistant Shopkeeper
Assit Housekeeper,2,Assit Housekeeper,STANDARD,Assit,Asst Housekeeper
Assylum Attendant,2,Assylum Attendant,UNCHANGED,Assylum,Asylum Attendant
At School Scolar,2,At School Scolar,UNCHANGED,Scolar,At School Scholar
Atending Chool,2,Atending Chool,UNCHANGED,Atending; Chool,Attending School
Attending Scool (Scholar),2,Attending Scool Scholar,NORMALIZATION,Scool,Attending School Scholar
Attianding School,2,Attianding School,UNCHANGED,Attianding,Attending School
Atttending School Scholar,2,Atttending School Scholar,UNCHANGED,Atttending,Attending School Scholar
Aturicultural Labourer,2,Aturicultural Labourer,UNCHANGED,Aturicultural,Agricultural Labourer
Babbin Winder,2,Babbin Winder,UNCHANGED,Babbin,Bobbin Winder
Backsmith,2,Backsmith,UNCHANGED,Backsmith,Blacksmith
Bairmaid,2,Bairmaid,UNCHANGED,Bairmaid,Barmaid
Baker's Aprentice,2,Baker's Aprentice,UNCHANGED,Aprentice,Baker's Apprentice
Bank Cerk,2,Bank Cerk,UNCHANGED,Cerk,Bank Clerk
Barder,2,Barder,UNCHANGED,Barder,Boarder
Barrach Labourer,2,Barrach Labourer,UNCHANGED,Barrach,Barrack Labourer
Barrister at Law (Practicing),2,Barrister at Law Practicing,NORMALIZATION,Practicing,Barrister at Law Practising
Barrister at Law Practicing,2,Barrister at Law Practicing,STANDARD,Practicing,Barrister at Law Practising
Barrister Practicing,2,Barrister Practicing,UNCHANGED,Practicing,Barrister Practising
Beeler in Mill,2,Beeler in Mill,UNCHANGED,Beeler,Reeler in Mill
Bettler (Linen),2,Bettler Linen,NORMALIZATION,Bettler,Beetler Linen
Bicklayer,2,Bicklayer,UNCHANGED,Bicklayer,Bricklayer
Bill Postor,2,Bill Postor,UNCHANGED,Postor,Bill Poster
Blacher Linen,2,Blacher Linen,UNCHANGED,Blacher,Bleacher Linen
Blacksmith Aprentice,2,Blacksmith Aprentice,UNCHANGED,Aprentice,Blacksmith Apprentice
Blacksmity,2,Blacksmity,UNCHANGED,Blacksmity,Blacksmith
Blacksmtih,2,Blacksmtih,UNCHANGED,Blacksmtih,Blacksmith
Bleacher Lenen,2,Bleacher Lenen,UNCHANGED,Lenen,Bleacher Linen
Bleech Green Worker,2,Bleech Green Worker,UNCHANGED,Bleech,Bleach Green Worker
Blksmith,2,Blksmith,UNCHANGED,Blksmith,Blacksmith
Bobbon Winder,2,Bobbon Winder,UNCHANGED,Bobbon,Bobbin Winder
Book Foalder,2,Book Foalder,UNCHANGED,Foalder,Book Folder
Book Sewor,2,Book Sewor,UNCHANGED,Sewor,Book Sewer
Boot Closser,2,Boot Closser,UNCHANGED,Closser,Boot Closer
Boot Fiter,2,Boot Fiter,UNCHANGED,Fiter,Boot Fitter
Boot Machniest,2,Boot Machniest,UNCHANGED,Machniest,Boot Machinist
Bootkeeper,2,Bootkeeper,UNCHANGED,Bootkeeper,Bookkeeper
Bootmaker Appretice,2,Bootmaker Appretice,UNCHANGED,Appretice,Bootmaker Apprentice
Bootmakers Apprentice,2,Bootmakers Apprentice,UNCHANGED,Bootmakers,Bootmaker Apprentice
Botle Maker,2,Botle Maker,UNCHANGED,Botle,Bottle Maker
Bottmaker,2,Bottmaker,UNCHANGED,Bottmaker,Bootmaker
Boyler Maker,2,Boyler Maker,UNCHANGED,Boyler,Boiler Maker
Boyler Makers Helper,2,Boyler Makers Helper,UNCHANGED,Boyler,Boiler Makers Helper
Brass Finesher,2,Brass Finesher,UNCHANGED,Finesher,Brass Finisher
Brass Finnisher,2,Brass Finnisher,UNCHANGED,Finnisher,Brass Finisher
Breacklayer,2,Breacklayer,UNCHANGED,Breacklayer,Bricklayer
Brench Polisher,2,Brench Polisher,UNCHANGED,Brench,French Polisher
Brevery Labourer,2,Brevery Labourer,STANDARD,Brevery,Brewery Labourer
Brewery Laibourer,2,Brewery Laibourer,UNCHANGED,Laibourer,Brewery Labourer
Brewey Labourer,2,Brewey Labourer,UNCHANGED,Brewey,Brewery Labourer
Brewrey Labourer,2,Brewrey Labourer,UNCHANGED,Brewrey,Brewery Labourer
Brewry Labiour,2,Brewry Labiour,UNCHANGED,Brewry; Labiour,Brewery Labour
Brickayer,2,Brickayer,UNCHANGED,Brickayer,Bricklayer
Bricklair,2,Bricklair,UNCHANGED,Bricklair,Bricklayer
Bricklayers Laberour,2,Bricklayers Laberour,UNCHANGED,Laberour,Bricklayers Labour
Bricklayr Labour,2,Bricklayr Labour,UNCHANGED,Bricklayr,Bricklayer Labour
Bross Finisher,2,Bross Finisher,UNCHANGED,Bross,Brass Finisher
Bross Founder,2,Bross Founder,UNCHANGED,Bross,Brass Founder
Bross Moulder,2,Bross Moulder,UNCHANGED,Bross,Brass Moulder
Brwery Labourer,2,Brwery Labourer,UNCHANGED,Brwery,Brewery Labourer
Buiscuit Packer,2,Buiscuit Packer,UNCHANGED,Buiscuit,Biscuit Packer
Buisness Girl,2,Buisness Girl,UNCHANGED,Buisness,Business Girl
Butchr,2,Butchr,UNCHANGED,Butchr,Butcher
Buttcher,2,Buttcher,UNCHANGED,Buttcher,Butcher
Button Hole Machinest,2,Button Hole Machinest,UNCHANGED,Machinest,Button Hole Machinist
Butyler-Unemployed,2,Butyler Unemployed,NORMALIZATION,Butyler,Butler Unemployed
Cabenetmaker,2,Cabenetmaker,UNCHANGED,Cabenetmaker,Cabinetmaker
Cabinatemaker,2,Cabinatemaker,UNCHANGED,Cabinatemaker,Cabinetmaker
Cachman Domestic Servant,2,Cachman Domestic Servant,STANDARD,Cachman,Coachman Domestic Servant
Cahar Woman,2,Cahar Woman,UNCHANGED,Cahar,Char Woman
Cambic Weaver,2,Cambic Weaver,UNCHANGED,Cambic,Cambric Weaver
Camric Weafer,2,Camric Weafer,UNCHANGED,Camric; Weafer,Cambric Weaver
Cannot reade,2,Cannot reade,UNCHANGED,reade,Cannot Read
Cardener,2,Cardener,UNCHANGED,Cardener,Gardener
Carekaker,2,Carekaker,UNCHANGED,Carekaker,Caretaker
Caretacker,2,Caretacker,UNCHANGED,Caretacker,Caretaker
Careteker,2,Careteker,UNCHANGED,Careteker,Caretaker
Carpenter (Aprentice),2,Carpenter Aprentice,NORMALIZATION,Aprentice,Carpenter Apprentice
Carpenter Emplyd,2,Carpenter Emplyd,UNCHANGED,Emplyd,Carpenter Employed
Carpenther,2,Carpenther,UNCHANGED,Carpenther,Carpenter
Carpentr,2,Carpentr,UNCHANGED,Carpentr,Carpenter
Carpertner,2,Carpertner,UNCHANGED,Carpertner,Carpenter
Carpetner,2,Carpetner,UNCHANGED,Carpetner,Carpenter
Carpmenter,2,Carpmenter,UNCHANGED,Carpmenter,Carpenter
Carptender,2,Carptender,UNCHANGED,Carptender,Carpenter
Cartor Labourer,2,Cartor Labourer,UNCHANGED,Cartor,Carter Labourer
Cartpenter's Daughter,2,Cartpenter's Daughter,UNCHANGED,Cartpenter's,Carpenter's Daughter
Casetaker,2,Casetaker,UNCHANGED,Casetaker,Caretaker
Catpenter,2,Catpenter,UNCHANGED,Catpenter,Carpenter
Cattle Dealr,2,Cattle Dealr,UNCHANGED,Dealr,Cattle Dealer
Cattle Deler,2,Cattle Deler,UNCHANGED,Deler,Cattle Dealer
Catton Spinner,2,Catton Spinner,UNCHANGED,Catton,Cotton Spinner
Ccholar,2,Ccholar,UNCHANGED,Ccholar,Scholar
Chaor Woman,2,Chaor Woman,UNCHANGED,Chaor,Char Woman
Charwom,2,Charwom,UNCHANGED,Charwom,Charwoman
Charwonan,2,Charwonan,UNCHANGED,Charwonan,Charwoman
Cherwoman,2,Cherwoman,UNCHANGED,Cherwoman,Charwoman
Childrens Maid-Domestic Servt,2,Childrens Maid Domestic Servant,ABBREVIATION; NORMALIZATION,Childrens,Children Maid Domestic Servant
Chor woman,2,Chor woman,UNCHANGED,Chor,Char woman
Chorewoman,2,Chorewoman,UNCHANGED,Chorewoman,Charwoman
Chorwoman Unemployed,2,Chorwoman Unemployed,UNCHANGED,Chorwoman,Charwoman Unemployed
Chrochet Worker,2,Chrochet Worker,UNCHANGED,Chrochet,Crochet Worker
Civill Bill Officer,2,Civill Bill Officer,UNCHANGED,Civill,Civil Bill Officer
Clerk Brewry,2,Clerk Brewry,UNCHANGED,Brewry,Clerk Brewery
Clerk Hardwar Business,2,Clerk Hardwar Business,UNCHANGED,Hardwar,Clerk Hardware Business
Clerk Ironmongers,2,Clerk Ironmongers,STANDARD,Ironmongers,Clerk Ironmonger
Clirk,2,Clirk,UNCHANGED,Clirk,Clerk
Clothies Dealer,2,Clothies Dealer,UNCHANGED,Clothies,Clothes Dealer
Coach Boday Maker,2,Coach Boday Maker,UNCHANGED,Boday,Coach Body Maker
Coach Buildar,2,Coach Buildar,UNCHANGED,Buildar,Coach Builder
Coachmaid Domestic Servant,2,Coachmaid Domestic Servant,STANDARD,Coachmaid,Coachman Domestic Servant
Coachman - Domestic Svt,2,Coachman Domestic Svt,NORMALIZATION,Svt,Coachman Domestic St
Coachman Domestic Servnt,2,Coachman Domestic Servnt,UNCHANGED,Servnt,Coachman Domestic Servant
Coachman Domestic Sevt,2,Coachman Domestic Sevt,UNCHANGED,Sevt,Coachman Domestic Sert
Coack Builder,2,Coack Builder,UNCHANGED,Coack,Coach Builder
Coal Dealor,2,Coal Dealor,UNCHANGED,Dealor,Coal Dealer
Coal Laboror,2,Coal Laboror,UNCHANGED,Laboror,Coal Labourer
Coal Laboure,2,Coal Laboure,UNCHANGED,Laboure,Coal Labourer
Coal Labrourer,2,Coal Labrourer,UNCHANGED,Labrourer,Coal Labourer
Coal Merchent,2,Coal Merchent,UNCHANGED,Merchent,Coal Merchant
Coal Metchant,2,Coal Metchant,UNCHANGED,Metchant,Coal Merchant
Coal Poarter,2,Coal Poarter,UNCHANGED,Poarter,Coal Porter
Coatch Builder,2,Coatch Builder,UNCHANGED,Coatch,Coach Builder
Coath Builder,2,Coath Builder,UNCHANGED,Coath,Coach Builder
Coller Cutter,2,Coller Cutter,UNCHANGED,Coller,Collar Cutter
Comercial Traveler,2,Comercial Traveler,UNCHANGED,Comercial; Traveler,Commercial Traveller
Commercial Cleark,2,Commercial Cleark,UNCHANGED,Cleark,Commercial Clerk
Commercial Clerk Destillery,2,Commercial Clerk Destillery,UNCHANGED,Destillery,Commercial Clerk Distillery
Commercial Clerke,2,Commercial Clerke,UNCHANGED,Clerke,Commercial Clerk
Commercial Traveeler,2,Commercial Traveeler,UNCHANGED,Traveeler,Commercial Traveller
Commercial Travellar,2,Commercial Travellar,UNCHANGED,Travellar,Commercial Traveller
Commercial Travellr,2,Commercial Travellr,UNCHANGED,Travellr,Commercial Traveller
Commercial Travller,2,Commercial Travller,UNCHANGED,Travller,Commercial Traveller
Commercial Travllr,2,Commercial Travllr,UNCHANGED,Travllr,Commercial Traveller
Commerical Clerk Draper,2,Commerical Clerk Draper,UNCHANGED,Commerical,Commercial Clerk Draper
Commerical Clerk Linen Business,2,Commerical Clerk Linen Business,UNCHANGED,Commerical,Commercial Clerk Linen Business
Commerical Traveler,2,Commerical Traveler,UNCHANGED,Commerical; Traveler,Commercial Traveller
Commericial Traveller,2,Commericial Traveller,UNCHANGED,Commericial,Commercial Traveller
Confectoners Assistant,2,Confectoners Assistant,UNCHANGED,Confectoners,Confectioners Assistant
Connot Read,2,Connot Read,UNCHANGED,Connot,Cannot Read
Constable R. I. Constabulery,2,Constable R. I. Constabulery,UNCHANGED,Constabulery,Constable R. I. Constabulary
Cook D.Servant,2,Cook D.Servant,UNCHANGED,D.Servant,Cook Servant
Cook Domestc,2,Cook Domestc,UNCHANGED,Domestc,Cook Domestic
Cook Domestic Servnat,2,Cook Domestic Servnat,UNCHANGED,Servnat,Cook Domestic Servant
Cook Domistic Servant,2,Cook Domistic Servant,UNCHANGED,Domistic,Cook Domestic Servant
"Cooke, Domestic Servt",2,"Cooke, Domestic Servant",ABBREVIATION,Cooke,"Cook, Domestic Servant"
Corparation Labourer,2,Corparation Labourer,UNCHANGED,Corparation,Corporation Labourer
Cottan Weaver,2,Cottan Weaver,UNCHANGED,Cottan,Cotton Weaver
Couchman Domestic Servant,2,Couchman Domestic Servant,STANDARD,Couchman,Coachman Domestic Servant
Crach Builder,2,Crach Builder,UNCHANGED,Crach,Coach Builder
Crochit Worker,2,Crochit Worker,UNCHANGED,Crochit,Crochet Worker
Crpenter,2,Crpenter,UNCHANGED,Crpenter,Carpenter
Cuinen Winder,2,Cuinen Winder,UNCHANGED,Cuinen,Linen Winder
Daffer Mill Worker,2,Daffer Mill Worker,UNCHANGED,Daffer,Doffer Mill Worker
Dairy Maide,2,Dairy Maide,UNCHANGED,Maide,Dairy Maid
Damak Weaver,2,Damak Weaver,UNCHANGED,Damak,Damask Weaver
Dammask Weaver,2,Dammask Weaver,UNCHANGED,Dammask,Damask Weaver
Darper's Assistant,2,Darper's Assistant,UNCHANGED,Darper's,Draper's Assistant
Darry Man,2,Darry Man,UNCHANGED,Darry,Dairy Man
Dary Labourer,2,Dary Labourer,UNCHANGED,Dary,Dairy Labourer
Daughter Schollar,2,Daughter Schollar,UNCHANGED,Schollar,Daughter Scholar
Deale-Gen,2,Deale Gen,NORMALIZATION,Deale,Dealer Gen
Dealer (Cattler),2,Dealer Cattler,NORMALIZATION,Cattler,Dealer Cattle
Dealer Vegitables,2,Dealer Vegitables,STANDARD,Vegitables,Dealer Vegetables
Dealer Vegtable,2,Dealer Vegtable,UNCHANGED,Vegtable,Dealer Vegetable
Deamstress,2,Deamstress,UNCHANGED,Deamstress,Seamstress
Dearler Fish,2,Dearler Fish,UNCHANGED,Dearler,Dealer Fish
Dearler Fruit,2,Dearler Fruit,UNCHANGED,Dearler,Dealer Fruit
Demastic Servant,2,Demastic Servant,UNCHANGED,Demastic,Domestic Servant
Demestic Servant,2,Demestic Servant,UNCHANGED,Demestic,Domestic Servant
Deomestic Servant,2,Deomestic Servant,UNCHANGED,Deomestic,Domestic Servant
Deressmaker,2,Deressmaker,UNCHANGED,Deressmaker,Dressmaker
Desmaker,2,Desmaker,UNCHANGED,Desmaker,Dressmaker
Distillarey Labourer,2,Distillarey Labourer,UNCHANGED,Distillarey,Distillery Labourer
Distillry Labourer,2,Distillry Labourer,UNCHANGED,Distillry,Distillery Labourer
Dock Laboure,2,Dock Laboure,UNCHANGED,Laboure,Dock Labourer
Dock Labouror,2,Dock Labouror,UNCHANGED,Labouror,Dock Labourer
Dock Labr,2,Dock Labr,UNCHANGED,Labr,Dock Lab
Dock Laubour,2,Dock Laubour,UNCHANGED,Laubour,Dock Labour
Doemestic Servant,2,Doemestic Servant,UNCHANGED,Doemestic,Domestic Servant
Dofer in Linen Mill,2,Dofer in Linen Mill,UNCHANGED,Dofer,Doffer in Linen Mill
Dofer in Mill,2,Dofer in Mill,UNCHANGED,Dofer,Doffer in Mill
Dofer Mill,2,Dofer Mill,UNCHANGED,Dofer,Doffer Mill
Doffen in Mill,2,Doffen in Mill,UNCHANGED,Doffen,Doffer in Mill
Domesitc Servant,2,Domesitc Servant,UNCHANGED,Domesitc,Domestic Servant
Domestc Work,2,Domestc Work,UNCHANGED,Domestc,Domestic Work
Domestic Coachmaid,2,Domestic Coachmaid,UNCHANGED,Coachmaid,Domestic Coachman
Domestic Genrl Servant,2,Domestic Genrl Servant,UNCHANGED,Genrl,Domestic Genl Servant
Domestic Serant Coachman,2,Domestic Serant Coachman,UNCHANGED,Serant,Domestic Servant Coachman
Domestic Serant Coatchman,2,Domestic Serant Coatchman,UNCHANGED,Serant; Coatchman,Domestic Servant Coachman
Domestic Servant Cochman,2,Domestic Servant Cochman,UNCHANGED,Cochman,Domestic Servant Coachman
Domestic Servant Genrl.,2,Domestic Servant Genrl.,UNCHANGED,Genrl,Domestic Servant Genl.
Domestic Servant Gnl,2,Domestic Servant Gnl,UNCHANGED,Gnl,Domestic Servant Genl
Domestic Servant Landress,2,Domestic Servant Landress,UNCHANGED,Landress,Domestic Servant Laundress
Domestic Serveant Coachman,2,Domestic Serveant Coachman,UNCHANGED,Serveant,Domestic Servant Coachman
Domestic Servent Unemployed,2,Domestic Servent Unemployed,UNCHANGED,Servent,Domestic Servant Unemployed
Domestic Servnat,2,Domestic Servnat,UNCHANGED,Servnat,Domestic Servant
Domestice Servent,2,Domestice Servent,UNCHANGED,Domestice; Servent,Domestic Servant
Domesticl Servant,2,Domesticl Servant,UNCHANGED,Domesticl,Domestic Servant
Domistick Servant,2,Domistick Servant,UNCHANGED,Domistick,Domestic Servant
Domostic Servant,2,Domostic Servant,UNCHANGED,Domostic,Domestic Servant
Donestic Servant,2,Donestic Servant,UNCHANGED,Donestic,Domestic Servant
Doning Nothing,2,Doning Nothing,UNCHANGED,Doning,Doing Nothing
Draper Assisant,2,Draper Assisant,UNCHANGED,Assisant,Draper Assistant
Drapery Apprentace,2,Drapery Apprentace,UNCHANGED,Apprentace,Drapery Apprentice
Drapey Apprentice,2,Drapey Apprentice,UNCHANGED,Drapey,Draper Apprentice
Dreassmaker,2,Dreassmaker,UNCHANGED,Dreassmaker,Dressmaker
Dressmaker Aprentice,2,Dressmaker Aprentice,UNCHANGED,Aprentice,Dressmaker Apprentice
Dressmaker Unimployed,2,Dressmaker Unimployed,UNCHANGED,Unimployed,Dressmaker Unemployed
Droper Assistant,2,Droper Assistant,UNCHANGED,Droper,Draper Assistant
Droper's Assistant,2,Droper's Assistant,UNCHANGED,Droper's,Draper's Assistant
Dropers Messenger,2,Dropers Messenger,UNCHANGED,Dropers,Drapers Messenger
Druggist Aprentice,2,Druggist Aprentice,UNCHANGED,Aprentice,Druggist Apprentice
Earand Boy,2,Earand Boy,UNCHANGED,Earand,Errand Boy
Egine Driver,2,Egine Driver,UNCHANGED,Egine,Engine Driver
Emboiderer,2,Emboiderer,UNCHANGED,Emboiderer,Embroiderer
Embrioderer,2,Embrioderer,UNCHANGED,Embrioderer,Embroiderer
Embrodirer,2,Embrodirer,UNCHANGED,Embrodirer,Embroiderer
Embroideryer,2,Embroideryer,UNCHANGED,Embroideryer,Embroiderer
Engine Drever,2,Engine Drever,UNCHANGED,Drever,Engine Driver
Engine Driver Creamary,2,Engine Driver Creamary,UNCHANGED,Creamary,Engine Driver Creamery
Engine Filter at Works,2,Engine Filter at Works,UNCHANGED,Filter,Engine Fitter at Works
Engine Fiter,2,Engine Fiter,UNCHANGED,Fiter,Engine Fitter
Enginee Fitter,2,Enginee Fitter,UNCHANGED,Enginee,Engine Fitter
Enginer Driver,2,Enginer Driver,UNCHANGED,Enginer,Engine Driver
Enginer Fitter at Works,2,Enginer Fitter at Works,UNCHANGED,Enginer,Engine Fitter at Works
Enging Driver,2,Enging Driver,UNCHANGED,Enging,Engine Driver
Engne Driver,2,Engne Driver,UNCHANGED,Engne,Engine Driver
Envalope Maker,2,Envalope Maker,UNCHANGED,Envalope,Envelope Maker
Ericted Tenant,2,Ericted Tenant,UNCHANGED,Ericted,Evicted Tenant
Factorey Girl,2,Factorey Girl,UNCHANGED,Factorey,Factory Girl
Factory Guirl,2,Factory Guirl,UNCHANGED,Guirl,Factory Girl
Factory Woker,2,Factory Woker,UNCHANGED,Woker,Factory Worker
Factory Workes,2,Factory Workes,UNCHANGED,Workes,Factory Worker
Factoury Worker,2,Factoury Worker,UNCHANGED,Factoury,Factory Worker
Factoy Hand,2,Factoy Hand,UNCHANGED,Factoy,Factory Hand
Factoy Linen Weaver,2,Factoy Linen Weaver,UNCHANGED,Factoy,Factory Linen Weaver
Factroy Hand,2,Factroy Hand,UNCHANGED,Factroy,Factory Hand
Factry Worker,2,Factry Worker,UNCHANGED,Factry,Factory Worker
Factuery Worker,2,Factuery Worker,UNCHANGED,Factuery,Factory Worker
Famrer,2,Famrer,UNCHANGED,Famrer,Farmer
Faram Labourer,2,Faram Labourer,UNCHANGED,Faram,Farm Labourer
Farm Laborerer,2,Farm Laborerer,UNCHANGED,Laborerer,Farm Labourer
Farm Labororer,2,Farm Labororer,UNCHANGED,Labororer,Farm Labourer
Farm Laborrer,2,Farm Laborrer,UNCHANGED,Laborrer,Farm Labourer
Farm Labouar,2,Farm Labouar,UNCHANGED,Labouar,Farm Labour
Farm Labouerer,2,Farm Labouerer,UNCHANGED,Labouerer,Farm Labourer
Farm Laboure Domestic,2,Farm Laboure Domestic,UNCHANGED,Laboure,Farm Labourer Domestic
Farm Labourerer,2,Farm Labourerer,UNCHANGED,Labourerer,Farm Labourer
Farm Labourrer,2,Farm Labourrer,UNCHANGED,Labourrer,Farm Labourer
Farm Labourur,2,Farm Labourur,UNCHANGED,Labourur,Farm Labourer
Farm Laboury,2,Farm Laboury,UNCHANGED,Laboury,Farm Labour
Farm Larbourer,2,Farm Larbourer,UNCHANGED,Larbourer,Farm Labourer
Farm larbourer,2,Farm larbourer,UNCHANGED,larbourer,Farm Labourer
Farm Laubour,2,Farm Laubour,UNCHANGED,Laubour,Farm Labour
Farm Lauburer,2,Farm Lauburer,UNCHANGED,Lauburer,Farm Labourer
Farm Servernt,2,Farm Servernt,UNCHANGED,Servernt,Farm Servant
Farm Servnat,2,Farm Servnat,UNCHANGED,Servnat,Farm Servant
Farmaer,2,Farmaer,UNCHANGED,Farmaer,Farmer
Farmar Wife,2,Farmar Wife,UNCHANGED,Farmar,Farmer Wife
Farmarer,2,Farmarer,UNCHANGED,Farmarer,Farmer
Farme Laborer,2,Farme Labourer,AMERICAN_SPELLING,Farme,Farmer Labourer
Farme Labour,2,Farme Labour,UNCHANGED,Farme,Farmer Labour
Farme's Servant,2,Farme's Servant,UNCHANGED,Farme's,Farmer's Servant
Farmer Labrour,2,Farmer Labrour,UNCHANGED,Labrour,Farmer Labour
Farmer Servat,2,Farmer Servat,UNCHANGED,Servat,Farmer Servant
Farmer Wif,2,Farmer Wif,UNCHANGED,Wif,Farmer Wife
Farmer's Brothr,2,Farmer's Brothr,UNCHANGED,Brothr,Farmer's Brother
Farmer's Daghtr,2,Farmer's Daghtr,UNCHANGED,Daghtr,Farmer's Daughter
Farmer's Daguhter,2,Farmer's Daguhter,UNCHANGED,Daguhter,Farmer's Daughter
Farmer's Dsughter,2,Farmer's Dsughter,UNCHANGED,Dsughter,Farmer's Daughter
Farmer's Gran Daughter,2,Farmer's Gran Daughter,UNCHANGED,Gran,Farmer's Grand Daughter
Farmere Wife,2,Farmere Wife,UNCHANGED,Farmere,Farmer Wife
Farmerr's Son,2,Farmerr's Son,UNCHANGED,Farmerr's,Farmer's Son
Farmers Daughter Schollar,2,Farmer's Daughter Schollar,POSSESSIVE,Schollar,Farmer's Daughter Scholar
Farmers Daughter Sholar,2,Farmer's Daughter Sholar,POSSESSIVE,Sholar,Farmer's Daughter Scholar
Farmers Son Sholar,2,Farmer's Son Sholar,POSSESSIVE,Sholar,Farmer's Son Scholar
Farmier,2,Farmier,UNCHANGED,Farmier,Farmer
Farr Son,2,Farr Son,UNCHANGED,Farr,Farm Son
Fireman (M.G.W.R),2,Fireman M.G.W.R,NORMALIZATION,M.G.W.R,Fireman M.G.W.R
Fish Curier,2,Fish Curier,UNCHANGED,Curier,Fish Curer
Fish Dealor,2,Fish Dealor,UNCHANGED,Dealor,Fish Dealer
Fitter Aprentie,2,Fitter Aprentie,UNCHANGED,Aprentie,Fitter Apprentice
Flas Spreader,2,Flas Spreader,UNCHANGED,Flas,Flax Spreader
Flax Drsser,2,Flax Drsser,UNCHANGED,Drsser,Flax Dresser
Flax Prepaier,2,Flax Prepaier,UNCHANGED,Prepaier,Flax Preparer
Flax Preperer,2,Flax Preperer,UNCHANGED,Preperer,Flax Preparer
Flax Raugher,2,Flax Raugher,UNCHANGED,Raugher,Flax Rougher
Flax Roagher,2,Flax Roagher,UNCHANGED,Roagher,Flax Rougher
Flax Rongher,2,Flax Rongher,UNCHANGED,Rongher,Flax Rougher
Flax Skutcher,2,Flax Skutcher,UNCHANGED,Skutcher,Flax Scutcher
Flax Spinnar,2,Flax Spinnar,UNCHANGED,Spinnar,Flax Spinner
Flax Spinnear,2,Flax Spinnear,UNCHANGED,Spinnear,Flax Spinner
Flax Sppiner,2,Flax Sppiner,UNCHANGED,Sppiner,Flax Spinner
Fleax Dresser,2,Fleax Dresser,UNCHANGED,Fleax,Flax Dresser
Foldier,2,Foldier,UNCHANGED,Foldier,Folder
Foodman Domestic Servant,2,Foodman Domestic Servant,UNCHANGED,Foodman,Footman Domestic Servant
Forman Carpenter,2,Forman Carpenter,UNCHANGED,Forman,Foreman Carpenter
Foul Dealour,2,Foul Dealour,UNCHANGED,Dealour,Foul Dealer
Foundrey Labourer,2,Foundrey Labourer,UNCHANGED,Foundrey,Foundry Labourer
Foundry Laburer,2,Foundry Laburer,UNCHANGED,Laburer,Foundry Labourer
Fowl Byer,2,Fowl Byer,UNCHANGED,Byer,Fowl Buyer
Fowl Cuyer,2,Fowl Cuyer,UNCHANGED,Cuyer,Fowl Buyer
Fowl Mearchant,2,Fowl Mearchant,UNCHANGED,Mearchant,Fowl Merchant
Frarm Servant,2,Frarm Servant,UNCHANGED,Frarm,Farm Servant
French Polasher,2,French Polasher,UNCHANGED,Polasher,French Polisher
Frengh Polisher,2,Frengh Polisher,UNCHANGED,Frengh,French Polisher
Frinch Polisher,2,Frinch Polisher,UNCHANGED,Frinch,French Polisher
Friut Vendor,2,Friut Vendor,UNCHANGED,Friut,Fruit Vendor
Fruit Vindor,2,Fruit Vindor,UNCHANGED,Vindor,Fruit Vendor
Fruite Dealer,2,Fruite Dealer,UNCHANGED,Fruite,Fruit Dealer
Frut Dealer,2,Frut Dealer,UNCHANGED,Frut,Fruit Dealer
Ganeral Labourer,2,Ganeral Labourer,UNCHANGED,Ganeral,General Labourer
Gardaner,2,Gardaner,UNCHANGED,Gardaner,Gardener
Garden Labouer,2,Garden Labouer,UNCHANGED,Labouer,Garden Labourer
Gardenar Domestic Servant,2,Gardenar Domestic Servant,STANDARD,Gardenar,Gardener Domestic Servant
Gardener D.Servant,2,Gardener D.Servant,UNCHANGED,D.Servant,Gardener Servant
Gardener Domestic Servent,2,Gardener Domestic Servent,UNCHANGED,Servent,Gardener Domestic Servant
Gardener Domestick Servant,2,Gardener Domestick Servant,UNCHANGED,Domestick,Gardener Domestic Servant
Gardener-Domestic Seravnt,2,Gardener Domestic Seravnt,NORMALIZATION,Seravnt,Gardener Domestic Servant
Gardener-Domestic Svt,2,Gardener Domestic Svt,NORMALIZATION,Svt,Gardener Domestic St
Gardiner (Domestic Servant),2,Gardiner Domestic Servant,NORMALIZATION,Gardiner,Gardener Domestic Servant
Gardiner D. Servant,2,Gardiner D. Servant,UNCHANGED,Gardiner,Gardener D. Servant
Gardiner Dom Servant,2,Gardiner Dom Servant,UNCHANGED,Gardiner,Gardener Dom Servant
Gardiner Domestic S,2,Gardiner Domestic S,UNCHANGED,Gardiner,Gardener Domestic S
Gardiner Unemployed,2,Gardiner Unemployed,STANDARD,Gardiner,Gardener Unemployed
Gardiner-Domestic,2,Gardiner Domestic,NORMALIZATION,Gardiner,Gardener Domestic
Gardioner,2,Gardioner,UNCHANGED,Gardioner,Gardener
Gas Labouer,2,Gas Labouer,UNCHANGED,Labouer,Gas Labourer
Gas Laboure,2,Gas Laboure,UNCHANGED,Laboure,Gas Labourer
Gas Labrour,2,Gas Labrour,UNCHANGED,Labrour,Gas Labour
Gass Maker,2,Gass Maker,UNCHANGED,Gass,Gas Maker
Gemeral Servant,2,Gemeral Servant,UNCHANGED,Gemeral,General Servant
Genaral Domestic Servant,2,Genaral Domestic Servant,STANDARD,Genaral,General Domestic Servant
Genaral Servant Domestic,2,Genaral Domestic Servant,WORD_ORDER,Genaral,General Domestic Servant
Genearl Laboure,2,Genearl Laboure,UNCHANGED,Genearl; Laboure,General Labourer
Genearl Searvent,2,Genearl Searvent,UNCHANGED,Genearl; Searvent,General Servant
Genearl Servant,2,Genearl Servant,UNCHANGED,Genearl,General Servant
Genelal Labourer,2,Genelal Labourer,UNCHANGED,Genelal,General Labourer
General Domastic Servant,2,General Domastic Servant,UNCHANGED,Domastic,General Domestic Servant
General Domestic Serevant,2,General Domestic Serevant,UNCHANGED,Serevant,General Domestic Servant
General Domestic Sern,2,General Domestic Sern,UNCHANGED,Sern,General Domestic Ser
General Domestick-Servant,2,General Domestick Servant,NORMALIZATION,Domestick,General Domestic Servant
General House Wrk,2,General House Wrk,UNCHANGED,Wrk,General House Work
General Labaour,2,General Labaour,UNCHANGED,Labaour,General Labour
General Labaurer,2,General Labaurer,UNCHANGED,Labaurer,General Labourer
General Lablouer,2,General Lablouer,UNCHANGED,Lablouer,General Labourer
General Laboer,2,General Laboer,UNCHANGED,Laboer,General Labour
General Laboerer,2,General Laboerer,UNCHANGED,Laboerer,General Labourer
General Laborourer,2,General Laborourer,UNCHANGED,Laborourer,General Labourer
General Laboure Unemployed,2,General Laboure Unemployed,UNCHANGED,Laboure,General Labourer Unemployed
General Labourel,2,General Labourel,UNCHANGED,Labourel,General Labourer
General Labourer Unemployd,2,General Labourer Unemployd,UNCHANGED,Unemployd,General Labourer Unemployed
General Labourr,2,General Labourr,UNCHANGED,Labourr,General Labourer
General Labourrer,2,General Labourrer,UNCHANGED,Labourrer,General Labourer
General Labowrer,2,General Labowrer,UNCHANGED,Labowrer,General Labourer
General Laouber,2,General Laouber,UNCHANGED,Laouber,General Labourer
General Laubor,2,General Laubor,UNCHANGED,Laubor,General Labour
General Seravant,2,General Seravant,UNCHANGED,Seravant,General Servant
General Servant Domsty,2,General Servant Domsty,UNCHANGED,Domsty,General Servant Doms
General Servant Unemploye,2,General Servant Unemploye,UNCHANGED,Unemploye,General Servant Unemployed
General Servat Domest,2,General Servat Domest,UNCHANGED,Servat; Domest,General Servant Domes
General Servint,2,General Servint,UNCHANGED,Servint,General Servant
General Servnat,2,General Servnat,UNCHANGED,Servnat,General Servant
General Srt Domestic,2,General Srt Domestic,UNCHANGED,Srt,General St Domestic
Generarl Labourer,2,Generarl Labourer,UNCHANGED,Generarl,General Labourer
Generel Labour,2,Generel Labour,UNCHANGED,Generel,General Labour
Generel Servent,2,Generel Servent,UNCHANGED,Generel; Servent,General Servant
Generial Servant,2,Generial Servant,UNCHANGED,Generial,General Servant
Generl Dealer,2,Generl Dealer,UNCHANGED,Generl,General Dealer
Generl Servent,2,Generl Servent,UNCHANGED,Generl; Servent,General Servant
Generla Labourer,2,Generla Labourer,UNCHANGED,Generla,General Labourer
Generlar Labour,2,Generlar Labour,UNCHANGED,Generlar,General Labour
Genl Servant Domc,2,Genl Servant Domc,STANDARD,Domc,Genl Servant Dom
Genl Servt Unemplayed,2,Genl Servant Unemplayed,ABBREVIATION,Unemplayed,Genl Servant Unemployed
Genl Sevt-Domestic,2,Genl Sevt Domestic,NORMALIZATION,Sevt,Genl Sert Domestic
Genltenman Farmer,2,Genltenman Farmer,UNCHANGED,Genltenman,Gentleman Farmer
Genneral Servant,2,Genneral Servant,UNCHANGED,Genneral,General Servant
Genral Dealer,2,Genral Dealer,UNCHANGED,Genral,General Dealer
Genral Domestic Servant,2,Genral Domestic Servant,STANDARD,Genral,General Domestic Servant
Genral Servant (Domestic),2,Genral Domestic Servant,NORMALIZATION; WORD_ORDER,Genral,General Domestic Servant
Genral Servant-Domestic,2,Genral Domestic Servant,NORMALIZATION; WORD_ORDER,Genral,General Domestic Servant
Genrl Servant. Domestic,2,Genrl Servant. Domestic,UNCHANGED,Genrl,Genl Servant. Domestic
Genrl. Servt-Domestic,2,Genrl. Domestic Servant,ABBREVIATION; NORMALIZATION; WORD_ORDER,Genrl,Genl. Domestic Servant
Gerenal Servant,2,Gerenal Servant,UNCHANGED,Gerenal,General Servant
Gernal Servant Domestic,2,Gernal Domestic Servant,WORD_ORDER,Gernal,Genal Domestic Servant
Gerneral Labourer,2,Gerneral Labourer,UNCHANGED,Gerneral,General Labourer
Gerneral Servant,2,Gerneral Servant,UNCHANGED,Gerneral,General Servant
Glneral Labourer,2,Glneral Labourer,UNCHANGED,Glneral,General Labourer
Gordener,2,Gordener,UNCHANGED,Gordener,Gardener
Green Groicer,2,Green Groicer,UNCHANGED,Groicer,Green Grocer
Grocen Porter,2,Grocen Porter,UNCHANGED,Grocen,Grocer Porter
Grocer Appratice,2,Grocer Appratice,UNCHANGED,Appratice,Grocer Apprentice
Groon Domestic Servant,2,Groon Domestic Servant,UNCHANGED,Groon,Groom Domestic Servant
Guardener,2,Guardener,UNCHANGED,Guardener,Gardener
Guardiner,2,Guardiner,UNCHANGED,Guardiner,Gardener
Hackel Setter,2,Hackel Setter,UNCHANGED,Hackel,Hackle Setter
Hairdressor,2,Hairdressor,UNCHANGED,Hairdressor,Hairdresser
Hardresser,2,Hardresser,UNCHANGED,Hardresser,Hairdresser
Hardward Assistant,2,Hardward Assistant,UNCHANGED,Hardward,Hardware Assistant
Hardware Aprentice,2,Hardware Aprentice,UNCHANGED,Aprentice,Hardware Apprentice
Hardware Assisant,2,Hardware Assisant,UNCHANGED,Assisant,Hardware Assistant
Harnes - Maker,2,Harnes Maker,NORMALIZATION,Harnes,Harness Maker
Hausekeeper,2,Hausekeeper,UNCHANGED,Hausekeeper,Housekeeper
Hem Sitcher,2,Hem Sitcher,UNCHANGED,Sitcher,Hem Stitcher
Hem Sticther,2,Hem Sticther,UNCHANGED,Sticther,Hem Stitcher
Hemstress,2,Hemstress,UNCHANGED,Hemstress,Seamstress
Highter Man,2,Highter Man,UNCHANGED,Highter,Lighter Man
Hockney Car Driver,2,Hockney Car Driver,UNCHANGED,Hockney,Hackney Car Driver
Hores Keeper,2,Hores Keeper,UNCHANGED,Hores,Horse Keeper
Horse Choer,2,Horse Choer,UNCHANGED,Choer,Horse Shoer
Horse Tranier,2,Horse Tranier,UNCHANGED,Tranier,Horse Trainer
Hosery Knitter,2,Hosery Knitter,UNCHANGED,Hosery,Hosiery Knitter
Hosewife,2,Hosewife,UNCHANGED,Hosewife,Housewife
Hosptl Nurse,2,Hosptl Nurse,UNCHANGED,Hosptl,Hospital Nurse
Hotel Proprietior,2,Hotel Proprietior,UNCHANGED,Proprietior,Hotel Proprietor
Hotel Proprioter,2,Hotel Proprioter,UNCHANGED,Proprioter,Hotel Proprietor
Hotel Waiteress,2,Hotel Waiteress,UNCHANGED,Waiteress,Hotel Waitress
Hotel Waitor,2,Hotel Waitor,UNCHANGED,Waitor,Hotel Waiter
Hotele Keeper,2,Hotele Keeper,UNCHANGED,Hotele,Hotel Keeper
Hotell Keeper,2,Hotell Keeper,UNCHANGED,Hotell,Hotel Keeper
Hous Painter,2,Hous Painter,UNCHANGED,Hous,House Painter
House Buisiness,2,House Buisiness,UNCHANGED,Buisiness,House Business
House Dutie,2,House Dutie,UNCHANGED,Dutie,House Duties
House Keeper Domc-Servt,2,Housekeeper Domc Servant,ABBREVIATION; COMPOUND_KEEPER; NORMALIZATION,Domc,Housekeeper Dom Servant
House Maid Domestic Servat,2,House Maid Domestic Servat,STANDARD,Servat,House Maid Domestic Servant
House Maid-Domestic Sevt,2,House Maid Domestic Sevt,NORMALIZATION,Sevt,House Maid Domestic Sert
House Mistrees,2,House Mistrees,UNCHANGED,Mistrees,House Mistress
House Painte,2,House Painte,UNCHANGED,Painte,House Painter
House Propritor,2,House Propritor,UNCHANGED,Propritor,House Proprietor
House-Parlor Maid,2,House Parlor Maid,NORMALIZATION,Parlor,House Parlour Maid
Housekeepe Domestic Servant,2,Housekeepe Domestic Servant,UNCHANGED,Housekeepe,Housekeeper Domestic Servant
Housekeeper Domestic Sevt,2,Housekeeper Domestic Sevt,STANDARD,Sevt,Housekeeper Domestic Sert
Housekeepir,2,Housekeepir,UNCHANGED,Housekeepir,Housekeeper
Housekepeer,2,Housekepeer,UNCHANGED,Housekepeer,Housekeeper
Housekipper,2,Housekipper,UNCHANGED,Housekipper,Housekeeper
Housekper,2,Housekper,UNCHANGED,Housekper,Housekeeper
Housemaid Domc Servt,2,Housemaid Domc Servant,ABBREVIATION,Domc,Housemaid Dom Servant
Housemaid Domestick Servant,2,Housemaid Domestick Servant,UNCHANGED,Domestick,Housemaid Domestic Servant
Housemaid-Domestic Sevt,2,Housemaid Domestic Sevt,NORMALIZATION,Sevt,Housemaid Domestic Sert
Housepeeper,2,Housepeeper,UNCHANGED,Housepeeper,Housekeeper
Housepkeeper,2,Housepkeeper,UNCHANGED,Housepkeeper,Housekeeper
Housewif,2,Housewif,UNCHANGED,Housewif,Housewife
Houshold Duties,2,Houshold Duties,UNCHANGED,Houshold,Household Duties
Houskeepeer,2,Houskeepeer,UNCHANGED,Houskeepeer,Housekeeper
Housmaid-Domestic Servant,2,Housmaid Domestic Servant,NORMALIZATION,Housmaid,Housemaid Domestic Servant
Hrds Man,2,Hrds Man,UNCHANGED,Hrds,Herds Man
Hresemaker,2,Hresemaker,UNCHANGED,Hresemaker,Dressmaker
Husewife,2,Husewife,UNCHANGED,Husewife,Housewife
Incom from Dividends,2,Incom from Dividends,UNCHANGED,Incom,Income from Dividends
Income from Devidends,2,Income from Devidends,UNCHANGED,Devidends,Income from Dividends
Infeant,2,Infeant,UNCHANGED,Infeant,Infant
Interst of Money,2,Interst of Money,UNCHANGED,Interst,Interest of Money
Invailed,2,Invailed,UNCHANGED,Invailed,Invalid
Invalaid,2,Invalaid,UNCHANGED,Invalaid,Invalid
Irion Ship Wright,2,Irion Ship Wright,UNCHANGED,Irion,Iron Ship Wright
Irom Moulder,2,Irom Moulder,UNCHANGED,Irom,Iron Moulder
Iron Dressor,2,Iron Dressor,UNCHANGED,Dressor,Iron Dresser
Iron Moulder in Foundary,2,Iron Moulder in Foundary,UNCHANGED,Foundary,Iron Moulder in Foundry
Iron Torner,2,Iron Torner,UNCHANGED,Torner,Iron Turner
Jounalist,2,Jounalist,UNCHANGED,Jounalist,Journalist
Journelist,2,Journelist,UNCHANGED,Journelist,Journalist
Kichen Maid,2,Kichen Maid,UNCHANGED,Kichen,Kitchen Maid
Kitchan Maid,2,Kitchan Maid,UNCHANGED,Kitchan,Kitchen Maid
Kitchan Maid Domestic Servant,2,Kitchan Maid Domestic Servant,UNCHANGED,Kitchan,Kitchen Maid Domestic Servant
Kitchanmaid Domestic Servant,2,Kitchanmaid Domestic Servant,UNCHANGED,Kitchanmaid,Kitchenmaid Domestic Servant
Kitchemaid Domestic Servant,2,Kitchemaid Domestic Servant,UNCHANGED,Kitchemaid,Kitchenmaid Domestic Servant
Kitchin Maid Domestic Servant,2,Kitchin Maid Domestic Servant,UNCHANGED,Kitchin,Kitchen Maid Domestic Servant
Labaour General,2,Labaour General,UNCHANGED,Labaour,Labour General
Labiour General,2,Labiour General,STANDARD,Labiour,Labour General
Labiourar,2,Labiourar,UNCHANGED,Labiourar,Labourer
Lablor,2,Lablor,UNCHANGED,Lablor,Tailor
Laboerer,2,Laboerer,UNCHANGED,Laboerer,Labourer
Laboorer,2,Laboorer,UNCHANGED,Laboorer,Labourer
Laborer Gass,2,Labourer Gass,AMERICAN_SPELLING,Gass,Labourer Gas
Laborers General,2,Laborers General,UNCHANGED,Laborers,Labourers General
Labororer,2,Labororer,UNCHANGED,Labororer,Labourer
Labororer and Fisherman,2,Labororer and Fisherman,UNCHANGED,Labororer,Labourer and Fisherman
Labors General,2,Labors General,UNCHANGED,Labors,Labours General
Laborur Agr,2,Laborur Agr,UNCHANGED,Laborur,Labour Agr
Labouer Agriculture,2,Labouer Agriculture,UNCHANGED,Labouer,Labourer Agriculture
Labouer in Brewery,2,Labouer in Brewery,UNCHANGED,Labouer,Labourer in Brewery
Labouer in Shipyard,2,Labouer in Shipyard,UNCHANGED,Labouer,Labourer in Shipyard
Labouer in Wine Store,2,Labouer in Wine Store,UNCHANGED,Labouer,Labourer in Wine Store
Labour Aglr,2,Labour Aglr,UNCHANGED,Aglr,Labour Agr
Labour Generl,2,Labour Generl,UNCHANGED,Generl,Labour General
Laboure in Iron Works,2,Laboure in Iron Works,UNCHANGED,Laboure,Labourer in Iron Works
Labourel,2,Labourel,UNCHANGED,Labourel,Labourer
Labourer (Agricrl),2,Labourer Agricrl,NORMALIZATION,Agricrl,Labourer Agric
Labourer (Genlr),2,Labourer Genlr,NORMALIZATION,Genlr,Labourer Genl
Labourer Distellery,2,Labourer Distellery,UNCHANGED,Distellery,Labourer Distillery
Labourer Genrl.,2,Labourer Genrl.,UNCHANGED,Genrl,Labourer Genl.
Labourer in Brewry,2,Labourer in Brewry,UNCHANGED,Brewry,Labourer in Brewery
Labourer in Distilley,2,Labourer in Distilley,UNCHANGED,Distilley,Labourer in Distillery
Labourer in Foundy,2,Labourer in Foundy,UNCHANGED,Foundy,Labourer in Foundry
Labourer in Iorn Works,2,Labourer in Iorn Works,UNCHANGED,Iorn,Labourer in Iron Works
Labourer infoundry,2,Labourer infoundry,UNCHANGED,infoundry,Labourer Foundry
Labourer Ropeworks,2,Labourer Ropeworks,UNCHANGED,Ropeworks,Labourer Ropework
Labourer-Agricl,2,Labourer Agricl,NORMALIZATION,Agricl,Labourer Agric
Laboures D. Servant,2,Laboures D. Servant,UNCHANGED,Laboures,Labourer D. Servant
Labourior,2,Labourior,UNCHANGED,Labourior,Labourer
Labriour Gen,2,Labriour Gen,UNCHANGED,Labriour,Labour Gen
Labrorer,2,Labrorer,UNCHANGED,Labrorer,Labourer
Labrour (Genl),2,Labrour Genl,NORMALIZATION,Labrour,Labour Genl
Labrour Gen,2,Labrour Gen,UNCHANGED,Labrour,Labour Gen
Labrur General,2,Labrur General,UNCHANGED,Labrur,Labour General
Labur General,2,Labur General,UNCHANGED,Labur,Labour General
Lacemakers,2,Lacemakers,UNCHANGED,Lacemakers,Lacemaker
Lambourer,2,Lambourer,UNCHANGED,Lambourer,Labourer
Land Stevart,2,Land Stevart,UNCHANGED,Stevart,Land Stewart
Land Stweard,2,Land Stweard,UNCHANGED,Stweard,Land Steward
Landreus,2,Landreus,UNCHANGED,Landreus,Laundress
Landross,2,Landross,UNCHANGED,Landross,Laundress
Landry Maid Domestic Servant,2,Landry Maid Domestic Servant,STANDARD,Landry,Laundry Maid Domestic Servant
Landry Smoother,2,Landry Smoother,UNCHANGED,Landry,Laundry Smoother
Lantry Boy Domestic Servant,2,Lantry Boy Domestic Servant,UNCHANGED,Lantry,Pantry Boy Domestic Servant
Laouler,2,Laouler,UNCHANGED,Laouler,Labourer
Laourer,2,Laourer,UNCHANGED,Laourer,Labourer
Laubor Agricultural,2,Laubor Agricultural,UNCHANGED,Laubor,Labour Agricultural
Laundary Work,2,Laundary Work,UNCHANGED,Laundary,Laundry Work
Laundery Work,2,Laundery Work,UNCHANGED,Laundery,Laundry Work
Laundiress,2,Laundiress,UNCHANGED,Laundiress,Laundress
Laundras,2,Laundras,UNCHANGED,Laundras,Laundress
Laundryress,2,Laundryress,UNCHANGED,Laundryress,Laundress
Launduress,2,Launduress,UNCHANGED,Launduress,Laundress
Leaborer,2,Leaborer,UNCHANGED,Leaborer,Labourer
Leamstress,2,Leamstress,UNCHANGED,Leamstress,Seamstress
Lennen Weaver,2,Lennen Weaver,UNCHANGED,Lennen,Linnen Weaver
Letter Carriar,2,Letter Carriar,UNCHANGED,Carriar,Letter Carrier
Letter Caryier,2,Letter Caryier,UNCHANGED,Caryier,Letter Carrier
License Car Owner,2,License Car Owner,UNCHANGED,License,Licensed Car Owner
Linen Bleatcher,2,Linen Bleatcher,UNCHANGED,Bleatcher,Linen Bleacher
Linen Finesher,2,Linen Finesher,UNCHANGED,Finesher,Linen Finisher
Linen Manufactorer,2,Linen Manufactorer,UNCHANGED,Manufactorer,Linen Manufacturer
Linen Meaver,2,Linen Meaver,UNCHANGED,Meaver,Linen Weaver
Linen Mill Worke,2,Linen Mill Worke,UNCHANGED,Worke,Linen Mill Worker
Linen Oranmenter,2,Linen Oranmenter,UNCHANGED,Oranmenter,Linen Ornamenter
Linen Reelar,2,Linen Reelar,UNCHANGED,Reelar,Linen Reeler
Linen Weavear,2,Linen Weavear,UNCHANGED,Weavear,Linen Weaver
Linen Wender,2,Linen Wender,UNCHANGED,Wender,Linen Winder
Linen Werver,2,Linen Werver,UNCHANGED,Werver,Linen Weaver
Linen Yarn Reelar,2,Linen Yarn Reelar,UNCHANGED,Reelar,Linen Yarn Reeler
Linen Yorn Winder,2,Linen Yorn Winder,UNCHANGED,Yorn,Linen Yarn Winder
Linnen Weavier,2,Linnen Weavier,UNCHANGED,Weavier,Linnen Weaver
Linsmith,2,Linsmith,UNCHANGED,Linsmith,Tinsmith
Lodgeing House Keeper,2,Lodgeing Housekeeper,COMPOUND_KEEPER,Lodgeing,Lodging Housekeeper
Lodgin Housekeeper,2,Lodgin Housekeeper,STANDARD,Lodgin,Lodging Housekeeper
Lodying House Keeper,2,Lodying Housekeeper,COMPOUND_KEEPER,Lodying,Lodging Housekeeper
Luandress,2,Luandress,UNCHANGED,Luandress,Laundress
Luay Labourer,2,Luay Labourer,UNCHANGED,Luay,Quay Labourer
Macanical Engineer,2,Macanical Engineer,UNCHANGED,Macanical,Mechanical Engineer
Machienis,2,Machienis,UNCHANGED,Machienis,Machinist
Machinast,2,Machinast,UNCHANGED,Machinast,Machinist
Machine Boy Flox Mill,2,Machine Boy Flox Mill,UNCHANGED,Flox,Machine Boy Flax Mill
Machinesst,2,Machinesst,UNCHANGED,Machinesst,Machinist
Machinest Sewing,2,Machinest Sewing,STANDARD,Machinest,Machinist Sewing
Machinest-Sewing,2,Machinest Sewing,NORMALIZATION,Machinest,Machinist Sewing
Machinislt (Linen Trade),2,Machinislt Linen Trade,NORMALIZATION,Machinislt,Machinist Linen Trade
Machionest,2,Machionest,UNCHANGED,Machionest,Machinist
Mahine Boy,2,Mahine Boy,UNCHANGED,Mahine,Machine Boy
Mantte Maker,2,Mantte Maker,UNCHANGED,Mantte,Mantle Maker
Marmer,2,Marmer,UNCHANGED,Marmer,Farmer
Martle Maker,2,Martle Maker,UNCHANGED,Martle,Mantle Maker
Maschinist,2,Maschinist,UNCHANGED,Maschinist,Machinist
Mashenist,2,Mashenist,UNCHANGED,Mashenist,Machinist
Masson Stone,2,Masson Stone,UNCHANGED,Masson,Mason Stone
Mathers Help,2,Mathers Help,UNCHANGED,Mathers,Mothers Help
Mchinist,2,Mchinist,UNCHANGED,Mchinist,Machinist
Mecanical Engineer,2,Mecanical Engineer,UNCHANGED,Mecanical,Mechanical Engineer
Mehinist,2,Mehinist,UNCHANGED,Mehinist,Machinist
Merchant Droper,2,Merchant Droper,UNCHANGED,Droper,Merchant Draper
Merchant Salior,2,Merchant Salior,UNCHANGED,Salior,Merchant Sailor
Mesenger Boy,2,Mesenger Boy,UNCHANGED,Mesenger,Messenger Boy
Messager Boy,2,Messager Boy,UNCHANGED,Messager,Message Boy
Messeage Boy,2,Messeage Boy,UNCHANGED,Messeage,Message Boy
Messiage Boy,2,Messiage Boy,UNCHANGED,Messiage,Message Boy
Messige Boy,2,Messige Boy,UNCHANGED,Messige,Message Boy
Messinger Boy,2,Messinger Boy,UNCHANGED,Messinger,Messenger Boy
Michanical Engineer,2,Michanical Engineer,UNCHANGED,Michanical,Mechanical Engineer
Militea Man,2,Militea Man,UNCHANGED,Militea,Militia Man
Mill Worker Reller,2,Mill Worker Reller,UNCHANGED,Reller,Mill Worker Reeler
Mill Workes,2,Mill Workes,UNCHANGED,Workes,Mill Worker
Millenier,2,Millenier,UNCHANGED,Millenier,Milliner
Millenor,2,Millenor,UNCHANGED,Millenor,Milliner
Millinier,2,Millinier,UNCHANGED,Millinier,Milliner
Milsman on Railway,2,Milsman on Railway,UNCHANGED,Milsman,Milesman on Railway
Monitor N.School,2,Monitor N.School,STANDARD,N.School,Monitor School
Mothers Healp,2,Mothers Healp,UNCHANGED,Healp,Mothers Help
National Scool Teacher,2,National Scool Teacher,UNCHANGED,Scool,National School Teacher
Natoinal School Teacher,2,Natoinal School Teacher,UNCHANGED,Natoinal,National School Teacher
Neddle Worker,2,Neddle Worker,UNCHANGED,Neddle,Needle Worker
Nel,2,Nel,UNCHANGED,Nel,Nil
Night Wachman,2,Night Wachman,UNCHANGED,Wachman,Night Watchman
No Accopation,2,No Accopation,UNCHANGED,Accopation,No Occupation
No Buissiness,2,No Buissiness,UNCHANGED,Buissiness,No Business
No Buissness,2,No Buissness,UNCHANGED,Buissness,No Business
No Empoyment,2,No Empoyment,UNCHANGED,Empoyment,No Employment
No Occapation,2,No Occapation,UNCHANGED,Occapation,No Occupation
No Occoupation,2,No Occoupation,UNCHANGED,Occoupation,No Occupation
No Occuptaion,2,No Occuptaion,UNCHANGED,Occuptaion,No Occupation
No Ocupaton,2,No Ocupaton,UNCHANGED,Ocupaton,No Occupation
No Preffession,2,No Preffession,UNCHANGED,Preffession,No Profession
No professon,2,No professon,UNCHANGED,professon,No Profession
No Proffesson,2,No Proffesson,UNCHANGED,Proffesson,No Profession
No Proffssion,2,No Proffssion,UNCHANGED,Proffssion,No Profession
No Profssion,2,No Profssion,UNCHANGED,Profssion,No Profession
No Scholor,2,No Scholor,UNCHANGED,Scholor,No Scholar
No Scollr,2,No Scollr,UNCHANGED,Scollr,No Scholar
Not at Schoal,2,Not at Schoal,UNCHANGED,Schoal,Not at School
Not at schoole,2,Not at schoole,UNCHANGED,schoole,Not at School
Not at Schoole,2,Not at Schoole,UNCHANGED,Schoole,Not at School
Not Attending Scool,2,Not Attending Scool,UNCHANGED,Scool,Not Attending School
Not Attendng School,2,Not Attendng School,UNCHANGED,Attendng,Not Attending School
Nurce Domestic Servant,2,Nurce Domestic Servant,UNCHANGED,Nurce,Nurse Domestic Servant
Nursary Maid,2,Nursary Maid,UNCHANGED,Nursary,Nursery Maid
Nurse Domestic Servent,2,Nurse Domestic Servent,STANDARD,Servent,Nurse Domestic Servant
Nurse Domestic Servnt,2,Nurse Domestic Servnt,STANDARD,Servnt,Nurse Domestic Servant
Nurse Domt Servant,2,Nurse Domt Servant,STANDARD,Domt,Nurse Dom Servant
Nurse-Domestic Servent,2,Nurse Domestic Servent,NORMALIZATION,Servent,Nurse Domestic Servant
Nurse-Domestic Servnt,2,Nurse Domestic Servnt,NORMALIZATION,Servnt,Nurse Domestic Servant
Nurse-Domestic Sevt,2,Nurse Domestic Sevt,NORMALIZATION,Sevt,Nurse Domestic Sert
Nurse-Domestice Servant,2,Nurse Domestice Servant,NORMALIZATION,Domestice,Nurse Domestic Servant
Ouay Labourer,2,Ouay Labourer,UNCHANGED,Ouay,Quay Labourer
Painter Aprentice,2,Painter Aprentice,UNCHANGED,Aprentice,Painter Apprentice
Paintr,2,Paintr,UNCHANGED,Paintr,Painter
Palourmaid Domestic Servant,2,Palourmaid Domestic Servant,UNCHANGED,Palourmaid,Parlourmaid Domestic Servant
Parish Preist,2,Parish Preist,UNCHANGED,Preist,Parish Priest
Parlor Maid Dom Servt,2,Parlor Maid Dom Servant,ABBREVIATION,Parlor,Parlour Maid Dom Servant
Parlor Maid Domestic Servt,2,Parlor Maid Domestic Servant,ABBREVIATION,Parlor,Parlour Maid Domestic Servant
Parlormaid - Domestic Servant,2,Parlormaid Domestic Servant,NORMALIZATION,Parlormaid,Parlourmaid Domestic Servant
Parlour Maid-Domestic Sevt,2,Parlour Maid Domestic Sevt,NORMALIZATION,Sevt,Parlour Maid Domestic Sert
Partry Baker,2,Partry Baker,UNCHANGED,Partry,Pastry Baker
Pastry Bakr,2,Pastry Bakr,UNCHANGED,Bakr,Pastry Baker
Paultry Dealer,2,Paultry Dealer,UNCHANGED,Paultry,Poultry Dealer
Pedelar,2,Pedelar,UNCHANGED,Pedelar,Pedlar
Pedlear,2,Pedlear,UNCHANGED,Pedlear,Pedlar
Pensoner Army,2,Pensoner Army,UNCHANGED,Pensoner,Pensioner Army
Pig Byer,2,Pig Byer,UNCHANGED,Byer,Pig Buyer
Plaugh Man,2,Plaugh Man,UNCHANGED,Plaugh,Plough Man
Poastman,2,Poastman,UNCHANGED,Poastman,Postman
Pork Boutcher,2,Pork Boutcher,UNCHANGED,Boutcher,Pork Butcher
Pork Cuser,2,Pork Cuser,UNCHANGED,Cuser,Pork Curer
Porter Groers,2,Porter Groers,UNCHANGED,Groers,Porter Grocers
Post Office Clerke,2,Post Office Clerke,UNCHANGED,Clerke,Post Office Clerk
Post Office Telagraphist,2,Post Office Telagraphist,UNCHANGED,Telagraphist,Post Office Telegraphist
Post Office Telegraphest,2,Post Office Telegraphest,UNCHANGED,Telegraphest,Post Office Telegraphist
Postmisstress,2,Postmisstress,UNCHANGED,Postmisstress,Postmistress
Postry Baker,2,Postry Baker,UNCHANGED,Postry,Pastry Baker
Presbyteran Minister,2,Presbyteran Minister,UNCHANGED,Presbyteran,Presbyterian Minister
Presbyterion Minister,2,Presbyterion Minister,UNCHANGED,Presbyterion,Presbyterian Minister
Printer Compostor,2,Printer Compostor,UNCHANGED,Compostor,Printer Compositor
Printer Machenist,2,Printer Machenist,UNCHANGED,Machenist,Printer Machinist
Printer Machinest,2,Printer Machinest,STANDARD,Machinest,Printer Machinist
Printer-Composetor,2,Printer Composetor,NORMALIZATION,Composetor,Printer Compositor
Printer-Compositer Unemployed,2,Printer Compositer Unemployed,NORMALIZATION,Compositer,Printer Compositor Unemployed
Printer-Compositon,2,Printer Compositon,NORMALIZATION,Compositon,Printer Compositor
Printer-Machinest,2,Printer Machinest,NORMALIZATION,Machinest,Printer Machinist
Private Incoms,2,Private Incoms,UNCHANGED,Incoms,Private Income
Private Meanes,2,Private Meanes,UNCHANGED,Meanes,Private Means
Privison Dealer,2,Privison Dealer,UNCHANGED,Privison,Provision Dealer
Profersional Nurse,2,Profersional Nurse,UNCHANGED,Profersional,Professional Nurse
Profesional Nurse,2,Profesional Nurse,UNCHANGED,Profesional,Professional Nurse
Proscess Server,2,Proscess Server,UNCHANGED,Proscess,Process Server
Publickan and Farmer,2,Publickan and Farmer,UNCHANGED,Publickan,Publican and Farmer
Quay Labourar,2,Quay Labourar,UNCHANGED,Labourar,Quay Labourer
Quay Labrouer,2,Quay Labrouer,UNCHANGED,Labrouer,Quay Labourer
R.J.C Pensioner,2,R.J.C Pensioner,UNCHANGED,R.J.C,R.I.C Pensioner
Railay Labourer,2,Railay Labourer,UNCHANGED,Railay,Railway Labourer
Railway Laboure,2,Railway Laboure,UNCHANGED,Laboure,Railway Labourer
Railway Milisman,2,Railway Milisman,UNCHANGED,Milisman,Railway Milesman
Railway Offical,2,Railway Offical,UNCHANGED,Offical,Railway Official
Railway Oficial,2,Railway Oficial,UNCHANGED,Oficial,Railway Official
Railway Platelayers,2,Railway Platelayers,UNCHANGED,Platelayers,Railway Platelayer
Railway Shanter,2,Railway Shanter,UNCHANGED,Shanter,Railway Shunter
Railway Shurter,2,Railway Shurter,UNCHANGED,Shurter,Railway Shunter
Railwy Miles Man,2,Railwy Miles Man,UNCHANGED,Railwy,Railway Miles Man
Railyvay Guard,2,Railyvay Guard,UNCHANGED,Railyvay,Railway Guard
Railyway Porter,2,Railyway Porter,UNCHANGED,Railyway,Railway Porter
Ralway Labourer,2,Ralway Labourer,UNCHANGED,Ralway,Railway Labourer
Ralway Servant,2,Ralway Servant,UNCHANGED,Ralway,Railway Servant
Ratired Farmer,2,Ratired Farmer,UNCHANGED,Ratired,Retired Farmer
Receving Out Door Relief,2,Receving Out Door Relief,UNCHANGED,Receving,Receiving Out Door Relief
Reelar (Yarn),2,Reelar Yarn,NORMALIZATION,Reelar,Reeler Yarn
Reelar Flax,2,Reelar Flax,UNCHANGED,Reelar,Reeler Flax
Reelar Yarn,2,Reelar Yarn,STANDARD,Reelar,Reeler Yarn
Reelars (Linen),2,Reelars Linen,NORMALIZATION,Reelars,Reelers Linen
Reeler Linen Factry,2,Reeler Linen Factry,UNCHANGED,Factry,Reeler Linen Factory
Reeller in Mill,2,Reeller in Mill,UNCHANGED,Reeller,Reeler in Mill
Reller Flax Mill,2,Reller Flax Mill,UNCHANGED,Reller,Reeler Flax Mill
Reller Mill,2,Reller Mill,UNCHANGED,Reller,Reeler Mill
Retierd Farmer,2,Retierd Farmer,UNCHANGED,Retierd,Retired Farmer
Retiered Farmer,2,Retiered Farmer,UNCHANGED,Retiered,Retired Farmer
Retiered Grocer,2,Retiered Grocer,UNCHANGED,Retiered,Retired Grocer
Retired D.Servt,2,Retired D.Servant,ABBREVIATION,D.Servant,Retired Servant
Retired Droper,2,Retired Droper,UNCHANGED,Droper,Retired Draper
Retired Farme,2,Retired Farme,UNCHANGED,Farme,Retired Farmer
Retired Groocer,2,Retired Groocer,UNCHANGED,Groocer,Retired Grocer
Retired Laburer,2,Retired Laburer,UNCHANGED,Laburer,Retired Labourer
Retired Publician,2,Retired Publician,UNCHANGED,Publician,Retired Publican
Retired Shomaker,2,Retired Shomaker,UNCHANGED,Shomaker,Retired Shoemaker
Rivit Heater,2,Rivit Heater,UNCHANGED,Rivit,Rivet Heater
Roap Maker,2,Roap Maker,UNCHANGED,Roap,Road Maker
Room Kepper,2,Room Kepper,UNCHANGED,Kepper,Room Keeper
Rope Spiner,2,Rope Spiner,UNCHANGED,Spiner,Rope Spinner
Rtired Farmer,2,Rtired Farmer,UNCHANGED,Rtired,Retired Farmer
Saddler and Trarness Maker,2,Saddler and Trarness Maker,UNCHANGED,Trarness,Saddler and Harness Maker
Saemstress,2,Saemstress,UNCHANGED,Saemstress,Seamstress
Salesman Draperey,2,Salesman Draperey,UNCHANGED,Draperey,Salesman Drapery
Sallor,2,Sallor,UNCHANGED,Sallor,Sailor
Samistress,2,Samistress,UNCHANGED,Samistress,Seamstress
Sammons Server,2,Sammons Server,UNCHANGED,Sammons,Summons Server
Samstreess,2,Samstreess,UNCHANGED,Samstreess,Seamstress
Samtress,2,Samtress,UNCHANGED,Samtress,Seamstress
Scallery Maid Servant Domestic,2,Scallery Maid Domestic Servant,WORD_ORDER,Scallery,Scullery Maid Domestic Servant
Scamstress,2,Scamstress,UNCHANGED,Scamstress,Seamstress
Schcholar,2,Schcholar,UNCHANGED,Schcholar,Scholar
Schelor,2,Schelor,UNCHANGED,Schelor,Scholar
Schlora,2,Schlora,UNCHANGED,Schlora,Scholar
Schoclar,2,Schoclar,UNCHANGED,Schoclar,Scholar
Scholar Schoolar,2,Scholar Schoolar,UNCHANGED,Schoolar,Scholar Scholar
Scholarl,2,Scholarl,UNCHANGED,Scholarl,Scholar
Scholeur,2,Scholeur,UNCHANGED,Scholeur,Scholar
Schollaar,2,Schollaar,UNCHANGED,Schollaar,Scholar
Schollar Farmers Daughter,2,Schollar Farmer's Daughter,POSSESSIVE,Schollar,Scholar Farmer's Daughter
Schollar Son,2,Schollar Son,UNCHANGED,Schollar,Scholar Son
School Girld,2,School Girld,UNCHANGED,Girld,School Girl
Schoolar Son,2,Schoolar Son,UNCHANGED,Schoolar,Scholar Son
Schoolarr,2,Schoolarr,UNCHANGED,Schoolarr,Scholar
Schrolar,2,Schrolar,UNCHANGED,Schrolar,Scholar
Scohar,2,Scohar,UNCHANGED,Scohar,Scholar
Scolaar,2,Scolaar,UNCHANGED,Scolaar,Scholar
Scoohl Boy,2,Scoohl Boy,UNCHANGED,Scoohl,School Boy
Seameestress,2,Seameestress,UNCHANGED,Seameestress,Seamstress
Seamestes,2,Seamestes,UNCHANGED,Seamestes,Seamster
Seamistrees,2,Seamistrees,UNCHANGED,Seamistrees,Seamstress
Seamrtress,2,Seamrtress,UNCHANGED,Seamrtress,Seamstress
Seamsstress,2,Seamsstress,UNCHANGED,Seamsstress,Seamstress
Seamstes,2,Seamstes,UNCHANGED,Seamstes,Seamster
Seamstor,2,Seamstor,UNCHANGED,Seamstor,Seamster
Seamstreress,2,Seamstreress,UNCHANGED,Seamstreress,Seamstress
Seamstrerss,2,Seamstrerss,UNCHANGED,Seamstrerss,Seamstress
Seamstresss,2,Seamstresss,UNCHANGED,Seamstresss,Seamstress
Seamter,2,Seamter,UNCHANGED,Seamter,Seamster
Seanster,2,Seanster,UNCHANGED,Seanster,Seamster
Seanstess,2,Seanstess,UNCHANGED,Seanstess,Seamstress
Seeamster,2,Seeamster,UNCHANGED,Seeamster,Seamster
Seeamsteress,2,Seeamsteress,UNCHANGED,Seeamsteress,Seamstress
Seemistress,2,Seemistress,UNCHANGED,Seemistress,Seamstress
Semastress,2,Semastress,UNCHANGED,Semastress,Seamstress
Semeastress,2,Semeastress,UNCHANGED,Semeastress,Seamstress
Serfant,2,Serfant,UNCHANGED,Serfant,Servant
Servant Gerl,2,Servant Gerl,UNCHANGED,Gerl,Servant Girl
Servant Gril,2,Servant Gril,UNCHANGED,Gril,Servant Girl
Servant Groon,2,Servant Groon,UNCHANGED,Groon,Servant Groom
Servante,2,Servante,UNCHANGED,Servante,Servant
Servat,2,Servat,UNCHANGED,Servat,Servant
Servent Dom,2,Servent Dom,UNCHANGED,Servent,Servant Dom
Servent Farm,2,Servent Farm,UNCHANGED,Servent,Servant Farm
Servnat,2,Servnat,UNCHANGED,Servnat,Servant
Seymster,2,Seymster,UNCHANGED,Seymster,Seamster
Shapherd,2,Shapherd,UNCHANGED,Shapherd,Shepherd
Shefherd,2,Shefherd,UNCHANGED,Shefherd,Shepherd
Sheherd,2,Sheherd,UNCHANGED,Sheherd,Shepherd
Shepeherd,2,Shepeherd,UNCHANGED,Shepeherd,Shepherd
Sheperd's Son,2,Sheperd's Son,UNCHANGED,Sheperd's,Shepherd's Son
Sheperherd,2,Sheperherd,UNCHANGED,Sheperherd,Shepherd
Shephard Domestic Servant,2,Shephard Domestic Servant,UNCHANGED,Shephard,Shepherd Domestic Servant
Shephered,2,Shephered,UNCHANGED,Shephered,Shepherd
Shephird,2,Shephird,UNCHANGED,Shephird,Shepherd
Sheppord,2,Sheppord,UNCHANGED,Sheppord,Shepherd
Shepsherd,2,Shepsherd,UNCHANGED,Shepsherd,Shepherd
Ship Carpentar,2,Ship Carpentar,UNCHANGED,Carpentar,Ship Carpenter
Ship Jioner,2,Ship Jioner,UNCHANGED,Jioner,Ship Joiner
Ship Yard Labouer,2,Ship Yard Labouer,UNCHANGED,Labouer,Ship Yard Labourer
Shipwhright,2,Shipwhright,UNCHANGED,Shipwhright,Shipwright
Shipwight,2,Shipwight,UNCHANGED,Shipwight,Shipwright
Shirt Eaminer,2,Shirt Eaminer,UNCHANGED,Eaminer,Shirt Examiner
Shoemacker,2,Shoemacker,UNCHANGED,Shoemacker,Shoemaker
Shoemaker Aprentice,2,Shoemaker Aprentice,UNCHANGED,Aprentice,Shoemaker Apprentice
Shoemarker,2,Shoemarker,UNCHANGED,Shoemarker,Shoemaker
Shoemker,2,Shoemker,UNCHANGED,Shoemker,Shoemaker
Shoening Smith,2,Shoening Smith,UNCHANGED,Shoening,Shoeing Smith
Shoing-Smith,2,Shoing Smith,NORMALIZATION,Shoing,Shoeing Smith
Shop Accistant,2,Shop Accistant,UNCHANGED,Accistant,Shop Assistant
Shop Apprentise,2,Shop Apprentise,UNCHANGED,Apprentise,Shop Apprentice
Shop Assaistant,2,Shop Assaistant,UNCHANGED,Assaistant,Shop Assistant
Shop Assissant,2,Shop Assissant,UNCHANGED,Assissant,Shop Assistant
Shop Assistan Grocery,2,Shop Assistan Grocery,UNCHANGED,Assistan,Shop Assistant Grocery
Shop Assistant Drapary,2,Shop Assistant Drapary,UNCHANGED,Drapary,Shop Assistant Drapery
Shop Assittant,2,Shop Assittant,UNCHANGED,Assittant,Shop Assistant
Shop Girl Drupery,2,Shop Girl Drupery,UNCHANGED,Drupery,Shop Girl Drapery
Shop Horter,2,Shop Horter,UNCHANGED,Horter,Shop Porter
Shop Mesenger,2,Shop Mesenger,UNCHANGED,Mesenger,Shop Messenger
Shop Messnger,2,Shop Messnger,UNCHANGED,Messnger,Shop Messenger
Shop Portter,2,Shop Portter,UNCHANGED,Portter,Shop Porter
Shopekeeper,2,Shopekeeper,UNCHANGED,Shopekeeper,Shopkeeper
Shopkeeper Provison,2,Shopkeeper Provison,STANDARD,Provison,Shopkeeper Provision
Shopkepper,2,Shopkepper,UNCHANGED,Shopkepper,Shopkeeper
Shopman Grosery,2,Shopman Grosery,UNCHANGED,Grosery,Shopman Grocery
Shoreing Smith,2,Shoreing Smith,UNCHANGED,Shoreing,Shoeing Smith
Shorlar,2,Shorlar,UNCHANGED,Shorlar,Scholar
Shoy Assistant,2,Shoy Assistant,UNCHANGED,Shoy,Shop Assistant
Shpkeepr,2,Shpkeepr,UNCHANGED,Shpkeepr,Shopkeeper
Shrit Maker,2,Shrit Maker,UNCHANGED,Shrit,Shirt Maker
Shueamaker,2,Shueamaker,UNCHANGED,Shueamaker,Shoemaker
Shurt Maker,2,Shurt Maker,UNCHANGED,Shurt,Shirt Maker
Siamstress,2,Siamstress,UNCHANGED,Siamstress,Seamstress
Skilled Labouer,2,Skilled Labouer,UNCHANGED,Labouer,Skilled Labourer
Slable Boy,2,Slable Boy,UNCHANGED,Slable,Stable Boy
Slaholar,2,Slaholar,UNCHANGED,Slaholar,Scholar
Sloter,2,Sloter,UNCHANGED,Sloter,Slater
Smith Heper,2,Smith Heper,UNCHANGED,Heper,Smith Helper
Smithis Helper,2,Smithis Helper,UNCHANGED,Smithis,Smiths Helper
Smits Helper,2,Smits Helper,UNCHANGED,Smits,Smith Helper
Smoother Landry,2,Smoother Landry,UNCHANGED,Landry,Smoother Laundry
Smoothr Laundry,2,Smoothr Laundry,UNCHANGED,Smoothr,Smoother Laundry
Sochlar,2,Sochlar,UNCHANGED,Sochlar,Scholar
Soholar,2,Soholar,UNCHANGED,Soholar,Scholar
Soldier on Forlough,2,Soldier on Forlough,UNCHANGED,Forlough,Soldier on Furlough
Soldier Pensoiner,2,Soldier Pensoiner,UNCHANGED,Pensoiner,Soldier Pensioner
Solicitor (Practicing),2,Solicitor Practicing,NORMALIZATION,Practicing,Solicitor Practising
Sopkeeper,2,Sopkeeper,UNCHANGED,Sopkeeper,Shopkeeper
Spaide Maker,2,Spaide Maker,UNCHANGED,Spaide,Spade Maker
Sperit Merchant,2,Sperit Merchant,UNCHANGED,Sperit,Spirit Merchant
Spiner (Flax),2,Spiner Flax,NORMALIZATION,Spiner,Spinner Flax
Spiner (Mill),2,Spiner Mill,NORMALIZATION,Spiner,Spinner Mill
Spiner in Mill,2,Spiner in Mill,UNCHANGED,Spiner,Spinner in Mill
Spiner Mill,2,Spiner Mill,STANDARD,Spiner,Spinner Mill
Spinnerin Factory,2,Spinnerin Factory,UNCHANGED,Spinnerin,Spinner Factory
Spinnig Master,2,Spinnig Master,UNCHANGED,Spinnig,Spinning Master
Spirit Marchant,2,Spirit Marchant,UNCHANGED,Marchant,Spirit Merchant
Spreder in Mill,2,Spreder in Mill,UNCHANGED,Spreder,Spreader in Mill
Stoker in Gass Works,2,Stoker in Gass Works,UNCHANGED,Gass,Stoker in Gas Works
Stone Cuttr,2,Stone Cuttr,UNCHANGED,Cuttr,Stone Cutter
Stonemeason,2,Stonemeason,UNCHANGED,Stonemeason,Stonemason
Stonemosion,2,Stonemosion,UNCHANGED,Stonemosion,Stonemason
Storemason,2,Storemason,UNCHANGED,Storemason,Stonemason
Student of Sheology,2,Student of Sheology,UNCHANGED,Sheology,Student of Theology
Surfice Man,2,Surfice Man,UNCHANGED,Surfice,Surface Man
Tailor Aprentic,2,Tailor Aprentic,UNCHANGED,Aprentic,Tailor Apprentice
Tailore,2,Tailore,UNCHANGED,Tailore,Tailor
Talor Employed,2,Talor Employed,UNCHANGED,Talor,Tailor Employed
Tarmer's Son,2,Tarmer's Son,UNCHANGED,Tarmer's,Farmer's Son
Tassell Maker,2,Tassell Maker,UNCHANGED,Tassell,Tassel Maker
Tassle Maker,2,Tassle Maker,UNCHANGED,Tassle,Tassel Maker
Teacher (N.B),2,Teacher N.B,NORMALIZATION,N.B,Teacher N.S
Teacher N.B,2,Teacher N.B,STANDARD,N.B,Teacher N.S
Teleghraph Messenger,2,Teleghraph Messenger,UNCHANGED,Teleghraph,Telegraph Messenger
Telegrah Messenger,2,Telegrah Messenger,UNCHANGED,Telegrah,Telegraph Messenger
Telegrap Messenger,2,Telegrap Messenger,UNCHANGED,Telegrap,Telegraph Messenger
Telegraph Linsman,2,Telegraph Linsman,UNCHANGED,Linsman,Telegraph Lineman
Telegraph Messengr,2,Telegraph Messengr,UNCHANGED,Messengr,Telegraph Messenger
Telgraph Clerk,2,Telgraph Clerk,UNCHANGED,Telgraph,Telegraph Clerk
Telgraph Messenger,2,Telgraph Messenger,UNCHANGED,Telgraph,Telegraph Messenger
Tellegraph Messenger,2,Tellegraph Messenger,UNCHANGED,Tellegraph,Telegraph Messenger
Tennant Farmer's Daughter,2,Tennant Farmer's Daughter,STANDARD,Tennant,Tenant Farmer's Daughter
Timsmith,2,Timsmith,UNCHANGED,Timsmith,Tinsmith
Tinen Weaver,2,Tinen Weaver,UNCHANGED,Tinen,Linen Weaver
Tobaccanist Assistant,2,Tobaccanist Assistant,UNCHANGED,Tobaccanist,Tobacconist Assistant
Tobbaconist Assistant,2,Tobbaconist Assistant,UNCHANGED,Tobbaconist,Tobacconist Assistant
Tobocca Spinner,2,Tobocca Spinner,UNCHANGED,Tobocca,Tobacco Spinner
Tobocco Spinner,2,Tobocco Spinner,UNCHANGED,Tobocco,Tobacco Spinner
Toilor,2,Toilor,UNCHANGED,Toilor,Tailor
Tram Condoctor,2,Tram Condoctor,UNCHANGED,Condoctor,Tram Conductor
Traveler Draper,2,Traveler Draper,UNCHANGED,Traveler,Traveller Draper
Traveller Comercial,2,Traveller Comercial,UNCHANGED,Comercial,Traveller Commercial
Undergraduate R.W.I.,2,Undergraduate R.W.I.,UNCHANGED,R.W.I,Undergraduate R.U.I.
Vegaetable Dealer,2,Vegaetable Dealer,UNCHANGED,Vegaetable,Vegetable Dealer
Vegetabl Dealer,2,Vegetabl Dealer,UNCHANGED,Vegetabl,Vegetable Dealer
Vegtable Dealer,2,Vegtable Dealer,UNCHANGED,Vegtable,Vegetable Dealer
Vig Buyer,2,Vig Buyer,UNCHANGED,Vig,Pig Buyer
Waher Woman,2,Waher Woman,UNCHANGED,Waher,Washer Woman
Waiteress Restaurant,2,Waiteress Restaurant,STANDARD,Waiteress,Waitress Restaurant
Waiterss Domestic Servant,2,Waiterss Domestic Servant,UNCHANGED,Waiterss,Waitress Domestic Servant
Warehome Man,2,Warehome Man,UNCHANGED,Warehome,Warehouse Man
Warerom Worker,2,Warerom Worker,UNCHANGED,Warerom,Wareroom Worker
Washe Woman,2,Washe Woman,UNCHANGED,Washe,Washer Woman
Weaver (Woolen),2,Weaver Woolen,NORMALIZATION,Woolen,Weaver Woollen
Weaver Combric,2,Weaver Combric,UNCHANGED,Combric,Weaver Cambric
Weaver Damosk,2,Weaver Damosk,UNCHANGED,Damosk,Weaver Damask
Weaver Wollen,2,Weaver Wollen,STANDARD,Wollen,Weaver Woollen
Weaver-Wollen,2,Weaver Wollen,NORMALIZATION,Wollen,Weaver Woollen
Weavr Linen Factory,2,Weavr Linen Factory,UNCHANGED,Weavr,Weaver Linen Factory
Whasher,2,Whasher,UNCHANGED,Whasher,Washer
Winder Cotten,2,Winder Cotten,UNCHANGED,Cotten,Winder Cotton
Winder Factery,2,Winder Factery,UNCHANGED,Factery,Winder Factory
Winder Yorn,2,Winder Yorn,UNCHANGED,Yorn,Winder Yarn
Woll Spiner,2,Woll Spiner,UNCHANGED,Woll; Spiner,Wool Spinner
Wool Wever,2,Wool Wever,UNCHANGED,Wever,Wool Weaver
Wooll Spinner,2,Wooll Spinner,UNCHANGED,Wooll,Wool Spinner
Work Mistres,2,Work Mistres,UNCHANGED,Mistres,Work Mistress
Yardener,2,Yardener,UNCHANGED,Yardener,Gardener
Yarn Sppinner,2,Yarn Sppinner,UNCHANGED,Sppinner,Yarn Spinner
Yord Man,2,Yord Man,UNCHANGED,Yord,Yard Man
(Apprentic Carpenter),1,Apprentic Carpenter,NORMALIZATION,Apprentic,Apprentice Carpenter
(Eil),1,Eil,NORMALIZATION,Eil,Nil
(Housemaid) Domestic Servnat,1,Housemaid Domestic Servnat,NORMALIZATION,Servnat,Housemaid Domestic Servant
(Linen) Spinnes,1,Linen Spinnes,NORMALIZATION,Spinnes,Linen Spinner
(Nurseary) Labiourer,1,Nurseary Labiourer,NORMALIZATION,Nurseary; Labiourer,Nursery Labourer
A B Seamans,1,A B Seamans,UNCHANGED,Seamans,A B Seaman
A Farm Laboure,1,A Farm Laboure,UNCHANGED,Laboure,A Farm Labourer
A Gricultural Labourer,1,A Gricultural Labourer,UNCHANGED,Gricultural,A Agricultural Labourer
A.G Labourer,1,A.General Labourer,ABBREVIATION_AMBIGUOUS,A.General,General Labourer
A.Labourer,1,A.Labourer,UNCHANGED,A.Labourer,Labourer
Aagricultural Labourer,1,Aagricultural Labourer,UNCHANGED,Aagricultural,Agricultural Labourer
Aarcultural Labourer,1,Aarcultural Labourer,UNCHANGED,Aarcultural,Agricultural Labourer
Aaricultual Labourer,1,Aaricultual Labourer,UNCHANGED,Aaricultual,Agricultural Labourer
Aaricultural Labourer,1,Aaricultural Labourer,UNCHANGED,Aaricultural,Agricultural Labourer
Aarmy Pensioner,1,Aarmy Pensioner,UNCHANGED,Aarmy,Army Pensioner
Acricultural Labrourer,1,Acricultural Labrourer,UNCHANGED,Acricultural; Labrourer,Agricultural Labourer
Ag Laberour,1,Ag Laberour,UNCHANGED,Laberour,Ag Labour
Ag Labrour,1,Ag Labrour,UNCHANGED,Labrour,Ag Labour
Agant Insurance,1,Agant Insurance,UNCHANGED,Agant,Agent Insurance
Ageant House,1,Ageant House,UNCHANGED,Ageant,Agent House
Agecultural Labourer,1,Agecultural Labourer,UNCHANGED,Agecultural,Agricultural Labourer
Agent Dropeny,1,Agent Dropeny,UNCHANGED,Dropeny,Agent Drapery
Ageracultural Labourer,1,Ageracultural Labourer,UNCHANGED,Ageracultural,Agricultural Labourer
Aggricultural Labourer,1,Aggricultural Labourer,UNCHANGED,Aggricultural,Agricultural Labourer
Agicaltural Labourer,1,Agicaltural Labourer,UNCHANGED,Agicaltural,Agricultural Labourer
Agicultiral Labourer,1,Agicultiral Labourer,UNCHANGED,Agicultiral,Agricultural Labourer
Agicultur Labour,1,Agicultur Labour,UNCHANGED,Agicultur,Agriculture Labour
Agicultural Labourer,1,Agicultural Labourer,UNCHANGED,Agicultural,Agricultural Labourer
Agracultral Labourer,1,Agracultral Labourer,UNCHANGED,Agracultral,Agricultural Labourer
Agracultural Engineer,1,Agracultural Engineer,UNCHANGED,Agracultural,Agricultural Engineer
Agracultural Laborar,1,Agracultural Laborar,UNCHANGED,Agracultural; Laborar,Agricultural Labourer
Agraculture Labour,1,Agraculture Labour,UNCHANGED,Agraculture,Agriculture Labour
Agraculturial Labourer,1,Agraculturial Labourer,UNCHANGED,Agraculturial,Agricultural Labourer
Agraculural Labourer,1,Agraculural Labourer,UNCHANGED,Agraculural,Agricultural Labourer
Agrcultral Labourer,1,Agrcultral Labourer,UNCHANGED,Agrcultral,Agricultural Labourer
Agrcultural Labourer and Farmer,1,Agrcultural Labourer and Farmer,UNCHANGED,Agrcultural,Agricultural Labourer and Farmer
Agrcutural Labourer,1,Agrcutural Labourer,UNCHANGED,Agrcutural,Agricultural Labourer
Agrecultural Labourer,1,Agrecultural Labourer,UNCHANGED,Agrecultural,Agricultural Labourer
Agricalural Labourer,1,Agricalural Labourer,UNCHANGED,Agricalural,Agricultural Labourer
Agricltral Labourer,1,Agricltral Labourer,UNCHANGED,Agricltral,Agricultural Labourer
Agriclturar Labouer,1,Agriclturar Labouer,UNCHANGED,Agriclturar; Labouer,Agricultural Labourer
Agriclural Labourer,1,Agriclural Labourer,UNCHANGED,Agriclural,Agricultural Labourer
Agricuitural Labourer,1,Agricuitural Labourer,UNCHANGED,Agricuitural,Agricultural Labourer
Agriculgtural Labourer,1,Agriculgtural Labourer,UNCHANGED,Agriculgtural,Agricultural Labourer
Agriculral Laborer,1,Agriculral Labourer,AMERICAN_SPELLING,Agriculral,Agricultural Labourer
Agricultal Laboure,1,Agricultal Laboure,UNCHANGED,Agricultal; Laboure,Agricultural Labourer
Agricultaral Labourers Daughter,1,Agricultaral Labourer's Daughter,POSSESSIVE,Agricultaral,Agricultural Labourer's Daughter
Agricultere Labour,1,Agricultere Labour,STANDARD,Agricultere,Agriculture Labour
Agriculterral Labourer,1,Agriculterral Labourer,UNCHANGED,Agriculterral,Agricultural Labourer
Agricultirual Labourer,1,Agricultirual Labourer,UNCHANGED,Agricultirual,Agricultural Labourer
Agricultiural Labourer,1,Agricultiural Labourer,UNCHANGED,Agricultiural,Agricultural Labourer
Agricultral Laboular,1,Agricultral Laboular,UNCHANGED,Agricultral; Laboular,Agricultural Labourer
Agricultral Laboure,1,Agricultral Laboure,UNCHANGED,Agricultral; Laboure,Agricultural Labourer
Agricultral Labourer (Unemployed),1,Agricultral Labourer Unemployed,NORMALIZATION,Agricultral,Agricultural Labourer Unemployed
Agricultral Labourer Wife,1,Agricultral Labourer Wife,UNCHANGED,Agricultral,Agricultural Labourer Wife
Agricultral Labourers Wife,1,Agricultral Labourer's Wife,POSSESSIVE,Agricultral,Agricultural Labourer's Wife
Agricultral Servant,1,Agricultral Servant,UNCHANGED,Agricultral,Agricultural Servant
Agricultrl Laborer,1,Agricultrl Labourer,AMERICAN_SPELLING,Agricultrl,Agricultural Labourer
Agricultrl-Labourer,1,Agricultrl Labourer,NORMALIZATION,Agricultrl,Agricultural Labourer
Agricultrn Labour,1,Agricultrn Labour,UNCHANGED,Agricultrn,Agriculture Labour
Agricultrul Labourer,1,Agricultrul Labourer,UNCHANGED,Agricultrul,Agricultural Labourer
Agriculttral Labourer,1,Agriculttral Labourer,UNCHANGED,Agriculttral,Agricultural Labourer
Agricultuar Laborer,1,Agricultuar Labourer,AMERICAN_SPELLING,Agricultuar,Agricultural Labourer
Agricultuaral Labourer,1,Agricultuaral Labourer,UNCHANGED,Agricultuaral,Agricultural Labourer
Agricultuian Labourer,1,Agricultuian Labourer,UNCHANGED,Agricultuian,Agricultural Labourer
Agricultuiral Labourer,1,Agricultuiral Labourer,UNCHANGED,Agricultuiral,Agricultural Labourer
Agricultul Laborer,1,Agricultul Labourer,AMERICAN_SPELLING,Agricultul,Agricultural Labourer
Agricultulal Labourer,1,Agricultulal Labourer,UNCHANGED,Agricultulal,Agricultural Labourer
Agricultular Laboure,1,Agricultular Laboure,UNCHANGED,Agricultular; Laboure,Agricultural Labourer
Agricultularl Labourer,1,Agricultularl Labourer,UNCHANGED,Agricultularl,Agricultural Labourer
Agricultura Laboure,1,Agricultura Laboure,UNCHANGED,Agricultura; Laboure,Agricultural Labourer
Agriculturaal Labourer,1,Agriculturaal Labourer,UNCHANGED,Agriculturaal,Agricultural Labourer
Agricultural Laabourer,1,Agricultural Laabourer,UNCHANGED,Laabourer,Agricultural Labourer
Agricultural Labaurer,1,Agricultural Labaurer,UNCHANGED,Labaurer,Agricultural Labourer
Agricultural Laboere,1,Agricultural Laboere,UNCHANGED,Laboere,Agricultural Labourer
Agricultural Laboerer,1,Agricultural Laboerer,UNCHANGED,Laboerer,Agricultural Labourer
Agricultural Laboierer,1,Agricultural Laboierer,UNCHANGED,Laboierer,Agricultural Labourer
Agricultural Labonrer,1,Agricultural Labonrer,UNCHANGED,Labonrer,Agricultural Labourer
Agricultural Laborer Shephard,1,Agricultural Labourer Shephard,AMERICAN_SPELLING,Shephard,Agricultural Labourer Shepherd
Agricultural Laborerer,1,Agricultural Laborerer,UNCHANGED,Laborerer,Agricultural Labourer
Agricultural Laborier,1,Agricultural Laborier,UNCHANGED,Laborier,Agricultural Labourer
Agricultural Laborrer,1,Agricultural Laborrer,UNCHANGED,Laborrer,Agricultural Labourer
Agricultural Labouer and Fisherman,1,Agricultural Labouer and Fisherman,UNCHANGED,Labouer,Agricultural Labourer and Fisherman
Agricultural Laboure's Wife,1,Agricultural Laboure's Wife,UNCHANGED,Laboure's,Agricultural Labourer's Wife
Agricultural Labourer (Shephard),1,Agricultural Labourer Shephard,NORMALIZATION,Shephard,Agricultural Labourer Shepherd
Agricultural Labourer Daguther,1,Agricultural Labourer Daguther,UNCHANGED,Daguther,Agricultural Labourer Daughter
Agricultural Labourer Kerd,1,Agricultural Labourer Kerd,STANDARD,Kerd,Agricultural Labourer Herd
Agricultural Labourer Sheppert,1,Agricultural Labourer Sheppert,UNCHANGED,Sheppert,Agricultural Labourer Shepherd
Agricultural Labourer Unemployee,1,Agricultural Labourer Unemployee,UNCHANGED,Unemployee,Agricultural Labourer Unemployed
Agricultural Labourere,1,Agricultural Labourere,UNCHANGED,Labourere,Agricultural Labourer
Agricultural Laboures Daughter,1,Agricultural Laboures Daughter,UNCHANGED,Laboures,Agricultural Labourer Daughter
Agricultural Labourlar,1,Agricultural Labourlar,UNCHANGED,Labourlar,Agricultural Labourer
Agricultural Labourrer,1,Agricultural Labourrer,UNCHANGED,Labourrer,Agricultural Labourer
Agricultural Labouurer,1,Agricultural Labouurer,UNCHANGED,Labouurer,Agricultural Labourer
Agricultural Labrouer,1,Agricultural Labrouer,UNCHANGED,Labrouer,Agricultural Labourer
Agricultural Labrouer D S,1,Agricultural Labrouer D S,UNCHANGED,Labrouer,Agricultural Labourer D S
Agricultural Labroure,1,Agricultural Labroure,UNCHANGED,Labroure,Agricultural Labourer
Agricultural Labrourrer,1,Agricultural Labrourrer,UNCHANGED,Labrourrer,Agricultural Labourer
Agricultural Labuarer,1,Agricultural Labuarer,UNCHANGED,Labuarer,Agricultural Labourer
Agricultural Labuouer,1,Agricultural Labuouer,UNCHANGED,Labuouer,Agricultural Labourer
Agricultural Laburor,1,Agricultural Laburor,UNCHANGED,Laburor,Agricultural Labourer
Agricultural Laiborer,1,Agricultural Laiborer,UNCHANGED,Laiborer,Agricultural Labourer
Agricultural Lauborer,1,Agricultural Lauborer,UNCHANGED,Lauborer,Agricultural Labourer
Agricultural Lebourer,1,Agricultural Lebourer,UNCHANGED,Lebourer,Agricultural Labourer
Agricultural Loborer,1,Agricultural Loborer,UNCHANGED,Loborer,Agricultural Labourer
Agricultural Loburer,1,Agricultural Loburer,UNCHANGED,Loburer,Agricultural Labourer
Agricultural Loubourer,1,Agricultural Loubourer,UNCHANGED,Loubourer,Agricultural Labourer
Agriculturan Labourer,1,Agriculturan Labourer,UNCHANGED,Agriculturan,Agricultural Labourer
Agriculturar Laborer,1,Agriculturar Labourer,AMERICAN_SPELLING,Agriculturar,Agricultural Labourer
Agriculturas Labourer,1,Agriculturas Labourer,UNCHANGED,Agriculturas,Agricultural Labourer
Agriculture Laabour,1,Agriculture Laabour,UNCHANGED,Laabour,Agriculture Labour
Agriculture Laberour,1,Agriculture Laberour,UNCHANGED,Laberour,Agriculture Labour
Agriculture Laborur,1,Agriculture Laborur,UNCHANGED,Laborur,Agriculture Labour
Agriculture Labou,1,Agriculture Labou,UNCHANGED,Labou,Agriculture Labour
Agriculture Labrour,1,Agriculture Labrour,UNCHANGED,Labrour,Agriculture Labour
Agricultureal Labourer,1,Agricultureal Labourer,UNCHANGED,Agricultureal,Agricultural Labourer
Agriculturul Labourer,1,Agriculturul Labourer,UNCHANGED,Agriculturul,Agricultural Labourer
Agriculura Labourer,1,Agriculura Labourer,UNCHANGED,Agriculura,Agricultural Labourer
Agriculural Labouer,1,Agriculural Labouer,UNCHANGED,Agriculural; Labouer,Agricultural Labourer
Agriculural Labourer (Farm),1,Agriculural Farm Labourer,LABOURER_ORDER; NORMALIZATION,Agriculural,Agricultural Farm Labourer
Agriculural Labourer and Farmer,1,Agriculural Labourer and Farmer,UNCHANGED,Agriculural,Agricultural Labourer and Farmer
Agriculural Laiborer,1,Agriculural Laiborer,UNCHANGED,Agriculural; Laiborer,Agricultural Labourer
Agriculural Lauborer,1,Agriculural Lauborer,UNCHANGED,Agriculural; Lauborer,Agricultural Labourer
Agriculurl Labourer,1,Agriculurl Labourer,STANDARD,Agriculurl,Agricultural Labourer
Agriculutre Labor,1,Agriculutre Labour,AMERICAN_SPELLING,Agriculutre,Agriculture Labour
Agricuntural Labourer,1,Agricuntural Labourer,UNCHANGED,Agricuntural,Agricultural Labourer
Agricutlural Labourer,1,Agricutlural Labourer,UNCHANGED,Agricutlural,Agricultural Labourer
Agricutural Labourer Wife,1,Agricutural Labourer Wife,UNCHANGED,Agricutural,Agricultural Labourer Wife
Agricuture Labour,1,Agricuture Labour,UNCHANGED,Agricuture,Agriculture Labour
Agrilicultural Labourer,1,Agrilicultural Labourer,UNCHANGED,Agrilicultural,Agricultural Labourer
Agriltural Labourer,1,Agriltural Labourer,UNCHANGED,Agriltural,Agricultural Labourer
Agriscultural Labourer,1,Agriscultural Labourer,UNCHANGED,Agriscultural,Agricultural Labourer
Agritcultural Labourer,1,Agritcultural Labourer,UNCHANGED,Agritcultural,Agricultural Labourer
Agritiltural Laborer,1,Agritiltural Labourer,AMERICAN_SPELLING,Agritiltural,Agricultural Labourer
Agriuclutural Labourer,1,Agriuclutural Labourer,UNCHANGED,Agriuclutural,Agricultural Labourer
Agriucultural Labourer,1,Agriucultural Labourer,UNCHANGED,Agriucultural,Agricultural Labourer
Agriultural Labouarer,1,Agriultural Labouarer,UNCHANGED,Agriultural; Labouarer,Agricultural Labourer
Agruculturel Labourer,1,Agruculturel Labourer,UNCHANGED,Agruculturel,Agricultural Labourer
Agrultural Labourer,1,Agrultural Labourer,UNCHANGED,Agrultural,Agricultural Labourer
Agrulture Leabour,1,Agrulture Leabour,UNCHANGED,Agrulture; Leabour,Agriculture Labour
Agurcultural Labourer,1,Agurcultural Labourer,UNCHANGED,Agurcultural,Agricultural Labourer
Aguriculturel Labourer,1,Aguriculturel Labourer,UNCHANGED,Aguriculturel,Agricultural Labourer
Aguriculural Labourer,1,Aguriculural Labourer,UNCHANGED,Aguriculural,Agricultural Labourer
Albending School,1,Albending School,UNCHANGED,Albending,Attending School
Aniunity,1,Aniunity,UNCHANGED,Aniunity,Annuity
Annuety,1,Annuety,UNCHANGED,Annuety,Annuity
Annuitery,1,Annuitery,UNCHANGED,Annuitery,Annuity
Annuitys,1,Annuitys,UNCHANGED,Annuitys,Annuity
Annunity,1,Annunity,UNCHANGED,Annunity,Annuity
Anprentice,1,Anprentice,UNCHANGED,Anprentice,Apprentice
Anrecultural Labourer,1,Anrecultural Labourer,UNCHANGED,Anrecultural,Agricultural Labourer
Anuety,1,Anuety,UNCHANGED,Anuety,Annuity
Anuity No Occupation,1,Anuity No Occupation,UNCHANGED,Anuity,Annuity No Occupation
Apintice Carpenter,1,Apintice Carpenter,UNCHANGED,Apintice,Appentice Carpenter
Apothccary Assistant,1,Apothccary Assistant,UNCHANGED,Apothccary,Apothecary Assistant
Apothecarys Assistant,1,Apothecarys Assistant,UNCHANGED,Apothecarys,Apothecary Assistant
Apparantice,1,Apparantice,UNCHANGED,Apparantice,Apprentice
Appe Boilermaker,1,Appe Boilermaker,UNCHANGED,Appe,App Boilermaker
Appe Carpenter,1,Appe Carpenter,UNCHANGED,Appe,App Carpenter
Appentic Carpenter,1,Appentic Carpenter,UNCHANGED,Appentic,Appentice Carpenter
Apperentice Dress Maker,1,Apperentice Dress Maker,UNCHANGED,Apperentice,Apprentice Dress Maker
Apperentice Plater,1,Apperentice Plater,UNCHANGED,Apperentice,Apprentice Plater
Apperintice,1,Apperintice,UNCHANGED,Apperintice,Apprentice
Apperntice,1,Apperntice,UNCHANGED,Apperntice,Apprentice
Apperntice Plumber,1,Apperntice Plumber,UNCHANGED,Apperntice,Apprentice Plumber
Appr Fitter,1,Appr Fitter,UNCHANGED,Appr,App Fitter
Appr Shipwright,1,Appr Shipwright,UNCHANGED,Appr,App Shipwright
Apprantice Fitter,1,Apprantice Fitter,UNCHANGED,Apprantice,Apprentice Fitter
Apprantice Tailor,1,Apprantice Tailor,UNCHANGED,Apprantice,Apprentice Tailor
Apprartice,1,Apprartice,UNCHANGED,Apprartice,Apprentice
Apprenctice,1,Apprenctice,UNCHANGED,Apprenctice,Apprentice
Apprendice,1,Apprendice,UNCHANGED,Apprendice,Apprentice
Apprendice Dressmaker,1,Apprendice Dressmaker,UNCHANGED,Apprendice,Apprentice Dressmaker
Apprenice,1,Apprenice,UNCHANGED,Apprenice,Apprentice
Apprenice Draper,1,Apprenice Draper,UNCHANGED,Apprenice,Apprentice Draper
Apprentce Carpenter,1,Apprentce Carpenter,UNCHANGED,Apprentce,Apprentice Carpenter
Apprentce Clerk,1,Apprentce Clerk,UNCHANGED,Apprentce,Apprentice Clerk
Apprentce Dress Making,1,Apprentce Dress Making,UNCHANGED,Apprentce,Apprentice Dress Making
Apprentce Engineer,1,Apprentce Engineer,UNCHANGED,Apprentce,Apprentice Engineer
Apprentence Engine Fitter,1,Apprentence Engine Fitter,UNCHANGED,Apprentence,Apprentice Engine Fitter
Apprentence to Drapery,1,Apprentence to Drapery,UNCHANGED,Apprentence,Apprentice to Drapery
Apprentic (Grocer),1,Apprentic Grocer,NORMALIZATION,Apprentic,Apprentice Grocer
Apprentic Baker,1,Apprentic Baker,UNCHANGED,Apprentic,Apprentice Baker
Apprentic Boiler Maker,1,Apprentic Boiler Maker,UNCHANGED,Apprentic,Apprentice Boiler Maker
Apprentic Bootmaker,1,Apprentic Bootmaker,UNCHANGED,Apprentic,Apprentice Bootmaker
Apprentic Bricklayer,1,Apprentic Bricklayer,UNCHANGED,Apprentic,Apprentice Bricklayer
Apprentic Cabonit Maker,1,Apprentic Cabonit Maker,UNCHANGED,Apprentic; Cabonit,Apprentice Cabinet Maker
Apprentic Chemist,1,Apprentic Chemist,UNCHANGED,Apprentic,Apprentice Chemist
Apprentic Clerk,1,Apprentic Clerk,UNCHANGED,Apprentic,Apprentice Clerk
Apprentic Confectioner,1,Apprentic Confectioner,UNCHANGED,Apprentic,Apprentice Confectioner
Apprentic Drapery,1,Apprentic Drapery,UNCHANGED,Apprentic,Apprentice Drapery
Apprentic Dress Maker,1,Apprentic Dress Maker,UNCHANGED,Apprentic,Apprentice Dress Maker
Apprentic Dress Making,1,Apprentic Dress Making,UNCHANGED,Apprentic,Apprentice Dress Making
Apprentic Dressmaker,1,Apprentic Dressmaker,UNCHANGED,Apprentic,Apprentice Dressmaker
Apprentic Engineer,1,Apprentic Engineer,UNCHANGED,Apprentic,Apprentice Engineer
Apprentic Fitter,1,Apprentic Fitter,UNCHANGED,Apprentic,Apprentice Fitter
Apprentic Grocer,1,Apprentic Grocer,STANDARD,Apprentic,Apprentice Grocer
Apprentic Harness Maker,1,Apprentic Harness Maker,UNCHANGED,Apprentic,Apprentice Harness Maker
Apprentic Linen Business,1,Apprentic Linen Business,UNCHANGED,Apprentic,Apprentice Linen Business
Apprentic Linen Lapper,1,Apprentic Linen Lapper,UNCHANGED,Apprentic,Apprentice Linen Lapper
Apprentic Plumber,1,Apprentic Plumber,UNCHANGED,Apprentic,Apprentice Plumber
Apprentic Shopkeeper,1,Apprentic Shopkeeper,UNCHANGED,Apprentic,Apprentice Shopkeeper
Apprentic to Drapery,1,Apprentic to Drapery,UNCHANGED,Apprentic,Apprentice to Drapery
Apprentice (Drugist),1,Apprentice Drugist,NORMALIZATION,Drugist,Apprentice Druggist
Apprentice (Groceryer),1,Apprentice Groceryer,NORMALIZATION,Groceryer,Apprentice Grocery
Apprentice Ainter,1,Apprentice Ainter,UNCHANGED,Ainter,Apprentice Painter
Apprentice Bootmakers,1,Apprentice Bootmakers,UNCHANGED,Bootmakers,Apprentice Bootmaker
Apprentice Boyiler Maker,1,Apprentice Boyiler Maker,UNCHANGED,Boyiler,Apprentice Boiler Maker
Apprentice Bricklayor,1,Apprentice Bricklayor,UNCHANGED,Bricklayor,Apprentice Bricklayer
Apprentice Carpentery,1,Apprentice Carpentery,UNCHANGED,Carpentery,Apprentice Carpenter
Apprentice Chermist,1,Apprentice Chermist,UNCHANGED,Chermist,Apprentice Chemist
Apprentice Compositar,1,Apprentice Compositar,UNCHANGED,Compositar,Apprentice Compositor
Apprentice Confiectionery,1,Apprentice Confiectionery,UNCHANGED,Confiectionery,Apprentice Confectionery
Apprentice Drapry,1,Apprentice Drapry,UNCHANGED,Drapry,Apprentice Drapery
Apprentice Dropery,1,Apprentice Dropery,UNCHANGED,Dropery,Apprentice Drapery
Apprentice Duggist,1,Apprentice Duggist,UNCHANGED,Duggist,Apprentice Druggist
Apprentice Emillinery,1,Apprentice Emillinery,UNCHANGED,Emillinery,Apprentice Millinery
Apprentice Enginer Fitter,1,Apprentice Enginer Fitter,UNCHANGED,Enginer,Apprentice Engine Fitter
Apprentice Fiter,1,Apprentice Fiter,UNCHANGED,Fiter,Apprentice Fitter
Apprentice Fither,1,Apprentice Fither,UNCHANGED,Fither,Apprentice Fitter
Apprentice Gardiner,1,Apprentice Gardiner,UNCHANGED,Gardiner,Apprentice Gardener
Apprentice Grocier,1,Apprentice Grocier,UNCHANGED,Grocier,Apprentice Grocer
Apprentice Ironmonges,1,Apprentice Ironmonges,UNCHANGED,Ironmonges,Apprentice Ironmonger
Apprentice Jioner,1,Apprentice Jioner,UNCHANGED,Jioner,Apprentice Joiner
Apprentice Juiner,1,Apprentice Juiner,UNCHANGED,Juiner,Apprentice Joiner
Apprentice Linen Busness,1,Apprentice Linen Busness,UNCHANGED,Busness,Apprentice Linen Business
Apprentice Linen Bussiness,1,Apprentice Linen Bussiness,UNCHANGED,Bussiness,Apprentice Linen Business
Apprentice Millenery,1,Apprentice Millenery,UNCHANGED,Millenery,Apprentice Millinery
Apprentice Palsterem,1,Apprentice Palsterem,UNCHANGED,Palsterem,Apprentice Plasterer
Apprentice Patern Maker,1,Apprentice Patern Maker,UNCHANGED,Patern,Apprentice Pattern Maker
Apprentice Patteon Maker,1,Apprentice Patteon Maker,UNCHANGED,Patteon,Apprentice Pattern Maker
Apprentice Pattorn Maker,1,Apprentice Pattorn Maker,UNCHANGED,Pattorn,Apprentice Pattern Maker
Apprentice Peater,1,Apprentice Peater,UNCHANGED,Peater,Apprentice Plater
Apprentice Plaber,1,Apprentice Plaber,UNCHANGED,Plaber,Apprentice Plater
Apprentice Plastrer,1,Apprentice Plastrer,UNCHANGED,Plastrer,Apprentice Plasterer
Apprentice Puttern Maker,1,Apprentice Puttern Maker,UNCHANGED,Puttern,Apprentice Pattern Maker
Apprentice Sadeler,1,Apprentice Sadeler,UNCHANGED,Sadeler,Apprentice Saddler
Apprentice to Dreapery,1,Apprentice to Dreapery,UNCHANGED,Dreapery,Apprentice to Drapery
Apprentice-Meillinory,1,Apprentice Meillinory,NORMALIZATION,Meillinory,Apprentice Millinery
Apprentice-Saddely,1,Apprentice Saddely,NORMALIZATION,Saddely,Apprentice Saddler
Apprenticer Fitter,1,Apprenticer Fitter,UNCHANGED,Apprenticer,Apprentice Fitter
Apprentier,1,Apprentier,UNCHANGED,Apprentier,Apprentice
Apprentier Plater,1,Apprentier Plater,UNCHANGED,Apprentier,Apprentice Plater
Apprentint,1,Apprentint,UNCHANGED,Apprentint,Apprentice
Apprentis Carpenter,1,Apprentis Carpenter,UNCHANGED,Apprentis,Apprentice Carpenter
Apprentis Carpentre,1,Apprentis Carpentre,UNCHANGED,Apprentis; Carpentre,Apprentice Carpenter
Apprentis Fitter,1,Apprentis Fitter,UNCHANGED,Apprentis,Apprentice Fitter
Apprentis Joiner,1,Apprentis Joiner,UNCHANGED,Apprentis,Apprentice Joiner
Apprentis Linen Lapper,1,Apprentis Linen Lapper,UNCHANGED,Apprentis,Apprentice Linen Lapper
Apprentis to Dress Making,1,Apprentis to Dress Making,UNCHANGED,Apprentis,Apprentice to Dress Making
Appretice Grocer,1,Appretice Grocer,UNCHANGED,Appretice,Apprentice Grocer
Apprintace Dressmaker,1,Apprintace Dressmaker,UNCHANGED,Apprintace,Apprentice Dressmaker
Apprintce Carpenter,1,Apprintce Carpenter,UNCHANGED,Apprintce,Apprentice Carpenter
Apprintce Plasterer,1,Apprintce Plasterer,UNCHANGED,Apprintce,Apprentice Plasterer
Apprintce Tailor,1,Apprintce Tailor,UNCHANGED,Apprintce,Apprentice Tailor
Apprintic Tailor,1,Apprintic Tailor,UNCHANGED,Apprintic,Apprentice Tailor
Apprintice Carpenter,1,Apprintice Carpenter,UNCHANGED,Apprintice,Apprentice Carpenter
Apprintice Dressmaker,1,Apprintice Dressmaker,UNCHANGED,Apprintice,Apprentice Dressmaker
Apprintice Joiner,1,Apprintice Joiner,UNCHANGED,Apprintice,Apprentice Joiner
Apprintice Linen Lapper,1,Apprintice Linen Lapper,UNCHANGED,Apprintice,Apprentice Linen Lapper
Apprintice Painter,1,Apprintice Painter,UNCHANGED,Apprintice,Apprentice Painter
Apprintice Plumber,1,Apprintice Plumber,UNCHANGED,Apprintice,Apprentice Plumber
Apprintice Shoe Maker,1,Apprintice Shoe Maker,UNCHANGED,Apprintice,Apprentice Shoe Maker
Apprintice Shop,1,Apprintice Shop,UNCHANGED,Apprintice,Apprentice Shop
Apprntic Draper,1,Apprntic Draper,UNCHANGED,Apprntic,Apprentice Draper
Apptice Carpenter,1,Apptice Carpenter,UNCHANGED,Apptice,Appentice Carpenter
Aprentace Blacksmith,1,Aprentace Blacksmith,UNCHANGED,Aprentace,Apprentice Blacksmith
Aprentce Carpenter,1,Aprentce Carpenter,UNCHANGED,Aprentce,Apprentice Carpenter
Aprentce Fitter,1,Aprentce Fitter,UNCHANGED,Aprentce,Apprentice Fitter
Aprentic,1,Aprentic,UNCHANGED,Aprentic,Apprentice
Aprentic Engineer,1,Aprentic Engineer,UNCHANGED,Aprentic,Apprentice Engineer
Aprentic Joiner,1,Aprentic Joiner,UNCHANGED,Aprentic,Apprentice Joiner
Aprentic Painter,1,Aprentic Painter,UNCHANGED,Aprentic,Apprentice Painter
Aprentic Plumber,1,Aprentic Plumber,UNCHANGED,Aprentic,Apprentice Plumber
Aprentic to Drapery,1,Aprentic to Drapery,UNCHANGED,Aprentic,Apprentice to Drapery
Aprentice (Engineer),1,Aprentice Engineer,NORMALIZATION,Aprentice,Apprentice Engineer
Aprentice Cabinet Maker,1,Aprentice Cabinet Maker,UNCHANGED,Aprentice,Apprentice Cabinet Maker
Aprentice Cabint Maker,1,Aprentice Cabint Maker,UNCHANGED,Aprentice; Cabint,Apprentice Cabinet Maker
Aprentice Carpeter,1,Aprentice Carpeter,UNCHANGED,Aprentice; Carpeter,Apprentice Carpenter
Aprentice Carpnder,1,Aprentice Carpnder,UNCHANGED,Aprentice; Carpnder,Apprentice Carpenter
Aprentice Draper,1,Aprentice Draper,UNCHANGED,Aprentice,Apprentice Draper
Aprentice Drapery,1,Aprentice Drapery,UNCHANGED,Aprentice,Apprentice Drapery
Aprentice Dressmaking,1,Aprentice Dressmaking,UNCHANGED,Aprentice,Apprentice Dressmaking
Aprentice Engineer,1,Aprentice Engineer,STANDARD,Aprentice,Apprentice Engineer
Aprentice Enginner,1,Aprentice Enginner,UNCHANGED,Aprentice; Enginner,Apprentice Engineer
Aprentice Fiter,1,Aprentice Fiter,UNCHANGED,Aprentice; Fiter,Apprentice Fitter
Aprentice Grocery,1,Aprentice Grocery,UNCHANGED,Aprentice,Apprentice Grocery
Aprentice Millinery,1,Aprentice Millinery,UNCHANGED,Aprentice,Apprentice Millinery
Aprentice Plasterer,1,Aprentice Plasterer,UNCHANGED,Aprentice,Apprentice Plasterer
Aprentice Plater,1,Aprentice Plater,UNCHANGED,Aprentice,Apprentice Plater
Aprentice Tallor,1,Aprentice Tallor,UNCHANGED,Aprentice; Tallor,Apprentice Tailor
Aprentice to Boiler Maker,1,Aprentice to Boiler Maker,UNCHANGED,Aprentice,Apprentice to Boiler Maker
Aprentice to Gardener,1,Aprentice to Gardener,UNCHANGED,Aprentice,Apprentice to Gardener
Aprentie,1,Aprentie,UNCHANGED,Aprentie,Apprentice
Aprentie Carpenter,1,Aprentie Carpenter,UNCHANGED,Aprentie,Apprentice Carpenter
Aprentince Drapery,1,Aprentince Drapery,UNCHANGED,Aprentince,Apprentice Drapery
Aprentrice Dress Maker,1,Aprentrice Dress Maker,UNCHANGED,Aprentrice,Apprentice Dress Maker
Aprintice Dress Maker,1,Aprintice Dress Maker,UNCHANGED,Aprintice,Apprentice Dress Maker
Aprintice Fitter,1,Aprintice Fitter,UNCHANGED,Aprintice,Apprentice Fitter
Aprintice Painter,1,Aprintice Painter,UNCHANGED,Aprintice,Apprentice Painter
Aps Carpenter,1,Aps Carpenter,UNCHANGED,Aps,App Carpenter
Argilcultural Labourer,1,Argilcultural Labourer,UNCHANGED,Argilcultural,Agricultural Labourer
Argriculturael Labourer,1,Argriculturael Labourer,UNCHANGED,Argriculturael,Agricultural Labourer
Argricultural Laburer,1,Argricultural Laburer,UNCHANGED,Argricultural; Laburer,Agricultural Labourer
Argriculture Labour,1,Argriculture Labour,UNCHANGED,Argriculture,Agriculture Labour
Argriultural Labourer,1,Argriultural Labourer,UNCHANGED,Argriultural,Agricultural Labourer
Aricultural Laborer,1,Aricultural Labourer,AMERICAN_SPELLING,Aricultural,Agricultural Labourer
Ariculture Labour,1,Ariculture Labour,UNCHANGED,Ariculture,Agriculture Labour
Arigultural Labouer,1,Arigultural Labouer,UNCHANGED,Arigultural; Labouer,Agricultural Labourer
Arl Student,1,Arl Student,UNCHANGED,Arl,Art Student
Armey Pentioner,1,Armey Pentioner,UNCHANGED,Armey; Pentioner,Army Pensioner
Army Ensiner,1,Army Ensiner,UNCHANGED,Ensiner,Army Pensioner
Army Pansioner,1,Army Pansioner,UNCHANGED,Pansioner,Army Pensioner
Army Pensioner and Agricultural Laboure,1,Army Pensioner and Agricultural Laboure,UNCHANGED,Laboure,Army Pensioner and Agricultural Labourer
Army Pensioner Infautry,1,Army Pensioner Infautry,UNCHANGED,Infautry,Army Pensioner Infantry
Army Pensioner Infentry,1,Army Pensioner Infentry,UNCHANGED,Infentry,Army Pensioner Infantry
Army Pensioner Infostry,1,Army Pensioner Infostry,UNCHANGED,Infostry,Army Pensioner Infantry
Army Pensionier,1,Army Pensionier,UNCHANGED,Pensionier,Army Pensioner
Army Pensionor,1,Army Pensionor,UNCHANGED,Pensionor,Army Pensioner
Army Pensiorner,1,Army Pensiorner,UNCHANGED,Pensiorner,Army Pensioner
Army Pensonier,1,Army Pensonier,UNCHANGED,Pensonier,Army Pensioner
Army Pensonor,1,Army Pensonor,UNCHANGED,Pensonor,Army Pensioner
Army Penssioner,1,Army Penssioner,UNCHANGED,Penssioner,Army Pensioner
Army Penstioner,1,Army Penstioner,UNCHANGED,Penstioner,Army Pensioner
Army Pentioner,1,Army Pentioner,UNCHANGED,Pentioner,Army Pensioner
Arnmonger,1,Arnmonger,UNCHANGED,Arnmonger,Ironmonger
Arpinter,1,Arpinter,UNCHANGED,Arpinter,Carpenter
Asisant House Keeper,1,Asisant Housekeeper,COMPOUND_KEEPER,Asisant,Assistant Housekeeper
Asistant Grocer,1,Asistant Grocer,UNCHANGED,Asistant,Assistant Grocer
Assiant Shopkeeper,1,Assiant Shopkeeper,UNCHANGED,Assiant,Assistant Shopkeeper
Assint on Farm,1,Assint on Farm,UNCHANGED,Assint,Assist on Farm
Assintant Housekeeper,1,Assintant Housekeeper,UNCHANGED,Assintant,Assistant Housekeeper
Assisant Grocer,1,Assisant Grocer,UNCHANGED,Assisant,Assistant Grocer
Assisant Herd,1,Assisant Herd,UNCHANGED,Assisant,Assistant Herd
Assisant Housekeeper,1,Assisant Housekeeper,UNCHANGED,Assisant,Assistant Housekeeper
Assisant Shop Keeper,1,Assisant Shopkeeper,COMPOUND_KEEPER,Assisant,Assistant Shopkeeper
Assisst House Keeper,1,Assisst Housekeeper,COMPOUND_KEEPER,Assisst,Assist Housekeeper
Assistan Farmer,1,Assistan Farmer,UNCHANGED,Assistan,Assistant Farmer
Assistan Lock Keeper,1,Assistan Lock Keeper,UNCHANGED,Assistan,Assistant Lock Keeper
Assistan Shopkeeper,1,Assistan Shopkeeper,STANDARD,Assistan,Assistant Shopkeeper
Assistane House Keeper,1,Assistane Housekeeper,COMPOUND_KEEPER,Assistane,Assistant Housekeeper
Assistans Housekeeper,1,Assistans Housekeeper,UNCHANGED,Assistans,Assistant Housekeeper
Assistant Droper,1,Assistant Droper,UNCHANGED,Droper,Assistant Draper
Assistant Gardiner (Domestic Servt),1,Assistant Gardiner Domestic Servant,ABBREVIATION; NORMALIZATION,Gardiner,Assistant Gardener Domestic Servant
Assistant Grocier,1,Assistant Grocier,UNCHANGED,Grocier,Assistant Grocer
Assistant H.Keeper,1,Assistant H.Keeper,UNCHANGED,H.Keeper,Assistant Keeper
Assistant Housekeper,1,Assistant Housekeper,UNCHANGED,Housekeper,Assistant Housekeeper
Assistant Hsekeeper,1,Assistant Hsekeeper,UNCHANGED,Hsekeeper,Assistant Housekeeper
Assistant Landress,1,Assistant Landress,UNCHANGED,Landress,Assistant Laundress
Assistant Laundrers,1,Assistant Laundrers,UNCHANGED,Laundrers,Assistant Laundress
Assistant Posmistress,1,Assistant Posmistress,UNCHANGED,Posmistress,Assistant Postmistress
Assistant Postmestriss,1,Assistant Postmestriss,UNCHANGED,Postmestriss,Assistant Postmistress
Assistant Provison,1,Assistant Provison,UNCHANGED,Provison,Assistant Provision
Assistant Scool Teacher,1,Assistant Scool Teacher,UNCHANGED,Scool,Assistant School Teacher
Assistant Stationerer,1,Assistant Stationerer,UNCHANGED,Stationerer,Assistant Stationer
Assistat Surveyor,1,Assistat Surveyor,UNCHANGED,Assistat,Assistant Surveyor
Assistent Farmer,1,Assistent Farmer,UNCHANGED,Assistent,Assistant Farmer
Assistent Grocer,1,Assistent Grocer,UNCHANGED,Assistent,Assistant Grocer
Assistent House Keeper,1,Assistent Housekeeper,COMPOUND_KEEPER,Assistent,Assistant Housekeeper
Assistent Shopkeeper,1,Assistent Shopkeeper,UNCHANGED,Assistent,Assistant Shopkeeper
Assistin House Keeper,1,Assistin Housekeeper,COMPOUND_KEEPER,Assistin,Assisting Housekeeper
Assisting Housekeepe,1,Assisting Housekeepe,UNCHANGED,Housekeepe,Assisting Housekeeper
Assistint Housekeeper,1,Assistint Housekeeper,UNCHANGED,Assistint,Assistant Housekeeper
Assistnt Clerk of Works,1,Assistnt Clerk of Works,UNCHANGED,Assistnt,Assistant Clerk of Works
Assistnt House Keeper,1,Assistnt Housekeeper,COMPOUND_KEEPER,Assistnt,Assistant Housekeeper
Assistt House Keeper,1,Assistt Housekeeper,COMPOUND_KEEPER,Assistt,Assist Housekeeper
Assistt Housekeeper,1,Assistt Housekeeper,STANDARD,Assistt,Assist Housekeeper
Assisty on Farm,1,Assisty on Farm,UNCHANGED,Assisty,Assist on Farm
Assit House Keeper,1,Assit Housekeeper,COMPOUND_KEEPER,Assit,Asst Housekeeper
Assit Shopkeeper,1,Assit Shopkeeper,UNCHANGED,Assit,Asst Shopkeeper
Assitant Draper,1,Assitant Draper,UNCHANGED,Assitant,Assistant Draper
Assitant Housekeeper,1,Assitant Housekeeper,UNCHANGED,Assitant,Assistant Housekeeper
Assitt House Keeper,1,Assitt Housekeeper,COMPOUND_KEEPER,Assitt,Assist Housekeeper
Assittant School Teacher,1,Assittant School Teacher,UNCHANGED,Assittant,Assistant School Teacher
Asst. Housekeepr,1,Asst. Housekeepr,UNCHANGED,Housekeepr,Asst. Housekeeper
Asstant Farmer,1,Asstant Farmer,UNCHANGED,Asstant,Assistant Farmer
Asstant Grocer,1,Asstant Grocer,UNCHANGED,Asstant,Assistant Grocer
Asstant Housekeeper,1,Asstant Housekeeper,UNCHANGED,Asstant,Assistant Housekeeper
Asstant Shop Keeper,1,Asstant Shopkeeper,COMPOUND_KEEPER,Asstant,Assistant Shopkeeper
Asstmistress,1,Asstmistress,UNCHANGED,Asstmistress,Postmistress
Asstst Housekeeper,1,Asstst Housekeeper,UNCHANGED,Asstst,Assist Housekeeper
Asylam Attendant,1,Asylam Attendant,UNCHANGED,Asylam,Asylum Attendant
Asylum Atendant,1,Asylum Atendant,UNCHANGED,Atendant,Asylum Attendant
Asylum Attendaur,1,Asylum Attendaur,UNCHANGED,Attendaur,Asylum Attendant
At Chooll,1,At Chooll,UNCHANGED,Chooll,At School
At Saholor,1,At Saholor,UNCHANGED,Saholor,At Scholar
At Scholer,1,At Scholer,UNCHANGED,Scholer,At Scholar
At Schoo,1,At Schoo,UNCHANGED,Schoo,At School
At Schoollar,1,At Schoollar,UNCHANGED,Schoollar,At Scholar
At Scolar,1,At Scolar,UNCHANGED,Scolar,At Scholar
At Scoolar,1,At Scoolar,UNCHANGED,Scoolar,At Scholar
At Shcoolar,1,At Shcoolar,UNCHANGED,Shcoolar,At Scholar
Atdending School,1,Atdending School,UNCHANGED,Atdending,Attending School
Ateanding School,1,Ateanding School,UNCHANGED,Ateanding,Attending School
Atendding School,1,Atendding School,UNCHANGED,Atendding,Attending School
Atendig School,1,Atendig School,UNCHANGED,Atendig,Attending School
Atending Scholl,1,Atending Scholl,UNCHANGED,Atending; Scholl,Attending School
Atending School Scholar,1,Atending School Scholar,UNCHANGED,Atending,Attending School Scholar
Atending Schooll,1,Atending Schooll,UNCHANGED,Atending; Schooll,Attending School
Attemding School,1,Attemding School,UNCHANGED,Attemding,Attending School
Attendant Asyluem,1,Attendant Asyluem,UNCHANGED,Asyluem,Attendant Asylum
Attendant Asylumn,1,Attendant Asylumn,UNCHANGED,Asylumn,Attendant Asylum
Attendent Asylum,1,Attendent Asylum,UNCHANGED,Attendent,Attendant Asylum
Attendign School,1,Attendign School,UNCHANGED,Attendign,Attending School
Attendin Chool,1,Attendin Chool,UNCHANGED,Attendin; Chool,Attending School
Attendin Scholl,1,Attendin Scholl,UNCHANGED,Attendin; Scholl,Attending School
Attendind School,1,Attendind School,UNCHANGED,Attendind,Attending School
Attending Schoo,1,Attending Schoo,UNCHANGED,Schoo,Attending School
Attending Scoole,1,Attending Scoole,UNCHANGED,Scoole,Attending School
Attending Shchool,1,Attending Shchool,UNCHANGED,Shchool,Attending School
Attendings School,1,Attendings School,UNCHANGED,Attendings,Attending School
Attendings Scool,1,Attendings Scool,UNCHANGED,Attendings; Scool,Attending School
Attendnig School,1,Attendnig School,UNCHANGED,Attendnig,Attending School
Attenind School,1,Attenind School,UNCHANGED,Attenind,Attending School
Attenndig School,1,Attenndig School,UNCHANGED,Attenndig,Attending School
Attentting School,1,Attentting School,UNCHANGED,Attentting,Attending School
Attinding Scool,1,Attinding Scool,UNCHANGED,Attinding; Scool,Attending School
Auctioner and Shop Keeper,1,Auctioner and Shopkeeper,COMPOUND_KEEPER,Auctioner,Auctioneer and Shopkeeper
Avan Driver,1,Avan Driver,UNCHANGED,Avan,Van Driver
Aylum Attendant,1,Aylum Attendant,UNCHANGED,Aylum,Asylum Attendant
Backlayer,1,Backlayer,UNCHANGED,Backlayer,Bricklayer
Bacon Aurer,1,Bacon Aurer,UNCHANGED,Aurer,Bacon Curer
Bacon Courer,1,Bacon Courer,UNCHANGED,Courer,Bacon Curer
Bacon Cureer,1,Bacon Cureer,UNCHANGED,Cureer,Bacon Curer
Bacon Cureor,1,Bacon Cureor,UNCHANGED,Cureor,Bacon Curer
Bacon Curev,1,Bacon Curev,UNCHANGED,Curev,Bacon Curer
Bacon Curir,1,Bacon Curir,UNCHANGED,Curir,Bacon Curer
Bacon Currer,1,Bacon Currer,UNCHANGED,Currer,Bacon Curer
Baidewell Keeper,1,Baidewell Keeper,UNCHANGED,Baidewell,Bridewell Keeper
Bair Maid Unemployed,1,Bair Maid Unemployed,UNCHANGED,Bair,Bar Maid Unemployed
Bairmaide,1,Bairmaide,UNCHANGED,Bairmaide,Barmaid
Baker (Apperantice),1,Baker Apperantice,NORMALIZATION,Apperantice,Baker Apprentice
Baker Unimployed,1,Baker Unimployed,UNCHANGED,Unimployed,Baker Unemployed
Baker-Apprentce,1,Baker Apprentce,NORMALIZATION,Apprentce,Baker Apprentice
Balck Smith and Farmer,1,Balck Smith and Farmer,UNCHANGED,Balck,Black Smith and Farmer
Bank Cashiar,1,Bank Cashiar,UNCHANGED,Cashiar,Bank Cashier
Bank Offcial (Cashier),1,Bank Offcial Cashier,NORMALIZATION,Offcial,Bank Official Cashier
Bank Proter,1,Bank Proter,UNCHANGED,Proter,Bank Porter
Banke Clerk,1,Banke Clerk,UNCHANGED,Banke,Bank Clerk
Bankkeeper,1,Bankkeeper,UNCHANGED,Bankkeeper,Bookkeeper
Baots Hotel,1,Baots Hotel,UNCHANGED,Baots,Boots Hotel
Bar Atendant,1,Bar Atendant,UNCHANGED,Atendant,Bar Attendant
Bar Attendan,1,Bar Attendan,UNCHANGED,Attendan,Bar Attendant
Bar Attendent,1,Bar Attendent,UNCHANGED,Attendent,Bar Attendant
Barack Servant,1,Barack Servant,UNCHANGED,Barack,Barrack Servant
Barister at Law,1,Barister at Law,UNCHANGED,Barister,Barrister at Law
Barister at Law Practising,1,Barister at Law Practising,UNCHANGED,Barister,Barrister at Law Practising
Barister in Practice,1,Barister in Practice,UNCHANGED,Barister,Barrister in Practice
Barister Practising,1,Barister Practising,UNCHANGED,Barister,Barrister Practising
Barlour Maid,1,Barlour Maid,UNCHANGED,Barlour,Parlour Maid
Barnan,1,Barnan,UNCHANGED,Barnan,Barman
Barnister at Law,1,Barnister at Law,UNCHANGED,Barnister,Barrister at Law
Barnsaid,1,Barnsaid,UNCHANGED,Barnsaid,Barmaid
Barrester at Law,1,Barrester at Law,UNCHANGED,Barrester,Barrister at Law
Barrister - Practsing,1,Barrister Practsing,NORMALIZATION,Practsing,Barrister Practising
Barrister in Proctice,1,Barrister in Proctice,UNCHANGED,Proctice,Barrister in Practice
Barrister Not Practicing,1,Barrister Not Practicing,UNCHANGED,Practicing,Barrister Not Practising
Barrister Not practicing,1,Barrister Not practicing,UNCHANGED,practicing,Barrister Not Practising
Barrister Practesing,1,Barrister Practesing,UNCHANGED,Practesing,Barrister Practising
Barristor Not Practising,1,Barristor Not Practising,UNCHANGED,Barristor,Barrister Not Practising
Bashet Maker,1,Bashet Maker,UNCHANGED,Bashet,Basket Maker
Basket Maher,1,Basket Maher,UNCHANGED,Maher,Basket Maker
Baskett Maker,1,Baskett Maker,UNCHANGED,Baskett,Basket Maker
Baskit Maker,1,Baskit Maker,UNCHANGED,Baskit,Basket Maker
Bavrack Servant,1,Bavrack Servant,UNCHANGED,Bavrack,Barrack Servant
Beass Founder,1,Beass Founder,UNCHANGED,Beass,Brass Founder
Beatler Linen,1,Beatler Linen,UNCHANGED,Beatler,Beetler Linen
Becon Curer,1,Becon Curer,UNCHANGED,Becon,Bacon Curer
Beeteler Linen,1,Beeteler Linen,UNCHANGED,Beeteler,Beetler Linen
Beetlening Engine Man,1,Beetlening Engine Man,UNCHANGED,Beetlening,Beetling Engine Man
Beggar Woeman,1,Beggar Woeman,UNCHANGED,Woeman,Beggar Woman
Beitling Engine Man,1,Beitling Engine Man,UNCHANGED,Beitling,Beetling Engine Man
Belliard Marker,1,Belliard Marker,UNCHANGED,Belliard,Billiard Marker
Berman,1,Berman,UNCHANGED,Berman,Barman
Berrack Servant,1,Berrack Servant,UNCHANGED,Berrack,Barrack Servant
Betler (Linen),1,Betler Linen,NORMALIZATION,Betler,Butler Linen
Bewery Labouer,1,Bewery Labouer,UNCHANGED,Bewery; Labouer,Brewery Labourer
Bicuit Packer,1,Bicuit Packer,UNCHANGED,Bicuit,Biscuit Packer
Bilard Marker,1,Bilard Marker,UNCHANGED,Bilard,Billard Marker
Biliard Marker,1,Biliard Marker,UNCHANGED,Biliard,Billiard Marker
Billaird Marker,1,Billaird Marker,UNCHANGED,Billaird,Billiard Marker
Billeard Marker,1,Billeard Marker,UNCHANGED,Billeard,Billiard Marker
Bircklayer,1,Bircklayer,UNCHANGED,Bircklayer,Bricklayer
Biscutt-Packer,1,Biscutt Packer,NORMALIZATION,Biscutt,Biscuit Packer
Black Smith Apprentic,1,Black Smith Apprentic,UNCHANGED,Apprentic,Black Smith Apprentice
Black Smith Aprentice,1,Black Smith Aprentice,UNCHANGED,Aprentice,Black Smith Apprentice
Black Smytt,1,Black Smytt,UNCHANGED,Smytt,Black Smyth
Black Syth,1,Black Syth,UNCHANGED,Syth,Black Smyth
Blackmirh,1,Blackmirh,UNCHANGED,Blackmirh,Blacksmith
Blacksimth,1,Blacksimth,UNCHANGED,Blacksimth,Blacksmith
Blacksmih,1,Blacksmih,UNCHANGED,Blacksmih,Blacksmith
Blacksmish,1,Blacksmish,UNCHANGED,Blacksmish,Blacksmith
Blacksmit,1,Blacksmit,UNCHANGED,Blacksmit,Blacksmith
Blacksmith Appr,1,Blacksmith Appr,UNCHANGED,Appr,Blacksmith App
Blacksmith Apprentic,1,Blacksmith Apprentic,UNCHANGED,Apprentic,Blacksmith Apprentice
Blacksmith Aprentie,1,Blacksmith Aprentie,UNCHANGED,Aprentie,Blacksmith Apprentice
Blaters Helper,1,Blaters Helper,UNCHANGED,Blaters,Platers Helper
Bletcher Linen,1,Bletcher Linen,UNCHANGED,Bletcher,Bleacher Linen
Boader,1,Boader,UNCHANGED,Boader,Boarder
Boading House,1,Boading House,UNCHANGED,Boading,Boarding House
Boadman Coast Guard,1,Boadman Coast Guard,UNCHANGED,Boadman,Boatman Coast Guard
Boarding Houskeeper,1,Boarding Houskeeper,UNCHANGED,Houskeeper,Boarding Housekeeper
Boarting House Keeper,1,Boarting Housekeeper,COMPOUND_KEEPER,Boarting,Boarding Housekeeper
Boatman Coust Guard,1,Boatman Coust Guard,UNCHANGED,Coust,Boatman Coast Guard
Boddy Maker,1,Boddy Maker,UNCHANGED,Boddy,Body Maker
Bodginghouse Keeper,1,Bodginghouse Keeper,UNCHANGED,Bodginghouse,Lodginghouse Keeper
Boiler Macker,1,Boiler Macker,UNCHANGED,Macker,Boiler Maker
Boiles Maker,1,Boiles Maker,UNCHANGED,Boiles,Boiler Maker
Boilr Maker,1,Boilr Maker,UNCHANGED,Boilr,Boiler Maker
Boker Apprentice,1,Boker Apprentice,UNCHANGED,Boker,Baker Apprentice
Boock Binder,1,Boock Binder,UNCHANGED,Boock,Book Binder
Book F?lder,1,Book F?lder,UNCHANGED,F?lder,Book folder
Book Keeper-Drapeny,1,Bookkeeper Drapeny,COMPOUND_KEEPER; NORMALIZATION,Drapeny,Bookkeeper Drapery
Book Servey,1,Book Servey,UNCHANGED,Servey,Book Server
Book Tolder,1,Book Tolder,UNCHANGED,Tolder,Book Folder
Booke Binder,1,Booke Binder,UNCHANGED,Booke,Book Binder
Boolmaker,1,Boolmaker,UNCHANGED,Boolmaker,Bootmaker
Boot and Shoe Maher,1,Boot and Shoe Maher,UNCHANGED,Maher,Boot and Shoe Maker
Boot and Shoe Mertchant,1,Boot and Shoe Mertchant,UNCHANGED,Mertchant,Boot and Shoe Merchant
Boot and Shomarker,1,Boot and Shomarker,UNCHANGED,Shomarker,Boot and Shoemaker
Boot and Shooe Maker,1,Boot and Shooe Maker,UNCHANGED,Shooe,Boot and Shoe Maker
Boot and Shoomaker,1,Boot and Shoomaker,UNCHANGED,Shoomaker,Boot and Shoemaker
Boot and Shoosmaker,1,Boot and Shoosmaker,UNCHANGED,Shoosmaker,Boot and Shoemaker
Boot and Shuemaker,1,Boot and Shuemaker,UNCHANGED,Shuemaker,Boot and Shoemaker
Boot Clocer,1,Boot Clocer,UNCHANGED,Clocer,Boot Closer
Boot Cloiser,1,Boot Cloiser,UNCHANGED,Cloiser,Boot Closer
Boot Closher,1,Boot Closher,UNCHANGED,Closher,Boot Closer
Boot Machineist,1,Boot Machineist,UNCHANGED,Machineist,Boot Machinist
Boot Machinistt,1,Boot Machinistt,UNCHANGED,Machinistt,Boot Machinist
Boot Machnest,1,Boot Machnest,UNCHANGED,Machnest,Boot Machinist
Boot Maker Aprentice,1,Boot Maker Aprentice,UNCHANGED,Aprentice,Boot Maker Apprentice
Boot Mashinist,1,Boot Mashinist,UNCHANGED,Mashinist,Boot Machinist
Boot Mehinist,1,Boot Mehinist,UNCHANGED,Mehinist,Boot Machinist
Boot Saleswom,1,Boot Saleswom,UNCHANGED,Saleswom,Boot Saleswoman
Boot-Machinest,1,Boot Machinest,NORMALIZATION,Machinest,Boot Machinist
Boote and Shoe Maker,1,Boote and Shoe Maker,UNCHANGED,Boote,Boot and Shoe Maker
Boote Shoe Maker,1,Boote Shoe Maker,UNCHANGED,Boote,Boot Shoe Maker
Bootemaker,1,Bootemaker,UNCHANGED,Bootemaker,Bootmaker
Bootmarker,1,Bootmarker,UNCHANGED,Bootmarker,Bootmaker
Bordging House Keeper,1,Bordging Housekeeper,COMPOUND_KEEPER,Bordging,Lodging Housekeeper
Bormaid,1,Bormaid,UNCHANGED,Bormaid,Barmaid
Borman,1,Borman,UNCHANGED,Borman,Barman
Botmaker,1,Botmaker,UNCHANGED,Botmaker,Bootmaker
Bottle Macker,1,Bottle Macker,UNCHANGED,Macker,Bottle Maker
Botton Winder,1,Botton Winder,UNCHANGED,Botton,Cotton Winder
Box Tolder,1,Box Tolder,UNCHANGED,Tolder,Box Folder
Bracklayess Labourer Unemployed,1,Bracklayess Labourer Unemployed,UNCHANGED,Bracklayess,Bricklayers Labourer Unemployed
Braklayers Labourer,1,Braklayers Labourer,UNCHANGED,Braklayers,Bricklayers Labourer
Braper's Apprentice,1,Braper's Apprentice,UNCHANGED,Braper's,Draper's Apprentice
Brass Finisheer,1,Brass Finisheer,UNCHANGED,Finisheer,Brass Finisher
Brass Finnesher,1,Brass Finnesher,UNCHANGED,Finnesher,Brass Finisher
Brass Fisnisher,1,Brass Fisnisher,UNCHANGED,Fisnisher,Brass Finisher
Brass Frounder,1,Brass Frounder,UNCHANGED,Frounder,Brass Founder
Brass Maulder,1,Brass Maulder,UNCHANGED,Maulder,Brass Moulder
Brass Moudler,1,Brass Moudler,UNCHANGED,Moudler,Brass Moulder
Brass-Fownder,1,Brass Fownder,NORMALIZATION,Fownder,Brass Founder
Brassmaker,1,Brassmaker,UNCHANGED,Brassmaker,Dressmaker
Brawery Labour,1,Brawery Labour,UNCHANGED,Brawery,Brewery Labour
Brawery Labourer,1,Brawery Labourer,UNCHANGED,Brawery,Brewery Labourer
Brcklayers Labourer,1,Brcklayers Labourer,UNCHANGED,Brcklayers,Bricklayers Labourer
Brdiscuit Packer,1,Brdiscuit Packer,UNCHANGED,Brdiscuit,Biscuit Packer
Bread Seever,1,Bread Seever,UNCHANGED,Seever,Bread Server
Bread Serner,1,Bread Serner,UNCHANGED,Serner,Bread Server
Bread Servar,1,Bread Servar,UNCHANGED,Servar,Bread Server
Bread Servel,1,Bread Servel,UNCHANGED,Servel,Bread Server
Bread Serven,1,Bread Serven,UNCHANGED,Serven,Bread Server
Bread Servor,1,Bread Servor,UNCHANGED,Servor,Bread Server
Brecklayer,1,Brecklayer,UNCHANGED,Brecklayer,Bricklayer
Breeklayer,1,Breeklayer,UNCHANGED,Breeklayer,Bricklayer
Brend Van Driver,1,Brend Van Driver,UNCHANGED,Brend,Bread Van Driver
Bresklayers Labourer,1,Bresklayers Labourer,UNCHANGED,Bresklayers,Bricklayers Labourer
Brevery Laborer,1,Brevery Labourer,AMERICAN_SPELLING,Brevery,Brewery Labourer
Brevery Labour,1,Brevery Labour,UNCHANGED,Brevery,Brewery Labour
Brewary Labour,1,Brewary Labour,UNCHANGED,Brewary,Brewery Labour
Brewere Labourer,1,Brewere Labourer,UNCHANGED,Brewere,Brewery Labourer
Brewery Laboour,1,Brewery Laboour,UNCHANGED,Laboour,Brewery Labour
Brewery Labouror,1,Brewery Labouror,UNCHANGED,Labouror,Brewery Labourer
Brewerys Labour,1,Brewerys Labour,UNCHANGED,Brewerys,Brewery Labour
Brewry Labouryer,1,Brewry Labouryer,UNCHANGED,Brewry; Labouryer,Brewery Labourer
Briad Server,1,Briad Server,UNCHANGED,Briad,Bread Server
Brichlager,1,Brichlager,UNCHANGED,Brichlager,Bricklayer
Brichlayers Labourer,1,Brichlayers Labourer,UNCHANGED,Brichlayers,Bricklayers Labourer
Brichlyer,1,Brichlyer,UNCHANGED,Brichlyer,Bricklayer
Brick Burnor,1,Brick Burnor,UNCHANGED,Burnor,Brick Burner
Brick Lawer Labourer,1,Brick Lawer Labourer,UNCHANGED,Lawer,Brick Layer Labourer
Brick Layer Labouer,1,Brick Layer Labouer,UNCHANGED,Labouer,Brick Layer Labourer
Brick Layers Labourser,1,Brick Layers Labourser,UNCHANGED,Labourser,Brick Layers Labourer
Brick Layors Laborer,1,Brick Layors Labourer,AMERICAN_SPELLING,Layors,Brick Layers Labourer
Brick Layr Labourer,1,Brick Layr Labourer,UNCHANGED,Layr,Brick Layer Labourer
Brick Yard Laboure,1,Brick Yard Laboure,UNCHANGED,Laboure,Brick Yard Labourer
Brickayer Labourer,1,Brickayer Labourer,UNCHANGED,Brickayer,Bricklayer Labourer
Brickl Layers Labourer,1,Brickl Layers Labourer,UNCHANGED,Brickl,Brick Layers Labourer
Bricklaers Labourer,1,Bricklaers Labourer,UNCHANGED,Bricklaers,Bricklayers Labourer
Bricklalyer,1,Bricklalyer,UNCHANGED,Bricklalyer,Bricklayer
Bricklare,1,Bricklare,UNCHANGED,Bricklare,Bricklayer
Bricklaver,1,Bricklaver,UNCHANGED,Bricklaver,Bricklayer
Bricklayer Laboure,1,Bricklayer Laboure,UNCHANGED,Laboure,Bricklayer Labourer
Bricklayer Unemplyed,1,Bricklayer Unemplyed,UNCHANGED,Unemplyed,Bricklayer Unemployed
Bricklayers Labouer,1,Bricklayers Labouer,UNCHANGED,Labouer,Bricklayers Labourer
Bricklayers Laboure,1,Bricklayers Laboure,UNCHANGED,Laboure,Bricklayers Labourer
Bricklayers Labourler,1,Bricklayers Labourler,UNCHANGED,Labourler,Bricklayers Labourer
Bricklayers Labourr,1,Bricklayers Labourr,UNCHANGED,Labourr,Bricklayers Labourer
Bricklayers Labror,1,Bricklayers Labror,UNCHANGED,Labror,Bricklayers Labour
Bricklayers Labur,1,Bricklayers Labur,UNCHANGED,Labur,Bricklayers Labour
Bricklayers Laburor,1,Bricklayers Laburor,UNCHANGED,Laburor,Bricklayers Labourer
Bricklayes,1,Bricklayes,UNCHANGED,Bricklayes,Bricklayer
Bricklayes Laboure,1,Bricklayes Laboure,UNCHANGED,Bricklayes; Laboure,Bricklayer Labourer
Bricklayrs Labourer,1,Bricklayrs Labourer,UNCHANGED,Bricklayrs,Bricklayers Labourer
Bricklear,1,Bricklear,UNCHANGED,Bricklear,Bricklayer
Bricklers Laborer,1,Bricklers Labourer,AMERICAN_SPELLING,Bricklers,Bricklayers Labourer
Bricklers Labourer,1,Bricklers Labourer,STANDARD,Bricklers,Bricklayers Labourer
Brickleyr,1,Brickleyr,UNCHANGED,Brickleyr,Bricklayer
Briclayer,1,Briclayer,UNCHANGED,Briclayer,Bricklayer
Briclayer Unemployed,1,Briclayer Unemployed,UNCHANGED,Briclayer,Bricklayer Unemployed
Briler Maker,1,Briler Maker,UNCHANGED,Briler,Boiler Maker
Briotlayer,1,Briotlayer,UNCHANGED,Briotlayer,Bricklayer
Brishmaker,1,Brishmaker,UNCHANGED,Brishmaker,Brushmaker
Browery Labourer,1,Browery Labourer,UNCHANGED,Browery,Brewery Labourer
Brtcher,1,Brtcher,UNCHANGED,Brtcher,Butcher
Brush Drower,1,Brush Drower,UNCHANGED,Drower,Brush Drawer
Bruticher,1,Bruticher,UNCHANGED,Bruticher,Butcher
Brwrey Labour,1,Brwrey Labour,UNCHANGED,Brwrey,Brewery Labour
Bucher Assistant,1,Bucher Assistant,UNCHANGED,Bucher,Butcher Assistant
Bucther,1,Bucther,UNCHANGED,Bucther,Butcher
Builde Contractor,1,Builde Contractor,UNCHANGED,Builde,Builder Contractor
Builder's Leabourer,1,Builder's Leabourer,UNCHANGED,Leabourer,Builder's Labourer
Builder's Lobourer,1,Builder's Lobourer,UNCHANGED,Lobourer,Builder's Labourer
Bulcher,1,Bulcher,UNCHANGED,Bulcher,Butcher
Bullard Marker,1,Bullard Marker,UNCHANGED,Bullard,Billard Marker
Bummono Server,1,Bummono Server,UNCHANGED,Bummono,Summons Server
Burcher,1,Burcher,UNCHANGED,Burcher,Butcher
Burtcher,1,Burtcher,UNCHANGED,Burtcher,Butcher
Busler,1,Busler,UNCHANGED,Busler,Butler
Bussiness Girl,1,Bussiness Girl,UNCHANGED,Bussiness,Business Girl
Butcer,1,Butcer,UNCHANGED,Butcer,Butcher
Butcheon Assistant,1,Butcheon Assistant,UNCHANGED,Butcheon,Butcher Assistant
Butelor,1,Butelor,UNCHANGED,Butelor,Butler
Buthcer's Servant,1,Buthcer's Servant,UNCHANGED,Buthcer's,Butcher's Servant
Butlar Domestic Servant,1,Butlar Domestic Servant,UNCHANGED,Butlar,Butler Domestic Servant
Butler Domestic Servat,1,Butler Domestic Servat,UNCHANGED,Servat,Butler Domestic Servant
Butler Dometic Servant,1,Butler Dometic Servant,UNCHANGED,Dometic,Butler Domestic Servant
Butler Domt Servant,1,Butler Domt Servant,UNCHANGED,Domt,Butler Dom Servant
Butler-Retird,1,Butler Retird,NORMALIZATION,Retird,Butler Retired
Butlerl-Domestic Servant,1,Butlerl Domestic Servant,NORMALIZATION,Butlerl,Butler Domestic Servant
Butller - Domestic Servant,1,Butller Domestic Servant,NORMALIZATION,Butller,Butler Domestic Servant
Buton Holer,1,Buton Holer,UNCHANGED,Buton,Button Holer
Butter Buyar,1,Butter Buyar,UNCHANGED,Buyar,Butter Buyer
Butticher,1,Butticher,UNCHANGED,Butticher,Butcher
Buttlar,1,Buttlar,UNCHANGED,Buttlar,Butler
Button Hole Machenist,1,Button Hole Machenist,UNCHANGED,Machenist,Button Hole Machinist
Button Hole Machinic,1,Button Hole Machinic,UNCHANGED,Machinic,Button Hole Machinist
Button Hole Machinst,1,Button Hole Machinst,UNCHANGED,Machinst,Button Hole Machinist
Buttonhole Machinst,1,Buttonhole Machinst,UNCHANGED,Machinst,Buttonhole Machinist
Buyler,1,Buyler,UNCHANGED,Buyler,Butler
C Veaver,1,C Veaver,UNCHANGED,Veaver,C Weaver
C.P.S. Pensioner,1,C.P.S. Pensioner,UNCHANGED,C.P.S,G.P.O. Pensioner
Cab Prepritor,1,Cab Prepritor,UNCHANGED,Prepritor,Cab Proprietor
Cab Proporietor,1,Cab Proporietor,UNCHANGED,Proporietor,Cab Proprietor
Cab Propriator,1,Cab Propriator,UNCHANGED,Propriator,Cab Proprietor
Cab Proprieter,1,Cab Proprieter,UNCHANGED,Proprieter,Cab Proprietor
Cab Propriter,1,Cab Propriter,UNCHANGED,Propriter,Cab Proprietor
Cabentmaker,1,Cabentmaker,UNCHANGED,Cabentmaker,Cabinetmaker
Cabientmaker,1,Cabientmaker,UNCHANGED,Cabientmaker,Cabinetmaker
Cabinetmacker,1,Cabinetmacker,UNCHANGED,Cabinetmacker,Cabinetmaker
Cabinetmaster,1,Cabinetmaster,UNCHANGED,Cabinetmaster,Cabinetmaker
Cabintmaker,1,Cabintmaker,UNCHANGED,Cabintmaker,Cabinetmaker
Cabouer,1,Cabouer,UNCHANGED,Cabouer,Labourer
Cabric Weaver,1,Cabric Weaver,UNCHANGED,Cabric,Cambric Weaver
Cach Painter,1,Cach Painter,UNCHANGED,Cach,Coach Painter
Cachman Dom Servant,1,Cachman Dom Servant,UNCHANGED,Cachman,Coachman Dom Servant
Cachman Domestic,1,Cachman Domestic,UNCHANGED,Cachman,Coachman Domestic
Cachman Domestic Servt,1,Cachman Domestic Servant,ABBREVIATION,Cachman,Coachman Domestic Servant
Callar Turner Out,1,Callar Turner Out,UNCHANGED,Callar,Collar Turner Out
Camberic Warper,1,Camberic Warper,UNCHANGED,Camberic,Cambric Warper
Cambick Weaver,1,Cambick Weaver,UNCHANGED,Cambick,Cambrick Weaver
Cambric Weavr,1,Cambric Weavr,UNCHANGED,Weavr,Cambric Weaver
Cambric Wever,1,Cambric Wever,UNCHANGED,Wever,Cambric Weaver
Cambrica Weaver,1,Cambrica Weaver,UNCHANGED,Cambrica,Cambric Weaver
Cambrich Weaver,1,Cambrich Weaver,UNCHANGED,Cambrich,Cambric Weaver
Campenter,1,Campenter,UNCHANGED,Campenter,Carpenter
Campric Weaver,1,Campric Weaver,UNCHANGED,Campric,Cambric Weaver
Camrck Weaver,1,Camrck Weaver,UNCHANGED,Camrck,Cambrick Weaver
Camric Weaver,1,Camric Weaver,UNCHANGED,Camric,Cambric Weaver
Canbrio Weaver,1,Canbrio Weaver,UNCHANGED,Canbrio,Cambric Weaver
Candress,1,Candress,UNCHANGED,Candress,Laundress
Canetaker,1,Canetaker,UNCHANGED,Canetaker,Caretaker
Canstable R.I.C.,1,Canstable R.I.C.,UNCHANGED,Canstable,Constable R.I.C.
Cantein Steward,1,Cantein Steward,UNCHANGED,Cantein,Canteen Steward
Caol Porter,1,Caol Porter,UNCHANGED,Caol,Coal Porter
Capenter's Apprentice,1,Capenter's Apprentice,UNCHANGED,Capenter's,Carpenter's Apprentice
Capentery,1,Capentery,UNCHANGED,Capentery,Carpenter
Cappenter,1,Cappenter,UNCHANGED,Cappenter,Carpenter
Caprente,1,Caprente,UNCHANGED,Caprente,Carpenter
Captenter,1,Captenter,UNCHANGED,Captenter,Carpenter
Captenter on Strike,1,Captenter on Strike,UNCHANGED,Captenter,Carpenter on Strike
Car Driever,1,Car Driever,UNCHANGED,Driever,Car Driver
Car Drivern Domestic Servant,1,Car Drivern Domestic Servant,UNCHANGED,Drivern,Car Driver Domestic Servant
Car Owenor,1,Car Owenor,UNCHANGED,Owenor,Car Owner
Car Ownaer,1,Car Ownaer,UNCHANGED,Ownaer,Car Owner
Car Ownor,1,Car Ownor,UNCHANGED,Ownor,Car Owner
Car-Driver Laboerer,1,Car Driver Laboerer,NORMALIZATION,Laboerer,Car Driver Labourer
Carataker,1,Carataker,UNCHANGED,Carataker,Caretaker
Carbentor,1,Carbentor,UNCHANGED,Carbentor,Carpenter
Carclaker,1,Carclaker,UNCHANGED,Carclaker,Caretaker
Cardener-Domestic Servant,1,Cardener Domestic Servant,NORMALIZATION,Cardener,Gardener Domestic Servant
Carder - Wooll,1,Carder Wooll,NORMALIZATION,Wooll,Carder Wool
Cardever,1,Cardever,UNCHANGED,Cardever,Gardener
Carekter,1,Carekter,UNCHANGED,Carekter,Carpenter
Carepenter,1,Carepenter,UNCHANGED,Carepenter,Carpenter
Caretater Domestic Servant,1,Caretater Domestic Servant,UNCHANGED,Caretater,Caretaker Domestic Servant
Carethaker,1,Carethaker,UNCHANGED,Carethaker,Caretaker
Caretoker,1,Caretoker,UNCHANGED,Caretoker,Caretaker
Carewoman,1,Carewoman,UNCHANGED,Carewoman,Charwoman
Carker Unemployed,1,Carker Unemployed,UNCHANGED,Carker,Carter Unemployed
Carlpenter,1,Carlpenter,UNCHANGED,Carlpenter,Carpenter
Carmaid,1,Carmaid,UNCHANGED,Carmaid,Barmaid
Carness Maker,1,Carness Maker,UNCHANGED,Carness,Harness Maker
Carpaenter,1,Carpaenter,UNCHANGED,Carpaenter,Carpenter
Carpander,1,Carpander,UNCHANGED,Carpander,Carpenter
Carpantar,1,Carpantar,UNCHANGED,Carpantar,Carpenter
Carpanter House,1,Carpanter House,UNCHANGED,Carpanter,Carpenter House
Carpanter Master,1,Carpanter Master,UNCHANGED,Carpanter,Carpenter Master
Carpantor,1,Carpantor,UNCHANGED,Carpantor,Carpenter
Carparenter,1,Carparenter,UNCHANGED,Carparenter,Carpenter
Carpcenter,1,Carpcenter,UNCHANGED,Carpcenter,Carpenter
Carpeenter,1,Carpeenter,UNCHANGED,Carpeenter,Carpenter
Carpenar Unemployed,1,Carpenar Unemployed,UNCHANGED,Carpenar,Carpenter Unemployed
Carpender (Master),1,Carpender Master,NORMALIZATION,Carpender,Carpenter Master
Carpender on Strike,1,Carpender on Strike,UNCHANGED,Carpender,Carpenter on Strike
Carpendter,1,Carpendter,UNCHANGED,Carpendter,Carpenter
Carpener Apprentice,1,Carpener Apprentice,UNCHANGED,Carpener,Carpenter Apprentice
Carpentair Journeyman,1,Carpentair Journeyman,UNCHANGED,Carpentair,Carpenter Journeyman
Carpentar Apprentice,1,Carpentar Apprentice,UNCHANGED,Carpentar,Carpenter Apprentice
Carpentar's Apprentice,1,Carpentar's Apprentice,UNCHANGED,Carpentar's,Carpenter's Apprentice
Carpentar-Master,1,Carpentar Master,NORMALIZATION,Carpentar,Carpenter Master
Carpentder's Son,1,Carpentder's Son,UNCHANGED,Carpentder's,Carpenter's Son
Carpente's Apprentice,1,Carpente's Apprentice,UNCHANGED,Carpente's,Carpenter's Apprentice
Carpentear,1,Carpentear,UNCHANGED,Carpentear,Carpenter
Carpented,1,Carpented,UNCHANGED,Carpented,Carpenter
Carpenter (Appr),1,Carpenter Appr,NORMALIZATION,Appr,Carpenter App
Carpenter Appr,1,Carpenter Appr,STANDARD,Appr,Carpenter App
Carpenter Apprentic,1,Carpenter Apprentic,UNCHANGED,Apprentic,Carpenter Apprentice
Carpenter Aprentic,1,Carpenter Aprentic,UNCHANGED,Aprentic,Carpenter Apprentice
Carpenter Enployed,1,Carpenter Enployed,UNCHANGED,Enployed,Carpenter Employed
Carpenter Houe,1,Carpenter Houe,UNCHANGED,Houe,Carpenter House
Carpenter On Strke,1,Carpenter On Strke,UNCHANGED,Strke,Carpenter On Strike
Carpenter Out of Empoyment,1,Carpenter Out of Empoyment,UNCHANGED,Empoyment,Carpenter Out of Employment
Carpenter Unemployee,1,Carpenter Unemployee,UNCHANGED,Unemployee,Carpenter Unemployed
Carpenter Unemployer,1,Carpenter Unemployer,UNCHANGED,Unemployer,Carpenter Unemployed
Carpenter Unemplyd,1,Carpenter Unemplyd,UNCHANGED,Unemplyd,Carpenter Unemployed
Carpenter Unemplyed,1,Carpenter Unemplyed,UNCHANGED,Unemplyed,Carpenter Unemployed
Carpenter Unimployed,1,Carpenter Unimployed,UNCHANGED,Unimployed,Carpenter Unemployed
Carpenter's Apperentice,1,Carpenter's Apperentice,UNCHANGED,Apperentice,Carpenter's Apprentice
Carpenter's Apprentic,1,Carpenter's Apprentic,UNCHANGED,Apprentic,Carpenter's Apprentice
Carpenter's Appretince,1,Carpenter's Appretince,UNCHANGED,Appretince,Carpenter's Apprentice
Carpentere,1,Carpentere,UNCHANGED,Carpentere,Carpenter
Carpentern,1,Carpentern,UNCHANGED,Carpentern,Carpenter
Carpentery,1,Carpentery,UNCHANGED,Carpentery,Carpenter
Carpentier,1,Carpentier,UNCHANGED,Carpentier,Carpenter
Carpentiner and Shop Keeper,1,Carpentiner and Shopkeeper,COMPOUND_KEEPER,Carpentiner,Carpenter and Shopkeeper
Carpentir,1,Carpentir,UNCHANGED,Carpentir,Carpenter
Carpentir Master,1,Carpentir Master,UNCHANGED,Carpentir,Carpenter Master
Carpentor Master,1,Carpentor Master,UNCHANGED,Carpentor,Carpenter Master
Carpentor Unempoyed,1,Carpentor Unempoyed,UNCHANGED,Carpentor; Unempoyed,Carpenter Unemployed
Carpentter,1,Carpentter,UNCHANGED,Carpentter,Carpenter
Carperinter,1,Carperinter,UNCHANGED,Carperinter,Carpenter
Carpernter House,1,Carpernter House,UNCHANGED,Carpernter,Carpenter House
Carpernter Master,1,Carpernter Master,UNCHANGED,Carpernter,Carpenter Master
Carperter,1,Carperter,UNCHANGED,Carperter,Carpenter
Carpet Weavery,1,Carpet Weavery,UNCHANGED,Weavery,Carpet Weaver
Carpetener,1,Carpetener,UNCHANGED,Carpetener,Carpenter
Carpeter Unemployed,1,Carpeter Unemployed,UNCHANGED,Carpeter,Carpenter Unemployed
Carpeter's Mother,1,Carpeter's Mother,UNCHANGED,Carpeter's,Carpenter's Mother
Carphenter,1,Carphenter,UNCHANGED,Carphenter,Carpenter
Carpinenter,1,Carpinenter,UNCHANGED,Carpinenter,Carpenter
Carpinter Apprantice,1,Carpinter Apprantice,UNCHANGED,Carpinter; Apprantice,Carpenter Apprentice
Carpinter Apprentice,1,Carpinter Apprentice,UNCHANGED,Carpinter,Carpenter Apprentice
Carpinter Employed,1,Carpinter Employed,UNCHANGED,Carpinter,Carpenter Employed
Carpinter on Strike,1,Carpinter on Strike,UNCHANGED,Carpinter,Carpenter on Strike
Carpinter Unemployed,1,Carpinter Unemployed,UNCHANGED,Carpinter,Carpenter Unemployed
Carpinter Uneployed,1,Carpinter Uneployed,UNCHANGED,Carpinter; Uneployed,Carpenter Unemployed
Carpirter Unemployed,1,Carpirter Unemployed,UNCHANGED,Carpirter,Carpenter Unemployed
Carpnter Apprentice,1,Carpnter Apprentice,UNCHANGED,Carpnter,Carpenter Apprentice
Carponenter-Apprentice,1,Carponenter Apprentice,NORMALIZATION,Carponenter,Carpenter Apprentice
Carponenter-General,1,Carponenter General,NORMALIZATION,Carponenter,Carpenter General
Carponenter-Master,1,Carponenter Master,NORMALIZATION,Carponenter,Carpenter Master
Carporation Labouer,1,Carporation Labouer,UNCHANGED,Carporation; Labouer,Corporation Labourer
Carportation Labourer,1,Carportation Labourer,UNCHANGED,Carportation,Corporation Labourer
Carprinter,1,Carprinter,UNCHANGED,Carprinter,Carpenter
Carprnter,1,Carprnter,UNCHANGED,Carprnter,Carpenter
Carpt Layer,1,Carpt Layer,UNCHANGED,Carpt,Carpet Layer
Carptenter Unemployed,1,Carptenter Unemployed,UNCHANGED,Carptenter,Carpenter Unemployed
Carptinter on Strike,1,Carptinter on Strike,UNCHANGED,Carptinter,Carpenter on Strike
Carptner Apprentice,1,Carptner Apprentice,UNCHANGED,Carptner,Carpenter Apprentice
Carpwenter,1,Carpwenter,UNCHANGED,Carpwenter,Carpenter
Carpwenter Master,1,Carpwenter Master,UNCHANGED,Carpwenter,Carpenter Master
Carriage Builer,1,Carriage Builer,UNCHANGED,Builer,Carriage Builder
Cartar Labourer,1,Cartar Labourer,UNCHANGED,Cartar,Carter Labourer
Carter Labourar,1,Carter Labourar,UNCHANGED,Labourar,Carter Labourer
Cartetaker,1,Cartetaker,UNCHANGED,Cartetaker,Caretaker
Cartle Dealer,1,Cartle Dealer,UNCHANGED,Cartle,Cattle Dealer
Cartpanter,1,Cartpanter,UNCHANGED,Cartpanter,Carpenter
Cartpentar,1,Cartpentar,UNCHANGED,Cartpentar,Carpenter
Cartpeter,1,Cartpeter,UNCHANGED,Cartpeter,Carpenter
Cashier and Bookeeper,1,Cashier and Bookeeper,UNCHANGED,Bookeeper,Cashier and Bookkeeper
Cashier Drafery,1,Cashier Drafery,UNCHANGED,Drafery,Cashier Drapery
Cassle Dealer,1,Cassle Dealer,UNCHANGED,Cassle,Castle Dealer
Catle Drover,1,Catle Drover,UNCHANGED,Catle,Cattle Drover
Catte Dealer,1,Catte Dealer,UNCHANGED,Catte,Cattle Dealer
Cattele Dealer,1,Cattele Dealer,UNCHANGED,Cattele,Cattle Dealer
Cattell Dealer,1,Cattell Dealer,UNCHANGED,Cattell,Cattle Dealer
Cattle Dealar,1,Cattle Dealar,UNCHANGED,Dealar,Cattle Dealer
Cattle Deale,1,Cattle Deale,UNCHANGED,Deale,Cattle Dealer
Cattle Dealear,1,Cattle Dealear,UNCHANGED,Dealear,Cattle Dealer
Cattle Dealeor,1,Cattle Dealeor,UNCHANGED,Dealeor,Cattle Dealer
Cattle Dealor,1,Cattle Dealor,UNCHANGED,Dealor,Cattle Dealer
Cattle Deayler,1,Cattle Deayler,UNCHANGED,Deayler,Cattle Dealer
Cattle Deeler,1,Cattle Deeler,UNCHANGED,Deeler,Cattle Dealer
Cattle Delaer,1,Cattle Delaer,UNCHANGED,Delaer,Cattle Dealer
Cattle Deuler,1,Cattle Deuler,UNCHANGED,Deuler,Cattle Dealer
Cattle Droover,1,Cattle Droover,UNCHANGED,Droover,Cattle Drover
Cattle-Tobber,1,Cattle Tobber,NORMALIZATION,Tobber,Cattle Jobber
Cattlee Dealer,1,Cattlee Dealer,UNCHANGED,Cattlee,Cattle Dealer
Cattles Dealer,1,Cattles Dealer,UNCHANGED,Cattles,Cattle Dealer
Cattlle Drover,1,Cattlle Drover,UNCHANGED,Cattlle,Cattle Drover
Cattlo Jobber,1,Cattlo Jobber,UNCHANGED,Cattlo,Cattle Jobber
Catton Winder,1,Catton Winder,UNCHANGED,Catton,Cotton Winder
Caundress,1,Caundress,UNCHANGED,Caundress,Laundress
Cerpenter,1,Cerpenter,UNCHANGED,Cerpenter,Carpenter
Chaorwoman,1,Chaorwoman,UNCHANGED,Chaorwoman,Charwoman
Char Wonmen,1,Char Wonmen,UNCHANGED,Wonmen,Char Women
Char Wowen,1,Char Wowen,UNCHANGED,Wowen,Char Women
Chargwoman,1,Chargwoman,UNCHANGED,Chargwoman,Charwoman
Charmaid,1,Charmaid,UNCHANGED,Charmaid,Barmaid
Charpender,1,Charpender,UNCHANGED,Charpender,Carpenter
Chartwoman,1,Chartwoman,UNCHANGED,Chartwoman,Charwoman
Charwoam,1,Charwoam,UNCHANGED,Charwoam,Charwoman
Charwoan,1,Charwoan,UNCHANGED,Charwoan,Charwoman
Charwomand,1,Charwomand,UNCHANGED,Charwomand,Charwoman
Charwomans,1,Charwomans,UNCHANGED,Charwomans,Charwoman
Charwomn,1,Charwomn,UNCHANGED,Charwomn,Charwoman
Charwomon,1,Charwomon,UNCHANGED,Charwomon,Charwoman
Chawrwoman,1,Chawrwoman,UNCHANGED,Chawrwoman,Charwoman
Cheak Clerk,1,Cheak Clerk,UNCHANGED,Cheak,Check Clerk
Chemiste's Assistant,1,Chemiste's Assistant,UNCHANGED,Chemiste's,Chemist's Assistant
Chif Domestic Servant,1,Chif Domestic Servant,UNCHANGED,Chif,Chief Domestic Servant
Child of Doemstic Servt,1,Child of Doemstic Servant,ABBREVIATION,Doemstic,Child of Domestic Servant
Childern Maid-Domestic Servant,1,Childern Maid Domestic Servant,NORMALIZATION,Childern,Children Maid Domestic Servant
Childern's Maid Domestic Servant,1,Childern's Maid Domestic Servant,UNCHANGED,Childern's,Children's Maid Domestic Servant
Childerns Maid Domestic Servant,1,Childerns Maid Domestic Servant,UNCHANGED,Childerns,Children Maid Domestic Servant
Childn's Maid-Domestic Servt,1,Childn's Maid Domestic Servant,ABBREVIATION; NORMALIZATION,Childn's,Child's Maid Domestic Servant
Children's Nurse Domestic Servat,1,Children's Nurse Domestic Servat,UNCHANGED,Servat,Children's Nurse Domestic Servant
Childrens Maid (Dometic Servant),1,Childrens Maid Dometic Servant,NORMALIZATION,Childrens; Dometic,Children Maid Domestic Servant
Chimist Asst,1,Chimist Asst,UNCHANGED,Chimist,Chemist Asst
Chimist Porter,1,Chimist Porter,UNCHANGED,Chimist,Chemist Porter
Chimne Cleaner,1,Chimne Cleaner,UNCHANGED,Chimne,Chimney Cleaner
Chimney Cleanor,1,Chimney Cleanor,UNCHANGED,Cleanor,Chimney Cleaner
Chimney Clener,1,Chimney Clener,UNCHANGED,Clener,Chimney Cleaner
Chimny Cleaner,1,Chimny Cleaner,UNCHANGED,Chimny,Chimney Cleaner
Chinney Cleaner,1,Chinney Cleaner,UNCHANGED,Chinney,Chimney Cleaner
Chire Woman,1,Chire Woman,UNCHANGED,Chire,Chare Woman
Choach Builder,1,Choach Builder,UNCHANGED,Choach,Coach Builder
Choach Man Domestic,1,Choach Man Domestic,UNCHANGED,Choach,Coach Man Domestic
Choach Man Domestic Servant,1,Choach Man Domestic Servant,UNCHANGED,Choach,Coach Man Domestic Servant
Choalar,1,Choalar,UNCHANGED,Choalar,Scholar
Choarwoman,1,Choarwoman,UNCHANGED,Choarwoman,Charwoman
cholar,1,cholar,UNCHANGED,cholar,Scholar
Chor - Woman,1,Chor Woman,NORMALIZATION,Chor,Char Woman
Chor-Woman,1,Chor Woman,NORMALIZATION,Chor,Char Woman
Chorlar,1,Chorlar,UNCHANGED,Chorlar,Scholar
Chouchman,1,Chouchman,UNCHANGED,Chouchman,Coachman
Chourwoman,1,Chourwoman,UNCHANGED,Chourwoman,Charwoman
Chrarwoman,1,Chrarwoman,UNCHANGED,Chrarwoman,Charwoman
Cicarett Maker,1,Cicarett Maker,UNCHANGED,Cicarett,Cigarette Maker
Cicgaretts Maker,1,Cicgaretts Maker,UNCHANGED,Cicgaretts,Cigarette Maker
Cigarate Maker,1,Cigarate Maker,UNCHANGED,Cigarate,Cigarette Maker
Cigarete Maker,1,Cigarete Maker,UNCHANGED,Cigarete,Cigarette Maker
Cigarettee Maker,1,Cigarettee Maker,UNCHANGED,Cigarettee,Cigarette Maker
Cigaritte Maker,1,Cigaritte Maker,UNCHANGED,Cigaritte,Cigarette Maker
Cigarrete Maker,1,Cigarrete Maker,UNCHANGED,Cigarrete,Cigarette Maker
Cigarrette-Maker,1,Cigarrette Maker,NORMALIZATION,Cigarrette,Cigarette Maker
Cigeratte Maker,1,Cigeratte Maker,UNCHANGED,Cigeratte,Cigarette Maker
Cigerette Maker,1,Cigerette Maker,UNCHANGED,Cigerette,Cigarette Maker
Ciggarete Maker,1,Ciggarete Maker,UNCHANGED,Ciggarete,Cigarette Maker
Ciggerette Maker,1,Ciggerette Maker,UNCHANGED,Ciggerette,Cigarette Maker
Ciggrette Maker,1,Ciggrette Maker,UNCHANGED,Ciggrette,Cigarette Maker
Cinsmith,1,Cinsmith,UNCHANGED,Cinsmith,Tinsmith
City Councle Labourer,1,City Councle Labourer,UNCHANGED,Councle,City Council Labourer
Cival Bill Officer,1,Cival Bill Officer,UNCHANGED,Cival,Civil Bill Officer
Civel Bill Officer,1,Civel Bill Officer,UNCHANGED,Civel,Civil Bill Officer
Civiel Engineer,1,Civiel Engineer,UNCHANGED,Civiel,Civil Engineer
Civil Enginier,1,Civil Enginier,UNCHANGED,Enginier,Civil Engineer
Civil Engneer,1,Civil Engneer,UNCHANGED,Engneer,Civil Engineer
Civil Servant (Superanuated),1,Civil Servant Superanuated,NORMALIZATION,Superanuated,Civil Servant Superannuated
Clacksmith,1,Clacksmith,UNCHANGED,Clacksmith,Blacksmith
Clark Commerical,1,Clark Commerical,UNCHANGED,Commerical,Clark Commercial
Clater,1,Clater,UNCHANGED,Clater,Slater
Clathes Dealer,1,Clathes Dealer,UNCHANGED,Clathes,Clothes Dealer
Cleak,1,Cleak,UNCHANGED,Cleak,Clerk
Cleark (Solicitors),1,Cleark Solicitors,NORMALIZATION,Cleark,Clerk Solicitors
Cleark in Co Council Office,1,Cleark in Co Council Office,UNCHANGED,Cleark,Clerk in Co Council Office
Cleark Law,1,Cleark Law,UNCHANGED,Cleark,Clerk Law
Cleark Linen Mill,1,Cleark Linen Mill,UNCHANGED,Cleark,Clerk Linen Mill
Cleark Office,1,Cleark Office,UNCHANGED,Cleark,Clerk Office
Cleark Shipping,1,Cleark Shipping,UNCHANGED,Cleark,Clerk Shipping
Cleark Warehouse,1,Cleark Warehouse,UNCHANGED,Cleark,Clerk Warehouse
Clek,1,Clek,UNCHANGED,Clek,Clerk
Clener in Mill,1,Clener in Mill,UNCHANGED,Clener,Cleaner in Mill
Cleok,1,Cleok,UNCHANGED,Cleok,Clerk
Cleork,1,Cleork,UNCHANGED,Cleork,Clerk
Clerak,1,Clerak,UNCHANGED,Clerak,Clerk
Clerak in Holy Orders Rector,1,Clerak in Holy Orders Rector,UNCHANGED,Clerak,Clerk in Holy Orders Rector
Clerck Wine Merchant,1,Clerck Wine Merchant,UNCHANGED,Clerck,Clerk Wine Merchant
Clergman Church of Ireland,1,Clergman Church of Ireland,UNCHANGED,Clergman,Clergyman Church of Ireland
Clergman Presbyterian,1,Clergman Presbyterian,UNCHANGED,Clergman,Clergyman Presbyterian
Clergman R C Curate,1,Clergman R C Curate,UNCHANGED,Clergman,Clergyman R C Curate
Clergyman Church of Irland,1,Clergyman Church of Irland,UNCHANGED,Irland,Clergyman Church of Ireland
Clergyman Parish Prist,1,Clergyman Parish Prist,UNCHANGED,Prist,Clergyman Parish Priest
Clergyman Presbytarian,1,Clergyman Presbytarian,UNCHANGED,Presbytarian,Clergyman Presbyterian
Clerk (Auctioner),1,Clerk Auctioner,NORMALIZATION,Auctioner,Clerk Auctioneer
Clerk (Brewary),1,Clerk Brewary,NORMALIZATION,Brewary,Clerk Brewery
Clerk (Drakers),1,Clerk Drakers,NORMALIZATION,Drakers,Clerk Drapers
Clerk (Fishmongers),1,Clerk Fishmongers,NORMALIZATION,Fishmongers,Clerk Fishmonger
Clerk (Hardwars),1,Clerk Hardwars,NORMALIZATION,Hardwars,Clerk Hardware
Clerk (Linen Bussiness),1,Clerk Linen Bussiness,NORMALIZATION,Bussiness,Clerk Linen Business
Clerk (Shepping Office),1,Clerk Shepping Office,NORMALIZATION,Shepping,Clerk Shipping Office
Clerk (Shepping),1,Clerk Shepping,NORMALIZATION,Shepping,Clerk Shipping
Clerk (Shiping),1,Clerk Shiping,NORMALIZATION,Shiping,Clerk Shipping
Clerk (Shippard),1,Clerk Shippard,NORMALIZATION,Shippard,Clerk Shipyard
Clerk (Shippiry),1,Clerk Shippiry,NORMALIZATION,Shippiry,Clerk Shipping
Clerk (Tember Trade),1,Clerk Tember Trade,NORMALIZATION,Tember,Clerk Timber Trade
Clerk (Writting),1,Clerk Writting,NORMALIZATION,Writting,Clerk Writing
Clerk - Linen Warhouse,1,Clerk Linen Warhouse,NORMALIZATION,Warhouse,Clerk Linen Warehouse
Clerk Arctioneer,1,Clerk Arctioneer,UNCHANGED,Arctioneer,Clerk Auctioneer
Clerk Co Councell,1,Clerk Co Councell,UNCHANGED,Councell,Clerk Co Council
Clerk Commerceal,1,Clerk Commerceal,UNCHANGED,Commerceal,Clerk Commercial
Clerk Commercil,1,Clerk Commercil,UNCHANGED,Commercil,Clerk Commercial
Clerk Commericial,1,Clerk Commericial,UNCHANGED,Commericial,Clerk Commercial
Clerk Comml,1,Clerk Comml,UNCHANGED,Comml,Clerk Coml
Clerk Conl,1,Clerk Conl,UNCHANGED,Conl,Clerk Coal
Clerk Drapey,1,Clerk Drapey,UNCHANGED,Drapey,Clerk Draper
Clerk Drapr's,1,Clerk Drapr's,UNCHANGED,Drapr's,Clerk Draper's
Clerk G.N.R,1,Clerk G.N.R,UNCHANGED,G.N.R,Clerk G.P.O
Clerk Grocary,1,Clerk Grocary,UNCHANGED,Grocary,Clerk Grocery
Clerk in Creamary,1,Clerk in Creamary,UNCHANGED,Creamary,Clerk in Creamery
Clerk in Holy Arders,1,Clerk in Holy Arders,UNCHANGED,Arders,Clerk in Holy Orders
Clerk in Holy Orders Chruch of Ireland,1,Clerk in Holy Orders Chruch of Ireland,UNCHANGED,Chruch,Clerk in Holy Orders Church of Ireland
Clerk in Holy Orders Churuch of Ireland,1,Clerk in Holy Orders Churuch of Ireland,UNCHANGED,Churuch,Clerk in Holy Orders Church of Ireland
Clerk Insurances,1,Clerk Insurances,UNCHANGED,Insurances,Clerk Insurance
Clerk Insurence Office,1,Clerk Insurence Office,UNCHANGED,Insurence,Clerk Insurance Office
Clerk Mechantile,1,Clerk Mechantile,UNCHANGED,Mechantile,Clerk Mercantile
Clerk Mercantill,1,Clerk Mercantill,UNCHANGED,Mercantill,Clerk Mercantile
Clerk Mercants,1,Clerk Mercants,UNCHANGED,Mercants,Clerk Merchants
Clerk Merchantile,1,Clerk Merchantile,UNCHANGED,Merchantile,Clerk Mercantile
Clerk Out of Emploment,1,Clerk Out of Emploment,UNCHANGED,Emploment,Clerk Out of Employment
Clerk Soliciters,1,Clerk Soliciters,UNCHANGED,Soliciters,Clerk Solicitors
Clerk Spiret Store,1,Clerk Spiret Store,UNCHANGED,Spiret,Clerk Spirit Store
Clerk Tember Trade,1,Clerk Tember Trade,STANDARD,Tember,Clerk Timber Trade
Clerk Timbr Trade,1,Clerk Timbr Trade,UNCHANGED,Timbr,Clerk Timber Trade
Clerk Unemploye,1,Clerk Unemploye,UNCHANGED,Unemploye,Clerk Unemployed
Clerk Unemployerd,1,Clerk Unemployerd,UNCHANGED,Unemployerd,Clerk Unemployed
Clerk Unemployered,1,Clerk Unemployered,UNCHANGED,Unemployered,Clerk Unemployed
Clerk Unimployed,1,Clerk Unimployed,UNCHANGED,Unimployed,Clerk Unemployed
Clerk Writting,1,Clerk Writting,STANDARD,Writting,Clerk Writing
Clerke Co Council,1,Clerke Co Council,UNCHANGED,Clerke,Clerk Co Council
Clerke in Bakery,1,Clerke in Bakery,UNCHANGED,Clerke,Clerk in Bakery
Clerke in Linen Factory,1,Clerke in Linen Factory,UNCHANGED,Clerke,Clerk in Linen Factory
Clerke Shipping,1,Clerke Shipping,UNCHANGED,Clerke,Clerk Shipping
Clerkmaker,1,Clerkmaker,UNCHANGED,Clerkmaker,Clockmaker
Clerky,1,Clerky,UNCHANGED,Clerky,Clerk
Clern in Hoby Orders,1,Clern in Hoby Orders,UNCHANGED,Clern; Hoby,Clerk in Holy Orders
Cllerke,1,Cllerke,UNCHANGED,Cllerke,Clerk
Cloath Passer,1,Cloath Passer,UNCHANGED,Cloath,Cloth Passer
Clockmacker,1,Clockmacker,UNCHANGED,Clockmacker,Clockmaker
Cloth Basser,1,Cloth Basser,UNCHANGED,Basser,Cloth Passer
Cloth Prsser,1,Cloth Prsser,UNCHANGED,Prsser,Cloth Passer
Clothers Dealer,1,Clothers Dealer,UNCHANGED,Clothers,Clothes Dealer
Clothis Dealer,1,Clothis Dealer,UNCHANGED,Clothis,Clothes Dealer
Cloughman-Domestic Servant,1,Cloughman Domestic Servant,NORMALIZATION,Cloughman,Ploughman Domestic Servant
Clouth Passer,1,Clouth Passer,UNCHANGED,Clouth,Cloth Passer
Coach Boady Maker,1,Coach Boady Maker,UNCHANGED,Boady,Coach Body Maker
Coach Body Maker (Umemployed),1,Coach Body Maker Umemployed,NORMALIZATION,Umemployed,Coach Body Maker Unemployed
Coach Buildir,1,Coach Buildir,UNCHANGED,Buildir,Coach Builder
Coach Buildr,1,Coach Buildr,UNCHANGED,Buildr,Coach Builder
Coach Maker Apprentic,1,Coach Maker Apprentic,UNCHANGED,Apprentic,Coach Maker Apprentice
Coach Man and Domestick Servant,1,Coach Man and Domestick Servant,UNCHANGED,Domestick,Coach Man and Domestic Servant
Coach Man Domestc Servnt,1,Coach Man Domestc Servnt,UNCHANGED,Domestc; Servnt,Coach Man Domestic Servant
Coach Man Domestic Sevt,1,Coach Man Domestic Sevt,UNCHANGED,Sevt,Coach Man Domestic Sert
Coach Parnter,1,Coach Parnter,UNCHANGED,Parnter,Coach Painter
Coach Pinter,1,Coach Pinter,UNCHANGED,Pinter,Coach Painter
Coach-Man Domestic Srvant,1,Coach Man Domestic Srvant,NORMALIZATION,Srvant,Coach Man Domestic Servant
Coach:Man Domestic,1,Coach:Man Domestic,UNCHANGED,Coach:Man,Coachman Domestic
Coache Painter,1,Coache Painter,UNCHANGED,Coache,Coach Painter
Coacheman Unemployed,1,Coacheman Unemployed,UNCHANGED,Coacheman,Coachman Unemployed
Coachmaid D. Servant,1,Coachmaid D. Servant,UNCHANGED,Coachmaid,Coachman D. Servant
Coachmaid Servant Domestic,1,Coachmaid Domestic Servant,WORD_ORDER,Coachmaid,Coachman Domestic Servant
Coachman and Domestic Servent,1,Coachman and Domestic Servent,UNCHANGED,Servent,Coachman and Domestic Servant
Coachman D.Servant,1,Coachman D.Servant,UNCHANGED,D.Servant,Coachman Servant
Coachman Doemstic Servant,1,Coachman Doemstic Servant,UNCHANGED,Doemstic,Coachman Domestic Servant
Coachman Domc. Servant,1,Coachman Domc. Servant,UNCHANGED,Domc,Coachman Dom. Servant
Coachman Domesic Servant,1,Coachman Domesic Servant,UNCHANGED,Domesic,Coachman Domestic Servant
Coachman Domestc Servant,1,Coachman Domestc Servant,STANDARD,Domestc,Coachman Domestic Servant
Coachman Domestic Seravnt,1,Coachman Domestic Seravnt,UNCHANGED,Seravnt,Coachman Domestic Servant
Coachman Domestic Servan,1,Coachman Domestic Servan,UNCHANGED,Servan,Coachman Domestic Servant
Coachman Domestic Servent,1,Coachman Domestic Servent,UNCHANGED,Servent,Coachman Domestic Servant
Coachman Domestic Srt,1,Coachman Domestic Srt,UNCHANGED,Srt,Coachman Domestic St
Coachman Domestick,1,Coachman Domestick,UNCHANGED,Domestick,Coachman Domestic
Coachman Domestsic Servant,1,Coachman Domestsic Servant,UNCHANGED,Domestsic,Coachman Domestic Servant
Coachman Domstc Servt,1,Coachman Domstc Servant,ABBREVIATION,Domstc,Coachman Domestic Servant
Coachman Domstic,1,Coachman Domstic,UNCHANGED,Domstic,Coachman Domestic
Coachman Domstic Servant,1,Coachman Domstic Servant,STANDARD,Domstic,Coachman Domestic Servant
Coachman Domstic Servt,1,Coachman Domstic Servant,ABBREVIATION,Domstic,Coachman Domestic Servant
Coachman Domt Servant,1,Coachman Domt Servant,UNCHANGED,Domt,Coachman Dom Servant
Coachman Unemployd,1,Coachman Unemployd,UNCHANGED,Unemployd,Coachman Unemployed
"Coachman, Domistic Servant",1,"Coachman, Domistic Servant",UNCHANGED,Domistic,"Coachman, Domestic Servant"
Coachman-Domastic Servant,1,Coachman Domastic Servant,NORMALIZATION,Domastic,Coachman Domestic Servant
Coachman-Domc Servt,1,Coachman Domc Servant,ABBREVIATION; NORMALIZATION,Domc,Coachman Dom Servant
Coachman-Domestc Servt,1,Coachman Domestc Servant,ABBREVIATION; NORMALIZATION,Domestc,Coachman Domestic Servant
Coachman-Domestic Svt,1,Coachman Domestic Svt,NORMALIZATION,Svt,Coachman Domestic St
Coachmans,1,Coachmans,UNCHANGED,Coachmans,Coachman
Coachmans Domestic (Servant),1,Coachmans Domestic Servant,NORMALIZATION,Coachmans,Coachman Domestic Servant
Coachmman,1,Coachmman,UNCHANGED,Coachmman,Coachman
Coahman,1,Coahman,UNCHANGED,Coahman,Coachman
Coahman Domestic Servant,1,Coahman Domestic Servant,UNCHANGED,Coahman,Coachman Domestic Servant
Coal Carier,1,Coal Carier,UNCHANGED,Carier,Coal Carter
Coal Minner,1,Coal Minner,UNCHANGED,Minner,Coal Miner
Coal Portes,1,Coal Portes,UNCHANGED,Portes,Coal Porter
Coal Proter,1,Coal Proter,UNCHANGED,Proter,Coal Porter
Coalhman Domestic Servant,1,Coalhman Domestic Servant,UNCHANGED,Coalhman,Coachman Domestic Servant
Coast Gurd,1,Coast Gurd,UNCHANGED,Gurd,Coast Guard
Coaste - Guard Pensioner,1,Coaste Guard Pensioner,NORMALIZATION,Coaste,Coast Guard Pensioner
Coatch-Man Domestic Servant,1,Coatch Man Domestic Servant,NORMALIZATION,Coatch,Coach Man Domestic Servant
Coatchman Domestic,1,Coatchman Domestic,UNCHANGED,Coatchman,Coachman Domestic
Coatchman Domestic Servant,1,Coatchman Domestic Servant,STANDARD,Coatchman,Coachman Domestic Servant
Coatchman-Domestic Servant,1,Coatchman Domestic Servant,NORMALIZATION,Coatchman,Coachman Domestic Servant
Cocahman Domestic Servant,1,Cocahman Domestic Servant,UNCHANGED,Cocahman,Coachman Domestic Servant
Cochman Servt,1,Cochman Servant,ABBREVIATION,Cochman,Coachman Servant
Cochman-Domestic Ser,1,Cochman Domestic Ser,NORMALIZATION,Cochman,Coachman Domestic Ser
Cok Domestic Servant,1,Cok Domestic Servant,STANDARD,Cok,Cook Domestic Servant
Cok-Domestic Servt,1,Cok Domestic Servant,ABBREVIATION; NORMALIZATION,Cok,Cook Domestic Servant
Colar Cutter,1,Colar Cutter,UNCHANGED,Colar,Collar Cutter
Colar Maker,1,Colar Maker,UNCHANGED,Colar,Collar Maker
Collar Stampes,1,Collar Stampes,UNCHANGED,Stampes,Collar Stamper
Coller Maker,1,Coller Maker,UNCHANGED,Coller,Collar Maker
Collor Cutter,1,Collor Cutter,STANDARD,Collor,Collar Cutter
Collor Stamper,1,Collor Stamper,UNCHANGED,Collor,Collar Stamper
Collor-Cutter,1,Collor Cutter,NORMALIZATION,Collor,Collar Cutter
Com Traveler,1,Com Traveler,UNCHANGED,Traveler,Com Traveller
Com Travellar,1,Com Travellar,UNCHANGED,Travellar,Com Traveller
Com Traveller Dropery,1,Com Traveller Dropery,UNCHANGED,Dropery,Com Traveller Drapery
Com Travelller,1,Com Travelller,UNCHANGED,Travelller,Com Traveller
Com Travellor,1,Com Travellor,UNCHANGED,Travellor,Com Traveller
Combrick Weaver,1,Combrick Weaver,UNCHANGED,Combrick,Cambrick Weaver
Comercail Traveller,1,Comercail Traveller,UNCHANGED,Comercail,Commercial Traveller
Comercal Clerk,1,Comercal Clerk,UNCHANGED,Comercal,Commercial Clerk
Comercial Clerk (Accountant),1,Comercial Clerk Accountant,NORMALIZATION,Comercial,Commercial Clerk Accountant
Comercial Clerk (Grocery),1,Comercial Clerk Grocery,NORMALIZATION,Comercial,Commercial Clerk Grocery
Comercial Traveler (Tea),1,Comercial Traveler Tea,NORMALIZATION,Comercial; Traveler,Commercial Traveller Tea
Comercial Traveler Drapery,1,Comercial Traveler Drapery,UNCHANGED,Comercial; Traveler,Commercial Traveller Drapery
Comercial Traveller (Printing),1,Comercial Traveller Printing,NORMALIZATION,Comercial,Commercial Traveller Printing
Comercial Travellor,1,Comercial Travellor,UNCHANGED,Comercial; Travellor,Commercial Traveller
Comercial Travellr,1,Comercial Travellr,UNCHANGED,Comercial; Travellr,Commercial Traveller
Comercial Travllar,1,Comercial Travllar,UNCHANGED,Comercial; Travllar,Commercial Traveller
Commcial Clerk,1,Commcial Clerk,UNCHANGED,Commcial,Commercial Clerk
Commercal Clerk,1,Commercal Clerk,UNCHANGED,Commercal,Commercial Clerk
Commercal Traveller,1,Commercal Traveller,UNCHANGED,Commercal,Commercial Traveller
Commercial Cerk Wine and Spirite,1,Commercial Cerk Wine and Spirite,UNCHANGED,Cerk; Spirite,Commercial Clerk Wine and Spirit
Commercial Cler,1,Commercial Cler,UNCHANGED,Cler,Commercial Clerk
Commercial Clerk Brewary,1,Commercial Clerk Brewary,UNCHANGED,Brewary,Commercial Clerk Brewery
Commercial Clerk Brewerey,1,Commercial Clerk Brewerey,UNCHANGED,Brewerey,Commercial Clerk Brewery
Commercial Clerk Flax Spinnnig,1,Commercial Clerk Flax Spinnnig,UNCHANGED,Spinnnig,Commercial Clerk Flax Spinning
Commercial Clerk Lenen,1,Commercial Clerk Lenen,UNCHANGED,Lenen,Commercial Clerk Linen
Commercial Feaveller,1,Commercial Feaveller,UNCHANGED,Feaveller,Commercial Traveller
Commercial Taaveller,1,Commercial Taaveller,UNCHANGED,Taaveller,Commercial Traveller
Commercial Taveller,1,Commercial Taveller,UNCHANGED,Taveller,Commercial Traveller
Commercial Travaller Drapery,1,Commercial Travaller Drapery,UNCHANGED,Travaller,Commercial Traveller Drapery
Commercial Travallor,1,Commercial Travallor,UNCHANGED,Travallor,Commercial Traveller
Commercial Traveler Drapery,1,Commercial Traveler Drapery,UNCHANGED,Traveler,Commercial Traveller Drapery
Commercial Traveler Wine and Spirit Trade,1,Commercial Traveler Wine and Spirit Trade,UNCHANGED,Traveler,Commercial Traveller Wine and Spirit Trade
Commercial Travellar Flour,1,Commercial Travellar Flour,UNCHANGED,Travellar,Commercial Traveller Flour
Commercial Traveller (Drapary),1,Commercial Traveller Drapary,NORMALIZATION,Drapary,Commercial Traveller Drapery
Commercial Traveller (Dropery),1,Commercial Traveller Dropery,NORMALIZATION,Dropery,Commercial Traveller Drapery
Commercial Traveller (Wollens),1,Commercial Traveller Wollens,NORMALIZATION,Wollens,Commercial Traveller Woollens
Commercial Traveller (Woolens),1,Commercial Traveller Woolens,NORMALIZATION,Woolens,Commercial Traveller Woollens
Commercial Traveller Brewary,1,Commercial Traveller Brewary,UNCHANGED,Brewary,Commercial Traveller Brewery
Commercial Traveller Drapary,1,Commercial Traveller Drapary,STANDARD,Drapary,Commercial Traveller Drapery
Commercial Traveller Draprey,1,Commercial Traveller Draprey,UNCHANGED,Draprey,Commercial Traveller Drapery
Commercial Traveller Floar,1,Commercial Traveller Floar,UNCHANGED,Floar,Commercial Traveller Flour
Commercial Traveller Winn,1,Commercial Traveller Winn,UNCHANGED,Winn,Commercial Traveller Wine
Commercial Travelor,1,Commercial Travelor,UNCHANGED,Travelor,Commercial Traveller
Commercial Treveller,1,Commercial Treveller,UNCHANGED,Treveller,Commercial Traveller
Commerciel Traveller,1,Commerciel Traveller,UNCHANGED,Commerciel,Commercial Traveller
Commerial Clerk Printing,1,Commerial Clerk Printing,UNCHANGED,Commerial,Commercial Clerk Printing
Commerical Accountant,1,Commerical Accountant,UNCHANGED,Commerical,Commercial Accountant
Commerical Clerk Brewery,1,Commerical Clerk Brewery,UNCHANGED,Commerical,Commercial Clerk Brewery
Commerical Clerk Grocer,1,Commerical Clerk Grocer,UNCHANGED,Commerical,Commercial Clerk Grocer
Commerical Clerk Grocery,1,Commerical Clerk Grocery,UNCHANGED,Commerical,Commercial Clerk Grocery
Commerical Clerk Ironmongery,1,Commerical Clerk Ironmongery,UNCHANGED,Commerical,Commercial Clerk Ironmongery
Commerical Clerk Timber,1,Commerical Clerk Timber,UNCHANGED,Commerical,Commercial Clerk Timber
Commerical Travellor,1,Commerical Travellor,UNCHANGED,Commerical; Travellor,Commercial Traveller
Commericel Clerk,1,Commericel Clerk,UNCHANGED,Commericel,Commercial Clerk
Commericial Traveller Tobacco,1,Commericial Traveller Tobacco,UNCHANGED,Commericial,Commercial Traveller Tobacco
Commersial Traveller,1,Commersial Traveller,UNCHANGED,Commersial,Commercial Traveller
Compasitory Printer,1,Compasitory Printer,UNCHANGED,Compasitory,Compositor Printer
Composetor-Unemployed,1,Composetor Unemployed,NORMALIZATION,Composetor,Compositor Unemployed
Compostor (Printe),1,Compostor Printe,NORMALIZATION,Compostor; Printe,Compositor Printer
Confectiner Assistant,1,Confectiner Assistant,UNCHANGED,Confectiner,Confectioner Assistant
Confectonars Assintant,1,Confectonars Assintant,UNCHANGED,Confectonars; Assintant,Confectioners Assistant
Confictioners Assistant,1,Confictioners Assistant,UNCHANGED,Confictioners,Confectioners Assistant
Conslable R.I.C,1,Conslable R.I.C,UNCHANGED,Conslable,Constable R.I.C
Const R I Consabulary,1,Const R I Consabulary,UNCHANGED,Consabulary,Const R I Constabulary
Const R I Constabalary,1,Const R I Constabalary,UNCHANGED,Constabalary,Const R I Constabulary
Const R I Constabulay,1,Const R I Constabulay,UNCHANGED,Constabulay,Const R I Constabulary
Const R.P.L,1,Const R.P.L,UNCHANGED,R.P.L,Const R.I.C
Constabel R.I.C.,1,Constabel R.I.C.,UNCHANGED,Constabel,Constable R.I.C.
Constable D.M.C,1,Constable D.M.C,UNCHANGED,D.M.C,Constable R.I.C
Constable R. I. Constabulory,1,Constable R. I. Constabulory,UNCHANGED,Constabulory,Constable R. I. Constabulary
Constable R.J.C,1,Constable R.J.C,UNCHANGED,R.J.C,Constable R.I.C
Constable R:I:C,1,Constable R:I:C,UNCHANGED,R:I:C,Constable R.I.C
Constable Royal Irish Constsbulary,1,Constable Royal Irish Constsbulary,UNCHANGED,Constsbulary,Constable Royal Irish Constabulary
Constable Royal Irish Constubalary,1,Constable Royal Irish Constubalary,UNCHANGED,Constubalary,Constable Royal Irish Constabulary
Constabler R. I. Constabulary,1,Constabler R. I. Constabulary,UNCHANGED,Constabler,Constable R. I. Constabulary
Constabley Royal Irish Constabulery,1,Constabley Royal Irish Constabulery,UNCHANGED,Constabley; Constabulery,Constable Royal Irish Constabulary
Consteble R.I.C.,1,Consteble R.I.C.,UNCHANGED,Consteble,Constable R.I.C.
Coochman,1,Coochman,UNCHANGED,Coochman,Coachman
Coochman - D Servant,1,Coochman D Servant,NORMALIZATION,Coochman,Coachman D Servant
Coochman Domestic Servant,1,Coochman Domestic Servant,STANDARD,Coochman,Coachman Domestic Servant
Coochman-Domestic Servant,1,Coochman Domestic Servant,NORMALIZATION,Coochman,Coachman Domestic Servant
Coock - Domestic,1,Coock Domestic,NORMALIZATION,Coock,Cook Domestic
Cook (Domc Servt),1,Cook Domc Servant,ABBREVIATION; NORMALIZATION,Domc,Cook Dom Servant
Cook - Domestic Servatn,1,Cook Domestic Servatn,NORMALIZATION,Servatn,Cook Domestic Servant
Cook - Domestic Svt,1,Cook Domestic Svt,NORMALIZATION,Svt,Cook Domestic St
Cook D. Serveant,1,Cook D. Serveant,UNCHANGED,Serveant,Cook D. Servant
Cook Deomestic Ser,1,Cook Deomestic Ser,UNCHANGED,Deomestic,Cook Domestic Ser
Cook Doemstic Servant,1,Cook Doemstic Servant,UNCHANGED,Doemstic,Cook Domestic Servant
Cook Dom Sev,1,Cook Dom Sev,UNCHANGED,Sev,Cook Dom Ser
Cook Dom Sevt,1,Cook Dom Sevt,STANDARD,Sevt,Cook Dom Sert
Cook Domc Servant,1,Cook Domc Servant,STANDARD,Domc,Cook Dom Servant
Cook Domc Servt,1,Cook Domc Servant,ABBREVIATION,Domc,Cook Dom Servant
Cook Domestack Servant,1,Cook Domestack Servant,UNCHANGED,Domestack,Cook Domestic Servant
Cook Domestck Servant,1,Cook Domestck Servant,UNCHANGED,Domestck,Cook Domestic Servant
Cook Domesti Servan,1,Cook Domesti Servan,UNCHANGED,Domesti; Servan,Cook Domestic Servant
Cook Domestic Serant,1,Cook Domestic Serant,UNCHANGED,Serant,Cook Domestic Servant
Cook Domestic Serrnt,1,Cook Domestic Serrnt,UNCHANGED,Serrnt,Cook Domestic Servant
Cook Domestic Serva,1,Cook Domestic Serva,UNCHANGED,Serva,Cook Domestic Serv
Cook Domestic Servant Unemployes,1,Cook Domestic Servant Unemployes,UNCHANGED,Unemployes,Cook Domestic Servant Unemployed
Cook Domestic Servn,1,Cook Domestic Servn,UNCHANGED,Servn,Cook Domestic Serv
Cook Domestic Sev,1,Cook Domestic Sev,UNCHANGED,Sev,Cook Domestic Ser
Cook Domestic Sevant,1,Cook Domestic Sevant,STANDARD,Sevant,Cook Domestic Servant
Cook Domestic Sevnt,1,Cook Domestic Sevnt,UNCHANGED,Sevnt,Cook Domestic Sent
Cook Domestick,1,Cook Domestick,UNCHANGED,Domestick,Cook Domestic
Cook Domestick S,1,Cook Domestick S,UNCHANGED,Domestick,Cook Domestic S
Cook Domestick Servt,1,Cook Domestick Servant,ABBREVIATION,Domestick,Cook Domestic Servant
Cook Domestis Servant,1,Cook Domestis Servant,UNCHANGED,Domestis,Cook Domestic Servant
Cook Dometic,1,Cook Dometic,UNCHANGED,Dometic,Cook Domestic
Cook Dometic Servant,1,Cook Dometic Servant,STANDARD,Dometic,Cook Domestic Servant
Cook Domistic,1,Cook Domistic,UNCHANGED,Domistic,Cook Domestic
Cook Domstc Servt,1,Cook Domstc Servant,ABBREVIATION,Domstc,Cook Domestic Servant
Cook Domstc Servt Unemployed,1,Cook Domstc Servant Unemployed,ABBREVIATION,Domstc,Cook Domestic Servant Unemployed
Cook Domstic Servant,1,Cook Domstic Servant,UNCHANGED,Domstic,Cook Domestic Servant
Cook Domt Servant,1,Cook Domt Servant,STANDARD,Domt,Cook Dom Servant
Cook in Restaurent,1,Cook in Restaurent,UNCHANGED,Restaurent,Cook in Restaurant
Cook Unimployed,1,Cook Unimployed,UNCHANGED,Unimployed,Cook Unemployed
Cook-Dom Sevt,1,Cook Dom Sevt,NORMALIZATION,Sevt,Cook Dom Sert
Cook-Domc-Servt,1,Cook Domc Servant,ABBREVIATION; NORMALIZATION,Domc,Cook Dom Servant
Cook-Domesic Servant,1,Cook Domesic Servant,NORMALIZATION,Domesic,Cook Domestic Servant
Cook-Domestc Servant,1,Cook Domestc Servant,NORMALIZATION,Domestc,Cook Domestic Servant
Cook-Domestic Servat,1,Cook Domestic Servat,NORMALIZATION,Servat,Cook Domestic Servant
Cook-Domestic Sevant,1,Cook Domestic Sevant,NORMALIZATION,Sevant,Cook Domestic Servant
Cook-Domestic Srt,1,Cook Domestic Srt,NORMALIZATION,Srt,Cook Domestic St
Cook-Domestik S,1,Cook Domestik S,NORMALIZATION,Domestik,Cook Domestic S
Cook-Dometic Servant,1,Cook Dometic Servant,NORMALIZATION,Dometic,Cook Domestic Servant
Cooke (Domestic),1,Cooke Domestic,NORMALIZATION,Cooke,Cook Domestic
Cooke D S,1,Cooke D S,UNCHANGED,Cooke,Cook D S
Cooke Domestic Servt,1,Cooke Domestic Servant,ABBREVIATION,Cooke,Cook Domestic Servant
Cooke Domestice,1,Cooke Domestice,UNCHANGED,Cooke; Domestice,Cook Domestic
Cooke Servant Domestic,1,Cooke Domestic Servant,WORD_ORDER,Cooke,Cook Domestic Servant
"Cooke, Domestic Servant",1,"Cooke, Domestic Servant",STANDARD,Cooke,"Cook, Domestic Servant"
Cooke-Domestic,1,Cooke Domestic,NORMALIZATION,Cooke,Cook Domestic
Cookl-Domestic Servant,1,Cookl Domestic Servant,NORMALIZATION,Cookl,Cook Domestic Servant
Cooper Apprentier,1,Cooper Apprentier,UNCHANGED,Apprentier,Cooper Apprentice
Cooper Jaurneyman,1,Cooper Jaurneyman,UNCHANGED,Jaurneyman,Cooper Journeyman
Copenter,1,Copenter,UNCHANGED,Copenter,Carpenter
Corch Painter,1,Corch Painter,UNCHANGED,Corch,Coach Painter
Cork Cuttor,1,Cork Cuttor,UNCHANGED,Cuttor,Cork Cutter
Corn Marchant,1,Corn Marchant,UNCHANGED,Marchant,Corn Merchant
Corn Porther,1,Corn Porther,UNCHANGED,Porther,Corn Porter
Corpenter Aprentice,1,Corpenter Aprentice,UNCHANGED,Corpenter; Aprentice,Carpenter Apprentice
Corpenter Master,1,Corpenter Master,UNCHANGED,Corpenter,Carpenter Master
Corpenter Uneployed,1,Corpenter Uneployed,UNCHANGED,Corpenter; Uneployed,Carpenter Unemployed
Corpoation Labourer,1,Corpoation Labourer,UNCHANGED,Corpoation,Corporation Labourer
Corporation Labouer,1,Corporation Labouer,UNCHANGED,Labouer,Corporation Labourer
Corporation Laboure,1,Corporation Laboure,UNCHANGED,Laboure,Corporation Labourer
Corporation Labouror,1,Corporation Labouror,UNCHANGED,Labouror,Corporation Labourer
Corpositor Printer,1,Corpositor Printer,UNCHANGED,Corpositor,Compositor Printer
Corpotation Labourer,1,Corpotation Labourer,UNCHANGED,Corpotation,Corporation Labourer
Corpotion Labourer,1,Corpotion Labourer,UNCHANGED,Corpotion,Corporation Labourer
Corter Domestic Servt,1,Corter Domestic Servant,ABBREVIATION,Corter,Porter Domestic Servant
Cottan Winder,1,Cottan Winder,UNCHANGED,Cottan,Cotton Winder
Cotten Spiner,1,Cotten Spiner,UNCHANGED,Cotten; Spiner,Cotton Spinner
Cotten Spinner,1,Cotten Spinner,UNCHANGED,Cotten,Cotton Spinner
Cotten Weaver in Mill,1,Cotten Weaver in Mill,UNCHANGED,Cotten,Cotton Weaver in Mill
Cotten Weavor,1,Cotten Weavor,UNCHANGED,Cotten; Weavor,Cotton Weaver
Cotton Spinne,1,Cotton Spinne,UNCHANGED,Spinne,Cotton Spinner
Cotton Weavor,1,Cotton Weavor,UNCHANGED,Weavor,Cotton Weaver
Cotton Weover,1,Cotton Weover,UNCHANGED,Weover,Cotton Weaver
Cotton Windes,1,Cotton Windes,UNCHANGED,Windes,Cotton Winder
Cotton Woaver,1,Cotton Woaver,UNCHANGED,Woaver,Cotton Weaver
Cottor Weaver,1,Cottor Weaver,UNCHANGED,Cottor,Cotton Weaver
Couchman-Domestic Servant,1,Couchman Domestic Servant,NORMALIZATION,Couchman,Coachman Domestic Servant
Coultry Dealer,1,Coultry Dealer,UNCHANGED,Coultry,Poultry Dealer
Courte Keeper,1,Courte Keeper,UNCHANGED,Courte,Court Keeper
Coustable R.I.C,1,Coustable R.I.C,UNCHANGED,Coustable,Constable R.I.C
Crambrick Weaver,1,Crambrick Weaver,UNCHANGED,Crambrick,Cambrick Weaver
Crerk,1,Crerk,UNCHANGED,Crerk,Clerk
Crocer and Spirit Dealer,1,Crocer and Spirit Dealer,UNCHANGED,Crocer,Grocer and Spirit Dealer
Crocer's Assistant,1,Crocer's Assistant,UNCHANGED,Crocer's,Grocer's Assistant
Crocer's Porter,1,Crocer's Porter,UNCHANGED,Crocer's,Grocer's Porter
Crochel Worker,1,Crochel Worker,UNCHANGED,Crochel,Crochet Worker
Crochett Worker,1,Crochett Worker,UNCHANGED,Crochett,Crochet Worker
Crrand Boy,1,Crrand Boy,UNCHANGED,Crrand,Errand Boy
Curk Cutter,1,Curk Cutter,UNCHANGED,Curk,Cork Cutter
D Servan Gardener,1,D Servan Gardener,UNCHANGED,Servan,D Servant Gardener
D Servent Coachman,1,D Servent Coachman,UNCHANGED,Servent,D Servant Coachman
D.M.C. Pensioner,1,D.M.C. Pensioner,UNCHANGED,D.M.C,R.I.C. Pensioner
D.Servant,1,D.Servant,UNCHANGED,D.Servant,Servant
Daery-Maid,1,Daery Maid,NORMALIZATION,Daery,Dairy Maid
Daffer (Mill),1,Daffer Mill,NORMALIZATION,Daffer,Doffer Mill
Daffer Flax,1,Daffer Flax,UNCHANGED,Daffer,Doffer Flax
Dairdresser,1,Dairdresser,UNCHANGED,Dairdresser,Hairdresser
Dairey Labourer,1,Dairey Labourer,UNCHANGED,Dairey,Dairy Labourer
Dairey Maid,1,Dairey Maid,STANDARD,Dairey,Dairy Maid
Dairey Woman,1,Dairey Woman,UNCHANGED,Dairey,Dairy Woman
Dairey-Maid,1,Dairey Maid,NORMALIZATION,Dairey,Dairy Maid
Dairy Keper,1,Dairy Keper,UNCHANGED,Keper,Dairy Keeper
Dairy Kepper,1,Dairy Kepper,UNCHANGED,Kepper,Dairy Keeper
Dairy Maid Domestick,1,Dairy Maid Domestick,UNCHANGED,Domestick,Dairy Maid Domestic
Dairy Maid Domstic Servt,1,Dairy Maid Domstic Servant,ABBREVIATION,Domstic,Dairy Maid Domestic Servant
Dairy Maid-Domesitc Servant,1,Dairy Maid Domesitc Servant,NORMALIZATION,Domesitc,Dairy Maid Domestic Servant
Dairy Mard,1,Dairy Mard,UNCHANGED,Mard,Dairy Maid
Dairy Miad,1,Dairy Miad,UNCHANGED,Miad,Dairy Maid
Dairy Owener,1,Dairy Owener,UNCHANGED,Owener,Dairy Owner
Dairymaid Domestic Serant,1,Dairymaid Domestic Serant,UNCHANGED,Serant,Dairymaid Domestic Servant
Dairysmaid-Domestic Servant,1,Dairysmaid Domestic Servant,NORMALIZATION,Dairysmaid,Dairymaid Domestic Servant
Damask Ornamentar,1,Damask Ornamentar,UNCHANGED,Ornamentar,Damask Ornamentor
Damask Weavour,1,Damask Weavour,UNCHANGED,Weavour,Damask Weaver
Damesk Wever,1,Damesk Wever,UNCHANGED,Damesk; Wever,Damask Weaver
Damestic Servant,1,Damestic Servant,UNCHANGED,Damestic,Domestic Servant
Damook Weaver,1,Damook Weaver,UNCHANGED,Damook,Damask Weaver
Damusk Weaver,1,Damusk Weaver,UNCHANGED,Damusk,Damask Weaver
Danask Weaver,1,Danask Weaver,UNCHANGED,Danask,Damask Weaver
Daper Merchant,1,Daper Merchant,UNCHANGED,Daper,Draper Merchant
Daper Pedlor,1,Daper Pedlor,UNCHANGED,Daper; Pedlor,Draper Pedlar
Daper Weaver,1,Daper Weaver,UNCHANGED,Daper,Draper Weaver
Daper's Apprentice,1,Daper's Apprentice,UNCHANGED,Daper's,Draper's Apprentice
Dapers Messenger,1,Dapers Messenger,UNCHANGED,Dapers,Drapers Messenger
Daraper Assistant,1,Daraper Assistant,UNCHANGED,Daraper,Draper Assistant
Darask Weaver,1,Darask Weaver,UNCHANGED,Darask,Damask Weaver
Darmask Weaver,1,Darmask Weaver,UNCHANGED,Darmask,Damask Weaver
Darry Keeper,1,Darry Keeper,UNCHANGED,Darry,Dairy Keeper
Darrymaid Domestic Servant,1,Darrymaid Domestic Servant,UNCHANGED,Darrymaid,Dairymaid Domestic Servant
Dary - Keeper,1,Dary Keeper,NORMALIZATION,Dary,Dairy Keeper
Dary Boy,1,Dary Boy,UNCHANGED,Dary,Dairy Boy
Dary Woman,1,Dary Woman,UNCHANGED,Dary,Dairy Woman
Darymaid Domestic Servant,1,Darymaid Domestic Servant,UNCHANGED,Darymaid,Dairymaid Domestic Servant
Darymaid Domisetic Servant,1,Darymaid Domisetic Servant,UNCHANGED,Darymaid; Domisetic,Dairymaid Domestic Servant
Dawer In,1,Dawer In,UNCHANGED,Dawer,Drawer In
Dawer in Mill,1,Dawer in Mill,UNCHANGED,Dawer,Drawer in Mill
Deale Gen,1,Deale Gen,STANDARD,Deale,Dealer Gen
Dealer (Towl),1,Dealer Towl,NORMALIZATION,Towl,Dealer Fowl
Dealer - Clother,1,Dealer Clother,NORMALIZATION,Clother,Dealer Clothes
Dealer Fawl,1,Dealer Fawl,UNCHANGED,Fawl,Dealer Fowl
Dealer Pedlor,1,Dealer Pedlor,UNCHANGED,Pedlor,Dealer Pedlar
Dealer-Vegitables,1,Dealer Vegitables,NORMALIZATION,Vegitables,Dealer Vegetables
Dealoe Gen,1,Dealoe Gen,UNCHANGED,Dealoe,Dealer Gen
Dealor Fish,1,Dealor Fish,UNCHANGED,Dealor,Dealer Fish
Deffer in Mill,1,Deffer in Mill,UNCHANGED,Deffer,Doffer in Mill
Degetable Dealer,1,Degetable Dealer,UNCHANGED,Degetable,Vegetable Dealer
Demestick Servant,1,Demestick Servant,UNCHANGED,Demestick,Domestic Servant
Despinsary Caretaker,1,Despinsary Caretaker,UNCHANGED,Despinsary,Dispensary Caretaker
Diaryman's Son,1,Diaryman's Son,UNCHANGED,Diaryman's,Dairyman's Son
Dirinity Student,1,Dirinity Student,UNCHANGED,Dirinity,Divinity Student
Disfillery Labourer,1,Disfillery Labourer,UNCHANGED,Disfillery,Distillery Labourer
Dispansary Cartaker,1,Dispansary Cartaker,UNCHANGED,Dispansary; Cartaker,Dispensary Caretaker
Disstillery Labourer,1,Disstillery Labourer,UNCHANGED,Disstillery,Distillery Labourer
Disterlery Labourer,1,Disterlery Labourer,UNCHANGED,Disterlery,Distillery Labourer
Distillary Labouer,1,Distillary Labouer,UNCHANGED,Distillary; Labouer,Distillery Labourer
Distillary Labourer,1,Distillary Labourer,UNCHANGED,Distillary,Distillery Labourer
Distillery Labrourer,1,Distillery Labrourer,UNCHANGED,Labrourer,Distillery Labourer
Distllery Labourer,1,Distllery Labourer,UNCHANGED,Distllery,Distillery Labourer
Divinety Student,1,Divinety Student,UNCHANGED,Divinety,Divinity Student
Dmestic Servant,1,Dmestic Servant,UNCHANGED,Dmestic,Domestic Servant
Doch Laborer,1,Doch Labourer,AMERICAN_SPELLING,Doch,Dock Labourer
Dock Laboaurer,1,Dock Laboaurer,UNCHANGED,Laboaurer,Dock Labourer
Dock Laboeror,1,Dock Laboeror,UNCHANGED,Laboeror,Dock Labourer
Dock Laborur,1,Dock Laborur,UNCHANGED,Laborur,Dock Labour
Dock Labouor,1,Dock Labouor,UNCHANGED,Labouor,Dock Labour
Dock Labourerer,1,Dock Labourerer,UNCHANGED,Labourerer,Dock Labourer
Dock Labreour,1,Dock Labreour,UNCHANGED,Labreour,Dock Labour
Dock Labrourer,1,Dock Labrourer,UNCHANGED,Labrourer,Dock Labourer
Dock Laoourer,1,Dock Laoourer,UNCHANGED,Laoourer,Dock Labourer
Dock Larbourer,1,Dock Larbourer,UNCHANGED,Larbourer,Dock Labourer
Dock Laubourer,1,Dock Laubourer,UNCHANGED,Laubourer,Dock Labourer
Dock Lobourer,1,Dock Lobourer,UNCHANGED,Lobourer,Dock Labourer
Doctor Medcine,1,Doctor Medcine,UNCHANGED,Medcine,Doctor Medicine
Doctor-General Practitionar,1,Doctor General Practitionar,NORMALIZATION,Practitionar,Doctor General Practitioner
Doestic Serant,1,Doestic Serant,UNCHANGED,Doestic; Serant,Domestic Servant
Dofer (Flax Mill),1,Dofer Flax Mill,NORMALIZATION,Dofer,Doffer Flax Mill
Dofer Flax,1,Dofer Flax,UNCHANGED,Dofer,Doffer Flax
Dofer in Spinning Mill,1,Dofer in Spinning Mill,UNCHANGED,Dofer,Doffer in Spinning Mill
Doffar in Spinning Mill,1,Doffar in Spinning Mill,UNCHANGED,Doffar,Doffer in Spinning Mill
Doffar Mill Worker,1,Doffar Mill Worker,UNCHANGED,Doffar,Doffer Mill Worker
Doffe Linen Mill Worker,1,Doffe Linen Mill Worker,UNCHANGED,Doffe,Doffer Linen Mill Worker
Doffer Flox,1,Doffer Flox,UNCHANGED,Flox,Doffer Flax
Doffer in Spinnin Mill,1,Doffer in Spinnin Mill,UNCHANGED,Spinnin,Doffer in Spinning Mill
Doffor Yarn,1,Doffor Yarn,UNCHANGED,Doffor,Doffer Yarn
Doffr in Mill,1,Doffr in Mill,UNCHANGED,Doffr,Doffer in Mill
Dolfer Mill,1,Dolfer Mill,UNCHANGED,Dolfer,Doffer Mill
Dolk Labourer,1,Dolk Labourer,UNCHANGED,Dolk,Dock Labourer
Domc Servant Housemaid,1,Domc Servant Housemaid,UNCHANGED,Domc,Dom Servant Housemaid
Domc Servant Kitchenmaid,1,Domc Servant Kitchenmaid,UNCHANGED,Domc,Dom Servant Kitchenmaid
Domc Servant Nurse,1,Domc Servant Nurse,UNCHANGED,Domc,Dom Servant Nurse
Domc Servant-Cook,1,Domc Servant Cook,NORMALIZATION,Domc,Dom Servant Cook
Domeitc Servant,1,Domeitc Servant,UNCHANGED,Domeitc,Domestic Servant
Domescit Servant,1,Domescit Servant,UNCHANGED,Domescit,Domestic Servant
Domestck Servant,1,Domestck Servant,UNCHANGED,Domestck,Domestic Servant
Domesti Servan,1,Domesti Servan,UNCHANGED,Domesti; Servan,Domestic Servant
Domesti Servant,1,Domesti Servant,UNCHANGED,Domesti,Domestic Servant
Domestic Cok,1,Domestic Cok,UNCHANGED,Cok,Domestic Cook
Domestic G.Servant,1,Domestic G.Servant,UNCHANGED,G.Servant,Domestic Servant
Domestic Garderner Servant,1,Domestic Garderner Servant,UNCHANGED,Garderner,Domestic Gardener Servant
Domestic Generlal,1,Domestic Generlal,UNCHANGED,Generlal,Domestic General
Domestic Houshold,1,Domestic Houshold,UNCHANGED,Houshold,Domestic Household
Domestic Housmaid,1,Domestic Housmaid,UNCHANGED,Housmaid,Domestic Housemaid
Domestic Nurce,1,Domestic Nurce,UNCHANGED,Nurce,Domestic Nurse
Domestic Parlor Maid,1,Domestic Parlor Maid,UNCHANGED,Parlor,Domestic Parlour Maid
Domestic Serevant,1,Domestic Serevant,UNCHANGED,Serevant,Domestic Servant
Domestic Serfant,1,Domestic Serfant,UNCHANGED,Serfant,Domestic Servant
Domestic Sergant,1,Domestic Sergant,UNCHANGED,Sergant,Domestic Servant
Domestic Seroant,1,Domestic Seroant,UNCHANGED,Seroant,Domestic Servant
Domestic Servan Housemaid,1,Domestic Servan Housemaid,UNCHANGED,Servan,Domestic Servant Housemaid
Domestic Servand,1,Domestic Servand,UNCHANGED,Servand,Domestic Servant
Domestic Servanet,1,Domestic Servanet,UNCHANGED,Servanet,Domestic Servant
Domestic Servans,1,Domestic Servans,UNCHANGED,Servans,Domestic Servant
Domestic Servant Buttler,1,Domestic Servant Buttler,UNCHANGED,Buttler,Domestic Servant Butler
Domestic Servant Corter,1,Domestic Servant Corter,UNCHANGED,Corter,Domestic Servant Porter
Domestic Servant Famer,1,Domestic Servant Famer,UNCHANGED,Famer,Domestic Servant Farmer
Domestic Servant Gardnor,1,Domestic Servant Gardnor,UNCHANGED,Gardnor,Domestic Servant Gardner
Domestic Servant Genel,1,Domestic Servant Genel,UNCHANGED,Genel,Domestic Servant Genl
Domestic Servant General Unemployor,1,General Domestic Servant Unemployor,WORD_ORDER,Unemployor,General Domestic Servant Unemployed
Domestic Servant Groome,1,Domestic Servant Groome,UNCHANGED,Groome,Domestic Servant Groom
Domestic Servant Hmaid,1,Domestic Servant Hmaid,UNCHANGED,Hmaid,Domestic Servant Maid
Domestic Servant House and Parlor Maid,1,Domestic Servant House and Parlor Maid,UNCHANGED,Parlor,Domestic Servant House and Parlour Maid
Domestic Servant Houskeeper,1,Domestic Servant Houskeeper,UNCHANGED,Houskeeper,Domestic Servant Housekeeper
Domestic Servant Kithen Maid,1,Domestic Servant Kithen Maid,UNCHANGED,Kithen,Domestic Servant Kitchen Maid
Domestic Servant Laundary Maid,1,Domestic Servant Laundary Maid,UNCHANGED,Laundary,Domestic Servant Laundry Maid
Domestic Servant Nurs,1,Domestic Servant Nurs,UNCHANGED,Nurs,Domestic Servant Nurse
Domestic Servant Out of Employement,1,Domestic Servant Out of Employement,STANDARD,Employement,Domestic Servant Out of Employment
Domestic Servant Out of Unployment,1,Domestic Servant Out of Unployment,UNCHANGED,Unployment,Domestic Servant Out of Employment
Domestic Servant Parlout Maid,1,Domestic Servant Parlout Maid,UNCHANGED,Parlout,Domestic Servant Parlour Maid
Domestic Servant Porlour Maid,1,Domestic Servant Porlour Maid,UNCHANGED,Porlour,Domestic Servant Parlour Maid
Domestic Servant Unemploied,1,Domestic Servant Unemploied,UNCHANGED,Unemploied,Domestic Servant Unemployed
Domestic Servant Unemplyed,1,Domestic Servant Unemplyed,UNCHANGED,Unemplyed,Domestic Servant Unemployed
Domestic Servant Valit,1,Domestic Servant Valit,UNCHANGED,Valit,Domestic Servant Valet
Domestic Servant-(Parlor Maid,1,Domestic Servant Parlor Maid,NORMALIZATION,Parlor,Domestic Servant Parlour Maid
Domestic Servant-Coachmaid,1,Domestic Servant Coachmaid,NORMALIZATION,Coachmaid,Domestic Servant Coachman
Domestic Servant-Gardiner,1,Domestic Servant Gardiner,NORMALIZATION,Gardiner,Domestic Servant Gardener
Domestic Servant-Parlor Maid,1,Domestic Servant Parlor Maid,NORMALIZATION,Parlor,Domestic Servant Parlour Maid
Domestic Servat Kitchen Maid,1,Domestic Servat Kitchen Maid,UNCHANGED,Servat,Domestic Servant Kitchen Maid
Domestic Servatn,1,Domestic Servatn,UNCHANGED,Servatn,Domestic Servant
Domestic Servdn,1,Domestic Servdn,UNCHANGED,Servdn,Domestic Servant
Domestic Servent Genl,1,Domestic Servent Genl,UNCHANGED,Servent,Domestic Servant Genl
Domestic Servent Housekeeper,1,Domestic Servent Housekeeper,UNCHANGED,Servent,Domestic Servant Housekeeper
Domestic Servent Nurse,1,Domestic Servent Nurse,UNCHANGED,Servent,Domestic Servant Nurse
Domestic Servernt,1,Domestic Servernt,UNCHANGED,Servernt,Domestic Servant
Domestic Servnt Nurse,1,Domestic Servnt Nurse,UNCHANGED,Servnt,Domestic Servant Nurse
Domestic Servont,1,Domestic Servont,UNCHANGED,Servont,Domestic Servant
Domestic Servt (Parlor Maid),1,Domestic Servant Parlor Maid,ABBREVIATION; NORMALIZATION,Parlor,Domestic Servant Parlour Maid
Domestic Servt Messanger,1,Domestic Servant Messanger,ABBREVIATION,Messanger,Domestic Servant Messenger
Domestic Servt Unemployer,1,Domestic Servant Unemployer,ABBREVIATION,Unemployer,Domestic Servant Unemployed
Domestic Serwant,1,Domestic Serwant,UNCHANGED,Serwant,Domestic Servant
Domestic Sevant (Nurse),1,Domestic Sevant Nurse,NORMALIZATION,Sevant,Domestic Servant Nurse
Domestic Sevant. General,1,Domestic Sevant. General,UNCHANGED,Sevant,Domestic Servant. General
Domestic Srveant,1,Domestic Srveant,UNCHANGED,Srveant,Domestic Servant
Domestica Servant,1,Domestica Servant,UNCHANGED,Domestica,Domestic Servant
Domestical Servant,1,Domestical Servant,UNCHANGED,Domestical,Domestic Servant
Domestice Work,1,Domestice Work,UNCHANGED,Domestice,Domestic Work
Domestich Servant,1,Domestich Servant,UNCHANGED,Domestich,Domestic Servant
Domestick Labour,1,Domestick Labour,UNCHANGED,Domestick,Domestic Labour
Domestick Servent Coachman,1,Domestick Servent Coachman,UNCHANGED,Domestick; Servent,Domestic Servant Coachman
Domestick Sevant,1,Domestick Sevant,UNCHANGED,Domestick; Sevant,Domestic Servant
Domestict Housekeeper,1,Domestict Housekeeper,UNCHANGED,Domestict,Domestic Housekeeper
Domestiec Servant,1,Domestiec Servant,UNCHANGED,Domestiec,Domestic Servant
Domestig Servant,1,Domestig Servant,UNCHANGED,Domestig,Domestic Servant
Domestis Servant,1,Domestis Servant,UNCHANGED,Domestis,Domestic Servant
Domestive Servant,1,Domestive Servant,UNCHANGED,Domestive,Domestic Servant
Domestoic Servant Unemployed,1,Domestoic Servant Unemployed,UNCHANGED,Domestoic,Domestic Servant Unemployed
Domests Servant,1,Domests Servant,UNCHANGED,Domests,Domestic Servant
Domesttic Servant,1,Domesttic Servant,UNCHANGED,Domesttic,Domestic Servant
Domesty Servent,1,Domesty Servent,UNCHANGED,Domesty; Servent,Domestic Servant
Domistic Servant Housemaid,1,Domistic Servant Housemaid,UNCHANGED,Domistic,Domestic Servant Housemaid
Dommestic Servant,1,Dommestic Servant,UNCHANGED,Dommestic,Domestic Servant
Domstic Labour,1,Domstic Labour,UNCHANGED,Domstic,Domestic Labour
Domstic Servant (Gardner),1,Domstic Servant Gardner,NORMALIZATION,Domstic,Domestic Servant Gardner
Domstic Servt Genl,1,Domstic Servant Genl,ABBREVIATION,Domstic,Domestic Servant Genl
Domt Servant Cook,1,Domt Servant Cook,UNCHANGED,Domt,Dom Servant Cook
Donestic Servant Parlour Maid,1,Donestic Servant Parlour Maid,UNCHANGED,Donestic,Domestic Servant Parlour Maid
Donestick Sevant,1,Donestick Sevant,UNCHANGED,Donestick; Sevant,Domestic Servant
Donsstic Servant,1,Donsstic Servant,UNCHANGED,Donsstic,Domestic Servant
Doofer in Spinning Mill,1,Doofer in Spinning Mill,UNCHANGED,Doofer,Doffer in Spinning Mill
Dosk Labourer,1,Dosk Labourer,UNCHANGED,Dosk,Dock Labourer
Draaper Assisant,1,Draaper Assisant,UNCHANGED,Draaper; Assisant,Draper Assistant
Draker Apprentice,1,Draker Apprentice,UNCHANGED,Draker,Draper Apprentice
Drapary Manager,1,Drapary Manager,UNCHANGED,Drapary,Drapery Manager
Drapary Saleswoman,1,Drapary Saleswoman,UNCHANGED,Drapary,Drapery Saleswoman
Draper Aossistant,1,Draper Aossistant,UNCHANGED,Aossistant,Draper Assistant
Draper Apprentic,1,Draper Apprentic,UNCHANGED,Apprentic,Draper Apprentice
Draper Assistan,1,Draper Assistan,UNCHANGED,Assistan,Draper Assistant
Draper Assistent,1,Draper Assistent,UNCHANGED,Assistent,Draper Assistant
Draper's Aprentice,1,Draper's Aprentice,UNCHANGED,Aprentice,Draper's Apprentice
Draper's Clerke,1,Draper's Clerke,UNCHANGED,Clerke,Draper's Clerk
Draper-Pedlor,1,Draper Pedlor,NORMALIZATION,Pedlor,Draper Pedlar
Draper-Travellr,1,Draper Travellr,NORMALIZATION,Travellr,Draper Traveller
Draperer's Assistant,1,Draperer's Assistant,UNCHANGED,Draperer's,Draper's Assistant
Drapers Massinger,1,Drapers Massinger,UNCHANGED,Massinger,Drapers Messenger
Drapers Messanger,1,Drapers Messanger,UNCHANGED,Messanger,Drapers Messenger
Drapers Messinger,1,Drapers Messinger,UNCHANGED,Messinger,Drapers Messenger
Drapers Traveler,1,Drapers Traveler,UNCHANGED,Traveler,Drapers Traveller
Drapers Travellar,1,Drapers Travellar,UNCHANGED,Travellar,Drapers Traveller
Drapers-Superintendend,1,Drapers Superintendend,NORMALIZATION,Superintendend,Drapers Superintendent
Drapery Aprentice,1,Drapery Aprentice,UNCHANGED,Aprentice,Drapery Apprentice
Drapery Assitant,1,Drapery Assitant,UNCHANGED,Assitant,Drapery Assistant
Drapery Salewoman,1,Drapery Salewoman,UNCHANGED,Salewoman,Drapery Saleswoman
Drapey Traveller,1,Drapey Traveller,UNCHANGED,Drapey,Draper Traveller
Drapir's Assistant,1,Drapir's Assistant,UNCHANGED,Drapir's,Draper's Assistant
Drapr Assistant,1,Drapr Assistant,UNCHANGED,Drapr,Draper Assistant
Drapre Assistant,1,Drapre Assistant,UNCHANGED,Drapre,Draper Assistant
Draprey Aprentice,1,Draprey Aprentice,UNCHANGED,Draprey; Aprentice,Drapery Apprentice
Drasemaker,1,Drasemaker,UNCHANGED,Drasemaker,Dressmaker
Drasmaker,1,Drasmaker,UNCHANGED,Drasmaker,Dressmaker
Draughs Man,1,Draughs Man,UNCHANGED,Draughs,Draughts Man
Draugts Man,1,Draugts Man,UNCHANGED,Draugts,Draughts Man
Drawed in Linen Factory,1,Drawed in Linen Factory,UNCHANGED,Drawed,Drawer in Linen Factory
Drawer Flox,1,Drawer Flox,UNCHANGED,Flox,Drawer Flax
Drawerin in Factory,1,Drawerin in Factory,UNCHANGED,Drawerin,Drawer in Factory
Drawerin in Linen Factory,1,Drawerin in Linen Factory,UNCHANGED,Drawerin,Drawer in Linen Factory
Drawerm in Factory,1,Drawerm in Factory,UNCHANGED,Drawerm,Drawer in Factory
Drawter-in in Linen Factory,1,Drawter in in Linen Factory,NORMALIZATION,Drawter,Drawer in in Linen Factory
Dreaper's Assistant,1,Dreaper's Assistant,UNCHANGED,Dreaper's,Draper's Assistant
Dreeggist Apprentice,1,Dreeggist Apprentice,UNCHANGED,Dreeggist,Druggist Apprentice
Drepir Aprntice,1,Drepir Aprntice,UNCHANGED,Drepir; Aprntice,Draper Apprentice
Dres Making,1,Dres Making,UNCHANGED,Dres,Dress Making
Dresh Makering,1,Dresh Makering,UNCHANGED,Dresh; Makering,Dress Making
Dress Macking,1,Dress Macking,UNCHANGED,Macking,Dress Making
Dress Makeing,1,Dress Makeing,UNCHANGED,Makeing,Dress Making
Dress Maker Apprentic,1,Dress Maker Apprentic,UNCHANGED,Apprentic,Dress Maker Apprentice
Dressaker,1,Dressaker,UNCHANGED,Dressaker,Dressmaker
Dressamaker,1,Dressamaker,UNCHANGED,Dressamaker,Dressmaker
Dressmaer,1,Dressmaer,UNCHANGED,Dressmaer,Dressmaker
Dressmaiker,1,Dressmaiker,UNCHANGED,Dressmaiker,Dressmaker
Dressmaker Apprentrice,1,Dressmaker Apprentrice,UNCHANGED,Apprentrice,Dressmaker Apprentice
Dressmaker Apprntice,1,Dressmaker Apprntice,UNCHANGED,Apprntice,Dressmaker Apprentice
Dressmaker Domesti Servan,1,Dressmaker Domesti Servan,UNCHANGED,Domesti; Servan,Dressmaker Domestic Servant
Dressmaker's Aprentic,1,Dressmaker's Aprentic,UNCHANGED,Aprentic,Dressmaker's Apprentice
Dressmaker-Unemploye,1,Dressmaker Unemploye,NORMALIZATION,Unemploye,Dressmaker Unemployed
Dressmakes,1,Dressmakes,UNCHANGED,Dressmakes,Dressmaker
Dressmaketer,1,Dressmaketer,UNCHANGED,Dressmaketer,Dressmaker
Dressmakey,1,Dressmakey,UNCHANGED,Dressmakey,Dressmaker
Dressmakr,1,Dressmakr,UNCHANGED,Dressmakr,Dressmaker
Dressmanker,1,Dressmanker,UNCHANGED,Dressmanker,Dressmaker
Dressmarer,1,Dressmarer,UNCHANGED,Dressmarer,Dressmaker
Dressmker,1,Dressmker,UNCHANGED,Dressmker,Dressmaker
Dressmoker,1,Dressmoker,UNCHANGED,Dressmoker,Dressmaker
Driessmaker,1,Driessmaker,UNCHANGED,Driessmaker,Dressmaker
Driller Shipeyard,1,Driller Shipeyard,UNCHANGED,Shipeyard,Driller Shipyard
Driller Shipyd,1,Driller Shipyd,UNCHANGED,Shipyd,Driller Ship
Drillir (Shipyard),1,Drillir Shipyard,NORMALIZATION,Drillir,Driller Shipyard
Drissmaker-Apprentice,1,Drissmaker Apprentice,NORMALIZATION,Drissmaker,Dressmaker Apprentice
Drock Labourer,1,Drock Labourer,UNCHANGED,Drock,Dock Labourer
Droper Shop Keeper,1,Droper Shopkeeper,COMPOUND_KEEPER,Droper,Draper Shopkeeper
Droper Shopkeeper,1,Droper Shopkeeper,STANDARD,Droper,Draper Shopkeeper
Droper Weaver,1,Droper Weaver,UNCHANGED,Droper,Draper Weaver
Dropers Shop Assistant,1,Dropers Shop Assistant,UNCHANGED,Dropers,Drapers Shop Assistant
Drower in,1,Drower in,UNCHANGED,Drower,Drawer in
Droy Man,1,Droy Man,UNCHANGED,Droy,Dray Man
Drper Weaver,1,Drper Weaver,UNCHANGED,Drper,Draper Weaver
Druggist Apprintice,1,Druggist Apprintice,UNCHANGED,Apprintice,Druggist Apprentice
Drugist Apprentice,1,Drugist Apprentice,UNCHANGED,Drugist,Druggist Apprentice
Drugist Assisant,1,Drugist Assisant,UNCHANGED,Drugist; Assisant,Druggist Assistant
Dvinity Student,1,Dvinity Student,UNCHANGED,Dvinity,Divinity Student
Eegg Packar,1,Eegg Packar,UNCHANGED,Eegg; Packar,Egg Packer
Eengineer Mechanical,1,Eengineer Mechanical,UNCHANGED,Eengineer,Engineer Mechanical
Egg Dealor,1,Egg Dealor,UNCHANGED,Dealor,Egg Dealer
Egg Deater,1,Egg Deater,UNCHANGED,Deater,Egg Dealer
Egg Suyer,1,Egg Suyer,UNCHANGED,Suyer,Egg Buyer
Egge Dealer,1,Egge Dealer,UNCHANGED,Egge,Egg Dealer
Egge Packer,1,Egge Packer,UNCHANGED,Egge,Egg Packer
Eingine Cleaner,1,Eingine Cleaner,UNCHANGED,Eingine,Engine Cleaner
Eletric Tram Conductor,1,Eletric Tram Conductor,UNCHANGED,Eletric,Electric Tram Conductor
Embiorderer,1,Embiorderer,UNCHANGED,Embiorderer,Embroiderer
Embordierer,1,Embordierer,UNCHANGED,Embordierer,Embroiderer
Emborederer,1,Emborederer,UNCHANGED,Emborederer,Embroiderer
Embraiderer,1,Embraiderer,UNCHANGED,Embraiderer,Embroiderer
Embridorer,1,Embridorer,UNCHANGED,Embridorer,Embroiderer
Embriorderer,1,Embriorderer,UNCHANGED,Embriorderer,Embroiderer
Embrodrer,1,Embrodrer,UNCHANGED,Embrodrer,Embroiderer
Embroidarer,1,Embroidarer,UNCHANGED,Embroidarer,Embroiderer
Embroidener,1,Embroidener,UNCHANGED,Embroidener,Embroiderer
Embroiderrer,1,Embroiderrer,UNCHANGED,Embroiderrer,Embroiderer
Embroidire,1,Embroidire,UNCHANGED,Embroidire,Embroiderer
Embroierder,1,Embroierder,UNCHANGED,Embroierder,Embroiderer
Embrouderer,1,Embrouderer,UNCHANGED,Embrouderer,Embroiderer
Enevlope Maker,1,Enevlope Maker,UNCHANGED,Enevlope,Envelope Maker
Engie Driver,1,Engie Driver,UNCHANGED,Engie,Engine Driver
Engine Cleanor,1,Engine Cleanor,UNCHANGED,Cleanor,Engine Cleaner
Engine Clener,1,Engine Clener,UNCHANGED,Clener,Engine Cleaner
Engine Driver Creamey,1,Engine Driver Creamey,UNCHANGED,Creamey,Engine Driver Creamery
Engine Driveron Railway,1,Engine Driveron Railway,UNCHANGED,Driveron,Engine Driver Railway
Engine Fiter (Apprentice),1,Engine Fiter Apprentice,NORMALIZATION,Fiter,Engine Fitter Apprentice
Engine Fitter Apprentic,1,Engine Fitter Apprentic,UNCHANGED,Apprentic,Engine Fitter Apprentice
Engine Fitter Aprentice,1,Engine Fitter Aprentice,UNCHANGED,Aprentice,Engine Fitter Apprentice
Engine Fitterat Works,1,Engine Fitterat Works,UNCHANGED,Fitterat,Engine Fitter Works
Engine Fittes at Works,1,Engine Fittes at Works,UNCHANGED,Fittes,Engine Fitter at Works
Engine Ftter,1,Engine Ftter,UNCHANGED,Ftter,Engine Fitter
Enginee Man,1,Enginee Man,UNCHANGED,Enginee,Engine Man
Engineer Broughtsman,1,Engineer Broughtsman,UNCHANGED,Broughtsman,Engineer Draughtsman
Engineer Draugtsman,1,Engineer Draugtsman,UNCHANGED,Draugtsman,Engineer Draughtsman
Engineer Machinical,1,Engineer Machinical,UNCHANGED,Machinical,Engineer Mechanical
Engineer Marrine,1,Engineer Marrine,UNCHANGED,Marrine,Engineer Marine
Enginer Cleaner,1,Enginer Cleaner,UNCHANGED,Enginer,Engine Cleaner
Enginer Man,1,Enginer Man,UNCHANGED,Enginer,Engine Man
Enginer Patterin Maker,1,Enginer Patterin Maker,UNCHANGED,Enginer; Patterin,Engine Pattern Maker
Enginge Driver,1,Enginge Driver,UNCHANGED,Enginge,Engine Driver
Engins Fitter,1,Engins Fitter,UNCHANGED,Engins,Engine Fitter
Engins Fitter Unemployed,1,Engins Fitter Unemployed,UNCHANGED,Engins,Engine Fitter Unemployed
Engne Fitter,1,Engne Fitter,UNCHANGED,Engne,Engine Fitter
Envlope - Maker,1,Envlope Maker,NORMALIZATION,Envlope,Envelope Maker
Envlope Maker,1,Envlope Maker,STANDARD,Envlope,Envelope Maker
Errond Boy,1,Errond Boy,UNCHANGED,Errond,Errand Boy
Errund Boy,1,Errund Boy,UNCHANGED,Errund,Errand Boy
Establisted Town Postman,1,Establisted Town Postman,UNCHANGED,Establisted,Established Town Postman
Estate Badiff,1,Estate Badiff,UNCHANGED,Badiff,Estate Bailiff
Estate Bailff,1,Estate Bailff,UNCHANGED,Bailff,Estate Bailiff
Eurelope Maker,1,Eurelope Maker,UNCHANGED,Eurelope,Envelope Maker
Evicted Tennant,1,Evicted Tennant,UNCHANGED,Tennant,Evicted Tenant
Evisted Tennant,1,Evisted Tennant,UNCHANGED,Evisted; Tennant,Evicted Tenant
Ex Sergent R.I.C,1,Ex Sergent R.I.C,UNCHANGED,Sergent,Ex Sergeant R.I.C
Ex Srgt R I C,1,Ex Srgt R I C,UNCHANGED,Srgt,Ex Sergt R I C
Expostman Pensioner,1,Expostman Pensioner,UNCHANGED,Expostman,Postman Pensioner
F Daaughter,1,F Daaughter,UNCHANGED,Daaughter,F Daughter
F Daghter,1,F Daghter,UNCHANGED,Daghter,F Daughter
F Daugher Scholar,1,F Daugher Scholar,UNCHANGED,Daugher,F Daughter Scholar
F Daugter,1,F Daugter,UNCHANGED,Daugter,F Daughter
F Doughter,1,F Doughter,UNCHANGED,Doughter,F Daughter
F.Labourer,1,F.Labourer,UNCHANGED,F.Labourer,Labourer
Faarm Labourer,1,Faarm Labourer,UNCHANGED,Faarm,Farm Labourer
Fabourer,1,Fabourer,UNCHANGED,Fabourer,Labourer
Facatory Worker,1,Facatory Worker,UNCHANGED,Facatory,Factory Worker
Facktory Girl,1,Facktory Girl,UNCHANGED,Facktory,Factory Girl
Facory Hand,1,Facory Hand,UNCHANGED,Facory,Factory Hand
Facteory Worker,1,Facteory Worker,UNCHANGED,Facteory,Factory Worker
Factery Winder,1,Factery Winder,UNCHANGED,Factery,Factory Winder
Factore Hamd,1,Factore Hamd,UNCHANGED,Factore; Hamd,Factory Hand
Factory Gairl,1,Factory Gairl,UNCHANGED,Gairl,Factory Girl
Factory Girl Machanist,1,Factory Girl Machanist,UNCHANGED,Machanist,Factory Girl Machinist
Factory Girl-Machinest,1,Factory Girl Machinest,NORMALIZATION,Machinest,Factory Girl Machinist
Factory Girld,1,Factory Girld,UNCHANGED,Girld,Factory Girl
Factory Laboarer,1,Factory Laboarer,UNCHANGED,Laboarer,Factory Labourer
Factory Machenist,1,Factory Machenist,UNCHANGED,Machenist,Factory Machinist
Factory Workar,1,Factory Workar,UNCHANGED,Workar,Factory Worker
Factory Worke,1,Factory Worke,UNCHANGED,Worke,Factory Worker
Factory Workr,1,Factory Workr,UNCHANGED,Workr,Factory Worker
Factoy Winder,1,Factoy Winder,UNCHANGED,Factoy,Factory Winder
Factry Girl,1,Factry Girl,UNCHANGED,Factry,Factory Girl
Factry Hand,1,Factry Hand,UNCHANGED,Factry,Factory Hand
Factury Worker,1,Factury Worker,UNCHANGED,Factury,Factory Worker
Faholar,1,Faholar,UNCHANGED,Faholar,Scholar
Falax Dresser,1,Falax Dresser,UNCHANGED,Falax,Flax Dresser
Falax Dresser in Mill,1,Falax Dresser in Mill,UNCHANGED,Falax,Flax Dresser in Mill
Famer Laborer,1,Famer Labourer,AMERICAN_SPELLING,Famer,Farmer Labourer
Famer Labourer,1,Famer Labourer,STANDARD,Famer,Farmer Labourer
Famr Labourer,1,Famr Labourer,UNCHANGED,Famr,Farm Labourer
Famr Son,1,Famr Son,UNCHANGED,Famr,Farm Son
Famrer's Wife,1,Famrer's Wife,UNCHANGED,Famrer's,Farmer's Wife
Fancy Box Makr,1,Fancy Box Makr,UNCHANGED,Makr,Fancy Box Maker
Faram Labour,1,Faram Labour,UNCHANGED,Faram,Farm Labour
Fararmer,1,Fararmer,UNCHANGED,Fararmer,Farmer
Fardmer,1,Fardmer,UNCHANGED,Fardmer,Farmer
Farem Laborer,1,Farem Labourer,AMERICAN_SPELLING,Farem,Farm Labourer
Faremr,1,Faremr,UNCHANGED,Faremr,Farmer
Farier,1,Farier,UNCHANGED,Farier,Farmer
Farim Labourer,1,Farim Labourer,UNCHANGED,Farim,Farm Labourer
Farlor,1,Farlor,UNCHANGED,Farlor,Farmer
Farm Agricultural Laboure,1,Farm Agricultural Laboure,UNCHANGED,Laboure,Farm Agricultural Labourer
Farm Assistnt,1,Farm Assistnt,UNCHANGED,Assistnt,Farm Assistant
Farm Assitant,1,Farm Assitant,UNCHANGED,Assitant,Farm Assistant
Farm Cartaker,1,Farm Cartaker,UNCHANGED,Cartaker,Farm Caretaker
Farm Domesitc Servant,1,Farm Domesitc Servant,UNCHANGED,Domesitc,Farm Domestic Servant
Farm Labaour,1,Farm Labaour,UNCHANGED,Labaour,Farm Labour
Farm Labarer,1,Farm Labarer,UNCHANGED,Labarer,Farm Labourer
Farm Labaurer,1,Farm Labaurer,UNCHANGED,Labaurer,Farm Labourer
Farm Labeouer,1,Farm Labeouer,UNCHANGED,Labeouer,Farm Labourer
Farm Labeour,1,Farm Labeour,UNCHANGED,Labeour,Farm Labour
Farm Laberourer,1,Farm Laberourer,UNCHANGED,Laberourer,Farm Labourer
Farm Laberrer,1,Farm Laberrer,UNCHANGED,Laberrer,Farm Labourer
Farm Labhour,1,Farm Labhour,UNCHANGED,Labhour,Farm Labour
Farm Labirour,1,Farm Labirour,UNCHANGED,Labirour,Farm Labour
Farm Laboer,1,Farm Laboer,UNCHANGED,Laboer,Farm Labour
Farm Laboeurer,1,Farm Laboeurer,UNCHANGED,Laboeurer,Farm Labourer
Farm Laboirer,1,Farm Laboirer,UNCHANGED,Laboirer,Farm Labourer
Farm Laboorer,1,Farm Laboorer,UNCHANGED,Laboorer,Farm Labourer
Farm Laboreor,1,Farm Laboreor,UNCHANGED,Laboreor,Farm Labourer
Farm Laboruer,1,Farm Laboruer,UNCHANGED,Laboruer,Farm Labourer
Farm Laborurer,1,Farm Laborurer,UNCHANGED,Laborurer,Farm Labourer
Farm Labouer Servant,1,Farm Labouer Servant,UNCHANGED,Labouer,Farm Labourer Servant
Farm Labouerr,1,Farm Labouerr,UNCHANGED,Labouerr,Farm Labourer
Farm Labouour,1,Farm Labouour,UNCHANGED,Labouour,Farm Labourer
Farm Labourd,1,Farm Labourd,UNCHANGED,Labourd,Farm Labour
Farm Laboure's Widow,1,Farm Laboure's Widow,UNCHANGED,Laboure's,Farm Labourer's Widow
Farm Laboureer,1,Farm Laboureer,UNCHANGED,Laboureer,Farm Labourer
Farm Labourer Servnt,1,Farm Labourer Servnt,UNCHANGED,Servnt,Farm Labourer Servant
Farm Labourerr,1,Farm Labourerr,UNCHANGED,Labourerr,Farm Labourer
Farm Labourery,1,Farm Labourery,UNCHANGED,Labourery,Farm Labourer
Farm Labourey,1,Farm Labourey,UNCHANGED,Labourey,Farm Labourer
Farm Labourier,1,Farm Labourier,UNCHANGED,Labourier,Farm Labourer
Farm Labourreer,1,Farm Labourreer,UNCHANGED,Labourreer,Farm Labourer
Farm Labuerer,1,Farm Labuerer,UNCHANGED,Labuerer,Farm Labourer
Farm Labur,1,Farm Labur,UNCHANGED,Labur,Farm Labour
Farm Laburrer,1,Farm Laburrer,UNCHANGED,Laburrer,Farm Labourer
Farm Ladourer,1,Farm Ladourer,UNCHANGED,Ladourer,Farm Labourer
Farm Laibouer,1,Farm Laibouer,UNCHANGED,Laibouer,Farm Labourer
Farm Laibour,1,Farm Laibour,UNCHANGED,Laibour,Farm Labour
Farm Laoburer,1,Farm Laoburer,UNCHANGED,Laoburer,Farm Labourer
Farm Laouber,1,Farm Laouber,UNCHANGED,Laouber,Farm Labourer
Farm Laourer,1,Farm Laourer,UNCHANGED,Laourer,Farm Labourer
Farm Laybourer,1,Farm Laybourer,UNCHANGED,Laybourer,Farm Labourer
Farm Leaborer,1,Farm Leaborer,UNCHANGED,Leaborer,Farm Labourer
Farm Leamourer Domestic,1,Farm Leamourer Domestic,UNCHANGED,Leamourer,Farm Labourer Domestic
Farm Loburer,1,Farm Loburer,UNCHANGED,Loburer,Farm Labourer
Farm Searvant,1,Farm Searvant,UNCHANGED,Searvant,Farm Servant
Farm Seavant,1,Farm Seavant,UNCHANGED,Seavant,Farm Servant
Farm Seaveant,1,Farm Seaveant,UNCHANGED,Seaveant,Farm Servant
Farm Seervant,1,Farm Seervant,UNCHANGED,Seervant,Farm Servant
Farm Sereant,1,Farm Sereant,UNCHANGED,Sereant,Farm Servant
Farm Serpant,1,Farm Serpant,UNCHANGED,Serpant,Farm Servant
Farm Servant Domc,1,Farm Servant Domc,UNCHANGED,Domc,Farm Servant Dom
Farm Servant Domt,1,Farm Servant Domt,UNCHANGED,Domt,Farm Servant Dom
Farm Servantt,1,Farm Servantt,UNCHANGED,Servantt,Farm Servant
Farm Servenant,1,Farm Servenant,UNCHANGED,Servenant,Farm Servant
Farm Servenat,1,Farm Servenat,UNCHANGED,Servenat,Farm Servant
Farm Serviant,1,Farm Serviant,UNCHANGED,Serviant,Farm Servant
Farm Serwant,1,Farm Serwant,UNCHANGED,Serwant,Farm Servant
Farm-Serant,1,Farm Serant,NORMALIZATION,Serant,Farm Servant
Farmar and Shopkeeper,1,Farmar and Shopkeeper,UNCHANGED,Farmar,Farmer and Shopkeeper
Farmar Labour,1,Farmar Labour,UNCHANGED,Farmar,Farmer Labour
Farmar Servant,1,Farmar Servant,UNCHANGED,Farmar,Farmer Servant
Farme Servant Domestic,1,Farme Domestic Servant,WORD_ORDER,Farme,Farmer Domestic Servant
Farme Servent,1,Farme Servent,UNCHANGED,Farme; Servent,Farmer Servant
Farme's Brother,1,Farme's Brother,UNCHANGED,Farme's,Farmer's Brother
Farme's Niece,1,Farme's Niece,UNCHANGED,Farme's,Farmer's Niece
Farme's Sister,1,Farme's Sister,UNCHANGED,Farme's,Farmer's Sister
Farmen's Son,1,Farmen's Son,UNCHANGED,Farmen's,Farmer's Son
Farmer Agrictural Labouer,1,Farmer Agrictural Labouer,UNCHANGED,Agrictural; Labouer,Farmer Agricultural Labourer
Farmer and (Road Contrator),1,Farmer and Road Contrator,NORMALIZATION,Contrator,Farmer and Road Contractor
Farmer and Agrictural Labourer,1,Farmer and Agrictural Labourer,UNCHANGED,Agrictural,Farmer and Agricultural Labourer
Farmer and Agriculttaral Labourer,1,Farmer and Agriculttaral Labourer,UNCHANGED,Agriculttaral,Farmer and Agricultural Labourer
Farmer and Agricultural Laboure,1,Farmer and Agricultural Laboure,UNCHANGED,Laboure,Farmer and Agricultural Labourer
Farmer and Catle Dealer,1,Farmer and Catle Dealer,UNCHANGED,Catle,Farmer and Cattle Dealer
Farmer and Catle Dealr,1,Farmer and Catle Dealr,UNCHANGED,Catle; Dealr,Farmer and Cattle Dealer
Farmer and Cattler Dealer,1,Farmer and Cattler Dealer,UNCHANGED,Cattler,Farmer and Cattle Dealer
Farmer and General Laborerer,1,Farmer and General Laborerer,UNCHANGED,Laborerer,Farmer and General Labourer
Farmer and Genreal Labourer,1,Farmer and Genreal Labourer,UNCHANGED,Genreal,Farmer and General Labourer
Farmer and Horse Dealr,1,Farmer and Horse Dealr,UNCHANGED,Dealr,Farmer and Horse Dealer
Farmer and Husekeeper,1,Farmer and Husekeeper,UNCHANGED,Husekeeper,Farmer and Housekeeper
Farmer and Laborurer,1,Farmer and Laborurer,UNCHANGED,Laborurer,Farmer and Labourer
Farmer and Laboure,1,Farmer and Laboure,UNCHANGED,Laboure,Farmer and Labourer
Farmer and Labouror,1,Farmer and Labouror,UNCHANGED,Labouror,Farmer and Labourer
Farmer and Rate Colector,1,Farmer and Rate Colector,UNCHANGED,Colector,Farmer and Rate Collector
Farmer and Road Contracto,1,Farmer and Road Contracto,UNCHANGED,Contracto,Farmer and Road Contractor
Farmer and Rute Collector,1,Farmer and Rute Collector,UNCHANGED,Rute,Farmer and Rate Collector
Farmer and Sheomaker,1,Farmer and Sheomaker,UNCHANGED,Sheomaker,Farmer and Shoemaker
Farmer and Shophelper,1,Farmer and Shophelper,UNCHANGED,Shophelper,Farmer and Shopkeeper
Farmer and Shopkeper,1,Farmer and Shopkeper,UNCHANGED,Shopkeper,Farmer and Shopkeeper
Farmer and Shopkepper,1,Farmer and Shopkepper,UNCHANGED,Shopkepper,Farmer and Shopkeeper
Farmer and Shopmaker,1,Farmer and Shopmaker,UNCHANGED,Shopmaker,Farmer and Shoemaker
Farmer Labeour,1,Farmer Labeour,UNCHANGED,Labeour,Farmer Labour
Farmer Laboror,1,Farmer Laboror,UNCHANGED,Laboror,Farmer Labourer
Farmer Labouar,1,Farmer Labouar,UNCHANGED,Labouar,Farmer Labour
Farmer Laboure,1,Farmer Laboure,UNCHANGED,Laboure,Farmer Labourer
Farmer Labur,1,Farmer Labur,UNCHANGED,Labur,Farmer Labour
Farmer Lobourer,1,Farmer Lobourer,UNCHANGED,Lobourer,Farmer Labourer
Farmer Magestrate,1,Farmer Magestrate,UNCHANGED,Magestrate,Farmer Magistrate
Farmer Magristrate,1,Farmer Magristrate,UNCHANGED,Magristrate,Farmer Magistrate
Farmer Ritd,1,Farmer Ritd,UNCHANGED,Ritd,Farmer Retd
Farmer Ritired,1,Farmer Ritired,UNCHANGED,Ritired,Farmer Retired
Farmer Searvant,1,Farmer Searvant,UNCHANGED,Searvant,Farmer Servant
Farmer Servnt,1,Farmer Servnt,UNCHANGED,Servnt,Farmer Servant
Farmer Siste,1,Farmer Siste,UNCHANGED,Siste,Farmer Sister
Farmer Wfie,1,Farmer Wfie,UNCHANGED,Wfie,Farmer Wife
Farmer Whife,1,Farmer Whife,UNCHANGED,Whife,Farmer Wife
Farmer's Assisant,1,Farmer's Assisant,UNCHANGED,Assisant,Farmer's Assistant
Farmer's Daaghter,1,Farmer's Daaghter,UNCHANGED,Daaghter,Farmer's Daughter
Farmer's Danghter,1,Farmer's Danghter,UNCHANGED,Danghter,Farmer's Daughter
Farmer's Dauaghter,1,Farmer's Dauaghter,UNCHANGED,Dauaghter,Farmer's Daughter
Farmer's Daughe,1,Farmer's Daughe,UNCHANGED,Daughe,Farmer's Daughter
Farmer's Daugheter,1,Farmer's Daugheter,UNCHANGED,Daugheter,Farmer's Daughter
Farmer's Daughter Scolar,1,Farmer's Daughter Scolar,UNCHANGED,Scolar,Farmer's Daughter Scholar
Farmer's Daugtter,1,Farmer's Daugtter,UNCHANGED,Daugtter,Farmer's Daughter
Farmer's Doughter Housekeeper,1,Farmer's Doughter Housekeeper,UNCHANGED,Doughter,Farmer's Daughter Housekeeper
Farmer's Duagher,1,Farmer's Duagher,UNCHANGED,Duagher,Farmer's Daughter
Farmer's Gran Son,1,Farmer's Gran Son,UNCHANGED,Gran,Farmer's Grand Son
Farmer's Granson,1,Farmer's Granson,UNCHANGED,Granson,Farmer's Grandson
Farmer's Gson,1,Farmer's Gson,UNCHANGED,Gson,Farmer's Son
Farmer's Labouer,1,Farmer's Labouer,UNCHANGED,Labouer,Farmer's Labourer
Farmer's Laboure,1,Farmer's Laboure,UNCHANGED,Laboure,Farmer's Labourer
Farmer's Severant,1,Farmer's Severant,UNCHANGED,Severant,Farmer's Servant
Farmer's Sistr,1,Farmer's Sistr,UNCHANGED,Sistr,Farmer's Sister
Farmer's Widdow,1,Farmer's Widdow,UNCHANGED,Widdow,Farmer's Widow
Farmer's Wif,1,Farmer's Wif,UNCHANGED,Wif,Farmer's Wife
Farmer's Wiyfe,1,Farmer's Wiyfe,UNCHANGED,Wiyfe,Farmer's Wife
"Farmer,'s Daughter",1,"Farmer,'s Daughter",UNCHANGED,"Farmer,'s",Farmer's Daughter
Farmeresse's Son,1,Farmeresse's Son,UNCHANGED,Farmeresse's,Farmeress's Son
Farmerig,1,Farmerig,UNCHANGED,Farmerig,Farmer
Farmerm,1,Farmerm,UNCHANGED,Farmerm,Farmer
Farmeror,1,Farmeror,UNCHANGED,Farmeror,Farmer
Farmerr,1,Farmerr,UNCHANGED,Farmerr,Farmer
Farmers Houskeeper,1,Farmers Houskeeper,UNCHANGED,Houskeeper,Farmers Housekeeper
Farmers Son Laburor,1,Farmer's Son Laburor,POSSESSIVE,Laburor,Farmer's Son Labourer
Farmers Son Scholer,1,Farmer's Son Scholer,POSSESSIVE,Scholer,Farmer's Son Scholar
Farmes and Stone Cutter,1,Farmes and Stone Cutter,UNCHANGED,Farmes,Farmer and Stone Cutter
Farmes Labourer,1,Farmes Labourer,UNCHANGED,Farmes,Farmer Labourer
Farmesr's Son,1,Farmesr's Son,UNCHANGED,Farmesr's,Farmer's Son
Farming Servnat,1,Farming Servnat,UNCHANGED,Servnat,Farming Servant
Farmor Wife,1,Farmor Wife,UNCHANGED,Farmor,Farmer Wife
Farmor's Daughter,1,Farmor's Daughter,UNCHANGED,Farmor's,Farmer's Daughter
Farmr Labourer,1,Farmr Labourer,UNCHANGED,Farmr,Farmer Labourer
Farmr Servant,1,Farmr Servant,STANDARD,Farmr,Farmer Servant
Farmr Servt,1,Farmr Servant,ABBREVIATION,Farmr,Farmer Servant
Farmr Siter,1,Farmr Siter,UNCHANGED,Farmr; Siter,Farmer Sister
Farmr's Wife,1,Farmr's Wife,UNCHANGED,Farmr's,Farmer's Wife
Farmrer,1,Farmrer,UNCHANGED,Farmrer,Farmer
Farmrer's Son,1,Farmrer's Son,UNCHANGED,Farmrer's,Farmer's Son
Farms Labouer,1,Farms Labouer,UNCHANGED,Labouer,Farms Labourer
Farn Labourer,1,Farn Labourer,UNCHANGED,Farn,Farm Labourer
Farner Servant,1,Farner Servant,UNCHANGED,Farner,Farmer Servant
Farner's Wife,1,Farner's Wife,UNCHANGED,Farner's,Farmer's Wife
Farnmer,1,Farnmer,UNCHANGED,Farnmer,Farmer
Farom Labourer,1,Farom Labourer,UNCHANGED,Farom,Farm Labourer
Farrm Servant,1,Farrm Servant,UNCHANGED,Farrm,Farm Servant
Farrmer's Wife,1,Farrmer's Wife,UNCHANGED,Farrmer's,Farmer's Wife
Farrmir,1,Farrmir,UNCHANGED,Farrmir,Farmer
Farrn Labourer,1,Farrn Labourer,UNCHANGED,Farrn,Farm Labourer
Fatory Labourer,1,Fatory Labourer,UNCHANGED,Fatory,Factory Labourer
Fawl Plucker,1,Fawl Plucker,UNCHANGED,Fawl,Fowl Plucker
Felax Spinner,1,Felax Spinner,UNCHANGED,Felax,Flax Spinner
Ferm Servant,1,Ferm Servant,UNCHANGED,Ferm,Farm Servant
Ferm Servent,1,Ferm Servent,UNCHANGED,Ferm; Servent,Farm Servant
Fermer,1,Fermer,UNCHANGED,Fermer,Farmer
Finsher (Linen),1,Finsher Linen,NORMALIZATION,Finsher,Finisher Linen
Fire Bridgade Man,1,Fire Bridgade Man,UNCHANGED,Bridgade,Fire Brigade Man
Fireaman (M.G.W.R),1,Fireaman M.G.W.R,NORMALIZATION,Fireaman; M.G.W.R,Fireman M.G.W.R
Fireman Gass Works,1,Fireman Gass Works,UNCHANGED,Gass,Fireman Gas Works
Fireman Steam-Veseel,1,Fireman Steam Veseel,NORMALIZATION,Veseel,Fireman Steam Vessel
Fireman Unemplyed,1,Fireman Unemplyed,UNCHANGED,Unemplyed,Fireman Unemployed
Firesman M.G.W.R,1,Firesman M.G.W.R,UNCHANGED,Firesman; M.G.W.R,Fireman M.G.W.R
Fiserman,1,Fiserman,UNCHANGED,Fiserman,Fisherman
Fisferman,1,Fisferman,UNCHANGED,Fisferman,Fisherman
Fish Curen,1,Fish Curen,UNCHANGED,Curen,Fish Curer
Fish Cuser,1,Fish Cuser,UNCHANGED,Cuser,Fish Curer
Fish Daeler,1,Fish Daeler,UNCHANGED,Daeler,Fish Dealer
Fish Dealier,1,Fish Dealier,UNCHANGED,Dealier,Fish Dealer
Fish Dealler,1,Fish Dealler,UNCHANGED,Dealler,Fish Dealer
Fish Dealr,1,Fish Dealr,UNCHANGED,Dealr,Fish Dealer
Fish Mongor,1,Fish Mongor,UNCHANGED,Mongor,Fish Monger
Fish Mounger,1,Fish Mounger,UNCHANGED,Mounger,Fish Monger
Fish Vendar,1,Fish Vendar,UNCHANGED,Vendar,Fish Vendor
Fishermane,1,Fishermane,UNCHANGED,Fishermane,Fisherman
Fishernan,1,Fishernan,UNCHANGED,Fishernan,Fisherman
Fitter (Iron Foundary),1,Fitter Iron Foundary,NORMALIZATION,Foundary,Fitter Iron Foundry
Flac Mill Worker,1,Flac Mill Worker,UNCHANGED,Flac,Flax Mill Worker
Flaix Dresser,1,Flaix Dresser,UNCHANGED,Flaix,Flax Dresser
Flarmer Labour,1,Flarmer Labour,UNCHANGED,Flarmer,Farmer Labour
Flarx Spinner,1,Flarx Spinner,UNCHANGED,Flarx,Flax Spinner
Flas Rougher,1,Flas Rougher,UNCHANGED,Flas,Flax Rougher
Flas Spinner,1,Flas Spinner,UNCHANGED,Flas,Flax Spinner
Flax Cleanor,1,Flax Cleanor,UNCHANGED,Cleanor,Flax Cleaner
Flax Deresser,1,Flax Deresser,UNCHANGED,Deresser,Flax Dresser
Flax Drasser,1,Flax Drasser,UNCHANGED,Drasser,Flax Dresser
Flax Drawerer in Mill,1,Flax Drawerer in Mill,UNCHANGED,Drawerer,Flax Drawer in Mill
Flax Drawr in Mill,1,Flax Drawr in Mill,UNCHANGED,Drawr,Flax Drawer in Mill
Flax Dreaser,1,Flax Dreaser,UNCHANGED,Dreaser,Flax Dresser
Flax Drescer,1,Flax Drescer,UNCHANGED,Drescer,Flax Dresser
Flax Dressar in Mill,1,Flax Dressar in Mill,UNCHANGED,Dressar,Flax Dresser in Mill
Flax Dresserr,1,Flax Dresserr,UNCHANGED,Dresserr,Flax Dresser
Flax Drisser,1,Flax Drisser,UNCHANGED,Drisser,Flax Dresser
Flax Mill Woker,1,Flax Mill Woker,UNCHANGED,Woker,Flax Mill Worker
Flax Perpairer,1,Flax Perpairer,UNCHANGED,Perpairer,Flax Preparer
Flax Perparer Mill Worker,1,Flax Perparer Mill Worker,UNCHANGED,Perparer,Flax Preparer Mill Worker
Flax Preperar,1,Flax Preperar,UNCHANGED,Preperar,Flax Preparer
Flax Preperer in Mill,1,Flax Preperer in Mill,UNCHANGED,Preperer,Flax Preparer in Mill
Flax Preperor,1,Flax Preperor,UNCHANGED,Preperor,Flax Preparer
Flax Preperor Mill Worker,1,Flax Preperor Mill Worker,UNCHANGED,Preperor,Flax Preparer Mill Worker
Flax Preporar,1,Flax Preporar,UNCHANGED,Preporar,Flax Preparer
Flax Preporer in Mill,1,Flax Preporer in Mill,UNCHANGED,Preporer,Flax Preparer in Mill
Flax Prpairer,1,Flax Prpairer,UNCHANGED,Prpairer,Flax Preparer
Flax Roaver,1,Flax Roaver,UNCHANGED,Roaver,Flax Rover
Flax Roucher,1,Flax Roucher,UNCHANGED,Roucher,Flax Rougher
Flax Rougber,1,Flax Rougber,UNCHANGED,Rougber,Flax Rougher
Flax Roughter,1,Flax Roughter,UNCHANGED,Roughter,Flax Rougher
Flax Schucher,1,Flax Schucher,UNCHANGED,Schucher,Flax Scutcher
Flax Sctutcher,1,Flax Sctutcher,UNCHANGED,Sctutcher,Flax Scutcher
Flax Scutche,1,Flax Scutche,UNCHANGED,Scutche,Flax Scutcher
Flax Scuther,1,Flax Scuther,STANDARD,Scuther,Flax Scutcher
Flax Scutiher,1,Flax Scutiher,UNCHANGED,Scutiher,Flax Scutcher
Flax Shutcher,1,Flax Shutcher,UNCHANGED,Shutcher,Flax Scutcher
Flax Sortter,1,Flax Sortter,UNCHANGED,Sortter,Flax Sorter
Flax Speader,1,Flax Speader,UNCHANGED,Speader,Flax Spreader
Flax Spiner in Mill,1,Flax Spiner in Mill,UNCHANGED,Spiner,Flax Spinner in Mill
Flax Spining Master,1,Flax Spining Master,UNCHANGED,Spining,Flax Spinning Master
Flax Spinnir,1,Flax Spinnir,UNCHANGED,Spinnir,Flax Spinner
Flax Sppinner,1,Flax Sppinner,UNCHANGED,Sppinner,Flax Spinner
Flax Spreadder,1,Flax Spreadder,UNCHANGED,Spreadder,Flax Spreader
Flax Spreaer,1,Flax Spreaer,UNCHANGED,Spreaer,Flax Spreader
Flax Spredar,1,Flax Spredar,UNCHANGED,Spredar,Flax Spreader
Flax Spredder,1,Flax Spredder,UNCHANGED,Spredder,Flax Spreader
Flax Spredder in Mill,1,Flax Spredder in Mill,UNCHANGED,Spredder,Flax Spreader in Mill
Flax Spriader in Mill,1,Flax Spriader in Mill,UNCHANGED,Spriader,Flax Spreader in Mill
Flax Struker,1,Flax Struker,UNCHANGED,Struker,Flax Striker
Flax Windor,1,Flax Windor,UNCHANGED,Windor,Flax Winder
Flax-Dreser,1,Flax Dreser,NORMALIZATION,Dreser,Flax Dresser
Flax-Scuther,1,Flax Scuther,NORMALIZATION,Scuther,Flax Scutcher
Flax-Seutcher,1,Flax Seutcher,NORMALIZATION,Seutcher,Flax Scutcher
Flour Mill Labouer,1,Flour Mill Labouer,UNCHANGED,Labouer,Flour Mill Labourer
Flox Mill Worker,1,Flox Mill Worker,UNCHANGED,Flox,Flax Mill Worker
Flox Rougher,1,Flox Rougher,UNCHANGED,Flox,Flax Rougher
Flox Spiner,1,Flox Spiner,UNCHANGED,Flox; Spiner,Flax Spinner
Flx Rougher,1,Flx Rougher,UNCHANGED,Flx,Flax Rougher
Flx Spinner,1,Flx Spinner,UNCHANGED,Flx,Flax Spinner
Foalder,1,Foalder,UNCHANGED,Foalder,Folder
Folder Hankerchief,1,Folder Hankerchief,UNCHANGED,Hankerchief,Folder Handkerchief
Foolman Domestic,1,Foolman Domestic,UNCHANGED,Foolman,Footman Domestic
Foolman Domestic Servant,1,Foolman Domestic Servant,UNCHANGED,Foolman,Footman Domestic Servant
Footmaid Servant Domestic,1,Footmaid Domestic Servant,WORD_ORDER,Footmaid,Footman Domestic Servant
Footman Domesitc Servt,1,Footman Domesitc Servant,ABBREVIATION,Domesitc,Footman Domestic Servant
Footman Domestic Servent,1,Footman Domestic Servent,UNCHANGED,Servent,Footman Domestic Servant
Footman Domestick,1,Footman Domestick,UNCHANGED,Domestick,Footman Domestic
Footman-Domestic Sevt,1,Footman Domestic Sevt,NORMALIZATION,Sevt,Footman Domestic Sert
Footmans Domestic Servant,1,Footmans Domestic Servant,UNCHANGED,Footmans,Footman Domestic Servant
Foreman Carpentor,1,Foreman Carpentor,UNCHANGED,Carpentor,Foreman Carpenter
Foreman Carysenter,1,Foreman Carysenter,UNCHANGED,Carysenter,Foreman Carpenter
Foreman Compositer,1,Foreman Compositer,UNCHANGED,Compositer,Foreman Compositor
Forman Gardener Domestic Servant,1,Forman Gardener Domestic Servant,UNCHANGED,Forman,Foreman Gardener Domestic Servant
Fostman,1,Fostman,UNCHANGED,Fostman,Postman
Fouel Plueker,1,Fouel Plueker,UNCHANGED,Fouel; Plueker,Foul Plucker
Foul Deler,1,Foul Deler,UNCHANGED,Deler,Foul Dealer
Foul Plucher,1,Foul Plucher,UNCHANGED,Plucher,Foul Plucker
Foull Plucker,1,Foull Plucker,UNCHANGED,Foull,Foul Plucker
Founday Labourer,1,Founday Labourer,UNCHANGED,Founday,Foundry Labourer
Foundry Labouer,1,Foundry Labouer,UNCHANGED,Labouer,Foundry Labourer
Foundy Laborer,1,Foundy Labourer,AMERICAN_SPELLING,Foundy,Foundry Labourer
Foundy Labourer,1,Foundy Labourer,STANDARD,Foundy,Foundry Labourer
Foureny Man Tailor,1,Foureny Man Tailor,UNCHANGED,Foureny,Journey Man Tailor
Fourman Carpenter,1,Fourman Carpenter,UNCHANGED,Fourman,Foreman Carpenter
Fourman Gardener Domestic Servant,1,Fourman Gardener Domestic Servant,UNCHANGED,Fourman,Foreman Gardener Domestic Servant
Fowel Buyer,1,Fowel Buyer,UNCHANGED,Fowel,Fowl Buyer
Fowl Dealear,1,Fowl Dealear,UNCHANGED,Dealear,Fowl Dealer
Frameaker,1,Frameaker,UNCHANGED,Frameaker,Framemaker
Frarm Labour,1,Frarm Labour,UNCHANGED,Frarm,Farm Labour
French Palosher,1,French Palosher,UNCHANGED,Palosher,French Polisher
French Poilsher,1,French Poilsher,UNCHANGED,Poilsher,French Polisher
French Polesher,1,French Polesher,UNCHANGED,Polesher,French Polisher
French Policher,1,French Policher,UNCHANGED,Policher,French Polisher
French Poliser,1,French Poliser,UNCHANGED,Poliser,French Polisher
French Potesher,1,French Potesher,UNCHANGED,Potesher,French Polisher
Frencs Polisher,1,Frencs Polisher,UNCHANGED,Frencs,French Polisher
Friut Dealer,1,Friut Dealer,UNCHANGED,Friut,Fruit Dealer
Frmer and Shop Keeper,1,Frmer and Shopkeeper,COMPOUND_KEEPER,Frmer,Farmer and Shopkeeper
Frmer's Daughter,1,Frmer's Daughter,UNCHANGED,Frmer's,Farmer's Daughter
Fruid Dealer,1,Fruid Dealer,UNCHANGED,Fruid,Fruit Dealer
Fruit Vendr,1,Fruit Vendr,UNCHANGED,Vendr,Fruit Vendor
Furniture Shop Assisant,1,Furniture Shop Assisant,UNCHANGED,Assisant,Furniture Shop Assistant
Fysherman,1,Fysherman,UNCHANGED,Fysherman,Fisherman
Fyshermann,1,Fyshermann,UNCHANGED,Fyshermann,Fisherman
G Serveant,1,G Serveant,UNCHANGED,Serveant,G Servant
G.L. Servant Domestic,1,G.L. Domestic Servant,WORD_ORDER,G.L,Gl. Domestic Servant
Gaas Labourer,1,Gaas Labourer,UNCHANGED,Gaas,Gas Labourer
Gaime Keeper,1,Gaime Keeper,UNCHANGED,Gaime,Game Keeper
Galaener,1,Galaener,UNCHANGED,Galaener,Gardener
Galsewoman Drapery,1,Galsewoman Drapery,UNCHANGED,Galsewoman,Saleswoman Drapery
Game Keeperer,1,Game Keeperer,UNCHANGED,Keeperer,Game Keeper
Game Keepper,1,Game Keepper,UNCHANGED,Keepper,Game Keeper
Gamkeeper Domestic Servant,1,Gamkeeper Domestic Servant,UNCHANGED,Gamkeeper,Gamekeeper Domestic Servant
Gaml Keeper,1,Gaml Keeper,UNCHANGED,Gaml,Game Keeper
Ganden Labour,1,Ganden Labour,UNCHANGED,Ganden,Garden Labour
Gandener,1,Gandener,UNCHANGED,Gandener,Gardener
Ganeral Domestic Servant,1,Ganeral Domestic Servant,UNCHANGED,Ganeral,General Domestic Servant
Ganeral Servant,1,Ganeral Servant,UNCHANGED,Ganeral,General Servant
Gangeron Railway,1,Gangeron Railway,UNCHANGED,Gangeron,Ganger Railway
Gardan Labourer,1,Gardan Labourer,UNCHANGED,Gardan,Garden Labourer
Gardaner Domestic Servant,1,Gardaner Domestic Servant,UNCHANGED,Gardaner,Gardener Domestic Servant
Gardeiner,1,Gardeiner,UNCHANGED,Gardeiner,Gardener
Garden Laborurer,1,Garden Laborurer,UNCHANGED,Laborurer,Garden Labourer
Garden Laboure,1,Garden Laboure,UNCHANGED,Laboure,Garden Labourer
Garden Labourr,1,Garden Labourr,UNCHANGED,Labourr,Garden Labourer
Garden Lavourer,1,Garden Lavourer,UNCHANGED,Lavourer,Garden Labourer
Garden Rebourer,1,Garden Rebourer,UNCHANGED,Rebourer,Garden Labourer
Gardenar Domestic,1,Gardenar Domestic,UNCHANGED,Gardenar,Gardener Domestic
Gardene,1,Gardene,UNCHANGED,Gardene,Gardener
Gardene Domestic Servant,1,Gardene Domestic Servant,UNCHANGED,Gardene,Gardener Domestic Servant
Gardenen,1,Gardenen,UNCHANGED,Gardenen,Gardener
Gardener - Domestc Servant,1,Gardener Domestc Servant,NORMALIZATION,Domestc,Gardener Domestic Servant
Gardener - Domestic Svt,1,Gardener Domestic Svt,NORMALIZATION,Svt,Gardener Domestic St
Gardener D Serveant,1,Gardener D Serveant,UNCHANGED,Serveant,Gardener D Servant
Gardener Domc Servant,1,Gardener Domc Servant,STANDARD,Domc,Gardener Dom Servant
Gardener Domc Servt,1,Gardener Domc Servant,ABBREVIATION,Domc,Gardener Dom Servant
Gardener Domc-Servant,1,Gardener Domc Servant,NORMALIZATION,Domc,Gardener Dom Servant
Gardener Domestc Servant,1,Gardener Domestc Servant,STANDARD,Domestc,Gardener Domestic Servant
Gardener Domesti Servan,1,Gardener Domesti Servan,UNCHANGED,Domesti; Servan,Gardener Domestic Servant
Gardener Domesti Servant,1,Gardener Domesti Servant,STANDARD,Domesti,Gardener Domestic Servant
Gardener Domesti Servt,1,Gardener Domesti Servant,ABBREVIATION,Domesti,Gardener Domestic Servant
Gardener Domestic Servnt,1,Gardener Domestic Servnt,UNCHANGED,Servnt,Gardener Domestic Servant
Gardener Domestick,1,Gardener Domestick,UNCHANGED,Domestick,Gardener Domestic
Gardener Domstic Sert,1,Gardener Domstic Sert,UNCHANGED,Domstic,Gardener Domestic Sert
Gardener Domt Servant,1,Gardener Domt Servant,STANDARD,Domt,Gardener Dom Servant
Gardener Tobbing,1,Gardener Tobbing,UNCHANGED,Tobbing,Gardener Jobbing
Gardener-Doemstic Servt,1,Gardener Doemstic Servant,ABBREVIATION; NORMALIZATION,Doemstic,Gardener Domestic Servant
Gardener-Domestic Sev,1,Gardener Domestic Sev,NORMALIZATION,Sev,Gardener Domestic Ser
Gardener-Domsetic Servant,1,Gardener Domsetic Servant,NORMALIZATION,Domsetic,Gardener Domestic Servant
Gardenery Domestic Servant,1,Gardenery Domestic Servant,UNCHANGED,Gardenery,Gardener Domestic Servant
Gardenet,1,Gardenet,UNCHANGED,Gardenet,Gardener
Gardenier,1,Gardenier,UNCHANGED,Gardenier,Gardener
Gardenier Domestic Servant,1,Gardenier Domestic Servant,STANDARD,Gardenier,Gardener Domestic Servant
Gardenier Domestic Servt,1,Gardenier Domestic Servant,ABBREVIATION,Gardenier,Gardener Domestic Servant
Gardenner,1,Gardenner,UNCHANGED,Gardenner,Gardener
Gardenor Domestic,1,Gardenor Domestic,UNCHANGED,Gardenor,Gardener Domestic
Gardenrr,1,Gardenrr,UNCHANGED,Gardenrr,Gardener
Garderer,1,Garderer,UNCHANGED,Garderer,Gardener
Garderer Domestic Servant,1,Garderer Domestic Servant,UNCHANGED,Garderer,Gardener Domestic Servant
Gardern Domestic Servant,1,Gardern Domestic Servant,UNCHANGED,Gardern,Garden Domestic Servant
Gardern Labur,1,Gardern Labur,UNCHANGED,Gardern; Labur,Garden Labour
Gardin Labourer,1,Gardin Labourer,UNCHANGED,Gardin,Garden Labourer
Gardiner (Domestic Servant,1,Gardiner Domestic Servant,NORMALIZATION,Gardiner,Gardener Domestic Servant
Gardiner (Domestic Servt),1,Gardiner Domestic Servant,ABBREVIATION; NORMALIZATION,Gardiner,Gardener Domestic Servant
Gardiner - Domestic Servant,1,Gardiner Domestic Servant,NORMALIZATION,Gardiner,Gardener Domestic Servant
Gardiner and Coachman Domestic Servant,1,Gardiner and Coachman Domestic Servant,UNCHANGED,Gardiner,Gardener and Coachman Domestic Servant
Gardiner D Servant,1,Gardiner D Servant,STANDARD,Gardiner,Gardener D Servant
Gardiner D Servt,1,Gardiner D Servant,ABBREVIATION,Gardiner,Gardener D Servant
Gardiner Domestic (Servant),1,Gardiner Domestic Servant,NORMALIZATION,Gardiner,Gardener Domestic Servant
Gardiner Labourer,1,Gardiner Labourer,UNCHANGED,Gardiner,Gardener Labourer
Gardiner Servant,1,Gardiner Servant,UNCHANGED,Gardiner,Gardener Servant
Gardiner Servt Domestic,1,Gardiner Domestic Servant,ABBREVIATION; WORD_ORDER,Gardiner,Gardener Domestic Servant
Gardiner-Apprentice,1,Gardiner Apprentice,NORMALIZATION,Gardiner,Gardener Apprentice
Gardiner-Domestic Svt,1,Gardiner Domestic Svt,NORMALIZATION,Gardiner; Svt,Gardener Domestic St
Gardiner-Unemployed,1,Gardiner Unemployed,NORMALIZATION,Gardiner,Gardener Unemployed
Gardinr Domestic Servant,1,Gardinr Domestic Servant,UNCHANGED,Gardinr,Gardener Domestic Servant
Gardman Domestic Servant,1,Gardman Domestic Servant,UNCHANGED,Gardman,Yardman Domestic Servant
Gardneer,1,Gardneer,UNCHANGED,Gardneer,Gardener
Gardner Domt Servt,1,Gardner Domt Servant,ABBREVIATION,Domt,Gardner Dom Servant
Garedner Domestic,1,Garedner Domestic,UNCHANGED,Garedner,Gardener Domestic
Garedner Domestic Serv,1,Garedner Domestic Serv,UNCHANGED,Garedner,Gardener Domestic Serv
Garender,1,Garender,UNCHANGED,Garender,Gardener
Garener Domestic Servt,1,Garener Domestic Servant,ABBREVIATION,Garener,Gardener Domestic Servant
Garndener,1,Garndener,UNCHANGED,Garndener,Gardener
Gas Fitler,1,Gas Fitler,UNCHANGED,Fitler,Gas Fitter
Gas Laberour,1,Gas Laberour,UNCHANGED,Laberour,Gas Labour
Gas Laborar,1,Gas Laborar,UNCHANGED,Laborar,Gas Labourer
Gas Laborur,1,Gas Laborur,UNCHANGED,Laborur,Gas Labour
Gas Labourler,1,Gas Labourler,UNCHANGED,Labourler,Gas Labourer
Gas Lambour,1,Gas Lambour,UNCHANGED,Lambour,Gas Labour
Gas Meter Inspctor,1,Gas Meter Inspctor,UNCHANGED,Inspctor,Gas Meter Inspector
Gass - Fitter,1,Gass Fitter,NORMALIZATION,Gass,Gas Fitter
Gass Labour,1,Gass Labour,UNCHANGED,Gass,Gas Labour
Gatdener,1,Gatdener,UNCHANGED,Gatdener,Gardener
Gate Lodgd Keeper,1,Gate Lodgd Keeper,UNCHANGED,Lodgd,Gate Lodge Keeper
Gateskeeper on Railway,1,Gateskeeper on Railway,UNCHANGED,Gateskeeper,Gatekeeper on Railway
Gemeral Labourer,1,Gemeral Labourer,UNCHANGED,Gemeral,General Labourer
Gemeral Servant Domestic,1,Gemeral Domestic Servant,WORD_ORDER,Gemeral,General Domestic Servant
Gen Deale,1,Gen Deale,UNCHANGED,Deale,Gen Dealer
Gen Servant Domt,1,Gen Servant Domt,UNCHANGED,Domt,Gen Servant Dom
Gen. Domstic Servant,1,Gen. Domstic Servant,UNCHANGED,Domstic,Gen. Domestic Servant
Genaarl Labour,1,Genaarl Labour,UNCHANGED,Genaarl,General Labour
Genaral Larbour,1,Genaral Larbour,UNCHANGED,Genaral; Larbour,General Labour
Genaral Servant,1,Genaral Servant,UNCHANGED,Genaral,General Servant
Genarel Labouer,1,Genarel Labouer,UNCHANGED,Genarel; Labouer,General Labourer
Genarel Servant,1,Genarel Servant,UNCHANGED,Genarel,General Servant
Genarel Servant Domestic,1,Genarel Domestic Servant,WORD_ORDER,Genarel,General Domestic Servant
Genarl Servant Domestic,1,Genarl Domestic Servant,WORD_ORDER,Genarl,Genal Domestic Servant
Gendrl Leaborer,1,Gendrl Leaborer,UNCHANGED,Gendrl; Leaborer,General Labourer
Genearal Servant (Domestic),1,Genearal Domestic Servant,NORMALIZATION; WORD_ORDER,Genearal,General Domestic Servant
Genearal Servant Domestic,1,Genearal Domestic Servant,WORD_ORDER,Genearal,General Domestic Servant
Genearl Labouar,1,Genearl Labouar,UNCHANGED,Genearl; Labouar,General Labour
Genearl Labouer,1,Genearl Labouer,UNCHANGED,Genearl; Labouer,General Labourer
Genearl Labourey,1,Genearl Labourey,UNCHANGED,Genearl; Labourey,General Labourer
Genearl Servant Domestic,1,Genearl Domestic Servant,WORD_ORDER,Genearl,General Domestic Servant
Genel Sert Domestic,1,Genel Sert Domestic,UNCHANGED,Genel,Genl Sert Domestic
Genel Servant Dom,1,Genel Servant Dom,UNCHANGED,Genel,Genl Servant Dom
Genel. Servant Domestic,1,Genel. Domestic Servant,WORD_ORDER,Genel,Genl. Domestic Servant
Genenarl Labourer,1,Genenarl Labourer,UNCHANGED,Genenarl,General Labourer
Geneneral Labourer,1,Geneneral Labourer,UNCHANGED,Geneneral,General Labourer
Genenral Labourer,1,Genenral Labourer,UNCHANGED,Genenral,General Labourer
Gener Domestic Servant,1,Gener Domestic Servant,STANDARD,Gener,Genera Domestic Servant
General Carier,1,General Carier,UNCHANGED,Carier,General Carter
General Carrer,1,General Carrer,UNCHANGED,Carrer,General Carter
General D Serveant,1,General D Serveant,UNCHANGED,Serveant,General D Servant
General D Sevant,1,General D Sevant,UNCHANGED,Sevant,General D Servant
General Dealar,1,General Dealar,UNCHANGED,Dealar,General Dealer
General Dealaur,1,General Dealaur,UNCHANGED,Dealaur,General Dealer
General Deale,1,General Deale,UNCHANGED,Deale,General Dealer
General Dealered,1,General Dealered,UNCHANGED,Dealered,General Dealer
General Deler,1,General Deler,UNCHANGED,Deler,General Dealer
General Dom Servat,1,General Dom Servat,UNCHANGED,Servat,General Dom Servant
General Dom Servnat,1,General Dom Servnat,UNCHANGED,Servnat,General Dom Servant
General Domestc Servant,1,General Domestc Servant,STANDARD,Domestc,General Domestic Servant
General Domestc Servt,1,General Domestc Servant,ABBREVIATION,Domestc,General Domestic Servant
General Domesti Servt,1,General Domesti Servant,ABBREVIATION,Domesti,General Domestic Servant
General Domestic Serant,1,General Domestic Serant,UNCHANGED,Serant,General Domestic Servant
General Domestic Serfant,1,General Domestic Serfant,UNCHANGED,Serfant,General Domestic Servant
General Domestic Servat,1,General Domestic Servat,UNCHANGED,Servat,General Domestic Servant
General Domestic Servnat,1,General Domestic Servnat,UNCHANGED,Servnat,General Domestic Servant
General Domestic Sev,1,General Domestic Sev,UNCHANGED,Sev,General Domestic Ser
General Domestic Srvant,1,General Domestic Srvant,UNCHANGED,Srvant,General Domestic Servant
General Domestice Servant,1,General Domestice Servant,UNCHANGED,Domestice,General Domestic Servant
General Domestick Servt,1,General Domestick Servant,ABBREVIATION,Domestick,General Domestic Servant
General Domestict Servant,1,General Domestict Servant,UNCHANGED,Domestict,General Domestic Servant
General Dometic Servant,1,General Dometic Servant,UNCHANGED,Dometic,General Domestic Servant
General Farm Leabourer,1,General Farm Leabourer,UNCHANGED,Leabourer,General Farm Labourer
General fervant,1,General fervant,UNCHANGED,fervant,General Servant
General Hosekeeper,1,General Hosekeeper,UNCHANGED,Hosekeeper,General Housekeeper
General Houe Work,1,General Houe Work,UNCHANGED,Houe,General House Work
General Hous Keeping,1,General Hous Keeping,UNCHANGED,Hous,General House Keeping
General Houskeeper,1,General Houskeeper,UNCHANGED,Houskeeper,General Housekeeper
General Lababour,1,General Lababour,UNCHANGED,Lababour,General Labour
General Labaorer,1,General Labaorer,UNCHANGED,Labaorer,General Labourer
General Labauer,1,General Labauer,UNCHANGED,Labauer,General Labourer
General Labcaur,1,General Labcaur,UNCHANGED,Labcaur,General Labour
General Labeourer,1,General Labeourer,UNCHANGED,Labeourer,General Labourer
General Laberourer,1,General Laberourer,UNCHANGED,Laberourer,General Labourer
General Labieour,1,General Labieour,UNCHANGED,Labieour,General Labour
General Labiuoer,1,General Labiuoer,UNCHANGED,Labiuoer,General Labourer
General Lablurer,1,General Lablurer,UNCHANGED,Lablurer,General Labourer
General Laboar,1,General Laboar,UNCHANGED,Laboar,General Labour
General Laboarr,1,General Laboarr,UNCHANGED,Laboarr,General Labourer
General Laboaur,1,General Laboaur,UNCHANGED,Laboaur,General Labour
General Laboaurer,1,General Laboaurer,UNCHANGED,Laboaurer,General Labourer
General Laboeur,1,General Laboeur,UNCHANGED,Laboeur,General Labour
General Laboier,1,General Laboier,UNCHANGED,Laboier,General Labourer
General Laboire,1,General Laboire,UNCHANGED,Laboire,General Labourer
General Laboore,1,General Laboore,UNCHANGED,Laboore,General Labourer
General Laboroer,1,General Laboroer,UNCHANGED,Laboroer,General Labourer
General Laborre,1,General Laborre,UNCHANGED,Laborre,General Labourer
General Labou,1,General Labou,UNCHANGED,Labou,General Labour
General Labouarer,1,General Labouarer,UNCHANGED,Labouarer,General Labourer
General Labouerer in Bleach and Dye Works,1,General Labouerer in Bleach and Dye Works,UNCHANGED,Labouerer,General Labourer in Bleach and Dye Works
General Laboular,1,General Laboular,UNCHANGED,Laboular,General Labourer
General Labouler,1,General Labouler,UNCHANGED,Labouler,General Labourer
General Laboural,1,General Laboural,UNCHANGED,Laboural,General Labourer
General Laboureer,1,General Laboureer,UNCHANGED,Laboureer,General Labourer
General Labourer (Gelired),1,General Labourer Gelired,NORMALIZATION,Gelired,General Labourer Retired
General Labourer (Idlf),1,General Labourer Idlf,NORMALIZATION,Idlf,General Labourer Idle
General Labourer Ememployed,1,General Labourer Ememployed,UNCHANGED,Ememployed,General Labourer Unemployed
General Labourer Unemployer,1,General Labourer Unemployer,UNCHANGED,Unemployer,General Labourer Unemployed
General Labourier,1,General Labourier,UNCHANGED,Labourier,General Labourer
General Labouruer,1,General Labouruer,UNCHANGED,Labouruer,General Labourer
General Labroar,1,General Labroar,UNCHANGED,Labroar,General Labour
General Labrorer,1,General Labrorer,UNCHANGED,Labrorer,General Labourer
General Labrures unemployed,1,General Labrures unemployed,UNCHANGED,Labrures,General Labourer unemployed
General Labuorer,1,General Labuorer,UNCHANGED,Labuorer,General Labourer
General Labuour,1,General Labuour,UNCHANGED,Labuour,General Labour
General Labur,1,General Labur,UNCHANGED,Labur,General Labour
General laburer,1,General laburer,UNCHANGED,laburer,General Labourer
General Laburer Unemployed,1,General Laburer Unemployed,UNCHANGED,Laburer,General Labourer Unemployed
General Laeboour,1,General Laeboour,UNCHANGED,Laeboour,General Labour
General Laibour,1,General Laibour,UNCHANGED,Laibour,General Labour
General Lalouer,1,General Lalouer,UNCHANGED,Lalouer,General Labourer
General Lalour,1,General Lalour,UNCHANGED,Lalour,General Labour
General Laoburer,1,General Laoburer,UNCHANGED,Laoburer,General Labourer
General Laouer,1,General Laouer,UNCHANGED,Laouer,General Labourer
General Larburer,1,General Larburer,UNCHANGED,Larburer,General Labourer
General Laubourer Unemployed,1,General Laubourer Unemployed,UNCHANGED,Laubourer,General Labourer Unemployed
General Laubrour,1,General Laubrour,UNCHANGED,Laubrour,General Labour
General Law Clerke,1,General Law Clerke,UNCHANGED,Clerke,General Law Clerk
General Laybour,1,General Laybour,UNCHANGED,Laybour,General Labour
General Lebourer,1,General Lebourer,UNCHANGED,Lebourer,General Labourer
General Loboarer,1,General Loboarer,UNCHANGED,Loboarer,General Labourer
General Lubourer,1,General Lubourer,UNCHANGED,Lubourer,General Labourer
General Medical Practioner,1,General Medical Practioner,UNCHANGED,Practioner,General Medical Practitioner
General Medical Practisioner,1,General Medical Practisioner,UNCHANGED,Practisioner,General Medical Practitioner
General Medical Practitoner,1,General Medical Practitoner,UNCHANGED,Practitoner,General Medical Practitioner
General Medical-Ractitioner,1,General Medical Ractitioner,NORMALIZATION,Ractitioner,General Medical Practitioner
General Sarvant,1,General Sarvant,UNCHANGED,Sarvant,General Servant
General Seoravnt,1,General Seoravnt,UNCHANGED,Seoravnt,General Servant
General Serv Domstic,1,General Serv Domstic,UNCHANGED,Domstic,General Serv Domestic
General Servan Domest,1,General Servan Domest,UNCHANGED,Servan; Domest,General Servant Domes
General Servan-Housekeeper,1,General Servan Housekeeper,NORMALIZATION,Servan,General Servant Housekeeper
General Servans,1,General Servans,UNCHANGED,Servans,General Servant
General Servant (Domc),1,General Servant Domc,NORMALIZATION,Domc,General Servant Dom
General Servant (Unemplayed),1,General Servant Unemplayed,NORMALIZATION,Unemplayed,General Servant Unemployed
General Servant Cooke,1,General Servant Cooke,UNCHANGED,Cooke,General Servant Cook
General Servant Dmes,1,General Servant Dmes,UNCHANGED,Dmes,General Servant Domes
General Servant Domsk,1,General Servant Domsk,UNCHANGED,Domsk,General Servant Doms
General Servant Domt.,1,General Servant Domt.,UNCHANGED,Domt,General Servant Dom.
General Servant Domtis,1,General Servant Domtis,UNCHANGED,Domtis,General Servant Domes
General Servant Unemoployed,1,General Servant Unemoployed,UNCHANGED,Unemoployed,General Servant Unemployed
General Servant Unemployor,1,General Servant Unemployor,UNCHANGED,Unemployor,General Servant Unemployed
General Servant Unimployed,1,General Servant Unimployed,UNCHANGED,Unimployed,General Servant Unemployed
General Servant-Domc,1,General Servant Domc,NORMALIZATION,Domc,General Servant Dom
General Servant-Domtic,1,General Servant Domtic,NORMALIZATION,Domtic,General Servant Domic
General Servant-Laboure,1,General Servant Laboure,NORMALIZATION,Laboure,General Servant Labourer
General Servant_,1,General Servant_,UNCHANGED,Servant_,General Servant
General Servarant,1,General Servarant,UNCHANGED,Servarant,General Servant
General Servat. Domestic,1,General Servat. Domestic,UNCHANGED,Servat,General Servant. Domestic
General Servd Domestic,1,General Servd Domestic,UNCHANGED,Servd,General Serv Domestic
General Servent Domest,1,General Servent Domest,UNCHANGED,Servent; Domest,General Servant Domes
General Servent Doms,1,General Servent Doms,UNCHANGED,Servent,General Servant Doms
General Servnt Domest,1,General Servnt Domest,UNCHANGED,Servnt; Domest,General Servant Domes
General Servt Domet,1,General Servant Domet,ABBREVIATION,Domet,General Servant Domes
General Servt Domse,1,General Servant Domse,ABBREVIATION,Domse,General Servant Domes
General Severant Domc,1,General Severant Domc,UNCHANGED,Severant; Domc,General Servant Dom
General Soliciters Clerk,1,General Soliciters Clerk,UNCHANGED,Soliciters,General Solicitors Clerk
General Svt (Domestic),1,General Svt Domestic,NORMALIZATION,Svt,General St Domestic
General-Domestc Servt,1,General Domestc Servant,ABBREVIATION; NORMALIZATION,Domestc,General Domestic Servant
General-Domestic Serveant,1,General Domestic Serveant,NORMALIZATION,Serveant,General Domestic Servant
General-Domestic Servent,1,General Domestic Servent,NORMALIZATION,Servent,General Domestic Servant
General-Domsetic Servt,1,General Domsetic Servant,ABBREVIATION; NORMALIZATION,Domsetic,General Domestic Servant
General-Laboror,1,General Laboror,NORMALIZATION,Laboror,General Labourer
General-Labouer,1,General Labouer,NORMALIZATION,Labouer,General Labourer
Generald Labourer,1,Generald Labourer,UNCHANGED,Generald,General Labourer
Generaly Labourer,1,Generaly Labourer,UNCHANGED,Generaly,General Labourer
Generaly Servant Domestic,1,Generaly Domestic Servant,WORD_ORDER,Generaly,General Domestic Servant
Generan Domestic Servant,1,Generan Domestic Servant,STANDARD,Generan,General Domestic Servant
Generan Servant Domestic,1,Generan Domestic Servant,WORD_ORDER,Generan,General Domestic Servant
Generaol Labourer,1,Generaol Labourer,UNCHANGED,Generaol,General Labourer
Generar Labour,1,Generar Labour,UNCHANGED,Generar,General Labour
Generar Labourer,1,Generar Labourer,UNCHANGED,Generar,General Labourer
Generar Servant,1,Generar Servant,UNCHANGED,Generar,General Servant
Generat Servant,1,Generat Servant,UNCHANGED,Generat,General Servant
Genereal Servant Domestic,1,Genereal Domestic Servant,WORD_ORDER,Genereal,General Domestic Servant
Generel Leabour,1,Generel Leabour,UNCHANGED,Generel; Leabour,General Labour
Generel Leabourer,1,Generel Leabourer,UNCHANGED,Generel; Leabourer,General Labourer
Generel Servant,1,Generel Servant,UNCHANGED,Generel,General Servant
Generel Servant Domestic,1,Generel Domestic Servant,WORD_ORDER,Generel,General Domestic Servant
Generel Worker Domestic,1,Generel Worker Domestic,UNCHANGED,Generel,General Worker Domestic
Generial House Keeper,1,Generial Housekeeper,COMPOUND_KEEPER,Generial,General Housekeeper
Generil Labour,1,Generil Labour,UNCHANGED,Generil,General Labour
Generl Domestic Servt,1,Generl Domestic Servant,ABBREVIATION,Generl,General Domestic Servant
Generl Hous Work,1,Generl Hous Work,UNCHANGED,Generl; Hous,General House Work
Generl House Work,1,Generl House Work,UNCHANGED,Generl,General House Work
Generl Laborer,1,Generl Labourer,AMERICAN_SPELLING,Generl,General Labourer
Generl Labouer,1,Generl Labouer,UNCHANGED,Generl; Labouer,General Labourer
Generl Labourier,1,Generl Labourier,UNCHANGED,Generl; Labourier,General Labourer
Generl Servant Dom,1,Generl Servant Dom,UNCHANGED,Generl,General Servant Dom
Generl Servant Domest,1,Generl Servant Domest,UNCHANGED,Generl; Domest,General Servant Domes
Generl Servt,1,Generl Servant,ABBREVIATION,Generl,General Servant
Generl Svt Domestic,1,Generl Svt Domestic,UNCHANGED,Generl; Svt,General St Domestic
Generl-Domestic Servant,1,Generl Domestic Servant,NORMALIZATION,Generl,General Domestic Servant
Generla Servant Domestic,1,Generla Domestic Servant,WORD_ORDER,Generla,General Domestic Servant
Generly Labour,1,Generly Labour,UNCHANGED,Generly,General Labour
Generol Servant,1,Generol Servant,UNCHANGED,Generol,General Servant
Geniral Servant,1,Geniral Servant,UNCHANGED,Geniral,General Servant
Genl Servnat Dom,1,Genl Servnat Dom,UNCHANGED,Servnat,Genl Servant Dom
Genl Servt Domc,1,Genl Servant Domc,ABBREVIATION,Domc,Genl Servant Dom
Genl Sevrt Domestic,1,Genl Sevrt Domestic,UNCHANGED,Sevrt,Genl Sert Domestic
Genneral Domestic Servant,1,Genneral Domestic Servant,UNCHANGED,Genneral,General Domestic Servant
Genneral Labour,1,Genneral Labour,UNCHANGED,Genneral,General Labour
Gennerl Agrl Labourer,1,Gennerl Agricultural Labourer,AGRICULTURAL_ABBREVIATION,Gennerl,General Agricultural Labourer
Gennril Labourer,1,Gennril Labourer,UNCHANGED,Gennril,General Labourer
Genr Servant Dom,1,Genr Servant Dom,UNCHANGED,Genr,Genl Servant Dom
Genral Domestic Servt,1,Genral Domestic Servant,ABBREVIATION,Genral,General Domestic Servant
Genral Domstic Servant,1,Genral Domstic Servant,UNCHANGED,Genral; Domstic,General Domestic Servant
Genral Labourrer,1,Genral Labourrer,UNCHANGED,Genral; Labourrer,General Labourer
"Genral Servant ""Domestic""",1,"Genral Servant ""Domestic""",UNCHANGED,Genral,"General Servant ""Domestic"""
Genral Servant Domestic Unemployed,1,Genral Domestic Servant Unemployed,WORD_ORDER,Genral,General Domestic Servant Unemployed
Genral Servant Domt,1,Genral Servant Domt,UNCHANGED,Genral; Domt,General Servant Dom
Genral Servant-Retired,1,Genral Servant Retired,NORMALIZATION,Genral,General Servant Retired
Genral Servt Domestic,1,Genral Domestic Servant,ABBREVIATION; WORD_ORDER,Genral,General Domestic Servant
Genral Servt.-Domestic,1,Genral Servant. Domestic,ABBREVIATION; NORMALIZATION,Genral,General Servant. Domestic
Genrenal Servant,1,Genrenal Servant,UNCHANGED,Genrenal,General Servant
Genrl Sevt Domestic,1,Genrl Sevt Domestic,UNCHANGED,Genrl; Sevt,Genl Sert Domestic
Genrl. Servant (Domestic),1,Genrl. Domestic Servant,NORMALIZATION; WORD_ORDER,Genrl,Genl. Domestic Servant
Genrl. Servant-Domestic,1,Genrl. Domestic Servant,NORMALIZATION; WORD_ORDER,Genrl,Genl. Domestic Servant
Genrl. Servt Domestic,1,Genrl. Domestic Servant,ABBREVIATION; WORD_ORDER,Genrl,Genl. Domestic Servant
Genteman Farmer,1,Genteman Farmer,UNCHANGED,Genteman,Gentleman Farmer
Genttleman Farmer,1,Genttleman Farmer,UNCHANGED,Genttleman,Gentleman Farmer
Geral Domestic Servant,1,Geral Domestic Servant,STANDARD,Geral,Genal Domestic Servant
Geral Servant Domestic,1,Geral Domestic Servant,WORD_ORDER,Geral,Genal Domestic Servant
"Gerdener, Domestic Servant",1,"Gerdener, Domestic Servant",UNCHANGED,Gerdener,"Gardener, Domestic Servant"
Gerdener-Domestic Servant,1,Gerdener Domestic Servant,NORMALIZATION,Gerdener,Gardener Domestic Servant
Gereral Servant,1,Gereral Servant,UNCHANGED,Gereral,General Servant
Gern Servant Domestic,1,Gern Domestic Servant,WORD_ORDER,Gern,Gen Domestic Servant
Gerocer Porter,1,Gerocer Porter,UNCHANGED,Gerocer,Grocer Porter
Geveral Servant,1,Geveral Servant,UNCHANGED,Geveral,General Servant
Ggeneral Servant,1,Ggeneral Servant,UNCHANGED,Ggeneral,General Servant
Ginerel Laborer,1,Ginerel Labourer,AMERICAN_SPELLING,Ginerel,General Labourer
Giniral Servant Domestic,1,Giniral Domestic Servant,WORD_ORDER,Giniral,General Domestic Servant
Gleneral Servant,1,Gleneral Servant,UNCHANGED,Gleneral,General Servant
Gln Servant Domestic,1,Gln Domestic Servant,WORD_ORDER,Gln,Gen Domestic Servant
Glumber,1,Glumber,UNCHANGED,Glumber,Plumber
Gneral Labour,1,Gneral Labour,UNCHANGED,Gneral,General Labour
Gneral Labourer,1,Gneral Labourer,UNCHANGED,Gneral,General Labourer
Gneral Servant,1,Gneral Servant,UNCHANGED,Gneral,General Servant
Gneral Shop Assistant,1,Gneral Shop Assistant,UNCHANGED,Gneral,General Shop Assistant
Gneral-Domestic,1,Gneral Domestic,NORMALIZATION,Gneral,General Domestic
Gnl Servant Dom,1,Gnl Servant Dom,UNCHANGED,Gnl,Genl Servant Dom
Gnl. Domestic Servt,1,Gnl. Domestic Servant,ABBREVIATION,Gnl,Genl. Domestic Servant
Gnl. Servant-Domestic,1,Gnl. Domestic Servant,NORMALIZATION; WORD_ORDER,Gnl,Genl. Domestic Servant
Gocer Merchant,1,Gocer Merchant,UNCHANGED,Gocer,Grocer Merchant
Gonmonger,1,Gonmonger,UNCHANGED,Gonmonger,Ironmonger
Gootman Domestic Servant,1,Gootman Domestic Servant,UNCHANGED,Gootman,Footman Domestic Servant
Gorcer Assistant,1,Gorcer Assistant,UNCHANGED,Gorcer,Grocer Assistant
Gorcer's Assistant,1,Gorcer's Assistant,UNCHANGED,Gorcer's,Grocer's Assistant
Gordener D Servant,1,Gordener D Servant,UNCHANGED,Gordener,Gardener D Servant
Gordener-Domestic Servant,1,Gordener Domestic Servant,NORMALIZATION,Gordener,Gardener Domestic Servant
Governers Housekeeper,1,Governers Housekeeper,UNCHANGED,Governers,Governess Housekeeper
Governes Domestic Servant,1,Governes Domestic Servant,UNCHANGED,Governes,Governess Domestic Servant
Govrness-Domestic Servant,1,Govrness Domestic Servant,NORMALIZATION,Govrness,Governess Domestic Servant
Gracers Assist,1,Gracers Assist,UNCHANGED,Gracers,Grocers Assist
Graden-Domestic Servant,1,Graden Domestic Servant,NORMALIZATION,Graden,Garden Domestic Servant
Gradener Domestic Servt,1,Gradener Domestic Servant,ABBREVIATION,Gradener,Gardener Domestic Servant
Gram Labourer,1,Gram Labourer,UNCHANGED,Gram,Tram Labourer
Gran Son,1,Gran Son,UNCHANGED,Gran,Grand Son
Grastion Engine Driver,1,Grastion Engine Driver,UNCHANGED,Grastion,Traction Engine Driver
Green Grocar,1,Green Grocar,UNCHANGED,Grocar,Green Grocer
Green Groce,1,Green Groce,UNCHANGED,Groce,Green Grocer
Green Grocen,1,Green Grocen,UNCHANGED,Grocen,Green Grocer
Green Groeer,1,Green Groeer,UNCHANGED,Groeer,Green Grocer
Green Groucer,1,Green Groucer,UNCHANGED,Groucer,Green Grocer
Gricultural Farm Labourer,1,Gricultural Farm Labourer,UNCHANGED,Gricultural,Agricultural Farm Labourer
Grnl. Servant Domestic,1,Grnl. Domestic Servant,WORD_ORDER,Grnl,Genl. Domestic Servant
Groacer Assistant,1,Groacer Assistant,UNCHANGED,Groacer,Grocer Assistant
Groacer Unemployed,1,Groacer Unemployed,UNCHANGED,Groacer,Grocer Unemployed
Groce and Spirit Dealer,1,Groce and Spirit Dealer,UNCHANGED,Groce,Grocer and Spirit Dealer
Groce's Assistant,1,Groce's Assistant,UNCHANGED,Groce's,Grocer's Assistant
Grocen and Spirit Dealer,1,Grocen and Spirit Dealer,UNCHANGED,Grocen,Grocer and Spirit Dealer
Grocer Aissistant,1,Grocer Aissistant,UNCHANGED,Aissistant,Grocer Assistant
Grocer Aprentic,1,Grocer Aprentic,UNCHANGED,Aprentic,Grocer Apprentice
Grocer Asistant,1,Grocer Asistant,UNCHANGED,Asistant,Grocer Assistant
Grocer Assiant,1,Grocer Assiant,UNCHANGED,Assiant,Grocer Assistant
Grocer Assiseant,1,Grocer Assiseant,UNCHANGED,Assiseant,Grocer Assistant
Grocer Assistan,1,Grocer Assistan,UNCHANGED,Assistan,Grocer Assistant
Grocer Assistent,1,Grocer Assistent,UNCHANGED,Assistent,Grocer Assistant
Grocer Assitant,1,Grocer Assitant,UNCHANGED,Assitant,Grocer Assistant
Grocer Shop Assisant,1,Grocer Shop Assisant,UNCHANGED,Assisant,Grocer Shop Assistant
Grocer's Apprentis,1,Grocer's Apprentis,UNCHANGED,Apprentis,Grocer's Apprentice
Grocer's Asistant,1,Grocer's Asistant,UNCHANGED,Asistant,Grocer's Assistant
Grocer's Assisant,1,Grocer's Assisant,UNCHANGED,Assisant,Grocer's Assistant
Grocer's Assitant,1,Grocer's Assitant,UNCHANGED,Assitant,Grocer's Assistant
Grocer's Clerke,1,Grocer's Clerke,UNCHANGED,Clerke,Grocer's Clerk
Grocer's Porthur,1,Grocer's Porthur,UNCHANGED,Porthur,Grocer's Porter
Grocere and Spirit Merchant,1,Grocere and Spirit Merchant,UNCHANGED,Grocere,Grocer and Spirit Merchant
Grocers Assistant Unemployes,1,Grocer's Assistant Unemployes,POSSESSIVE,Unemployes,Grocer's Assistant Unemployed
Grocers Assistt,1,Grocers Assistt,UNCHANGED,Assistt,Grocers Assist
Grocers Mesengar,1,Grocers Mesengar,UNCHANGED,Mesengar,Grocers Messenger
Grocers Mesenger,1,Grocers Mesenger,UNCHANGED,Mesenger,Grocers Messenger
Grocers Messagenger,1,Grocers Messagenger,UNCHANGED,Messagenger,Grocers Messenger
Grocers Messanger Boy,1,Grocers Messanger Boy,UNCHANGED,Messanger,Grocers Messenger Boy
Groces Porter,1,Groces Porter,UNCHANGED,Groces,Grocer Porter
Grocey Assistant,1,Grocey Assistant,UNCHANGED,Grocey,Grocer Assistant
Grocies Assistant,1,Grocies Assistant,UNCHANGED,Grocies,Grocer Assistant
Grocr Assistant,1,Grocr Assistant,UNCHANGED,Grocr,Grocer Assistant
Grocr's Apprentice,1,Grocr's Apprentice,UNCHANGED,Grocr's,Grocer's Apprentice
Grocys Assistant,1,Grocys Assistant,UNCHANGED,Grocys,Grocer Assistant
Grocys Assistnt,1,Grocys Assistnt,UNCHANGED,Grocys; Assistnt,Grocer Assistant
Groer's Daughter,1,Groer's Daughter,UNCHANGED,Groer's,Grocer's Daughter
Groers Messenger,1,Groers Messenger,UNCHANGED,Groers,Grocers Messenger
Grom Coachman,1,Grom Coachman,UNCHANGED,Grom,Groom Coachman
Grom Unemployed,1,Grom Unemployed,UNCHANGED,Grom,Groom Unemployed
Groom Demestic Servant,1,Groom Demestic Servant,UNCHANGED,Demestic,Groom Domestic Servant
Groom Domc Servant,1,Groom Domc Servant,UNCHANGED,Domc,Groom Dom Servant
Groom Domesic Servant,1,Groom Domesic Servant,UNCHANGED,Domesic,Groom Domestic Servant
Groom Domestic Servat,1,Groom Domestic Servat,UNCHANGED,Servat,Groom Domestic Servant
Groom Domestic Servent,1,Groom Domestic Servent,UNCHANGED,Servent,Groom Domestic Servant
Groom Domestick Servant,1,Groom Domestick Servant,UNCHANGED,Domestick,Groom Domestic Servant
Groom Domests Servant,1,Groom Domests Servant,UNCHANGED,Domests,Groom Domestic Servant
Groom Domt Servant,1,Groom Domt Servant,STANDARD,Domt,Groom Dom Servant
Groom Domt Servt,1,Groom Domt Servant,ABBREVIATION,Domt,Groom Dom Servant
Groome-Domestic,1,Groome Domestic,NORMALIZATION,Groome,Groom Domestic
Groon Domestic,1,Groon Domestic,UNCHANGED,Groon,Groom Domestic
Guarden Labourer,1,Guarden Labourer,UNCHANGED,Guarden,Garden Labourer
Guarry-Man,1,Guarry Man,NORMALIZATION,Guarry,Quarry Man
H'Maid Domestic Servant,1,H'Maid Domestic Servant,UNCHANGED,H'Maid,Maid Domestic Servant
H.Maid Domestic Servant,1,H.Maid Domestic Servant,UNCHANGED,H.Maid,Maid Domestic Servant
H.Parlour Maid Domestic Servant,1,H.Parlour Maid Domestic Servant,UNCHANGED,H.Parlour,Parlour Maid Domestic Servant
H.Wife,1,H.Wife,UNCHANGED,H.Wife,Wife
Hacke Maker,1,Hacke Maker,UNCHANGED,Hacke,Hackle Maker
Hackel-Maker,1,Hackel Maker,NORMALIZATION,Hackel,Hackle Maker
Hackerney Car Driver,1,Hackerney Car Driver,UNCHANGED,Hackerney,Hackney Car Driver
Hacknary Car Driver,1,Hacknary Car Driver,UNCHANGED,Hacknary,Hackney Car Driver
Hackorey Car Driver,1,Hackorey Car Driver,UNCHANGED,Hackorey,Hackney Car Driver
Hackrey Car Driver,1,Hackrey Car Driver,UNCHANGED,Hackrey,Hackney Car Driver
Hacle Maker,1,Hacle Maker,UNCHANGED,Hacle,Hackle Maker
Hacney Car Driver,1,Hacney Car Driver,UNCHANGED,Hacney,Hackney Car Driver
Hadkerchief Folder,1,Hadkerchief Folder,UNCHANGED,Hadkerchief,Handkerchief Folder
Hairdreser,1,Hairdreser,UNCHANGED,Hairdreser,Hairdresser
Hairdressed,1,Hairdressed,UNCHANGED,Hairdressed,Hairdresser
Hairdresses Master,1,Hairdresses Master,UNCHANGED,Hairdresses,Hairdresser Master
Hairdresson,1,Hairdresson,UNCHANGED,Hairdresson,Hairdresser
Hairness Maker,1,Hairness Maker,UNCHANGED,Hairness,Harness Maker
Hall Boy Dometic Servant,1,Hall Boy Dometic Servant,UNCHANGED,Dometic,Hall Boy Domestic Servant
Hall Porter-Domestic Serfant,1,Hall Porter Domestic Serfant,NORMALIZATION,Serfant,Hall Porter Domestic Servant
Hall Porteror,1,Hall Porteror,UNCHANGED,Porteror,Hall Porter
Hall Portrer,1,Hall Portrer,UNCHANGED,Portrer,Hall Porter
Hanay Man,1,Hanay Man,UNCHANGED,Hanay,Handy Man
Hand Loom Damisk Weaver,1,Hand Loom Damisk Weaver,UNCHANGED,Damisk,Hand Loom Damask Weaver
Handechief Folder,1,Handechief Folder,UNCHANGED,Handechief,Handkerchief Folder
Handerkchief Folder,1,Handerkchief Folder,UNCHANGED,Handerkchief,Handkerchief Folder
Handkerchef Folder,1,Handkerchef Folder,UNCHANGED,Handkerchef,Handkerchief Folder
Handkerchf Folder,1,Handkerchf Folder,UNCHANGED,Handkerchf,Handkerchief Folder
Handkerchi Sample Maker,1,Handkerchi Sample Maker,UNCHANGED,Handkerchi,Handkerchief Sample Maker
Handkerchif - Folder,1,Handkerchif Folder,NORMALIZATION,Handkerchif,Handkerchief Folder
Handkerchif Folder,1,Handkerchif Folder,STANDARD,Handkerchif,Handkerchief Folder
Handkerchif Machinest,1,Handkerchif Machinest,UNCHANGED,Handkerchif; Machinest,Handkerchief Machinist
Handkerchife Folder,1,Handkerchife Folder,UNCHANGED,Handkerchife,Handkerchief Folder
Handkershief Foldier,1,Handkershief Foldier,UNCHANGED,Handkershief; Foldier,Handkerchief Folder
Haness Maker,1,Haness Maker,UNCHANGED,Haness,Harness Maker
Haness Maker Master,1,Haness Maker Master,UNCHANGED,Haness,Harness Maker Master
Hankerchief Machinist,1,Hankerchief Machinist,UNCHANGED,Hankerchief,Handkerchief Machinist
Hankerchif Folder,1,Hankerchif Folder,UNCHANGED,Hankerchif,Handkerchief Folder
Hankerchiff Folder,1,Hankerchiff Folder,UNCHANGED,Hankerchiff,Handkerchief Folder
Hardeware Merchant,1,Hardeware Merchant,UNCHANGED,Hardeware,Hardware Merchant
Hardsman Domestic Servt,1,Hardsman Domestic Servant,ABBREVIATION,Hardsman,Herdsman Domestic Servant
Hardwar Assistant,1,Hardwar Assistant,UNCHANGED,Hardwar,Hardware Assistant
Hardwar Merchant,1,Hardwar Merchant,UNCHANGED,Hardwar,Hardware Merchant
Hardward Merchant,1,Hardward Merchant,UNCHANGED,Hardward,Hardware Merchant
Hardware Asistant,1,Hardware Asistant,UNCHANGED,Asistant,Hardware Assistant
Hardware Assistan,1,Hardware Assistan,UNCHANGED,Assistan,Hardware Assistant
Hardware Assistent,1,Hardware Assistent,UNCHANGED,Assistent,Hardware Assistant
Hardwars Merchant,1,Hardwars Merchant,UNCHANGED,Hardwars,Hardware Merchant
Hardwere Aprentice,1,Hardwere Aprentice,UNCHANGED,Hardwere; Aprentice,Hardware Apprentice
Hardwere Assistant,1,Hardwere Assistant,UNCHANGED,Hardwere,Hardware Assistant
Hardwere Merchant,1,Hardwere Merchant,UNCHANGED,Hardwere,Hardware Merchant
Haretaker,1,Haretaker,UNCHANGED,Haretaker,Caretaker
Hareware Assistant,1,Hareware Assistant,UNCHANGED,Hareware,Hardware Assistant
Harkney Car Driver,1,Harkney Car Driver,UNCHANGED,Harkney,Hackney Car Driver
Harmess Maker,1,Harmess Maker,UNCHANGED,Harmess,Harness Maker
Harnerss-Maker Master,1,Harnerss Maker Master,NORMALIZATION,Harnerss,Harness Maker Master
Harnes Maker Master,1,Harnes Maker Master,UNCHANGED,Harnes,Harness Maker Master
Harnesmaker (Master),1,Harnesmaker Master,NORMALIZATION,Harnesmaker,Harnessmaker Master
Harnss Maker,1,Harnss Maker,UNCHANGED,Harnss,Harness Maker
Harse Trainner,1,Harse Trainner,UNCHANGED,Harse; Trainner,Horse Trainer
Haskney Car Driver,1,Haskney Car Driver,UNCHANGED,Haskney,Hackney Car Driver
Hat Tremmer,1,Hat Tremmer,UNCHANGED,Tremmer,Hat Trimmer
Haudkercheif Folder,1,Haudkercheif Folder,UNCHANGED,Haudkercheif,Handkerchief Folder
Haushekeeper,1,Haushekeeper,UNCHANGED,Haushekeeper,Housekeeper
Head Gandener Domestic Servant,1,Head Gandener Domestic Servant,UNCHANGED,Gandener,Head Gardener Domestic Servant
Head Groom Domestic Servnt,1,Head Groom Domestic Servnt,UNCHANGED,Servnt,Head Groom Domestic Servant
Heamstress,1,Heamstress,UNCHANGED,Heamstress,Seamstress
Heddel Maker,1,Heddel Maker,UNCHANGED,Heddel,Heddle Maker
Hem Stetcher,1,Hem Stetcher,UNCHANGED,Stetcher,Hem Stitcher
Hem Sthitcher,1,Hem Sthitcher,UNCHANGED,Sthitcher,Hem Stitcher
Hem-sticher,1,Hem sticher,NORMALIZATION,sticher,Hem Stitcher
Hem-Stitchor,1,Hem Stitchor,NORMALIZATION,Stitchor,Hem Stitcher
Hemstetcher (Factory),1,Hemstetcher Factory,NORMALIZATION,Hemstetcher,Hemstitcher Factory
Hends Man,1,Hends Man,UNCHANGED,Hends,Herds Man
Heorse Dealer,1,Heorse Dealer,UNCHANGED,Heorse,Horse Dealer
Heousekeeper,1,Heousekeeper,UNCHANGED,Heousekeeper,Housekeeper
Herd (Sheperd),1,Herd Sheperd,NORMALIZATION,Sheperd,Herd Shepherd
Herd and Agricultrl Labourer,1,Herd and Agricultrl Labourer,UNCHANGED,Agricultrl,Herd and Agricultural Labourer
Herd Shephard,1,Herd Shephard,UNCHANGED,Shephard,Herd Shepherd
Herd Shepperd,1,Herd Shepperd,UNCHANGED,Shepperd,Herd Shepherd
Herdsmans-Domestic Servant,1,Herdsmans Domestic Servant,NORMALIZATION,Herdsmans,Herdsman Domestic Servant
Herdy Man,1,Herdy Man,UNCHANGED,Herdy,Herd Man
Hesherman,1,Hesherman,UNCHANGED,Hesherman,Fisherman
Hiardresser,1,Hiardresser,UNCHANGED,Hiardresser,Hairdresser
Hiat Trimmer,1,Hiat Trimmer,UNCHANGED,Hiat,Hat Trimmer
Hilliwright,1,Hilliwright,UNCHANGED,Hilliwright,Millwright
Ho and Parour Maid Domestic Servant,1,Ho and Parour Maid Domestic Servant,UNCHANGED,Parour,Ho and Parlour Maid Domestic Servant
Hoasekeeper,1,Hoasekeeper,UNCHANGED,Hoasekeeper,Housekeeper
Hoasskeeper,1,Hoasskeeper,UNCHANGED,Hoasskeeper,Housekeeper
Hoisary Knitter,1,Hoisary Knitter,UNCHANGED,Hoisary,Hosiery Knitter
Home Wourk,1,Home Wourk,UNCHANGED,Wourk,Home Work
Homemaid,1,Homemaid,UNCHANGED,Homemaid,Housemaid
Horbour Labourer,1,Horbour Labourer,UNCHANGED,Horbour,Harbour Labourer
Horre Shoer,1,Horre Shoer,UNCHANGED,Horre,Horse Shoer
Horse Deeler,1,Horse Deeler,UNCHANGED,Deeler,Horse Dealer
Horse Frainer,1,Horse Frainer,UNCHANGED,Frainer,Horse Trainer
Horse Jookey,1,Horse Jookey,UNCHANGED,Jookey,Horse Jockey
Horse Shaer and General Smith,1,Horse Shaer and General Smith,UNCHANGED,Shaer,Horse Shoer and General Smith
Horse Shoere,1,Horse Shoere,UNCHANGED,Shoere,Horse Shoer
Horse Shoier,1,Horse Shoier,UNCHANGED,Shoier,Horse Shoer
Horse Tainer,1,Horse Tainer,UNCHANGED,Tainer,Horse Trainer
Horse Traine,1,Horse Traine,UNCHANGED,Traine,Horse Trainer
Horse Trainor Domestic Servt,1,Horse Trainor Domestic Servant,ABBREVIATION,Trainor,Horse Trainer Domestic Servant
Horse Traniner,1,Horse Traniner,UNCHANGED,Traniner,Horse Trainer
Horse Triner,1,Horse Triner,UNCHANGED,Triner,Horse Trainer
Horse-Traner,1,Horse Traner,NORMALIZATION,Traner,Horse Trainer
Hosehold Duties,1,Hosehold Duties,UNCHANGED,Hosehold,Household Duties
Hosekeper,1,Hosekeper,UNCHANGED,Hosekeper,Housekeeper
Hoseskeeper,1,Hoseskeeper,UNCHANGED,Hoseskeeper,Housekeeper
Hosey Knitter,1,Hosey Knitter,UNCHANGED,Hosey,Hose Knitter
Hosiey Knitter,1,Hosiey Knitter,UNCHANGED,Hosiey,Hosiery Knitter
Hosiry Knitter,1,Hosiry Knitter,UNCHANGED,Hosiry,Hosiery Knitter
Hospetal Nurse,1,Hospetal Nurse,UNCHANGED,Hospetal,Hospital Nurse
Hospital Nuse,1,Hospital Nuse,UNCHANGED,Nuse,Hospital Nurse
Hospitall Nurse,1,Hospitall Nurse,UNCHANGED,Hospitall,Hospital Nurse
Hosptal Nurse,1,Hosptal Nurse,UNCHANGED,Hosptal,Hospital Nurse
Hotal Porter,1,Hotal Porter,UNCHANGED,Hotal,Hotel Porter
Hotel Gropristor,1,Hotel Gropristor,UNCHANGED,Gropristor,Hotel Proprietor
Hotel Keepeer,1,Hotel Keepeer,UNCHANGED,Keepeer,Hotel Keeper
Hotel Portes,1,Hotel Portes,UNCHANGED,Portes,Hotel Porter
Hotel Portter,1,Hotel Portter,UNCHANGED,Portter,Hotel Porter
Hotel Preprietor,1,Hotel Preprietor,UNCHANGED,Preprietor,Hotel Proprietor
Hotel Propieter,1,Hotel Propieter,UNCHANGED,Propieter,Hotel Proprietor
Hotel Propriator,1,Hotel Propriator,UNCHANGED,Propriator,Hotel Proprietor
Hotel Proprietorer,1,Hotel Proprietorer,UNCHANGED,Proprietorer,Hotel Proprietor
Hotel Propriteror,1,Hotel Propriteror,UNCHANGED,Propriteror,Hotel Proprietor
Hotel Propritter,1,Hotel Propritter,UNCHANGED,Propritter,Hotel Proprietor
Hotel Proter,1,Hotel Proter,UNCHANGED,Proter,Hotel Porter
Hotele Porter,1,Hotele Porter,UNCHANGED,Hotele,Hotel Porter
Hotell Boots,1,Hotell Boots,UNCHANGED,Hotell,Hotel Boots
Hotell Waiter,1,Hotell Waiter,UNCHANGED,Hotell,Hotel Waiter
Hotell Waiteress,1,Hotell Waiteress,UNCHANGED,Hotell; Waiteress,Hotel Waitress
Hotil Keeper,1,Hotil Keeper,UNCHANGED,Hotil,Hotel Keeper
Houe Proprietress,1,Houe Proprietress,UNCHANGED,Houe,House Proprietress
Houemaid Domestic Servant,1,Houemaid Domestic Servant,UNCHANGED,Houemaid,Housemaid Domestic Servant
Houes Maid Domestic Servant,1,Houes Maid Domestic Servant,UNCHANGED,Houes,House Maid Domestic Servant
Houeskeeper,1,Houeskeeper,UNCHANGED,Houeskeeper,Housekeeper
Houkeeper,1,Houkeeper,UNCHANGED,Houkeeper,Housekeeper
Hous Carpetor,1,Hous Carpetor,UNCHANGED,Hous; Carpetor,House Carpenter
Hous Duties,1,Hous Duties,UNCHANGED,Hous,House Duties
Hous Keepeing,1,Hous Keepeing,UNCHANGED,Hous; Keepeing,House Keeping
Hous Keping,1,Hous Keping,UNCHANGED,Hous; Keping,House Keeping
Hous Parlor Maid Domestic Servant,1,Hous Parlor Maid Domestic Servant,UNCHANGED,Hous; Parlor,House Parlour Maid Domestic Servant
Hous Parlour Maid,1,Hous Parlour Maid,UNCHANGED,Hous,House Parlour Maid
Hous Proparty,1,Hous Proparty,UNCHANGED,Hous; Proparty,House Property
Hous Proprietor,1,Hous Proprietor,UNCHANGED,Hous,House Proprietor
Hous Worke,1,Hous Worke,UNCHANGED,Hous; Worke,House Worker
Hous Worker,1,Hous Worker,UNCHANGED,Hous,House Worker
House and Parloar Maid Domestic Servant,1,House and Parloar Maid Domestic Servant,UNCHANGED,Parloar,House and Parlour Maid Domestic Servant
House and Parlor maid Domestic Servant,1,House and Parlor maid Domestic Servant,UNCHANGED,Parlor,House and Parlour maid Domestic Servant
House and Parlor Maid Domestic Servt,1,House and Parlor Maid Domestic Servant,ABBREVIATION,Parlor,House and Parlour Maid Domestic Servant
House and Parlormaid Domestic Servant,1,House and Parlormaid Domestic Servant,UNCHANGED,Parlormaid,House and Parlourmaid Domestic Servant
House and parloue Maid,1,House and parloue Maid,UNCHANGED,parloue,House and Parlour Maid
House and Parour Maid,1,House and Parour Maid,UNCHANGED,Parour,House and Parlour Maid
House Asistant,1,House Asistant,UNCHANGED,Asistant,House Assistant
House Assiastant,1,House Assiastant,UNCHANGED,Assiastant,House Assistant
House Assistan,1,House Assistan,UNCHANGED,Assistan,House Assistant
House Auties,1,House Auties,UNCHANGED,Auties,House Duties
House Buiseness,1,House Buiseness,UNCHANGED,Buiseness,House Business
House Bussiness,1,House Bussiness,UNCHANGED,Bussiness,House Business
House Capenter,1,House Capenter,UNCHANGED,Capenter,House Carpenter
House Carpainter,1,House Carpainter,UNCHANGED,Carpainter,House Carpenter
House Carpentar,1,House Carpentar,UNCHANGED,Carpentar,House Carpenter
House Carpentr,1,House Carpentr,UNCHANGED,Carpentr,House Carpenter
House Carpinter,1,House Carpinter,UNCHANGED,Carpinter,House Carpenter
House Carptener,1,House Carptener,UNCHANGED,Carptener,House Carpenter
House Carptner,1,House Carptner,UNCHANGED,Carptner,House Carpenter
House Ceeping,1,House Ceeping,UNCHANGED,Ceeping,House Keeping
House Corpenter,1,House Corpenter,UNCHANGED,Corpenter,House Carpenter
House Duities,1,House Duities,UNCHANGED,Duities,House Duties
House Furnicher,1,House Furnicher,UNCHANGED,Furnicher,House Furnisher
House Furnishor,1,House Furnishor,UNCHANGED,Furnishor,House Furnisher
House Furnister,1,House Furnister,UNCHANGED,Furnister,House Furnisher
House Hold Duites,1,House Hold Duites,UNCHANGED,Duites,House Hold Duties
House Hold Duities,1,House Hold Duities,UNCHANGED,Duities,House Hold Duties
House Holde,1,House Holde,UNCHANGED,Holde,House Holder
House Keeing,1,House Keeing,UNCHANGED,Keeing,House Keeping
House Keepeing,1,House Keepeing,UNCHANGED,Keepeing,House Keeping
House Keeper and Servan,1,Housekeeper and Servan,COMPOUND_KEEPER,Servan,Housekeeper and Servant
House Keeper Asistant,1,Housekeeper Asistant,COMPOUND_KEEPER,Asistant,Housekeeper Assistant
House Keeper Domc,1,Housekeeper Domc,COMPOUND_KEEPER,Domc,Housekeeper Dom
House Keeper Domestc,1,Housekeeper Domestc,COMPOUND_KEEPER,Domestc,Housekeeper Domestic
House Keeper Domestic Servan,1,Housekeeper Domestic Servan,COMPOUND_KEEPER,Servan,Housekeeper Domestic Servant
House Keeper Domestic Servat,1,Housekeeper Domestic Servat,COMPOUND_KEEPER,Servat,Housekeeper Domestic Servant
House Keeper Domestic Servnt,1,Housekeeper Domestic Servnt,COMPOUND_KEEPER,Servnt,Housekeeper Domestic Servant
House Keeper Domestic Sevt,1,Housekeeper Domestic Sevt,COMPOUND_KEEPER,Sevt,Housekeeper Domestic Sert
House Keeper Domistic,1,Housekeeper Domistic,COMPOUND_KEEPER,Domistic,Housekeeper Domestic
House Keeper Domt Servant,1,Housekeeper Domt Servant,COMPOUND_KEEPER,Domt,Housekeeper Dom Servant
House Keeper No Occpation,1,Housekeeper No Occpation,COMPOUND_KEEPER,Occpation,Housekeeper No Occupation
House Keeper-Domestic Sevt,1,Housekeeper Domestic Sevt,COMPOUND_KEEPER; NORMALIZATION,Sevt,Housekeeper Domestic Sert
House Keepp,1,House Keepp,UNCHANGED,Keepp,House Keeps
House Keepy,1,House Keepy,UNCHANGED,Keepy,House Keeps
House Keiping,1,House Keiping,UNCHANGED,Keiping,House Keeping
House Kepps,1,House Kepps,UNCHANGED,Kepps,House Keeps
House Maid Domesitc Servt,1,House Maid Domesitc Servant,ABBREVIATION,Domesitc,House Maid Domestic Servant
House Maid Domestic Serant,1,House Maid Domestic Serant,UNCHANGED,Serant,House Maid Domestic Servant
House Maid Domestic Servent,1,House Maid Domestic Servent,UNCHANGED,Servent,House Maid Domestic Servant
House Maid Domestic Sevoant Unemployed,1,House Maid Domestic Sevoant Unemployed,UNCHANGED,Sevoant,House Maid Domestic Servant Unemployed
House Maid Domestic sevt,1,House Maid Domestic sevt,UNCHANGED,sevt,House Maid Domestic Sert
House Maid Domistic Servant,1,House Maid Domistic Servant,UNCHANGED,Domistic,House Maid Domestic Servant
House Maid Domstic Servant,1,House Maid Domstic Servant,UNCHANGED,Domstic,House Maid Domestic Servant
House Maid Domstice Servant,1,House Maid Domstice Servant,UNCHANGED,Domstice,House Maid Domestic Servant
House Maid Domt. Servant,1,House Maid Domt. Servant,UNCHANGED,Domt,House Maid Dom. Servant
House Maide Domestic Servant,1,House Maide Domestic Servant,UNCHANGED,Maide,House Maid Domestic Servant
House Misstress,1,House Misstress,UNCHANGED,Misstress,House Mistress
House Misteress,1,House Misteress,UNCHANGED,Misteress,House Mistress
House Mistreess,1,House Mistreess,UNCHANGED,Mistreess,House Mistress
House Mistres,1,House Mistres,UNCHANGED,Mistres,House Mistress
House Occuppier,1,House Occuppier,UNCHANGED,Occuppier,House Occupier
House Painter Aprentice,1,House Painter Aprentice,UNCHANGED,Aprentice,House Painter Apprentice
House Paitner,1,House Paitner,UNCHANGED,Paitner,House Painter
House Parbour Maid,1,House Parbour Maid,UNCHANGED,Parbour,House Parlour Maid
House Parlor maid Domestic Servant,1,House Parlor maid Domestic Servant,UNCHANGED,Parlor,House Parlour maid Domestic Servant
House Parlour Dometic Servant,1,House Parlour Dometic Servant,UNCHANGED,Dometic,House Parlour Domestic Servant
House Paroulmaid Domestic Servant,1,House Paroulmaid Domestic Servant,UNCHANGED,Paroulmaid,House Parlourmaid Domestic Servant
House Propert,1,House Propert,UNCHANGED,Propert,House Property
House Propery,1,House Propery,UNCHANGED,Propery,House Property
House Proprety,1,House Proprety,UNCHANGED,Proprety,House Property
House Proprietres,1,House Proprietres,UNCHANGED,Proprietres,House Proprietress
House Proprty,1,House Proprty,UNCHANGED,Proprty,House Property
House repaier,1,House repaier,UNCHANGED,repaier,House Repairer
House Repirer,1,House Repirer,UNCHANGED,Repirer,House Repairer
House Serant,1,House Serant,UNCHANGED,Serant,House Servant
House Servint,1,House Servint,UNCHANGED,Servint,House Servant
House-Keeper-Domestic Servan,1,Housekeeper Domestic Servan,COMPOUND_KEEPER; NORMALIZATION,Servan,Housekeeper Domestic Servant
House-Maid Domc Servt,1,House Maid Domc Servant,ABBREVIATION; NORMALIZATION,Domc,House Maid Dom Servant
House-Maid Domesic,1,House Maid Domesic,NORMALIZATION,Domesic,House Maid Domestic
House-Maid-Domestic Servat,1,House Maid Domestic Servat,NORMALIZATION,Servat,House Maid Domestic Servant
House-Parlour Maid Domestic Servnat,1,House Parlour Maid Domestic Servnat,NORMALIZATION,Servnat,House Parlour Maid Domestic Servant
House-Perlour Maid Domestic Servant,1,House Perlour Maid Domestic Servant,NORMALIZATION,Perlour,House Parlour Maid Domestic Servant
House-Proprietrers,1,House Proprietrers,NORMALIZATION,Proprietrers,House Proprietress
Houseceeper,1,Houseceeper,UNCHANGED,Houseceeper,Housekeeper
Houseekeper,1,Houseekeper,UNCHANGED,Houseekeper,Housekeeper
Houseeper,1,Houseeper,UNCHANGED,Houseeper,Housekeeper
Housefwife,1,Housefwife,UNCHANGED,Housefwife,Housewife
Housegeeper,1,Housegeeper,UNCHANGED,Housegeeper,Housekeeper
Househeld Duties,1,Househeld Duties,UNCHANGED,Househeld,Household Duties
Household Bussness,1,Household Bussness,UNCHANGED,Bussness,Household Business
Household Dutes,1,Household Dutes,UNCHANGED,Dutes,Household Duties
Household Dutie,1,Household Dutie,UNCHANGED,Dutie,Household Duties
Householed Duties,1,Householed Duties,UNCHANGED,Householed,Household Duties
Househould Duties,1,Househould Duties,UNCHANGED,Househould,Household Duties
Housekapper,1,Housekapper,UNCHANGED,Housekapper,Housekeeper
Housekeaper,1,Housekeaper,UNCHANGED,Housekeaper,Housekeeper
Housekeeeper,1,Housekeeeper,UNCHANGED,Housekeeeper,Housekeeper
Housekeeepr,1,Housekeeepr,UNCHANGED,Housekeeepr,Housekeeper
Housekeeer,1,Housekeeer,UNCHANGED,Housekeeer,Housekeeper
Housekeeper Assista,1,Housekeeper Assista,UNCHANGED,Assista,Housekeeper Assist
Housekeeper Athome,1,Housekeeper Athome,UNCHANGED,Athome,Housekeeper Home
Housekeeper D.Servant,1,Housekeeper D.Servant,UNCHANGED,D.Servant,Housekeeper Servant
Housekeeper Dometic,1,Housekeeper Dometic,UNCHANGED,Dometic,Housekeeper Domestic
Housekeeper Domsestic,1,Housekeeper Domsestic,UNCHANGED,Domsestic,Housekeeper Domestic
Housekeeper's Assisstant,1,Housekeeper's Assisstant,UNCHANGED,Assisstant,Housekeeper's Assistant
Housekeeper-Domestic Sevt,1,Housekeeper Domestic Sevt,NORMALIZATION,Sevt,Housekeeper Domestic Sert
Housekeepere,1,Housekeepere,UNCHANGED,Housekeepere,Housekeeper
Housekeeperer,1,Housekeeperer,UNCHANGED,Housekeeperer,Housekeeper
Housekeiper,1,Housekeiper,UNCHANGED,Housekeiper,Housekeeper
Housekeper-Domestic,1,Housekeper Domestic,NORMALIZATION,Housekeper,Housekeeper Domestic
Housekepere,1,Housekepere,UNCHANGED,Housekepere,Housekeeper
Housekeppr,1,Housekeppr,UNCHANGED,Housekeppr,Housekeeper
Housekiper,1,Housekiper,UNCHANGED,Housekiper,Housekeeper
Housekiper Domestic,1,Housekiper Domestic,UNCHANGED,Housekiper,Housekeeper Domestic
Housekpeer,1,Housekpeer,UNCHANGED,Housekpeer,Housekeeper
Housekpeerer,1,Housekpeerer,UNCHANGED,Housekpeerer,Housekeeper
Housemaid D.Servant,1,Housemaid D.Servant,UNCHANGED,D.Servant,Housemaid Servant
Housemaid Domc Servant,1,Housemaid Domc Servant,STANDARD,Domc,Housemaid Dom Servant
Housemaid Domc. Servant,1,Housemaid Domc. Servant,UNCHANGED,Domc,Housemaid Dom. Servant
Housemaid Domestc Servant,1,Housemaid Domestc Servant,UNCHANGED,Domestc,Housemaid Domestic Servant
Housemaid Domesti Servant,1,Housemaid Domesti Servant,UNCHANGED,Domesti,Housemaid Domestic Servant
Housemaid Domestic Serant,1,Housemaid Domestic Serant,UNCHANGED,Serant,Housemaid Domestic Servant
Housemaid Domestic Servan,1,Housemaid Domestic Servan,UNCHANGED,Servan,Housemaid Domestic Servant
Housemaid Domestic Servat,1,Housemaid Domestic Servat,STANDARD,Servat,Housemaid Domestic Servant
Housemaid Domestic Servent,1,Housemaid Domestic Servent,UNCHANGED,Servent,Housemaid Domestic Servant
Housemaid Domestic Servnt,1,Housemaid Domestic Servnt,STANDARD,Servnt,Housemaid Domestic Servant
Housemaid Domestic Servt Unemploye,1,Housemaid Domestic Servant Unemploye,ABBREVIATION,Unemploye,Housemaid Domestic Servant Unemployed
Housemaid Domestick,1,Housemaid Domestick,UNCHANGED,Domestick,Housemaid Domestic
Housemaid Domestric Servant,1,Housemaid Domestric Servant,UNCHANGED,Domestric,Housemaid Domestic Servant
Housemaid Dometic,1,Housemaid Dometic,UNCHANGED,Dometic,Housemaid Domestic
Housemaid Domt Servant,1,Housemaid Domt Servant,STANDARD,Domt,Housemaid Dom Servant
Housemaid Domt Servt,1,Housemaid Domt Servant,ABBREVIATION,Domt,Housemaid Dom Servant
Housemaid-Domestic Servat,1,Housemaid Domestic Servat,NORMALIZATION,Servat,Housemaid Domestic Servant
Housemaid-Domestic Servnt,1,Housemaid Domestic Servnt,NORMALIZATION,Servnt,Housemaid Domestic Servant
Housemaid-Domsetic,1,Housemaid Domsetic,NORMALIZATION,Domsetic,Housemaid Domestic
Housermaid Domestic Servant,1,Housermaid Domestic Servant,UNCHANGED,Housermaid,Housemaid Domestic Servant
Housewifer,1,Housewifer,UNCHANGED,Housewifer,Housewife
Housewok,1,Housewok,UNCHANGED,Housewok,Housework
Houshekeeper,1,Houshekeeper,UNCHANGED,Houshekeeper,Housekeeper
Houshkeeper,1,Houshkeeper,UNCHANGED,Houshkeeper,Housekeeper
Houshold Business,1,Houshold Business,UNCHANGED,Houshold,Household Business
Houskeekeeper,1,Houskeekeeper,UNCHANGED,Houskeekeeper,Housekeeper
Houskeeper (Home),1,Houskeeper Home,NORMALIZATION,Houskeeper,Housekeeper Home
Houskeeper Domestic,1,Houskeeper Domestic,UNCHANGED,Houskeeper,Housekeeper Domestic
Houskeeper to her Father,1,Houskeeper to her Father,UNCHANGED,Houskeeper,Housekeeper to her Father
Houskeeper-Domestic Servant,1,Houskeeper Domestic Servant,NORMALIZATION,Houskeeper,Housekeeper Domestic Servant
Houskepper,1,Houskepper,UNCHANGED,Houskepper,Housekeeper
Housmaid Domestic Sert,1,Housmaid Domestic Sert,UNCHANGED,Housmaid,Housemaid Domestic Sert
Housmaid Domestic Servant,1,Housmaid Domestic Servant,STANDARD,Housmaid,Housemaid Domestic Servant
Houswork,1,Houswork,UNCHANGED,Houswork,Housework
Howife,1,Howife,UNCHANGED,Howife,Wife
Howsekeeper,1,Howsekeeper,UNCHANGED,Howsekeeper,Housekeeper
Hurd Farm Servant,1,Hurd Farm Servant,UNCHANGED,Hurd,Herd Farm Servant
Hurness Maker,1,Hurness Maker,UNCHANGED,Hurness,Harness Maker
Hurse Domestic Servant,1,Hurse Domestic Servant,UNCHANGED,Hurse,Nurse Domestic Servant
Husemaid,1,Husemaid,UNCHANGED,Husemaid,Housemaid
Husnkeeper,1,Husnkeeper,UNCHANGED,Husnkeeper,Housekeeper
Huusekeeper,1,Huusekeeper,UNCHANGED,Huusekeeper,Housekeeper
Huxtem Shop Keeper,1,Huxtem Shopkeeper,COMPOUND_KEEPER,Huxtem,Huxter Shopkeeper
Huxters Shop Keeper,1,Huxters Shopkeeper,COMPOUND_KEEPER,Huxters,Huxter Shopkeeper
Huxtery Shop Keeper,1,Huxtery Shopkeeper,COMPOUND_KEEPER,Huxtery,Huxter Shopkeeper
Hwife,1,Hwife,UNCHANGED,Hwife,Wife
Income Annunity,1,Income Annunity,UNCHANGED,Annunity,Income Annuity
Income Derieved from House Property,1,Income Derieved from House Property,UNCHANGED,Derieved,Income Derived from House Property
Income Dervived from House Property,1,Income Dervived from House Property,UNCHANGED,Dervived,Income Derived from House Property
Income Dirived from House Property,1,Income Dirived from House Property,UNCHANGED,Dirived,Income Derived from House Property
Income from Devidents,1,Income from Devidents,UNCHANGED,Devidents,Income from Dividends
Income from Divedends,1,Income from Divedends,UNCHANGED,Divedends,Income from Dividends
Income from Divendends,1,Income from Divendends,UNCHANGED,Divendends,Income from Dividends
Income from Dividens,1,Income from Dividens,UNCHANGED,Dividens,Income from Dividends
Infan,1,Infan,UNCHANGED,Infan,Infant
Infat,1,Infat,UNCHANGED,Infat,Infant
Infaut,1,Infaut,UNCHANGED,Infaut,Infant
Infinant,1,Infinant,UNCHANGED,Infinant,Infant
Infoant,1,Infoant,UNCHANGED,Infoant,Infant
Infsut,1,Infsut,UNCHANGED,Infsut,Infant
Inletest of Money,1,Inletest of Money,UNCHANGED,Inletest,Interest of Money
Insmith,1,Insmith,UNCHANGED,Insmith,Tinsmith
Insurence Clerk,1,Insurence Clerk,UNCHANGED,Insurence,Insurance Clerk
Interes of Money,1,Interes of Money,UNCHANGED,Interes,Interest of Money
Inuity,1,Inuity,UNCHANGED,Inuity,Annuity
Invaliede,1,Invaliede,UNCHANGED,Invaliede,Invalid
Inveled,1,Inveled,UNCHANGED,Inveled,Invalid
Invelied,1,Invelied,UNCHANGED,Invelied,Invalid
Invilad,1,Invilad,UNCHANGED,Invilad,Invalid
Invlide,1,Invlide,UNCHANGED,Invlide,Invalid
Iorn-Turner,1,Iorn Turner,NORMALIZATION,Iorn,Iron Turner
Iren Molder,1,Iren Molder,UNCHANGED,Iren,Iron Molder
Irin Moldr,1,Irin Moldr,UNCHANGED,Irin; Moldr,Iron Molder
Irion Shipright,1,Irion Shipright,UNCHANGED,Irion; Shipright,Iron Shipwright
Irion Shipwright,1,Irion Shipwright,UNCHANGED,Irion,Iron Shipwright
Irom Turner,1,Irom Turner,UNCHANGED,Irom,Iron Turner
Iron Dressar,1,Iron Dressar,UNCHANGED,Dressar,Iron Dresser
Iron Laurner,1,Iron Laurner,UNCHANGED,Laurner,Iron Turner
Iron Malder,1,Iron Malder,UNCHANGED,Malder,Iron Molder
Iron Maulder,1,Iron Maulder,UNCHANGED,Maulder,Iron Moulder
Iron Moalder,1,Iron Moalder,UNCHANGED,Moalder,Iron Moulder
Iron Modler,1,Iron Modler,UNCHANGED,Modler,Iron Molder
Iron Molders,1,Iron Molders,UNCHANGED,Molders,Iron Molder
Iron Moulde,1,Iron Moulde,UNCHANGED,Moulde,Iron Moulder
Iron Moulderr,1,Iron Moulderr,UNCHANGED,Moulderr,Iron Moulder
Iron Mouldor Apprentice,1,Iron Mouldor Apprentice,UNCHANGED,Mouldor,Iron Moulder Apprentice
Iron Mouleler,1,Iron Mouleler,UNCHANGED,Mouleler,Iron Moulder
Iron Shipwrigh,1,Iron Shipwrigh,UNCHANGED,Shipwrigh,Iron Shipwright
Iron Turne,1,Iron Turne,UNCHANGED,Turne,Iron Turner
Iron Turnet,1,Iron Turnet,UNCHANGED,Turnet,Iron Turner
Iron Turnr,1,Iron Turnr,UNCHANGED,Turnr,Iron Turner
Iron-Turnner,1,Iron Turnner,NORMALIZATION,Turnner,Iron Turner
Ironmanger,1,Ironmanger,UNCHANGED,Ironmanger,Ironmonger
Ironmoneer,1,Ironmoneer,UNCHANGED,Ironmoneer,Ironmonger
Ironmongar,1,Ironmongar,UNCHANGED,Ironmongar,Ironmonger
Ironmonge,1,Ironmonge,UNCHANGED,Ironmonge,Ironmonger
Ironmonger Apprentic,1,Ironmonger Apprentic,UNCHANGED,Apprentic,Ironmonger Apprentice
Ironmongor,1,Ironmongor,UNCHANGED,Ironmongor,Ironmonger
Jainer Unemployed,1,Jainer Unemployed,UNCHANGED,Jainer,Joiner Unemployed
Jarmer,1,Jarmer,UNCHANGED,Jarmer,Farmer
Jarwoman,1,Jarwoman,UNCHANGED,Jarwoman,Charwoman
Jensmith,1,Jensmith,UNCHANGED,Jensmith,Tinsmith
Jewellis Assistant,1,Jewellis Assistant,UNCHANGED,Jewellis,Jeweller Assistant
Jewelor Apprentice,1,Jewelor Apprentice,UNCHANGED,Jewelor,Jeweller Apprentice
Jioner Shipyd,1,Jioner Shipyd,UNCHANGED,Jioner; Shipyd,Joiner Ship
Joine (Carpenter),1,Joine Carpenter,NORMALIZATION,Joine,Joiner Carpenter
Joiner (On Atrike),1,Joiner On Atrike,NORMALIZATION,Atrike,Joiner On Strike
Joiner (on Stricke),1,Joiner on Stricke,NORMALIZATION,Stricke,Joiner on Strike
Joiner Corpenter,1,Joiner Corpenter,UNCHANGED,Corpenter,Joiner Carpenter
Joiner on Stirke,1,Joiner on Stirke,UNCHANGED,Stirke,Joiner on Strike
Joiner on Strik,1,Joiner on Strik,UNCHANGED,Strik,Joiner on Strike
Joiner Unemployd,1,Joiner Unemployd,UNCHANGED,Unemployd,Joiner Unemployed
Joiner-Carpanter,1,Joiner Carpanter,NORMALIZATION,Carpanter,Joiner Carpenter
Jornalist,1,Jornalist,UNCHANGED,Jornalist,Journalist
Journay Man (Tailor),1,Journay Man Tailor,NORMALIZATION,Journay,Journey Man Tailor
Journey Man Failor,1,Journey Man Failor,UNCHANGED,Failor,Journey Man Tailor
Journilist,1,Journilist,UNCHANGED,Journilist,Journalist
Journlist,1,Journlist,UNCHANGED,Journlist,Journalist
Journolist,1,Journolist,UNCHANGED,Journolist,Journalist
Jurneyman Tailor,1,Jurneyman Tailor,UNCHANGED,Jurneyman,Journeyman Tailor
Jurnlist,1,Jurnlist,UNCHANGED,Jurnlist,Journalist
Justic of Peace Land Agent,1,Justic of Peace Land Agent,UNCHANGED,Justic,Justice of Peace Land Agent
Justic of the Peace,1,Justic of the Peace,UNCHANGED,Justic,Justice of the Peace
Justics of Peace Land Agent,1,Justics of Peace Land Agent,UNCHANGED,Justics,Justice of Peace Land Agent
Justise of Peace Farmer,1,Justise of Peace Farmer,UNCHANGED,Justise,Justice of Peace Farmer
K'Maid Domestic Servant,1,K'Maid Domestic Servant,UNCHANGED,K'Maid,Maid Domestic Servant
Kagilway Signalman,1,Kagilway Signalman,UNCHANGED,Kagilway,Railway Signalman
Kannel Man,1,Kannel Man,UNCHANGED,Kannel,Kennel Man
Keepig House,1,Keepig House,UNCHANGED,Keepig,Keeping House
Keeping Hous,1,Keeping Hous,UNCHANGED,Hous,Keeping House
Keepping House,1,Keepping House,UNCHANGED,Keepping,Keeping House
Kennal Man,1,Kennal Man,UNCHANGED,Kennal,Kennel Man
Keping House,1,Keping House,UNCHANGED,Keping,Keeping House
Kichen Maid Domestic Servant,1,Kichen Maid Domestic Servant,UNCHANGED,Kichen,Kitchen Maid Domestic Servant
Kichenmaid Domestic Servant,1,Kichenmaid Domestic Servant,UNCHANGED,Kichenmaid,Kitchenmaid Domestic Servant
Killn Man,1,Killn Man,UNCHANGED,Killn,Kiln Man
Kitchan Maid (Dom Servt),1,Kitchan Maid Dom Servant,ABBREVIATION; NORMALIZATION,Kitchan,Kitchen Maid Dom Servant
Kitchan Maid Dom Servant,1,Kitchan Maid Dom Servant,STANDARD,Kitchan,Kitchen Maid Dom Servant
Kitchan Maid Servant,1,Kitchan Maid Servant,UNCHANGED,Kitchan,Kitchen Maid Servant
Kitchan Porter,1,Kitchan Porter,UNCHANGED,Kitchan,Kitchen Porter
Kitcheen Maid Domestic Servant,1,Kitcheen Maid Domestic Servant,UNCHANGED,Kitcheen,Kitchen Maid Domestic Servant
Kitchen Maid Doemstic Servant,1,Kitchen Maid Doemstic Servant,UNCHANGED,Doemstic,Kitchen Maid Domestic Servant
Kitchen Maid Domc Servant,1,Kitchen Maid Domc Servant,STANDARD,Domc,Kitchen Maid Dom Servant
Kitchen Maid Domestic Serant,1,Kitchen Maid Domestic Serant,UNCHANGED,Serant,Kitchen Maid Domestic Servant
Kitchen Maid-Domestic Sevt,1,Kitchen Maid Domestic Sevt,NORMALIZATION,Sevt,Kitchen Maid Domestic Sert
Kitchen Miad-Domestic Servant,1,Kitchen Miad Domestic Servant,NORMALIZATION,Miad,Kitchen Maid Domestic Servant
Kitchen-Maid Domc Servt,1,Kitchen Maid Domc Servant,ABBREVIATION; NORMALIZATION,Domc,Kitchen Maid Dom Servant
Kitchenmaid Domestic Serant,1,Kitchenmaid Domestic Serant,UNCHANGED,Serant,Kitchenmaid Domestic Servant
Kitchenmaid Domestick,1,Kitchenmaid Domestick,UNCHANGED,Domestick,Kitchenmaid Domestic
Kitchenmaid Domt Servt,1,Kitchenmaid Domt Servant,ABBREVIATION,Domt,Kitchenmaid Dom Servant
Kitcher Maid (Domestic Servant),1,Kitcher Maid Domestic Servant,NORMALIZATION,Kitcher,Kitchen Maid Domestic Servant
Kitcken Maid Domestic Servt,1,Kitcken Maid Domestic Servant,ABBREVIATION,Kitcken,Kitchen Maid Domestic Servant
Kithen Maid Domestic,1,Kithen Maid Domestic,UNCHANGED,Kithen,Kitchen Maid Domestic
Kneedle Work,1,Kneedle Work,UNCHANGED,Kneedle,Needle Work
Kuay Labourer,1,Kuay Labourer,UNCHANGED,Kuay,Quay Labourer
Kutler,1,Kutler,UNCHANGED,Kutler,Butler
Laaborer,1,Laaborer,UNCHANGED,Laaborer,Labourer
Laabourer,1,Laabourer,UNCHANGED,Laabourer,Labourer
Laaourer,1,Laaourer,UNCHANGED,Laaourer,Labourer
Labarrer,1,Labarrer,UNCHANGED,Labarrer,Labourer
Labbourer,1,Labbourer,UNCHANGED,Labbourer,Labourer
Labburer,1,Labburer,UNCHANGED,Labburer,Labourer
Labeor Builders,1,Labeor Builders,UNCHANGED,Labeor,Labour Builders
Labeor Gen,1,Labeor Gen,UNCHANGED,Labeor,Labour Gen
Labeorer,1,Labeorer,UNCHANGED,Labeorer,Labourer
Labeour Agrl,1,Labeour Agrl,UNCHANGED,Labeour; Agrl,Labour Agr
Labeour Farm,1,Labeour Farm,UNCHANGED,Labeour,Labour Farm
Labeour General,1,Labeour General,UNCHANGED,Labeour,Labour General
Laberour (Agricultural),1,Laberour Agricultural,NORMALIZATION,Laberour,Labour Agricultural
Laberour Agricultrl,1,Laberour Agricultrl,UNCHANGED,Laberour; Agricultrl,Labour Agricultural
Laberour Agrl,1,Laberour Agrl,UNCHANGED,Laberour; Agrl,Labour Agr
Laberour Dock,1,Laberour Dock,UNCHANGED,Laberour,Labour Dock
Laberour Factory,1,Laberour Factory,UNCHANGED,Laberour,Labour Factory
Laberour Genl,1,Laberour Genl,UNCHANGED,Laberour,Labour Genl
Laberour Quay,1,Laberour Quay,STANDARD,Laberour,Labour Quay
Laberour Unemployed,1,Laberour Unemployed,UNCHANGED,Laberour,Labour Unemployed
Laberour-Quay,1,Laberour Quay,NORMALIZATION,Laberour,Labour Quay
Labiour Agl,1,Labiour Agl,UNCHANGED,Labiour; Agl,Labour Agr
Labiour Agrl,1,Labiour Agrl,UNCHANGED,Labiour; Agrl,Labour Agr
Labiour Gen,1,Labiour Gen,STANDARD,Labiour,Labour Gen
Labiour-Gen,1,Labiour Gen,NORMALIZATION,Labiour,Labour Gen
Labiour-General,1,Labiour General,NORMALIZATION,Labiour,Labour General
Labirour General,1,Labirour General,UNCHANGED,Labirour,Labour General
Labirourer,1,Labirourer,UNCHANGED,Labirourer,Labourer
Lablorer,1,Lablorer,UNCHANGED,Lablorer,Labourer
Lablouer,1,Lablouer,UNCHANGED,Lablouer,Labourer
Lablour General,1,Lablour General,UNCHANGED,Lablour,Labour General
Lablour Genl,1,Lablour Genl,UNCHANGED,Lablour,Labour Genl
Laboarer on Farm,1,Laboarer on Farm,UNCHANGED,Laboarer,Labourer on Farm
Laboarer on Railway,1,Laboarer on Railway,UNCHANGED,Laboarer,Labourer on Railway
Laboer General,1,Laboer General,UNCHANGED,Laboer,Labour General
Laboer Genl,1,Laboer Genl,UNCHANGED,Laboer,Labour Genl
Laboerr,1,Laboerr,UNCHANGED,Laboerr,Labourer
Labonrer,1,Labonrer,UNCHANGED,Labonrer,Labourer
Laborar (Genl),1,Laborar Genl,NORMALIZATION,Laborar,Labourer Genl
Laborar Fisherman,1,Laborar Fisherman,UNCHANGED,Laborar,Labourer Fisherman
Laborar's Wife,1,Laborar's Wife,UNCHANGED,Laborar's,Labourer's Wife
Laborer - Gnl,1,Labourer Gnl,AMERICAN_SPELLING; NORMALIZATION,Gnl,Labourer Genl
Laborer Agricul,1,Labourer Agricul,AMERICAN_SPELLING,Agricul,Labourer Agric
Laborer-Quaryman,1,Labourer Quaryman,AMERICAN_SPELLING; NORMALIZATION,Quaryman,Labourer Quarryman
Laborere,1,Laborere,UNCHANGED,Laborere,Labourer
Laborerer,1,Laborerer,UNCHANGED,Laborerer,Labourer
Laboror Builders,1,Laboror Builders,UNCHANGED,Laboror,Labourer Builders
Laborouer,1,Laborouer,UNCHANGED,Laborouer,Labourer
Laborrer,1,Laborrer,UNCHANGED,Laborrer,Labourer
Laboruer on Railway,1,Laboruer on Railway,UNCHANGED,Laboruer,Labourer on Railway
Laborur Agl,1,Laborur Agl,UNCHANGED,Laborur; Agl,Labour Agr
Laborur General,1,Laborur General,UNCHANGED,Laborur,Labour General
Laborur Genrl,1,Laborur Genrl,UNCHANGED,Laborur; Genrl,Labour Genl
Laborur Quay,1,Laborur Quay,UNCHANGED,Laborur,Labour Quay
Labouare,1,Labouare,UNCHANGED,Labouare,Labourer
Labouber,1,Labouber,UNCHANGED,Labouber,Labourer
Labouberer,1,Labouberer,UNCHANGED,Labouberer,Labourer
Labouer (Builders),1,Labouer Builders,NORMALIZATION,Labouer,Labourer Builders
Labouer (Genl),1,Labouer Genl,NORMALIZATION,Labouer,Labourer Genl
Labouer (Unemployed),1,Labouer Unemployed,NORMALIZATION,Labouer,Labourer Unemployed
Labouer Agrl.,1,Labouer Agrl.,UNCHANGED,Labouer; Agrl,Labourer Agr.
Labouer at Iron Works,1,Labouer at Iron Works,UNCHANGED,Labouer,Labourer at Iron Works
Labouer Coale,1,Labouer Coale,UNCHANGED,Labouer; Coale,Labourer Coal
Labouer Flour Mill,1,Labouer Flour Mill,UNCHANGED,Labouer,Labourer Flour Mill
Labouer Genl.,1,Labouer Genl.,UNCHANGED,Labouer,Labourer Genl.
Labouer in Distillery,1,Labouer in Distillery,UNCHANGED,Labouer,Labourer in Distillery
Labouer in Factory,1,Labouer in Factory,UNCHANGED,Labouer,Labourer in Factory
Labouer in Gas Works,1,Labouer in Gas Works,UNCHANGED,Labouer,Labourer in Gas Works
Labouer in Iron Foundry,1,Labouer in Iron Foundry,UNCHANGED,Labouer,Labourer in Iron Foundry
Labouer in Ironworks,1,Labouer in Ironworks,UNCHANGED,Labouer,Labourer in Ironworks
Labouer in Mill,1,Labouer in Mill,UNCHANGED,Labouer,Labourer in Mill
Labouer Iron,1,Labouer Iron,UNCHANGED,Labouer,Labourer Iron
Labouer on Farm,1,Labouer on Farm,UNCHANGED,Labouer,Labourer on Farm
Labouer Unemployed,1,Labouer Unemployed,STANDARD,Labouer,Labourer Unemployed
Labouer's Wife,1,Labouer's Wife,UNCHANGED,Labouer's,Labourer's Wife
Labouer-Carter,1,Labouer Carter,NORMALIZATION,Labouer,Labourer Carter
Labouerer in Brewery,1,Labouerer in Brewery,UNCHANGED,Labouerer,Labourer in Brewery
Labouerer in Iron Works,1,Labouerer in Iron Works,UNCHANGED,Labouerer,Labourer in Iron Works
Labouers General,1,Labouers General,UNCHANGED,Labouers,Labourers General
Laboug General,1,Laboug General,UNCHANGED,Laboug,Labour General
Labouler,1,Labouler,UNCHANGED,Labouler,Labourer
Labouor Agricultural,1,Labouor Agricultural,UNCHANGED,Labouor,Labour Agricultural
Labouourer,1,Labouourer,UNCHANGED,Labouourer,Labourer
Labour (Agl),1,Labour Agl,NORMALIZATION,Agl,Labour Agr
Labour (Genel),1,Labour Genel,NORMALIZATION,Genel,Labour Genl
Labour (Genlr),1,Labour Genlr,NORMALIZATION,Genlr,Labour Genl
Labour (Genrl),1,Labour Genrl,NORMALIZATION,Genrl,Labour Genl
Labour - Genrl,1,Labour Genrl,NORMALIZATION,Genrl,Labour Genl
Labour Agri,1,Labour Agri,UNCHANGED,Agri,Labour Agr
Labour Foundary,1,Labour Foundary,UNCHANGED,Foundary,Labour Foundry
Labour Generaly,1,Labour Generaly,UNCHANGED,Generaly,Labour General
Labour Genral,1,Labour Genral,UNCHANGED,Genral,Labour General
Labour Gernr,1,Labour Gernr,UNCHANGED,Gernr,Labour Genl
Labour Gnl,1,Labour Gnl,UNCHANGED,Gnl,Labour Genl
Laboural,1,Laboural,UNCHANGED,Laboural,Labourer
Labourar Genl,1,Labourar Genl,UNCHANGED,Labourar,Labourer Genl
Labourar on Farm,1,Labourar on Farm,UNCHANGED,Labourar,Labourer on Farm
Labourarer in Gas Works,1,Labourarer in Gas Works,UNCHANGED,Labourarer,Labourer in Gas Works
Labourck,1,Labourck,UNCHANGED,Labourck,Labourer
Laboure Agr.,1,Laboure Agr.,UNCHANGED,Laboure,Labourer Agr.
Laboure Agricultur,1,Laboure Agricultur,UNCHANGED,Laboure; Agricultur,Labourer Agriculture
Laboure Foundry,1,Laboure Foundry,UNCHANGED,Laboure,Labourer Foundry
Laboure Foundry Iron,1,Laboure Foundry Iron,UNCHANGED,Laboure,Labourer Foundry Iron
Laboure Genl.,1,Laboure Genl.,UNCHANGED,Laboure,Labourer Genl.
Laboure in Foundry,1,Laboure in Foundry,UNCHANGED,Laboure,Labourer in Foundry
Laboure in Pork Store,1,Laboure in Pork Store,UNCHANGED,Laboure,Labourer in Pork Store
Laboure in Woolen Factory,1,Laboure in Woolen Factory,UNCHANGED,Laboure; Woolen,Labourer in Woollen Factory
Laboure Iron Foundry,1,Laboure Iron Foundry,UNCHANGED,Laboure,Labourer Iron Foundry
Laboure on Farm,1,Laboure on Farm,UNCHANGED,Laboure,Labourer on Farm
Laboure Ropework,1,Laboure Ropework,UNCHANGED,Laboure,Labourer Ropework
Laboure's Son,1,Laboure's Son,UNCHANGED,Laboure's,Labourer's Son
Labourear,1,Labourear,UNCHANGED,Labourear,Labourer
Laboureer,1,Laboureer,UNCHANGED,Laboureer,Labourer
Labouren,1,Labouren,UNCHANGED,Labouren,Labourer
Labourer (Agriclr),1,Labourer Agriclr,NORMALIZATION,Agriclr,Labourer Agric
Labourer (Agriclt),1,Labourer Agriclt,NORMALIZATION,Agriclt,Labourer Agric
Labourer (Corter),1,Labourer Corter,NORMALIZATION,Corter,Labourer Porter
Labourer (Gardena),1,Labourer Gardena,NORMALIZATION,Gardena,Labourer Garden
Labourer (Genel),1,Labourer Genel,NORMALIZATION,Genel,Labourer Genl
Labourer (Genrl,1,Labourer Genrl,NORMALIZATION,Genrl,Labourer Genl
Labourer - Carmman,1,Labourer Carmman,NORMALIZATION,Carmman,Labourer Carman
Labourer - Disillery,1,Labourer Disillery,NORMALIZATION,Disillery,Labourer Distillery
Labourer - Genrl,1,Labourer Genrl,NORMALIZATION,Genrl,Labourer Genl
Labourer Agrecl,1,Labourer Agrecl,UNCHANGED,Agrecl,Labourer Agric
Labourer Agricel,1,Labourer Agricel,UNCHANGED,Agricel,Labourer Agric
Labourer Agricrl,1,Labourer Agricrl,STANDARD,Agricrl,Labourer Agric
Labourer Agrictl,1,Labourer Agrictl,UNCHANGED,Agrictl,Labourer Agric
Labourer Agricultre,1,Labourer Agricultre,UNCHANGED,Agricultre,Labourer Agriculture
Labourer Agricultu,1,Labourer Agricultu,UNCHANGED,Agricultu,Labourer Agriculture
Labourer Agriculur,1,Labourer Agriculur,UNCHANGED,Agriculur,Labourer Agriculture
Labourer Agricut,1,Labourer Agricut,UNCHANGED,Agricut,Labourer Agric
Labourer Agrid,1,Labourer Agrid,UNCHANGED,Agrid,Labourer Agric
Labourer Agrie,1,Labourer Agrie,UNCHANGED,Agrie,Labourer Agric
Labourer Agrir,1,Labourer Agrir,UNCHANGED,Agrir,Labourer Agric
Labourer Agrit,1,Labourer Agrit,UNCHANGED,Agrit,Labourer Agric
Labourer Bulders,1,Labourer Bulders,UNCHANGED,Bulders,Labourer Builders
Labourer Carriera,1,Labourer Carriera,UNCHANGED,Carriera,Labourer Carrier
Labourer Coale,1,Labourer Coale,UNCHANGED,Coale,Labourer Coal
Labourer Corperation,1,Labourer Corperation,UNCHANGED,Corperation,Labourer Corporation
Labourer Dutillery,1,Labourer Dutillery,UNCHANGED,Dutillery,Labourer Distillery
Labourer Forn,1,Labourer Forn,UNCHANGED,Forn,Labourer Corn
Labourer Gass Works,1,Labourer Gass Works,UNCHANGED,Gass,Labourer Gas Works
Labourer Genlr,1,Labourer Genlr,STANDARD,Genlr,Labourer Genl
Labourer Genr,1,Labourer Genr,UNCHANGED,Genr,Labourer Genl
Labourer Gnl.,1,Labourer Gnl.,UNCHANGED,Gnl,Labourer Genl.
Labourer Herbour,1,Labourer Herbour,UNCHANGED,Herbour,Labourer Harbour
Labourer in Brawery,1,Labourer in Brawery,UNCHANGED,Brawery,Labourer in Brewery
Labourer in Brawrey,1,Labourer in Brawrey,UNCHANGED,Brawrey,Labourer in Brewery
Labourer in brevery,1,Labourer in brevery,UNCHANGED,brevery,Labourer in Brewery
Labourer in Brewrey,1,Labourer in Brewrey,UNCHANGED,Brewrey,Labourer in Brewery
Labourer in Destillery,1,Labourer in Destillery,UNCHANGED,Destillery,Labourer in Distillery
Labourer in Distallery,1,Labourer in Distallery,UNCHANGED,Distallery,Labourer in Distillery
Labourer in Distllary,1,Labourer in Distllary,UNCHANGED,Distllary,Labourer in Distillery
Labourer in Factoy,1,Labourer in Factoy,UNCHANGED,Factoy,Labourer in Factory
Labourer in Foundrey,1,Labourer in Foundrey,UNCHANGED,Foundrey,Labourer in Foundry
Labourer in Gass House,1,Labourer in Gass House,UNCHANGED,Gass,Labourer in Gas House
Labourer in Gron Works,1,Labourer in Gron Works,UNCHANGED,Gron,Labourer in Iron Works
Labourer in Iroworks,1,Labourer in Iroworks,UNCHANGED,Iroworks,Labourer in Ironworks
Labourer in Mault House,1,Labourer in Mault House,UNCHANGED,Mault,Labourer in Malt House
Labourer in Ship Yord,1,Labourer in Ship Yord,UNCHANGED,Yord,Labourer in Ship Yard
Labourer in Ship Yrd,1,Labourer in Ship Yrd,UNCHANGED,Yrd,Labourer in Ship Yard
Labourer in Shipard,1,Labourer in Shipard,UNCHANGED,Shipard,Labourer in Shipyard
Labourer in Shpyard,1,Labourer in Shpyard,UNCHANGED,Shpyard,Labourer in Shipyard
Labourer in Tan Zard,1,Labourer in Tan Zard,UNCHANGED,Zard,Labourer in Tan Yard
Labourer in Timbar Yard,1,Labourer in Timbar Yard,UNCHANGED,Timbar,Labourer in Timber Yard
Labourer in Timber Yord,1,Labourer in Timber Yord,UNCHANGED,Yord,Labourer in Timber Yard
Labourer in Weaving Foctory,1,Labourer in Weaving Foctory,UNCHANGED,Foctory,Labourer in Weaving Factory
Labourer in Woollan Factory,1,Labourer in Woollan Factory,UNCHANGED,Woollan,Labourer in Woollen Factory
Labourer Iron Foundary,1,Labourer Iron Foundary,UNCHANGED,Foundary,Labourer Iron Foundry
Labourer Onemployed,1,Labourer Onemployed,UNCHANGED,Onemployed,Labourer Unemployed
Labourer Quarrman,1,Labourer Quarrman,UNCHANGED,Quarrman,Labourer Quarryman
Labourer Scavanger,1,Labourer Scavanger,UNCHANGED,Scavanger,Labourer Scavenger
Labourer Scovenger,1,Labourer Scovenger,UNCHANGED,Scovenger,Labourer Scavenger
Labourer Soal Porter,1,Labourer Soal Porter,UNCHANGED,Soal,Labourer Coal Porter
Labourer Tember Yard,1,Labourer Tember Yard,UNCHANGED,Tember,Labourer Timber Yard
Labourer Unemployd,1,Labourer Unemployd,UNCHANGED,Unemployd,Labourer Unemployed
Labourer Uninployed,1,Labourer Uninployed,UNCHANGED,Uninployed,Labourer Unemployed
Labourer's Daughtr,1,Labourer's Daughtr,UNCHANGED,Daughtr,Labourer's Daughter
Labourer's Siter,1,Labourer's Siter,UNCHANGED,Siter,Labourer's Sister
Labourer-Agl.,1,Labourer Agl.,NORMALIZATION,Agl,Labourer Agr.
Labourerin Ropework,1,Labourerin Ropework,UNCHANGED,Labourerin,Labourer Ropework
Labourerin Ropeworks,1,Labourerin Ropeworks,UNCHANGED,Labourerin; Ropeworks,Labourer Ropework
Labourerl Genl,1,Labourerl Genl,UNCHANGED,Labourerl,Labourer Genl
Labourerr,1,Labourerr,UNCHANGED,Labourerr,Labourer
Laboures Carter,1,Laboures Carter,UNCHANGED,Laboures,Labourer Carter
Laboures Domestic,1,Laboures Domestic,UNCHANGED,Laboures,Labourer Domestic
Laboures Iron Foundry,1,Laboures Iron Foundry,UNCHANGED,Laboures,Labourer Iron Foundry
Laboures Servant,1,Laboures Servant,UNCHANGED,Laboures,Labourer Servant
Labourey,1,Labourey,UNCHANGED,Labourey,Labourer
Labourler,1,Labourler,UNCHANGED,Labourler,Labourer
Labouror Genl,1,Labouror Genl,UNCHANGED,Labouror,Labourer Genl
Labouror in Iron Works,1,Labouror in Iron Works,UNCHANGED,Labouror,Labourer in Iron Works
Laboururer Builders,1,Laboururer Builders,UNCHANGED,Laboururer,Labourer Builders
Labower,1,Labower,UNCHANGED,Labower,Labourer
Labowrer,1,Labowrer,UNCHANGED,Labowrer,Labourer
Labror (Farm),1,Labror Farm,NORMALIZATION,Labror,Labour Farm
Labror Dock,1,Labror Dock,UNCHANGED,Labror,Labour Dock
Labror Farm,1,Labror Farm,STANDARD,Labror,Labour Farm
Labror Quay,1,Labror Quay,UNCHANGED,Labror,Labour Quay
Labrorer (Genl),1,Labrorer Genl,NORMALIZATION,Labrorer,Labourer Genl
Labrour (General),1,Labrour General,NORMALIZATION,Labrour,Labour General
Labrour Builders,1,Labrour Builders,UNCHANGED,Labrour,Labour Builders
Labrour Genl,1,Labrour Genl,STANDARD,Labrour,Labour Genl
Labrour Genl.,1,Labrour Genl.,UNCHANGED,Labrour,Labour Genl.
Labrour in Iron Works,1,Labrour in Iron Works,UNCHANGED,Labrour,Labour in Iron Works
Labrour Railway,1,Labrour Railway,UNCHANGED,Labrour,Labour Railway
Labrourer Flour Mill,1,Labrourer Flour Mill,UNCHANGED,Labrourer,Labourer Flour Mill
Labrourer in Gas House,1,Labrourer in Gas House,UNCHANGED,Labrourer,Labourer in Gas House
Labrourer in Iron Works,1,Labrourer in Iron Works,UNCHANGED,Labrourer,Labourer in Iron Works
Labrourer in Shipyard,1,Labrourer in Shipyard,UNCHANGED,Labrourer,Labourer in Shipyard
Labrourer on Farm,1,Labrourer on Farm,UNCHANGED,Labrourer,Labourer on Farm
Labrourer on Railway,1,Labrourer on Railway,UNCHANGED,Labrourer,Labourer on Railway
Labrurer,1,Labrurer,UNCHANGED,Labrurer,Labourer
Labuerer,1,Labuerer,UNCHANGED,Labuerer,Labourer
Labuor General,1,Labuor General,UNCHANGED,Labuor,Labour General
Laburer Agric,1,Laburer Agric,UNCHANGED,Laburer,Labourer Agric
Laburer Agrl.,1,Laburer Agrl.,UNCHANGED,Laburer; Agrl,Labourer Agr.
Laburer at Ship Yard,1,Laburer at Ship Yard,UNCHANGED,Laburer,Labourer at Ship Yard
Laburer Foundry,1,Laburer Foundry,UNCHANGED,Laburer,Labourer Foundry
Laburer's Wife,1,Laburer's Wife,UNCHANGED,Laburer's,Labourer's Wife
Laburere,1,Laburere,UNCHANGED,Laburere,Labourer
Laburorer,1,Laburorer,UNCHANGED,Laburorer,Labourer
Labuurer,1,Labuurer,UNCHANGED,Labuurer,Labourer
Lacke Worker,1,Lacke Worker,UNCHANGED,Lacke,Lace Worker
Lacmaker,1,Lacmaker,UNCHANGED,Lacmaker,Lacemaker
Ladey Nurse,1,Ladey Nurse,UNCHANGED,Ladey,Lady Nurse
Ladie Maid Domestic Servant,1,Ladie Maid Domestic Servant,UNCHANGED,Ladie,Ladies Maid Domestic Servant
Ladies Nurse Tendir,1,Ladies Nurse Tendir,UNCHANGED,Tendir,Ladies Nurse Tender
Lady Annity,1,Lady Annity,UNCHANGED,Annity,Lady Annuity
Lady Cleark,1,Lady Cleark,UNCHANGED,Cleark,Lady Clerk
Lady Clerke,1,Lady Clerke,UNCHANGED,Clerke,Lady Clerk
Lady Houskeeper,1,Lady Houskeeper,UNCHANGED,Houskeeper,Lady Housekeeper
Lady Maid Dometic Servt,1,Lady Maid Dometic Servant,ABBREVIATION,Dometic,Lady Maid Domestic Servant
Laibour Farm,1,Laibour Farm,UNCHANGED,Laibour,Labour Farm
Laibourer in Shipyard,1,Laibourer in Shipyard,UNCHANGED,Laibourer,Labourer in Shipyard
Laier in Mill,1,Laier in Mill,UNCHANGED,Laier,Layer in Mill
Laindress,1,Laindress,UNCHANGED,Laindress,Laundress
Lainen Weaver,1,Lainen Weaver,UNCHANGED,Lainen,Linen Weaver
Lalbourer,1,Lalbourer,UNCHANGED,Lalbourer,Labourer
Lalorer,1,Lalorer,UNCHANGED,Lalorer,Labourer
Lalourer,1,Lalourer,UNCHANGED,Lalourer,Labourer
Lambric Weaver,1,Lambric Weaver,UNCHANGED,Lambric,Cambric Weaver
Lanbourer,1,Lanbourer,UNCHANGED,Lanbourer,Labourer
Land Agents Cleark,1,Land Agents Cleark,UNCHANGED,Cleark,Land Agents Clerk
Land Ladey,1,Land Ladey,UNCHANGED,Ladey,Land Lady
Land Ladys,1,Land Ladys,UNCHANGED,Ladys,Land Lady
Land Lody,1,Land Lody,UNCHANGED,Lody,Land Lady
Land Owener,1,Land Owener,UNCHANGED,Owener,Land Owner
Land Seward,1,Land Seward,UNCHANGED,Seward,Land Steward
Land Steuart,1,Land Steuart,UNCHANGED,Steuart,Land Stewart
Land Stevard,1,Land Stevard,UNCHANGED,Stevard,Land Steward
Land Stewad,1,Land Stewad,UNCHANGED,Stewad,Land Steward
Land Stewerd,1,Land Stewerd,UNCHANGED,Stewerd,Land Steward
Land Stewert,1,Land Stewert,UNCHANGED,Stewert,Land Stewart
Land Steword,1,Land Steword,UNCHANGED,Steword,Land Steward
Land Strward,1,Land Strward,UNCHANGED,Strward,Land Steward
Land Stueart,1,Land Stueart,UNCHANGED,Stueart,Land Stuart
Land Stuert,1,Land Stuert,UNCHANGED,Stuert,Land Stuart
Land Stwart,1,Land Stwart,UNCHANGED,Stwart,Land Stewart
Landaress,1,Landaress,UNCHANGED,Landaress,Laundress
Landdress,1,Landdress,UNCHANGED,Landdress,Laundress
Landed Propriater,1,Landed Propriater,UNCHANGED,Propriater,Landed Proprietor
Landed Proprioter,1,Landed Proprioter,UNCHANGED,Proprioter,Landed Proprietor
Landed Propriter,1,Landed Propriter,UNCHANGED,Propriter,Landed Proprietor
Landid Proprieter,1,Landid Proprieter,UNCHANGED,Landid; Proprieter,Landed Proprietor
Landrees,1,Landrees,UNCHANGED,Landrees,Laundress
Landress (Domestic),1,Landress Domestic,NORMALIZATION,Landress,Laundress Domestic
Landress Denestic,1,Landress Denestic,UNCHANGED,Landress; Denestic,Laundress Domestic
Landress-Domestic Servt,1,Landress Domestic Servant,ABBREVIATION; NORMALIZATION,Landress,Laundress Domestic Servant
Landriss Domestic,1,Landriss Domestic,UNCHANGED,Landriss,Laundress Domestic
Landrss,1,Landrss,UNCHANGED,Landrss,Laundress
Landruss,1,Landruss,UNCHANGED,Landruss,Laundress
Landrymaid Domestic Servant,1,Landrymaid Domestic Servant,UNCHANGED,Landrymaid,Laundrymaid Domestic Servant
Landuress Domestic Ser,1,Landuress Domestic Ser,UNCHANGED,Landuress,Laundress Domestic Ser
Landury Girl,1,Landury Girl,UNCHANGED,Landury,Laundry Girl
Landwress,1,Landwress,UNCHANGED,Landwress,Laundress
Lanen Weaver,1,Lanen Weaver,UNCHANGED,Lanen,Linen Weaver
Lanudress,1,Lanudress,UNCHANGED,Lanudress,Laundress
Laour Quay,1,Laour Quay,UNCHANGED,Laour,Labour Quay
Lapper Lenen,1,Lapper Lenen,UNCHANGED,Lenen,Lapper Linen
Lappper (Linen),1,Lappper Linen,NORMALIZATION,Lappper,Lapper Linen
Larbour General,1,Larbour General,UNCHANGED,Larbour,Labour General
Lardener,1,Lardener,UNCHANGED,Lardener,Gardener
Larness Maker,1,Larness Maker,UNCHANGED,Larness,Harness Maker
Larorer,1,Larorer,UNCHANGED,Larorer,Labourer
Latouren Genl,1,Latouren Genl,UNCHANGED,Latouren,Labourer Genl
Laubaurer,1,Laubaurer,UNCHANGED,Laubaurer,Labourer
Lauboerer,1,Lauboerer,UNCHANGED,Lauboerer,Labourer
Laubor General,1,Laubor General,UNCHANGED,Laubor,Labour General
Laubour General,1,Laubour General,UNCHANGED,Laubour,Labour General
Laubourer Agricl,1,Laubourer Agricl,UNCHANGED,Laubourer; Agricl,Labourer Agric
Laubourer Genl,1,Laubourer Genl,UNCHANGED,Laubourer,Labourer Genl
Laubourer in Iron Works,1,Laubourer in Iron Works,UNCHANGED,Laubourer,Labourer in Iron Works
Laubrer,1,Laubrer,UNCHANGED,Laubrer,Labourer
Laucndress,1,Laucndress,UNCHANGED,Laucndress,Laundress
Laumdress,1,Laumdress,UNCHANGED,Laumdress,Laundress
Launaress,1,Launaress,UNCHANGED,Launaress,Laundress
Launary Woman,1,Launary Woman,UNCHANGED,Launary,Laundry Woman
Laundary Maid,1,Laundary Maid,UNCHANGED,Laundary,Laundry Maid
Laundary Manager,1,Laundary Manager,UNCHANGED,Laundary,Laundry Manager
Laundary Smoother,1,Laundary Smoother,UNCHANGED,Laundary,Laundry Smoother
Laundary Woman,1,Laundary Woman,UNCHANGED,Laundary,Laundry Woman
Launday Maid,1,Launday Maid,UNCHANGED,Launday,Laundry Maid
Launddress,1,Launddress,UNCHANGED,Launddress,Laundress
Laundeess,1,Laundeess,UNCHANGED,Laundeess,Laundress
Laundery Maid Domesting Servant,1,Laundery Maid Domesting Servant,UNCHANGED,Laundery; Domesting,Laundry Maid Domestic Servant
Laundery Smoother,1,Laundery Smoother,UNCHANGED,Laundery,Laundry Smoother
Laundery Woman,1,Laundery Woman,UNCHANGED,Laundery,Laundry Woman
Laundess,1,Laundess,UNCHANGED,Laundess,Laundress
Laundrees Domestic Servant,1,Laundrees Domestic Servant,UNCHANGED,Laundrees,Laundress Domestic Servant
Laundrers,1,Laundrers,UNCHANGED,Laundrers,Laundress
Laundres Domestic,1,Laundres Domestic,UNCHANGED,Laundres,Laundress Domestic
Laundres Domestic Servant,1,Laundres Domestic Servant,UNCHANGED,Laundres,Laundress Domestic Servant
Laundresmaid Domestic Servant,1,Laundresmaid Domestic Servant,UNCHANGED,Laundresmaid,Laundrymaid Domestic Servant
Laundress-D.Servant,1,Laundress D.Servant,NORMALIZATION,D.Servant,Laundress Servant
Laundrist,1,Laundrist,UNCHANGED,Laundrist,Laundress
Laundrss,1,Laundrss,UNCHANGED,Laundrss,Laundress
Laundruess,1,Laundruess,UNCHANGED,Laundruess,Laundress
Laundrus,1,Laundrus,UNCHANGED,Laundrus,Laundress
Laundruss,1,Laundruss,UNCHANGED,Laundruss,Laundress
Laundry Snoother,1,Laundry Snoother,UNCHANGED,Snoother,Laundry Smoother
Laundry-Maid-Domestic Servat,1,Laundry Maid Domestic Servat,NORMALIZATION,Servat,Laundry Maid Domestic Servant
Laundrys Maid,1,Laundrys Maid,UNCHANGED,Laundrys,Laundry Maid
Laundrys Maid Domestic Servant,1,Laundrys Maid Domestic Servant,UNCHANGED,Laundrys,Laundry Maid Domestic Servant
Laundury Maid,1,Laundury Maid,UNCHANGED,Laundury,Laundry Maid
Laundy Girl,1,Laundy Girl,UNCHANGED,Laundy,Laundry Girl
Laundy Maid,1,Laundy Maid,UNCHANGED,Laundy,Laundry Maid
Laundyess,1,Laundyess,UNCHANGED,Laundyess,Laundress
Lavbourer,1,Lavbourer,UNCHANGED,Lavbourer,Labourer
Lavour Agl,1,Lavour Agl,UNCHANGED,Lavour; Agl,Labour Agr
Law Cleark,1,Law Cleark,UNCHANGED,Cleark,Law Clerk
Law Clerk Generl,1,Law Clerk Generl,UNCHANGED,Generl,Law Clerk General
Law Clerke,1,Law Clerke,UNCHANGED,Clerke,Law Clerk
Law Messerger,1,Law Messerger,UNCHANGED,Messerger,Law Messenger
Law Messnger,1,Law Messnger,UNCHANGED,Messnger,Law Messenger
Lawbour (General),1,Lawbour General,NORMALIZATION,Lawbour,Labour General
Lawndress,1,Lawndress,UNCHANGED,Lawndress,Laundress
Layrer in Mill,1,Layrer in Mill,UNCHANGED,Layrer,Layer in Mill
Lbour (Agricultural),1,Lbour Agricultural,NORMALIZATION,Lbour,Labour Agricultural
Lbourer,1,Lbourer,UNCHANGED,Lbourer,Labourer
Leaborrer,1,Leaborrer,UNCHANGED,Leaborrer,Labourer
Leabour (General),1,Leabour General,NORMALIZATION,Leabour,Labour General
Leabour Farm,1,Leabour Farm,UNCHANGED,Leabour,Labour Farm
Leabour General,1,Leabour General,STANDARD,Leabour,Labour General
Leaboure,1,Leaboure,UNCHANGED,Leaboure,Labourer
Leace Worker,1,Leace Worker,UNCHANGED,Leace,Lace Worker
Leand Steward,1,Leand Steward,UNCHANGED,Leand,Land Steward
Leehler (Flax),1,Leehler Flax,NORMALIZATION,Leehler,Reeler Flax
Leinen Lapper,1,Leinen Lapper,UNCHANGED,Leinen,Linen Lapper
Leinen Weaver,1,Leinen Weaver,UNCHANGED,Leinen,Linen Weaver
Lenen Bleacher,1,Lenen Bleacher,UNCHANGED,Lenen,Linen Bleacher
Leter Press Printer,1,Leter Press Printer,UNCHANGED,Leter,Letter Press Printer
Letho Artist,1,Letho Artist,UNCHANGED,Letho,Litho Artist
Letter Carrir,1,Letter Carrir,UNCHANGED,Carrir,Letter Carrier
Letter Carryier,1,Letter Carryier,UNCHANGED,Carryier,Letter Carrier
Letter Corrier,1,Letter Corrier,UNCHANGED,Corrier,Letter Carrier
Leutcher,1,Leutcher,UNCHANGED,Leutcher,Butcher
Lhorwoman,1,Lhorwoman,UNCHANGED,Lhorwoman,Charwoman
Licened Car-Owner,1,Licened Car Owner,NORMALIZATION,Licened,Licensed Car Owner
Ligter Man,1,Ligter Man,UNCHANGED,Ligter,Lighter Man
Liho Artist,1,Liho Artist,UNCHANGED,Liho,Litho Artist
Limekeeper Brewery,1,Limekeeper Brewery,UNCHANGED,Limekeeper,Timekeeper Brewery
Linan Bleacher,1,Linan Bleacher,UNCHANGED,Linan,Linen Bleacher
Linan Spinner,1,Linan Spinner,UNCHANGED,Linan,Linen Spinner
Lincensed Car Driver,1,Lincensed Car Driver,UNCHANGED,Lincensed,Licensed Car Driver
Linean Winder,1,Linean Winder,UNCHANGED,Linean,Linen Winder
Lineen Weaver,1,Lineen Weaver,UNCHANGED,Lineen,Linen Weaver
Linen Bleasher,1,Linen Bleasher,UNCHANGED,Bleasher,Linen Bleacher
Linen Bleecher,1,Linen Bleecher,UNCHANGED,Bleecher,Linen Bleacher
Linen Clerck,1,Linen Clerck,UNCHANGED,Clerck,Linen Clerk
Linen Cloth Paoser,1,Linen Cloth Paoser,UNCHANGED,Paoser,Linen Cloth Passer
Linen Dofer,1,Linen Dofer,UNCHANGED,Dofer,Linen Doffer
Linen Finesther,1,Linen Finesther,UNCHANGED,Finesther,Linen Finisher
Linen Fininsher,1,Linen Fininsher,UNCHANGED,Fininsher,Linen Finisher
Linen Finistier,1,Linen Finistier,UNCHANGED,Finistier,Linen Finisher
Linen Lappery,1,Linen Lappery,UNCHANGED,Lappery,Linen Lapper
Linen Lappir,1,Linen Lappir,UNCHANGED,Lappir,Linen Lapper
Linen Lupper,1,Linen Lupper,UNCHANGED,Lupper,Linen Lapper
Linen Manufacaturer,1,Linen Manufacaturer,UNCHANGED,Manufacaturer,Linen Manufacturer
Linen Manufactuer,1,Linen Manufactuer,UNCHANGED,Manufactuer,Linen Manufacturer
Linen Oramenter,1,Linen Oramenter,UNCHANGED,Oramenter,Linen Ornamenter
Linen Reelor,1,Linen Reelor,UNCHANGED,Reelor,Linen Reeler
Linen Tample Maker,1,Linen Tample Maker,UNCHANGED,Tample,Linen Sample Maker
Linen Trade Apprentic,1,Linen Trade Apprentic,UNCHANGED,Apprentic,Linen Trade Apprentice
Linen Veaver,1,Linen Veaver,UNCHANGED,Veaver,Linen Weaver
Linen Warehoseman,1,Linen Warehoseman,STANDARD,Warehoseman,Linen Warehouseman
Linen Warehousman,1,Linen Warehousman,UNCHANGED,Warehousman,Linen Warehouseman
Linen Warhouseman,1,Linen Warhouseman,UNCHANGED,Warhouseman,Linen Warehouseman
Linen Weaer,1,Linen Weaer,UNCHANGED,Weaer,Linen Weaver
Linen Weaver and Farm Laboure,1,Linen Weaver and Farm Laboure,UNCHANGED,Laboure,Linen Weaver and Farm Labourer
Linen Weaver Uneployed,1,Linen Weaver Uneployed,UNCHANGED,Uneployed,Linen Weaver Unemployed
Linen Weavery,1,Linen Weavery,UNCHANGED,Weavery,Linen Weaver
Linen Weavour,1,Linen Weavour,UNCHANGED,Weavour,Linen Weaver
Linen Weover,1,Linen Weover,UNCHANGED,Weover,Linen Weaver
Linen Wevear,1,Linen Wevear,UNCHANGED,Wevear,Linen Weaver
Linen Windor,1,Linen Windor,UNCHANGED,Windor,Linen Winder
Linen Winnder,1,Linen Winnder,UNCHANGED,Winnder,Linen Winder
Linen Yarn Bundeler,1,Linen Yarn Bundeler,UNCHANGED,Bundeler,Linen Yarn Bundler
Linen Yarn Dreser,1,Linen Yarn Dreser,UNCHANGED,Dreser,Linen Yarn Dresser
Linen Yarn Dresour,1,Linen Yarn Dresour,UNCHANGED,Dresour,Linen Yarn Dresser
Linen Yarn Reller,1,Linen Yarn Reller,UNCHANGED,Reller,Linen Yarn Reeler
Linen Yarn Wreeler,1,Linen Yarn Wreeler,UNCHANGED,Wreeler,Linen Yarn Reeler
Linen-Warehoseman,1,Linen Warehoseman,NORMALIZATION,Warehoseman,Linen Warehouseman
Linenen Lapper,1,Linenen Lapper,UNCHANGED,Linenen,Linnen Lapper
Linenen Weaver,1,Linenen Weaver,UNCHANGED,Linenen,Linnen Weaver
Linnan Weavour,1,Linnan Weavour,UNCHANGED,Linnan; Weavour,Linnen Weaver
Linnel Lapper,1,Linnel Lapper,UNCHANGED,Linnel,Linnen Lapper
Linnel Weaver,1,Linnel Weaver,UNCHANGED,Linnel,Linnen Weaver
Linnen Lapher,1,Linnen Lapher,UNCHANGED,Lapher,Linnen Lapper
Linnen Weaber,1,Linnen Weaber,UNCHANGED,Weaber,Linnen Weaver
Linnen Weavour,1,Linnen Weavour,UNCHANGED,Weavour,Linnen Weaver
Linnen Wevear,1,Linnen Wevear,UNCHANGED,Wevear,Linnen Weaver
Linnien Weaver,1,Linnien Weaver,UNCHANGED,Linnien,Linnen Weaver
Linnin Weavrer,1,Linnin Weavrer,UNCHANGED,Linnin; Weavrer,Linnen Weaver
Linnnen Weaver,1,Linnnen Weaver,UNCHANGED,Linnnen,Linnen Weaver
Lipemaker,1,Lipemaker,UNCHANGED,Lipemaker,Lacemaker
Lisensed Car Driver,1,Lisensed Car Driver,UNCHANGED,Lisensed,Licensed Car Driver
Litho Artise,1,Litho Artise,UNCHANGED,Artise,Litho Artist
Lito Artist,1,Lito Artist,UNCHANGED,Lito,Litho Artist
Loadging House Keeper,1,Loadging Housekeeper,COMPOUND_KEEPER,Loadging,Lodging Housekeeper
Loaging House Keeper,1,Loaging Housekeeper,COMPOUND_KEEPER,Loaging,Lodging Housekeeper
Loaging Housekeeper,1,Loaging Housekeeper,STANDARD,Loaging,Lodging Housekeeper
Loarding House,1,Loarding House,UNCHANGED,Loarding,Boarding House
Loborer,1,Loborer,UNCHANGED,Loborer,Labourer
Lobouer,1,Lobouer,UNCHANGED,Lobouer,Labourer
Lobourer (Genl),1,Lobourer Genl,NORMALIZATION,Lobourer,Labourer Genl
Lobrourer,1,Lobrourer,UNCHANGED,Lobrourer,Labourer
Locomative Engine Driver,1,Locomative Engine Driver,UNCHANGED,Locomative,Locomotive Engine Driver
Locomotoive Engine Driver,1,Locomotoive Engine Driver,UNCHANGED,Locomotoive,Locomotive Engine Driver
Locomstive Engine Driver,1,Locomstive Engine Driver,UNCHANGED,Locomstive,Locomotive Engine Driver
Locomtove Engine Driver,1,Locomtove Engine Driver,UNCHANGED,Locomtove,Locomotive Engine Driver
Lodding House Keeper,1,Lodding Housekeeper,COMPOUND_KEEPER,Lodding,Lodging Housekeeper
Lodg-Keeper,1,Lodg Keeper,NORMALIZATION,Lodg,Lodge Keeper
Lodger No Occuppation,1,Lodger No Occuppation,UNCHANGED,Occuppation,Lodger No Occupation
Lodging H.Keeper,1,Lodging H.Keeper,UNCHANGED,H.Keeper,Lodging Keeper
Lodging-Houskeeper,1,Lodging Houskeeper,NORMALIZATION,Houskeeper,Lodging Housekeeper
Lodgnig House Keeper,1,Lodgnig Housekeeper,COMPOUND_KEEPER,Lodgnig,Lodging Housekeeper
Loding house keeper,1,Loding Housekeeper,COMPOUND_KEEPER,Loding,Lodging Housekeeper
Londry Work,1,Londry Work,UNCHANGED,Londry,Laundry Work
Loodging House Keeper,1,Loodging Housekeeper,COMPOUND_KEEPER,Loodging,Lodging Housekeeper
Lorging House Keeper,1,Lorging Housekeeper,COMPOUND_KEEPER,Lorging,Lodging Housekeeper
Lorse Shoer,1,Lorse Shoer,UNCHANGED,Lorse,Horse Shoer
Loundry Maid,1,Loundry Maid,UNCHANGED,Loundry,Laundry Maid
Lubouer,1,Lubouer,UNCHANGED,Lubouer,Labourer
Lytho Artist,1,Lytho Artist,UNCHANGED,Lytho,Litho Artist
M.Tailor,1,M.Tailor,UNCHANGED,M.Tailor,Tailor
Machainst,1,Machainst,UNCHANGED,Machainst,Machinist
Machane Stitcher,1,Machane Stitcher,UNCHANGED,Machane,Machine Stitcher
Machanic Millwright,1,Machanic Millwright,UNCHANGED,Machanic,Mechanic Millwright
Machanic-Fitter,1,Machanic Fitter,NORMALIZATION,Machanic,Mechanic Fitter
Machaniest,1,Machaniest,UNCHANGED,Machaniest,Machinist
Machenest infactory,1,Machenest infactory,UNCHANGED,Machenest; infactory,Machinist Factory
Machenical Engineer,1,Machenical Engineer,UNCHANGED,Machenical,Mechanical Engineer
Machenist (Sewing),1,Machenist Sewing,NORMALIZATION,Machenist,Machinist Sewing
Machenist Shirt Factory,1,Machenist Shirt Factory,UNCHANGED,Machenist,Machinist Shirt Factory
Machenst,1,Machenst,UNCHANGED,Machenst,Machinist
Machesnist,1,Machesnist,UNCHANGED,Machesnist,Machinist
Machiaist,1,Machiaist,UNCHANGED,Machiaist,Machinist
Machien Oiler,1,Machien Oiler,UNCHANGED,Machien,Machine Oiler
Machiene Boy,1,Machiene Boy,UNCHANGED,Machiene,Machine Boy
Machimest,1,Machimest,UNCHANGED,Machimest,Machinist
Machinaist,1,Machinaist,UNCHANGED,Machinaist,Machinist
Machinc Man,1,Machinc Man,UNCHANGED,Machinc,Machine Man
Machine Stiecher,1,Machine Stiecher,UNCHANGED,Stiecher,Machine Stitcher
Machineat,1,Machineat,UNCHANGED,Machineat,Machinist
Machineest,1,Machineest,UNCHANGED,Machineest,Machinist
Machineiest,1,Machineiest,UNCHANGED,Machineiest,Machinist
Machineist Sewing,1,Machineist Sewing,UNCHANGED,Machineist,Machinist Sewing
Machineit,1,Machineit,UNCHANGED,Machineit,Machinist
Machinest (Linen),1,Machinest Linen,NORMALIZATION,Machinest,Machinist Linen
Machinest Shirt Maker,1,Machinest Shirt Maker,UNCHANGED,Machinest,Machinist Shirt Maker
Machinest-Boot Factory,1,Machinest Boot Factory,NORMALIZATION,Machinest,Machinist Boot Factory
Machinest-Factory,1,Machinest Factory,NORMALIZATION,Machinest,Machinist Factory
Machinest-Seamstress,1,Machinest Seamstress,NORMALIZATION,Machinest,Machinist Seamstress
Machiney Boy Mill Worker,1,Machiney Boy Mill Worker,UNCHANGED,Machiney,Machine Boy Mill Worker
Machinical Engineer,1,Machinical Engineer,UNCHANGED,Machinical,Mechanical Engineer
Machininst,1,Machininst,UNCHANGED,Machininst,Machinist
Machinis,1,Machinis,UNCHANGED,Machinis,Machinist
Machinistin Factory,1,Machinistin Factory,UNCHANGED,Machinistin,Machinist Factory
Machinot,1,Machinot,UNCHANGED,Machinot,Machinist
Machinst Sewing,1,Machinst Sewing,UNCHANGED,Machinst,Machinist Sewing
Machne Boy Mill,1,Machne Boy Mill,UNCHANGED,Machne,Machine Boy Mill
Machnical Engineer,1,Machnical Engineer,UNCHANGED,Machnical,Mechanical Engineer
Machnie Boy,1,Machnie Boy,UNCHANGED,Machnie,Machine Boy
Machshine Boy,1,Machshine Boy,UNCHANGED,Machshine,Machine Boy
Macinest,1,Macinest,UNCHANGED,Macinest,Machinist
Maciniest,1,Maciniest,UNCHANGED,Maciniest,Machinist
Macinist,1,Macinist,UNCHANGED,Macinist,Machinist
Magestrate Farmer,1,Magestrate Farmer,UNCHANGED,Magestrate,Magistrate Farmer
Magistrate Land Agnet,1,Magistrate Land Agnet,UNCHANGED,Agnet,Magistrate Land Agent
Mahon Master,1,Mahon Master,UNCHANGED,Mahon,Mason Master
Mailliner,1,Mailliner,UNCHANGED,Mailliner,Milliner
Maillwright,1,Maillwright,UNCHANGED,Maillwright,Millwright
Mais Servant,1,Mais Servant,UNCHANGED,Mais,Maid Servant
Malt Hous Labourer,1,Malt Hous Labourer,UNCHANGED,Hous,Malt House Labourer
Maltress Maker,1,Maltress Maker,UNCHANGED,Maltress,Mattress Maker
Manager-Shert Factory,1,Manager Shert Factory,NORMALIZATION,Shert,Manager Shirt Factory
Managerers of Cafe,1,Managerers of Cafe,UNCHANGED,Managerers,Manageress of Cafe
Managererss Hotel,1,Managererss Hotel,UNCHANGED,Managererss,Manageress Hotel
Manageres Hotel,1,Manageres Hotel,UNCHANGED,Manageres,Manageress Hotel
Manageress Restaraunt,1,Manageress Restaraunt,UNCHANGED,Restaraunt,Manageress Restaurant
Managress of Cofe,1,Managress of Cofe,UNCHANGED,Managress; Cofe,Manageress of Cafe
Managress Restanrant,1,Managress Restanrant,UNCHANGED,Managress; Restanrant,Manageress Restaurant
Manchenist Factory,1,Manchenist Factory,UNCHANGED,Manchenist,Machinist Factory
Manchinist,1,Manchinist,UNCHANGED,Manchinist,Machinist
Manson's Labourer,1,Manson's Labourer,UNCHANGED,Manson's,Mason's Labourer
Mantls Maker,1,Mantls Maker,UNCHANGED,Mantls,Mantle Maker
Manttle Maker,1,Manttle Maker,UNCHANGED,Manttle,Mantle Maker
Marble Meason,1,Marble Meason,UNCHANGED,Meason,Marble Mason
Marble Mnson,1,Marble Mnson,UNCHANGED,Mnson,Marble Mason
Marien Engineer,1,Marien Engineer,UNCHANGED,Marien,Marine Engineer
Marin Engineer,1,Marin Engineer,UNCHANGED,Marin,Marine Engineer
Marine Enginear,1,Marine Enginear,UNCHANGED,Enginear,Marine Engineer
Marine Enginere,1,Marine Enginere,UNCHANGED,Enginere,Marine Engineer
Marins Engineer,1,Marins Engineer,UNCHANGED,Marins,Marine Engineer
Market Gardiener,1,Market Gardiener,UNCHANGED,Gardiener,Market Gardener
Markett Gardener,1,Markett Gardener,UNCHANGED,Markett,Market Gardener
Marrine Engineer,1,Marrine Engineer,UNCHANGED,Marrine,Marine Engineer
Maschine Boy,1,Maschine Boy,UNCHANGED,Maschine,Machine Boy
Maschinst,1,Maschinst,UNCHANGED,Maschinst,Machinist
Mascinist,1,Mascinist,UNCHANGED,Mascinist,Machinist
Mashunist,1,Mashunist,UNCHANGED,Mashunist,Machinist
Masion Labourer,1,Masion Labourer,UNCHANGED,Masion,Mason Labourer
Mason Labouer,1,Mason Labouer,UNCHANGED,Labouer,Mason Labourer
Mason Labrouer,1,Mason Labrouer,UNCHANGED,Labrouer,Mason Labourer
Mason's Apprentie,1,Mason's Apprentie,UNCHANGED,Apprentie,Mason's Apprentice
Mason's Laboure,1,Mason's Laboure,UNCHANGED,Laboure,Mason's Labourer
Masone Labourer,1,Masone Labourer,UNCHANGED,Masone,Mason Labourer
Massenger Boy,1,Massenger Boy,UNCHANGED,Massenger,Messenger Boy
Maste Mason,1,Maste Mason,UNCHANGED,Maste,Master Mason
Master Carpinter,1,Master Carpinter,UNCHANGED,Carpinter,Master Carpenter
Master Carponenter,1,Master Carponenter,UNCHANGED,Carponenter,Master Carpenter
Master Corpenter,1,Master Corpenter,UNCHANGED,Corpenter,Master Carpenter
Master Marineer,1,Master Marineer,UNCHANGED,Marineer,Master Mariner
Master Marioner,1,Master Marioner,UNCHANGED,Marioner,Master Mariner
Master Maroner,1,Master Maroner,UNCHANGED,Maroner,Master Mariner
Master Martiner,1,Master Martiner,UNCHANGED,Martiner,Master Mariner
Master Shoe Macker,1,Master Shoe Macker,UNCHANGED,Macker,Master Shoe Maker
Master Shomaker,1,Master Shomaker,UNCHANGED,Shomaker,Master Shoemaker
Master Tailour,1,Master Tailour,UNCHANGED,Tailour,Master Tailor
Master Wariner,1,Master Wariner,UNCHANGED,Wariner,Master Mariner
Mastr Baker,1,Mastr Baker,UNCHANGED,Mastr,Master Baker
Mastr Mariner,1,Mastr Mariner,UNCHANGED,Mastr,Master Mariner
Mastr Shoemaker,1,Mastr Shoemaker,UNCHANGED,Mastr,Master Shoemaker
Matress Meaker,1,Matress Meaker,UNCHANGED,Matress; Meaker,Mattress Maker
Mattreas Maker,1,Mattreas Maker,UNCHANGED,Mattreas,Mattress Maker
Mchine Man,1,Mchine Man,UNCHANGED,Mchine,Machine Man
Mchineist,1,Mchineist,UNCHANGED,Mchineist,Machinist
Meachinest,1,Meachinest,UNCHANGED,Meachinest,Machinist
Meachinist,1,Meachinist,UNCHANGED,Meachinist,Machinist
Measag Boy,1,Measag Boy,UNCHANGED,Measag,Message Boy
Measage Boy,1,Measage Boy,UNCHANGED,Measage,Message Boy
Meason Stone,1,Meason Stone,UNCHANGED,Meason,Mason Stone
Meason's Daughter,1,Meason's Daughter,UNCHANGED,Meason's,Mason's Daughter
Meason's Wife,1,Meason's Wife,UNCHANGED,Meason's,Mason's Wife
Measter Tailor,1,Measter Tailor,UNCHANGED,Measter,Master Tailor
Mecanical Enigineer,1,Mecanical Enigineer,UNCHANGED,Mecanical; Enigineer,Mechanical Engineer
Mecha Engineer,1,Mecha Engineer,UNCHANGED,Mecha,Mech Engineer
Mechaincal Engineer,1,Mechaincal Engineer,UNCHANGED,Mechaincal,Mechanical Engineer
Mechanial Engineer,1,Mechanial Engineer,UNCHANGED,Mechanial,Mechanical Engineer
Mechanic Apprentace,1,Mechanic Apprentace,UNCHANGED,Apprentace,Mechanic Apprentice
Mechanic Flax Spining,1,Mechanic Flax Spining,UNCHANGED,Spining,Mechanic Flax Spinning
Mechanic-Filter,1,Mechanic Filter,NORMALIZATION,Filter,Mechanic Fitter
Mechanical Eingneer,1,Mechanical Eingneer,UNCHANGED,Eingneer,Mechanical Engineer
Mechanical Engeneer,1,Mechanical Engeneer,UNCHANGED,Engeneer,Mechanical Engineer
Mechanical Engneer,1,Mechanical Engneer,UNCHANGED,Engneer,Mechanical Engineer
Mechanical Engnieer,1,Mechanical Engnieer,UNCHANGED,Engnieer,Mechanical Engineer
Mechanicat Engineer,1,Mechanicat Engineer,UNCHANGED,Mechanicat,Mechanical Engineer
Mechanie Apprentice,1,Mechanie Apprentice,UNCHANGED,Mechanie,Mechanic Apprentice
Mechenacal Engineer,1,Mechenacal Engineer,UNCHANGED,Mechenacal,Mechanical Engineer
Mechenic Unemployed,1,Mechenic Unemployed,UNCHANGED,Mechenic,Mechanic Unemployed
Mechenical Engineer,1,Mechenical Engineer,UNCHANGED,Mechenical,Mechanical Engineer
Mechincal Engineer,1,Mechincal Engineer,UNCHANGED,Mechincal,Mechanical Engineer
Mechine Boy Mill,1,Mechine Boy Mill,UNCHANGED,Mechine,Machine Boy Mill
Mechinical Engineer,1,Mechinical Engineer,UNCHANGED,Mechinical,Mechanical Engineer
Mechl Engineer,1,Mechl Engineer,STANDARD,Mechl,Mech Engineer
Mechl-Engineer,1,Mechl Engineer,NORMALIZATION,Mechl,Mech Engineer
Mechnical Engineer,1,Mechnical Engineer,UNCHANGED,Mechnical,Mechanical Engineer
Mecinist,1,Mecinist,UNCHANGED,Mecinist,Machinist
Medical General Practiceoner,1,Medical General Practiceoner,UNCHANGED,Practiceoner,Medical General Practitioner
Medical General Practioner,1,Medical General Practioner,STANDARD,Practioner,Medical General Practitioner
Medical-General Practioner,1,Medical General Practioner,NORMALIZATION,Practioner,Medical General Practitioner
Medwife Nurse,1,Medwife Nurse,UNCHANGED,Medwife,Midwife Nurse
Mentle Maker,1,Mentle Maker,UNCHANGED,Mentle,Mantle Maker
Merchan Tailor,1,Merchan Tailor,UNCHANGED,Merchan,Merchant Tailor
Merchant Draperer,1,Merchant Draperer,UNCHANGED,Draperer,Merchant Draper
Merchant Farlor,1,Merchant Farlor,UNCHANGED,Farlor,Merchant Farmer
Merchant Gaocr,1,Merchant Gaocr,UNCHANGED,Gaocr,Merchant Grocer
Merchant Salor,1,Merchant Salor,UNCHANGED,Salor,Merchant Sailor
Merchant Tailar,1,Merchant Tailar,UNCHANGED,Tailar,Merchant Tailor
Mercheant Salor,1,Mercheant Salor,UNCHANGED,Mercheant; Salor,Merchant Sailor
Merchinist,1,Merchinist,UNCHANGED,Merchinist,Machinist
Mesenger - Shop,1,Mesenger Shop,NORMALIZATION,Mesenger,Messenger Shop
Mesige Boy,1,Mesige Boy,UNCHANGED,Mesige,Message Boy
Messange Boy,1,Messange Boy,UNCHANGED,Messange,Message Boy
Messanger (Shop),1,Messanger Shop,NORMALIZATION,Messanger,Messenger Shop
Messanger Domestic Servant,1,Messanger Domestic Servant,UNCHANGED,Messanger,Messenger Domestic Servant
Messanger in Bakery,1,Messanger in Bakery,UNCHANGED,Messanger,Messenger in Bakery
Messeage Girl,1,Messeage Girl,UNCHANGED,Messeage,Message Girl
Messeger Boy,1,Messeger Boy,UNCHANGED,Messeger,Messenger Boy
Messengar Boy,1,Messengar Boy,UNCHANGED,Messengar,Messenger Boy
Messenger Unemploed,1,Messenger Unemploed,UNCHANGED,Unemploed,Messenger Unemployed
Messengr Boy,1,Messengr Boy,STANDARD,Messengr,Messenger Boy
Messengr-Boy,1,Messengr Boy,NORMALIZATION,Messengr,Messenger Boy
Messge Girl,1,Messge Girl,UNCHANGED,Messge,Message Girl
Messiga Boy,1,Messiga Boy,UNCHANGED,Messiga,Message Boy
Messmaker,1,Messmaker,UNCHANGED,Messmaker,Dressmaker
Methodis Minister,1,Methodis Minister,UNCHANGED,Methodis,Methodist Minister
Methodist Ministor,1,Methodist Ministor,UNCHANGED,Ministor,Methodist Minister
Michenical Engineer,1,Michenical Engineer,UNCHANGED,Michenical,Mechanical Engineer
Michman,1,Michman,UNCHANGED,Michman,Milkman
Midd Wife,1,Midd Wife,UNCHANGED,Midd,Mid Wife
Milatia Man,1,Milatia Man,UNCHANGED,Milatia,Militia Man
Mileright,1,Mileright,UNCHANGED,Mileright,Millwright
Milesman on Railwy,1,Milesman on Railwy,UNCHANGED,Railwy,Milesman on Railway
Milinere,1,Milinere,UNCHANGED,Milinere,Milliner
Milita Man,1,Milita Man,UNCHANGED,Milita,Militia Man
Militen Man,1,Militen Man,UNCHANGED,Militen,Militia Man
Militra Man,1,Militra Man,UNCHANGED,Militra,Militia Man
Milk Vindor,1,Milk Vindor,UNCHANGED,Vindor,Milk Vendor
Mill Labourar,1,Mill Labourar,UNCHANGED,Labourar,Mill Labourer
Mill Macanic,1,Mill Macanic,UNCHANGED,Macanic,Mill Mechanic
Mill Machanic,1,Mill Machanic,UNCHANGED,Machanic,Mill Mechanic
Mill Maneger,1,Mill Maneger,UNCHANGED,Maneger,Mill Manager
Mill Warker Unemployed,1,Mill Warker Unemployed,UNCHANGED,Warker,Mill Worker Unemployed
Mill Worer,1,Mill Worer,UNCHANGED,Worer,Mill Worker
Mill Worke Doffer,1,Mill Worke Doffer,UNCHANGED,Worke,Mill Worker Doffer
Mill Worker (Spreadder of Flax),1,Mill Worker Spreadder of Flax,NORMALIZATION,Spreadder,Mill Worker Spreader of Flax
Mill Worker (Spredder of Flax),1,Mill Worker Spredder of Flax,NORMALIZATION,Spredder,Mill Worker Spreader of Flax
Mill Worker Doffr,1,Mill Worker Doffr,UNCHANGED,Doffr,Mill Worker Doffer
Mill Worker Dooffr,1,Mill Worker Dooffr,UNCHANGED,Dooffr,Mill Worker Doffer
Mill Worker Reler,1,Mill Worker Reler,UNCHANGED,Reler,Mill Worker Reeler
Mill Worker Speader,1,Mill Worker Speader,UNCHANGED,Speader,Mill Worker Spreader
Mill Worker Spiner,1,Mill Worker Spiner,UNCHANGED,Spiner,Mill Worker Spinner
Mill Worker Sprader,1,Mill Worker Sprader,UNCHANGED,Sprader,Mill Worker Spreader
Mill Workerer,1,Mill Workerer,UNCHANGED,Workerer,Mill Worker
Mill Workerr,1,Mill Workerr,UNCHANGED,Workerr,Mill Worker
Mill Workrr,1,Mill Workrr,UNCHANGED,Workrr,Mill Worker
Mill Wosker,1,Mill Wosker,UNCHANGED,Wosker,Mill Worker
Millener Apprentice,1,Millener Apprentice,UNCHANGED,Millener,Milliner Apprentice
Millener Unemployed,1,Millener Unemployed,UNCHANGED,Millener,Milliner Unemployed
Millerner,1,Millerner,UNCHANGED,Millerner,Milliner
Millienar,1,Millienar,UNCHANGED,Millienar,Milliner
Milliener,1,Milliener,UNCHANGED,Milliener,Milliner
Millilia Man,1,Millilia Man,UNCHANGED,Millilia,Militia Man
Millimer,1,Millimer,UNCHANGED,Millimer,Milliner
Millinear,1,Millinear,UNCHANGED,Millinear,Milliner
Millineer,1,Millineer,UNCHANGED,Millineer,Milliner
Milliner Aprentice,1,Milliner Aprentice,UNCHANGED,Aprentice,Milliner Apprentice
Milliney,1,Milliney,UNCHANGED,Milliney,Milliner
Millinoer,1,Millinoer,UNCHANGED,Millinoer,Milliner
Millinr,1,Millinr,UNCHANGED,Millinr,Milliner
Millright-Unemployed,1,Millright Unemployed,NORMALIZATION,Millright,Millwright Unemployed
Millsman Railway,1,Millsman Railway,UNCHANGED,Millsman,Milesman Railway
Millwrigh Apprentice,1,Millwrigh Apprentice,UNCHANGED,Millwrigh,Millwright Apprentice
Miluright,1,Miluright,UNCHANGED,Miluright,Millwright
Minister Presbyterain,1,Minister Presbyterain,UNCHANGED,Presbyterain,Minister Presbyterian
Mishine Boy,1,Mishine Boy,UNCHANGED,Mishine,Machine Boy
Missage Boy,1,Missage Boy,UNCHANGED,Missage,Message Boy
Missege Boy,1,Missege Boy,UNCHANGED,Missege,Message Boy
Monitor N.S.T,1,Monitor N.S.T,UNCHANGED,N.S.T,Monitor N.S.
Monitor-N.School,1,Monitor N.School,NORMALIZATION,N.School,Monitor School
Monitrees National School,1,Monitrees National School,UNCHANGED,Monitrees,Monitress National School
Monitress N.School,1,Monitress N.School,UNCHANGED,N.School,Monitress School
Monlder Iron,1,Monlder Iron,UNCHANGED,Monlder,Moulder Iron
Monstress National School,1,Monstress National School,UNCHANGED,Monstress,Monitress National School
Morble Mason,1,Morble Mason,UNCHANGED,Morble,Marble Mason
Moshers Help,1,Moshers Help,UNCHANGED,Moshers,Mothers Help
Moster Smith,1,Moster Smith,UNCHANGED,Moster,Master Smith
Mothors Help,1,Mothors Help,UNCHANGED,Mothors,Mothers Help
Mottress Maker,1,Mottress Maker,UNCHANGED,Mottress,Mattress Maker
Moulderess Labourer,1,Moulderess Labourer,UNCHANGED,Moulderess,Moulders Labourer
Music Techer,1,Music Techer,UNCHANGED,Techer,Music Teacher
Mutler,1,Mutler,UNCHANGED,Mutler,Butler
N.Teacher (Unemployed),1,N.Teacher Unemployed,NORMALIZATION,N.Teacher,Teacher Unemployed
N.Teacher-Assistant,1,N.Teacher Assistant,NORMALIZATION,N.Teacher,Teacher Assistant
Natiolar School Teacher,1,Natiolar School Teacher,UNCHANGED,Natiolar,National School Teacher
National Scholl Teacher,1,National Scholl Teacher,UNCHANGED,Scholl,National School Teacher
National Teacher-Principel,1,National Teacher Principel,NORMALIZATION,Principel,National Teacher Principal
Nationl School Teacher,1,Nationl School Teacher,UNCHANGED,Nationl,National School Teacher
Naurse,1,Naurse,UNCHANGED,Naurse,Nurse
Navvyan Railway,1,Navvyan Railway,UNCHANGED,Navvyan,Navvy Railway
Neadle Woman,1,Neadle Woman,UNCHANGED,Neadle,Needle Woman
Neadle Work,1,Neadle Work,UNCHANGED,Neadle,Needle Work
Neddle Woman,1,Neddle Woman,UNCHANGED,Neddle,Needle Woman
Nedle Woman,1,Nedle Woman,UNCHANGED,Nedle,Needle Woman
Needl Woman,1,Needl Woman,UNCHANGED,Needl,Needle Woman
Needl Worker,1,Needl Worker,STANDARD,Needl,Needle Worker
Needl-Worker,1,Needl Worker,NORMALIZATION,Needl,Needle Worker
Needle Wourk,1,Needle Wourk,UNCHANGED,Wourk,Needle Work
Neeler Linen Factory,1,Neeler Linen Factory,UNCHANGED,Neeler,Reeler Linen Factory
Negetabe Dealer,1,Negetabe Dealer,UNCHANGED,Negetabe,Vegetable Dealer
Negetable Dealer,1,Negetable Dealer,UNCHANGED,Negetable,Vegetable Dealer
Neidle Worker,1,Neidle Worker,UNCHANGED,Neidle,Needle Worker
Neus Vendor,1,Neus Vendor,UNCHANGED,Neus,News Vendor
News Vendore,1,News Vendore,UNCHANGED,Vendore,News Vendor
Newsagant,1,Newsagant,UNCHANGED,Newsagant,Newsagent
Newsagency,1,Newsagency,UNCHANGED,Newsagency,Newsagent
Night Walch Man,1,Night Walch Man,UNCHANGED,Walch,Night Watch Man
No Bisuness,1,No Bisuness,UNCHANGED,Bisuness,No Business
No Buesness,1,No Buesness,UNCHANGED,Buesness,No Business
No Buisnness,1,No Buisnness,UNCHANGED,Buisnness,No Business
No Businss,1,No Businss,UNCHANGED,Businss,No Business
No Busniess,1,No Busniess,UNCHANGED,Busniess,No Business
No Bussness,1,No Bussness,UNCHANGED,Bussness,No Business
No Cholar,1,No Cholar,UNCHANGED,Cholar,No Scholar
No Emploiment,1,No Emploiment,UNCHANGED,Emploiment,No Employment
No Emplyment,1,No Emplyment,UNCHANGED,Emplyment,No Employment
No Empolyment,1,No Empolyment,UNCHANGED,Empolyment,No Employment
No Froffession,1,No Froffession,UNCHANGED,Froffession,No Profession
No Ocapation,1,No Ocapation,UNCHANGED,Ocapation,No Occupation
No Occapaton,1,No Occapaton,UNCHANGED,Occapaton,No Occupation
No Occepation,1,No Occepation,UNCHANGED,Occepation,No Occupation
No Occpaton,1,No Occpaton,UNCHANGED,Occpaton,No Occupation
No Occupataion,1,No Occupataion,UNCHANGED,Occupataion,No Occupation
No Occupatin,1,No Occupatin,UNCHANGED,Occupatin,No Occupation
No Occupatoin,1,No Occupatoin,UNCHANGED,Occupatoin,No Occupation
No Occupattion,1,No Occupattion,UNCHANGED,Occupattion,No Occupation
No Occupiation,1,No Occupiation,UNCHANGED,Occupiation,No Occupation
No Occuplation,1,No Occuplation,UNCHANGED,Occuplation,No Occupation
No Occupotion,1,No Occupotion,UNCHANGED,Occupotion,No Occupation
No Ocepation,1,No Ocepation,UNCHANGED,Ocepation,No Occupation
No Ocipation,1,No Ocipation,UNCHANGED,Ocipation,No Occupation
No Ocpation,1,No Ocpation,UNCHANGED,Ocpation,No Occupation
No Ocupatin,1,No Ocupatin,UNCHANGED,Ocupatin,No Occupation
No Ocuppation,1,No Ocuppation,UNCHANGED,Ocuppation,No Occupation
No Ocuupation,1,No Ocuupation,UNCHANGED,Ocuupation,No Occupation
No Oucapation,1,No Oucapation,UNCHANGED,Oucapation,No Occupation
No Ouccpation,1,No Ouccpation,UNCHANGED,Ouccpation,No Occupation
No Pofession,1,No Pofession,UNCHANGED,Pofession,No Profession
No Proession,1,No Proession,UNCHANGED,Proession,No Profession
No Profeshon,1,No Profeshon,UNCHANGED,Profeshon,No Profession
No Profesin,1,No Profesin,UNCHANGED,Profesin,No Profession
No Professien,1,No Professien,UNCHANGED,Professien,No Profession
No Professtion,1,No Professtion,UNCHANGED,Professtion,No Profession
No Proffessin,1,No Proffessin,UNCHANGED,Proffessin,No Profession
Nohting,1,Nohting,UNCHANGED,Nohting,Nothing
None Anuity,1,None Anuity,UNCHANGED,Anuity,None Annuity
None Dividens,1,None Dividens,UNCHANGED,Dividens,None Dividends
None-Annuit,1,None Annuit,NORMALIZATION,Annuit,None Annuity
Nonthing,1,Nonthing,UNCHANGED,Nonthing,Nothing
Noshthing,1,Noshthing,UNCHANGED,Noshthing,Nothing
Not at Schol,1,Not at Schol,UNCHANGED,Schol,Not at School
Not Atendin School,1,Not Atendin School,UNCHANGED,Atendin,Not Attending School
Not Atending Clhool,1,Not Atending Clhool,UNCHANGED,Atending; Clhool,Not Attending School
Not Attedng School,1,Not Attedng School,UNCHANGED,Attedng,Not Attending School
Not Attendig School,1,Not Attendig School,UNCHANGED,Attendig,Not Attending School
Not Attending Chool,1,Not Attending Chool,UNCHANGED,Chool,Not Attending School
Not Attinding School,1,Not Attinding School,UNCHANGED,Attinding,Not Attending School
Not Employd,1,Not Employd,UNCHANGED,Employd,Not Employed
Not Enployed,1,Not Enployed,UNCHANGED,Enployed,Not Employed
Nothng,1,Nothng,UNCHANGED,Nothng,Nothing
Nourse,1,Nourse,UNCHANGED,Nourse,Nurse
Nurce Dom Servt,1,Nurce Dom Servant,ABBREVIATION,Nurce,Nurse Dom Servant
Nurce-D. Servant,1,Nurce D. Servant,NORMALIZATION,Nurce,Nurse D. Servant
Nurcery Maid,1,Nurcery Maid,UNCHANGED,Nurcery,Nursery Maid
Nurcery Maid Domestic Servant,1,Nurcery Maid Domestic Servant,UNCHANGED,Nurcery,Nursery Maid Domestic Servant
Nures Domestic Servant,1,Nures Domestic Servant,STANDARD,Nures,Nurse Domestic Servant
Nures-Domestic Servant,1,Nures Domestic Servant,NORMALIZATION,Nures,Nurse Domestic Servant
Nurs General Servant,1,Nurs General Servant,UNCHANGED,Nurs,Nurse General Servant
Nurs Tender,1,Nurs Tender,UNCHANGED,Nurs,Nurse Tender
Nurs-Domestic,1,Nurs Domestic,NORMALIZATION,Nurs,Nurse Domestic
Nurse (Mudwifory),1,Nurse Mudwifory,NORMALIZATION,Mudwifory,Nurse Midwifery
Nurse and Houskeeper,1,Nurse and Houskeeper,UNCHANGED,Houskeeper,Nurse and Housekeeper
Nurse Childs,1,Nurse Childs,UNCHANGED,Childs,Nurse Child
Nurse Companire,1,Nurse Companire,UNCHANGED,Companire,Nurse Companion
Nurse Companison,1,Nurse Companison,UNCHANGED,Companison,Nurse Companion
Nurse Doemstic Servant,1,Nurse Doemstic Servant,UNCHANGED,Doemstic,Nurse Domestic Servant
Nurse Domc Servant,1,Nurse Domc Servant,STANDARD,Domc,Nurse Dom Servant
Nurse Domc Servent,1,Nurse Domc Servent,UNCHANGED,Domc; Servent,Nurse Dom Servant
Nurse Domesic Servant,1,Nurse Domesic Servant,UNCHANGED,Domesic,Nurse Domestic Servant
Nurse Domeste Servt,1,Nurse Domeste Servant,ABBREVIATION,Domeste,Nurse Domestic Servant
Nurse Domestic Servan,1,Nurse Domestic Servan,UNCHANGED,Servan,Nurse Domestic Servant
Nurse Domestic Servat,1,Nurse Domestic Servat,STANDARD,Servat,Nurse Domestic Servant
Nurse Domestic Serveant,1,Nurse Domestic Serveant,UNCHANGED,Serveant,Nurse Domestic Servant
Nurse Domestic Sev,1,Nurse Domestic Sev,UNCHANGED,Sev,Nurse Domestic Ser
Nurse Domestic Sevant,1,Nurse Domestic Sevant,UNCHANGED,Sevant,Nurse Domestic Servant
Nurse Domestice Servant,1,Nurse Domestice Servant,STANDARD,Domestice,Nurse Domestic Servant
Nurse Domestick,1,Nurse Domestick,UNCHANGED,Domestick,Nurse Domestic
Nurse domstc Servant,1,Nurse domstc Servant,UNCHANGED,domstc,Nurse Domestic Servant
Nurse Domt Servt,1,Nurse Domt Servant,ABBREVIATION,Domt,Nurse Dom Servant
Nurse Probationier,1,Nurse Probationier,UNCHANGED,Probationier,Nurse Probationer
Nurse Proffesional,1,Nurse Proffesional,UNCHANGED,Proffesional,Nurse Professional
Nurse-Childern,1,Nurse Childern,NORMALIZATION,Childern,Nurse Children
Nurse-Domc Servt,1,Nurse Domc Servant,ABBREVIATION; NORMALIZATION,Domc,Nurse Dom Servant
Nurse-Domesitc Servant,1,Nurse Domesitc Servant,NORMALIZATION,Domesitc,Nurse Domestic Servant
Nurse-Domestic Servat,1,Nurse Domestic Servat,NORMALIZATION,Servat,Nurse Domestic Servant
Nurse-Frained,1,Nurse Frained,NORMALIZATION,Frained,Nurse Trained
Nursh Domestic Servant,1,Nursh Domestic Servant,UNCHANGED,Nursh,Nurse Domestic Servant
Nursh Tender,1,Nursh Tender,UNCHANGED,Nursh,Nurse Tender
Nurshe,1,Nurshe,UNCHANGED,Nurshe,Nurse
Nursie,1,Nursie,UNCHANGED,Nursie,Nurse
Nursse Domestic Servant,1,Nursse Domestic Servant,UNCHANGED,Nursse,Nurse Domestic Servant
Nuse Domestic,1,Nuse Domestic,UNCHANGED,Nuse,Nurse Domestic
Nuse-Domestic Servant,1,Nuse Domestic Servant,NORMALIZATION,Nuse,Nurse Domestic Servant
Nusery Maid,1,Nusery Maid,UNCHANGED,Nusery,Nursery Maid
Nussery Maid Domestic Servant,1,Nussery Maid Domestic Servant,UNCHANGED,Nussery,Nursery Maid Domestic Servant
Oest Maker,1,Oest Maker,UNCHANGED,Oest,Vest Maker
Office Cleanor,1,Office Cleanor,UNCHANGED,Cleanor,Office Cleaner
Office Cleark,1,Office Cleark,UNCHANGED,Cleark,Office Clerk
Office Clerke,1,Office Clerke,UNCHANGED,Clerke,Office Clerk
Office Clirk,1,Office Clirk,UNCHANGED,Clirk,Office Clerk
Offie Clerk,1,Offie Clerk,UNCHANGED,Offie,Office Clerk
Opreater in Mill,1,Opreater in Mill,UNCHANGED,Opreater,Spreader in Mill
Oramenter (Linen),1,Oramenter Linen,NORMALIZATION,Oramenter,Ornamenter Linen
Ordnance Survyors Assistant,1,Ordnance Survyors Assistant,UNCHANGED,Survyors,Ordnance Surveyors Assistant
Ouay Labrorer,1,Ouay Labrorer,UNCHANGED,Ouay; Labrorer,Quay Labourer
ousekeeper,1,ousekeeper,UNCHANGED,ousekeeper,Housekeeper
Out Door Reliefe,1,Out Door Reliefe,UNCHANGED,Reliefe,Out Door Relief
P'Maid Domestic Servant,1,P'Maid Domestic Servant,UNCHANGED,P'Maid,Maid Domestic Servant
P.Office Clerck,1,P.Office Clerck,UNCHANGED,P.Office; Clerck,Office Clerk
P.Office Clerk,1,P.Office Clerk,UNCHANGED,P.Office,Office Clerk
Pacon Curer,1,Pacon Curer,UNCHANGED,Pacon,Bacon Curer
Pactry Baker,1,Pactry Baker,UNCHANGED,Pactry,Pastry Baker
Pailtera,1,Pailtera,UNCHANGED,Pailtera,Painter
Painder,1,Painder,UNCHANGED,Painder,Painter
Paino Tuner,1,Paino Tuner,UNCHANGED,Paino,Piano Tuner
Painteer,1,Painteer,UNCHANGED,Painteer,Painter
Painter Apprentic,1,Painter Apprentic,UNCHANGED,Apprentic,Painter Apprentice
Painter Compositer,1,Painter Compositer,UNCHANGED,Compositer,Painter Compositor
Painter's Aprentice,1,Painter's Aprentice,UNCHANGED,Aprentice,Painter's Apprentice
Paister,1,Paister,UNCHANGED,Paister,Painter
Paiter,1,Paiter,UNCHANGED,Paiter,Painter
Paltern Maker,1,Paltern Maker,UNCHANGED,Paltern,Pattern Maker
Paninter,1,Paninter,UNCHANGED,Paninter,Painter
Panish Prist,1,Panish Prist,UNCHANGED,Panish; Prist,Parish Priest
Pantey Boy,1,Pantey Boy,UNCHANGED,Pantey,Pantry Boy
Paper Bage Maker,1,Paper Bage Maker,UNCHANGED,Bage,Paper Bag Maker
Papper Folder,1,Papper Folder,UNCHANGED,Papper,Paper Folder
Papr Box Maker,1,Papr Box Maker,UNCHANGED,Papr,Paper Box Maker
Parish Paiest,1,Parish Paiest,UNCHANGED,Paiest,Parish Priest
Parish Pirest,1,Parish Pirest,UNCHANGED,Pirest,Parish Priest
Parish Preest,1,Parish Preest,UNCHANGED,Preest,Parish Priest
Parist Priest,1,Parist Priest,UNCHANGED,Parist,Parish Priest
Parlarmaid Donestic,1,Parlarmaid Donestic,UNCHANGED,Parlarmaid; Donestic,Parlourmaid Domestic
Parlermaid Domestic,1,Parlermaid Domestic,UNCHANGED,Parlermaid,Parlourmaid Domestic
Parliormaid Domestic,1,Parliormaid Domestic,UNCHANGED,Parliormaid,Parlourmaid Domestic
Parliour Maid Domestic Servant,1,Parliour Maid Domestic Servant,UNCHANGED,Parliour,Parlour Maid Domestic Servant
Parloar Maid Domestic Servant,1,Parloar Maid Domestic Servant,UNCHANGED,Parloar,Parlour Maid Domestic Servant
Parlor - Maid,1,Parlor Maid,NORMALIZATION,Parlor,Parlour Maid
Parlor Maid (Domestic),1,Parlor Maid Domestic,NORMALIZATION,Parlor,Parlour Maid Domestic
Parlor Maid D S,1,Parlor Maid D S,UNCHANGED,Parlor,Parlour Maid D S
Parlor Maid D Servant,1,Parlor Maid D Servant,UNCHANGED,Parlor,Parlour Maid D Servant
Parlor Maid Domesic Servant,1,Parlor Maid Domesic Servant,UNCHANGED,Parlor; Domesic,Parlour Maid Domestic Servant
Parlor Maid Domestic S,1,Parlor Maid Domestic S,UNCHANGED,Parlor,Parlour Maid Domestic S
Parlor Maid Domestic Sert,1,Parlor Maid Domestic Sert,UNCHANGED,Parlor,Parlour Maid Domestic Sert
Parlor Maid Domestic Sevt,1,Parlor Maid Domestic Sevt,UNCHANGED,Parlor; Sevt,Parlour Maid Domestic Sert
Parlor Maid Servant,1,Parlor Maid Servant,UNCHANGED,Parlor,Parlour Maid Servant
Parlor Maid-Domestic Servt,1,Parlor Maid Domestic Servant,ABBREVIATION; NORMALIZATION,Parlor,Parlour Maid Domestic Servant
Parlor-Maid,1,Parlor Maid,NORMALIZATION,Parlor,Parlour Maid
Parlor-Maid D. Servant,1,Parlor Maid D. Servant,NORMALIZATION,Parlor,Parlour Maid D. Servant
"Parlor-Maid, Domestic Servant",1,"Parlor Maid, Domestic Servant",NORMALIZATION,Parlor,"Parlour Maid, Domestic Servant"
Parlor-Maid-Domestic Servt,1,Parlor Maid Domestic Servant,ABBREVIATION; NORMALIZATION,Parlor,Parlour Maid Domestic Servant
Parlormaid D Servant,1,Parlormaid D Servant,UNCHANGED,Parlormaid,Parlourmaid D Servant
Parlormaid Dom Servt,1,Parlormaid Dom Servant,ABBREVIATION,Parlormaid,Parlourmaid Dom Servant
Parlormaid Domestic Servat,1,Parlormaid Domestic Servat,UNCHANGED,Parlormaid; Servat,Parlourmaid Domestic Servant
Parlormaid Domestic Servt,1,Parlormaid Domestic Servant,ABBREVIATION,Parlormaid,Parlourmaid Domestic Servant
Parlormaid Servant Domestic,1,Parlormaid Domestic Servant,WORD_ORDER,Parlormaid,Parlourmaid Domestic Servant
Parlormaid-Domestic,1,Parlormaid Domestic,NORMALIZATION,Parlormaid,Parlourmaid Domestic
Parlormaid-Domestic Servant,1,Parlormaid Domestic Servant,NORMALIZATION,Parlormaid,Parlourmaid Domestic Servant
Parlou Maid Domesti Servant,1,Parlou Maid Domesti Servant,UNCHANGED,Parlou; Domesti,Parlour Maid Domestic Servant
Parlour Maid (Domc Servt),1,Parlour Maid Domc Servant,ABBREVIATION; NORMALIZATION,Domc,Parlour Maid Dom Servant
Parlour Maid -Domestic Sevt,1,Parlour Maid Domestic Sevt,NORMALIZATION,Sevt,Parlour Maid Domestic Sert
Parlour Maid D.Servant,1,Parlour Maid D.Servant,UNCHANGED,D.Servant,Parlour Maid Servant
Parlour Maid Domesic Servant,1,Parlour Maid Domesic Servant,UNCHANGED,Domesic,Parlour Maid Domestic Servant
Parlour Maid Domestic Servnt,1,Parlour Maid Domestic Servnt,UNCHANGED,Servnt,Parlour Maid Domestic Servant
Parlour Maid Domstic,1,Parlour Maid Domstic,UNCHANGED,Domstic,Parlour Maid Domestic
Parlour Maid-Domc Servt,1,Parlour Maid Domc Servant,ABBREVIATION; NORMALIZATION,Domc,Parlour Maid Dom Servant
Parlour Maid-Domesitc Servt,1,Parlour Maid Domesitc Servant,ABBREVIATION; NORMALIZATION,Domesitc,Parlour Maid Domestic Servant
Parlour Maid-Domestic Serant,1,Parlour Maid Domestic Serant,NORMALIZATION,Serant,Parlour Maid Domestic Servant
Parlour Maide,1,Parlour Maide,UNCHANGED,Maide,Parlour Maid
Parlourmaid-Dmestic Servat,1,Parlourmaid Dmestic Servat,NORMALIZATION,Dmestic; Servat,Parlourmaid Domestic Servant
Parloutmaid (Unemployed),1,Parloutmaid Unemployed,NORMALIZATION,Parloutmaid,Parlourmaid Unemployed
Parlur Maid,1,Parlur Maid,UNCHANGED,Parlur,Parlour Maid
Parn Winder,1,Parn Winder,UNCHANGED,Parn,Yarn Winder
Pasket Maker,1,Pasket Maker,UNCHANGED,Pasket,Basket Maker
Pasteay Baker,1,Pasteay Baker,UNCHANGED,Pasteay,Pastry Baker
Pastrey Baker,1,Pastrey Baker,UNCHANGED,Pastrey,Pastry Baker
Patent Turker,1,Patent Turker,UNCHANGED,Turker,Patent Turner
Patert Turner,1,Patert Turner,UNCHANGED,Patert,Patent Turner
Patint Turner,1,Patint Turner,UNCHANGED,Patint,Patent Turner
Patteran Maker,1,Patteran Maker,UNCHANGED,Patteran,Pattern Maker
Pattery Maker,1,Pattery Maker,UNCHANGED,Pattery,Pattern Maker
Pattren Maker,1,Pattren Maker,UNCHANGED,Pattren,Pattern Maker
Paulourmaid Servant-Domestic,1,Paulourmaid Domestic Servant,NORMALIZATION; WORD_ORDER,Paulourmaid,Parlourmaid Domestic Servant
Paundery Maid,1,Paundery Maid,UNCHANGED,Paundery,Laundry Maid
Pauntry Boy,1,Pauntry Boy,UNCHANGED,Pauntry,Pantry Boy
Pauntry Boy Domestic Servant,1,Pauntry Boy Domestic Servant,UNCHANGED,Pauntry,Pantry Boy Domestic Servant
Paurlour Maid Domestic Servant,1,Paurlour Maid Domestic Servant,UNCHANGED,Paurlour,Parlour Maid Domestic Servant
Paye Boy,1,Paye Boy,UNCHANGED,Paye,Page Boy
Pdlar,1,Pdlar,UNCHANGED,Pdlar,Pedlar
Peacar,1,Peacar,UNCHANGED,Peacar,Pedlar
Peatar,1,Peatar,UNCHANGED,Peatar,Pedlar
Pectlar,1,Pectlar,UNCHANGED,Pectlar,Pedlar
Pedar,1,Pedar,UNCHANGED,Pedar,Pedlar
Penshioner Army,1,Penshioner Army,UNCHANGED,Penshioner,Pensioner Army
Pensiner R I C,1,Pensiner R I C,UNCHANGED,Pensiner,Pensioner R I C
Pensinor Army,1,Pensinor Army,UNCHANGED,Pensinor,Pensioner Army
Pensioner (Infautra),1,Pensioner Infautra,NORMALIZATION,Infautra,Pensioner Infantry
Pensioner Infantory,1,Pensioner Infantory,UNCHANGED,Infantory,Pensioner Infantry
Pensioner N.Teacher,1,Pensioner N.Teacher,UNCHANGED,N.Teacher,Pensioner Teacher
Pensioner P.S,1,Pensioner P.S,UNCHANGED,P.S,Pensioner N.S
Pensioner Royal Artilley,1,Pensioner Royal Artilley,STANDARD,Artilley,Pensioner Royal Artillery
Pensioner Royal Arttelery,1,Pensioner Royal Arttelery,UNCHANGED,Arttelery,Pensioner Royal Artillery
Pensioner Royal Navey,1,Pensioner Royal Navey,UNCHANGED,Navey,Pensioner Royal Navy
Pensioner Royal-Artilley,1,Pensioner Royal Artilley,NORMALIZATION,Artilley,Pensioner Royal Artillery
Pensioner Royl Artillary,1,Pensioner Royl Artillary,UNCHANGED,Royl; Artillary,Pensioner Royal Artillery
Pensioner-Royal Artillary,1,Pensioner Royal Artillary,NORMALIZATION,Artillary,Pensioner Royal Artillery
Pensionery R I C,1,Pensionery R I C,UNCHANGED,Pensionery,Pensioner R I C
Pensionr (Army),1,Pensionr Army,NORMALIZATION,Pensionr,Pensioner Army
Pensoner from Army,1,Pensoner from Army,UNCHANGED,Pensoner,Pensioner from Army
Pensoner Navy,1,Pensoner Navy,UNCHANGED,Pensoner,Pensioner Navy
Pensonier Army,1,Pensonier Army,UNCHANGED,Pensonier,Pensioner Army
Pentry Boy,1,Pentry Boy,UNCHANGED,Pentry,Pantry Boy
Peslar,1,Peslar,UNCHANGED,Peslar,Pedlar
Petent Turner,1,Petent Turner,UNCHANGED,Petent,Patent Turner
Phermacentical Chemist's Apprentice,1,Phermacentical Chemist's Apprentice,UNCHANGED,Phermacentical,Pharmaceutical Chemist's Apprentice
Photo Engraner,1,Photo Engraner,UNCHANGED,Engraner,Photo Engraver
Photogapher (Master),1,Photogapher Master,NORMALIZATION,Photogapher,Photographer Master
Photograper (Apprentice),1,Photograper Apprentice,NORMALIZATION,Photograper,Photographer Apprentice
Pig Buger,1,Pig Buger,UNCHANGED,Buger,Pig Buyer
Pig Buyor,1,Pig Buyor,UNCHANGED,Buyor,Pig Buyer
Pig Buzer,1,Pig Buzer,UNCHANGED,Buzer,Pig Buyer
Pig Dealear,1,Pig Dealear,UNCHANGED,Dealear,Pig Dealer
Pinsioner R I C,1,Pinsioner R I C,UNCHANGED,Pinsioner,Pensioner R I C
Pinter,1,Pinter,UNCHANGED,Pinter,Painter
Piono Tuner,1,Piono Tuner,UNCHANGED,Piono,Piano Tuner
Plamber,1,Plamber,UNCHANGED,Plamber,Plumber
Plasterer Apprintice,1,Plasterer Apprintice,UNCHANGED,Apprintice,Plasterer Apprentice
Plasterer Uneployed,1,Plasterer Uneployed,UNCHANGED,Uneployed,Plasterer Unemployed
Plasteres Master,1,Plasteres Master,UNCHANGED,Plasteres,Plasterer Master
Plasteres Unemployed,1,Plasteres Unemployed,UNCHANGED,Plasteres,Plasterer Unemployed
Plastrer Unemployed,1,Plastrer Unemployed,STANDARD,Plastrer,Plasterer Unemployed
Plastrer-Unemployed,1,Plastrer Unemployed,NORMALIZATION,Plastrer,Plasterer Unemployed
Plate Lawer,1,Plate Lawer,UNCHANGED,Lawer,Plate Layer
Platers Healper,1,Platers Healper,UNCHANGED,Healper,Platers Helper
Platers Helfer,1,Platers Helfer,UNCHANGED,Helfer,Platers Helper
Platess Helper,1,Platess Helper,UNCHANGED,Platess,Platers Helper
Playters Helper,1,Playters Helper,UNCHANGED,Playters,Platers Helper
Plesher-Assistant,1,Plesher Assistant,NORMALIZATION,Plesher,Flesher Assistant
Plmber,1,Plmber,UNCHANGED,Plmber,Plumber
Ploug Man,1,Ploug Man,UNCHANGED,Ploug,Plough Man
Ploulgh Man,1,Ploulgh Man,UNCHANGED,Ploulgh,Plough Man
Plumbar,1,Plumbar,UNCHANGED,Plumbar,Plumber
Plumber Aprentice,1,Plumber Aprentice,UNCHANGED,Aprentice,Plumber Apprentice
Plumgh Man,1,Plumgh Man,UNCHANGED,Plumgh,Plough Man
Plunber Assistant,1,Plunber Assistant,UNCHANGED,Plunber,Plumber Assistant
Poark Bucther,1,Poark Bucther,UNCHANGED,Poark; Bucther,Pork Butcher
Poltry Dealer,1,Poltry Dealer,UNCHANGED,Poltry,Poultry Dealer
Polultry Dealer,1,Polultry Dealer,UNCHANGED,Polultry,Poultry Dealer
Poor Rate Colletor,1,Poor Rate Colletor,UNCHANGED,Colletor,Poor Rate Collector
Poor Rute Collector,1,Poor Rute Collector,UNCHANGED,Rute,Poor Rate Collector
Pootman,1,Pootman,UNCHANGED,Pootman,Postman
Porck Cutter,1,Porck Cutter,UNCHANGED,Porck,Pork Cutter
Poriter Grocers,1,Poriter Grocers,UNCHANGED,Poriter,Porter Grocers
Pork Butche,1,Pork Butche,UNCHANGED,Butche,Pork Butcher
Pork Butchrer,1,Pork Butchrer,UNCHANGED,Butchrer,Pork Butcher
Pork Butcker,1,Pork Butcker,UNCHANGED,Butcker,Pork Butcher
Pork Buthcer,1,Pork Buthcer,UNCHANGED,Buthcer,Pork Butcher
Pork Cuirer,1,Pork Cuirer,UNCHANGED,Cuirer,Pork Curer
Pork Curier,1,Pork Curier,UNCHANGED,Curier,Pork Curer
Pork Currer,1,Pork Currer,UNCHANGED,Currer,Pork Curer
Pork Cuttr,1,Pork Cuttr,UNCHANGED,Cuttr,Pork Cutter
Porke Curerer,1,Porke Curerer,UNCHANGED,Porke; Curerer,Pork Curer
Porke Cutter,1,Porke Cutter,UNCHANGED,Porke,Pork Cutter
Porlaur Maid,1,Porlaur Maid,UNCHANGED,Porlaur,Parlour Maid
Porm Butcher,1,Porm Butcher,UNCHANGED,Porm,Pork Butcher
Porten Shop,1,Porten Shop,UNCHANGED,Porten,Porter Shop
Porter Messinger,1,Porter Messinger,UNCHANGED,Messinger,Porter Messenger
Porteren Shop,1,Porteren Shop,UNCHANGED,Porteren,Porter Shop
Porther (Shop),1,Porther Shop,NORMALIZATION,Porther,Porter Shop
Portmaster,1,Portmaster,UNCHANGED,Portmaster,Postmaster
Post Man Rurals,1,Post Man Rurals,UNCHANGED,Rurals,Post Man Rural
Post Office Assistan,1,Post Office Assistan,UNCHANGED,Assistan,Post Office Assistant
Post Office Messnger,1,Post Office Messnger,UNCHANGED,Messnger,Post Office Messenger
Post:Man,1,Post:Man,UNCHANGED,Post:Man,Postman
Postanistress,1,Postanistress,UNCHANGED,Postanistress,Postmistress
Posteman,1,Posteman,UNCHANGED,Posteman,Postman
Postemaster,1,Postemaster,UNCHANGED,Postemaster,Postmaster
Postman Penseoner,1,Postman Penseoner,UNCHANGED,Penseoner,Postman Pensioner
Postmans,1,Postmans,UNCHANGED,Postmans,Postman
Postmastress,1,Postmastress,UNCHANGED,Postmastress,Postmistress
Postmestress,1,Postmestress,UNCHANGED,Postmestress,Postmistress
Postmister,1,Postmister,UNCHANGED,Postmister,Postmaster
Postmisteress,1,Postmisteress,UNCHANGED,Postmisteress,Postmistress
Postmistree,1,Postmistree,UNCHANGED,Postmistree,Postmistress
Postofficer Assistant,1,Postofficer Assistant,UNCHANGED,Postofficer,Postoffice Assistant
Postofficer Clerk,1,Postofficer Clerk,UNCHANGED,Postofficer,Postoffice Clerk
Poultary Dealer,1,Poultary Dealer,UNCHANGED,Poultary,Poultry Dealer
Poultiery Dealer,1,Poultiery Dealer,UNCHANGED,Poultiery,Poultry Dealer
Poulty Dealer,1,Poulty Dealer,UNCHANGED,Poulty,Poultry Dealer
Power - Loom Tunere,1,Power Loom Tunere,NORMALIZATION,Tunere,Power Loom Tuner
Power Loom Teater,1,Power Loom Teater,UNCHANGED,Teater,Power Loom Tenter
Power Loom Terter,1,Power Loom Terter,UNCHANGED,Terter,Power Loom Tenter
Power-Loom Genter,1,Power Loom Genter,NORMALIZATION,Genter,Power Loom Tenter
Pralourmaid Domestic Servant,1,Pralourmaid Domestic Servant,UNCHANGED,Pralourmaid,Parlourmaid Domestic Servant
Prench Polisher,1,Prench Polisher,UNCHANGED,Prench,French Polisher
Prepairer Linen,1,Prepairer Linen,UNCHANGED,Prepairer,Preparer Linen
Presbyterian Minester,1,Presbyterian Minester,UNCHANGED,Minester,Presbyterian Minister
Presbyterien Minister,1,Presbyterien Minister,UNCHANGED,Presbyterien,Presbyterian Minister
Presbytrian Minister,1,Presbytrian Minister,UNCHANGED,Presbytrian,Presbyterian Minister
Prespeterian Minister,1,Prespeterian Minister,UNCHANGED,Prespeterian,Presbyterian Minister
Press Correspendent,1,Press Correspendent,UNCHANGED,Correspendent,Press Correspondent
Press Corsespondent,1,Press Corsespondent,UNCHANGED,Corsespondent,Press Correspondent
Presyterian Minister,1,Presyterian Minister,UNCHANGED,Presyterian,Presbyterian Minister
Printe Compositor,1,Printe Compositor,STANDARD,Printe,Printer Compositor
Printer - Combositor Unemployed,1,Printer Combositor Unemployed,NORMALIZATION,Combositor,Printer Compositor Unemployed
Printer - Compositior,1,Printer Compositior,NORMALIZATION,Compositior,Printer Compositor
Printer - Compsitor,1,Printer Compsitor,NORMALIZATION,Compsitor,Printer Compositor
Printer - Linetype Operator,1,Printer Linetype Operator,NORMALIZATION,Linetype,Printer Linotype Operator
Printer - Linotype Operater,1,Printer Linotype Operater,NORMALIZATION,Operater,Printer Linotype Operator
Printer Apprentic,1,Printer Apprentic,UNCHANGED,Apprentic,Printer Apprentice
Printer Aprentice,1,Printer Aprentice,UNCHANGED,Aprentice,Printer Apprentice
Printer Compoitor,1,Printer Compoitor,UNCHANGED,Compoitor,Printer Compositor
Printer Comporsitor,1,Printer Comporsitor,UNCHANGED,Comporsitor,Printer Compositor
Printer Compsiter,1,Printer Compsiter,UNCHANGED,Compsiter,Printer Compositor
Printer Compsitor,1,Printer Compsitor,STANDARD,Compsitor,Printer Compositor
Printer Labouer,1,Printer Labouer,UNCHANGED,Labouer,Printer Labourer
Printer Linstype Operator,1,Printer Linstype Operator,UNCHANGED,Linstype,Printer Linotype Operator
Printer linstype Operator,1,Printer linstype Operator,UNCHANGED,linstype,Printer Linotype Operator
Printer Lithagrapher,1,Printer Lithagrapher,UNCHANGED,Lithagrapher,Printer Lithographer
Printer Lithograper,1,Printer Lithograper,UNCHANGED,Lithograper,Printer Lithographer
Printer Litographer,1,Printer Litographer,UNCHANGED,Litographer,Printer Lithographer
Printer Macchine Man,1,Printer Macchine Man,UNCHANGED,Macchine,Printer Machine Man
Printer Machnicman,1,Printer Machnicman,UNCHANGED,Machnicman,Printer Machineman
Printer Mechineman,1,Printer Mechineman,UNCHANGED,Mechineman,Printer Machineman
Printer Mechinist,1,Printer Mechinist,UNCHANGED,Mechinist,Printer Machinist
Printer Steneotyper,1,Printer Steneotyper,UNCHANGED,Steneotyper,Printer Stereotyper
Printer Stereatyper,1,Printer Stereatyper,UNCHANGED,Stereatyper,Printer Stereotyper
Printer Steretyper,1,Printer Steretyper,UNCHANGED,Steretyper,Printer Stereotyper
Printer-Compisitor,1,Printer Compisitor,NORMALIZATION,Compisitor,Printer Compositor
Printer-Compoistor,1,Printer Compoistor,NORMALIZATION,Compoistor,Printer Compositor
Printer-Comporiter,1,Printer Comporiter,NORMALIZATION,Comporiter,Printer Compositor
Printer-Compostter,1,Printer Compostter,NORMALIZATION,Compostter,Printer Compositor
Printer-Compsitor,1,Printer Compsitor,NORMALIZATION,Compsitor,Printer Compositor
Printer-Copositor,1,Printer Copositor,NORMALIZATION,Copositor,Printer Compositor
Printer-Finstype Operator,1,Printer Finstype Operator,NORMALIZATION,Finstype,Printer Linotype Operator
Printer-Lenstype Operator,1,Printer Lenstype Operator,NORMALIZATION,Lenstype,Printer Linotype Operator
Printer-Linetype Operator,1,Printer Linetype Operator,NORMALIZATION,Linetype,Printer Linotype Operator
Printer-Linotype Operater,1,Printer Linotype Operater,NORMALIZATION,Operater,Printer Linotype Operator
Printer-Litto,1,Printer Litto,NORMALIZATION,Litto,Printer Litho
Printer-Lynotype Operator,1,Printer Lynotype Operator,NORMALIZATION,Lynotype,Printer Linotype Operator
Printer-Machanist,1,Printer Machanist,NORMALIZATION,Machanist,Printer Machinist
Printer-Sleredtyper,1,Printer Sleredtyper,NORMALIZATION,Sleredtyper,Printer Stereotyper
Printes Compositer,1,Printes Compositer,UNCHANGED,Printes; Compositer,Printer Compositor
Prision Warder,1,Prision Warder,UNCHANGED,Prision,Prison Warder
Priter-Compositor,1,Priter Compositor,NORMALIZATION,Priter,Printer Compositor
Private Annuety,1,Private Annuety,UNCHANGED,Annuety,Private Annuity
Private Anuity,1,Private Anuity,UNCHANGED,Anuity,Private Annuity
Private Neans Annuity,1,Private Neans Annuity,UNCHANGED,Neans,Private Means Annuity
Privision Dealer,1,Privision Dealer,UNCHANGED,Privision,Provision Dealer
Privite Annunity,1,Privite Annunity,UNCHANGED,Privite; Annunity,Private Annuity
Probatione Nurse,1,Probatione Nurse,UNCHANGED,Probatione,Probationer Nurse
Professionel Nurse,1,Professionel Nurse,UNCHANGED,Professionel,Professional Nurse
Proffosional Nurse,1,Proffosional Nurse,UNCHANGED,Proffosional,Professional Nurse
Prommonger,1,Prommonger,UNCHANGED,Prommonger,Ironmonger
Proparty Owner,1,Proparty Owner,UNCHANGED,Proparty,Property Owner
Provationer Nurse,1,Provationer Nurse,UNCHANGED,Provationer,Probationer Nurse
Provision Dealear,1,Provision Dealear,UNCHANGED,Dealear,Provision Dealer
Provision Deler,1,Provision Deler,UNCHANGED,Deler,Provision Dealer
Provistion Dealer,1,Provistion Dealer,UNCHANGED,Provistion,Provision Dealer
Prvate Income,1,Prvate Income,UNCHANGED,Prvate,Private Income
Publican and Shokeeper,1,Publican and Shokeeper,UNCHANGED,Shokeeper,Publican and Shopkeeper
Publican and Sopkeeper,1,Publican and Sopkeeper,UNCHANGED,Sopkeeper,Publican and Shopkeeper
Publican's Aprentice,1,Publican's Aprentice,UNCHANGED,Aprentice,Publican's Apprentice
Publican's Daugter,1,Publican's Daugter,UNCHANGED,Daugter,Publican's Daughter
Publichan and Farmer,1,Publichan and Farmer,UNCHANGED,Publichan,Publican and Farmer
Publician's Assistant,1,Publician's Assistant,UNCHANGED,Publician's,Publican's Assistant
Pullican and Farmer,1,Pullican and Farmer,UNCHANGED,Pullican,Publican and Farmer
Pumber,1,Pumber,UNCHANGED,Pumber,Plumber
Purish Priest,1,Purish Priest,UNCHANGED,Purish,Parish Priest
Qhay Labourer,1,Qhay Labourer,UNCHANGED,Qhay,Quay Labourer
Quaay Labourer,1,Quaay Labourer,UNCHANGED,Quaay,Quay Labourer
Quaery Labouror,1,Quaery Labouror,UNCHANGED,Quaery; Labouror,Quarry Labourer
Quarey Man,1,Quarey Man,UNCHANGED,Quarey,Quarry Man
Quarrey Labourer,1,Quarrey Labourer,UNCHANGED,Quarrey,Quarry Labourer
Quarrey Man,1,Quarrey Man,UNCHANGED,Quarrey,Quarry Man
Quary Laboure,1,Quary Laboure,UNCHANGED,Quary; Laboure,Quay Labourer
Quay Laboarer,1,Quay Laboarer,UNCHANGED,Laboarer,Quay Labourer
Quay Labouere,1,Quay Labouere,UNCHANGED,Labouere,Quay Labourer
Quay Labourer Unempolyed,1,Quay Labourer Unempolyed,UNCHANGED,Unempolyed,Quay Labourer Unemployed
Quay Labourerer,1,Quay Labourerer,UNCHANGED,Labourerer,Quay Labourer
Quay Labuorer,1,Quay Labuorer,UNCHANGED,Labuorer,Quay Labourer
Quay Lauborer,1,Quay Lauborer,UNCHANGED,Lauborer,Quay Labourer
Quay Lobourer,1,Quay Lobourer,UNCHANGED,Lobourer,Quay Labourer
Querry Labourer,1,Querry Labourer,UNCHANGED,Querry,Quarry Labourer
Quiay Labourer,1,Quiay Labourer,UNCHANGED,Quiay,Quay Labourer
Qulay Labourer,1,Qulay Labourer,UNCHANGED,Qulay,Quay Labourer
Quorry Labourer,1,Quorry Labourer,UNCHANGED,Quorry,Quarry Labourer
Qurry Labourer,1,Qurry Labourer,UNCHANGED,Qurry,Quarry Labourer
R.Catholic Curate,1,R.Catholic Curate,UNCHANGED,R.Catholic,Catholic Curate
R.Farmer,1,R.Farmer,UNCHANGED,R.Farmer,Farmer
R.I.C Pensoner,1,R.I.C Pensoner,UNCHANGED,Pensoner,R.I.C Pensioner
R.I.C. Peansioner,1,R.I.C. Peansioner,UNCHANGED,Peansioner,R.I.C. Pensioner
R.I.C. Pensinor,1,R.I.C. Pensinor,UNCHANGED,Pensinor,R.I.C. Pensioner
R.I.C. Pensionar,1,R.I.C. Pensionar,UNCHANGED,Pensionar,R.I.C. Pensioner
R.I.C. Pensionor,1,R.I.C. Pensionor,UNCHANGED,Pensionor,R.I.C. Pensioner
R.I.C. Pentioner,1,R.I.C. Pentioner,UNCHANGED,Pentioner,R.I.C. Pensioner
R.Postman,1,R.Postman,UNCHANGED,R.Postman,Postman
Rabe Collector,1,Rabe Collector,UNCHANGED,Rabe,Rate Collector
Raetired Farmer,1,Raetired Farmer,UNCHANGED,Raetired,Retired Farmer
Railwad Gatekeeper,1,Railwad Gatekeeper,UNCHANGED,Railwad,Railway Gatekeeper
Railwary Milesman,1,Railwary Milesman,UNCHANGED,Railwary,Railway Milesman
Railway Afficial,1,Railway Afficial,UNCHANGED,Afficial,Railway Official
Railway Engene Driver,1,Railway Engene Driver,UNCHANGED,Engene,Railway Engine Driver
Railway Engine Claner,1,Railway Engine Claner,UNCHANGED,Claner,Railway Engine Cleaner
Railway Engine Cleanor,1,Railway Engine Cleanor,UNCHANGED,Cleanor,Railway Engine Cleaner
Railway Engins Cleaner,1,Railway Engins Cleaner,UNCHANGED,Engins,Railway Engine Cleaner
Railway Gangor,1,Railway Gangor,UNCHANGED,Gangor,Railway Ganger
Railway Genger,1,Railway Genger,UNCHANGED,Genger,Railway Ganger
Railway Gurard,1,Railway Gurard,UNCHANGED,Gurard,Railway Guard
Railway Gurd,1,Railway Gurd,UNCHANGED,Gurd,Railway Guard
Railway Gward,1,Railway Gward,UNCHANGED,Gward,Railway Guard
Railway Inspecter,1,Railway Inspecter,UNCHANGED,Inspecter,Railway Inspector
Railway Labourer Millsman,1,Railway Labourer Millsman,UNCHANGED,Millsman,Railway Labourer Milesman
Railway Manr,1,Railway Manr,UNCHANGED,Manr,Railway Man
Railway Mileman,1,Railway Mileman,STANDARD,Mileman,Railway Milesman
Railway Milismar,1,Railway Milismar,UNCHANGED,Milismar,Railway Milesman
Railway Millesman,1,Railway Millesman,UNCHANGED,Millesman,Railway Milesman
Railway Milse Man,1,Railway Milse Man,UNCHANGED,Milse,Railway Miles Man
Railway Offecial,1,Railway Offecial,UNCHANGED,Offecial,Railway Official
Railway Peatelayer,1,Railway Peatelayer,UNCHANGED,Peatelayer,Railway Platelayer
Railway Platelayor,1,Railway Platelayor,UNCHANGED,Platelayor,Railway Platelayer
Railway Plateloger,1,Railway Plateloger,UNCHANGED,Plateloger,Railway Platelayer
Railway Platslayer,1,Railway Platslayer,UNCHANGED,Platslayer,Railway Platelayer
Railway Porder,1,Railway Porder,UNCHANGED,Porder,Railway Porter
Railway Portere,1,Railway Portere,UNCHANGED,Portere,Railway Porter
Railway Proter,1,Railway Proter,UNCHANGED,Proter,Railway Porter
Railway Prter,1,Railway Prter,UNCHANGED,Prter,Railway Porter
Railway Rorter,1,Railway Rorter,UNCHANGED,Rorter,Railway Porter
Railway Serveant,1,Railway Serveant,UNCHANGED,Serveant,Railway Servant
Railway Servent,1,Railway Servent,UNCHANGED,Servent,Railway Servant
Railway Sevant,1,Railway Sevant,STANDARD,Sevant,Railway Servant
Railway Shinter,1,Railway Shinter,UNCHANGED,Shinter,Railway Shunter
Railway Shunte,1,Railway Shunte,UNCHANGED,Shunte,Railway Shunter
Railway Sianalman,1,Railway Sianalman,UNCHANGED,Sianalman,Railway Signalman
Railway Siginal Man,1,Railway Siginal Man,UNCHANGED,Siginal,Railway Signal Man
Railway Signelman,1,Railway Signelman,UNCHANGED,Signelman,Railway Signalman
Railway Singal Man,1,Railway Singal Man,UNCHANGED,Singal,Railway Signal Man
Railway Singnal Man,1,Railway Singnal Man,UNCHANGED,Singnal,Railway Signal Man
Railway Singnel Man,1,Railway Singnel Man,UNCHANGED,Singnel,Railway Signal Man
Railway Torter,1,Railway Torter,UNCHANGED,Torter,Railway Porter
Railway-Mileman,1,Railway Mileman,NORMALIZATION,Mileman,Railway Milesman
Railway-Platlayer,1,Railway Platlayer,NORMALIZATION,Platlayer,Railway Platelayer
Railway-Sevant,1,Railway Sevant,NORMALIZATION,Sevant,Railway Servant
Railwy Gangar,1,Railwy Gangar,UNCHANGED,Railwy; Gangar,Railway Ganger
Railwy Signalman,1,Railwy Signalman,UNCHANGED,Railwy,Railway Signalman
Railyway Ganger,1,Railyway Ganger,UNCHANGED,Railyway,Railway Ganger
Railyway Servant,1,Railyway Servant,UNCHANGED,Railyway,Railway Servant
Raiway Clerk,1,Raiway Clerk,UNCHANGED,Raiway,Railway Clerk
Raiway Guard,1,Raiway Guard,UNCHANGED,Raiway,Railway Guard
Raiway Porler,1,Raiway Porler,UNCHANGED,Raiway; Porler,Railway Porter
Rallway Guard,1,Rallway Guard,UNCHANGED,Rallway,Railway Guard
Ralway Guard,1,Ralway Guard,UNCHANGED,Ralway,Railway Guard
Ralway Milsman,1,Ralway Milsman,UNCHANGED,Ralway; Milsman,Railway Milesman
Raly Laborer,1,Raly Labourer,AMERICAN_SPELLING,Raly,Rly Labourer
Range Settor,1,Range Settor,UNCHANGED,Settor,Range Setter
Range Sstter,1,Range Sstter,UNCHANGED,Sstter,Range Setter
Rate Callector,1,Rate Callector,UNCHANGED,Callector,Rate Collector
Rate Colletor,1,Rate Colletor,UNCHANGED,Colletor,Rate Collector
Reciving Out Door Relief,1,Reciving Out Door Relief,UNCHANGED,Reciving,Receiving Out Door Relief
Reelar (Linen),1,Reelar Linen,NORMALIZATION,Reelar,Reeler Linen
Reelar (Mill),1,Reelar Mill,NORMALIZATION,Reelar,Reeler Mill
Reelar Linen Mill,1,Reelar Linen Mill,UNCHANGED,Reelar,Reeler Linen Mill
Reelar Mill,1,Reelar Mill,STANDARD,Reelar,Reeler Mill
Reelar-(Flax Mill),1,Reelar Flax Mill,NORMALIZATION,Reelar,Reeler Flax Mill
Reelar-Yarn,1,Reelar Yarn,NORMALIZATION,Reelar,Reeler Yarn
Reeler Yorn,1,Reeler Yorn,UNCHANGED,Yorn,Reeler Yarn
Reelery Linen,1,Reelery Linen,UNCHANGED,Reelery,Reeler Linen
Reelier Flax,1,Reelier Flax,UNCHANGED,Reelier,Reeler Flax
Reeller Flax,1,Reeller Flax,UNCHANGED,Reeller,Reeler Flax
Reeller Mill,1,Reeller Mill,UNCHANGED,Reeller,Reeler Mill
Reetired Farmer,1,Reetired Farmer,UNCHANGED,Reetired,Retired Farmer
Refershment House Keeper,1,Refershment Housekeeper,COMPOUND_KEEPER,Refershment,Refreshment Housekeeper
Refreshrent House Keeper,1,Refreshrent Housekeeper,COMPOUND_KEEPER,Refreshrent,Refreshment Housekeeper
Refresment House Keeper,1,Refresment Housekeeper,COMPOUND_KEEPER,Refresment,Refreshment Housekeeper
Refrestment House Keeper,1,Refrestment Housekeeper,COMPOUND_KEEPER,Refrestment,Refreshment Housekeeper
Reileaf Stamper,1,Reileaf Stamper,UNCHANGED,Reileaf,Relief Stamper
Reitired Station Master,1,Reitired Station Master,UNCHANGED,Reitired,Retired Station Master
Reitred Farmer,1,Reitred Farmer,UNCHANGED,Reitred,Retired Farmer
Releer Yarn,1,Releer Yarn,UNCHANGED,Releer,Reeler Yarn
Reler in Mill,1,Reler in Mill,UNCHANGED,Reler,Reeler in Mill
Relief Stampes,1,Relief Stampes,UNCHANGED,Stampes,Relief Stamper
Relief Stemper,1,Relief Stemper,UNCHANGED,Stemper,Relief Stamper
Resedent Magistrate,1,Resedent Magistrate,UNCHANGED,Resedent,Resident Magistrate
Resfreshment House Keeper,1,Resfreshment Housekeeper,COMPOUND_KEEPER,Resfreshment,Refreshment Housekeeper
Residend Magistrate,1,Residend Magistrate,UNCHANGED,Residend,Resident Magistrate
Resident Magistrade,1,Resident Magistrade,UNCHANGED,Magistrade,Resident Magistrate
Resident Mangistrate,1,Resident Mangistrate,UNCHANGED,Mangistrate,Resident Magistrate
Restaruant Keeper,1,Restaruant Keeper,UNCHANGED,Restaruant,Restaurant Keeper
Restaurent Keeper,1,Restaurent Keeper,UNCHANGED,Restaurent,Restaurant Keeper
Resteruant Keeper,1,Resteruant Keeper,UNCHANGED,Resteruant,Restaurant Keeper
Restruant Keeper,1,Restruant Keeper,UNCHANGED,Restruant,Restaurant Keeper
Reteired Labourer,1,Reteired Labourer,UNCHANGED,Reteired,Retired Labourer
Retered Teacher,1,Retered Teacher,UNCHANGED,Retered,Retired Teacher
Reterid School Mistress,1,Reterid School Mistress,UNCHANGED,Reterid,Retired School Mistress
Retierd House Keeper,1,Retierd Housekeeper,COMPOUND_KEEPER,Retierd,Retired Housekeeper
Retird Grocer,1,Retird Grocer,UNCHANGED,Retird,Retired Grocer
Retird Servant,1,Retird Servant,UNCHANGED,Retird,Retired Servant
Retird Teacher,1,Retird Teacher,UNCHANGED,Retird,Retired Teacher
Retired Agricultrual Labourer,1,Retired Agricultrual Labourer,UNCHANGED,Agricultrual,Retired Agricultural Labourer
Retired Agricutural Labourer,1,Retired Agricutural Labourer,UNCHANGED,Agricutural,Retired Agricultural Labourer
Retired Buildar,1,Retired Buildar,UNCHANGED,Buildar,Retired Builder
Retired Clerke,1,Retired Clerke,UNCHANGED,Clerke,Retired Clerk
Retired Coachman Domestc Servant,1,Retired Coachman Domestc Servant,UNCHANGED,Domestc,Retired Coachman Domestic Servant
Retired Commercial Traveler,1,Retired Commercial Traveler,UNCHANGED,Traveler,Retired Commercial Traveller
Retired Commercial Travellar,1,Retired Commercial Travellar,UNCHANGED,Travellar,Retired Commercial Traveller
Retired Crocer,1,Retired Crocer,UNCHANGED,Crocer,Retired Grocer
Retired Domestic Servat,1,Retired Domestic Servat,UNCHANGED,Servat,Retired Domestic Servant
Retired Domestic Servnt,1,Retired Domestic Servnt,UNCHANGED,Servnt,Retired Domestic Servant
Retired Farm Servent,1,Retired Farm Servent,UNCHANGED,Servent,Retired Farm Servant
Retired Farmen,1,Retired Farmen,UNCHANGED,Farmen,Retired Farmer
Retired Farmr,1,Retired Farmr,UNCHANGED,Farmr,Retired Farmer
Retired Farner,1,Retired Farner,UNCHANGED,Farner,Retired Farmer
Retired Groer,1,Retired Groer,UNCHANGED,Groer,Retired Grocer
Retired Labouer,1,Retired Labouer,UNCHANGED,Labouer,Retired Labourer
Retired Land Sterward,1,Retired Land Sterward,UNCHANGED,Sterward,Retired Land Steward
Retired Lobourer,1,Retired Lobourer,UNCHANGED,Lobourer,Retired Labourer
Retired N.Teacher Pensioner,1,Retired N.Teacher Pensioner,UNCHANGED,N.Teacher,Retired Teacher Pensioner
Retired Pressmaker,1,Retired Pressmaker,UNCHANGED,Pressmaker,Retired Dressmaker
Retired Pubelican,1,Retired Pubelican,UNCHANGED,Pubelican,Retired Publican
Retired Seamsterss,1,Retired Seamsterss,UNCHANGED,Seamsterss,Retired Seamstress
Retired Serveant,1,Retired Serveant,UNCHANGED,Serveant,Retired Servant
Retired Servent,1,Retired Servent,UNCHANGED,Servent,Retired Servant
Retired Servint,1,Retired Servint,UNCHANGED,Servint,Retired Servant
Retired Sevant,1,Retired Sevant,UNCHANGED,Sevant,Retired Servant
Retired Smeamstress,1,Retired Smeamstress,UNCHANGED,Smeamstress,Retired Seamstress
Retired Teatcher,1,Retired Teatcher,UNCHANGED,Teatcher,Retired Teacher
Retired Wealer,1,Retired Wealer,UNCHANGED,Wealer,Retired Weaver
Retireder Farmer,1,Retireder Farmer,UNCHANGED,Retireder,Retired Farmer
Retireed Farmer,1,Retireed Farmer,UNCHANGED,Retireed,Retired Farmer
Retireed Officer Army,1,Retireed Officer Army,UNCHANGED,Retireed,Retired Officer Army
Retireed Servant,1,Retireed Servant,UNCHANGED,Retireed,Retired Servant
Retirend Farmer,1,Retirend Farmer,UNCHANGED,Retirend,Retired Farmer
Retred Clerk,1,Retred Clerk,UNCHANGED,Retred,Retired Clerk
Retred Linen Weaver,1,Retred Linen Weaver,UNCHANGED,Retred,Retired Linen Weaver
Retred School Master,1,Retred School Master,UNCHANGED,Retred,Retired School Master
Retred Servant,1,Retred Servant,UNCHANGED,Retred,Retired Servant
Rey Station Master,1,Rey Station Master,UNCHANGED,Rey,Rly Station Master
Rilway Labourer,1,Rilway Labourer,UNCHANGED,Rilway,Railway Labourer
Rilway Milesman,1,Rilway Milesman,UNCHANGED,Rilway,Railway Milesman
Rilway Plate Layer,1,Rilway Plate Layer,UNCHANGED,Rilway,Railway Plate Layer
Riretter (Shipyard),1,Riretter Shipyard,NORMALIZATION,Riretter,Rivetter Shipyard
Risturant Keeper,1,Risturant Keeper,UNCHANGED,Risturant,Restaurant Keeper
Ritect Heater,1,Ritect Heater,UNCHANGED,Ritect,Rivet Heater
Ritired Carpenter,1,Ritired Carpenter,UNCHANGED,Ritired,Retired Carpenter
Ritired Dress Maker,1,Ritired Dress Maker,UNCHANGED,Ritired,Retired Dress Maker
Ritired Housekeeper,1,Ritired Housekeeper,UNCHANGED,Ritired,Retired Housekeeper
Ritired Labourer,1,Ritired Labourer,UNCHANGED,Ritired,Retired Labourer
Rivet Reater,1,Rivet Reater,UNCHANGED,Reater,Rivet Heater
Riviter Shipyard,1,Riviter Shipyard,UNCHANGED,Riviter,Riveter Shipyard
Rivitter Shipyard,1,Rivitter Shipyard,UNCHANGED,Rivitter,Rivetter Shipyard
Rivt Heater,1,Rivt Heater,UNCHANGED,Rivt,Rivet Heater
Road Concractor and Farmer,1,Road Concractor and Farmer,UNCHANGED,Concractor,Road Contractor and Farmer
Road Contracotr,1,Road Contracotr,UNCHANGED,Contracotr,Road Contractor
Road Contractar,1,Road Contractar,UNCHANGED,Contractar,Road Contractor
Road Contrector,1,Road Contrector,UNCHANGED,Contrector,Road Contractor
Road Contructor,1,Road Contructor,UNCHANGED,Contructor,Road Contractor
Road Cooncractor,1,Road Cooncractor,UNCHANGED,Cooncractor,Road Contractor
Road Repaiter,1,Road Repaiter,UNCHANGED,Repaiter,Road Repairer
Rogher Flax,1,Rogher Flax,UNCHANGED,Rogher,Rougher Flax
Roman Caholic Clergyman,1,Roman Caholic Clergyman,UNCHANGED,Caholic,Roman Catholic Clergyman
Roman Catholic Cergyman,1,Roman Catholic Cergyman,UNCHANGED,Cergyman,Roman Catholic Clergyman
Roman Catholic Clerggman,1,Roman Catholic Clerggman,UNCHANGED,Clerggman,Roman Catholic Clergyman
Roman Catholic Cleryman,1,Roman Catholic Cleryman,UNCHANGED,Cleryman,Roman Catholic Clergyman
Roman Catholic Cleygman Curate,1,Roman Catholic Cleygman Curate,UNCHANGED,Cleygman,Roman Catholic Clergyman Curate
Roman Catholic Corate,1,Roman Catholic Corate,UNCHANGED,Corate,Roman Catholic Curate
Roman Catholic Curote,1,Roman Catholic Curote,UNCHANGED,Curote,Roman Catholic Curate
Roman Catholic Curste,1,Roman Catholic Curste,UNCHANGED,Curste,Roman Catholic Curate
Roman Catholic Curte,1,Roman Catholic Curte,UNCHANGED,Curte,Roman Catholic Curate
Romn Catholic Curate,1,Romn Catholic Curate,UNCHANGED,Romn,Roman Catholic Curate
Roner Mill,1,Roner Mill,UNCHANGED,Roner,Rover Mill
Roshman,1,Roshman,UNCHANGED,Roshman,Postman
Roughter (Flax),1,Roughter Flax,NORMALIZATION,Roughter,Rougher Flax
Royal Irish Constobalary,1,Royal Irish Constobalary,UNCHANGED,Constobalary,Royal Irish Constabulary
Rual Poast Man,1,Rual Poast Man,UNCHANGED,Rual; Poast,Rural Post Man
Rual Post Man,1,Rual Post Man,STANDARD,Rual,Rural Post Man
Rual Post-Man,1,Rual Post Man,NORMALIZATION,Rual,Rural Post Man
Ruraf Postman,1,Ruraf Postman,UNCHANGED,Ruraf,Rural Postman
Rurah Postman,1,Rurah Postman,UNCHANGED,Rurah,Rural Postman
Rural Costman,1,Rural Costman,UNCHANGED,Costman,Rural Postman
Rural Poast Man,1,Rural Poast Man,UNCHANGED,Poast,Rural Post Man
Rural Poastman,1,Rural Poastman,UNCHANGED,Poastman,Rural Postman
Rural Poatman,1,Rural Poatman,UNCHANGED,Poatman,Rural Postman
Ruraral Postman,1,Ruraral Postman,UNCHANGED,Ruraral,Rural Postman
Rurual Post Boy,1,Rurual Post Boy,UNCHANGED,Rurual,Rural Post Boy
Rutcher,1,Rutcher,UNCHANGED,Rutcher,Butcher
Rutral Post-Man,1,Rutral Post Man,NORMALIZATION,Rutral,Rural Post Man
Saamster,1,Saamster,UNCHANGED,Saamster,Seamster
Sacholar,1,Sacholar,UNCHANGED,Sacholar,Scholar
Sachool Boy,1,Sachool Boy,UNCHANGED,Sachool,School Boy
Sacolar,1,Sacolar,UNCHANGED,Sacolar,Scholar
Saddler and Harners Maker,1,Saddler and Harners Maker,UNCHANGED,Harners,Saddler and Harness Maker
Saddler and Harnes Maker,1,Saddler and Harnes Maker,UNCHANGED,Harnes,Saddler and Harness Maker
Saelsman Drapery,1,Saelsman Drapery,UNCHANGED,Saelsman,Salesman Drapery
Saileor,1,Saileor,UNCHANGED,Saileor,Sailor
Sailoar,1,Sailoar,UNCHANGED,Sailoar,Sailor
Sailor (Meretant),1,Sailor Meretant,NORMALIZATION,Meretant,Sailor Merchant
Sainter,1,Sainter,UNCHANGED,Sainter,Painter
Saiolr,1,Saiolr,UNCHANGED,Saiolr,Sailor
Saler Woman,1,Saler Woman,UNCHANGED,Saler,Sales Woman
Saleswoman Drapeny,1,Saleswoman Drapeny,UNCHANGED,Drapeny,Saleswoman Drapery
Saleswoman Drapry,1,Saleswoman Drapry,UNCHANGED,Drapry,Saleswoman Drapery
Salior Merchant,1,Salior Merchant,UNCHANGED,Salior,Sailor Merchant
Salis Girl,1,Salis Girl,UNCHANGED,Salis,Sales Girl
Salolor,1,Salolor,UNCHANGED,Salolor,Sailor
Salor-Merchant,1,Salor Merchant,NORMALIZATION,Salor,Sailor Merchant
Salt Boiller,1,Salt Boiller,UNCHANGED,Boiller,Salt Boiler
Salt Boyler,1,Salt Boyler,UNCHANGED,Boyler,Salt Boiler
Samstess,1,Samstess,UNCHANGED,Samstess,Seamstress
Samstreass,1,Samstreass,UNCHANGED,Samstreass,Seamstress
Samstriss,1,Samstriss,UNCHANGED,Samstriss,Seamstress
Samustress,1,Samustress,UNCHANGED,Samustress,Seamstress
Sanstress,1,Sanstress,UNCHANGED,Sanstress,Seamstress
Sardener Servant Domestic,1,Sardener Domestic Servant,WORD_ORDER,Sardener,Gardener Domestic Servant
Sarlor,1,Sarlor,UNCHANGED,Sarlor,Sailor
Sarmer,1,Sarmer,UNCHANGED,Sarmer,Farmer
"Sarvant, Domestic",1,"Sarvant, Domestic",UNCHANGED,Sarvant,"Servant, Domestic"
Sater,1,Sater,UNCHANGED,Sater,Slater
Sawyer Unimployed,1,Sawyer Unimployed,UNCHANGED,Unimployed,Sawyer Unemployed
Saywer Unemployed,1,Saywer Unemployed,UNCHANGED,Saywer,Sawyer Unemployed
Sccholar,1,Sccholar,UNCHANGED,Sccholar,Scholar
Sccholer,1,Sccholer,UNCHANGED,Sccholer,Scholar
Sccolar,1,Sccolar,UNCHANGED,Sccolar,Scholar
Sceamsteress,1,Sceamsteress,UNCHANGED,Sceamsteress,Seamstress
Sceanstress,1,Sceanstress,UNCHANGED,Sceanstress,Seamstress
Sceholar,1,Sceholar,UNCHANGED,Sceholar,Scholar
Scemstress,1,Scemstress,UNCHANGED,Scemstress,Seamstress
Schalr,1,Schalr,UNCHANGED,Schalr,Scholar
Schaolar,1,Schaolar,UNCHANGED,Schaolar,Scholar
Schchool Boy,1,Schchool Boy,UNCHANGED,Schchool,School Boy
Schelar,1,Schelar,UNCHANGED,Schelar,Scholar
Schellar,1,Schellar,UNCHANGED,Schellar,Scholar
Schiolar,1,Schiolar,UNCHANGED,Schiolar,Scholar
Schlr,1,Schlr,UNCHANGED,Schlr,Scholar
Schoallar,1,Schoallar,UNCHANGED,Schoallar,Scholar
Schobar,1,Schobar,UNCHANGED,Schobar,Scholar
Schohar,1,Schohar,UNCHANGED,Schohar,Scholar
Schoholar,1,Schoholar,UNCHANGED,Schoholar,Scholar
Scholall,1,Scholall,UNCHANGED,Scholall,Scholar
Scholar Instiueted at Home,1,Scholar Instiueted at Home,UNCHANGED,Instiueted,Scholar Instructed at Home
Scholar Monstress,1,Scholar Monstress,UNCHANGED,Monstress,Scholar Monitress
Scholeer,1,Scholeer,UNCHANGED,Scholeer,Scholar
Scholes,1,Scholes,UNCHANGED,Scholes,Scholar
Schollal,1,Schollal,UNCHANGED,Schollal,Scholar
Schollar and Farmers Daughter,1,Schollar and Farmer's Daughter,POSSESSIVE,Schollar,Scholar and Farmer's Daughter
Schollar and Farmers Son,1,Schollar and Farmer's Son,POSSESSIVE,Schollar,Scholar and Farmer's Son
Schollarl,1,Schollarl,UNCHANGED,Schollarl,Scholar
Schollay,1,Schollay,UNCHANGED,Schollay,Scholar
Scholmaker,1,Scholmaker,UNCHANGED,Scholmaker,Shoemaker
Scholod,1,Scholod,UNCHANGED,Scholod,Scholar
Scholor Son,1,Scholor Son,UNCHANGED,Scholor,Scholar Son
Scholore,1,Scholore,UNCHANGED,Scholore,Scholar
Scholou,1,Scholou,UNCHANGED,Scholou,Scholar
Scholrar,1,Scholrar,UNCHANGED,Scholrar,Scholar
School Boy (Schollar),1,School Boy Schollar,NORMALIZATION,Schollar,School Boy Scholar
School Gir,1,School Gir,UNCHANGED,Gir,School Girl
School Girel,1,School Girel,UNCHANGED,Girel,School Girl
School Teachar,1,School Teachar,UNCHANGED,Teachar,School Teacher
Schoole Gairl,1,Schoole Gairl,UNCHANGED,Schoole; Gairl,School Girl
Schoolmaste,1,Schoolmaste,UNCHANGED,Schoolmaste,Schoolmaster
Schoolmistrers,1,Schoolmistrers,UNCHANGED,Schoolmistrers,Schoolmistress
Schoolmstress,1,Schoolmstress,UNCHANGED,Schoolmstress,Schoolmistress
Schoolr Girl,1,Schoolr Girl,UNCHANGED,Schoolr,School Girl
Schoomaster,1,Schoomaster,UNCHANGED,Schoomaster,Schoolmaster
Schop Assistant,1,Schop Assistant,UNCHANGED,Schop,Shop Assistant
Schoralar,1,Schoralar,UNCHANGED,Schoralar,Scholar
Schotar,1,Schotar,UNCHANGED,Schotar,Scholar
Schotlar,1,Schotlar,UNCHANGED,Schotlar,Scholar
Schottar,1,Schottar,UNCHANGED,Schottar,Scholar
Schoulor,1,Schoulor,UNCHANGED,Schoulor,Scholar
Schrlor,1,Schrlor,UNCHANGED,Schrlor,Scholar
Schylor,1,Schylor,UNCHANGED,Schylor,Scholar
Sclholar,1,Sclholar,UNCHANGED,Sclholar,Scholar
Scllolar,1,Scllolar,UNCHANGED,Scllolar,Scholar
Scloolar,1,Scloolar,UNCHANGED,Scloolar,Scholar
Scoalr,1,Scoalr,UNCHANGED,Scoalr,Scholar
Scohllar,1,Scohllar,UNCHANGED,Scohllar,Scholar
Scoholas,1,Scoholas,UNCHANGED,Scoholas,Scholar
Scohool Boy,1,Scohool Boy,UNCHANGED,Scohool,School Boy
Scolar Son,1,Scolar Son,UNCHANGED,Scolar,Scholar Son
Scolarh,1,Scolarh,UNCHANGED,Scolarh,Scholar
Scolear,1,Scolear,UNCHANGED,Scolear,Scholar
Scolicitor's Clerk,1,Scolicitor's Clerk,UNCHANGED,Scolicitor's,Solicitor's Clerk
Scoohl Girl,1,Scoohl Girl,UNCHANGED,Scoohl,School Girl
Scool Teacher,1,Scool Teacher,UNCHANGED,Scool,School Teacher
Scool-Girl,1,Scool Girl,NORMALIZATION,Scool,School Girl
Scoole Girl,1,Scoole Girl,UNCHANGED,Scoole,School Girl
Scothlar,1,Scothlar,UNCHANGED,Scothlar,Scholar
Scotlar,1,Scotlar,UNCHANGED,Scotlar,Scholar
Sctolar,1,Sctolar,UNCHANGED,Sctolar,Scholar
Sctucher (Flax),1,Sctucher Flax,NORMALIZATION,Sctucher,Scutcher Flax
Sculbery Maid Domestic Servant,1,Sculbery Maid Domestic Servant,UNCHANGED,Sculbery,Scullery Maid Domestic Servant
Scullary Maid,1,Scullary Maid,UNCHANGED,Scullary,Scullery Maid
Scullary Maid Domestic Servt,1,Scullary Maid Domestic Servant,ABBREVIATION,Scullary,Scullery Maid Domestic Servant
Scullery Maid Doemstic Servant,1,Scullery Maid Doemstic Servant,UNCHANGED,Doemstic,Scullery Maid Domestic Servant
Sculley Maid,1,Sculley Maid,UNCHANGED,Sculley,Scullery Maid
Sculley Maid (Domestic Servant),1,Sculley Maid Domestic Servant,NORMALIZATION,Sculley,Scullery Maid Domestic Servant
Sculley Maid Domestic Servant,1,Sculley Maid Domestic Servant,STANDARD,Sculley,Scullery Maid Domestic Servant
Scullrey Maid Domestic Servant,1,Scullrey Maid Domestic Servant,UNCHANGED,Scullrey,Scullery Maid Domestic Servant
Sculluy Maid,1,Sculluy Maid,UNCHANGED,Sculluy,Scullery Maid
Scutche (Flax),1,Scutche Flax,NORMALIZATION,Scutche,Scutcher Flax
Scwing Agent,1,Scwing Agent,UNCHANGED,Scwing,Sewing Agent
Seaamstress,1,Seaamstress,UNCHANGED,Seaamstress,Seamstress
Seaeamstress,1,Seaeamstress,UNCHANGED,Seaeamstress,Seamstress
Seamceress,1,Seamceress,UNCHANGED,Seamceress,Seamstress
Seamctress,1,Seamctress,UNCHANGED,Seamctress,Seamstress
Seameatress,1,Seameatress,UNCHANGED,Seameatress,Seamstress
Seamerter,1,Seamerter,UNCHANGED,Seamerter,Seamster
Seamesterss,1,Seamesterss,UNCHANGED,Seamesterss,Seamstress
Seamestess,1,Seamestess,UNCHANGED,Seamestess,Seamstress
Seamestrss,1,Seamestrss,UNCHANGED,Seamestrss,Seamstress
Seametrees,1,Seametrees,UNCHANGED,Seametrees,Seamstress
Seamisstress,1,Seamisstress,UNCHANGED,Seamisstress,Seamstress
Seamister,1,Seamister,UNCHANGED,Seamister,Seamster
Seamisteress,1,Seamisteress,UNCHANGED,Seamisteress,Seamstress
Seamistres,1,Seamistres,UNCHANGED,Seamistres,Seamstress
Seampster,1,Seampster,UNCHANGED,Seampster,Seamster
Seamptriss,1,Seamptriss,UNCHANGED,Seamptriss,Seamstress
Seamrstress,1,Seamrstress,UNCHANGED,Seamrstress,Seamstress
Seamsdress,1,Seamsdress,UNCHANGED,Seamsdress,Seamstress
Seamser,1,Seamser,UNCHANGED,Seamser,Seamster
Seamsteer,1,Seamsteer,UNCHANGED,Seamsteer,Seamster
Seamstere,1,Seamstere,UNCHANGED,Seamstere,Seamster
Seamstness,1,Seamstness,UNCHANGED,Seamstness,Seamstress
Seamstrass,1,Seamstrass,UNCHANGED,Seamstrass,Seamstress
Seamstreas,1,Seamstreas,UNCHANGED,Seamstreas,Seamstress
Seamstree,1,Seamstree,UNCHANGED,Seamstree,Seamstress
Seamstreer,1,Seamstreer,UNCHANGED,Seamstreer,Seamstress
Seamstrer,1,Seamstrer,UNCHANGED,Seamstrer,Seamster
Seamstreros,1,Seamstreros,UNCHANGED,Seamstreros,Seamstress
Seamstrers,1,Seamstrers,UNCHANGED,Seamstrers,Seamstress
Seamstsess,1,Seamstsess,UNCHANGED,Seamstsess,Seamstress
Seamtrass,1,Seamtrass,UNCHANGED,Seamtrass,Seamstress
Seamtre,1,Seamtre,UNCHANGED,Seamtre,Seamster
Seamtrees,1,Seamtrees,UNCHANGED,Seamtrees,Seamstress
Seamtres,1,Seamtres,UNCHANGED,Seamtres,Seamstress
Seanptress,1,Seanptress,UNCHANGED,Seanptress,Seamstress
Seansstress,1,Seansstress,UNCHANGED,Seansstress,Seamstress
Seansterss,1,Seansterss,UNCHANGED,Seansterss,Seamstress
Seanstrees,1,Seanstrees,UNCHANGED,Seanstrees,Seamstress
Seanstres,1,Seanstres,UNCHANGED,Seanstres,Seamstress
Searvent Boy,1,Searvent Boy,UNCHANGED,Searvent,Servant Boy
Seaster,1,Seaster,UNCHANGED,Seaster,Seamster
Seastrer,1,Seastrer,UNCHANGED,Seastrer,Seamster
Secholar,1,Secholar,UNCHANGED,Secholar,Scholar
Seddler and Harness Maker,1,Seddler and Harness Maker,UNCHANGED,Seddler,Saddler and Harness Maker
Seeamestress,1,Seeamestress,UNCHANGED,Seeamestress,Seamstress
Seemtress,1,Seemtress,UNCHANGED,Seemtress,Seamstress
Seenstress,1,Seenstress,UNCHANGED,Seenstress,Seamstress
Seimstrews,1,Seimstrews,UNCHANGED,Seimstrews,Seamstress
Semamstress,1,Semamstress,UNCHANGED,Semamstress,Seamstress
Semastrees,1,Semastrees,UNCHANGED,Semastrees,Seamstress
Semetress,1,Semetress,UNCHANGED,Semetress,Seamstress
Semsber,1,Semsber,UNCHANGED,Semsber,Seamster
Semstess,1,Semstess,UNCHANGED,Semstess,Seamstress
Semstreess,1,Semstreess,UNCHANGED,Semstreess,Seamstress
Semstreis,1,Semstreis,UNCHANGED,Semstreis,Seamstress
Semstres,1,Semstres,UNCHANGED,Semstres,Seamstress
Senestress,1,Senestress,UNCHANGED,Senestress,Seamstress
Seomstress,1,Seomstress,UNCHANGED,Seomstress,Seamstress
Seonstress,1,Seonstress,UNCHANGED,Seonstress,Seamstress
Sepherd,1,Sepherd,UNCHANGED,Sepherd,Shepherd
Sercant,1,Sercant,UNCHANGED,Sercant,Servant
Serface Man,1,Serface Man,UNCHANGED,Serface,Surface Man
Sergant,1,Sergant,UNCHANGED,Sergant,Servant
Sermsterss,1,Sermsterss,UNCHANGED,Sermsterss,Seamstress
Seroavant,1,Seroavant,UNCHANGED,Seroavant,Servant
Servan General Domestic,1,Servan General Domestic,UNCHANGED,Servan,Servant General Domestic
Servan Girl,1,Servan Girl,UNCHANGED,Servan,Servant Girl
Servan Unemployed,1,Servan Unemployed,UNCHANGED,Servan,Servant Unemployed
Servand Domest,1,Servand Domest,UNCHANGED,Servand; Domest,Servant Domes
Servanet,1,Servanet,UNCHANGED,Servanet,Servant
Servant (Cooke),1,Servant Cooke,NORMALIZATION,Cooke,Servant Cook
Servant (Genel),1,Servant Genel,NORMALIZATION,Genel,Servant Genl
Servant (Genral),1,Servant Genral,NORMALIZATION,Genral,Servant General
Servant Domestic Out of Employement,1,Domestic Servant Out of Employement,WORD_ORDER,Employement,Domestic Servant Out of Employment
Servant Genrl,1,Servant Genrl,UNCHANGED,Genrl,Servant Genl
Servant Ginl,1,Servant Ginl,UNCHANGED,Ginl,Servant Girl
Servant Houskeeper,1,Servant Houskeeper,UNCHANGED,Houskeeper,Servant Housekeeper
Servant Laundess,1,Servant Laundess,UNCHANGED,Laundess,Servant Laundress
Servant Maied Domestic,1,Servant Maied Domestic,UNCHANGED,Maied,Servant Maid Domestic
Servant Parlormaid,1,Servant Parlormaid,UNCHANGED,Parlormaid,Servant Parlourmaid
Servant Parloumaid,1,Servant Parloumaid,UNCHANGED,Parloumaid,Servant Parlourmaid
Servant Unemployd,1,Servant Unemployd,UNCHANGED,Unemployd,Servant Unemployed
Servant Unemplye,1,Servant Unemplye,UNCHANGED,Unemplye,Servant Unemployed
Servant Unimployed,1,Servant Unimployed,UNCHANGED,Unimployed,Servant Unemployed
Servant-Cooke,1,Servant Cooke,NORMALIZATION,Cooke,Servant Cook
Servanth,1,Servanth,UNCHANGED,Servanth,Servant
Servat General Domestic,1,Servat General Domestic,UNCHANGED,Servat,Servant General Domestic
Servatt,1,Servatt,UNCHANGED,Servatt,Servant
Serveant Labourer,1,Serveant Labourer,UNCHANGED,Serveant,Servant Labourer
Servenat,1,Servenat,UNCHANGED,Servenat,Servant
Servent Agricultural,1,Servent Agricultural,UNCHANGED,Servent,Servant Agricultural
Servent Cook,1,Servent Cook,UNCHANGED,Servent,Servant Cook
Servent Domes,1,Servent Domes,UNCHANGED,Servent,Servant Domes
Servent Girl,1,Servent Girl,UNCHANGED,Servent,Servant Girl
Servent Man,1,Servent Man,UNCHANGED,Servent,Servant Man
Servent Nurse,1,Servent Nurse,UNCHANGED,Servent,Servant Nurse
"Servent, General",1,"Servent, General",UNCHANGED,Servent,"Servant, General"
Serveont,1,Serveont,UNCHANGED,Serveont,Servant
Servint,1,Servint,UNCHANGED,Servint,Servant
Servint Boy,1,Servint Boy,UNCHANGED,Servint,Servant Boy
Servnt Labourer,1,Servnt Labourer,UNCHANGED,Servnt,Servant Labourer
Servt-Boye,1,Servant Boye,ABBREVIATION; NORMALIZATION,Boye,Servant Boy
Serwant,1,Serwant,UNCHANGED,Serwant,Servant
Setl Maker,1,Setl Maker,UNCHANGED,Setl,Set Maker
Sewing Machinc Agent,1,Sewing Machinc Agent,UNCHANGED,Machinc,Sewing Machine Agent
Sewing Machine Agnet,1,Sewing Machine Agnet,UNCHANGED,Agnet,Sewing Machine Agent
Sewing Machins Agent,1,Sewing Machins Agent,UNCHANGED,Machins,Sewing Machine Agent
Sewing Mechine Agnet,1,Sewing Mechine Agnet,UNCHANGED,Mechine; Agnet,Sewing Machine Agent
Sewing Mechine Mechanic,1,Sewing Mechine Mechanic,UNCHANGED,Mechine,Sewing Machine Mechanic
Shar Woman,1,Shar Woman,UNCHANGED,Shar,Char Woman
Sharwoman,1,Sharwoman,UNCHANGED,Sharwoman,Charwoman
Shcolor,1,Shcolor,UNCHANGED,Shcolor,Scholar
Shcool Boy,1,Shcool Boy,UNCHANGED,Shcool,School Boy
Sheamstress,1,Sheamstress,UNCHANGED,Sheamstress,Seamstress
Sheaperd,1,Sheaperd,UNCHANGED,Sheaperd,Shepherd
Sheaphord,1,Sheaphord,UNCHANGED,Sheaphord,Shepherd
Sheephard,1,Sheephard,UNCHANGED,Sheephard,Shepherd
Shemaker,1,Shemaker,UNCHANGED,Shemaker,Shoemaker
Sheomaker,1,Sheomaker,UNCHANGED,Sheomaker,Shoemaker
Shepdherd,1,Shepdherd,UNCHANGED,Shepdherd,Shepherd
Shepeard,1,Shepeard,UNCHANGED,Shepeard,Shepherd
Sheperd Domestic,1,Sheperd Domestic,UNCHANGED,Sheperd,Shepherd Domestic
Sheperd's Daughter,1,Sheperd's Daughter,UNCHANGED,Sheperd's,Shepherd's Daughter
Shephad,1,Shephad,UNCHANGED,Shephad,Shepherd
Shephard Domestic,1,Shephard Domestic,UNCHANGED,Shephard,Shepherd Domestic
Shephed,1,Shephed,UNCHANGED,Shephed,Shepherd
Shephord,1,Shephord,UNCHANGED,Shephord,Shepherd
Sheplerd,1,Sheplerd,UNCHANGED,Sheplerd,Shepherd
Sheppard (Domestic Servant),1,Sheppard Domestic Servant,NORMALIZATION,Sheppard,Shepherd Domestic Servant
Sheppard's Son,1,Sheppard's Son,UNCHANGED,Sheppard's,Shepherd's Son
Sheppeard,1,Sheppeard,UNCHANGED,Sheppeard,Shepherd
Shepperd Domestic,1,Shepperd Domestic,UNCHANGED,Shepperd,Shepherd Domestic
Sheppered,1,Sheppered,UNCHANGED,Sheppered,Shepherd
Sheppherd-Domestic,1,Sheppherd Domestic,NORMALIZATION,Sheppherd,Shepherd Domestic
Shepsard,1,Shepsard,UNCHANGED,Shepsard,Shepherd
Shepshrd,1,Shepshrd,UNCHANGED,Shepshrd,Shepherd
Shert Cutter,1,Shert Cutter,UNCHANGED,Shert,Shirt Cutter
Shert Maker,1,Shert Maker,UNCHANGED,Shert,Shirt Maker
Shewmaker,1,Shewmaker,UNCHANGED,Shewmaker,Shoemaker
Shhoolar,1,Shhoolar,UNCHANGED,Shhoolar,Scholar
Ship Carpentor,1,Ship Carpentor,UNCHANGED,Carpentor,Ship Carpenter
Ship Carpeter,1,Ship Carpeter,UNCHANGED,Carpeter,Ship Carpenter
Ship Carptner,1,Ship Carptner,UNCHANGED,Carptner,Ship Carpenter
Ship Cartpenter,1,Ship Cartpenter,UNCHANGED,Cartpenter,Ship Carpenter
Ship Charpenter,1,Ship Charpenter,UNCHANGED,Charpenter,Ship Carpenter
Ship Corpenter,1,Ship Corpenter,UNCHANGED,Corpenter,Ship Carpenter
Ship Corpinter,1,Ship Corpinter,UNCHANGED,Corpinter,Ship Carpenter
Ship Ploter,1,Ship Ploter,UNCHANGED,Ploter,Ship Plater
Ship Regger,1,Ship Regger,UNCHANGED,Regger,Ship Rigger
Ship Riegger,1,Ship Riegger,UNCHANGED,Riegger,Ship Rigger
Ship Snith,1,Ship Snith,UNCHANGED,Snith,Ship Smith
Ship Yard Laubourer,1,Ship Yard Laubourer,UNCHANGED,Laubourer,Ship Yard Labourer
Shipbuilter,1,Shipbuilter,UNCHANGED,Shipbuilter,Shipbuilder
Shipewright,1,Shipewright,UNCHANGED,Shipewright,Shipwright
Shipnwright,1,Shipnwright,UNCHANGED,Shipnwright,Shipwright
Shiprighte,1,Shiprighte,UNCHANGED,Shiprighte,Shipwright
Shiprright,1,Shiprright,UNCHANGED,Shiprright,Shipwright
Shipwricht,1,Shipwricht,UNCHANGED,Shipwricht,Shipwright
Shipwrigt,1,Shipwrigt,UNCHANGED,Shipwrigt,Shipwright
Shipwritght,1,Shipwritght,UNCHANGED,Shipwritght,Shipwright
Shipwrith,1,Shipwrith,UNCHANGED,Shipwrith,Shipwright
Shipyard Labaurer,1,Shipyard Labaurer,UNCHANGED,Labaurer,Shipyard Labourer
Shipyard Labouer,1,Shipyard Labouer,UNCHANGED,Labouer,Shipyard Labourer
Shipyard Labrourer,1,Shipyard Labrourer,UNCHANGED,Labrourer,Shipyard Labourer
Shipyard Laubouer,1,Shipyard Laubouer,UNCHANGED,Laubouer,Shipyard Labourer
Shir-Maker,1,Shir Maker,NORMALIZATION,Shir,Shirt Maker
Shirit Merchant,1,Shirit Merchant,UNCHANGED,Shirit,Spirit Merchant
Shirp Folder,1,Shirp Folder,UNCHANGED,Shirp,Shirt Folder
Shirt Finsher,1,Shirt Finsher,UNCHANGED,Finsher,Shirt Finisher
Shirt Finshner,1,Shirt Finshner,UNCHANGED,Finshner,Shirt Finisher
Shirt Smoover,1,Shirt Smoover,UNCHANGED,Smoover,Shirt Smoother
Shirt Sticther,1,Shirt Sticther,UNCHANGED,Sticther,Shirt Stitcher
Shirt-Sticher,1,Shirt Sticher,NORMALIZATION,Sticher,Shirt Stitcher
Shiths Helper,1,Shiths Helper,UNCHANGED,Shiths,Smiths Helper
Shloar,1,Shloar,UNCHANGED,Shloar,Scholar
Shocing Smith,1,Shocing Smith,UNCHANGED,Shocing,Shoeing Smith
Shoehing Smith,1,Shoehing Smith,UNCHANGED,Shoehing,Shoeing Smith
Shoemakerer,1,Shoemakerer,UNCHANGED,Shoemakerer,Shoemaker
Shoemaster,1,Shoemaster,UNCHANGED,Shoemaster,Shoemaker
Shoemater,1,Shoemater,UNCHANGED,Shoemater,Shoemaker
Shoemeaker,1,Shoemeaker,UNCHANGED,Shoemeaker,Shoemaker
Shoesmaker,1,Shoesmaker,UNCHANGED,Shoesmaker,Shoemaker
Shoholar,1,Shoholar,UNCHANGED,Shoholar,Scholar
Shokeeper,1,Shokeeper,UNCHANGED,Shokeeper,Shopkeeper
Sholing Smith,1,Sholing Smith,UNCHANGED,Sholing,Shoeing Smith
Shomakear,1,Shomakear,UNCHANGED,Shomakear,Shoemaker
Shomaker Apprentice,1,Shomaker Apprentice,UNCHANGED,Shomaker,Shoemaker Apprentice
Shomaker-Journeyman,1,Shomaker Journeyman,NORMALIZATION,Shomaker,Shoemaker Journeyman
Shooe Maker (Master),1,Shooe Maker Master,NORMALIZATION,Shooe,Shoe Maker Master
Shoopkeeper,1,Shoopkeeper,UNCHANGED,Shoopkeeper,Shopkeeper
Shop Apprentce,1,Shop Apprentce,UNCHANGED,Apprentce,Shop Apprentice
Shop Asisstant,1,Shop Asisstant,UNCHANGED,Asisstant,Shop Assistant
Shop Asistant General,1,Shop Asistant General,UNCHANGED,Asistant,Shop Assistant General
Shop Assestont,1,Shop Assestont,UNCHANGED,Assestont,Shop Assistant
Shop Assiastant,1,Shop Assiastant,UNCHANGED,Assiastant,Shop Assistant
Shop Assistait,1,Shop Assistait,UNCHANGED,Assistait,Shop Assistant
Shop Assistand,1,Shop Assistand,UNCHANGED,Assistand,Shop Assistant
Shop Assistant (Confictionery),1,Shop Assistant Confictionery,NORMALIZATION,Confictionery,Shop Assistant Confectionery
Shop Assistant (Draperry),1,Shop Assistant Draperry,NORMALIZATION,Draperry,Shop Assistant Drapery
Shop Assistant (Tobaconist),1,Shop Assistant Tobaconist,NORMALIZATION,Tobaconist,Shop Assistant Tobacconist
Shop Assistant Draperys,1,Shop Assistant Draperys,UNCHANGED,Draperys,Shop Assistant Drapers
Shop Assistant Drapey,1,Shop Assistant Drapey,UNCHANGED,Drapey,Shop Assistant Draper
Shop Assistant Dropery,1,Shop Assistant Dropery,UNCHANGED,Dropery,Shop Assistant Drapery
Shop Assistant Groceres,1,Shop Assistant Groceres,UNCHANGED,Groceres,Shop Assistant Grocers
Shop Assistant Hardward,1,Shop Assistant Hardward,UNCHANGED,Hardward,Shop Assistant Hardware
Shop Assistant Hdware,1,Shop Assistant Hdware,UNCHANGED,Hdware,Shop Assistant Hardware
Shop Assistant Milleney,1,Shop Assistant Milleney,UNCHANGED,Milleney,Shop Assistant Milliner
Shop Assistant Millinel,1,Shop Assistant Millinel,UNCHANGED,Millinel,Shop Assistant Milliner
Shop Assistant-Draprey,1,Shop Assistant Draprey,NORMALIZATION,Draprey,Shop Assistant Drapery
Shop Assistnant,1,Shop Assistnant,UNCHANGED,Assistnant,Shop Assistant
Shop Assistnt,1,Shop Assistnt,UNCHANGED,Assistnt,Shop Assistant
Shop Assistnt Draper,1,Shop Assistnt Draper,UNCHANGED,Assistnt,Shop Assistant Draper
Shop Assisttant,1,Shop Assisttant,UNCHANGED,Assisttant,Shop Assistant
Shop Assit,1,Shop Assit,UNCHANGED,Assit,Shop Asst
Shop Assitiant,1,Shop Assitiant,UNCHANGED,Assitiant,Shop Assistant
Shop Assts,1,Shop Assts,UNCHANGED,Assts,Shop Asst
Shop Borter,1,Shop Borter,UNCHANGED,Borter,Shop Porter
Shop Girl Droper,1,Shop Girl Droper,UNCHANGED,Droper,Shop Girl Draper
Shop Girll,1,Shop Girll,UNCHANGED,Girll,Shop Girl
Shop Keeper (Tobbaconist),1,Shopkeeper Tobbaconist,COMPOUND_KEEPER; NORMALIZATION,Tobbaconist,Shopkeeper Tobacconist
Shop Keeper - Harware,1,Shopkeeper Harware,COMPOUND_KEEPER; NORMALIZATION,Harware,Shopkeeper Hardware
Shop Keeper and Famer,1,Shopkeeper and Famer,COMPOUND_KEEPER,Famer,Shopkeeper and Farmer
Shop Keeper and Post Mistres,1,Shopkeeper and Post Mistres,COMPOUND_KEEPER,Mistres,Shopkeeper and Post Mistress
Shop Keeper Drphery,1,Shopkeeper Drphery,COMPOUND_KEEPER,Drphery,Shopkeeper Drapery
Shop Keeper Grocry,1,Shopkeeper Grocry,COMPOUND_KEEPER,Grocry,Shopkeeper Grocery
Shop Keeper Groer,1,Shopkeeper Groer,COMPOUND_KEEPER,Groer,Shopkeeper Grocer
Shop Keeper Tobbaconist,1,Shopkeeper Tobbaconist,COMPOUND_KEEPER,Tobbaconist,Shopkeeper Tobacconist
Shop Keeper-Provison,1,Shopkeeper Provison,COMPOUND_KEEPER; NORMALIZATION,Provison,Shopkeeper Provision
Shop Keping,1,Shop Keping,UNCHANGED,Keping,Shop Keeping
Shop Man Grocry,1,Shop Man Grocry,UNCHANGED,Grocry,Shop Man Grocery
Shop Man Hardwar,1,Shop Man Hardwar,UNCHANGED,Hardwar,Shop Man Hardware
Shop Managher,1,Shop Managher,UNCHANGED,Managher,Shop Manager
Shop Mesnger,1,Shop Mesnger,UNCHANGED,Mesnger,Shop Messenger
Shop Messenper,1,Shop Messenper,UNCHANGED,Messenper,Shop Messenger
Shop Messinger,1,Shop Messinger,UNCHANGED,Messinger,Shop Messenger
Shop Owener,1,Shop Owener,UNCHANGED,Owener,Shop Owner
Shop Porther,1,Shop Porther,UNCHANGED,Porther,Shop Porter
Shop Portier,1,Shop Portier,UNCHANGED,Portier,Shop Porter
Shop Portler,1,Shop Portler,UNCHANGED,Portler,Shop Porter
Shop'Keeper,1,Shop'Keeper,UNCHANGED,Shop'Keeper,Shopkeeper
Shop-Assisant,1,Shop Assisant,NORMALIZATION,Assisant,Shop Assistant
Shop-Boy Grocier,1,Shop Boy Grocier,NORMALIZATION,Grocier,Shop Boy Grocer
Shop-Keeper - Provison,1,Shopkeeper Provison,COMPOUND_KEEPER; NORMALIZATION,Provison,Shopkeeper Provision
Shopeeper,1,Shopeeper,UNCHANGED,Shopeeper,Shopkeeper
Shopeeper and Farmer,1,Shopeeper and Farmer,UNCHANGED,Shopeeper,Shopkeeper and Farmer
Shoph Assistant,1,Shoph Assistant,UNCHANGED,Shoph,Shop Assistant
Shopheeper,1,Shopheeper,UNCHANGED,Shopheeper,Shopkeeper
Shophern,1,Shophern,UNCHANGED,Shophern,Shepherd
Shopkeeper (Publicin),1,Shopkeeper Publicin,NORMALIZATION,Publicin,Shopkeeper Publican
Shopkeeper and Farmes,1,Shopkeeper and Farmes,UNCHANGED,Farmes,Shopkeeper and Farmer
Shopkeeper Confectionry,1,Shopkeeper Confectionry,UNCHANGED,Confectionry,Shopkeeper Confectionery
Shopkeeper-Grocere and C,1,Shopkeeper Grocere and C,NORMALIZATION,Grocere,Shopkeeper Grocer and C
Shopkeepre,1,Shopkeepre,UNCHANGED,Shopkeepre,Shopkeeper
Shopkeper and Farmer,1,Shopkeper and Farmer,UNCHANGED,Shopkeper,Shopkeeper and Farmer
Shopkerpr,1,Shopkerpr,UNCHANGED,Shopkerpr,Shopkeeper
Shopman Drapary,1,Shopman Drapary,UNCHANGED,Drapary,Shopman Drapery
Shopman Drapir,1,Shopman Drapir,UNCHANGED,Drapir,Shopman Draper
Shopman Drapry,1,Shopman Drapry,UNCHANGED,Drapry,Shopman Drapery
Shopman Grocer and Spiret,1,Shopman Grocer and Spiret,UNCHANGED,Spiret,Shopman Grocer and Spirit
Shopman Hardward,1,Shopman Hardward,UNCHANGED,Hardward,Shopman Hardware
Shopman Provesions,1,Shopman Provesions,UNCHANGED,Provesions,Shopman Provisions
Shopman Pulican,1,Shopman Pulican,UNCHANGED,Pulican,Shopman Publican
Shorthand Typest,1,Shorthand Typest,UNCHANGED,Typest,Shorthand Typist
Shosemaker,1,Shosemaker,UNCHANGED,Shosemaker,Shoemaker
Shoumaker,1,Shoumaker,UNCHANGED,Shoumaker,Shoemaker
Shoup Porter,1,Shoup Porter,UNCHANGED,Shoup,Shop Porter
Show Card Finesher,1,Show Card Finesher,UNCHANGED,Finesher,Show Card Finisher
Show-Card Fineshrer,1,Show Card Fineshrer,NORMALIZATION,Fineshrer,Show Card Finisher
Showmaker,1,Showmaker,UNCHANGED,Showmaker,Shoemaker
Shrit Smoother,1,Shrit Smoother,UNCHANGED,Shrit,Shirt Smoother
Shrt Maker,1,Shrt Maker,UNCHANGED,Shrt,Shirt Maker
Siere Maker,1,Siere Maker,UNCHANGED,Siere,Sieve Maker
Sierit Merchant,1,Sierit Merchant,UNCHANGED,Sierit,Spirit Merchant
Signel Man,1,Signel Man,UNCHANGED,Signel,Signal Man
Silk Wevear,1,Silk Wevear,UNCHANGED,Wevear,Silk Weaver
Silk Wever,1,Silk Wever,UNCHANGED,Wever,Silk Weaver
Silver Chasser,1,Silver Chasser,UNCHANGED,Chasser,Silver Chaser
Silver Platar,1,Silver Platar,UNCHANGED,Platar,Silver Plater
Simstress,1,Simstress,UNCHANGED,Simstress,Seamstress
Sipnner Flax,1,Sipnner Flax,UNCHANGED,Sipnner,Spinner Flax
Sirt-maker,1,Sirt maker,NORMALIZATION,Sirt,Shirt maker
Sister of Meroy,1,Sister of Meroy,UNCHANGED,Meroy,Sister of Mercy
Sitemaker,1,Sitemaker,UNCHANGED,Sitemaker,Shoemaker
Skholar,1,Skholar,UNCHANGED,Skholar,Scholar
Skilled Laburer,1,Skilled Laburer,UNCHANGED,Laburer,Skilled Labourer
Skilled Laubourer,1,Skilled Laubourer,UNCHANGED,Laubourer,Skilled Labourer
Skoolar,1,Skoolar,UNCHANGED,Skoolar,Scholar
Slamstress,1,Slamstress,UNCHANGED,Slamstress,Seamstress
Slaser,1,Slaser,UNCHANGED,Slaser,Slater
Slatar,1,Slatar,UNCHANGED,Slatar,Slater
Slaten,1,Slaten,UNCHANGED,Slaten,Slater
Slatery,1,Slatery,UNCHANGED,Slatery,Slater
Slatorer,1,Slatorer,UNCHANGED,Slatorer,Slater
Sleater,1,Sleater,UNCHANGED,Sleater,Slater
Sleholar,1,Sleholar,UNCHANGED,Sleholar,Scholar
Slitcher Warehouse,1,Slitcher Warehouse,UNCHANGED,Slitcher,Stitcher Warehouse
Sllolar,1,Sllolar,UNCHANGED,Sllolar,Scholar
Sluter,1,Sluter,UNCHANGED,Sluter,Slater
Small Famer,1,Small Famer,UNCHANGED,Famer,Small Farmer
Smestress,1,Smestress,UNCHANGED,Smestress,Seamstress
Smihs Helper,1,Smihs Helper,UNCHANGED,Smihs,Smiths Helper
Smith Healper,1,Smith Healper,UNCHANGED,Healper,Smith Helper
Smith Hepler,1,Smith Hepler,UNCHANGED,Hepler,Smith Helper
Smith Hlper,1,Smith Hlper,UNCHANGED,Hlper,Smith Helper
Smithes Healpter,1,Smithes Healpter,UNCHANGED,Smithes; Healpter,Smiths Helper
Smyhts Helper,1,Smyhts Helper,UNCHANGED,Smyhts,Smiths Helper
Snall Farmer,1,Snall Farmer,UNCHANGED,Snall,Small Farmer
Socolar,1,Socolar,UNCHANGED,Socolar,Scholar
Sohemaker,1,Sohemaker,UNCHANGED,Sohemaker,Shoemaker
Soilor,1,Soilor,UNCHANGED,Soilor,Sailor
Soldeir Infantry,1,Soldeir Infantry,UNCHANGED,Soldeir,Soldier Infantry
Soldier (on Furlaugh),1,Soldier on Furlaugh,NORMALIZATION,Furlaugh,Soldier on Furlough
Soldier Iryantry,1,Soldier Iryantry,UNCHANGED,Iryantry,Soldier Infantry
Soldier on Furlongh,1,Soldier on Furlongh,UNCHANGED,Furlongh,Soldier on Furlough
Soldire on Furlough,1,Soldire on Furlough,UNCHANGED,Soldire,Soldier on Furlough
Solicetors Managing Clerk,1,Solicetors Managing Clerk,UNCHANGED,Solicetors,Solicitors Managing Clerk
Soliciters General Clerk,1,Soliciters General Clerk,UNCHANGED,Soliciters,Solicitors General Clerk
Solicitors Manageing Clerk,1,Solicitors Manageing Clerk,UNCHANGED,Manageing,Solicitors Managing Clerk
Solicitros Managing Clerk,1,Solicitros Managing Clerk,UNCHANGED,Solicitros,Solicitors Managing Clerk
Solictor's Clerk,1,Solictor's Clerk,UNCHANGED,Solictor's,Solicitor's Clerk
Solictors Managing Clerk,1,Solictors Managing Clerk,UNCHANGED,Solictors,Solicitors Managing Clerk
Son Labrouer,1,Son Labrouer,UNCHANGED,Labrouer,Son Labourer
Son Sholar,1,Son Sholar,UNCHANGED,Sholar,Son Scholar
Sopkeeper's Wife,1,Sopkeeper's Wife,UNCHANGED,Sopkeeper's,Shopkeeper's Wife
Sorting Clerk and Telegraptist,1,Sorting Clerk and Telegraptist,UNCHANGED,Telegraptist,Sorting Clerk and Telegraphist
Sorting Clerk and Telegrarhist G.P.O,1,Sorting Clerk and Telegrarhist G.P.O,UNCHANGED,Telegrarhist,Sorting Clerk and Telegraphist G.P.O
Sortinig Clerk and Telegraphist,1,Sortinig Clerk and Telegraphist,UNCHANGED,Sortinig,Sorting Clerk and Telegraphist
Soultry Dealer,1,Soultry Dealer,UNCHANGED,Soultry,Poultry Dealer
Spads Maker,1,Spads Maker,UNCHANGED,Spads,Spade Maker
Spenner in Mill,1,Spenner in Mill,UNCHANGED,Spenner,Spinner in Mill
Spenner Wool,1,Spenner Wool,UNCHANGED,Spenner,Spinner Wool
Spepherd,1,Spepherd,UNCHANGED,Spepherd,Shepherd
Spereader in Mill,1,Spereader in Mill,UNCHANGED,Spereader,Spreader in Mill
Sperit Dealer,1,Sperit Dealer,UNCHANGED,Sperit,Spirit Dealer
Sperit Grocer,1,Sperit Grocer,UNCHANGED,Sperit,Spirit Grocer
Spineer Wool,1,Spineer Wool,UNCHANGED,Spineer,Spinner Wool
Spiner (Linen),1,Spiner Linen,NORMALIZATION,Spiner,Spinner Linen
Spiner (Wool),1,Spiner Wool,NORMALIZATION,Spiner,Spinner Wool
Spiner in Flax Mills,1,Spiner in Flax Mills,UNCHANGED,Spiner,Spinner in Flax Mills
Spiner Yarn,1,Spiner Yarn,UNCHANGED,Spiner,Spinner Yarn
Spiner-Linen,1,Spiner Linen,NORMALIZATION,Spiner,Spinner Linen
Spinner Yorn,1,Spinner Yorn,UNCHANGED,Yorn,Spinner Yarn
Spinnig Doffer,1,Spinnig Doffer,UNCHANGED,Spinnig,Spinning Doffer
Spinning Maste,1,Spinning Maste,UNCHANGED,Maste,Spinning Master
Spinnir Flax,1,Spinnir Flax,UNCHANGED,Spinnir,Spinner Flax
Spirit Gocer,1,Spirit Gocer,UNCHANGED,Gocer,Spirit Grocer
Spirit Grocr,1,Spirit Grocr,UNCHANGED,Grocr,Spirit Grocer
Spirit Groucer,1,Spirit Groucer,UNCHANGED,Groucer,Spirit Grocer
Spirit Merchart,1,Spirit Merchart,UNCHANGED,Merchart,Spirit Merchant
Spirit Merchat,1,Spirit Merchat,UNCHANGED,Merchat,Spirit Merchant
Spirite Dealer,1,Spirite Dealer,UNCHANGED,Spirite,Spirit Dealer
Spnner Flax,1,Spnner Flax,UNCHANGED,Spnner,Spinner Flax
Spokemaker,1,Spokemaker,UNCHANGED,Spokemaker,Shoemaker
Sponmonger,1,Sponmonger,UNCHANGED,Sponmonger,Ironmonger
Sppiner Flax,1,Sppiner Flax,UNCHANGED,Sppiner,Spinner Flax
Spradder Flax,1,Spradder Flax,UNCHANGED,Spradder,Spreader Flax
Sprader (Flax),1,Sprader Flax,NORMALIZATION,Sprader,Spreader Flax
Spreaden-Linen,1,Spreaden Linen,NORMALIZATION,Spreaden,Spreader Linen
Spredar Flax,1,Spredar Flax,UNCHANGED,Spredar,Spreader Flax
Spreder Flax,1,Spreder Flax,UNCHANGED,Spreder,Spreader Flax
Spreder Mill,1,Spreder Mill,UNCHANGED,Spreder,Spreader Mill
Srvant,1,Srvant,UNCHANGED,Srvant,Servant
Stabe Boy,1,Stabe Boy,UNCHANGED,Stabe,Stable Boy
Stabe Man,1,Stabe Man,UNCHANGED,Stabe,Stable Man
Stabel Boy Domestic Servant,1,Stabel Boy Domestic Servant,UNCHANGED,Stabel,Stable Boy Domestic Servant
Stabel Man Domestic Servant,1,Stabel Man Domestic Servant,UNCHANGED,Stabel,Stable Man Domestic Servant
Stabl Boy,1,Stabl Boy,UNCHANGED,Stabl,Stable Boy
Stationey Assistant,1,Stationey Assistant,UNCHANGED,Stationey,Stationer Assistant
Stationmoster,1,Stationmoster,UNCHANGED,Stationmoster,Stationmaster
Stationry Worker,1,Stationry Worker,UNCHANGED,Stationry,Stationery Worker
Stcholar,1,Stcholar,UNCHANGED,Stcholar,Scholar
Stcolar,1,Stcolar,UNCHANGED,Stcolar,Scholar
Stepherd,1,Stepherd,UNCHANGED,Stepherd,Shepherd
Steward Domesic Servant,1,Steward Domesic Servant,UNCHANGED,Domesic,Steward Domestic Servant
Sticher (Linen),1,Sticher Linen,NORMALIZATION,Sticher,Stitcher Linen
Sticher Hem,1,Sticher Hem,UNCHANGED,Sticher,Stitcher Hem
Sticher Linen,1,Sticher Linen,STANDARD,Sticher,Stitcher Linen
Sticher Wareroom,1,Sticher Wareroom,UNCHANGED,Sticher,Stitcher Wareroom
Sticther Hem,1,Sticther Hem,UNCHANGED,Sticther,Stitcher Hem
Stillrom Maid Domestic Servant,1,Stillrom Maid Domestic Servant,UNCHANGED,Stillrom,Stillroom Maid Domestic Servant
Stoaker Gas Works,1,Stoaker Gas Works,UNCHANGED,Stoaker,Stoker Gas Works
Stock Brockar,1,Stock Brockar,UNCHANGED,Brockar,Stock Broker
Stock Brocker,1,Stock Brocker,UNCHANGED,Brocker,Stock Broker
Stone Brcaker,1,Stone Brcaker,UNCHANGED,Brcaker,Stone Breaker
Stone Cutte,1,Stone Cutte,UNCHANGED,Cutte,Stone Cutter
Stone Cutter Unimployed,1,Stone Cutter Unimployed,UNCHANGED,Unimployed,Stone Cutter Unemployed
Stone Dreser,1,Stone Dreser,UNCHANGED,Dreser,Stone Dresser
Stone Dressar,1,Stone Dressar,UNCHANGED,Dressar,Stone Dresser
Stone Masnon Master,1,Stone Masnon Master,UNCHANGED,Masnon,Stone Mason Master
Stone-Breake,1,Stone Breake,NORMALIZATION,Breake,Stone Breaker
Stone-Dresset,1,Stone Dresset,NORMALIZATION,Dresset,Stone Dresser
Stonecutter Unemployd,1,Stonecutter Unemployd,UNCHANGED,Unemployd,Stonecutter Unemployed
Stonemasen,1,Stonemasen,UNCHANGED,Stonemasen,Stonemason
Stonkeeper,1,Stonkeeper,UNCHANGED,Stonkeeper,Shopkeeper
Store Clerke,1,Store Clerke,UNCHANGED,Clerke,Store Clerk
Storker in Gas Works,1,Storker in Gas Works,UNCHANGED,Storker,Stoker in Gas Works
Stowe Breaker,1,Stowe Breaker,UNCHANGED,Stowe,Stone Breaker
Street Singen,1,Street Singen,UNCHANGED,Singen,Street Singer
Stuccs-Man,1,Stuccs Man,NORMALIZATION,Stuccs,Stucco Man
Studant-Theology,1,Studant Theology,NORMALIZATION,Studant,Student Theology
Studen Trinity College Dublin,1,Studen Trinity College Dublin,UNCHANGED,Studen,Student Trinity College Dublin
Student Medecine,1,Student Medecine,STANDARD,Medecine,Student Medicine
Student of Gheology,1,Student of Gheology,UNCHANGED,Gheology,Student of Theology
Student of Sherlogy,1,Student of Sherlogy,UNCHANGED,Sherlogy,Student of Theology
Student of Thcology,1,Student of Thcology,UNCHANGED,Thcology,Student of Theology
Student of Theolgy,1,Student of Theolgy,UNCHANGED,Theolgy,Student of Theology
Student of Theologg,1,Student of Theologg,UNCHANGED,Theologg,Student of Theology
Student of Thrology,1,Student of Thrology,UNCHANGED,Thrology,Student of Theology
Student Theoloy,1,Student Theoloy,UNCHANGED,Theoloy,Student Theology
Student-Medecine,1,Student Medecine,NORMALIZATION,Medecine,Student Medicine
Stward Domestic Servant,1,Stward Domestic Servant,UNCHANGED,Stward,Steward Domestic Servant
Sub Poetmistress,1,Sub Poetmistress,UNCHANGED,Poetmistress,Sub Postmistress
Sub Post Mestress,1,Sub Post Mestress,UNCHANGED,Mestress,Sub Post Mistress
Sub Postmas,1,Sub Postmas,UNCHANGED,Postmas,Sub Postman
Sub Postmastress,1,Sub Postmastress,UNCHANGED,Postmastress,Sub Postmistress
Sub Postmestress,1,Sub Postmestress,UNCHANGED,Postmestress,Sub Postmistress
Sub Postmisstress,1,Sub Postmisstress,UNCHANGED,Postmisstress,Sub Postmistress
Sub Postsmistress,1,Sub Postsmistress,UNCHANGED,Postsmistress,Sub Postmistress
Subt Postman,1,Subt Postman,UNCHANGED,Subt,Sub Postman
Sumnons Server,1,Sumnons Server,UNCHANGED,Sumnons,Summons Server
Sumomons Server,1,Sumomons Server,UNCHANGED,Sumomons,Summons Server
Sumonons Server,1,Sumonons Server,UNCHANGED,Sumonons,Summons Server
Sumons Server,1,Sumons Server,UNCHANGED,Sumons,Summons Server
Surfoceman Road,1,Surfoceman Road,UNCHANGED,Surfoceman,Surfaceman Road
Surveyor (Ordanance),1,Surveyor Ordanance,NORMALIZATION,Ordanance,Surveyor Ordnance
Swall Farmer,1,Swall Farmer,UNCHANGED,Swall,Small Farmer
Tackney Car Driver,1,Tackney Car Driver,UNCHANGED,Tackney,Hackney Car Driver
Tage-Boy,1,Tage Boy,NORMALIZATION,Tage,Page Boy
Taglor,1,Taglor,UNCHANGED,Taglor,Tailor
Tailar Cutter,1,Tailar Cutter,UNCHANGED,Tailar,Tailor Cutter
Taileour,1,Taileour,UNCHANGED,Taileour,Tailor
Tailior,1,Tailior,UNCHANGED,Tailior,Tailor
Tailir,1,Tailir,UNCHANGED,Tailir,Tailor
Tailoe,1,Tailoe,UNCHANGED,Tailoe,Tailor
Tailon,1,Tailon,UNCHANGED,Tailon,Tailor
Tailoor,1,Tailoor,UNCHANGED,Tailoor,Tailor
Tailor Apprentis,1,Tailor Apprentis,UNCHANGED,Apprentis,Tailor Apprentice
Tailor Aprintice,1,Tailor Aprintice,UNCHANGED,Aprintice,Tailor Apprentice
Tailor Evs,1,Tailor Evs,UNCHANGED,Evs,Tailor Ess
Tailor Jaurneman,1,Tailor Jaurneman,UNCHANGED,Jaurneman,Tailor Journeyman
Tailor Journeman,1,Tailor Journeman,UNCHANGED,Journeman,Tailor Journeyman
Tailor Uemployed,1,Tailor Uemployed,UNCHANGED,Uemployed,Tailor Unemployed
Tailor Unimployed,1,Tailor Unimployed,UNCHANGED,Unimployed,Tailor Unemployed
Tailor's Apprentic,1,Tailor's Apprentic,UNCHANGED,Apprentic,Tailor's Apprentice
Tailor's Apprintice,1,Tailor's Apprintice,UNCHANGED,Apprintice,Tailor's Apprentice
Tailor's Aprentice,1,Tailor's Aprentice,UNCHANGED,Aprentice,Tailor's Apprentice
Tailoreases Apprentice,1,Tailoreases Apprentice,UNCHANGED,Tailoreases,Tailoress Apprentice
Tailorers-Vestmaker,1,Tailorers Vestmaker,NORMALIZATION,Tailorers,Tailoress Vestmaker
Tailos,1,Tailos,UNCHANGED,Tailos,Tailor
Tainter,1,Tainter,UNCHANGED,Tainter,Painter
Taiolar,1,Taiolar,UNCHANGED,Taiolar,Tailor
Taiolor,1,Taiolor,UNCHANGED,Taiolor,Tailor
Talior Apprentice,1,Talior Apprentice,UNCHANGED,Talior,Tailor Apprentice
Talior Journeyman,1,Talior Journeyman,UNCHANGED,Talior,Tailor Journeyman
Taliour,1,Taliour,UNCHANGED,Taliour,Tailor
Tallor,1,Tallor,UNCHANGED,Tallor,Tailor
Taloir,1,Taloir,UNCHANGED,Taloir,Tailor
Talor Unimployed,1,Talor Unimployed,UNCHANGED,Talor; Unimployed,Tailor Unemployed
Tandress,1,Tandress,UNCHANGED,Tandress,Laundress
Tardman-Domestic Servant,1,Tardman Domestic Servant,NORMALIZATION,Tardman,Yardman Domestic Servant
Tarlemaid Domestic Servt,1,Tarlemaid Domestic Servant,ABBREVIATION,Tarlemaid,Tablemaid Domestic Servant
Tarm Labourer,1,Tarm Labourer,UNCHANGED,Tarm,Farm Labourer
Tarmer's Daughter,1,Tarmer's Daughter,UNCHANGED,Tarmer's,Farmer's Daughter
Tassol Maker,1,Tassol Maker,UNCHANGED,Tassol,Tassel Maker
Tayloress Apprentice,1,Tayloress Apprentice,UNCHANGED,Tayloress,Tailoress Apprentice
Tea Agant,1,Tea Agant,UNCHANGED,Agant,Tea Agent
Tea Marchant,1,Tea Marchant,UNCHANGED,Marchant,Tea Merchant
Tea Murchant,1,Tea Murchant,UNCHANGED,Murchant,Tea Merchant
Tea Travelar,1,Tea Travelar,UNCHANGED,Travelar,Tea Traveller
Tea Traverller,1,Tea Traverller,UNCHANGED,Traverller,Tea Traveller
Tea Travillar,1,Tea Travillar,UNCHANGED,Travillar,Tea Traveller
Teacher (Mathematices),1,Teacher Mathematices,NORMALIZATION,Mathematices,Teacher Mathematics
Teacher (Mathematies),1,Teacher Mathematies,NORMALIZATION,Mathematies,Teacher Mathematics
Teacher (National Schl),1,Teacher National Schl,NORMALIZATION,Schl,Teacher National Sch
Teacher (Unemployes),1,Teacher Unemployes,NORMALIZATION,Unemployes,Teacher Unemployed
Teacher Enemployed,1,Teacher Enemployed,UNCHANGED,Enemployed,Teacher Unemployed
Teacher N.C.,1,Teacher N.C.,UNCHANGED,N.C,Teacher N.S.
Teacher N.I,1,Teacher N.I,UNCHANGED,N.I,Teacher N.S
Teacher N.S.T,1,Teacher N.S.T,UNCHANGED,N.S.T,Teacher N.S.
Teacher Unempoyed,1,Teacher Unempoyed,UNCHANGED,Unempoyed,Teacher Unemployed
Teanant Farmer,1,Teanant Farmer,UNCHANGED,Teanant,Tenant Farmer
Techer N S,1,Techer N S,UNCHANGED,Techer,Teacher N S
Telagram Messenger,1,Telagram Messenger,UNCHANGED,Telagram,Telegram Messenger
Telagraph Messenger,1,Telagraph Messenger,UNCHANGED,Telagraph,Telegraph Messenger
Telegaph Messenger,1,Telegaph Messenger,UNCHANGED,Telegaph,Telegraph Messenger
Telegarph Messenger,1,Telegarph Messenger,UNCHANGED,Telegarph,Telegraph Messenger
Teleghraph Lineman,1,Teleghraph Lineman,UNCHANGED,Teleghraph,Telegraph Lineman
Teleglaph Messenger,1,Teleglaph Messenger,UNCHANGED,Teleglaph,Telegraph Messenger
Telegragh Clerk,1,Telegragh Clerk,UNCHANGED,Telegragh,Telegraph Clerk
Telegram Messeger,1,Telegram Messeger,UNCHANGED,Messeger,Telegram Messenger
Telegram Messinger,1,Telegram Messinger,UNCHANGED,Messinger,Telegram Messenger
Telegrame Messenger,1,Telegrame Messenger,UNCHANGED,Telegrame,Telegram Messenger
Telegramna Messenger,1,Telegramna Messenger,UNCHANGED,Telegramna,Telegram Messenger
Telegrap Mesenger,1,Telegrap Mesenger,UNCHANGED,Telegrap; Mesenger,Telegraph Messenger
Telegraph Clerke,1,Telegraph Clerke,UNCHANGED,Clerke,Telegraph Clerk
Telegraph Meshenger,1,Telegraph Meshenger,UNCHANGED,Meshenger,Telegraph Messenger
Telegraph Meshinger,1,Telegraph Meshinger,UNCHANGED,Meshinger,Telegraph Messenger
Telegraph messanger,1,Telegraph messanger,UNCHANGED,messanger,Telegraph Messenger
Telegraph Messenget,1,Telegraph Messenget,UNCHANGED,Messenget,Telegraph Messenger
Telegraph Messinger,1,Telegraph Messinger,UNCHANGED,Messinger,Telegraph Messenger
Telegraph Messnger,1,Telegraph Messnger,UNCHANGED,Messnger,Telegraph Messenger
Telegrm Messenger,1,Telegrm Messenger,UNCHANGED,Telegrm,Telegram Messenger
Telegroph Messenger,1,Telegroph Messenger,UNCHANGED,Telegroph,Telegraph Messenger
Telergrah Messenger,1,Telergrah Messenger,UNCHANGED,Telergrah,Telegraph Messenger
Telergram Messenger,1,Telergram Messenger,UNCHANGED,Telergram,Telegram Messenger
Telergraph Messenger,1,Telergraph Messenger,UNCHANGED,Telergraph,Telegraph Messenger
Telgraph Mesenger,1,Telgraph Mesenger,UNCHANGED,Telgraph; Mesenger,Telegraph Messenger
Tellegraph Line Man,1,Tellegraph Line Man,UNCHANGED,Tellegraph,Telegraph Line Man
Telogam Messenger,1,Telogam Messenger,UNCHANGED,Telogam,Telegram Messenger
Temant Farmer,1,Temant Farmer,UNCHANGED,Temant,Tenant Farmer
Tenanant Farmer,1,Tenanant Farmer,UNCHANGED,Tenanant,Tenant Farmer
Tenant Farme,1,Tenant Farme,UNCHANGED,Farme,Tenant Farmer
Tenat Farmer,1,Tenat Farmer,UNCHANGED,Tenat,Tenant Farmer
Tennant Farmers Daughter,1,Tennant Farmer's Daughter,POSSESSIVE,Tennant,Tenant Farmer's Daughter
Tennat Farmer,1,Tennat Farmer,UNCHANGED,Tennat,Tenant Farmer
Tensmith,1,Tensmith,UNCHANGED,Tensmith,Tinsmith
Theater Boy,1,Theater Boy,UNCHANGED,Theater,Heater Boy
Thoeing Smith,1,Thoeing Smith,UNCHANGED,Thoeing,Shoeing Smith
Thread Turister,1,Thread Turister,UNCHANGED,Turister,Thread Twister
Thread Twester,1,Thread Twester,UNCHANGED,Twester,Thread Twister
Thred Store Keeper,1,Thred Storekeeper,COMPOUND_KEEPER,Thred,Thread Storekeeper
Ticket Writen,1,Ticket Writen,UNCHANGED,Writen,Ticket Writer
Tilor,1,Tilor,UNCHANGED,Tilor,Tailor
Timber Mercahant,1,Timber Mercahant,UNCHANGED,Mercahant,Timber Merchant
Timbr Merchant,1,Timbr Merchant,UNCHANGED,Timbr,Timber Merchant
Tinsmyth,1,Tinsmyth,UNCHANGED,Tinsmyth,Tinsmith
Tinsmyth Master,1,Tinsmyth Master,UNCHANGED,Tinsmyth,Tinsmith Master
Tobacca Spinner,1,Tobacca Spinner,UNCHANGED,Tobacca,Tobacco Spinner
Tobaccinst Assistant,1,Tobaccinst Assistant,UNCHANGED,Tobaccinst,Tobacconist Assistant
Tobacco Spenner,1,Tobacco Spenner,UNCHANGED,Spenner,Tobacco Spinner
Tobace Spinner,1,Tobace Spinner,UNCHANGED,Tobace,Tobacco Spinner
Tobaco Pipe Maker,1,Tobaco Pipe Maker,UNCHANGED,Tobaco,Tobacco Pipe Maker
Tobaco Spiner,1,Tobaco Spiner,STANDARD,Tobaco; Spiner,Tobacco Spinner
Tobaco-Spiner,1,Tobaco Spiner,NORMALIZATION,Tobaco; Spiner,Tobacco Spinner
Tobacoa Spinner,1,Tobacoa Spinner,UNCHANGED,Tobacoa,Tobacco Spinner
Tobaconist Assistant,1,Tobaconist Assistant,UNCHANGED,Tobaconist,Tobacconist Assistant
Tobbacco Pipe Maker,1,Tobbacco Pipe Maker,UNCHANGED,Tobbacco,Tobacco Pipe Maker
Tobbaco Spiner,1,Tobbaco Spiner,UNCHANGED,Tobbaco; Spiner,Tobacco Spinner
Tobber Cattle,1,Tobber Cattle,UNCHANGED,Tobber,Jobber Cattle
Tobbocco Spinner,1,Tobbocco Spinner,UNCHANGED,Tobbocco,Tobacco Spinner
Tobcca Spiner,1,Tobcca Spiner,UNCHANGED,Tobcca; Spiner,Tobacco Spinner
Tobcco Spiner,1,Tobcco Spiner,UNCHANGED,Tobcco; Spiner,Tobacco Spinner
Tobocconist Asst,1,Tobocconist Asst,UNCHANGED,Tobocconist,Tobacconist Asst
Toboco Spiner,1,Toboco Spiner,UNCHANGED,Toboco; Spiner,Tobacco Spinner
Toffer in Mill,1,Toffer in Mill,UNCHANGED,Toffer,Doffer in Mill
Toldir,1,Toldir,UNCHANGED,Toldir,Folder
Tomber Yard Labourer,1,Tomber Yard Labourer,UNCHANGED,Tomber,Timber Yard Labourer
Tootman Domestic,1,Tootman Domestic,UNCHANGED,Tootman,Footman Domestic
Toul Dealer,1,Toul Dealer,UNCHANGED,Toul,Foul Dealer
Tourner Out,1,Tourner Out,UNCHANGED,Tourner,Turner Out
Tousekeeper,1,Tousekeeper,UNCHANGED,Tousekeeper,Housekeeper
Towl Flucker,1,Towl Flucker,UNCHANGED,Towl; Flucker,Fowl Plucker
Towl Plucker,1,Towl Plucker,UNCHANGED,Towl,Fowl Plucker
Town Rost Man,1,Town Rost Man,UNCHANGED,Rost,Town Post Man
Trade Corpenter,1,Trade Corpenter,UNCHANGED,Corpenter,Trade Carpenter
Tralor,1,Tralor,UNCHANGED,Tralor,Tailor
Tram Canductor,1,Tram Canductor,UNCHANGED,Canductor,Tram Conductor
Tram Car Condutor,1,Tram Car Condutor,UNCHANGED,Condutor,Tram Car Conductor
Tram Conductar,1,Tram Conductar,UNCHANGED,Conductar,Tram Conductor
Travellar (Hardware),1,Travellar Hardware,NORMALIZATION,Travellar,Traveller Hardware
Travellar Commercial,1,Travellar Commercial,UNCHANGED,Travellar,Traveller Commercial
Traveller (Drapry),1,Traveller Drapry,NORMALIZATION,Drapry,Traveller Drapery
Traveller Commerical,1,Traveller Commerical,UNCHANGED,Commerical,Traveller Commercial
Traviller Pedlar,1,Traviller Pedlar,UNCHANGED,Traviller,Traveller Pedlar
Travller (Pedlar),1,Travller Pedlar,NORMALIZATION,Travller,Traveller Pedlar
Travller Draper,1,Travller Draper,UNCHANGED,Travller,Traveller Draper
Travller Drapery,1,Travller Drapery,UNCHANGED,Travller,Traveller Drapery
Twine Ballar,1,Twine Ballar,UNCHANGED,Ballar,Twine Baller
Uest Maker,1,Uest Maker,UNCHANGED,Uest,Vest Maker
Under Gradute T C D,1,Under Gradute T C D,UNCHANGED,Gradute,Under Graduate T C D
Under Housemaid Domestic Servantn,1,Under Housemaid Domestic Servantn,UNCHANGED,Servantn,Under Housemaid Domestic Servant
Undergraduat R.U.I,1,Undergraduat R.U.I,UNCHANGED,Undergraduat,Undergraduate R.U.I
Undergraduate R.U.F,1,Undergraduate R.U.F,UNCHANGED,R.U.F,Undergraduate R.U.I
Undergraduate R.U.G.,1,Undergraduate R.U.G.,UNCHANGED,R.U.G,Undergraduate R.U.I.
Undergraduate R.U.J.,1,Undergraduate R.U.J.,UNCHANGED,R.U.J,Undergraduate R.U.I.
Undergraduate R.U.S,1,Undergraduate R.U.S,UNCHANGED,R.U.S,Undergraduate R.U.I
Undergraduater R.U.I.,1,Undergraduater R.U.I.,UNCHANGED,Undergraduater,Undergraduate R.U.I.
Undergradute R.A.I.,1,Undergradute R.A.I.,UNCHANGED,Undergradute; R.A.I,Undergraduate R.U.I.
Undergrauate R U I,1,Undergrauate R U I,UNCHANGED,Undergrauate,Undergraduate R U I
Unemployed Domestic Serant,1,Unemployed Domestic Serant,UNCHANGED,Serant,Unemployed Domestic Servant
Unemployed Domestic Servnt,1,Unemployed Domestic Servnt,UNCHANGED,Servnt,Unemployed Domestic Servant
Unemployed General Labourerr,1,Unemployed General Labourerr,UNCHANGED,Labourerr,Unemployed General Labourer
Unemployed Laboure,1,Unemployed Laboure,UNCHANGED,Laboure,Unemployed Labourer
Unemployed Quay Labouer,1,Unemployed Quay Labouer,UNCHANGED,Labouer,Unemployed Quay Labourer
Unimployed Servant Domestic,1,Unimployed Domestic Servant,WORD_ORDER,Unimployed,Unemployed Domestic Servant
Vallet Domestic Servant,1,Vallet Domestic Servant,UNCHANGED,Vallet,Valet Domestic Servant
Van Conducter,1,Van Conducter,UNCHANGED,Conducter,Van Conductor
Van Drived,1,Van Drived,UNCHANGED,Drived,Van Driver
Van Driver Unemplyed,1,Van Driver Unemplyed,UNCHANGED,Unemplyed,Van Driver Unemployed
Van Drivier,1,Van Drivier,UNCHANGED,Drivier,Van Driver
Vann Driver,1,Vann Driver,UNCHANGED,Vann,Van Driver
Vann Man,1,Vann Man,UNCHANGED,Vann,Van Man
Vasher Woman,1,Vasher Woman,UNCHANGED,Vasher,Washer Woman
Vegatable Dealer,1,Vegatable Dealer,UNCHANGED,Vegatable,Vegetable Dealer
Vegetabe Dealer,1,Vegetabe Dealer,UNCHANGED,Vegetabe,Vegetable Dealer
Vesh Maker,1,Vesh Maker,UNCHANGED,Vesh,Vest Maker
Vet Sergeon,1,Vet Sergeon,UNCHANGED,Sergeon,Vet Surgeon
Vetr Surgeon,1,Vetr Surgeon,UNCHANGED,Vetr,Vet Surgeon
Vice Foolder,1,Vice Foolder,UNCHANGED,Foolder,Vice Folder
Vice Tolder,1,Vice Tolder,UNCHANGED,Tolder,Vice Folder
Vig Dealer,1,Vig Dealer,UNCHANGED,Vig,Pig Dealer
Vist Maker,1,Vist Maker,UNCHANGED,Vist,Vest Maker
Vorting Clerk and Telegraphist,1,Vorting Clerk and Telegraphist,UNCHANGED,Vorting,Sorting Clerk and Telegraphist
Wacthman,1,Wacthman,UNCHANGED,Wacthman,Watchman
Waeroom Worker,1,Waeroom Worker,UNCHANGED,Waeroom,Wareroom Worker
Waire Room,1,Waire Room,UNCHANGED,Waire,Ware Room
Wairhouse Man,1,Wairhouse Man,UNCHANGED,Wairhouse,Warehouse Man
Waiter Hotell,1,Waiter Hotell,UNCHANGED,Hotell,Waiter Hotel
Waiteress Domestic,1,Waiteress Domestic,UNCHANGED,Waiteress,Waitress Domestic
Waiteress Unemployed,1,Waiteress Unemployed,UNCHANGED,Waiteress,Waitress Unemployed
Waiteress-Hotel,1,Waiteress Hotel,NORMALIZATION,Waiteress,Waitress Hotel
Waiteress-Restaurant,1,Waiteress Restaurant,NORMALIZATION,Waiteress,Waitress Restaurant
Waitren Domestic Servant,1,Waitren Domestic Servant,UNCHANGED,Waitren,Waiter Domestic Servant
Waitrer Hotel,1,Waitrer Hotel,UNCHANGED,Waitrer,Waiter Hotel
Waitress Domastic Servant,1,Waitress Domastic Servant,UNCHANGED,Domastic,Waitress Domestic Servant
Waitress Domestice,1,Waitress Domestice,UNCHANGED,Domestice,Waitress Domestic
Waitress Rstaurant,1,Waitress Rstaurant,UNCHANGED,Rstaurant,Waitress Restaurant
Waltress-Domestic Servant,1,Waltress Domestic Servant,NORMALIZATION,Waltress,Waitress Domestic Servant
Warder Prison Sevice,1,Warder Prison Sevice,UNCHANGED,Sevice,Warder Prison Service
Ware Hous Porter,1,Ware Hous Porter,UNCHANGED,Hous,Ware House Porter
Warehous Man,1,Warehous Man,UNCHANGED,Warehous,Warehouse Man
Warehouse Machenst,1,Warehouse Machenst,UNCHANGED,Machenst,Warehouse Machinist
Warehouse Machinst,1,Warehouse Machinst,UNCHANGED,Machinst,Warehouse Machinist
Warehousman-Linen Trade,1,Warehousman Linen Trade,NORMALIZATION,Warehousman,Warehouseman Linen Trade
Warehouss Porter,1,Warehouss Porter,UNCHANGED,Warehouss,Warehouse Porter
Wareroome Worker,1,Wareroome Worker,UNCHANGED,Wareroome,Wareroom Worker
Warhouse Man,1,Warhouse Man,UNCHANGED,Warhouse,Warehouse Man
Warhouseman - Drapry,1,Warhouseman Drapry,NORMALIZATION,Warhouseman; Drapry,Warehouseman Drapery
Warsher Woman,1,Warsher Woman,UNCHANGED,Warsher,Washer Woman
Waser,1,Waser,UNCHANGED,Waser,Washer
Wash Wooman,1,Wash Wooman,UNCHANGED,Wooman,Wash Woman
Washer Womaman,1,Washer Womaman,UNCHANGED,Womaman,Washer Woman
Washer Womman,1,Washer Womman,UNCHANGED,Womman,Washer Woman
Washere Woman,1,Washere Woman,UNCHANGED,Washere,Washer Woman
Washern Woman,1,Washern Woman,UNCHANGED,Washern,Washer Woman
Wasker,1,Wasker,UNCHANGED,Wasker,Washer
Wasler,1,Wasler,UNCHANGED,Wasler,Washer
Watch Makere Finisher,1,Watch Makere Finisher,UNCHANGED,Makere,Watch Maker Finisher
Watchaker,1,Watchaker,UNCHANGED,Watchaker,Watchmaker
Water Bailiffe,1,Water Bailiffe,UNCHANGED,Bailiffe,Water Bailiff
Water Balliff,1,Water Balliff,UNCHANGED,Balliff,Water Bailiff
Water Baltiff,1,Water Baltiff,UNCHANGED,Baltiff,Water Bailiff
Water Barliff,1,Water Barliff,UNCHANGED,Barliff,Water Bailiff
Water Vailiff,1,Water Vailiff,UNCHANGED,Vailiff,Water Bailiff
Water-Baliff,1,Water Baliff,NORMALIZATION,Baliff,Water Bailiff
Wathmaker,1,Wathmaker,UNCHANGED,Wathmaker,Watchmaker
Wathman,1,Wathman,UNCHANGED,Wathman,Watchman
Weare Room,1,Weare Room,UNCHANGED,Weare,Ware Room
Weaver Camberic,1,Weaver Camberic,UNCHANGED,Camberic,Weaver Cambric
Weaver Catton,1,Weaver Catton,UNCHANGED,Catton,Weaver Cotton
Weaver Cottan,1,Weaver Cottan,UNCHANGED,Cottan,Weaver Cotton
Weaver Ctton,1,Weaver Ctton,UNCHANGED,Ctton,Weaver Cotton
Weaver Damash,1,Weaver Damash,UNCHANGED,Damash,Weaver Damask
Weaver Damesk,1,Weaver Damesk,UNCHANGED,Damesk,Weaver Damask
Weaver Lambric,1,Weaver Lambric,UNCHANGED,Lambric,Weaver Cambric
Weaver linner,1,Weaver linner,UNCHANGED,linner,Weaver Linnen
Weaver Linnon,1,Weaver Linnon,UNCHANGED,Linnon,Weaver Linnen
"Weaver, Linan",1,"Weaver, Linan",UNCHANGED,Linan,"Weaver, Linen"
Weavour Cotton,1,Weavour Cotton,UNCHANGED,Weavour,Weaver Cotton
Weigd Master,1,Weigd Master,UNCHANGED,Weigd,Weigh Master
Weigh Cerk,1,Weigh Cerk,UNCHANGED,Cerk,Weigh Clerk
Wender in Linen Factory,1,Wender in Linen Factory,UNCHANGED,Wender,Winder in Linen Factory
Wereroom Worker,1,Wereroom Worker,UNCHANGED,Wereroom,Wareroom Worker
Wever Cambric,1,Wever Cambric,UNCHANGED,Wever,Weaver Cambric
Wever of Damask,1,Wever of Damask,UNCHANGED,Wever,Weaver of Damask
Whatchmaker,1,Whatchmaker,UNCHANGED,Whatchmaker,Watchmaker
Wheeleright,1,Wheeleright,UNCHANGED,Wheeleright,Wheelwright
Wholesal Draper Assistant,1,Wholesal Draper Assistant,UNCHANGED,Wholesal,Wholesale Draper Assistant
Whte Worker,1,Whte Worker,UNCHANGED,Whte,White Worker
Wiander (Linen),1,Wiander Linen,NORMALIZATION,Wiander,Winder Linen
Wief,1,Wief,UNCHANGED,Wief,Wife
Wife of Abole,1,Wife of Abole,UNCHANGED,Abole,Wife of Above
Wiffe,1,Wiffe,UNCHANGED,Wiffe,Wife
Winder (Linen Factoy),1,Winder Linen Factoy,NORMALIZATION,Factoy,Winder Linen Factory
Winder in Linen Fractory,1,Winder in Linen Fractory,UNCHANGED,Fractory,Winder in Linen Factory
Windey Yarn,1,Windey Yarn,UNCHANGED,Windey,Winder Yarn
Windner in Mill,1,Windner in Mill,UNCHANGED,Windner,Winder in Mill
Windor Flax,1,Windor Flax,UNCHANGED,Windor,Winder Flax
Wire Woker,1,Wire Woker,UNCHANGED,Woker,Wire Worker
Wol Spinner,1,Wol Spinner,UNCHANGED,Wol,Wool Spinner
Woll Carder,1,Woll Carder,UNCHANGED,Woll,Wool Carder
Woll Weaver and Farmer,1,Woll Weaver and Farmer,UNCHANGED,Woll,Wool Weaver and Farmer
Woll Winder,1,Woll Winder,UNCHANGED,Woll,Wool Winder
Woll-Spinner,1,Woll Spinner,NORMALIZATION,Woll,Wool Spinner
Wood - Carvey,1,Wood Carvey,NORMALIZATION,Carvey,Wood Carver
Wood Tarner,1,Wood Tarner,UNCHANGED,Tarner,Wood Turner
Wood Turmer,1,Wood Turmer,UNCHANGED,Turmer,Wood Turner
Wood Turne,1,Wood Turne,UNCHANGED,Turne,Wood Turner
Wood Turnur,1,Wood Turnur,UNCHANGED,Turnur,Wood Turner
Wood Turter,1,Wood Turter,UNCHANGED,Turter,Wood Turner
Wool Cander,1,Wool Cander,UNCHANGED,Cander,Wool Carder
Wool Soarter,1,Wool Soarter,UNCHANGED,Soarter,Wool Sorter
Wool Spinnir,1,Wool Spinnir,UNCHANGED,Spinnir,Wool Spinner
Wool Spinnor,1,Wool Spinnor,UNCHANGED,Spinnor,Wool Spinner
Wool Spinnr,1,Wool Spinnr,UNCHANGED,Spinnr,Wool Spinner
Wool Spinser,1,Wool Spinser,UNCHANGED,Spinser,Wool Spinner
Wool Weavey Unemployed,1,Wool Weavey Unemployed,UNCHANGED,Weavey,Wool Weaver Unemployed
Woole Spinner,1,Woole Spinner,UNCHANGED,Woole,Wool Spinner
Woolen Spiner,1,Woolen Spiner,UNCHANGED,Woolen; Spiner,Woollen Spinner
Wooll Spiner,1,Wooll Spiner,UNCHANGED,Wooll; Spiner,Wool Spinner
Wooll-Sorter,1,Wooll Sorter,NORMALIZATION,Wooll,Wool Sorter
Wooll-Weaver and Farmer,1,Wooll Weaver and Farmer,NORMALIZATION,Wooll,Wool Weaver and Farmer
Work Misstress,1,Work Misstress,UNCHANGED,Misstress,Work Mistress
Work Mistrees,1,Work Mistrees,UNCHANGED,Mistrees,Work Mistress
Working Houskeeper Domestic Servant,1,Working Houskeeper Domestic Servant,UNCHANGED,Houskeeper,Working Housekeeper Domestic Servant
Workmistress N.School,1,Workmistress N.School,UNCHANGED,N.School,Workmistress School
Worper in Linen Factory,1,Worper in Linen Factory,UNCHANGED,Worper,Worker in Linen Factory
Wrag Gatherer,1,Wrag Gatherer,UNCHANGED,Wrag,Rag Gatherer
Wreeler Linen,1,Wreeler Linen,UNCHANGED,Wreeler,Reeler Linen
Yanr Winder,1,Yanr Winder,UNCHANGED,Yanr,Yarn Winder
Yaran Winder,1,Yaran Winder,UNCHANGED,Yaran,Yarn Winder
Yaren Dresser,1,Yaren Dresser,UNCHANGED,Yaren,Yarn Dresser
Yarn Bundeer,1,Yarn Bundeer,UNCHANGED,Bundeer,Yarn Bundler
Yarn Bundeler,1,Yarn Bundeler,UNCHANGED,Bundeler,Yarn Bundler
Yarn Bundlan,1,Yarn Bundlan,UNCHANGED,Bundlan,Yarn Bundler
Yarn Bundlear,1,Yarn Bundlear,UNCHANGED,Bundlear,Yarn Bundler
Yarn Bundlener,1,Yarn Bundlener,UNCHANGED,Bundlener,Yarn Bundler
Yarn Bundlir,1,Yarn Bundlir,UNCHANGED,Bundlir,Yarn Bundler
Yarn Bundter,1,Yarn Bundter,UNCHANGED,Bundter,Yarn Bundler
Yarn Drawr,1,Yarn Drawr,UNCHANGED,Drawr,Yarn Drawer
Yarn Dreeser,1,Yarn Dreeser,UNCHANGED,Dreeser,Yarn Dresser
Yarn Dreser,1,Yarn Dreser,UNCHANGED,Dreser,Yarn Dresser
Yarn Drsser,1,Yarn Drsser,UNCHANGED,Drsser,Yarn Dresser
Yarn Dundler,1,Yarn Dundler,UNCHANGED,Dundler,Yarn Bundler
Yarn Reelir,1,Yarn Reelir,UNCHANGED,Reelir,Yarn Reeler
Yarn Reeller,1,Yarn Reeller,UNCHANGED,Reeller,Yarn Reeler
Yarn Retler,1,Yarn Retler,UNCHANGED,Retler,Yarn Reeler
Yarn Sleacher,1,Yarn Sleacher,UNCHANGED,Sleacher,Yarn Bleacher
Yarn Spinerer,1,Yarn Spinerer,UNCHANGED,Spinerer,Yarn Spinner
Yarn Spinne,1,Yarn Spinne,UNCHANGED,Spinne,Yarn Spinner
Yarn Spniner,1,Yarn Spniner,UNCHANGED,Spniner,Yarn Spinner
Yarn Sppiner,1,Yarn Sppiner,UNCHANGED,Sppiner,Yarn Spinner
Yarn Waindar,1,Yarn Waindar,UNCHANGED,Waindar,Yarn Winder
Yarn Wender,1,Yarn Wender,UNCHANGED,Wender,Yarn Winder
Yarn Winden,1,Yarn Winden,UNCHANGED,Winden,Yarn Winder
Yarn Winder Lenen,1,Yarn Winder Lenen,UNCHANGED,Lenen,Yarn Winder Linen
Yarn-Bondler,1,Yarn Bondler,NORMALIZATION,Bondler,Yarn Bundler
Yarnd Winder,1,Yarnd Winder,UNCHANGED,Yarnd,Yarn Winder
Yarne Bundler,1,Yarne Bundler,UNCHANGED,Yarne,Yarn Bundler
Yorn Dresser,1,Yorn Dresser,UNCHANGED,Yorn,Yarn Dresser
Yorn Spinner,1,Yorn Spinner,UNCHANGED,Yorn,Yarn Spinner
Yorn Winder,1,Yorn Winder,STANDARD,Yorn,Yarn Winder
Yorn-Winder,1,Yorn Winder,NORMALIZATION,Yorn,Yarn Winder
Yournalist,1,Yournalist,UNCHANGED,Yournalist,Journalist
