NAME,gender,1996_count,1997_count,1998_count,1999_count,2000_count,count,90sCount
AADAM,M,28,30,49,53,42,1461,202
AARAN,M,21,34,25,22,21,429,123
AARON,M,2511,2497,2512,2151,1969,35569,11640
AARONDEEP,M,12,8,9,10,4,77,43
AARON-JAMES,M,0,3,0,0,0,41,3
AARRON,M,20,26,31,24,16,202,117
AARTI,F,8,7,0,5,5,54,25
ABAGAIL,F,3,3,5,5,5,21,21
ABAS,M,6,3,4,0,0,32,13
ABASS,M,3,0,5,0,0,36,8
ABAYOMI,M,3,5,4,0,3,22,15
ABBA,M,0,0,0,0,0,3,0
ABBAS,M,37,30,47,37,52,907,203
ABBE,F,5,0,0,3,0,14,8
ABBEY,F,249,274,239,231,219,2764,1212
ABBEYGAIL,F,6,11,6,4,6,56,33
ABBEYGALE,F,4,3,0,0,0,13,7
ABBI,F,72,81,72,75,103,1135,403
ABBIE,F,1297,1067,1073,1044,1116,16181,5597
ABBIEGAIL,F,4,3,5,7,4,77,23
ABBIEGALE,F,0,3,0,4,0,14,7
ABBIE-JO,F,0,3,0,0,0,22,3
ABBIE-LEIGH,F,5,3,13,8,3,115,32
ABBIE-LOUISE,F,4,6,3,7,3,59,23
ABBIE-MAE,F,0,0,0,5,0,42,5
ABBIE-MAY,F,0,0,0,3,4,36,7
ABBIE-ROSE,F,0,0,3,0,0,19,3
ABBIGAIL,F,47,50,38,28,40,551,203
ABBIGALE,F,3,8,6,7,4,51,28
ABBIGAYLE,F,5,5,0,3,0,29,13
ABBY,F,276,264,280,286,364,4473,1470
ABBYGAIL,F,8,8,0,6,16,113,38
ABBYGALE,F,0,5,0,0,3,12,8
ABBY-LEIGH,F,0,0,0,5,0,10,5
ABDAL,M,7,0,3,0,0,13,10
ABDALLA,M,0,0,0,6,3,155,9
ABDALLAH,M,7,0,6,12,9,338,34
ABDEL,M,4,4,0,3,6,112,17
ABDELRAHMAN,M,0,0,0,3,0,62,3
ABDI,M,10,11,12,10,10,279,53
ABDIRAHMAN,M,13,10,32,26,25,1129,106
ABDUL,M,201,239,234,227,230,8398,1131
ABDULLA,M,7,11,7,6,5,171,36
ABDULLAH,M,85,97,90,140,151,4949,563
ABDULRAHMAN,M,12,14,19,17,15,835,77
ABE,M,0,0,4,7,5,120,16
ABED,M,0,0,3,0,0,25,3
ABEL,M,9,14,16,10,21,919,70
ABI,F,47,31,30,25,34,1465,167
ABIE,F,3,3,0,4,0,25,10
ABIGAEL,F,6,7,12,5,13,206,43
ABIGAIL,F,2595,2570,2485,2397,2333,43219,12380
ABIGAILE,F,0,8,0,0,0,34,8
ABIGALE,F,18,25,21,14,16,292,94
ABIGAYLE,F,25,25,23,30,22,283,125
ABIMBOLA,F,0,3,0,4,0,32,7
ABIOLA,F,5,0,4,0,0,32,9
ABIR,M,5,3,5,3,5,123,21
ABIR,F,0,6,3,0,0,25,9
ABIRAMI,F,3,3,3,0,0,39,9
ABISOLA,F,4,4,3,0,0,56,11
ABRAHAM,M,40,43,42,42,60,1176,227
ABRAM,M,3,0,0,0,0,46,3
ABRIL,F,0,0,0,0,0,21,0
ABU,M,27,36,39,43,43,891,188
ABY,F,0,3,0,0,0,22,3
ABYGAIL,F,6,8,4,4,7,78,29
ACACIA,F,9,13,12,18,3,383,55
ACE,M,5,5,7,4,3,375,24
ACHILLES,M,0,0,0,0,0,39,0
ADA,F,5,11,4,7,9,6035,36
ADAEZE,F,5,4,4,4,5,140,22
ADAIR,M,0,0,3,0,0,12,3
ADAL,M,6,6,6,0,4,28,22
ADAM,M,4538,4202,3811,3931,3777,72607,20259
ADAMA,F,5,6,0,0,4,114,15
ADAN,M,9,5,3,8,6,236,31
ADANNA,F,0,0,6,3,0,104,9
ADAR,M,0,0,0,0,0,61,0
ADARA,F,0,3,6,0,5,70,14
ADDISON,M,13,4,10,14,8,796,49
ADDISON,F,0,0,0,0,3,505,3
ADEBAYO,M,0,5,3,0,4,36,12
ADEEL,M,38,47,35,36,41,500,197
ADEL,M,8,8,10,11,9,205,46
ADEL,F,4,3,0,4,3,56,14
ADELA,F,3,8,5,3,10,264,29
ADELAIDE,F,17,33,17,24,20,675,111
ADELE,F,144,142,165,133,141,1815,725
ADELIA,F,0,0,0,0,0,23,0
ADELIE,F,0,0,0,0,0,8,0
ADELINA,F,0,0,0,4,8,231,12
ADELINE,F,0,6,3,4,7,247,20
ADELL,F,0,0,0,0,0,6,0
ADELLA,F,3,0,0,0,4,18,7
ADELLE,F,24,21,23,13,17,237,98
ADEM,M,19,20,19,20,25,521,103
ADEMIDE,M,0,0,0,0,0,25,0
ADEMOLA,M,3,4,5,5,0,82,17
ADEN,M,23,16,18,22,25,835,104
ADENIKE,F,3,0,4,0,4,46,11
ADENIYI,M,0,0,0,4,0,7,4
ADEOLA,F,12,5,5,7,6,116,35
ADERINOLA,F,0,0,0,0,0,3,0
ADERONKE,F,0,5,0,0,0,16,5
ADESIRE,F,0,0,0,0,0,3,0
ADETOKUNBO,F,0,0,0,0,0,3,0
ADETUNJI,M,0,0,0,0,0,3,0
ADETUTU,F,0,0,4,0,0,7,4
ADEWALE,M,0,3,0,4,3,37,10
ADEWUMI,M,0,0,0,0,0,3,0
ADEYINKA,M,0,0,0,3,0,3,3
ADHAM,M,10,4,9,12,8,174,43
ADHVIK,M,0,0,0,0,0,5,0
ADI,M,0,3,0,4,0,122,7
ADI,F,3,0,3,3,5,87,14
ADIA,F,0,0,0,0,0,52,0
ADIB,M,0,5,3,4,3,63,15
ADIBA,F,8,0,8,10,10,178,36
ADIE,M,0,0,0,0,0,15,0
ADIL,M,88,119,115,101,115,1790,538
ADILA,F,3,5,6,6,4,57,24
ADILAH,F,4,5,6,3,0,26,18
ADINA,F,20,19,21,19,19,326,98
ADISA,F,0,0,0,0,3,9,3
ADITI,F,3,5,7,5,9,367,29
ADITYA,M,0,10,13,9,10,615,42
ADJOA,F,4,4,0,4,0,31,12
ADLEY,M,3,0,0,0,0,48,3
ADNA,F,0,0,4,0,4,120,8
ADNAAN,M,13,15,16,14,23,224,81
ADNAN,M,57,45,56,61,60,1138,279
ADON,M,0,5,0,0,4,55,9
ADONIA,F,0,3,0,0,4,14,7
ADONIS,M,0,0,3,3,3,80,9
ADREES,M,0,3,4,4,4,18,15
ADRIAN,M,155,143,113,113,120,11314,644
ADRIANA,F,10,20,21,18,26,933,95
ADRIANE,F,4,0,0,0,0,4,4
ADRIANNA,F,8,11,10,5,9,434,43
ADRIANNE,F,18,15,8,12,6,79,59
ADRIANO,M,7,4,0,0,3,158,14
ADRIEL,M,0,0,0,0,0,176,0
ADRIEN,M,5,5,6,5,5,141,26
ADRIEN,F,0,3,0,0,0,3,3
ADRIENNE,F,40,40,17,17,7,232,121
ADRIS,M,5,6,0,0,0,11,11
ADVIK,M,0,0,0,0,0,67,0
ADVIKA,F,0,0,0,0,0,28,0
ADWIN,M,0,0,0,0,0,4,0
ADWOA,F,0,0,4,4,0,58,8
ADY,M,0,0,0,0,0,9,0
AEDAN,M,10,8,7,12,14,340,51
AEDEN,M,0,0,0,0,3,13,3
AEMILIA,F,0,0,4,6,0,43,10
AENGUS,M,0,4,6,3,0,19,13
AERIN,F,0,3,0,0,5,73,8
AERITH,F,0,0,0,0,0,4,0
AERON,M,10,9,9,10,9,223,47
AESHA,F,3,6,0,0,0,34,9
AFEEFAH,F,0,5,0,4,4,79,13
AFIA,F,0,6,6,7,6,259,25
AFIFA,F,9,3,6,3,3,107,24
AFIFAH,F,4,3,4,3,6,92,20
AFIYA,F,3,0,3,4,0,102,10
AFIYAH,F,0,6,3,0,0,109,9
AFNAN,F,0,4,0,7,5,153,16
AFOLABI,M,4,4,0,0,0,23,8
AFON,M,0,0,0,0,0,3,0
AFONSO,M,0,0,0,0,0,87,0
AFRA,F,9,4,0,7,5,99,25
AFRAH,F,5,0,0,0,4,87,9
AFREEN,F,4,9,14,9,11,283,47
AFRICA,F,0,3,0,0,4,20,7
AFRIDA,F,0,0,0,0,4,7,4
AFRIN,F,0,0,3,3,3,58,9
AFSA,F,0,0,0,4,4,100,8
AFSANA,F,22,22,30,28,19,340,121
AFSHA,F,4,4,9,4,4,69,25
AFSHAH,F,0,4,3,4,0,14,11
AFSHAN,F,3,4,5,0,0,25,12
AFSHEEN,F,4,3,5,0,0,86,12
AFTAB,M,0,3,0,4,6,40,13
AFTON,F,0,0,4,0,3,7,7
AFUA,F,5,0,5,7,0,62,17
AFZAAL,M,0,3,0,3,3,9,9
AFZAL,M,6,6,5,7,5,76,29
AGATA,F,0,0,0,0,3,289,3
AGATHA,F,10,12,10,15,23,604,70
AGGIE,F,0,0,0,0,0,3,0
AGNES,F,8,25,21,20,26,5802,100
AGNESA,F,0,0,3,0,0,14,3
AGNIUS,M,0,0,0,0,0,3,0
AGRON,M,0,0,0,0,0,3,0
AHAD,M,6,10,6,3,5,281,30
AHAMED,M,4,0,3,0,0,30,7
AHARON,M,5,7,4,0,3,115,19
AHLAM,F,6,6,4,7,10,250,33
AHMAD,M,57,51,49,60,64,2331,281
AHMAR,M,0,0,0,0,0,7,0
AHMED,M,206,174,187,201,177,5642,945
AHMET,M,18,19,14,15,22,351,88
AHRON,M,0,0,0,6,3,64,9
AHSAN,M,17,23,18,10,19,406,87
AIBHLINN,F,0,0,0,0,0,28,0
AICHA,F,3,9,11,9,5,262,37
AIDA,F,7,4,7,6,5,332,29
AIDAN,M,680,732,712,748,741,14149,3613
AIDAN,F,0,0,0,4,3,15,7
AIDEEN,F,4,3,5,0,0,26,12
AIDEN,M,354,350,387,422,386,11448,1899
AIDEN,F,0,0,4,0,0,7,4
AIESHA,F,10,10,4,11,13,221,48
AILA,F,0,4,0,6,0,467,10
AILBHE,M,0,0,0,0,0,3,0
AILEEN,F,12,9,10,3,6,132,40
AILIDH,F,3,0,0,0,0,3,3
AILIN,F,0,0,0,0,0,3,0
AILIS,F,11,7,12,11,10,86,51
AILISE,F,3,0,0,0,0,3,3
AILISH,F,38,47,28,26,22,321,161
AILISHA,F,0,3,3,0,5,11,11
AILSA,F,34,37,41,37,30,553,179
AIMA,F,3,4,3,0,0,130,10
AIMAN,F,3,3,0,4,7,159,17
AIMAN,M,4,8,5,6,4,151,27
AIME,F,7,4,7,6,8,81,32
AIMEE,F,876,968,809,777,719,16025,4149
AIMEE-LEIGH,F,4,6,9,5,0,225,24
AIMEE-LOUISE,F,4,5,6,0,4,97,19
AIMEN,F,0,0,0,3,3,116,6
AIMEN,M,4,0,0,0,3,34,7
AIMI,F,3,0,0,3,0,35,6
AIMIE,F,20,17,23,16,23,304,99
AIMY,F,0,3,0,0,0,11,3
AINE,F,36,36,26,28,43,619,169
AINSLEIGH,F,4,3,0,0,0,7,7
AINSLEY,M,43,52,22,17,11,253,145
AINSLEY,F,13,5,3,5,0,54,26
AISHA,F,328,351,356,350,376,9703,1761
AISHAH,F,54,80,73,79,81,1440,367
A'ISHAH,F,0,0,4,4,3,80,11
AISHANI,F,0,0,0,0,3,80,3
AISHAT,F,4,9,3,5,8,132,29
AISHIA,F,6,0,3,0,4,16,13
AISHLING,F,5,4,8,3,3,23,23
AISHWARYA,F,0,4,7,7,8,138,26
AISLA,F,0,0,3,0,0,63,3
AISLIN,F,0,0,0,15,0,42,15
AISLING,F,70,56,81,77,69,778,353
AISLINN,F,14,17,22,21,15,182,89
AISSATOU,F,0,0,0,0,0,41,0
AISTE,F,0,0,0,0,0,33,0
AIYANA,F,0,3,0,4,11,250,18
AIYSHA,F,24,20,22,18,21,245,105
AIZA,F,3,0,0,0,14,1242,17
AJA,F,4,4,3,0,0,22,11
AJANI,M,3,4,0,0,4,88,11
AJAX,M,0,0,0,0,0,3,0
AJAY,M,50,57,61,74,79,1494,321
AJEET,M,0,0,3,0,6,78,9
AJI,F,0,4,0,0,7,46,11
AJIT,M,3,0,0,3,3,63,9
AJMAL,M,13,11,4,6,10,104,44
AJUNI,F,0,0,0,0,0,25,0
AKAASH,M,19,11,7,8,7,126,52
AKASH,M,57,39,48,41,35,524,220
AKASHA,F,3,0,4,6,9,65,22
AKBAR,M,16,11,12,10,11,180,60
AKEEB,M,4,3,6,5,5,23,23
AKEEL,M,14,23,11,17,15,219,80
AKEEM,M,27,19,23,16,14,284,99
AKHIL,M,9,5,10,4,9,149,37
AKHTAR,M,4,0,0,0,3,10,7
AKIB,M,5,5,5,5,6,62,26
AKIEL,M,3,0,3,0,3,12,9
AKIF,M,6,3,5,3,8,114,25
AKIL,M,4,9,6,4,7,98,30
AKILA,F,3,0,0,0,5,30,8
AKILAH,F,5,3,0,0,4,62,12
AKIM,M,4,0,0,5,5,52,14
AKIN,M,3,4,5,0,0,48,12
AKINTUNDE,M,3,0,0,0,0,12,3
AKIRA,F,7,0,7,12,7,311,33
AKIRA,M,6,9,7,12,4,153,38
AKISHA,F,0,0,0,4,0,7,4
AKIVA,M,0,3,4,4,5,146,16
AKLIMA,F,5,9,4,7,7,64,32
AKMAL,M,0,6,4,8,0,62,18
AKOSUA,F,3,5,0,5,5,83,18
AKRAM,M,7,6,9,9,13,384,44
AKSA,F,11,14,15,13,17,185,70
AKSAH,F,0,5,7,0,6,39,18
AKSHAR,M,0,0,0,5,3,53,8
AKSHAY,M,51,26,24,23,16,405,140
AKUA,F,0,3,0,3,7,90,13
AL,M,10,5,9,6,13,200,43
AL,F,0,0,0,7,0,24,7
ALAA,F,5,8,7,5,4,282,29
ALAA,M,4,3,4,6,0,27,17
ALABAMA,F,0,5,0,3,0,17,8
ALAIN,M,4,0,4,4,0,44,12
ALAINA,F,7,7,7,12,10,423,43
ALAMIN,M,9,0,0,0,5,31,14
ALAN,M,209,182,167,132,108,33184,798
ALANA,F,170,215,157,179,133,4234,854
ALANAH,F,24,36,32,28,27,550,147
ALANIS,F,31,37,31,30,23,332,152
ALANNA,F,43,51,53,45,42,1309,234
ALANNAH,F,85,91,73,69,85,1662,403
ALANNIS,F,3,5,3,0,0,17,11
ALANTA,F,17,10,9,5,4,85,45
ALANTIS,F,0,0,0,0,0,7,0
ALANYA,F,13,4,18,8,10,182,53
ALARA,F,0,3,0,4,5,388,12
ALARIC,M,0,3,3,0,4,59,10
ALARNA,F,11,6,9,11,13,299,50
ALASDAIR,M,71,69,63,46,63,687,312
ALASKA,F,3,3,0,5,0,91,11
ALASTAIR,M,166,125,115,102,83,1377,591
ALAW,F,4,14,11,8,13,261,50
ALAYA,F,3,5,3,6,0,188,17
ALAYAH,F,0,3,0,0,0,173,3
ALAYNA,F,3,6,6,10,8,814,33
ALBA,F,5,6,12,4,7,817,34
ALBAN,M,0,6,5,12,11,204,34
ALBANY,F,6,5,4,8,0,66,23
ALBERT,M,110,119,87,119,98,27430,533
ALBERTA,F,5,0,3,7,5,96,20
ALBERTO,M,4,5,0,8,5,230,22
ALBI,M,0,3,5,0,0,203,8
ALBIE,M,17,16,23,22,29,3012,107
ALBIN,M,0,0,0,3,6,76,9
ALBINA,F,0,0,0,4,5,29,9
ALBION,M,3,4,0,4,4,151,15
ALBIONA,F,0,0,0,3,0,6,3
ALBUS,M,0,0,0,0,0,4,0
ALBY,M,5,8,12,5,3,417,33
ALDEN,M,4,0,0,5,0,79,9
ALDIN,M,0,0,0,0,0,6,0
ALDO,M,0,3,0,4,0,88,7
ALDOUS,M,0,0,0,0,0,4,0
ALDRICH,M,0,0,0,0,0,6,0
ALDRIN,M,0,0,0,0,0,10,0
ALEA,F,0,0,0,0,0,98,0
ALEAH,F,14,9,13,8,7,383,51
ALEASHA,F,9,9,10,4,14,161,46
ALEC,M,109,108,92,93,85,3336,487
ALECIA,F,7,8,6,9,12,232,42
ALED,M,69,78,72,60,46,857,325
ALEECE,F,0,0,0,0,0,6,0
ALEEM,M,9,5,8,7,13,192,42
ALEEMA,F,14,12,16,14,10,206,66
ALEEN,F,0,0,0,0,0,67,0
ALEENA,F,30,71,60,57,67,3439,285
ALEESA,F,0,0,0,0,0,100,0
ALEESHA,F,23,24,23,24,23,918,117
ALEEZA,F,0,6,4,11,5,1243,26
ALEIGHA,F,3,0,4,3,0,182,10
ALEISHA,F,29,31,34,25,26,779,145
ALEJANDRA,F,0,6,6,5,3,88,20
ALEJANDRO,M,9,8,19,13,20,483,69
ALEK,M,0,0,0,0,3,55,3
ALEKSANDAR,M,3,5,5,12,10,203,35
ALEKSANDER,M,9,7,8,6,11,1297,41
ALEKSANDR,M,0,0,0,0,0,173,0
ALEKSANDRA,F,3,6,3,7,15,1245,34
ALEN,M,0,0,0,3,3,66,6
ALENA,F,12,14,6,19,12,359,63
ALERO,F,3,0,0,0,0,15,3
ALESHA,F,22,26,22,34,21,2568,125
ALESHIA,F,0,8,7,5,0,83,20
ALESI,F,3,4,5,0,0,16,12
ALESIA,F,0,0,3,3,5,160,11
ALESSANDRA,F,23,30,22,19,13,415,107
ALESSANDRO,M,37,47,54,45,61,1076,244
ALESSI,F,3,0,4,0,0,7,7
ALESSIA,F,12,21,22,26,32,1026,113
ALESSIO,M,12,15,12,15,12,422,66
ALETHEA,F,5,7,8,10,12,197,42
ALETIA,F,0,0,3,0,0,6,3
ALEX,M,1762,1747,1627,1567,1427,29935,8130
ALEX,F,274,247,243,209,229,2957,1202
ALEXA,F,32,34,38,33,29,3419,166
ALEXANDA,M,5,4,7,4,5,66,25
ALEXANDAR,M,0,3,0,0,0,48,3
ALEXANDER,M,4840,4698,4460,3951,3570,85580,21519
ALEXANDRA,F,1595,1381,1290,1114,1049,19405,6429
ALEXANDRE,M,26,38,22,34,39,718,159
ALEXANDREA,F,10,8,6,5,8,69,37
ALEXANDRIA,F,78,88,87,85,80,1087,418
ALEXANDRO,M,0,5,0,0,0,56,5
ALEXANDROS,M,18,27,16,23,24,481,108
ALEXANDRU,M,3,0,0,0,4,543,7
ALEXEI,M,5,9,8,6,3,180,31
ALEXI,F,0,0,0,0,0,365,0
ALEXI,M,7,0,3,4,4,100,18
ALEXIA,F,42,44,52,75,68,3306,281
ALEXIE,F,0,0,0,3,0,267,3
ALEXINA,F,0,4,4,0,0,14,8
ALEXIS,F,56,52,44,60,63,4876,275
ALEXIS,M,19,15,10,21,8,399,73
ALEXUS,F,0,0,0,0,3,166,3
ALEXZANDER,M,4,0,0,4,5,97,13
ALEYA,F,0,4,4,0,0,87,8
ALEYNA,F,3,3,7,5,4,320,22
ALEYSHA,F,6,10,7,7,12,128,42
ALF,M,4,0,3,0,6,47,13
ALFI,M,0,3,3,9,0,117,15
ALFIE,M,372,565,808,899,1142,62950,3786
ALFIE,F,0,0,5,0,0,20,5
ALFIE-JAMES,M,0,0,0,0,0,307,0
ALFIE-JOE,M,0,0,0,0,0,96,0
ALFIE-LEE,M,0,0,0,0,0,263,0
ALFONSO,M,0,4,0,0,0,88,4
ALFRED,M,142,169,193,234,272,22487,1010
ALFREDO,M,3,4,5,4,5,114,21
ALFY,M,0,0,4,4,5,99,13
ALGERNON,M,0,0,0,0,0,11,0
ALI,M,218,222,209,288,276,7454,1213
ALI,F,0,0,0,3,0,16,3
ALIA,F,32,31,35,47,46,887,191
ALIAH,F,5,7,5,7,5,139,29
ALICA,F,0,0,0,0,0,40,0
ALICAN,M,4,3,0,0,5,21,12
ALICE,F,2357,2259,2143,1962,1909,49691,10630
ALICEA,F,5,0,3,0,0,20,8
ALICE-LOUISE,F,3,0,0,0,0,3,3
ALICE-ROSE,F,0,0,0,5,0,44,5
ALICIA,F,504,606,659,640,583,11626,2992
ALICJA,F,6,7,4,4,5,1280,26
ALICK,M,3,0,0,0,0,15,3
ALIDA,F,4,0,0,0,0,7,4
ALIDIA,F,0,0,3,0,0,3,3
ALIESHA,F,12,10,11,10,9,249,52
ALIEU,M,0,3,0,0,4,124,7
ALIKA,F,0,0,5,3,4,68,12
ALIM,M,10,3,6,0,5,119,24
ALIMA,F,16,12,18,12,22,305,80
ALIMAH,F,0,4,0,4,5,84,13
ALINA,F,42,70,53,55,68,2094,288
ALINE,F,0,3,0,0,3,53,6
ALIS,F,4,3,4,0,4,110,15
ALISA,F,18,16,17,22,21,739,94
ALISCIA,F,0,0,3,0,0,12,3
ALISDAIR,M,9,9,9,14,6,98,47
ALISE,F,4,0,3,0,4,174,11
ALISHA,F,363,816,740,762,642,13304,3323
ALISHAH,F,3,10,5,7,10,149,35
ALISHA-MARIE,F,0,3,3,0,0,29,6
ALISHAN,M,0,0,0,0,4,7,4
ALISHBA,F,4,0,3,6,7,1209,20
ALISHIA,F,17,22,25,24,28,276,116
ALISIA,F,8,7,9,8,9,309,41
ALISON,F,181,140,118,102,74,10337,615
ALISSA,F,18,18,13,24,24,853,97
ALISSIA,F,4,5,0,4,6,426,19
ALISTAIR,M,294,237,240,185,151,2734,1107
ALISTER,M,30,16,25,13,17,260,101
ALITA,F,0,0,0,0,4,12,4
ALIVIA,F,5,0,12,27,23,734,67
ALIX,F,106,85,73,58,74,822,396
ALIX,M,22,18,15,16,10,189,81
ALIXANDRA,F,7,3,5,3,0,30,18
ALIYA,F,56,35,51,56,49,1555,247
ALIYAH,F,61,80,78,120,150,3417,489
ALIYSHA,F,4,0,3,0,0,30,7
ALIYYAH,F,4,5,5,6,6,109,26
ALIZA,F,3,6,11,10,11,1775,41
ALIZE,F,0,0,3,0,0,40,3
ALLAN,M,37,36,29,27,16,6484,145
ALLANA,F,11,20,17,26,16,338,90
ALLANAH,F,17,14,20,19,13,237,83
ALLANNA,F,0,5,4,0,0,12,9
ALLANNAH,F,3,0,0,6,0,59,9
ALLEGRA,F,9,9,11,10,18,604,57
ALLEN,M,10,7,5,8,10,190,40
ALLESSE,F,0,0,0,4,3,7,7
ALLI,F,0,0,0,3,0,3,3
ALLIE,F,6,9,6,7,6,142,34
ALLISHA,F,0,3,6,5,6,49,20
ALLISON,F,6,9,8,14,10,138,47
ALLISSA,F,0,0,0,0,0,18,0
ALLISTAIR,M,0,3,0,0,0,3,3
ALLISTER,M,9,6,3,0,0,70,18
ALLIYAH,F,4,16,9,6,12,203,47
ALLY,F,0,0,7,19,14,174,40
ALLY,M,3,6,5,6,4,78,24
ALLYSHA,F,15,5,5,3,0,48,28
ALLYSON,F,6,0,3,4,0,38,13
ALMA,F,7,6,7,4,6,1077,30
ALMAAS,F,0,6,3,3,3,45,15
ALMAS,F,8,8,6,6,6,128,34
ALMIR,M,0,0,0,3,0,51,3
ALMIRA,F,0,0,0,4,5,73,9
ALOM,M,0,0,0,3,0,3,3
ALON,M,0,0,0,4,0,12,4
ALONSO,M,0,0,0,0,0,65,0
ALOYSIUS,M,0,0,0,0,0,3,0
ALPER,M,0,3,4,0,3,59,10
ALPHIE,M,0,0,0,0,4,39,4
ALPHONSA,F,0,0,0,0,0,15,0
ALPHONSE,M,0,0,0,0,0,19,0
ALPHONSO,M,0,0,0,3,0,3,3
ALPHONSUS,M,0,0,0,0,0,4,0
ALTHEA,F,4,4,0,7,3,152,18
ALTON,M,0,0,0,3,0,16,3
ALUN,M,12,13,12,12,9,94,58
ALVARO,M,4,3,4,0,3,103,14
ALVIN,M,11,16,16,8,11,584,62
ALVINA,F,0,0,0,6,4,107,10
ALWYN,M,8,4,0,0,0,59,12
ALYA,F,4,5,3,9,9,226,30
ALYAAN,M,0,0,0,0,0,61,0
ALYCE,F,22,13,18,12,4,146,69
ALYCIA,F,16,16,16,16,19,269,83
ALYISHA,F,0,0,0,3,0,12,3
ALYN,M,3,0,0,0,0,3,3
ALYS,F,49,44,58,45,53,1086,249
ALYSA,F,0,0,0,3,0,66,3
ALYSHA,F,74,117,99,64,83,1292,437
ALYSHIA,F,10,18,14,8,7,140,57
ALYSIA,F,14,14,19,18,23,528,88
ALYSON,F,9,5,3,0,5,51,22
ALYSSA,F,29,54,48,60,97,4740,288
ALYSSIA,F,12,19,11,14,17,1048,73
ALYX,F,19,24,9,17,24,175,93
ALYX,M,0,0,0,0,0,7,0
ALYXANDRA,F,3,4,0,0,5,15,12
AMA,F,0,9,6,5,6,163,26
AMAAD,M,6,4,7,8,9,130,34
AMAAL,F,0,4,5,0,4,124,13
AMAAN,M,25,26,24,38,110,2543,223
AMAANI,F,3,11,15,9,12,280,50
AMAAR,M,0,6,3,6,6,252,21
AMAARA,F,4,0,3,0,4,119,11
AMAARAH,F,4,4,0,6,7,94,21
AMADEUS,M,0,0,0,0,0,31,0
AMADU,M,0,0,0,0,0,21,0
AMAIA,F,0,0,0,3,4,201,7
AMAL,F,23,34,27,43,43,842,170
AMAL,M,6,6,4,6,0,84,22
AMALIA,F,10,7,13,10,21,589,61
AMALIE,F,7,3,3,5,3,661,21
AMAN,M,38,37,55,62,88,1527,280
AMAN,F,3,7,15,17,14,258,56
AMANA,F,7,11,4,14,8,251,44
AMANDA,F,264,180,146,114,93,11092,797
AMANDEEP,M,32,15,24,19,28,259,118
AMANDEEP,F,42,19,19,27,15,252,122
AMANDINE,F,0,3,0,3,3,57,9
AMANI,F,25,23,38,43,38,1259,167
AMANI,M,5,6,0,6,7,155,24
AMANJOT,M,0,0,4,0,3,13,7
AMANPREET,F,16,10,18,12,24,220,80
AMANPREET,M,0,4,0,3,0,17,7
AMANUEL,M,0,0,0,0,0,18,0
AMANVEER,M,4,3,4,0,0,48,11
AMAR,M,65,74,47,59,45,1007,290
AMARA,F,36,33,27,29,33,1621,158
AMARACHI,F,3,3,3,4,3,180,16
AMARAH,F,11,10,7,15,9,370,52
AMARDEEP,M,15,15,10,14,11,116,65
AMARDEEP,F,5,7,4,0,0,16,16
AMARI,M,6,7,11,9,8,894,41
AMARI,F,0,0,5,0,0,200,5
AMARIS,F,0,0,5,0,3,154,8
AMARIS,M,0,0,0,0,0,3,0
AMARJIT,M,5,3,0,3,0,11,11
AMARNI,F,0,4,6,6,0,81,16
AMARNI,M,0,0,0,3,0,39,3
AMARPAL,M,6,3,0,0,3,15,12
AMARPREET,F,6,0,8,5,0,38,19
AMARVEER,M,3,4,0,3,0,55,10
AMATULLAH,F,0,5,0,6,6,110,17
AMAYA,F,0,6,5,4,12,1835,27
AMBA,F,6,19,14,31,16,298,86
AMBAH,F,0,0,3,0,4,7,7
AMBAR,F,8,7,8,6,9,144,38
AMBER,F,1422,1490,1701,1595,1393,27234,7601
AMBEREEN,F,0,0,0,3,0,3,3
AMBER-JADE,F,3,5,7,6,5,45,26
AMBER-JANE,F,4,0,0,0,0,7,4
AMBER-JAYNE,F,3,0,0,0,0,3,3
AMBERLEA,F,0,0,0,0,3,3,3
AMBER-LEE,F,0,0,4,0,0,4,4
AMBER-LEIGH,F,9,4,7,5,5,94,30
AMBERLEY,F,14,4,5,9,11,168,43
AMBER-LILY,F,0,0,0,0,3,50,3
AMBER-LOUISE,F,12,14,13,8,5,124,52
AMBERLY,F,0,5,0,0,0,26,5
AMBER-MARIE,F,0,5,0,0,0,37,5
AMBER-ROSE,F,10,13,12,13,17,357,65
AMBIA,F,0,5,3,6,4,37,18
AMBIKA,F,4,5,7,8,0,82,24
AMBRA,F,0,0,4,6,5,31,15
AMBREEN,F,13,17,9,9,7,135,55
AMBRIN,F,0,0,5,6,8,37,19
AMBROSE,M,8,4,7,0,7,155,26
AMBROSIA,F,0,0,0,0,0,3,0
AME,F,0,3,0,0,3,15,6
AMEDEO,M,0,3,0,0,0,3,3
AMEE,F,13,12,6,6,5,82,42
AMEEN,M,5,7,14,14,11,355,51
AMEENA,F,18,14,25,22,16,494,95
AMEENAH,F,7,3,10,4,11,169,35
AMEER,M,20,16,22,18,15,489,91
AMEERA,F,15,13,18,15,22,1270,83
AMEERAH,F,4,4,8,10,7,548,33
AMEL,F,4,3,4,5,5,141,21
AMELIA,F,929,1145,1249,1511,1489,65400,6323
AMELIA-GRACE,F,0,0,0,0,0,268,0
AMELIAH,F,0,0,0,0,0,112,0
AMELIA-JANE,F,3,4,5,0,0,101,12
AMELIA-LILLY,F,0,0,0,0,0,101,0
AMELIA-ROSE,F,5,3,4,0,0,1183,12
AMELIE,F,7,7,5,16,12,12341,47
AMELINE,F,0,0,0,0,0,11,0
AMELIYA,F,0,0,0,0,0,61,0
AMENA,F,14,10,14,11,6,212,55
AMENAH,F,3,0,0,5,5,45,13
AMER,M,10,7,9,9,5,127,40
AMERA,F,3,6,5,0,5,146,19
AMETHYST,F,4,3,4,3,0,78,14
AMEY,F,8,5,5,7,4,35,29
AMI,F,68,54,59,54,50,792,285
AMIE,F,297,205,217,203,191,2856,1113
AMIEE,F,30,38,20,19,17,460,124
AMIE-LOUISE,F,4,4,0,3,0,26,11
AMIKA,F,0,0,4,0,0,26,4
AMIL,M,3,0,6,5,3,53,17
AMILAH,F,0,4,0,0,3,149,7
AMILEE,F,0,0,0,0,0,25,0
AMILIA,F,3,0,3,0,4,200,10
AMI-LOUISE,F,4,0,0,0,3,13,7
AMIN,M,19,34,36,29,30,689,148
AMINA,F,151,139,170,183,178,4591,821
AMINAH,F,32,36,48,71,63,2184,250
AMINAT,F,9,11,6,0,3,87,29
AMINATA,F,8,8,6,0,4,241,26
AMINE,M,4,3,3,3,8,156,21
AMINUL,M,3,5,6,4,7,55,25
AMINUR,M,13,0,0,5,0,55,18
AMIR,M,103,98,97,96,81,2320,475
AMIRA,F,33,35,42,39,56,3069,205
AMIRAH,F,21,38,40,50,47,1816,196
AMIRUL,M,3,3,4,0,4,23,14
AMISHA,F,6,8,3,8,6,237,31
AMIT,M,21,11,18,21,12,200,83
AMITY,F,0,0,0,0,0,69,0
AMIYA,F,0,0,0,0,3,225,3
AMJAD,M,6,4,4,0,3,98,17
AMJID,M,0,0,3,0,0,3,3
AMMA,F,0,3,0,0,5,26,8
AMMAAR,M,6,6,8,12,5,301,37
AMMAARAH,F,26,26,35,41,29,401,157
AMMAD,M,0,0,0,5,6,24,11
AMMAN,M,0,0,6,12,17,128,35
AMMAR,M,20,24,30,18,26,708,118
AMMARA,F,13,16,15,9,15,366,68
AMMARAH,F,16,16,26,28,19,492,105
AMMIE,F,6,7,7,0,4,49,24
AMNA,F,27,34,36,42,55,1409,194
AMNAH,F,7,6,3,10,7,191,33
AMOR,M,0,0,0,3,0,3,3
AMORA,F,0,0,0,0,0,24,0
AMOS,M,10,11,8,10,13,466,52
AMR,M,6,3,3,6,3,152,21
AMRA,F,0,4,0,3,0,52,7
AMRAN,F,3,6,0,4,0,70,13
AMRAN,M,4,4,0,4,0,28,12
AMREEN,F,14,17,13,13,10,210,67
AMREET,F,0,0,5,0,4,71,9
AMRIK,M,8,6,9,7,5,82,35
AMRIN,F,4,0,0,4,0,14,8
AMRIT,F,31,28,45,34,29,674,167
AMRIT,M,13,13,21,23,26,364,96
AMRITA,F,32,30,37,35,35,614,169
AMRITPAL,M,7,16,6,6,9,86,44
AMRY,M,0,0,0,0,0,4,0
AMUN,F,3,3,0,7,0,26,13
AMUN,M,0,0,3,6,5,22,14
AMY,F,5206,4666,4311,3881,3646,63777,21710
AMY-BETH,F,0,4,0,0,0,8,4
AMY-JANE,F,8,16,3,6,0,86,33
AMY-JAYNE,F,5,0,4,0,0,25,9
AMY-JO,F,9,5,7,5,10,79,36
AMYLEA,F,0,3,3,0,5,11,11
AMY-LEA,F,3,0,0,4,0,14,7
AMYLEE,F,0,6,0,0,0,36,6
AMY-LEE,F,5,5,3,0,4,102,17
AMYLEIGH,F,5,9,4,5,5,81,28
AMY-LEIGH,F,20,16,14,14,13,335,77
AMY-LOUISE,F,20,40,30,21,29,344,140
AMY-MAY,F,0,3,0,4,0,65,7
AMY-ROSE,F,5,0,3,3,3,105,14
ANA,F,36,45,50,55,62,1834,248
ANABEL,F,7,13,6,12,14,432,52
ANABELL,F,0,0,0,0,0,36,0
ANABELLA,F,0,0,0,0,0,228,0
ANABELLE,F,4,3,8,6,7,715,28
ANAH,F,4,0,5,6,4,124,19
ANAHITA,F,0,0,5,0,3,77,8
ANAIAH,F,0,0,0,0,0,162,0
ANAIS,F,15,20,23,30,86,1812,174
ANAIYA,F,0,0,0,0,3,508,3
ANAKIN,M,0,0,0,0,5,89,5
ANALEIGH,F,0,0,0,0,0,24,0
ANALIESE,F,0,0,0,0,0,22,0
ANALISA,F,0,0,0,0,3,6,3
ANALISE,F,3,0,0,0,11,120,14
ANAM,F,25,29,27,24,18,458,123
ANAMIKA,F,5,0,3,0,0,55,8
ANAN,M,0,0,0,0,3,6,3
ANAND,M,18,9,19,13,12,221,71
ANANYA,F,0,5,4,8,7,472,24
ANAS,M,15,18,24,39,39,1361,135
ANASS,M,0,0,0,6,5,25,11
ANASTACIA,F,0,0,0,0,0,156,0
ANASTASIA,F,113,172,118,110,93,2574,606
ANASTASIJA,F,0,0,0,0,0,89,0
ANASTASIOS,M,4,4,0,0,4,22,12
ANASTAZIA,F,0,5,4,0,0,38,9
ANAYA,F,4,0,4,5,14,2363,27
ANCHAL,F,0,0,0,0,5,5,5
ANDERS,M,7,6,5,4,5,115,27
ANDERSON,M,4,5,8,9,3,291,29
ANDI,M,3,6,0,4,13,125,26
ANDI,F,8,5,7,7,7,93,34
ANDIE,F,11,14,13,20,12,168,70
ANDRADA,F,0,0,0,0,0,20,0
ANDRE,M,167,141,81,109,98,1962,596
ANDREA,F,74,85,95,81,73,5338,408
ANDREA,M,9,0,10,0,12,143,31
ANDREAS,M,64,46,45,53,43,981,251
ANDREI,M,9,7,0,3,6,562,25
ANDREIA,F,3,4,4,7,5,94,23
ANDRES,M,7,6,8,8,11,199,40
ANDREW,M,2676,2220,1808,1497,1267,58900,9468
ANDREY,M,0,0,0,0,4,118,4
ANDRIA,F,0,0,5,0,3,27,8
ANDRIANA,F,4,0,0,0,4,75,8
ANDRIANNA,F,3,3,0,3,0,19,9
ANDRIUS,M,0,0,0,0,0,20,0
ANDRZEJ,M,3,0,5,0,0,74,8
ANDY,M,32,39,14,25,28,729,138
ANEEKA,F,16,17,21,21,28,289,103
ANEEL,M,4,0,0,0,0,15,4
ANEELA,F,14,8,10,9,3,96,44
ANEEQ,M,3,0,7,0,0,80,10
ANEEQA,F,13,12,17,15,12,235,69
ANEEQAH,F,3,0,4,0,0,22,7
ANEES,M,12,13,18,19,19,255,81
ANEESA,F,82,75,64,67,62,904,350
ANEESAH,F,30,36,36,29,36,438,167
ANEESH,M,3,0,3,6,3,72,15
ANEESHA,F,8,10,15,22,11,217,66
ANEEZA,F,0,0,0,4,0,7,4
ANEIL,M,8,0,0,0,0,13,8
ANEIRIN,M,3,5,0,4,4,120,16
ANEKA,F,4,4,7,8,3,52,26
ANELKA,M,0,0,0,3,0,3,3
ANESHA,F,0,5,6,4,0,50,15
ANEST,F,0,4,3,0,4,72,11
ANETA,F,0,0,0,0,3,48,3
ANEURIN,M,16,6,12,11,15,349,60
ANEZKA,F,0,3,0,0,0,21,3
ANFAL,F,0,3,4,0,4,72,11
ANGAD,M,0,3,0,3,0,156,6
ANGE,F,0,0,0,0,0,32,0
ANGE,M,0,0,0,0,3,21,3
ANGEL,F,99,128,189,247,304,7029,967
ANGEL,M,0,0,4,8,9,225,21
ANGELA,F,87,64,70,70,68,13816,359
ANGELENA,F,3,0,0,0,0,3,3
ANGELICA,F,35,31,31,39,39,1124,175
ANGELIKA,F,3,3,0,5,3,235,14
ANGELINA,F,32,26,21,11,30,1791,120
ANGELINE,F,5,0,3,0,7,127,15
ANGELIQUE,F,4,10,6,13,8,175,41
ANGELLE,F,0,0,0,4,0,15,4
ANGELO,M,12,19,16,16,24,853,87
ANGELOS,M,4,0,0,4,0,54,8
ANGEL-ROSE,F,0,0,3,0,0,71,3
ANGHARAD,F,141,90,91,86,60,883,468
ANGIE,F,5,5,6,8,12,129,36
ANGUS,M,247,254,273,236,252,3684,1262
ANH,F,0,0,3,4,0,86,7
ANIA,F,5,4,4,7,17,349,37
ANICA,F,0,0,0,0,4,24,4
ANIELA,F,0,3,6,0,0,243,9
ANIELLA,F,0,3,0,0,0,15,3
ANIKA,F,52,50,77,60,53,1502,292
ANIKE,F,0,4,0,0,0,7,4
ANIL,M,18,26,33,28,29,259,134
ANILA,F,6,6,11,8,9,103,40
ANIQA,F,29,22,20,31,26,306,128
ANIQAH,F,9,9,20,10,9,122,57
ANIRUDH,M,0,0,0,0,0,84,0
ANIS,M,6,5,12,12,12,285,47
ANISA,F,125,142,132,144,143,2222,686
ANISAH,F,59,70,66,67,86,876,348
ANISE,F,0,4,0,0,0,68,4
ANISH,M,28,22,30,18,23,558,121
ANISHA,F,111,86,116,102,107,1532,522
ANISHAH,F,0,0,3,3,3,15,9
ANISSA,F,5,12,9,6,6,178,38
ANITA,F,71,49,56,48,50,3247,274
ANIYA,F,0,0,0,0,0,338,0
ANJA,F,12,13,15,20,24,419,84
ANJALI,F,27,24,34,77,47,892,209
ANJANA,F,5,0,3,3,5,71,16
ANJANI,F,0,0,5,4,0,26,9
ANJELICA,F,4,0,0,0,0,37,4
ANJLI,F,4,0,5,3,0,15,12
ANJOLAOLUWA,F,0,0,5,0,4,153,9
ANJULI,F,3,0,3,0,3,9,9
ANJUM,F,6,6,8,11,8,135,39
ANJUM,M,0,3,3,5,0,14,11
ANJUMA,F,4,6,6,7,9,98,32
ANJUMAN,F,3,0,3,3,0,9,9
ANKIT,M,9,3,0,7,3,79,22
ANKITA,F,6,3,7,0,0,65,16
ANKUR,M,4,0,3,0,0,7,7
ANMOL,F,16,14,11,14,13,226,68
ANMOL,M,0,0,0,5,9,105,14
ANN,F,46,36,42,31,42,18508,197
ANNA,F,1274,1490,1389,1369,1612,28268,7134
ANNABEL,F,380,418,448,415,424,8757,2085
ANNABELL,F,6,9,5,9,10,360,39
ANNABELLA,F,25,17,20,21,18,1349,101
ANNABELLE,F,225,249,232,279,260,9881,1245
ANNABETH,F,0,0,0,0,0,55,0
ANNAIS,F,0,0,0,0,4,9,4
ANNALEA,F,0,5,3,4,0,23,12
ANNALEE,F,8,5,5,0,3,70,21
ANNA-LEE,F,4,4,0,0,0,14,8
ANNALEIGH,F,3,0,0,3,3,81,9
ANNA-LEIGH,F,4,6,8,4,0,54,22
ANNALEISE,F,0,0,3,0,4,67,7
ANNALESE,F,0,3,0,0,0,53,3
ANNALIE,F,0,4,5,4,3,37,16
ANNALIESE,F,8,13,13,6,16,411,56
ANNALISA,F,7,8,8,7,8,150,38
ANNALISE,F,53,58,50,70,97,1821,328
ANNALIZE,F,0,4,0,0,0,10,4
ANNA-LOUISE,F,17,16,15,5,5,117,58
ANNAM,F,7,3,7,9,8,105,34
ANNA-MAE,F,0,3,0,0,0,50,3
ANNAMARIA,F,0,0,0,5,3,59,8
ANNA-MARIA,F,6,6,9,7,9,166,37
ANNAMARIE,F,3,3,6,3,0,26,15
ANNA-MARIE,F,27,12,15,9,10,138,73
ANNA-MAY,F,3,4,0,0,3,54,10
ANNA-ROSE,F,5,3,0,6,6,75,20
ANNASTASIA,F,4,12,8,6,3,56,33
ANNAYA,F,0,0,0,4,0,71,4
ANNE,F,72,62,58,47,63,16596,302
ANNEKA,F,15,18,11,16,13,192,73
ANNEKE,F,0,5,0,5,3,20,13
ANNELIE,F,0,0,0,0,0,50,0
ANNELIESE,F,7,4,11,17,13,291,52
ANNELISE,F,0,3,10,7,9,239,29
ANNEMARIE,F,7,10,4,3,4,65,28
ANNE-MARIE,F,35,38,26,21,21,317,141
ANNEST,F,0,6,4,0,0,22,10
ANNETTE,F,22,10,7,6,5,1636,50
ANNI,F,0,0,3,0,3,123,6
ANNICE,F,6,3,0,5,4,52,18
ANNIE,F,389,423,435,363,366,20502,1976
ANNIE-MAE,F,4,3,3,0,0,86,10
ANNIE-MAY,F,6,5,4,0,8,130,23
ANNIE-ROSE,F,8,10,6,3,0,127,27
ANNIKA,F,14,11,20,17,13,620,75
ANNIS,F,0,10,0,4,5,72,19
ANNISA,F,7,4,0,4,4,32,19
ANNISE,F,0,0,0,0,0,3,0
ANNISHA,F,0,3,0,0,4,13,7
ANNIYAH,F,0,0,0,0,0,267,0
ANNMARIE,F,12,5,9,9,9,132,44
ANN-MARIE,F,28,29,25,18,14,259,114
ANNUM,F,0,3,6,0,0,26,9
ANNYA,F,0,0,0,5,7,68,12
ANOOP,M,0,6,7,7,0,79,20
ANOSH,M,0,0,3,0,0,10,3
ANOUK,F,0,3,0,4,0,238,7
ANOUSHA,F,0,0,0,4,0,77,4
ANOUSHKA,F,17,14,17,25,20,647,93
ANOUSKA,F,13,14,14,19,15,167,75
ANSA,F,9,11,10,7,4,79,41
ANSAR,M,0,4,3,3,0,27,10
ANSEL,M,0,0,0,0,0,62,0
ANSON,M,3,0,0,4,4,95,11
ANTHEA,F,16,9,3,6,3,97,37
ANTHONIA,F,6,0,3,0,6,22,15
ANTHONIE,M,0,0,0,4,0,4,4
ANTHONY,M,1045,948,795,683,635,44697,4106
ANTIGONE,F,0,0,6,0,0,44,6
ANTOINE,M,14,22,20,20,17,346,93
ANTOINETTE,F,29,14,11,8,22,193,84
ANTON,M,76,60,66,66,66,1444,334
ANTONELLA,F,7,4,5,0,0,103,16
ANTONI,M,4,5,4,3,3,1370,19
ANTONIA,F,234,224,228,223,205,2994,1114
ANTONIETTA,F,0,4,4,3,0,15,11
ANTONINA,F,0,0,4,5,3,416,12
ANTONINO,M,0,3,0,4,5,43,12
ANTONIO,M,81,77,82,93,82,1662,415
ANTONY,M,217,172,133,144,113,5739,779
ANTWONE,M,0,0,0,0,0,43,0
ANU,F,3,0,0,0,5,20,8
ANUJ,M,6,4,8,7,10,89,35
ANUM,F,22,28,20,19,13,459,102
ANUOLUWAPO,F,0,4,4,5,3,102,16
ANUOLUWAPO,M,0,3,0,0,0,14,3
ANUSHA,F,9,6,15,13,12,294,55
ANUSHKA,F,4,10,13,17,13,531,57
ANVI,F,0,0,0,0,0,100,0
ANWAR,M,10,14,18,14,11,337,67
ANWEN,F,11,8,10,13,10,527,52
ANWYN,F,0,0,0,0,0,35,0
ANYA,F,117,122,147,210,261,6416,857
AODAN,M,0,0,0,0,3,3,3
AODHAN,M,3,5,5,6,8,130,27
AOIBH,F,0,0,0,0,0,3,0
AOIBHE,F,0,0,0,0,0,38,0
AOIBHEANN,F,0,0,0,0,0,57,0
AOIBHIN,F,0,0,0,0,0,3,0
AOIFE,F,71,90,95,103,110,3154,469
AOIFE-BELLE,F,0,0,0,0,0,8,0
AOIFFE,F,3,0,0,0,0,3,3
APHRA,F,8,3,0,6,0,75,17
APOLLO,M,0,0,0,0,0,53,0
APOLLONIA,F,0,0,3,0,0,20,3
APOLONIA,F,0,0,0,0,0,27,0
APPHIA,F,0,0,0,0,0,26,0
APRIL,F,300,243,197,158,153,3480,1051
APRYL,F,4,4,5,4,0,56,17
AQEEB,M,8,10,14,9,0,61,41
AQEEL,M,16,22,14,18,23,329,93
AQEELA,F,0,0,6,4,0,29,10
AQEELAH,F,0,4,0,3,0,33,7
AQIB,M,60,66,57,38,42,537,263
AQIL,M,5,3,11,8,11,131,38
AQILA,F,0,0,5,3,0,23,8
AQSA,F,32,32,51,51,50,1382,216
AQSAH,F,3,0,5,3,0,29,11
AQUIB,M,4,3,3,0,0,10,10
ARABELLA,F,49,53,55,58,50,3306,265
ARABELLE,F,0,0,0,0,0,82,0
ARAD,M,0,0,0,0,0,41,0
ARAFAT,M,3,3,3,4,0,101,13
ARAMINTA,F,5,7,9,7,10,177,38
ARAN,M,50,30,48,41,40,799,209
ARANDEEP,M,14,16,11,4,6,82,51
ARASH,M,3,4,3,0,0,129,10
ARAYA,F,0,0,0,0,0,100,0
ARBAAZ,M,6,8,16,23,19,138,72
ARBAB,M,0,5,0,8,0,22,13
ARBAZ,M,3,6,9,12,8,64,38
ARBEN,M,0,0,0,0,3,27,3
ARBER,M,0,0,3,12,10,114,25
ARBNOR,M,0,0,0,0,3,3,3
ARCHANA,F,0,4,3,4,6,47,17
ARCHER,M,0,0,0,10,3,689,13
ARCHIBALD,M,17,22,25,28,29,2869,121
ARCHIBOLD,M,0,0,0,0,0,16,0
ARCHIE,M,169,256,373,451,643,35519,1892
ARCHIEBALD,M,0,0,0,0,0,3,0
ARCHIE-JAMES,M,0,0,0,0,0,61,0
ARCHIE-LEE,M,0,0,0,0,0,96,0
ARCHIMEDES,M,0,0,0,0,0,7,0
ARDA,M,3,3,0,0,7,589,13
ARDEN,M,0,0,0,0,0,63,0
ARDEN,F,0,0,0,3,7,30,10
ARDIAN,M,0,0,0,0,3,3,3
ARDIL,M,0,0,0,0,0,42,0
AREEB,M,0,10,6,10,10,294,36
AREEBA,F,6,9,16,20,10,512,61
AREEJ,F,4,0,5,11,8,207,28
AREES,M,0,0,0,4,0,16,4
AREFA,F,0,4,0,0,0,8,4
AREN,M,0,3,4,0,7,132,14
ARES,M,0,0,0,0,0,41,0
ARFA,F,3,0,0,5,3,177,11
ARFAN,M,5,5,5,0,0,63,15
ARHAM,M,0,0,5,3,0,368,8
ARHUM,M,0,0,0,0,0,25,0
ARI,M,5,0,7,3,0,353,15
ARIA,F,5,6,7,4,6,1575,28
ARIA,M,3,0,4,3,4,96,14
ARIADNE,F,0,0,6,6,4,201,16
ARIAH,F,0,0,0,0,0,96,0
ARIAN,M,4,4,9,12,4,428,33
ARIAN,F,3,6,4,0,4,44,17
ARIANA,F,20,21,11,32,22,2353,106
ARIANE,F,19,10,20,13,17,270,79
ARIANNA,F,17,13,27,27,35,1336,119
ARIANNE,F,15,27,18,23,19,371,102
ARIANWEN,F,3,3,0,3,3,90,12
ARIBA,F,4,0,0,0,3,139,7
ARIBAH,F,0,0,4,0,3,179,7
ARIC,M,4,0,0,0,0,12,4
ARIEL,M,6,6,11,0,8,225,31
ARIEL,F,0,0,8,7,6,220,21
ARIELA,F,0,0,0,0,0,69,0
ARIELE,F,0,0,0,0,0,15,0
ARIELLA,F,5,6,6,11,14,646,42
ARIELLE,F,7,3,7,4,12,294,33
ARIENNE,F,0,0,0,0,0,11,0
ARIF,M,22,16,22,25,33,450,118
ARIFA,F,12,4,4,11,6,171,37
ARIFAH,F,0,4,0,4,3,87,11
ARIFUL,M,0,3,3,0,0,17,6
ARIJ,F,0,0,0,6,4,41,10
ARIN,M,0,4,5,0,5,248,14
ARINA,F,0,0,0,3,0,184,3
ARIS,M,0,4,0,0,4,140,8
ARISH,M,0,0,0,0,0,58,0
ARISHA,F,0,0,4,4,7,375,15
ARISSA,F,0,0,0,0,0,411,0
ARIYA,F,0,0,0,0,0,237,0
ARIZONA,F,0,5,4,5,5,62,19
ARJAN,M,19,27,31,24,28,841,129
ARJUN,M,72,83,99,82,84,2604,420
ARLA,F,0,0,0,0,0,93,0
ARLAN,M,0,0,0,0,0,38,0
ARLEN,M,5,5,5,4,3,133,22
ARLENE,F,0,3,0,0,0,17,3
ARLIE,M,0,0,0,0,0,102,0
ARLIND,M,0,0,4,4,11,76,19
ARLINDA,F,0,0,0,0,4,16,4
ARLO,M,0,0,0,3,5,2210,8
ARMAAN,M,14,15,19,17,18,1354,83
ARMAN,M,17,14,23,21,19,701,94
ARMAND,M,4,0,4,5,7,114,20
ARMANDO,M,0,0,0,8,8,142,16
ARMANI,M,8,8,16,12,8,366,52
ARMANI,F,12,5,14,11,12,338,54
ARMARI,M,0,0,0,3,0,3,3
ARMELA,F,0,0,0,0,3,28,3
ARMEN,M,0,0,0,0,0,3,0
ARMIN,M,5,0,3,0,4,117,12
ARNAUD,M,0,4,3,0,0,37,7
ARNAV,M,0,0,0,5,3,481,8
ARNE,M,0,3,0,4,4,33,11
ARNIE,M,8,3,3,5,4,182,23
ARNO,M,0,0,0,0,0,60,0
ARNOLD,M,18,10,15,16,13,3165,72
ARNYA,F,0,0,0,3,0,11,3
ARO,M,0,0,0,0,0,54,0
ARON,M,86,76,81,80,92,1685,415
AROOB,F,0,4,0,4,3,30,11
AROOJ,F,15,11,18,33,30,383,107
AROON,M,6,4,5,0,3,24,18
AROOSA,F,17,19,8,20,11,145,75
AROUSA,F,0,3,0,0,0,3,3
AROUSH,F,0,0,0,0,0,354,0
ARPAD,M,0,0,0,0,0,6,0
ARRABELLA,F,0,0,0,0,0,50,0
ARRAN,M,153,159,130,114,110,1809,666
ARREN,M,0,7,3,5,0,54,15
ARRIANNE,F,4,4,0,0,0,8,8
ARRIE,M,4,0,0,0,0,4,4
ARRIELLA,F,0,0,0,0,0,5,0
ARRIETTY,F,0,0,0,0,0,59,0
ARRON,M,253,199,198,194,155,2100,999
ARRUN,M,0,0,0,3,0,19,3
ARRY,M,7,7,4,4,7,63,29
ARSALAAN,M,6,5,0,3,3,69,17
ARSALAN,M,15,6,12,11,8,188,52
ARSHAD,M,8,5,8,5,7,88,33
ARSLAAN,M,9,4,5,0,6,46,24
ARSLAN,M,13,18,9,15,8,148,63
ART,M,0,5,6,8,5,170,24
ARTE,M,0,0,0,0,0,3,0
ARTEM,M,0,0,0,0,0,84,0
ARTEMIS,F,4,0,6,0,10,160,20
ARTHUR,M,129,143,162,193,161,40055,788
ARTI,F,3,0,4,0,0,10,7
ARTIE,M,0,0,0,0,0,80,0
ARTUR,M,0,3,0,3,3,391,9
ARTURO,M,0,0,3,4,0,87,7
ARTY,M,0,0,0,0,0,16,0
ARUB,F,3,0,4,7,4,32,18
ARUBA,F,3,0,0,0,0,13,3
ARUN,M,72,69,71,73,68,1419,353
ARUNDEEP,M,9,5,8,6,9,87,37
ARUSA,F,5,0,0,7,0,17,12
ARVIN,M,3,8,10,6,10,337,37
ARVIND,M,3,4,6,7,6,113,26
ARVINDER,M,5,4,0,0,3,17,12
ARWA,F,3,4,9,9,6,390,31
ARWEL,M,10,21,6,7,8,83,52
ARWEN,F,0,0,5,0,3,606,8
ARWYN,M,0,0,4,5,0,39,9
ARWYN,F,0,0,0,0,0,36,0
ARYA,F,0,3,0,0,3,1097,6
ARYA,M,4,0,3,5,9,347,21
ARYAMAN,M,0,0,0,0,0,44,0
ARYAN,M,5,5,7,11,20,2637,48
ARYEH,M,3,9,0,0,5,89,17
ARZOO,F,4,13,4,9,7,171,37
ARZU,F,0,0,0,4,4,81,8
ASA,M,36,34,41,26,38,786,175
ASAD,M,43,40,50,62,48,749,243
ASAM,M,5,5,5,8,4,33,27
ASENA,F,0,0,3,4,5,22,12
ASFA,F,0,0,0,3,0,3,3
ASGHAR,M,0,0,0,0,3,9,3
ASH,M,4,0,0,7,10,204,21
ASHA,F,63,65,86,99,80,1422,393
ASHA,M,3,5,4,6,3,69,21
ASHANTI,F,7,0,5,6,4,473,22
ASHANTI,M,0,3,0,0,0,3,3
ASHAR,M,0,0,4,4,3,123,11
ASHBY,M,0,0,0,0,0,11,0
ASHDEN,F,0,0,0,3,0,6,3
ASHDON,M,0,4,0,4,4,188,12
ASHDON,F,4,0,0,0,0,7,4
ASHER,M,37,47,60,55,42,1588,241
ASHER,F,7,10,7,6,5,82,35
ASHFAQ,M,6,3,5,0,0,44,14
ASHFORD,M,3,4,0,0,0,7,7
ASHIA,F,6,9,3,13,8,82,39
ASHIKA,F,4,0,5,4,3,53,16
ASHIL,M,0,0,3,0,0,3,3
ASHIR,M,3,0,3,3,3,55,12
ASHISH,M,7,9,9,6,4,74,35
ASHLEA,F,52,35,28,29,24,370,168
ASHLEA,M,0,3,0,0,0,3,3
ASHLEAH,F,0,3,0,0,0,3,3
ASHLEE,F,34,32,19,17,14,700,116
ASHLEE,M,25,21,16,8,9,171,79
ASHLEEN,F,4,0,0,0,0,71,4
ASHLEIGH,F,1081,857,653,573,437,8481,3601
ASHLEIGH,M,52,41,25,28,18,210,164
ASHLEIGH-JADE,F,3,0,0,0,0,3,3
ASHLEIGH-LOUISE,F,4,0,4,0,0,8,8
ASHLEIGH-MARIE,F,3,0,0,0,0,11,3
ASHLEY,M,1874,1660,1317,850,625,15705,6326
ASHLEY,F,287,200,148,157,138,2462,930
ASHLI,F,0,3,6,0,0,34,9
ASHLIE,F,29,14,14,10,0,183,67
ASHLIE,M,4,0,0,0,0,7,4
ASHLIN,F,0,3,0,8,3,45,14
ASHLIN,M,0,3,0,3,0,22,6
ASHLING,F,0,4,6,7,6,59,23
ASHLY,M,3,0,0,3,0,9,6
ASHLYN,F,7,9,10,19,22,355,67
ASHLYNN,F,0,0,0,0,3,50,3
ASHNA,F,5,0,5,5,5,119,20
ASHNI,F,3,3,5,4,0,54,15
ASHOK,M,3,0,0,0,0,14,3
ASHRAF,M,25,20,11,19,16,281,91
ASHRAFUL,M,5,4,4,0,0,30,13
ASHTON,M,74,63,71,51,48,8410,307
ASHTON,F,37,38,42,27,14,334,158
ASHUR,M,0,0,0,0,0,4,0
ASHVIK,M,0,0,0,0,0,9,0
ASHVIN,M,0,4,3,6,6,138,19
ASHWIN,M,9,10,11,17,16,496,63
ASHWINI,F,0,3,3,4,5,54,15
ASIA,F,30,26,46,28,29,845,159
ASIF,M,30,17,29,15,15,272,106
ASIM,M,62,45,50,51,41,615,249
ASIMA,F,3,0,3,4,0,35,10
ASIYA,F,10,11,11,18,13,730,63
ASIYAH,F,5,3,9,6,5,295,28
ASLAM,M,7,0,6,0,3,23,16
ASLAN,M,0,0,0,3,0,65,3
ASLI,F,5,0,4,3,0,80,12
ASMA,F,47,33,38,32,48,997,198
ASMAA,F,8,13,15,14,16,447,66
ASMAH,F,4,0,0,0,3,23,7
ASMI,F,0,0,0,0,0,11,0
ASPEN,F,0,0,0,0,6,68,6
ASRA,F,0,3,4,3,0,117,10
ASRIEL,M,0,0,0,0,0,4,0
ASSAD,M,6,8,6,6,6,56,32
ASSAM,M,0,0,0,0,0,4,0
ASSAN,M,0,0,0,0,0,11,0
ASSER,M,0,0,0,0,0,4,0
ASSIA,F,3,4,0,0,6,93,13
ASSIM,M,0,0,5,3,0,8,8
ASTEN,M,3,0,0,4,0,19,7
ASTER,F,0,0,0,0,0,34,0
ASTIN,M,0,3,0,0,0,56,3
ASTON,M,51,63,47,54,57,2551,272
ASTON,F,10,8,9,9,10,73,46
ASTRA,F,9,7,0,3,0,30,19
ASTRID,F,14,17,18,22,14,787,85
ASUKA,F,0,0,3,0,0,3,3
ASWIN,M,0,0,0,3,0,57,3
ASYA,F,0,8,4,12,10,284,34
ATALANTA,F,7,5,5,4,5,36,26
ATALIA,F,0,0,3,4,0,30,7
ATALYA,F,0,3,3,0,3,19,9
ATEEQ,M,3,4,5,3,3,53,18
ATENE,F,0,0,0,0,0,35,0
ATHANASIOS,M,0,0,5,3,0,29,8
ATHAR,M,0,0,0,3,0,9,3
ATHEA,F,0,0,0,4,3,28,7
ATHELSTAN,M,0,0,0,0,0,3,0
ATHENA,F,28,27,44,49,51,1177,199
ATHENE,F,4,6,0,3,4,57,17
ATHINA,F,5,4,4,11,9,109,33
ATIA,F,0,4,0,5,0,48,9
ATIF,M,20,21,25,24,14,329,104
ATIFA,F,0,3,0,8,6,75,17
ATIKA,F,4,0,8,0,4,96,16
ATIKAH,F,4,0,4,3,0,32,11
ATILA,M,0,0,0,0,0,6,0
ATILLA,M,0,0,5,0,0,47,5
ATISH,M,0,5,0,0,5,10,10
ATIYA,F,10,10,14,11,17,266,62
ATIYAH,F,5,5,0,5,4,73,19
ATIYYAH,F,6,3,4,5,0,51,18
ATLANTA,F,103,82,63,61,50,615,359
ATLANTIS,F,0,3,0,0,4,26,7
ATLAS,M,0,0,0,0,0,50,0
ATLEY,M,0,0,0,0,0,3,0
ATREYU,M,0,0,0,0,0,12,0
ATTICUS,M,0,0,4,4,3,374,11
ATTILA,M,0,0,0,0,0,71,0
ATTIYA,F,6,0,0,3,6,24,15
ATUL,M,0,0,0,3,0,6,3
AUBREE,F,0,0,0,0,0,252,0
AUBREY,M,6,7,7,7,3,293,30
AUBREY,F,0,0,0,0,0,239,0
AUBRIE,F,0,0,0,0,0,26,0
AUDEN,M,0,0,0,0,0,56,0
AUDREY,F,5,10,14,14,14,9360,57
AUDRIE,F,0,0,0,0,0,3,0
AUGUST,M,3,3,0,0,0,119,6
AUGUST,F,0,6,0,3,0,20,9
AUGUSTA,F,8,8,4,9,6,74,35
AUGUSTAS,M,0,0,0,0,0,82,0
AUGUSTE,F,0,0,0,0,0,102,0
AUGUSTIN,M,4,0,3,4,4,91,15
AUGUSTINE,M,6,4,5,6,6,138,27
AUGUSTUS,M,19,21,13,16,20,359,89
AURA,F,0,0,4,0,3,112,7
AUREL,M,0,0,0,0,3,10,3
AURELIA,F,7,8,10,10,10,1058,45
AURELIE,F,4,0,0,4,0,90,8
AURELIO,M,0,0,0,0,0,41,0
AURIANNA,F,0,0,0,0,0,3,0
AURIEL,F,0,0,0,3,0,6,3
AURIELLA,F,0,0,0,0,0,3,0
AURIKA,F,0,0,0,0,0,3,0
AURON,M,0,0,0,0,0,15,0
AURORA,F,16,16,17,23,22,1660,94
AUSTEN,M,19,26,19,15,12,402,91
AUSTIN,M,65,100,121,116,94,6322,496
AUSTYN,M,4,0,4,0,3,117,11
AUTUMN,F,80,69,67,72,64,2858,352
AVA,F,30,55,51,70,129,30832,335
AVA-GRACE,F,0,0,0,0,0,404,0
AVAIS,M,0,6,3,7,5,41,21
AVA-LEIGH,F,0,0,0,0,0,162,0
AVALON,F,6,7,3,6,11,117,33
AVANGELINE,F,0,0,0,0,0,7,0
AVANI,F,3,4,6,8,11,437,32
AVERIL,F,3,0,0,0,0,3,3
AVERY,F,0,0,3,0,0,187,3
AVERY,M,0,0,0,0,0,151,0
AVI,M,4,7,6,5,6,326,28
AVIE,F,0,0,0,0,0,87,0
AVIEL,M,0,0,0,0,0,6,0
AVIGAIL,F,0,3,0,0,0,28,3
AVIGAYIL,F,0,0,0,0,0,6,0
AVINASH,M,12,10,14,9,5,130,50
AVITA,F,0,3,0,0,0,3,3
AVITAL,F,4,6,0,0,0,49,10
AVIVA,F,0,0,0,0,3,23,3
AVNEET,F,17,13,12,14,9,605,65
AVNI,F,5,10,5,3,6,303,29
AVRAHAM,M,0,4,3,5,5,100,17
AVRAM,M,0,0,0,0,0,87,0
AVRIL,F,5,12,7,5,4,197,33
AVROHOM,M,6,11,10,3,10,218,40
AWAIS,M,50,49,44,59,61,1005,263
AWEL,F,0,3,0,4,6,73,13
AWEN,F,8,0,5,8,5,142,26
AWEN,M,0,0,0,0,0,6,0
AWESOME,M,0,0,0,0,0,11,0
AWO,F,0,3,4,3,0,34,10
AXEL,M,16,16,18,12,12,688,74
AXL,M,5,0,3,0,0,128,8
AXTON,M,3,0,0,0,0,6,3
AYA,F,16,11,17,13,22,1132,79
AYAAN,F,0,4,0,9,0,97,13
AYAH,F,10,10,9,8,13,791,50
AYALA,F,0,0,0,4,3,67,7
AYAN,M,3,0,5,0,0,694,8
AYAN,F,9,13,9,14,17,274,62
AYANA,F,0,4,4,6,6,603,20
AYANNA,F,6,5,11,4,7,257,33
AYASHA,F,0,6,5,0,3,21,14
AYAT,F,0,0,0,3,0,435,3
AYAZ,M,5,7,7,9,6,287,34
AYDAN,M,6,12,6,7,8,256,39
AYDEN,M,27,21,28,23,28,1437,127
AYDIN,M,17,11,13,10,3,689,54
AYEESHA,F,4,4,0,6,0,74,14
AYEISHA,F,5,8,3,4,6,64,26
AYELET,F,0,0,0,0,3,22,3
AYESHA,F,271,220,212,234,210,4788,1147
AYESHAH,F,3,4,4,0,3,62,14
AYESHIA,F,6,3,0,0,0,9,9
AYISHA,F,15,22,22,15,30,322,104
AYLA,F,30,30,26,28,28,2435,142
AYLIN,F,4,8,6,6,6,233,30
AYLISH,F,9,8,4,3,0,27,24
AYLISHA,F,3,3,6,0,0,12,12
AYMAN,M,14,15,30,29,33,1426,121
AYMAN,F,0,6,3,10,13,151,32
AYMEN,M,3,0,3,5,6,257,17
AYNSLEY,M,0,5,0,0,0,5,5
AYNSLEY,F,3,0,0,0,0,3,3
AYOBAMI,M,3,7,3,0,0,66,13
AYODEJI,M,8,6,7,9,9,134,39
AYODELE,M,4,5,3,0,5,71,17
AYODELE,F,3,0,0,0,0,6,3
AYOMIDE,M,11,12,9,12,13,436,57
AYOMIDE,F,9,11,13,10,9,301,52
AYOMIKUN,M,0,0,5,0,3,65,8
AYOMIKUN,F,0,0,3,0,6,40,9
AYOOLA,M,4,0,0,3,0,27,7
AYOTUNDE,M,0,4,4,7,0,40,15
AYOUB,M,6,11,0,8,12,389,37
AYRA,F,0,0,0,0,0,334,0
AYRON,M,0,4,0,0,3,20,7
AYRTON,M,37,37,21,18,25,514,138
AYSE,F,22,24,21,32,26,503,125
AYSEL,F,0,3,0,4,0,30,7
AYSENUR,F,0,0,0,3,0,22,3
AYSHA,F,94,111,114,103,91,1934,513
AYSHE,F,3,4,0,0,0,19,7
AYSHIA,F,0,0,3,0,4,22,7
AYSIA,F,0,0,5,0,3,63,8
AYUB,M,10,7,11,10,23,813,61
AYUSH,M,0,3,0,8,10,420,21
AYUSHI,F,0,0,5,3,6,112,14
AYYUB,M,6,4,4,0,4,312,18
AYZA,F,0,0,0,0,0,83,0
AZAAN,M,0,3,3,11,9,904,26
AZAD,M,6,0,7,4,3,137,20
AZALEA,F,0,0,0,0,0,89,0
AZAM,M,3,3,3,0,4,52,13
AZARA,F,0,0,0,0,3,39,3
AZARIA,F,7,12,9,13,9,248,50
AZARIAH,M,0,0,0,0,0,89,0
AZEEM,M,20,23,20,13,22,290,98
AZEEZ,M,6,3,0,0,3,19,12
AZHAR,M,13,13,12,26,15,198,79
AZHARUL,M,0,0,0,3,0,8,3
AZIA,F,0,0,4,0,0,7,4
AZIAH,M,0,0,0,0,0,41,0
AZIM,M,7,10,6,8,6,113,37
AZIZ,M,7,5,14,7,7,203,40
AZIZA,F,8,3,8,0,5,169,24
AZIZAH,F,0,4,3,0,0,66,7
AZIZUL,M,3,4,0,0,0,7,7
AZIZUR,M,6,3,3,0,4,19,16
AZLAN,M,0,0,0,0,0,140,0
AZMINA,F,4,4,0,3,0,11,11
AZRA,F,6,7,3,5,9,359,30
AZRAA,F,5,0,4,6,0,24,15
AZRAEL,M,0,0,0,0,0,7,0
AZRIEL,M,0,0,0,0,0,24,0
BABAJIDE,M,4,4,0,0,0,14,8
BABAK,M,3,0,0,0,0,12,3
BABAR,M,4,3,3,0,0,16,10
BABATUNDE,M,13,10,3,3,6,79,35
BABITA,F,0,3,0,0,4,7,7
BABOUCARR,M,0,0,3,0,0,30,3
BABY,M,0,0,3,3,0,171,6
BABY,F,3,0,0,5,0,134,8
BADEN,M,4,5,5,3,4,90,21
BADER,M,0,0,6,0,0,58,6
BADR,M,0,0,7,4,0,68,11
BAHAR,F,5,3,3,0,7,115,18
BAHRAM,M,0,3,0,0,0,10,3
BAILA,F,0,0,0,0,3,15,3
BAILEE,M,0,4,3,5,3,181,15
BAILEE,F,0,0,0,0,3,151,3
BAILEIGH,F,0,0,0,0,6,80,6
BAILEIGH,M,0,0,0,0,3,32,3
BAILEY,M,109,283,455,490,719,13857,2056
BAILEY,F,26,36,43,63,79,1604,247
BAILEY-JAMES,M,0,0,0,3,0,56,3
BAILIE,M,0,3,5,5,4,100,17
BAILIE,F,4,5,5,5,6,98,25
BAILLIE,M,0,5,7,7,12,79,31
BAILLIE,F,0,3,4,4,0,22,11
BAILY,M,0,5,5,7,9,105,26
BAKHTAWAR,F,0,0,7,0,0,18,7
BALAL,M,5,11,5,9,6,42,36
BALDEEP,M,5,3,7,0,3,29,18
BALDEEP,F,0,4,0,4,0,8,8
BALDWIN,M,0,0,0,0,0,3,0
BALI,F,0,0,3,0,0,10,3
BALIN,M,0,0,0,0,0,17,0
BALJEET,M,0,0,4,0,5,12,9
BALJINDER,M,3,0,0,3,3,9,9
BALQIS,F,0,0,0,0,0,38,0
BALRAJ,M,16,16,13,20,10,248,75
BALTAZAR,M,0,0,0,0,0,3,0
BALTHAZAR,M,0,0,3,0,0,38,3
BAMBI,F,0,0,0,0,0,3,0
BAMIDELE,M,5,0,0,0,3,23,8
BANA,F,0,0,0,0,0,37,0
BANITA,F,0,4,0,5,3,28,12
BANU,F,0,0,0,0,0,8,0
BAPTISTE,M,0,3,3,0,0,46,6
BARACK,M,0,0,0,0,0,26,0
BARAKA,M,0,0,0,0,0,8,0
BARAN,M,5,4,9,15,20,341,53
BARAN,F,0,0,0,0,0,13,0
BARBARA,F,26,19,13,19,17,21322,94
BARCLAY,M,0,0,3,0,0,55,3
BARDIA,M,0,0,3,0,0,22,3
BARIS,M,7,8,4,8,9,125,36
BARKLEY,M,0,0,0,0,0,52,0
BARLEY,F,0,0,0,0,0,8,0
BARNABAS,M,10,12,14,12,12,285,60
BARNABY,M,113,107,103,94,96,3330,513
BARNEY,M,37,35,17,25,28,1166,142
BARNIE,M,0,0,0,0,0,10,0
BARNY,M,0,3,0,0,0,7,3
BARON,M,0,0,0,4,0,48,4
BARRIE,M,10,0,6,0,0,1559,16
BARRINGTON,M,0,4,0,0,5,12,9
BARRY,M,45,33,34,20,19,12623,151
BART,M,0,0,4,3,0,10,7
BARTEK,M,0,0,0,0,0,87,0
BARTHOLOMEW,M,12,13,8,6,12,146,51
BASEL,M,0,0,0,0,0,6,0
BASHEER,M,0,0,0,0,0,15,0
BASHIR,M,6,5,0,4,7,124,22
BASIL,M,6,5,9,10,4,1560,34
BASIM,M,0,0,0,0,0,26,0
BASIT,M,4,4,0,0,4,74,12
BASMA,F,0,0,4,5,0,99,9
BASSAM,M,0,0,3,0,0,38,3
BASSEL,M,0,0,0,0,0,9,0
BASTIAN,M,0,0,0,0,0,44,0
BASTIEN,M,0,0,0,0,0,15,0
BASYA,F,0,0,0,0,4,17,4
BATHSHEBA,F,0,0,3,0,0,3,3
BATOOL,F,0,0,6,3,5,112,14
BATSHEVA,F,0,4,5,3,3,98,15
BATU,M,0,0,0,0,0,22,0
BAXTER,M,5,0,0,0,6,309,11
BAY,F,0,0,0,0,0,121,0
BAYAN,F,3,0,4,0,0,63,7
BAYLA,F,0,0,0,0,3,11,3
BAYLEE,M,3,4,5,5,9,228,26
BAYLEE,F,5,4,8,7,9,176,33
BAYLEIGH,F,6,14,14,11,15,294,60
BAYLEIGH,M,0,0,4,4,3,78,11
BAYLEY,M,16,32,36,42,53,743,179
BAYLEY,F,4,7,8,11,6,144,36
BAYLIE,F,0,0,0,3,7,85,10
BAYLIE,M,0,0,0,5,3,31,8
BAZIL,M,0,0,0,0,0,6,0
BEA,F,0,0,0,0,3,242,3
BEAR,M,0,0,0,0,0,113,0
BEATA,F,0,0,0,0,0,45,0
BEATRICE,F,117,139,173,139,139,11702,707
BEATRIS,F,0,0,0,0,0,21,0
BEATRISE,F,0,0,0,0,0,3,0
BEATRIX,F,14,18,25,16,17,1655,90
BEATRIZ,F,0,6,10,10,5,444,31
BEATTIE,F,0,0,3,0,0,3,3
BEAU,M,41,28,30,24,20,3220,143
BEAU,F,6,4,6,9,4,2007,29
BEAUMONT,M,0,0,0,0,0,35,0
BEAUREGARD,M,0,0,0,0,0,3,0
BEAUTY,F,0,0,0,0,0,4,0
BEAUX,F,0,0,0,0,0,120,0
BEAUX,M,0,0,0,0,0,8,0
BEBE,F,0,0,0,3,0,152,3
BECA,F,0,3,5,6,13,284,27
BECCA,F,4,0,0,4,0,73,8
BECCI,F,0,4,0,0,3,15,7
BECK,M,0,11,23,17,15,261,66
BECKETT,M,0,0,0,0,0,54,0
BECKHAM,M,0,8,7,11,0,54,26
BECKI,F,11,5,5,4,9,56,34
BECKIE,F,19,12,9,13,9,90,62
BECKY,F,146,119,136,89,87,965,577
BEDE,M,0,3,3,6,7,75,19
BEDWYR,M,3,4,0,3,3,57,13
BEGUM,F,7,5,0,0,3,24,15
BEIBHINN,F,0,3,0,0,0,7,3
BEKKI,F,0,0,0,3,3,13,6
BELA,F,0,0,0,0,0,82,0
BELAL,M,4,7,5,3,4,92,23
BELICIA,F,0,0,0,0,0,17,0
BELINA,F,0,0,0,0,0,8,0
BELINDA,F,43,29,31,31,22,325,156
BELLA,F,23,20,23,33,32,6815,131
BELLA-MAE,F,0,0,0,0,0,74,0
BELLA-MAY,F,0,0,0,0,0,44,0
BELLAMY,M,0,0,0,0,0,10,0
BELLATRIX,F,0,0,0,0,0,14,0
BELLE,F,7,4,8,9,22,1339,50
BELTRAN,M,0,0,0,0,0,8,0
BELYNDA,F,3,0,0,0,0,3,3
BEN,M,2332,2572,2640,2485,2400,37968,12429
BENAS,M,0,0,0,0,0,258,0
BENCE,M,0,0,0,0,0,103,0
BENEDICT,M,176,200,193,209,196,2944,974
BENEDICTA,F,0,0,4,3,4,56,11
BENEDICTE,F,0,3,3,4,3,46,13
BENEDIKT,M,0,0,3,0,0,26,3
BENEDIKTAS,M,0,0,0,0,0,4,0
BENET,M,0,0,0,0,0,15,0
BENETT,M,0,0,0,0,0,31,0
BENI,M,0,0,0,0,3,39,3
BENICIA,F,0,0,0,0,0,3,0
BENICIO,M,0,0,0,0,0,34,0
BENITA,F,7,6,5,5,5,159,28
BENITO,M,15,12,11,5,5,136,48
BENJAMAN,M,7,3,5,5,4,37,24
BENJAMEN,M,8,10,6,10,6,75,40
BENJAMIN,M,4805,4782,4643,4559,4217,91067,23006
BENJAMYN,M,0,7,0,0,5,28,12
BENJI,M,0,3,0,3,0,79,6
BENJIMAN,M,4,6,6,0,0,42,16
BENN,M,49,37,37,16,29,328,168
BENNET,M,0,0,0,0,0,3,0
BENNETT,M,0,5,0,3,4,67,12
BENNI,M,0,0,0,0,0,9,0
BENNIE,M,0,0,0,0,0,16,0
BENNY,M,4,0,0,5,6,218,15
BENOIT,M,4,4,0,7,3,71,18
BENSON,M,6,4,0,0,4,146,14
BENTLEY,M,3,5,8,5,7,973,28
BENTON,M,4,9,0,0,4,29,17
BENYAMIN,M,0,0,5,0,4,172,9
BEREN,M,4,0,3,0,0,64,7
BEREN,F,0,0,0,0,0,61,0
BERENICE,F,0,0,0,3,0,60,3
BERFIN,F,8,10,8,13,19,222,58
BERISH,M,0,0,0,0,0,13,0
BERIVAN,F,0,4,5,4,8,37,21
BERK,M,0,0,0,3,0,30,3
BERKAN,M,3,4,4,5,5,79,21
BERKAY,M,5,0,6,7,4,139,22
BERKE,M,0,0,0,3,0,33,3
BERNADETTE,F,39,34,28,31,27,355,159
BERNADINE,F,3,0,0,0,0,3,3
BERNARD,M,23,18,23,15,25,10797,104
BERNARDAS,M,0,0,0,0,0,3,0
BERNARDO,M,0,0,0,0,0,76,0
BERNICE,F,14,18,14,11,7,236,64
BERNIE,M,0,0,0,0,3,80,3
BERRA,F,0,0,0,0,0,18,0
BERRI,F,0,0,0,0,0,11,0
BERRIE,F,0,0,0,0,0,28,0
BERRY,F,0,0,0,4,3,106,7
BERT,M,0,4,0,0,0,70,4
BERTA,F,0,0,0,0,0,7,0
BERTAN,M,0,3,0,0,0,30,3
BERTHA,F,0,0,0,0,0,1567,0
BERTIE,M,6,6,19,13,6,1910,50
BERTRAM,M,14,7,16,8,7,1849,52
BERTRAND,M,0,3,0,0,0,41,3
BERTY,M,0,0,0,0,0,3,0
BERYL,F,4,3,3,0,3,6026,13
BESARTA,F,0,0,0,0,5,5,5
BESMIR,M,0,0,0,0,3,3,3
BESS,F,0,0,0,4,4,89,8
BESSIE,F,5,3,0,6,4,1925,18
BESSY,F,0,0,0,0,0,3,0
BETH,F,656,536,473,480,460,6851,2605
BETHAN,F,825,750,673,637,592,8336,3477
BETHANE,F,3,0,0,0,0,3,3
BETHANEE,F,4,0,0,0,0,4,4
BETHANEY,F,29,23,21,26,11,153,110
BETHANI,F,3,8,4,8,5,64,28
BETHANIE,F,144,123,114,95,72,948,548
BETHANN,F,0,0,0,0,0,6,0
BETH-ANNE,F,3,0,4,3,0,10,10
BETHANNEY,F,0,0,3,0,0,3,3
BETHANNIE,F,10,10,8,5,8,52,41
BETHANY,F,4271,4074,4068,4072,3730,44380,20215
BETHANY-ANN,F,0,4,5,0,6,27,15
BETHANY-ANNE,F,4,3,0,4,4,28,15
BETHANY-JADE,F,0,0,0,3,0,3,3
BETHANY-JANE,F,6,0,0,0,4,16,10
BETHANY-JAYNE,F,4,0,3,3,0,10,10
BETHANY-JO,F,0,4,0,0,0,7,4
BETHANY-LOUISE,F,6,0,0,0,0,18,6
BETHANY-MAE,F,0,0,3,0,0,6,3
BETHANY-ROSE,F,6,4,0,10,6,79,26
BETHEL,F,0,0,5,0,0,164,5
BETHEL,M,0,0,0,0,0,7,0
BETHEN,F,6,5,4,6,0,21,21
BETHENY,F,6,3,4,9,5,36,27
BETHIA,F,6,0,5,6,5,94,22
BETHLEHEM,F,0,4,0,3,0,44,7
BETHNEY,F,6,6,4,4,0,24,20
BETHONY,F,0,0,3,0,0,6,3
BETI,F,0,0,0,0,0,21,0
BETIEL,F,0,0,0,0,0,11,0
BETSAN,F,5,0,7,3,5,163,20
BETSEY,F,0,0,0,0,0,52,0
BETSIE,F,0,0,0,0,0,162,0
BETSY,F,22,10,29,17,15,2384,93
BETTIE,F,0,0,0,0,0,63,0
BETTINA,F,3,0,3,4,3,44,13
BETTSIE,F,0,0,0,0,0,3,0
BETTSY,F,0,0,0,0,0,3,0
BETTY,F,18,12,13,13,10,10022,66
BETUL,F,5,0,0,0,5,47,10
BEULAH,F,0,3,0,0,4,91,7
BEVAN,M,13,18,6,17,7,185,61
BEVERLEY,F,26,26,23,20,24,3023,119
BEVERLY,F,6,0,0,3,0,73,9
BEVIS,M,0,0,0,0,0,3,0
BEVON,M,0,0,0,0,0,3,0
BEXLEY,M,0,0,0,0,0,18,0
BHAKTI,F,5,4,0,3,3,54,15
BHARAT,M,5,3,3,0,0,17,11
BHAVESH,M,3,5,8,5,5,59,26
BHAVIK,M,9,15,13,8,8,75,53
BHAVIKA,F,3,6,5,5,3,59,22
BHAVIN,M,8,7,0,9,5,55,29
BHAVINA,F,0,0,3,3,3,9,9
BHAVINI,F,7,11,4,5,5,57,32
BHAVISHA,F,7,10,7,7,5,47,36
BHUMI,F,3,0,3,0,5,34,11
BHUMIKA,F,4,3,0,0,0,32,7
BHUPINDER,M,4,0,0,0,4,8,8
BIANCA,F,62,50,29,29,24,1194,194
BIANKA,F,0,0,0,0,0,259,0
BIBA,F,0,0,0,0,5,104,5
BIBI,F,17,27,28,30,25,614,127
BIJAL,F,8,6,7,0,3,24,24
BILAAL,M,16,19,19,22,25,368,101
BILAL,M,144,138,163,163,154,3102,762
BILL,M,15,27,14,17,16,277,89
BILLAL,M,4,3,9,5,10,98,31
BILLI,F,6,0,7,7,5,60,25
BILLIE,F,242,173,193,189,147,2372,944
BILLIE,M,10,17,13,6,7,133,53
BILLIE-JADE,F,0,0,4,0,0,7,4
BILLIE-JAY,F,0,3,0,5,0,8,8
BILLIE-JEAN,F,6,4,3,3,7,65,23
BILLIEJO,F,4,3,0,7,11,37,25
BILLIE-JO,F,41,71,79,75,64,660,330
BILLIE-JOE,F,0,3,5,0,5,22,13
BILLIE-MAY,F,0,3,4,0,0,19,7
BILLIE-RAE,F,4,4,0,0,0,46,8
BILLIE-ROSE,F,4,0,0,4,0,39,8
BILLI-JO,F,0,0,3,4,3,10,10
BILLY,M,914,885,894,815,706,15362,4214
BILLY,F,0,4,6,3,0,20,13
BILLY-JAMES,M,0,0,0,0,3,13,3
BILLY-JO,F,0,5,0,0,3,8,8
BILLY-JO,M,3,3,0,0,0,6,6
BILLYJOE,M,4,0,0,4,0,23,8
BILLY-JOE,M,14,12,14,9,9,217,58
BILLY-LEE,M,0,0,3,0,4,35,7
BILLY-RAY,M,7,6,7,7,4,89,31
BINTA,F,0,3,0,0,4,100,7
BINTOU,F,0,0,0,0,0,44,0
BINTU,F,0,0,0,0,0,11,0
BINYAMIN,M,3,0,0,3,3,84,9
BINYOMIN,M,4,0,5,3,0,60,12
BIRDIE,F,0,0,0,0,0,7,0
BISHOP,M,0,0,0,0,0,3,0
BISMA,F,0,4,7,13,15,305,39
BISMAH,F,3,6,3,14,19,237,45
BJORN,M,6,4,4,6,6,141,26
BLADE,M,5,3,5,4,13,156,30
BLAIN,M,4,4,0,0,8,35,16
BLAINE,M,35,33,23,30,34,555,155
BLAIR,M,14,24,7,11,10,156,66
BLAIR,F,5,0,0,3,0,38,8
BLAIRE,F,0,3,0,0,0,21,3
BLAISE,M,9,14,0,7,6,250,36
BLAISE,F,10,8,12,9,7,145,46
BLAITHIN,F,3,0,0,0,0,7,3
BLAIZE,M,5,0,3,0,0,66,8
BLAIZE,F,0,5,4,3,0,26,12
BLAKE,M,154,147,167,184,229,10316,881
BLAKE,F,0,3,0,3,0,95,6
BLANAID,F,0,0,0,0,0,6,0
BLANCA,F,0,0,0,0,0,65,0
BLANCHE,F,0,0,0,0,0,570,0
BLANE,M,7,15,5,8,8,113,43
BLANKA,F,0,0,0,0,0,297,0
BLAYDE,M,0,0,0,0,0,6,0
BLAYNE,M,6,4,9,6,7,124,32
BLAZE,M,3,4,5,8,5,164,25
BLAZE,F,0,6,3,7,0,40,16
BLEDDYN,M,7,9,5,3,5,114,29
BLEON,M,0,0,0,0,4,8,4
BLEONA,F,0,0,3,6,7,30,16
BLERINA,F,0,0,3,4,0,10,7
BLERTA,F,0,0,0,0,7,17,7
BLESS,M,0,0,0,0,0,13,0
BLESSED,M,0,0,0,0,0,14,0
BLESSING,F,0,13,11,9,10,679,43
BLESSING,M,0,0,0,0,0,173,0
BLESSINGS,M,0,0,0,0,0,6,0
BLEU,M,0,0,6,0,4,102,10
BLEU,F,0,0,0,0,0,21,0
BLISS,F,17,9,13,8,10,252,57
BLISS,M,0,0,0,0,3,3,3
BLOSSOM,F,5,5,3,4,3,748,20
BLU,M,3,0,0,5,5,163,13
BLU,F,0,0,3,0,0,36,3
BLUE,M,5,11,9,13,6,262,44
BLUE,F,0,4,3,6,4,62,17
BLUEBELL,F,0,0,4,0,6,262,10
BLUEBELLE,F,0,0,0,3,0,120,3
BLYTH,M,0,0,3,0,0,9,3
BLYTHE,F,15,14,17,12,17,329,75
BLYTHE,M,0,0,0,0,0,3,0
BO,F,0,3,0,0,4,562,7
BO,M,0,3,0,0,0,129,3
BOAZ,M,0,0,0,4,3,141,7
BOB,M,6,3,8,8,7,111,32
BOBBI,F,43,24,30,33,36,833,166
BOBBIE,F,66,57,60,50,49,1008,282
BOBBIE,M,14,7,7,4,5,377,37
BOBBIE-JO,F,9,7,6,13,8,112,43
BOBBIE-LEIGH,F,0,4,3,0,5,45,12
BOBBI-JO,F,6,4,0,6,3,58,19
BOBBY,M,126,110,108,97,99,9861,540
BOBBY,F,5,11,4,4,8,103,32
BOBBY-JOE,M,0,0,4,0,3,87,7
BODE,M,0,0,0,0,0,67,0
BODEN,M,0,0,4,0,0,61,4
BODHI,M,0,0,0,0,3,503,3
BODHI,F,0,0,0,0,0,20,0
BODI,M,0,0,0,0,0,26,0
BODIE,M,0,5,0,0,0,160,5
BODRUL,M,4,0,0,3,0,7,7
BOE,F,0,0,0,0,0,170,0
BOE,M,0,0,0,0,0,64,0
BOGDAN,M,0,0,0,0,0,75,0
BOHDAN,M,0,0,0,0,0,8,0
BONHAM,M,0,3,0,0,0,6,3
BONIFACE,M,0,0,0,0,0,9,0
BONITA,F,16,21,17,12,13,239,79
BONNIE,F,95,102,99,71,85,3310,452
BONNIE-LEE,F,0,0,3,3,0,9,6
BONNY,F,10,5,0,3,9,96,27
BONO,M,0,0,0,0,0,3,0
BOO,F,0,0,0,0,0,27,0
BOOKER,M,0,0,0,0,0,6,0
BORIS,M,5,5,7,6,10,392,33
BORUCH,M,0,4,8,5,0,71,17
BOSCO,M,0,0,0,0,0,27,0
BOSTON,M,0,5,0,3,4,93,12
BOUBACAR,M,0,0,0,0,0,13,0
BOUDICA,F,0,0,0,0,0,4,0
BOWEN,M,0,0,4,3,6,159,13
BOWIE,M,0,0,0,0,0,59,0
BOYCE,M,0,0,0,0,0,6,0
BOYCIE,M,0,0,0,0,0,6,0
BOYD,M,4,0,0,5,7,204,16
BOZHIDAR,M,0,0,0,0,0,6,0
BRACHA,F,0,5,0,3,3,79,11
BRACKEN,F,0,6,0,0,3,129,9
BRACKEN,M,0,0,0,0,0,44,0
BRAD,M,164,212,199,108,133,1279,816
BRADAN,M,0,0,0,3,0,16,3
BRADD,M,8,7,0,6,0,21,21
BRADEN,M,32,13,26,17,31,470,119
BRADIE,F,7,5,3,0,5,39,20
BRADIE,M,0,0,0,3,4,27,7
BRADLEE,M,9,17,14,22,18,233,80
BRAD-LEE,M,5,4,6,4,0,45,19
BRADLEIGH,M,17,21,20,7,13,151,78
BRADLEY,M,2557,2745,2452,2336,2268,31232,12358
BRADLIE,M,0,4,0,0,0,4,4
BRADLY,M,5,10,5,3,11,95,34
BRADON,M,0,0,0,4,4,14,8
BRADY,M,32,26,25,18,26,534,127
BRADY,F,4,0,4,3,3,18,14
BRAE,M,0,0,0,0,5,58,5
BRAEDON,M,0,0,0,0,0,65,0
BRAIDEN,M,0,7,6,3,10,282,26
BRAM,M,4,4,4,0,3,102,15
BRAMWELL,M,3,0,0,0,0,28,3
BRAN,M,0,0,0,0,0,42,0
BRANDAN,M,22,37,41,51,51,555,202
BRANDEN,M,19,24,29,32,39,431,143
BRANDI,F,4,8,9,4,0,39,25
BRANDIE,F,4,5,0,0,0,12,9
BRANDO,M,0,0,0,0,0,11,0
BRANDON,M,1337,2184,2142,2298,2209,25994,10170
BRANDON-,M,0,0,0,0,3,6,3
BRANDONLEE,M,3,4,0,0,6,39,13
BRANDON-LEE,M,9,19,22,25,18,370,93
BRANDY,F,0,3,5,10,4,42,22
BRANDYN,M,0,0,0,6,6,53,12
BRANNAGH,F,0,0,0,0,0,4,0
BRANNAN,M,3,3,4,0,5,28,15
BRANNON,M,8,10,5,3,4,93,30
BRANT,M,0,0,3,0,0,3,3
BRANWEN,F,4,7,4,7,0,94,22
BRAX,M,0,0,0,0,0,87,0
BRAXTON,M,0,0,0,0,0,299,0
BRAY,M,0,0,0,3,7,115,10
BRAYDAN,M,0,0,0,0,0,59,0
BRAYDEN,M,7,12,10,15,13,1316,57
BRAYDON,M,7,4,4,9,15,585,39
BREA,F,0,0,3,0,0,96,3
BREAGHA,F,0,0,3,0,0,3,3
BREAH,F,0,0,0,0,0,13,0
BREANA,F,0,0,0,0,0,8,0
BREANNA,F,5,8,9,15,16,455,53
BREANNE,F,0,4,8,5,4,57,21
BRECON,M,0,0,0,0,3,12,3
BRECON,F,0,0,0,0,0,6,0
BREE,F,6,0,23,23,21,285,73
BREEZE,F,4,6,10,8,9,122,37
BREMNER,M,0,0,0,0,0,3,0
BREN,M,0,0,0,0,0,3,0
BRENDA,F,7,11,12,10,5,8731,45
BRENDAN,M,192,216,216,196,214,2602,1034
BRENDAN-LEE,M,0,0,0,0,3,6,3
BRENDEN,M,8,16,9,23,14,242,70
BRENDON,M,56,36,64,64,59,795,279
BRENDYN,M,0,0,0,0,0,3,0
BRENIN,M,0,0,0,0,0,4,0
BRENNA,F,23,17,7,12,5,134,64
BRENNAN,M,20,23,24,31,35,474,133
BRENNEN,M,4,0,0,0,3,18,7
BRENNIG,M,0,0,0,0,3,3,3
BRENNON,M,3,0,0,3,0,15,6
BRENT,M,16,22,32,14,19,232,103
BRENTON,M,4,0,0,5,0,43,9
BRET,M,16,9,17,10,7,129,59
BRETT,M,214,179,148,134,117,2055,792
BRIA,F,19,17,12,12,10,193,70
BRIAN,M,113,99,95,84,75,28130,466
BRIANA,F,14,10,19,13,12,311,68
BRIANNA,F,31,28,57,63,52,1514,231
BRIANNAH,F,0,3,0,0,0,38,3
BRIANNE,F,6,3,11,9,10,176,39
BRIANNY,F,0,0,0,0,3,3,3
BRIAR,F,6,3,4,0,5,102,18
BRICE,M,3,0,3,4,9,59,19
BRIDEY,F,0,0,3,4,7,61,14
BRIDGET,F,56,55,67,55,62,3536,295
BRIDGETTE,F,3,0,0,0,0,24,3
BRIDGIE,F,0,0,0,0,0,3,0
BRIDIE,F,76,78,67,70,64,818,355
BRIE,F,0,0,0,0,0,16,0
BRIEANNA,F,3,0,0,4,4,32,11
BRIEGE,F,0,0,3,0,0,3,3
BRIELLE,F,0,0,0,0,0,138,0
BRIENNE,F,0,0,0,0,0,8,0
BRIERLEY,F,0,3,0,0,0,3,3
BRIGHT,M,0,0,0,0,0,56,0
BRIGID,F,7,5,3,5,3,34,23
BRIGIT,F,0,3,3,0,0,6,6
BRIGITA,F,0,0,0,0,0,22,0
BRIGITTE,F,0,0,5,0,0,37,5
BRINDLEY,M,0,3,0,3,0,10,6
BRINLEY,M,0,0,5,6,3,122,14
BRIONEY,F,0,5,4,0,0,24,9
BRIONI,F,4,0,0,3,0,10,7
BRIONIE,F,0,0,3,5,0,8,8
BRIONNY,F,3,0,0,0,0,3,3
BRIONY,F,99,101,99,91,101,1046,491
BRITANEY,F,0,0,0,3,0,3,3
BRITANI,F,0,0,0,8,0,8,8
BRITANIE,F,0,0,0,4,0,4,4
BRITANNIA,F,0,0,0,0,5,15,5
BRITANNY,F,0,3,0,5,0,8,8
BRITANY,F,0,4,0,25,22,71,51
BRITNEE,F,0,0,0,6,0,6,6
BRITNEY,F,4,4,8,314,258,995,588
BRITNIE,F,0,0,0,3,0,3,3
BRITTANEY,F,0,0,0,8,3,11,11
BRITTANI,F,3,5,10,6,0,24,24
BRITTANIE,F,5,8,9,11,0,33,33
BRITTANNY,F,0,3,0,0,0,3,3
BRITTANY,F,238,358,334,510,140,1714,1580
BRITTENY,F,0,0,0,7,5,12,12
BRITTNEY,F,4,0,6,40,26,88,76
BRITTONY,F,3,3,0,0,0,6,6
BRIYANA,F,0,0,0,0,0,6,0
BROC,M,0,0,0,0,0,3,0
BROCHA,F,0,0,0,0,0,30,0
BROCHO,F,0,0,3,0,0,6,3
BROCK,M,0,7,0,0,0,121,7
BRODAN,M,0,0,0,0,0,6,0
BRODEE,M,0,0,0,0,0,3,0
BRODEN,M,0,0,0,0,3,114,3
BRODERICK,M,0,0,0,0,0,4,0
BRODEY,M,0,0,0,0,0,98,0
BRODI,M,0,0,3,0,0,67,3
BRODI,F,0,0,0,0,0,24,0
BRODIE,M,46,49,46,59,44,1997,244
BRODIE,F,40,46,26,20,27,819,159
BRODIE-LEIGH,F,0,0,0,0,0,13,0
BRODY,M,12,29,18,18,13,2531,90
BRODY,F,5,0,4,0,0,107,9
BROGAN,F,165,149,150,118,106,1420,688
BROGAN,M,34,33,32,29,39,952,167
BROGEN,F,7,3,3,6,5,51,24
BROGEN,M,0,0,0,3,0,14,3
BROGHAN,F,0,8,4,0,3,37,15
BROGHAN,M,0,0,0,0,0,13,0
BROMWYN,F,0,3,0,0,0,6,3
BRONAGH,F,13,16,9,6,5,120,49
BRONIA,F,6,4,4,3,3,23,20
BRONNEN,F,0,4,0,0,0,4,4
BRONSON,M,5,0,5,0,5,140,15
BRONTE,F,59,86,76,56,49,875,326
BRONTI,F,0,0,0,3,0,3,3
BRONTY,F,0,0,0,0,0,3,0
BRONWEN,F,45,47,49,47,32,572,220
BRONWYN,F,73,68,68,52,62,914,323
BRONYA,F,9,8,12,6,5,51,40
BROOK,M,16,13,12,25,37,471,103
BROOK,F,5,8,7,15,14,319,49
BROOKE,F,269,282,336,434,494,15999,1815
BROOKE,M,4,11,3,7,9,160,34
BROOKLIN,M,0,0,0,0,0,13,0
BROOKLYN,M,0,6,0,42,87,2258,135
BROOKLYN,F,15,26,37,57,42,960,177
BROOKLYNE,F,0,3,0,0,0,3,3
BROOKLYNN,F,0,0,0,0,3,73,3
BRUCE,M,39,36,41,24,26,1944,166
BRUCHA,F,0,3,0,0,0,37,3
BRUIN,M,0,0,0,0,0,3,0
BRUNA,F,0,0,0,0,0,89,0
BRUNO,M,16,17,22,17,39,1047,111
BRUSK,M,0,0,0,0,3,3,3
BRYAN,M,39,38,35,38,28,3680,178
BRYANA,F,0,0,6,0,0,41,6
BRYANIE,F,4,0,0,0,5,9,9
BRYANNA,F,4,0,3,0,0,94,7
BRYANT,M,0,0,0,0,0,3,0
BRYCE,M,26,31,25,31,31,604,144
BRYCEN,M,0,0,0,0,0,3,0
BRYCHAN,M,6,3,0,0,3,76,12
BRYDEN,M,3,0,0,0,0,12,3
BRYDIE,F,12,11,14,16,12,133,65
BRYHER,F,5,5,5,7,0,81,22
BRYN,M,84,83,79,85,72,1320,403
BRYN,F,3,0,0,0,0,3,3
BRYNIE,F,0,4,0,0,0,4,4
BRYNLEY,M,5,4,0,9,9,157,27
BRYNMOR,M,4,0,0,0,3,32,7
BRYNN,M,5,3,0,0,0,67,8
BRYON,M,0,0,0,0,0,3,0
BRYONEY,F,0,3,0,0,6,9,9
BRYONI,F,6,6,6,7,5,60,30
BRYONIE,F,6,6,8,18,6,79,44
BRYONNY,F,6,3,0,0,0,9,9
BRYONY,F,362,334,317,301,220,2895,1534
BRYSON,M,3,4,0,0,3,104,10
BRYTHON,M,0,3,0,0,0,3,3
BUBACARR,M,0,0,0,0,0,6,0
BUCK,M,0,0,0,0,0,3,0
BUDDY,M,4,0,0,6,9,796,19
BUKET,F,0,0,3,0,0,3,3
BULENT,M,0,0,0,3,0,3,3
BUNNY,F,0,0,0,0,0,6,0
BURAK,M,13,4,7,5,9,164,38
BURCU,F,4,4,0,4,0,31,12
BURHAN,M,0,11,10,15,6,168,42
BURT,M,0,0,0,0,0,20,0
BUSE,F,0,4,4,3,5,88,16
BUSHRA,F,33,24,30,38,38,738,163
BUSRA,F,3,9,4,4,3,69,23
BUSTER,M,6,7,5,7,11,253,36
BUZZ,M,0,0,0,0,0,14,0
BYRAN,M,0,0,0,3,0,32,3
BYRON,M,46,68,71,147,202,2073,534
CAAN,M,0,0,3,0,0,3,3
CABHAN,M,0,0,0,0,0,18,0
CACIE,F,0,0,0,0,0,6,0
CADAN,M,0,4,6,8,4,171,22
CADE,M,14,18,16,40,31,599,119
CADELL,M,0,3,0,4,3,27,10
CADEN,M,0,0,3,5,5,1578,13
CADENCE,F,0,0,0,0,0,379,0
CADEY,F,0,0,0,0,0,65,0
CADI,F,4,3,11,10,13,507,41
CADIE,F,5,0,3,4,3,142,15
CADY,F,6,0,0,0,0,122,6
CAEDEN,M,0,0,0,0,0,96,0
CAEDON,M,0,0,0,0,0,6,0
CAEL,M,0,4,0,3,5,139,12
CAELAN,M,9,16,9,4,13,944,51
CAELAN,F,0,0,0,0,0,17,0
CAELEB,M,0,0,0,0,0,27,0
CAELEN,M,0,0,0,0,0,88,0
CAELIA,F,0,0,0,0,0,18,0
CAELIN,M,0,0,0,0,0,6,0
CAELUM,M,0,3,0,0,4,48,7
CAELYN,M,0,0,0,0,0,3,0
CAEN,M,4,0,0,0,0,4,4
CAERA,F,0,0,0,5,3,11,8
CAERAN,M,0,0,0,3,0,3,3
CAERON,M,0,0,0,4,0,8,4
CAERWYN,M,0,0,0,0,0,27,0
CAESAR,M,0,0,0,0,0,43,0
CAGLA,F,0,5,3,0,5,54,13
CAI,M,46,62,77,59,94,2175,338
CAICEY,F,0,0,0,0,0,6,0
CAIDAN,M,0,3,0,0,0,83,3
CAIDEN,M,0,3,4,3,5,1648,15
CAIDY,F,0,0,0,0,0,8,0
CAILAN,M,0,6,6,0,3,153,15
CAILEAN,M,3,3,0,6,0,36,12
CAILEB,M,0,0,0,0,3,16,3
CAILEIGH,F,3,0,5,0,5,16,13
CAILEM,M,3,0,0,0,0,6,3
CAILEN,M,3,0,0,4,0,95,7
CAILEY,F,0,0,4,0,3,57,7
CAILIN,F,3,7,5,6,7,135,28
CAILLEN,M,0,0,0,0,0,6,0
CAILUM,M,4,0,3,4,5,50,16
CAILYN,F,0,0,0,0,0,74,0
CAIN,M,83,65,67,93,111,1813,419
CAINAN,M,0,3,0,0,4,21,7
CAINE,M,51,52,53,40,66,683,262
CAIO,M,5,0,3,3,6,294,17
CAIRA,F,3,3,5,4,6,69,21
CAIRAN,M,3,6,5,0,0,66,14
CAIRO,M,6,10,10,13,9,511,48
CAIRO,F,3,0,3,0,5,26,11
CAISEY,F,0,0,0,0,0,37,0
CAIT,F,9,15,4,4,9,80,41
CAITHLIN,F,0,0,0,0,3,3,3
CAITLAIN,F,0,3,10,5,8,67,26
CAITLAN,F,19,35,75,92,77,649,298
CAITLAND,F,0,5,8,5,5,27,23
CAITLEN,F,0,3,13,8,13,115,37
CAITLIN,F,906,1215,1965,2072,2086,28157,8244
CAITLINE,F,0,0,0,0,3,3,3
CAITLUN,F,0,3,0,0,0,3,3
CAITLYN,F,34,78,160,202,259,4786,733
CAITLYNN,F,0,3,0,0,4,69,7
CAITRIN,F,3,0,0,0,0,3,3
CAITRIONA,F,8,7,4,6,5,70,30
CAIUS,M,5,12,7,11,11,275,46
CAJA,F,0,0,0,0,3,13,3
CAL,M,4,6,10,6,6,134,32
CALAIS,F,0,0,3,0,0,16,3
CALAM,M,9,5,4,4,5,42,27
CALAN,M,12,3,6,6,4,156,31
CALDER,M,3,0,0,0,0,27,3
CALE,M,10,6,10,6,8,149,40
CALEB,M,177,278,227,213,245,8879,1140
CALEDON,M,0,0,0,3,0,3,3
CALEIGH,F,0,0,3,0,0,44,3
CALEM,M,9,0,6,4,6,48,25
CALEN,M,4,4,0,0,0,59,8
CALEY,F,6,3,3,0,3,42,15
CALEY,M,0,0,5,0,0,5,5
CALI,F,4,6,4,6,5,264,25
CALIB,M,0,3,3,3,0,33,9
CALIE,F,0,0,0,0,0,6,0
CALISE,F,0,0,0,0,0,23,0
CALISTA,F,0,0,4,20,14,242,38
CALLA,F,0,6,4,4,0,80,14
CALLAGHAN,M,0,0,0,0,3,15,3
CALLAM,M,70,71,56,49,33,430,279
CALLAN,M,49,54,89,84,54,884,330
CALLAN,F,4,0,0,4,0,8,8
CALLEIGH,F,0,0,0,0,0,168,0
CALLEM,M,0,5,5,0,4,14,14
CALLEN,M,5,3,13,7,5,175,33
CALLEY,F,0,4,0,3,0,7,7
CALLI,F,3,8,4,3,8,132,26
CALLIE,F,37,30,43,52,68,1500,230
CALLIOPE,F,0,0,0,0,0,35,0
CALLISTA,F,0,0,0,3,6,90,9
CALLUM,M,4281,4746,5600,5587,4911,65476,25125
CALLUMN,M,5,4,0,0,0,9,9
CALLUN,M,5,3,9,0,4,58,21
CALLY,F,33,20,31,24,32,357,140
CALUB,M,0,0,0,0,3,19,3
CALUM,M,614,554,483,409,273,5948,2333
CALUMN,M,3,0,0,0,4,11,7
CALVIN,M,147,151,159,128,89,2018,674
CALYPSO,F,8,9,8,6,3,80,34
CAMARA,F,7,0,0,6,4,22,17
CAMARA,M,0,0,3,0,0,3,3
CAMARON,M,0,0,6,4,0,36,10
CAMBELL,M,0,0,0,0,0,17,0
CAMDEN,M,4,0,4,8,3,202,19
CAMELIA,F,0,0,3,0,0,53,3
CAMELLIA,F,3,3,0,0,0,33,6
CAMEO,F,3,4,0,0,0,10,7
CAMERAN,M,6,8,6,8,13,104,41
CAMERON,M,1791,2231,2655,3181,3049,38371,12907
CAMERON,F,6,21,61,72,65,672,225
CAMERON-JAMES,M,0,0,0,4,0,66,4
CAMI,F,0,0,0,0,0,4,0
CAMILA,F,7,7,0,0,3,162,17
CAMILIA,F,0,0,0,0,0,6,0
CAMILLA,F,62,50,51,50,33,1055,246
CAMILLE,F,40,42,39,34,33,798,188
CAMILLIA,F,0,3,0,0,0,3,3
CAMISHA,F,0,3,0,0,0,3,3
CAMMIE,F,0,0,0,0,0,9,0
CAMMY,F,0,0,0,3,0,3,3
CAMPBELL,M,25,21,17,23,20,437,106
CAMPBELL,F,0,0,0,0,0,4,0
CAMRAN,M,5,3,7,5,3,95,23
CAMREN,M,0,0,0,0,3,58,3
CAMRON,M,9,12,17,26,22,861,86
CAM'RON,M,0,0,3,4,0,100,7
CAMRYN,F,0,0,5,3,4,62,12
CAN,M,15,17,27,20,15,242,94
CANAAN,M,5,0,4,7,0,59,16
CANDACE,F,8,6,10,4,7,84,35
CANDICE,F,66,47,44,29,55,695,241
CANDIS,F,0,4,0,0,0,4,4
CANDY,F,3,10,14,3,0,79,30
CANE,M,0,7,6,4,3,37,20
CANER,M,4,3,8,5,8,57,28
CANSEL,F,0,3,4,0,0,7,7
CANSU,F,3,6,10,4,6,78,29
CAOIFE,F,0,0,0,0,0,8,0
CAOILAINN,F,0,0,0,0,0,15,0
CAOILFHINN,F,0,0,0,4,0,4,4
CAOILINN,F,0,0,0,0,0,3,0
CAOIMHE,F,19,23,21,25,21,716,109
CAOIMHIN,M,0,0,0,0,0,3,0
CAOL,M,0,3,0,0,0,3,3
CAOLAN,M,14,8,14,15,14,208,65
CAPRI,F,0,5,0,0,0,37,5
CAPRICE,F,13,94,93,55,21,447,276
CAPUCINE,F,3,0,3,0,3,20,9
CARA,F,282,292,307,271,288,5135,1440
CARADOG,M,0,0,0,3,0,3,3
CARAGH,F,15,16,15,17,14,184,77
CARDELL,M,0,0,0,0,0,3,0
CARENZA,F,4,10,11,12,11,105,48
CAREY,F,12,10,7,4,0,60,33
CAREY,M,3,4,5,0,4,34,16
CARI,F,12,17,15,17,11,387,72
CARIAD,F,5,6,10,6,8,185,35
CARIANNE,F,3,0,4,0,0,7,7
CARICE,F,0,0,3,0,0,3,3
CARINA,F,28,22,31,21,24,398,126
CARIS,F,17,13,22,14,17,279,83
CARISS,F,6,0,4,3,0,13,13
CARISSA,F,17,12,9,11,6,152,55
CARITA,F,0,0,0,3,0,3,3
CARL,M,387,292,286,243,193,8467,1401
CARLA,F,230,230,198,199,172,3253,1029
CARLA-LOUISE,F,3,0,0,0,0,3,3
CARLEE,F,3,0,4,0,0,41,7
CARLEIGH,F,4,6,0,6,0,34,16
CARLENA,F,3,0,0,0,0,3,3
CARLENE,F,0,8,0,5,3,31,16
CARLEY,F,31,40,45,35,17,363,168
CARLI,F,11,3,12,5,8,71,39
CARLIE,F,38,27,27,31,24,337,147
CARLIN,M,4,3,4,3,0,55,14
CARLITO,M,0,3,0,4,0,77,7
CARLO,M,19,17,21,19,21,483,97
CARLOS,M,37,33,42,50,28,984,190
CARLOTA,F,0,0,5,0,3,62,8
CARLOTTA,F,4,4,4,6,8,170,26
CARLTON,M,40,30,25,19,12,382,126
CARLY,F,235,228,186,166,138,3465,953
CARLYLE,M,0,0,0,0,0,6,0
CARMAN,F,0,0,3,3,4,19,10
CARMEL,F,16,18,22,17,12,332,85
CARMELA,F,5,5,7,4,3,104,24
CARMELO,M,0,0,0,0,0,21,0
CARMEN,F,60,74,71,98,70,1819,373
CARMINE,M,4,3,0,0,0,26,7
CARN,M,0,0,3,0,0,6,3
CAROL,F,28,24,12,9,14,13643,87
CAROL,M,0,0,0,0,0,7,0
CAROLANN,F,4,5,3,0,0,21,12
CAROL-ANN,F,5,0,3,3,0,17,11
CAROLANNE,F,7,6,9,4,4,53,30
CAROLE,F,5,4,3,0,0,4318,12
CAROLINA,F,15,15,11,8,12,445,61
CAROLINE,F,242,212,168,154,127,11735,903
CAROLYN,F,10,7,15,20,9,2220,61
CARON,F,3,0,0,0,0,3,3
CARRA,F,3,5,3,0,0,22,11
CARRAGH,F,0,0,0,0,3,3,3
CARRERA,F,4,0,0,0,0,29,4
CARRIANNE,F,5,0,0,0,0,5,5
CARRICK,M,6,5,10,5,6,176,32
CARRIE,F,97,80,57,49,51,842,334
CARRIEANN,F,3,0,0,0,0,11,3
CARRIE-ANN,F,21,3,8,7,4,84,43
CARRIEANNE,F,0,3,0,0,5,12,8
CARRIE-ANNE,F,17,16,4,8,6,94,51
CARRIGAN,F,5,12,4,8,4,40,33
CARRINGTON,M,0,3,0,0,0,3,3
CARRIS,F,9,3,6,8,4,75,30
CARSON,M,4,4,7,4,11,877,30
CARTER,M,20,40,35,42,47,4007,184
CARVELL,M,0,0,0,0,0,6,0
CARWYN,M,40,26,0,32,25,452,123
CARY,M,6,4,0,4,4,21,18
CARYL,F,9,4,8,8,3,38,32
CARYS,F,217,189,224,230,211,4541,1071
CASANDRA,F,0,0,0,3,0,3,3
CASEY,F,215,438,375,427,400,6610,1855
CASEY,M,131,105,96,133,166,3049,631
CASEY-ANNE,F,0,0,0,4,0,4,4
CASEY-JANE,F,0,3,0,3,0,15,6
CASEY-LEIGH,F,4,3,9,4,0,214,20
CASH,M,0,0,0,3,0,125,3
CASHEL,M,4,0,0,0,0,7,4
CASIAN,M,0,0,0,0,0,11,0
CASIE,F,11,0,12,12,16,182,51
CASIMIR,M,0,3,0,0,0,19,3
CASPAR,M,12,15,7,20,15,815,69
CASPER,M,4,6,8,16,9,1349,43
CASPIAN,M,3,6,10,0,4,263,23
CASS,M,0,0,0,0,0,71,0
CASSANDRA,F,111,73,55,50,45,886,334
CASSEY,F,9,4,9,6,4,82,32
CASSI,F,0,4,0,0,0,17,4
CASSIA,F,8,6,12,12,18,396,56
CASSIAN,M,5,0,0,7,0,202,12
CASSIDY,F,16,27,30,27,41,968,141
CASSIDY,M,6,3,4,3,4,159,20
CASSIE,F,85,91,64,56,63,1669,359
CASSIEL,M,0,0,0,0,0,13,0
CASSIUS,M,9,8,10,20,13,986,60
CASSY,F,4,3,0,0,0,29,7
CASTIEL,M,0,0,0,0,0,100,0
CASTOR,M,0,0,0,0,0,10,0
CATALINA,F,0,0,8,11,9,248,28
CATARINA,F,6,11,6,13,6,176,42
CATE,F,0,0,0,5,12,172,17
CATELIN,F,0,0,0,0,0,24,0
CATELYN,F,0,0,0,0,3,53,3
CATERINA,F,4,15,8,10,9,164,46
CATHAL,M,4,19,14,11,7,122,55
CATHAN,M,0,0,5,0,3,22,8
CATHARINE,F,14,10,6,11,0,50,41
CATHERINA,F,3,4,3,0,0,16,10
CATHERINE,F,880,736,645,614,536,25838,3411
CATHLEEN,F,3,0,0,3,4,23,10
CATHRINE,F,7,0,3,4,0,20,14
CATHRYN,F,15,15,12,12,16,158,70
CATHY,F,9,4,7,5,4,58,29
CATIA,F,0,4,5,4,0,25,13
CATIE,F,0,0,3,0,0,44,3
CATLIN,F,0,0,4,5,3,18,12
CATO,M,0,0,0,0,0,14,0
CATRIN,F,102,91,86,77,108,1433,464
CATRINA,F,30,16,18,25,27,184,116
CATRIONA,F,90,71,63,64,64,677,352
CATRYN,F,0,0,0,5,3,25,8
CAVALLI,M,0,0,0,0,0,83,0
CAVAN,M,16,39,55,52,50,576,212
CAVANI,M,0,0,0,0,0,20,0
CAVEN,M,0,0,3,3,3,32,9
CAWLEY,M,3,0,0,0,0,3,3
CAYDE,M,0,0,0,0,0,12,0
CAYDEE,F,0,0,0,0,0,17,0
CAYDEN,M,0,0,0,0,3,1546,3
CAYDON,M,0,0,0,0,0,68,0
CAYLA,F,4,0,0,0,3,236,7
CAYLEB,M,0,0,0,0,0,53,0
CAYLEIGH,F,0,9,0,0,7,58,16
CAYLEM,M,4,7,0,0,0,37,11
CAYLEY,F,0,0,0,0,5,27,5
CAYLUM,M,4,9,4,0,0,85,17
CAYMAN,M,0,0,4,4,0,22,8
CEANA,F,0,0,0,0,0,15,0
CEANNA,F,0,0,0,0,0,17,0
CEARA,F,14,9,11,24,4,125,62
CECE,F,0,0,0,0,0,75,0
CECELIA,F,11,0,4,0,3,160,18
CECIL,M,4,0,0,5,6,5753,15
CECILE,F,6,4,4,8,4,126,26
CECILIA,F,27,31,34,35,47,1020,174
CECILIE,F,0,3,3,0,0,34,6
CECILLE,F,0,0,0,0,0,4,0
CECILY,F,21,21,18,25,29,732,114
CECYLIA,F,0,0,0,0,0,14,0
CEDAR,F,0,0,0,0,0,11,0
CEDRIC,M,6,4,5,4,4,133,23
CEDRICK,M,0,0,0,0,0,6,0
CEEJAY,M,0,6,5,8,0,147,19
CEEJAY,F,8,3,5,0,0,16,16
CEINWEN,F,3,6,0,0,5,60,14
CEIRA,F,3,5,4,4,8,156,24
CEIRAN,M,7,6,7,4,3,68,27
CEIRE,F,0,4,0,0,0,4,4
CEIRION,M,0,0,3,4,0,20,7
CEIRON,M,5,3,3,0,0,30,11
CELENE,F,3,0,0,0,0,3,3
CELESTE,F,15,19,26,35,31,656,126
CELESTINA,F,0,0,0,0,0,9,0
CELESTINE,F,3,0,0,0,4,63,7
CELIA,F,44,41,40,38,38,620,201
CELICIA,F,3,0,0,0,0,3,3
CELINA,F,10,6,17,14,11,272,58
CELINE,F,113,99,107,66,53,866,438
CELLAN,M,5,3,8,5,9,98,30
CELSIE,F,0,0,0,0,0,11,0
CELT,M,0,0,4,0,0,85,4
CELYN,F,12,14,14,12,17,431,69
CELYN,M,3,4,0,5,0,81,12
CEM,M,18,25,25,12,14,314,94
CEMAL,M,0,7,0,3,0,50,10
CENK,M,4,0,4,4,3,28,15
CEREN,F,5,0,7,11,13,151,36
CERI,F,80,91,68,64,65,706,368
CERI,M,12,18,6,10,6,107,52
CERIAN,F,11,11,13,9,12,104,56
CERI-ANN,F,6,5,0,0,0,14,11
CERIDWEN,F,7,4,5,0,5,52,21
CERIS,F,0,4,6,11,7,100,28
CERISE,F,7,13,13,10,6,158,49
CERITH,M,3,0,0,3,6,21,12
CERYN,F,0,3,5,0,6,34,14
CERYS,F,92,111,311,538,578,6888,1630
CESAR,M,0,0,0,3,0,51,3
CESARE,M,0,0,0,0,0,4,0
CEYDA,F,11,9,12,16,12,182,60
CEYLAN,F,7,4,5,5,3,67,24
CEYLIN,F,0,0,0,0,0,39,0
CEZAR,M,0,0,0,0,0,31,0
CEZARY,M,0,0,0,0,0,74,0
CHACE,M,7,3,4,0,4,295,18
CHAD,M,115,110,93,83,71,1079,472
CHADD,M,7,4,0,3,3,17,17
CHADLEY,M,4,4,0,3,0,18,11
CHAE,M,4,6,5,6,5,65,26
CHAE,F,0,0,0,0,4,8,4
CHAEL,M,0,0,0,0,0,23,0
CHAI,M,0,3,4,0,3,35,10
CHAI,F,0,0,4,0,5,12,9
CHAIM,M,22,13,20,12,11,469,78
CHAISE,F,0,7,4,5,5,42,21
CHAKOTAY,M,0,0,0,0,4,4,4
CHALICE,F,3,3,0,0,0,6,6
CHAN,M,3,8,0,0,0,14,11
CHANA,F,11,8,13,20,6,298,58
CHANAI,F,0,0,0,0,0,22,0
CHANCE,M,13,16,8,17,9,271,63
CHANCE,F,3,4,4,0,4,52,15
CHAND,M,5,0,0,0,3,8,8
CHANDAN,M,0,0,0,4,6,13,10
CHANDLER,M,37,56,69,58,52,413,272
CHANDLER,F,0,4,5,0,0,9,9
CHANDNI,F,22,26,19,11,15,148,93
CHANDON,M,0,0,0,10,0,13,10
CHANDRA,F,0,0,3,0,4,10,7
CHANEL,F,116,105,86,98,68,1662,473
CHANELL,F,8,8,5,7,6,88,34
CHANELLE,F,83,81,88,77,59,1405,388
CHANG,M,0,0,0,0,0,6,0
CHANI,F,4,0,0,4,0,80,8
CHANIA,F,3,0,0,0,0,9,3
CHANICE,F,37,31,23,13,16,229,120
CHANIE,F,0,0,0,0,0,3,0
CHANIECE,F,3,7,3,0,0,19,13
CHANISE,F,9,10,3,0,0,50,22
CHANNA,F,0,0,4,4,0,8,8
CHANNAH,F,0,0,0,0,3,8,3
CHANNEL,F,9,5,11,7,9,89,41
CHANNELLE,F,11,5,5,0,10,111,31
CHANNING,F,3,0,0,3,0,6,6
CHANNON,F,11,9,13,9,3,62,45
CHANTAE,F,4,3,5,0,5,58,17
CHANTAI,F,0,0,0,0,0,23,0
CHANTAL,F,43,34,42,36,28,325,183
CHANTALLE,F,4,4,4,0,3,21,15
CHANTAY,F,8,14,4,3,5,64,34
CHANTE,F,40,37,21,17,18,288,133
CHANTEL,F,74,54,83,67,61,627,339
CHANTELE,F,5,0,0,0,0,5,5
CHANTELL,F,12,13,13,10,4,119,52
CHANTELLE,F,609,557,520,377,330,5294,2393
CHARA,F,0,0,0,0,0,12,0
CHARALAMBOS,M,7,0,4,4,0,15,15
CHARBEL,M,0,0,6,0,0,22,6
CHARELLE,F,7,7,0,0,0,17,14
CHARIS,F,52,58,76,90,64,854,340
CHARISE,F,0,5,0,0,0,5,5
CHARISSE,F,7,0,5,10,3,70,25
CHARITY,F,12,18,8,6,7,155,51
CHARLA,F,3,0,4,0,4,32,11
CHARLEA,F,9,12,10,17,0,95,48
CHARLEE,F,27,35,30,38,34,557,164
CHARLEE,M,6,5,5,7,9,175,32
CHARLEEN,F,7,0,4,5,0,28,16
CHARLEIGH,F,33,29,38,36,35,587,171
CHARLENE,F,78,65,50,51,31,1478,275
CHARLES,M,1738,1762,1868,1667,1530,55906,8565
CHARLETTE,F,3,4,6,3,3,28,19
CHARLEY,F,256,301,310,320,279,4259,1466
CHARLEY,M,95,101,106,82,77,1687,461
CHARLEY-ANN,F,6,3,4,3,5,32,21
CHARLEY-ANNE,F,0,3,3,3,0,12,9
CHARLEY-LOUISE,F,0,3,3,0,0,6,6
CHARLI,F,21,21,42,25,35,571,144
CHARLIE,M,1912,2161,2401,2350,2355,79781,11179
CHARLIE,F,404,501,500,604,577,7479,2586
CHARLIE-ANN,F,8,8,8,5,6,94,35
CHARLIE-ANNE,F,6,7,6,4,11,59,34
CHARLIE-GEORGE,M,0,3,4,3,3,64,13
CHARLIE-JAMES,M,0,0,0,0,3,140,3
CHARLIE-JANE,F,0,0,0,0,4,7,4
CHARLIE-JO,F,0,0,3,4,0,10,7
CHARLIE-LEE,M,0,0,0,0,0,11,0
CHARLIE-LEIGH,F,0,0,3,0,0,17,3
CHARLIE-LOUISE,F,0,3,3,6,0,24,12
CHARLIE-RAY,M,0,0,0,0,0,65,0
CHARLIZE,F,0,0,0,0,6,292,6
CHARLOTTE,F,5866,5531,5430,4964,4778,83255,26569
CHARLOTTE-ANNE,F,3,0,0,3,0,6,6
CHARLOTTE-LOUISE,F,5,5,7,3,0,38,20
CHARLOTTE-MAY,F,0,0,0,0,0,11,0
CHARLOTTE-ROSE,F,3,0,0,3,0,50,6
CHARLTON,M,15,18,12,10,11,162,66
CHARLY,F,33,33,30,41,28,405,165
CHARLY,M,11,6,13,6,7,167,43
CHARM,F,0,0,0,3,0,26,3
CHARMAIN,F,4,4,3,0,0,17,11
CHARMAINE,F,111,70,77,50,42,650,350
CHARMI,F,0,0,0,0,0,11,0
CHARMIAN,F,0,4,3,0,3,10,10
CHARNA,F,3,3,0,3,4,28,13
CHARNELLE,F,3,6,3,0,0,19,12
CHARNEY,F,0,3,0,0,0,3,3
CHARYS,F,3,3,0,3,3,15,12
CHAS,M,8,4,5,0,3,28,20
CHASE,M,17,27,22,17,17,2031,100
CHASE,F,6,6,11,9,7,131,39
CHAUDHARY,M,5,0,0,3,0,24,8
CHAUDHRY,M,0,3,4,5,3,40,15
CHAUDRY,M,0,0,0,3,0,3,3
CHAUNCEY,M,0,0,0,3,0,3,3
CHAUNTELLE,F,0,3,0,0,0,3,3
CHAVA,F,3,10,0,3,5,123,21
CHAVEZ,M,3,0,0,0,0,3,3
CHAY,M,39,54,44,38,32,444,207
CHAY,F,6,0,0,0,3,9,9
CHAYA,F,25,18,27,28,20,651,118
CHAYSE,F,0,0,3,0,4,16,7
CHAZ,M,4,4,4,0,4,46,16
CHE,M,24,24,35,29,29,750,141
CHE,F,0,10,8,0,0,54,18
CHEIKH,M,0,0,0,0,0,15,0
CHELBIE,F,0,4,0,0,0,4,4
CHELBY,F,0,5,0,4,0,9,9
CHELCIE,F,20,10,8,5,6,53,49
CHELSEA,F,1735,1649,1510,1261,998,14192,7153
CHELSEA-ANN,F,4,3,0,3,4,18,14
CHELSEA-ANNE,F,4,0,6,3,0,13,13
CHELSEA-JADE,F,3,0,3,4,0,10,10
CHELSEA-LEA,F,0,0,0,5,0,8,5
CHELSEA-LEE,F,3,4,0,0,4,26,11
CHELSEA-LEIGH,F,0,7,4,11,10,106,32
CHELSEA-LOUISE,F,4,12,5,5,8,56,34
CHELSEA-MARIE,F,6,7,0,0,0,23,13
CHELSEE,F,11,6,7,3,7,64,34
CHELSEY,F,184,172,158,152,100,1668,766
CHELSI,F,11,12,10,11,9,116,53
CHELSIE,F,161,160,148,108,107,1163,684
CHELSIE-LOUISE,F,0,4,0,0,0,4,4
CHELSY,F,5,7,3,4,4,223,23
CHEN,M,0,0,0,0,0,77,0
CHEN,F,0,0,0,0,0,31,0
CHENAI,F,0,0,3,0,0,201,3
CHENELLE,F,6,7,3,6,5,61,27
CHENG,M,0,0,0,0,0,68,0
CHENICE,F,6,10,0,4,0,30,20
CHENISE,F,11,5,12,6,0,64,34
CHENNAI,F,0,0,0,0,0,22,0
CHER,F,0,4,0,6,3,16,13
CHERELLE,F,18,16,12,11,9,110,66
CHERI,F,5,6,0,6,3,24,20
CHERICE,F,0,10,0,3,3,28,16
CHERIE,F,32,55,26,23,19,259,155
CHERILYN,F,3,0,0,0,0,6,3
CHERISE,F,34,31,24,17,14,271,120
CHERISH,F,21,13,11,8,7,254,60
CHERISSE,F,5,6,0,0,0,17,11
CHEROKEE,F,0,0,0,3,0,6,3
CHERRELLE,F,8,3,3,0,0,14,14
CHERRI,F,4,0,0,3,0,14,7
CHERRIE,F,10,5,4,4,0,67,23
CHERRY,F,22,17,13,16,13,590,81
CHERYL,F,35,23,20,13,14,3329,105
CHESKA,F,0,0,0,0,0,15,0
CHESKY,M,0,0,0,0,0,23,0
CHESNEY,M,0,0,3,3,0,50,6
CHESNEY,F,4,4,7,6,0,24,21
CHESTER,M,24,32,28,29,26,1079,139
CHETAN,M,7,6,9,9,4,57,35
CHEVELLE,F,0,4,4,5,0,25,13
CHEVON,F,0,3,0,0,0,3,3
CHEVONNE,F,4,7,0,7,5,35,23
CHEY,M,4,0,9,5,0,45,18
CHEY,F,3,4,0,0,0,7,7
CHEYANNE,F,24,17,24,30,26,372,121
CHEYENNE,F,91,51,74,85,98,1031,399
CHEYENNE,M,3,4,4,0,0,11,11
CHEYNE,F,3,6,3,0,0,15,12
CHEZNEY,M,3,0,0,0,0,9,3
CHEZNEY,F,0,0,0,3,4,7,7
CHI,M,14,12,11,10,12,148,59
CHI,F,4,6,0,5,3,55,18
CHIAMAKA,F,6,0,0,0,7,172,13
CHIANA,F,0,0,0,3,4,55,7
CHIANNE,F,0,0,0,0,0,6,0
CHIARA,F,31,59,55,44,50,1073,239
CHIBUIKE,M,0,0,0,0,4,26,4
CHIDI,M,0,3,3,5,0,39,11
CHIDIEBERE,M,0,0,0,0,0,18,0
CHIDIMMA,F,0,0,0,0,0,24,0
CHIDO,F,0,0,0,0,0,22,0
CHIDUBEM,M,0,0,0,0,4,73,4
CHIDUBEM,F,0,0,0,0,3,3,3
CHIEDOZIE,M,0,0,0,0,0,14,0
CHIGOZIE,M,0,3,0,0,0,39,3
CHIJIOKE,M,0,0,0,0,0,13,0
CHIKA,F,4,0,0,0,0,45,4
CHIKAMSO,M,0,0,0,0,0,6,0
CHIKE,M,5,0,0,0,3,11,8
CHIMAOBI,M,0,0,0,0,0,11,0
CHIMNEDUM,M,0,3,0,0,0,3,3
CHINA,F,11,12,20,7,10,163,60
CHINEDU,M,0,0,0,0,3,77,3
CHING,F,3,0,0,0,0,3,3
CHINO,M,3,0,0,0,0,6,3
CHINOMSO,M,0,0,0,0,0,6,0
CHINONSO,M,0,0,0,0,0,45,0
CHINUALUMOGU,M,0,0,0,0,0,3,0
CHINWE,F,0,5,0,0,0,11,5
CHINWENDU,F,0,0,0,0,0,3,0
CHIOMA,F,7,11,9,6,7,201,40
CHIQUITA,F,0,0,3,0,0,11,3
CHIRAG,M,11,11,7,12,7,90,48
CHIRON,M,3,0,0,0,0,3,3
CHISOM,F,0,0,0,5,3,116,8
CHISOM,M,0,0,0,0,0,52,0
CHIYO,F,0,0,0,0,0,3,0
CHIZARA,F,0,0,0,0,0,67,0
CHIZITELU,F,0,0,0,0,0,3,0
CHIZITERE,F,0,0,0,0,0,6,0
CHLOE,F,6824,7745,9628,9038,7534,106152,40769
CHLOE-ANN,F,7,11,16,21,5,191,60
CHLOE-ANNE,F,6,9,13,12,12,157,52
CHLOE-JADE,F,0,4,3,0,0,15,7
CHLOE-JANE,F,0,0,0,5,3,30,8
CHLOE-JAYNE,F,6,0,0,3,0,18,9
CHLOE-LEIGH,F,0,0,4,0,5,64,9
CHLOE-LOUISE,F,14,6,22,20,16,274,78
CHLOE-MAE,F,0,0,0,5,3,91,8
CHLOE-MARIE,F,8,6,7,10,0,131,31
CHLOE-MAY,F,0,5,0,5,4,113,14
CHLOE-ROSE,F,0,3,5,0,0,60,8
CHLOEY,F,4,3,0,4,0,17,11
CHLOIE,F,0,0,0,6,3,51,9
CHOI,F,3,0,0,0,0,6,3
CHOLE,F,0,4,4,4,6,42,18
CHONTELLE,F,0,0,3,0,0,3,3
CHOUDARY,M,0,0,0,0,0,3,0
CHOUDHARY,M,0,0,0,0,0,6,0
CHOUDHRY,M,0,0,0,0,0,17,0
CHOUDHURY,M,0,4,0,0,0,4,4
CHOWDHURY,M,0,4,0,0,0,4,4
CHRIS,M,17,14,15,22,22,673,90
CHRISSIE,F,5,7,0,3,3,64,18
CHRISSY,F,0,3,0,3,0,44,6
CHRIST,M,0,3,4,0,0,26,7
CHRISTA,F,9,8,7,10,11,149,45
CHRISTABEL,F,13,19,15,7,9,324,63
CHRISTABELLE,F,0,0,0,3,0,57,3
CHRISTAKIS,M,0,3,0,0,0,6,3
CHRISTAL,F,3,0,6,0,3,37,12
CHRISTAN,M,0,0,3,0,0,39,3
CHRISTEL,F,0,0,3,0,0,22,3
CHRISTELLE,F,4,0,6,4,3,68,17
CHRISTI,F,0,3,0,5,0,11,8
CHRISTIAAN,M,0,3,0,0,4,58,7
CHRISTIAN,M,627,562,575,478,448,10165,2690
CHRISTIANA,F,14,30,19,20,19,442,102
CHRISTIANE,F,4,0,6,3,0,28,13
CHRISTIANNA,F,5,6,6,0,3,50,20
CHRISTIANNE,F,4,0,0,0,0,4,4
CHRISTIANO,M,0,0,0,0,0,69,0
CHRISTIE,F,107,81,77,65,36,594,366
CHRISTIE,M,11,8,0,6,10,64,35
CHRISTIEN,M,3,0,0,0,0,3,3
CHRISTINA,F,256,197,195,151,153,4635,952
CHRISTINE,F,93,79,73,59,61,19906,365
CHRISTOFF,M,0,0,0,0,0,3,0
CHRISTOFOROS,M,0,4,0,0,0,4,4
CHRISTOPHE,M,0,4,3,3,9,39,19
CHRISTOPHER,M,3483,2939,2499,1937,1611,67767,12469
CHRISTOS,M,12,7,18,11,12,254,60
CHRISTY,F,31,29,31,12,21,257,124
CHRISTY,M,17,23,19,19,10,225,88
CHRYSTAL,F,16,17,10,10,7,175,60
CHUKA,M,0,0,0,0,0,3,0
CHUKWUBUIKEM,M,0,0,0,0,0,3,0
CHUKWUDI,M,3,0,0,0,0,23,3
CHUKWUEMEKA,M,7,4,6,6,5,148,28
CHUKWUKA,M,0,0,0,0,0,22,0
CHUKWUNONSO,M,0,4,0,0,0,17,4
CHUMA,M,0,0,0,0,0,3,0
CHUN,M,9,7,3,5,5,76,29
CHURCHILL,M,0,0,0,0,0,3,0
CHYANNE,F,4,0,9,5,8,98,26
CHYNA,F,7,27,25,29,44,385,132
CHYNNA,F,16,8,10,5,7,50,46
CIABHAN,M,0,0,0,0,0,4,0
CIAN,M,65,69,66,101,133,3375,434
CIAN,F,3,7,3,4,0,31,17
CIANA,F,0,0,0,0,3,94,3
CIANAN,M,0,6,4,0,0,46,10
CIANNA,F,0,0,0,0,3,160,3
CIANNE,F,0,0,0,0,3,6,3
CIARA,F,276,347,370,365,339,5120,1697
CIARAH,F,0,0,0,0,0,6,0
CIARAN,M,278,339,305,289,298,4723,1509
CIAREN,M,4,4,0,0,0,35,8
CIARON,M,5,10,9,3,17,110,44
CIARRA,F,3,0,4,0,0,22,7
CICELY,F,16,16,17,16,12,302,77
CICI,F,0,0,0,0,0,27,0
CICILY,F,0,0,0,0,0,6,0
CIDNEY,F,0,0,0,0,3,6,3
CIELO,F,0,0,0,0,0,11,0
CIENNA,F,0,0,0,0,0,318,0
CIERA,F,12,16,17,20,16,205,81
CIERAN,M,27,26,30,33,35,433,151
CIERON,M,3,5,5,6,4,62,23
CIHAN,M,0,0,0,0,0,15,0
CILLIAN,M,12,4,3,3,5,534,27
CINDY,F,21,20,16,13,20,392,90
CINZIA,F,4,0,3,0,3,14,10
CIONA,F,0,0,5,4,0,14,9
CIRO,M,0,0,0,0,0,15,0
CIWAN,M,0,0,0,0,0,17,0
CLAIR,F,8,7,4,4,0,557,23
CLAIRA,F,6,4,0,3,0,16,13
CLAIRE,F,564,439,339,263,181,17603,1786
CLAIRE-LOUISE,F,0,5,0,4,0,16,9
CLARA,F,107,110,112,123,98,6055,550
CLARE,F,216,184,122,104,80,7533,706
CLARENCE,M,4,6,0,0,0,1471,10
CLARICE,F,32,26,19,19,13,316,109
CLARIS,F,0,0,0,0,0,4,0
CLARISA,F,0,0,0,0,0,3,0
CLARISE,F,4,0,0,0,0,4,4
CLARISSA,F,78,67,40,36,41,666,262
CLARISSE,F,5,8,3,5,4,81,25
CLARK,M,26,21,17,11,8,709,83
CLARKE,M,6,16,10,10,6,236,48
CLARRISA,F,0,3,0,0,0,3,3
CLAUDE,M,18,6,5,5,7,1403,41
CLAUDETTE,F,5,5,0,4,4,21,18
CLAUDIA,F,290,338,366,353,254,4652,1601
CLAUDIE,F,0,0,0,0,0,17,0
CLAUDINE,F,4,0,0,3,5,24,12
CLAUDIO,M,7,9,4,4,7,107,31
CLAUDIU,M,0,0,0,0,0,3,0
CLAUDIUS,M,0,0,0,0,0,3,0
CLAY,M,4,7,13,8,5,335,37
CLAYDON,M,0,0,0,0,0,6,0
CLAYTON,M,55,65,60,60,60,1522,300
CLEA,F,7,0,9,5,6,105,27
CLEM,M,0,0,0,4,0,11,4
CLEMENCE,F,0,0,0,4,3,154,7
CLEMENCY,F,0,5,4,0,5,94,14
CLEMENT,M,15,17,12,16,10,331,70
CLEMENTINA,F,0,0,0,0,3,26,3
CLEMENTINE,F,34,22,28,23,32,1163,139
CLEO,F,35,49,44,33,53,1608,214
CLEOPATRA,F,3,6,7,7,5,128,28
CLEVELAND,M,0,0,0,0,0,3,0
CLIFF,M,0,0,0,3,0,10,3
CLIFFORD,M,14,11,11,8,6,8008,50
CLIFTON,M,0,4,0,0,0,4,4
CLINT,M,9,5,4,4,5,69,27
CLINTON,M,19,11,10,6,10,203,56
CLIO,F,4,6,7,7,12,185,36
CLIODHNA,F,0,4,5,3,5,47,17
CLIONA,F,5,9,6,10,9,109,39
CLIVE,M,16,20,5,10,12,5535,63
CLODAGH,F,14,24,23,16,17,295,94
CLODIE,F,0,3,0,0,0,3,3
CLOE,F,29,36,35,36,29,422,165
CLOEY,F,0,0,0,0,0,13,0
CLOTILDE,F,0,0,0,0,0,3,0
CLOUD,M,0,0,0,0,0,3,0
CLOVER,F,3,9,5,6,0,150,23
CLOVIS,M,0,0,0,0,0,8,0
CLYDE,M,4,6,0,5,5,95,20
COADY,M,0,0,0,0,0,9,0
COBAIN,M,0,0,0,0,0,47,0
COBAN,M,0,0,0,0,0,67,0
COBEN,M,0,0,0,0,0,136,0
COBI,M,12,4,7,6,6,222,35
COBI,F,0,0,0,0,0,5,0
COBIE,M,6,0,0,4,0,237,10
COBIE,F,0,0,3,0,0,26,3
COBURN,M,0,0,0,0,0,11,0
COBY,M,16,21,29,21,18,1737,105
COBY,F,5,4,4,0,0,31,13
COBYN,M,0,0,0,0,0,5,0
COCO,F,4,12,9,5,3,863,33
CODEY,M,0,6,6,8,6,528,26
CODEY,F,6,6,5,4,11,85,32
CODI,M,3,3,7,0,0,210,13
CODI,F,5,13,6,11,17,209,52
CODIE,F,61,59,56,78,68,1156,322
CODIE,M,6,3,5,7,12,447,33
CODY,M,40,58,74,106,111,7153,389
CODY,F,114,87,87,78,70,1158,436
CODY-LEE,M,0,0,0,0,0,68,0
COEL,M,0,4,0,0,4,115,8
COEN,M,0,0,3,3,0,337,6
COFI,M,0,0,0,0,0,3,0
COHAN,M,3,3,3,0,0,186,9
COHEN,M,6,8,4,8,4,1353,30
COLBIE,M,0,3,0,0,0,47,3
COLBIE,F,3,0,0,0,0,39,3
COLBY,M,17,23,15,39,29,1042,123
COLBY,F,5,8,0,8,3,42,24
COLE,M,47,42,79,120,182,5896,470
COLEBY,M,0,0,0,0,0,20,0
COLEEN,F,5,4,0,0,0,32,9
COLETTE,F,58,38,49,32,25,417,202
COLIN,M,76,79,56,62,57,21504,330
COLLEEN,F,30,30,25,25,18,225,128
COLLETTE,F,32,25,18,19,19,184,113
COLLIN,M,3,0,6,4,0,50,13
COLLINS,M,0,3,0,4,0,68,7
COLM,M,21,31,23,26,24,264,125
COLT,M,4,3,5,0,0,100,12
COLTON,M,9,0,3,0,5,233,17
COLTRANE,M,0,0,0,0,0,3,0
COLUM,M,7,3,6,4,0,20,20
COLUMBUS,M,0,0,0,0,0,3,0
COLWYN,M,0,0,0,0,0,6,0
COMFORT,F,5,4,3,4,4,91,20
CONAGH,M,6,0,3,3,0,15,12
CONAH,M,12,10,17,6,6,69,51
CONAILL,M,0,0,0,0,0,4,0
CONAL,M,17,13,14,8,21,206,73
CONALL,M,16,22,24,11,15,329,88
CONAN,M,12,11,16,10,9,267,58
CONAR,M,5,5,7,4,0,24,21
CONAUGH,M,3,0,0,0,0,3,3
CONDOLEEZZA,F,0,0,0,0,0,3,0
CONER,M,6,5,9,5,0,30,25
CONLAN,M,0,4,3,6,7,75,20
CONNA,M,20,11,17,7,10,148,65
CONNAGH,M,14,9,10,5,0,55,38
CONNAH,M,57,53,47,23,19,397,199
CONNAIRE,M,10,3,0,3,0,16,16
CONNAL,M,7,7,0,0,4,21,18
CONNALL,M,8,9,3,8,6,63,34
CONNAN,M,0,3,7,3,3,25,16
CONNAR,M,18,23,8,12,4,121,65
CONNEL,M,9,4,4,0,0,32,17
CONNELL,M,10,10,7,12,9,121,48
CONNER,M,229,238,301,217,165,2607,1150
CONNIE,F,144,154,149,165,163,5391,775
CONNIE-MAE,F,4,0,0,0,0,52,4
CONNIE-MAY,F,0,0,0,0,0,15,0
CONNIE-ROSE,F,0,0,0,0,0,27,0
CONNOR,M,5009,4890,5155,3786,3328,52260,22168
CONNOR-LEE,M,0,3,0,0,4,46,7
CONNY,F,0,0,0,0,0,3,0
CONOR,M,1081,1024,1225,866,619,9718,4815
CONRAD,M,39,57,66,58,53,1219,273
CONRAN,M,0,3,0,5,0,11,8
CONSTANCE,F,115,103,89,110,107,7465,524
CONSTANTIN,M,0,0,0,0,3,107,3
CONSTANTINE,M,5,7,6,6,4,143,28
CONSTANTINOS,M,4,5,9,3,0,87,21
CONSTANZA,F,0,0,0,0,0,7,0
CONSUELA,F,0,0,0,0,0,6,0
CONWAY,M,3,6,0,0,0,9,9
COOPER,M,0,5,12,6,9,1891,32
CORA,F,38,18,37,55,78,1645,226
CORAH,F,0,0,0,4,3,45,7
CORAL,F,128,95,104,92,49,1022,468
CORALE,F,0,0,0,0,3,3,3
CORALENA,F,0,0,0,3,0,6,3
CORALIE,F,15,9,11,10,3,210,48
CORALINE,F,0,0,0,0,0,34,0
CORAN,M,4,5,0,9,4,73,22
CORAN,F,3,4,0,3,3,13,13
CORBAN,M,0,0,3,3,4,315,10
CORBEN,M,0,4,6,10,7,501,27
CORBIN,M,8,7,12,13,16,395,56
CORBURN,M,0,0,0,0,0,3,0
CORBY,M,0,0,3,5,3,83,11
CORBYN,M,0,3,6,5,5,221,19
CORDAE,M,0,0,0,0,0,3,0
CORDEL,M,0,0,0,0,0,7,0
CORDELIA,F,23,14,42,33,23,749,135
CORDELL,M,4,6,0,0,0,110,10
CORDEN,M,0,0,0,0,0,3,0
COREE,M,0,9,4,0,3,34,16
CORELLE,F,3,0,0,0,0,3,3
COREN,M,0,0,0,0,0,12,0
COREY,M,527,584,545,475,461,11222,2592
COREY,F,21,15,14,7,12,141,69
COREY-JAMES,M,0,4,0,0,0,53,4
CORI,M,19,8,10,9,10,216,56
CORI,F,4,3,7,8,9,71,31
CORIE,M,13,5,8,7,11,109,44
CORIE,F,8,7,3,4,0,36,22
CORIN,M,10,17,8,12,10,261,57
CORIN,F,13,3,6,7,6,85,35
CORINA,F,8,8,7,9,5,87,37
CORINNA,F,16,11,14,16,11,128,68
CORINNE,F,49,35,35,30,21,343,170
CORLEY,M,0,0,0,0,0,49,0
CORMAC,M,33,26,37,26,35,693,157
CORMACK,M,3,0,0,0,0,9,3
CORNEL,M,0,0,0,0,0,7,0
CORNELIA,F,4,3,3,8,4,124,22
CORNELIUS,M,7,4,5,7,7,141,30
CORNELL,M,0,4,0,3,0,25,7
CORRA,F,0,0,0,5,0,5,5
CORRAN,M,4,3,4,6,0,78,17
CORRAN,F,3,5,0,0,0,11,8
CORREY,M,0,6,12,5,5,56,28
CORREY,F,0,0,0,3,0,3,3
CORRI,F,3,0,0,0,0,3,3
CORRIE,F,23,29,20,11,11,114,94
CORRIE,M,21,16,12,23,12,112,84
CORRIN,F,15,7,11,10,5,57,48
CORRIN,M,0,0,0,0,0,3,0
CORRINA,F,23,14,15,12,11,126,75
CORRINE,F,8,10,7,7,3,48,35
CORRINNE,F,3,0,0,7,0,10,10
CORRY,M,0,3,0,0,0,7,3
CORRYN,F,0,3,0,3,3,9,9
CORTNEY,F,9,20,12,8,12,155,61
CORTNEY,M,3,0,0,0,0,3,3
CORTNIE,F,0,0,3,0,0,3,3
CORVIN,M,0,0,0,0,0,4,0
CORWIN,M,0,0,0,0,3,7,3
CORY,M,252,217,182,180,155,2814,986
CORY,F,7,7,6,9,3,39,32
CORY-LEE,M,0,0,0,0,3,12,3
CORYN,F,3,5,0,0,0,19,8
COSIMA,F,6,4,5,12,10,173,37
COSIMO,M,0,0,0,6,3,37,9
COSMO,M,5,6,10,18,13,346,52
COUNTESS,F,0,0,0,0,3,3,3
COURAGE,M,0,0,0,0,0,7,0
COURTENAY,F,15,14,19,12,10,90,70
COURTENEY,F,130,137,182,92,73,798,614
COURTNAY,F,4,8,5,4,6,30,27
COURTNEE,F,5,3,0,0,3,22,11
COURTNEY,F,1203,2812,3251,2485,2131,23410,11882
COURTNEY,M,116,56,33,15,19,388,239
COURTNEY-JADE,F,0,7,7,7,3,37,24
COURTNEY-JANE,F,0,3,4,0,0,7,7
COURTNEY-LEE,F,3,5,0,3,5,21,16
COURTNEY-LEIGH,F,4,8,9,9,5,107,35
COURTNEY-LOUISE,F,5,4,5,7,4,63,25
COURTNEY-MARIE,F,0,3,0,4,0,20,7
COURTNEY-PAIGE,F,0,3,4,0,0,7,7
COURTNEY-ROSE,F,0,0,0,0,3,26,3
COURTNIE,F,11,24,17,10,6,118,68
COWAN,M,0,0,0,0,4,22,4
COWEN,M,0,0,0,0,0,15,0
CRAIG,M,705,575,484,383,363,13489,2510
CRAWFORD,M,0,0,0,5,5,29,10
CREE,F,4,0,3,3,3,21,13
CREE,M,0,0,0,0,0,19,0
CREED,M,0,0,0,0,0,3,0
CREEGAN,M,0,0,0,5,0,8,5
CRESSIDA,F,5,8,9,4,10,147,36
CRIS,M,0,0,0,0,0,6,0
CRISPIN,M,5,0,5,7,3,74,20
CRISTA,F,0,3,0,0,0,3,3
CRISTABEL,F,0,0,0,0,0,3,0
CRISTIAN,M,5,9,7,13,13,366,47
CRISTIANO,M,4,3,0,0,3,234,10
CRISTINA,F,19,26,13,17,23,364,98
CRISTOBAL,M,0,0,0,0,0,3,0
CRISTOPHER,M,0,0,0,0,0,3,0
CRISTY,F,0,4,3,0,0,7,7
CRUZ,M,0,0,0,0,0,826,0
CRYSTAL,F,107,100,132,105,96,2861,540
CUAN,M,0,0,0,4,3,24,7
CUBA,M,0,0,0,3,0,85,3
CULLAN,M,5,0,4,6,0,18,15
CULLEN,M,10,13,7,10,7,200,47
CULLUM,M,4,4,0,0,3,14,11
CURRAN,M,4,0,0,5,0,15,9
CURT,M,0,0,5,0,0,17,5
CURTIS,M,757,675,503,438,394,5478,2767
CURTIS-LEE,M,3,0,3,0,3,13,9
CURTISS,M,3,0,0,0,0,3,3
CUTHBERT,M,0,3,0,0,3,25,6
CY,M,9,3,9,5,10,96,36
CYAN,F,3,3,4,0,0,65,10
CYANNE,F,0,0,0,0,0,4,0
CYDNEE,F,5,0,0,0,4,41,9
CYDNEY,F,34,22,27,35,31,473,149
CYDNI,F,0,0,5,0,0,12,5
CYDNIE,F,0,4,0,4,0,24,8
CYLE,M,3,0,7,4,4,54,18
CYNAN,M,3,3,0,3,3,119,12
CYNTHIA,F,9,6,11,9,8,1177,43
CYPRUS,F,4,0,0,0,0,4,4
CYRA,F,0,3,4,0,8,89,15
CYRIL,M,4,3,3,3,4,9602,17
CYRUS,M,29,26,19,29,40,838,143
DAANISH,M,4,8,12,12,18,294,54
DAANYAAL,M,12,18,19,28,32,336,109
DAANYAL,M,0,5,4,5,9,99,23
DACEY,F,0,0,0,0,0,12,0
DACIA,F,0,0,0,0,3,12,3
DADE,M,0,0,4,5,3,19,12
DAEGAN,M,0,0,0,0,0,12,0
DAEMON,M,0,3,0,0,0,6,3
DAENA,F,6,3,0,0,0,15,9
DAENERYS,F,0,0,0,0,0,19,0
DAFYDD,M,84,101,90,108,108,1198,491
DAGAN,M,0,4,0,0,0,52,4
DAGMARA,F,0,0,0,0,0,45,0
DAHIR,M,3,0,4,0,3,56,10
DAHLIA,F,0,3,3,7,0,262,13
DAI,M,0,0,0,0,0,6,0
DAIN,M,4,0,0,0,4,21,8
DAINA,F,8,13,9,8,5,84,43
DAINE,M,0,0,3,0,4,21,7
DAINTON,M,0,0,0,0,0,257,0
DAIRE,M,5,0,0,4,0,39,9
DAIRE,F,5,0,0,0,0,5,5
DAISEY,F,5,0,4,3,5,160,17
DAISIE,F,13,12,13,14,17,753,69
DAISY,F,828,857,839,796,1013,37742,4333
DAISY-LEIGH,F,0,0,0,0,0,68,0
DAISY-MAE,F,6,3,4,5,12,658,30
DAISY-MAI,F,0,3,0,0,0,238,3
DAISY-MAY,F,9,11,10,6,9,629,45
DAIVIK,M,0,0,0,0,0,17,0
DAIWIK,M,0,0,0,0,0,12,0
DAIZY,F,3,4,0,0,0,72,7
DAKOTA,F,10,9,10,12,12,876,53
DAKOTA,M,6,5,4,7,7,149,29
DALAL,F,0,0,4,3,3,37,10
DALE,M,373,241,133,106,77,3354,930
DALE,F,6,3,4,0,0,16,13
DALEY,M,6,4,0,3,3,149,16
DALIA,F,11,13,8,8,10,367,50
DALIAN,M,4,3,0,0,0,7,7
DALILA,F,0,0,0,0,0,22,0
DALLAS,M,0,0,3,0,6,120,9
DALLAS,F,3,5,0,0,3,51,11
DALTON,M,32,58,51,47,31,930,219
DALVIN,M,6,0,0,0,3,12,9
DALVIR,M,0,4,0,0,0,7,4
DALYA,F,0,0,3,4,4,41,11
DAMAN,M,0,0,0,0,0,20,0
DAMANI,M,6,0,8,0,4,35,18
DAMARIS,F,0,6,7,3,0,107,16
DAMIAN,M,83,73,56,51,42,3043,305
DAMIEN,M,90,91,78,88,67,2323,414
DAMILOLA,F,4,4,3,0,0,76,11
DAMILOLA,M,4,6,3,0,0,67,13
DAMINI,F,10,3,4,3,7,49,27
DAMION,M,12,14,10,4,15,182,55
DAMLA,F,4,6,6,4,0,107,20
DAMON,M,136,122,77,53,56,1046,444
DAN,M,26,40,36,38,35,659,175
DANA,F,167,201,145,130,73,1459,716
DANAE,F,6,7,7,5,5,166,30
DANAH,F,5,4,5,3,7,61,24
DANAI,F,0,0,0,0,0,44,0
DANAS,M,0,0,0,0,0,39,0
DANAYA,F,0,0,0,0,0,19,0
D'ANDRE,M,0,0,0,4,8,102,12
DANE,M,80,58,50,56,109,845,353
DANEKA,F,3,0,3,3,0,9,9
DANELLA,F,0,0,0,3,0,6,3
DANELLE,F,0,0,0,3,0,12,3
DANESH,M,0,4,0,4,0,34,8
D'ANGELO,M,0,3,0,3,4,61,10
DANI,F,43,27,23,15,21,342,129
DANI,M,6,6,0,7,6,130,25
DANIA,F,5,10,7,12,7,394,41
DANIAAL,M,9,7,18,10,7,86,51
DANIAL,M,32,21,29,24,29,508,135
DANICA,F,22,26,22,13,13,349,96
DANIEL,M,10338,9047,7732,6935,6229,138116,40281
DANIELA,F,43,51,49,61,41,1076,245
DANIELE,M,11,15,12,9,6,167,53
DANIELE,F,4,0,4,3,0,132,11
DANIELIS,M,0,0,0,0,0,39,0
DANIELIUS,M,0,0,0,0,0,283,0
DANIEL-JAMES,M,0,3,3,0,0,42,6
DANIELLA,F,319,297,232,258,229,3688,1335
DANIELLE,F,2641,2069,1598,1211,961,17797,8480
DANIEL-LEE,M,3,0,0,0,0,8,3
DANIKA,F,21,28,28,23,12,364,112
DANILO,M,3,4,3,0,3,77,13
DANIQUE,F,0,0,3,0,0,10,3
DANISH,M,13,17,18,16,22,490,86
DANISHA,F,7,3,5,0,3,52,18
DANIYAAL,M,4,0,3,5,5,104,17
DANIYAL,M,9,13,13,9,24,1076,68
DANNA,F,3,0,0,0,0,26,3
DANNI,F,98,82,62,44,36,777,322
DANNICA,F,0,0,0,0,3,6,3
DANNIE,M,0,0,5,0,0,15,5
DANNIE,F,5,0,0,0,0,8,5
DANNIELLA,F,48,25,23,23,14,286,133
DANNIELLE,F,102,84,67,51,37,492,341
DANNII,F,18,12,11,7,6,138,54
DANNIKA,F,3,0,0,0,4,30,7
DANNI-LEIGH,F,4,3,3,0,0,17,10
DANNY,M,565,528,455,384,334,8520,2266
DANNY-LEE,M,3,3,3,4,0,77,13
DANTE,M,11,25,44,66,39,1511,185
DANVIR,M,0,3,0,0,0,14,3
DANYA,F,9,12,3,9,7,220,40
DANYAAL,M,17,23,21,35,29,524,125
DANYAL,M,44,57,51,54,63,1191,269
DANYELLE,F,5,3,0,8,0,23,16
DAOUD,M,0,0,8,0,3,63,11
DAPHNE,F,4,6,11,11,9,3059,41
DARA,M,0,6,10,5,9,292,30
DARA,F,10,8,6,13,12,198,49
DARAGH,M,11,10,9,8,3,112,41
DARBY,F,10,15,10,7,9,121,51
DARBY,M,3,0,0,0,4,28,7
DARCEE,F,0,0,0,0,0,59,0
DARCEY,F,30,41,73,109,110,6440,363
DARCI,F,9,5,11,16,13,741,54
DARCIA,F,0,0,0,4,0,17,4
DARCIE,F,45,72,72,74,73,5178,336
DARCIE-MAE,F,0,0,0,0,0,125,0
DARCY,F,107,121,145,139,130,6569,642
DARCY,M,17,17,13,10,14,617,71
D'ARCY,F,11,15,13,15,12,195,66
D'ARCY,M,5,0,4,0,7,22,16
DARDAN,M,0,0,3,6,0,24,9
DARIA,F,4,5,8,20,11,760,48
DARIAN,M,16,3,6,5,11,174,41
DARIAN,F,12,8,5,5,6,41,36
DARIANNE,F,4,0,0,0,0,4,4
DARIEN,M,23,14,6,6,6,97,55
DARIN,M,0,4,0,3,0,190,7
DARIO,M,18,16,16,18,9,283,77
DARION,M,0,0,3,4,0,27,7
DARIUS,M,59,62,68,74,70,1062,333
DARLA,F,0,0,0,0,0,158,0
DARLENE,F,4,0,0,3,5,54,12
DARLEY,F,0,0,0,0,0,4,0
DARLIA,F,0,0,0,0,0,4,0
DARNA,F,0,0,0,0,0,3,0
DARNEL,M,5,9,4,10,6,68,34
DARNELL,M,29,76,73,61,46,629,285
DARNELLE,M,0,4,8,3,0,15,15
DARRAGH,M,24,35,21,23,24,525,127
DARRAN,M,7,9,8,0,4,40,28
DARREL,M,17,8,3,12,4,98,44
DARRELL,M,29,25,22,7,4,253,87
DARREN,M,343,304,272,166,170,11676,1255
DARRIAN,M,5,5,5,3,5,29,23
DARRIAN,F,0,3,0,0,0,3,3
DARRIEN,M,0,0,0,0,0,3,0
DARRIN,M,0,4,0,0,0,7,4
DARRION,M,0,0,0,4,0,16,4
DARRIUS,M,0,0,0,3,3,13,6
DARRON,M,4,0,0,3,0,28,7
DARRYL,M,71,51,31,25,27,384,205
DARSHAN,M,8,5,10,10,12,190,45
DARSHIL,M,0,3,0,0,0,8,3
DARWIN,M,6,0,8,0,4,240,18
DARYA,F,0,0,5,0,5,163,10
DARYL,M,111,62,40,28,26,466,267
DARYL,F,17,11,9,3,0,53,40
DARYLL,M,11,0,3,5,0,29,19
DASHA,F,0,0,0,0,3,77,3
DAUD,M,7,8,3,9,10,226,37
DAULTON,M,4,0,0,0,0,7,4
DAVE,M,0,9,5,9,4,161,27
DAVEENA,F,0,0,4,5,0,30,9
DAVEY,M,8,13,11,5,15,248,52
DAVIAN,M,4,0,0,0,0,31,4
DAVID,M,2517,2237,1993,1642,1542,99848,9931
DAVIDE,M,5,3,4,0,4,116,16
DAVID-LEE,M,0,0,0,0,3,3,3
DAVIE,M,5,0,5,3,0,97,13
DAVIN,M,4,4,3,7,0,98,18
DAVINA,F,41,37,53,61,84,1037,276
DAVINDER,M,7,5,3,4,8,34,27
DAVINIA,F,0,7,5,3,8,48,23
DAVION,M,0,0,0,0,0,13,0
DAVIS,M,3,11,9,5,9,191,37
DAVITA,F,0,4,0,0,0,4,4
DAVY,M,6,5,3,3,7,105,24
DAWN,F,39,31,25,29,20,5589,144
DAWOOD,M,3,4,8,11,9,323,35
DAWSON,M,0,0,7,13,15,617,35
DAWUD,M,3,14,7,9,11,655,44
DAX,M,0,4,5,3,0,114,12
DAYLAN,M,3,0,0,0,0,14,3
DAYLE,M,30,16,6,0,0,59,52
DAYLE,F,4,3,0,0,0,7,7
DAYNA,F,91,78,72,70,34,562,345
DAYNE,M,6,10,8,4,9,94,37
DAYTON,M,0,0,4,4,0,213,8
DE,M,0,3,3,4,4,64,14
DEA,F,0,0,0,6,5,148,11
DEACAN,M,0,0,0,0,0,44,0
DEACON,M,6,7,6,15,23,1264,57
DEAGLAN,M,0,3,6,6,3,29,18
DEAKIN,M,0,0,0,0,3,20,3
DEAKON,M,0,0,0,0,0,55,0
DEAN,M,719,538,406,348,315,11433,2326
DEANA,F,10,19,15,14,7,125,65
DEANDRA,F,0,0,3,0,0,14,3
DEANDRE,M,0,0,3,4,7,117,14
DEANE,M,11,5,4,0,0,26,20
DEANNA,F,202,173,126,118,100,1226,719
DEANNA-MARIE,F,0,3,0,0,0,3,3
DEANNE,F,21,20,22,18,8,157,89
DEANO,M,0,0,0,0,0,44,0
DEARBHLA,F,0,3,3,4,0,27,10
DEBBIE,F,43,23,19,19,15,1313,119
DEBBY,F,0,0,0,0,4,4,4
DEBORA,F,0,0,0,0,4,73,4
DEBORAH,F,118,100,83,68,75,12225,444
DEBRA,F,13,11,13,7,4,2422,48
DEBRAH,F,0,0,0,0,0,3,0
DECCA,F,0,0,0,0,0,3,0
DECKLAN,M,5,3,4,3,0,24,15
DECKLAND,M,0,0,3,0,0,3,3
DECLAN,M,680,942,663,773,798,11048,3856
DECLAND,M,4,9,4,7,5,40,29
DECLYN,M,0,0,5,0,3,47,8
DEE,F,8,5,6,0,3,87,22
DEEANNA,F,5,0,0,5,0,13,10
DEEGAN,M,0,0,0,0,0,65,0
DEEN,M,0,8,9,13,6,471,36
DEENA,F,12,10,15,8,12,205,57
DEENAH,F,0,0,0,0,0,39,0
DEEP,M,6,0,7,4,8,91,25
DEEPA,F,4,9,0,5,0,28,18
DEEPAK,M,6,9,8,9,7,72,39
DEEPALI,F,0,3,9,3,0,18,15
DEEPIKA,F,0,6,0,4,3,64,13
DEESHA,F,0,0,4,0,0,17,4
DEIA,F,0,0,0,0,0,39,0
DEIAN,M,3,3,5,4,0,96,15
DEIGHTON,M,0,3,0,0,0,18,3
DEINIOL,M,0,3,4,4,4,53,15
DEIO,M,0,0,0,5,4,126,9
DEION,M,6,5,3,4,0,39,18
DEIRDRE,F,0,3,0,3,0,6,6
DEIVIDAS,M,0,0,0,0,3,172,3
DEJA,F,3,0,5,12,9,104,29
DEJAN,M,3,0,0,6,5,47,14
DEJAUN,M,0,4,0,0,4,32,8
DEJOURN,M,0,0,3,0,0,3,3
DEJUAN,M,3,4,0,3,0,22,10
DEKA,F,0,0,3,0,0,3,3
DEKLAN,M,7,12,9,14,6,64,48
DEKLAND,M,0,0,3,0,0,3,3
DEL,M,4,6,6,3,0,30,19
DELA,F,0,0,0,0,0,4,0
DELANEY,F,6,6,5,4,4,102,25
DELANEY,M,0,0,0,3,0,40,3
DELANIE,F,0,0,3,0,0,3,3
DELANO,M,0,0,0,0,0,44,0
DELCIE,F,0,0,0,0,0,13,0
DELENN,F,0,4,0,5,0,9,9
DELIA,F,10,0,4,0,6,208,20
DELICIA,F,4,4,0,0,0,64,8
DELIGHT,F,0,0,0,0,0,3,0
DELIGHT,M,0,0,0,0,0,3,0
DELILAH,F,4,15,10,11,13,1770,53
DELLA,F,12,11,12,12,7,212,54
DELORES,F,0,0,0,3,0,8,3
DELPHI,F,4,6,0,5,6,166,21
DELPHIE,F,0,0,0,0,0,22,0
DELPHINA,F,0,0,0,0,0,6,0
DELPHINE,F,6,5,5,6,4,200,26
DELROY,M,0,0,3,3,0,15,6
DELTON,M,3,0,0,0,0,3,3
DELVIN,M,0,0,0,0,0,25,0
DELWYN,M,0,0,0,0,0,11,0
DELYTH,F,8,12,8,3,5,115,36
DEMARCO,M,0,0,0,0,0,42,0
DEMARIO,M,0,0,0,0,0,39,0
DEMBA,M,0,0,0,0,0,21,0
DEMELZA,F,7,5,4,7,5,110,28
DEMETRA,F,7,0,0,0,0,20,7
DEMETRI,M,6,4,4,6,7,79,27
DEMETRIOS,M,3,0,0,0,0,28,3
DEMETRIS,M,0,0,4,0,0,13,4
DEMETRIUS,M,7,0,3,4,4,42,18
DEMI,F,689,633,513,444,409,8686,2688
DEMIE,F,4,10,8,4,3,104,29
DEMI-JAY,F,0,4,0,0,0,4,4
DEMI-JO,F,0,0,4,3,0,19,7
DEMILADE,M,0,0,0,0,0,17,0
DEMILEA,F,3,5,0,0,5,24,13
DEMI-LEA,F,12,14,8,17,13,211,64
DEMILEE,F,9,3,10,5,9,89,36
DEMI-LEE,F,21,30,17,24,17,399,109
DEMILEIGH,F,7,11,10,8,9,173,45
DEMI-LEIGH,F,39,66,37,45,45,1394,232
DEMI-LOUISE,F,11,12,8,12,10,186,53
DEMI-MARIE,F,6,3,3,3,0,41,15
DEMITRA,F,3,0,4,0,0,13,7
DEMITRI,M,0,3,0,0,0,31,3
DEMITRIA,F,0,0,3,0,0,3,3
DEMMI,F,15,4,9,6,7,115,41
DEMMIE,F,0,0,0,0,0,14,0
DEMPSEY,M,7,6,7,4,4,140,28
DEMPSEY,F,6,8,0,4,5,70,23
DENA,F,9,8,6,7,10,105,40
DENBY,F,0,0,5,5,3,13,13
DENBY,M,0,0,0,0,0,6,0
DENE,M,8,0,0,0,0,11,8
DENHAM,M,4,0,4,0,0,8,8
DENHOLM,M,4,8,0,0,3,43,15
DENI,F,5,8,9,9,8,112,39
DENI,M,0,0,0,0,3,18,3
DENICA,F,3,0,0,0,0,3,3
DENIKA,F,3,0,3,5,4,23,15
DENIL,M,0,0,0,0,0,6,0
DENILSON,M,0,0,3,4,0,16,7
DENIM,M,4,0,0,0,0,27,4
DENIQUE,F,0,0,0,3,0,3,3
DENIRO,M,5,0,3,5,3,65,16
DENIS,M,20,13,16,28,27,6164,104
DENISA,F,0,0,0,7,10,277,17
DENISE,F,26,28,37,16,20,5229,127
DENISHA,F,3,3,0,0,4,63,10
DENISLAV,M,0,0,0,0,0,9,0
DENIZ,M,15,12,24,19,17,746,87
DENIZ,F,10,10,11,5,10,147,46
DENNI,F,8,8,6,3,4,105,29
DENNIE,F,0,0,3,0,4,32,7
DENNIE,M,0,0,0,0,0,31,0
DENNIS,M,54,61,60,51,37,16174,263
DENNON,M,0,4,3,3,4,32,14
DENNY,M,7,8,10,9,8,370,42
DENNY,F,0,0,3,0,0,11,3
DENON,M,0,5,0,0,3,29,8
DENTON,M,3,3,3,0,4,42,13
DENVER,M,7,10,9,20,18,308,64
DENVER,F,0,6,7,6,7,85,26
DENZEL,M,18,14,18,14,20,632,84
DENZELL,M,0,0,0,0,0,18,0
DENZIL,M,6,8,11,0,9,105,34
DEON,M,14,16,26,26,25,446,107
DEON,F,8,0,3,0,0,20,11
DEQA,F,4,5,0,0,0,30,9
DERECK,M,0,3,0,0,0,3,3
DEREECE,M,7,4,0,0,0,11,11
DEREK,M,40,19,34,17,19,13705,129
DERI,M,7,4,7,0,4,96,22
DERI,F,0,0,0,3,0,3,3
DERIAN,M,3,0,0,0,0,3,3
DERICE,M,5,4,4,0,0,13,13
DERICK,M,0,4,5,0,0,48,9
DERMOT,M,7,3,7,3,12,114,32
DERRELL,M,0,4,0,0,0,10,4
DERREN,M,5,3,0,3,0,157,11
DERRI,F,4,0,3,0,0,10,7
DERRI,M,0,0,0,3,0,3,3
DERRICK,M,7,10,0,0,0,1714,17
DERRIE,F,3,0,0,0,0,3,3
DERRON,M,4,0,0,0,0,16,4
DERRY,M,24,14,14,9,8,184,69
DERRY,F,0,0,8,0,4,28,12
DERRYN,F,4,4,6,3,0,20,17
DERVIS,M,0,0,0,3,0,3,3
DERVLA,F,5,10,0,4,6,41,25
DERWYN,M,0,3,0,0,0,3,3
DERYA,F,5,3,6,4,5,52,23
DERYN,F,4,6,7,5,6,127,28
DERYN,M,4,3,3,3,0,46,13
DESIRE,F,0,0,0,0,3,69,3
DESIREE,F,6,8,16,9,7,202,46
DESMOND,M,6,11,7,6,8,1892,38
DESREE,F,3,0,5,0,0,8,8
DESTINEE,F,3,3,9,5,7,142,27
DESTINI,F,4,0,6,3,4,79,17
DESTINY,F,21,36,52,91,131,3047,331
DEV,M,10,8,8,6,6,507,38
DEVAN,M,11,20,13,21,23,476,88
DEVAN,F,10,11,11,10,6,77,48
DEVANTE,M,29,29,17,19,16,238,110
DEVEN,M,5,7,3,10,8,221,33
DEVEN,F,4,0,0,8,0,28,12
DEVESH,M,3,0,0,3,3,63,9
DEVIKA,F,4,11,8,6,4,116,33
DEVIN,M,7,9,17,11,21,328,65
DEVIN,F,0,0,4,5,0,15,9
DEVINA,F,6,7,9,9,9,172,40
DEVINE,M,0,0,0,0,0,3,0
DEVLIN,M,7,4,4,8,12,185,35
DEVON,M,69,72,75,74,93,2009,383
DEVON,F,106,90,83,101,56,1158,436
DEVONNE,F,0,0,4,0,3,7,7
DEVONTE,M,8,6,13,11,10,269,48
DEVORAH,F,6,6,5,7,4,145,28
DEVRAN,M,0,0,0,0,0,46,0
DEWAN,M,5,6,0,4,3,44,18
DEWI,M,55,34,37,38,30,703,194
DEXTER,M,51,39,67,58,31,6944,246
DHANESH,M,0,3,0,0,0,17,3
DHANISH,M,0,4,4,5,4,31,17
DHANISHA,F,0,4,0,3,0,11,7
DHANYAL,M,4,3,10,13,7,74,37
DHARA,F,0,5,0,5,6,87,16
DHARMA,F,0,0,4,6,7,76,17
DHAVAL,M,4,0,6,0,4,17,14
DHILAN,M,6,0,0,4,4,214,14
DHILLON,M,4,12,6,11,8,169,41
DHIREN,M,10,3,3,6,9,136,31
DHRU,M,0,0,4,3,0,49,7
DHRUV,M,10,20,13,18,19,838,80
DHRUVI,F,3,0,0,3,3,118,9
DIAGO,M,0,0,0,0,0,12,0
DIALA,F,0,0,0,0,0,8,0
DIAMANT,M,0,0,0,0,3,3,3
DIAMOND,F,3,3,5,3,0,171,14
DIANA,F,36,77,79,48,49,4359,289
DIANDRA,F,0,3,0,0,0,10,3
DIANE,F,8,21,16,14,12,9700,71
DIANNA,F,4,5,0,0,0,23,9
DIANNE,F,0,0,0,0,0,27,0
DIARMAID,M,0,0,0,0,0,5,0
DIARMUID,M,3,0,3,3,0,42,9
DIAZ,F,0,0,0,4,0,64,4
DIDEM,F,3,0,0,0,3,6,6
DIDIER,M,0,0,3,0,0,17,3
DIEGO,M,7,10,6,15,18,980,56
DIESEL,M,0,0,0,5,4,204,9
DIETER,M,7,7,0,0,0,29,14
DIGBY,M,3,7,4,5,0,272,19
DIGGORY,M,3,0,0,3,0,31,6
DIJON,M,0,0,4,0,4,26,8
DILAN,M,28,22,25,29,25,709,129
DILAN,F,11,13,12,7,12,169,55
DILARA,F,12,8,18,14,16,326,68
DILEK,F,4,0,6,0,0,31,10
DILESH,M,5,4,0,0,0,12,9
DILLAN,M,29,23,28,36,34,781,150
DILLEN,M,0,0,0,3,0,12,3
DILLON,M,174,185,198,179,167,3504,903
DILON,M,0,3,0,0,5,29,8
DILPREET,F,6,0,8,3,6,91,23
DILRAJ,M,11,9,8,9,6,168,43
DILYS,F,0,0,3,0,6,118,9
DIMA,F,0,0,0,0,0,57,0
DIMITAR,M,0,0,0,0,0,57,0
DIMITRI,M,12,15,10,5,11,253,53
DIMITRIE,M,0,0,0,0,0,3,0
DIMITRIOS,M,6,3,3,0,5,105,17
DIMITRIS,M,6,3,3,4,4,74,20
DIMPLE,F,3,7,4,5,0,19,19
DIN,M,0,0,0,0,3,6,3
DINA,F,37,21,31,32,30,569,151
DINAH,F,16,7,6,4,4,138,37
DINESH,M,5,0,4,0,4,36,13
DINO,M,7,6,6,7,7,156,33
DIOGO,M,0,5,6,13,13,273,37
DION,M,96,89,97,103,101,1376,486
DION,F,29,41,37,23,37,327,167
DIONA,F,0,0,0,3,0,10,3
DIONE,F,12,10,12,16,23,194,73
DIONNE,F,89,86,86,54,59,731,374
DIONYSUS,M,0,0,0,0,0,3,0
DIOR,F,3,0,0,0,4,178,7
DIOR,M,0,0,3,0,0,47,3
DIPESH,M,9,5,4,3,6,36,27
DIRK,M,0,4,3,0,3,19,10
DISHA,F,4,3,0,4,0,145,11
DISNEY,F,3,4,3,0,0,19,10
DIVA,F,5,0,0,0,5,57,10
DIVINE,F,7,8,6,7,10,459,38
DIVYA,F,16,20,14,15,13,244,78
DIXIE,F,4,0,3,8,0,310,15
DIXON,M,0,0,0,0,0,27,0
DIYA,F,3,4,4,3,8,1502,22
DIYAR,M,0,0,3,0,7,138,10
DIYON,M,0,0,0,0,0,15,0
DJAMEL,M,3,6,3,4,0,20,16
DJANGO,M,5,0,0,8,0,103,13
DJORDJE,M,0,0,0,3,0,3,3
DMITRI,M,0,0,3,0,4,33,7
DODI,M,0,3,0,0,0,3,3
DOGA,M,3,0,0,0,0,3,3
DOGAN,M,0,0,3,5,0,29,8
DOGUKAN,M,0,0,0,4,5,19,9
DOHA,F,0,0,0,0,0,15,0
DOLCIE,F,0,0,0,0,6,486,6
DOLLIE,F,0,0,0,0,0,180,0
DOLLY,F,7,4,3,7,5,920,26
DOLORES,F,7,0,0,3,4,115,14
DOLSIE,F,0,0,0,0,0,4,0
DOLTON,M,3,6,3,3,3,88,18
DOMENIC,M,6,3,4,0,3,27,16
DOMENICA,F,5,5,0,3,3,20,16
DOMENICO,M,10,10,13,8,10,125,51
DOMENIK,M,0,0,0,0,0,3,0
DOMINI,F,3,0,0,0,0,3,3
DOMINIC,M,1519,1359,1366,1029,962,19641,6235
DOMINICA,F,5,0,11,7,3,95,26
DOMINICK,M,17,13,11,7,11,222,59
DOMINIK,M,15,16,27,20,16,2149,94
DOMINIKA,F,0,0,4,4,4,470,12
DOMINIQUE,F,115,110,84,60,59,745,428
DOMINIQUE,M,3,8,3,3,3,44,20
DOMINO,F,0,0,0,0,0,16,0
DOMONIC,M,12,15,16,10,6,147,59
DOMONIQUE,F,0,4,0,0,0,4,4
DON,M,3,6,8,5,5,179,27
DONA,F,0,0,0,0,0,40,0
DONAL,M,4,4,4,6,4,63,22
DONALD,M,23,11,14,12,13,13581,73
DONATELLA,F,0,0,0,0,0,15,0
DONAVAN,M,0,3,0,0,0,17,3
DONELL,M,5,11,5,13,32,173,66
DONELLE,M,0,0,0,0,3,3,3
DONIA,F,3,5,5,0,4,59,17
DONIKA,F,0,0,0,7,5,24,12
DONNA,F,69,47,42,32,28,6202,218
DONNACHA,M,0,0,0,0,0,27,0
DONNA-MARIE,F,0,0,3,0,0,3,3
DONNEL,M,0,0,0,0,3,21,3
DONNELL,M,4,6,6,8,17,133,41
DONNIE,M,0,0,5,0,0,178,5
DONNY,M,0,0,3,0,3,100,6
DONOVAN,M,24,22,18,23,20,462,107
DONTAE,M,0,3,9,3,9,187,24
DONTAI,M,0,0,0,4,0,15,4
DONTAY,M,0,0,0,3,4,113,7
DONTE,M,3,10,8,10,10,235,41
DONYA,F,3,0,6,3,4,102,16
DORA,F,14,11,7,12,16,3152,60
DORAN,M,0,0,0,3,0,7,3
DORCAS,F,10,8,4,6,10,157,38
DOREEN,F,5,0,8,0,0,12505,13
DORIAN,M,8,8,0,6,6,517,28
DORIS,F,3,0,0,0,0,21649,3
DOROTHEA,F,4,4,4,0,4,137,16
DOROTHY,F,18,24,25,15,21,27351,103
DORSA,F,0,3,0,0,0,14,3
DOTTIE,F,0,0,0,0,0,204,0
DOTTY,F,0,0,0,0,0,102,0
DOUGAL,M,6,6,3,9,6,124,30
DOUGIE,M,3,0,0,0,4,521,7
DOUGLAS,M,142,120,109,93,97,11264,561
DOULTON,M,0,3,0,4,0,14,7
DOV,M,3,0,7,4,8,119,22
DOVID,M,6,4,5,7,5,141,27
DOYLE,M,3,3,6,4,4,52,20
DRACO,M,0,0,0,0,0,8,0
DRAVEN,M,3,0,0,0,0,69,3
DRAY,M,3,0,7,0,4,68,14
DRAYDEN,M,0,0,0,0,0,3,0
DRAZIC,M,0,0,3,3,0,6,6
DRE,M,8,5,6,6,13,205,38
DREAM,F,0,0,0,0,0,3,0
DREN,M,0,0,3,4,6,20,13
DREW,M,155,149,126,172,222,2899,824
DREW,F,44,42,55,61,44,793,246
DRIES,M,0,0,0,0,0,3,0
DRILON,M,0,0,3,0,7,23,10
DROOD,M,0,0,0,0,0,4,0
DRU,M,4,4,9,15,12,126,44
DRUMMOND,M,0,0,0,3,0,9,3
DRYDEN,M,0,0,0,0,0,6,0
DUA,F,0,0,0,3,0,374,3
DUAA,F,0,0,0,4,5,226,9
DUAINE,M,7,0,0,0,0,7,7
DUANA,F,3,0,0,0,0,3,3
DUANE,M,17,9,6,11,8,145,51
DUCHESS,F,0,0,0,0,0,7,0
DUDLEY,M,8,6,5,5,0,134,24
DUKE,M,7,3,0,0,6,163,16
DULCIE,F,18,22,17,27,32,858,116
DUNCAN,M,139,93,88,68,57,2877,445
DUNYA,F,0,0,0,0,4,80,4
DURAN,M,0,4,0,3,3,14,10
DURELL,M,0,0,0,3,0,3,3
DURRELL,M,4,3,0,0,0,7,7
DURSUN,M,3,0,0,0,0,3,3
DURU,F,0,0,0,0,0,26,0
DUSAN,M,0,0,0,3,0,44,3
DUSTIN,M,0,0,3,0,0,25,3
DUTCH,M,0,0,0,0,0,3,0
DUVAL,M,0,4,0,0,0,4,4
DUVALL,M,0,0,0,0,3,3,3
DUYGU,F,4,8,3,0,3,35,18
DWAIN,M,3,0,5,0,0,32,8
DWAINE,M,0,4,0,3,0,20,7
DWAYNE,M,29,25,22,12,22,398,110
DWIGHT,M,6,5,6,9,7,84,33
DYFAN,M,6,7,3,6,14,175,36
DYFED,M,0,0,0,0,0,7,0
DYLAN,M,1186,1380,1643,1512,1811,50613,7532
DYLAN,F,6,0,3,0,3,172,12
DYLEN,M,0,0,0,0,0,24,0
DYLLAN,M,10,7,6,8,8,183,39
DYLLON,M,3,0,3,4,4,51,14
DYLON,M,21,16,22,19,15,253,93
DYRELL,M,0,3,0,0,0,3,3
DYSON,M,3,0,0,0,0,3,3
EABHA,F,0,0,0,0,0,75,0
EADIE,F,0,0,0,3,5,479,8
EAMON,M,24,21,18,16,13,310,92
EAMONN,M,10,23,16,14,10,207,73
EANNA,F,0,3,0,3,4,14,10
EARL,M,11,9,6,3,6,130,35
EARNEST,M,0,0,0,0,0,3,0
EASHAN,M,0,0,0,4,4,167,8
EASTER,F,0,0,0,0,0,4,0
EASTON,M,0,0,4,0,0,43,4
EATHAN,M,7,7,17,16,10,153,57
EBANY,F,0,4,0,0,0,16,4
EBBA,F,4,0,0,0,7,101,11
EBBIE,F,0,3,0,0,0,6,3
EBBONIE,F,0,0,0,0,0,6,0
EBEN,M,8,13,10,14,11,499,56
EBENEZER,M,7,7,6,6,3,234,29
EBONEY,F,0,0,0,4,6,82,10
EBONI,F,5,4,11,11,10,274,41
EBONIE,F,9,10,23,12,16,431,70
EBONY,F,200,204,309,253,327,6261,1293
EBONY-ROSE,F,0,0,3,0,0,115,3
EBRAHIM,M,17,13,12,14,8,252,64
EBRU,F,5,10,6,3,7,57,31
EBUBECHUKWU,F,0,0,0,0,0,6,0
EBUBEKIR,M,0,0,0,0,0,6,0
EBUNOLUWA,F,3,4,0,6,3,97,16
ECE,F,0,3,3,3,4,95,13
ECEM,F,0,0,4,4,0,59,8
ECHO,F,6,4,3,5,3,83,21
ED,M,0,0,0,3,0,105,3
EDA,F,8,8,11,5,9,201,41
EDAN,M,11,12,11,12,16,320,62
EDDI,F,0,3,0,0,0,3,3
EDDIE,M,34,22,36,44,37,1720,173
EDDISON,M,0,0,0,0,0,135,0
EDDY,M,4,7,4,3,10,241,28
EDEL,F,4,0,0,3,3,19,10
EDELE,F,0,0,0,3,3,6,6
EDEM,M,3,0,0,0,0,20,3
EDEN,F,136,172,214,263,237,5770,1022
EDEN,M,47,46,51,53,67,1715,264
EDEN-ROSE,F,0,0,0,0,0,89,0
EDGAR,M,13,9,17,17,14,3166,70
EDIE,F,16,14,22,18,24,2547,94
EDIL,F,0,3,0,0,0,11,3
EDINA,F,0,3,0,0,0,24,3
EDISON,M,4,0,4,0,11,491,19
EDITH,F,17,14,13,33,23,19012,100
EDIZ,M,6,8,7,6,8,162,35
EDMOND,M,0,4,6,3,4,86,17
EDMUND,M,64,66,53,49,52,2946,284
EDNA,F,6,0,0,0,0,8250,6
EDOARDO,M,0,3,5,8,4,118,20
EDON,M,0,0,0,3,0,52,3
EDOUARD,M,5,0,4,5,0,69,14
EDRIC,M,0,0,0,0,0,33,0
EDRIS,M,0,0,0,3,0,33,3
EDSON,M,5,3,0,7,0,83,15
EDUARD,M,0,0,0,3,5,301,8
EDUARDO,M,13,9,10,6,10,316,48
EDVIN,M,0,0,0,0,3,34,3
EDWARD,M,1658,1711,1709,1605,1523,67646,8206
EDWIN,M,48,58,45,31,40,7274,222
EDWINA,F,13,6,10,8,4,91,41
EDWYN,M,4,0,4,3,3,107,14
EESA,M,0,3,4,10,14,1789,31
EESAA,M,0,5,3,5,6,172,19
EESHA,F,0,4,4,5,11,497,24
EEVEE,F,0,0,0,0,0,36,0
EFA,F,3,0,0,4,3,394,10
EFAN,M,0,5,0,4,8,290,17
EFE,F,0,0,0,3,0,6,3
EFFI,F,0,0,0,0,0,6,0
EFFIE,F,9,7,4,5,7,681,32
EFFY,F,0,0,0,0,0,83,0
EGAN,M,0,0,0,0,0,39,0
EGLE,F,0,0,0,0,0,8,0
EGOR,M,0,0,0,0,0,18,0
EGZON,M,0,0,0,4,4,11,8
EHLANA,F,6,0,4,4,0,26,14
EHREN,M,3,5,5,0,0,67,13
EHSAAN,M,0,5,0,0,3,127,8
EHSAN,M,10,9,9,11,19,547,58
EIBHLIN,F,5,0,0,0,3,69,8
EIBHLINN,F,0,0,0,0,0,3,0
EIFION,M,3,5,0,0,4,41,12
EIKI,M,0,0,0,0,3,3,3
EILA,F,0,0,0,0,0,151,0
EILEEN,F,23,13,17,17,13,14185,83
EILIDH,F,29,27,28,23,28,500,135
EILIS,F,19,18,7,11,9,115,64
EILISH,F,56,39,35,12,15,239,157
EIMAAN,F,0,0,0,0,0,120,0
EIMAN,F,3,0,3,4,4,75,14
EIMEAR,F,11,13,7,9,11,179,51
EIMER,F,0,7,5,0,3,15,15
EINAR,M,0,0,0,0,0,9,0
EIRA,F,7,0,4,4,6,393,21
EIRE,F,0,0,0,0,0,19,0
EIREANN,F,0,4,5,4,5,71,18
EIRENE,F,0,0,0,0,0,9,0
EIRIAN,F,0,0,5,0,3,35,8
EIRIAN,M,3,0,0,0,0,3,3
EIRIK,M,0,0,0,0,0,4,0
EIRIN,F,0,0,0,0,0,9,0
EIRINN,F,0,0,0,8,0,87,8
EIRLYS,F,3,0,0,0,0,47,3
EIRWEN,F,0,0,0,0,0,39,0
EISA,M,0,0,4,0,3,542,7
EISHA,F,3,3,4,4,10,201,24
EISSA,M,0,0,0,0,0,43,0
EISUKE,M,0,0,3,3,0,6,6
EITAN,M,0,0,0,4,0,81,4
EITHAN,M,0,8,3,4,6,101,21
EITHNE,F,3,3,6,0,3,51,15
EKATERINA,F,5,0,3,0,3,133,11
EKRAM,M,0,0,0,0,3,3,3
EKTA,F,10,5,0,0,3,37,18
EKUNDAYO,M,4,0,0,0,0,4,4
EL,M,0,5,0,0,0,32,5
ELA,F,19,11,21,19,24,1345,94
ELAIN,F,7,4,5,8,4,99,28
ELAINA,F,8,9,7,9,7,370,40
ELAINE,F,27,26,21,24,19,6788,117
ELAN,F,7,9,11,7,12,236,46
ELAN,M,3,3,0,3,0,103,9
ELANA,F,12,17,14,22,15,485,80
ELANI,F,0,0,0,0,0,26,0
ELANNA,F,0,3,4,3,0,39,10
ELANOR,F,14,15,13,19,14,240,75
ELANYA,F,0,0,0,0,4,4,4
ELARA,F,0,0,0,0,0,102,0
ELAYNA,F,0,0,4,5,0,84,9
ELBA,F,0,0,0,0,0,8,0
ELCIE,F,0,0,0,0,0,18,0
ELDA,F,0,0,0,3,0,39,3
ELDON,M,0,0,0,5,0,69,5
ELDRIDGE,M,0,0,0,0,0,6,0
ELEANA,F,18,7,19,13,13,188,70
ELEANER,F,3,5,4,3,0,21,15
ELEANOR,F,2555,2747,2724,2485,2080,37762,12591
ELEANORA,F,3,0,0,0,0,72,3
ELEANORE,F,20,11,11,4,7,105,53
ELEASHA,F,10,7,48,25,12,117,102
ELEAZAR,M,0,0,0,0,0,22,0
ELECTRA,F,3,0,5,0,9,120,17
ELEEN,F,0,0,0,0,0,18,0
ELEESHA,F,6,0,5,4,3,33,18
ELEISHA,F,10,18,11,9,9,109,57
ELEN,F,29,33,40,31,41,581,174
ELENA,F,213,212,213,205,245,4994,1088
ELENI,F,23,32,32,22,31,742,140
ELENNA,F,0,0,0,0,0,6,0
ELENOR,F,3,11,11,6,4,125,35
ELENORA,F,0,0,0,0,0,10,0
ELENORE,F,3,0,3,0,3,15,9
ELENYA,F,9,3,3,3,0,27,18
ELEONORA,F,0,0,3,3,3,159,9
ELEONORE,F,4,3,3,3,3,91,16
ELERI,F,19,33,36,27,33,705,148
ELESE,F,0,0,4,8,5,20,17
ELESHA,F,4,6,12,7,5,117,34
ELEYNA,F,0,0,0,0,3,19,3
ELFIE,F,0,0,0,0,0,39,0
ELFIN,F,0,0,0,0,0,6,0
ELFREDA,F,0,0,0,0,0,10,0
ELGAN,M,4,3,4,4,6,81,21
ELGIN,M,0,0,0,0,0,4,0
ELHAM,F,5,3,0,0,0,55,8
ELI,M,31,32,39,41,33,3373,176
ELI,F,4,0,4,7,5,95,20
ELIA,F,3,0,7,8,9,281,27
ELIAB,M,0,0,0,0,0,11,0
ELIAH,M,0,0,0,0,0,22,0
ELIAN,M,0,0,0,0,14,141,14
ELIANA,F,11,14,14,19,18,1426,76
ELIANE,F,0,0,3,7,10,76,20
ELIAS,M,46,31,39,61,51,2407,228
ELICE,F,0,0,0,3,0,21,3
ELICIA,F,23,20,39,33,30,595,145
ELIE,M,3,0,4,0,4,76,11
ELIE,F,0,0,0,0,0,26,0
ELIESHA,F,0,7,6,5,7,33,25
ELIEZER,M,8,6,4,5,5,191,28
ELIF,F,19,17,15,21,24,750,96
ELIGH,M,0,0,0,0,0,24,0
ELIJAH,M,78,91,65,83,99,8340,416
ELIKA,F,0,0,5,0,5,65,10
ELIMELECH,M,0,0,6,0,3,33,9
ELIN,F,67,58,67,92,68,1630,352
ELINA,F,8,11,9,13,16,557,57
ELINOR,F,136,126,127,87,88,1276,564
ELINORE,F,3,6,0,0,0,19,9
ELIO,M,0,0,0,3,5,108,8
ELION,M,0,0,0,0,5,48,5
ELIORA,F,0,0,0,0,0,114,0
ELIOT,M,73,64,61,65,55,855,318
ELIOTT,M,12,15,14,9,15,244,65
ELIRA,F,0,0,0,0,0,11,0
ELIS,M,32,20,27,27,34,908,140
ELIS,F,0,5,3,0,7,69,15
ELISA,F,36,24,39,43,48,1398,190
ELISABET,F,0,0,0,0,0,3,0
ELISABETA,F,0,0,0,3,0,44,3
ELISABETH,F,88,78,86,81,81,1427,414
ELISABETTA,F,0,0,3,0,0,60,3
ELISE,F,253,323,367,451,455,7747,1849
ELISH,F,3,0,4,0,0,7,7
ELISHA,F,240,314,337,333,351,4178,1575
ELISHA,M,12,9,4,7,3,343,35
ELISHEVA,F,11,7,7,7,7,163,39
ELISHIA,F,6,18,17,20,9,122,70
ELISIA,F,11,15,12,10,13,310,61
ELISKA,F,0,0,0,4,5,134,9
ELISSA,F,23,21,22,35,48,1294,149
ELISSE,F,3,4,3,7,5,84,22
ELISSIA,F,0,3,5,8,7,242,23
ELITA,F,3,0,0,4,0,35,7
ELIVIA,F,0,4,4,4,6,93,18
ELIYA,F,0,0,0,5,0,68,5
ELIYAHU,M,3,4,4,0,0,47,11
ELIYAS,M,0,0,0,0,0,34,0
ELIYOHU,M,0,7,3,3,0,61,13
ELIZ,F,4,4,11,9,10,204,38
ELIZA,F,147,154,167,161,162,10167,791
ELIZABET,F,0,0,0,0,0,9,0
ELIZABETH,F,2225,1892,1702,1652,1552,69956,9023
ELIZABETH-ROSE,F,0,0,0,3,0,51,3
ELIZAH,F,0,0,0,0,0,93,0
ELIZE,F,4,3,5,0,0,148,12
ELKA,F,0,0,0,0,4,25,4
ELKE,F,0,0,3,3,0,50,6
ELKIE,F,3,3,0,6,0,99,12
ELLA,F,1137,1300,1538,1881,2022,53129,7878
ELLA-GRACE,F,0,0,0,0,0,261,0
ELLA-LOUISE,F,13,7,11,11,17,978,59
ELLA-MAE,F,3,4,7,9,11,800,34
ELLA-MARIE,F,3,3,4,7,0,203,17
ELLAMAY,F,0,3,0,0,0,46,3
ELLA-MAY,F,0,6,7,7,8,562,28
ELLAN,F,4,0,4,0,4,16,12
ELLANA,F,4,6,9,8,5,122,32
ELLAND,F,3,0,3,0,0,14,6
ELLANOR,F,0,0,3,4,7,80,14
ELLAOUISE,F,0,0,0,0,0,6,0
ELLA-ROSE,F,4,5,8,7,6,1226,30
ELLE,F,250,330,370,426,462,4880,1838
ELLEANA,F,0,0,0,0,3,9,3
ELLEANOR,F,7,21,22,8,14,168,72
ELLECIA,F,0,5,0,5,3,32,13
ELLEE,F,9,6,7,12,9,119,43
ELLEISE,F,0,0,4,0,0,10,4
ELLE-JANE,F,3,0,0,0,0,3,3
ELLE-JAY,F,0,0,0,0,3,3,3
ELLE-JO,F,0,3,4,4,0,21,11
ELLE-LOUISE,F,3,0,3,0,3,62,9
ELLE-MAE,F,0,7,7,6,10,173,30
ELLE-MARIE,F,0,0,3,0,3,9,6
ELLE-MAY,F,3,4,10,9,6,183,32
ELLEN,F,929,866,691,688,596,16228,3770
ELLENA,F,92,104,115,84,97,1298,492
ELLENI,F,3,0,0,4,4,17,11
ELLENOR,F,20,23,15,25,23,258,106
ELLE-ROSE,F,0,3,0,0,0,23,3
ELLERY,M,0,4,3,4,0,50,11
ELLESE,F,12,4,11,10,10,110,47
ELLESHA,F,14,21,10,10,7,128,62
ELLESHIA,F,0,0,4,0,0,4,4
ELLESIA,F,0,0,4,0,3,17,7
ELLESSE,F,32,32,43,37,32,327,176
ELLEY,F,7,6,4,7,5,58,29
ELLI,F,19,25,16,33,28,435,121
ELLIA,F,3,0,5,4,3,174,15
ELLIANA,F,0,0,3,4,0,164,7
ELLIANNA,F,0,0,0,0,0,42,0
ELLIANNE,F,0,0,0,0,4,8,4
ELLIAS,M,0,0,3,0,0,36,3
ELLICE,F,28,24,24,10,21,200,107
ELLICIA,F,6,9,7,5,4,117,31
ELLIE,F,1900,2202,2492,3243,3482,56480,13319
ELLIEANN,F,0,0,0,0,0,8,0
ELLIE-ANN,F,0,0,4,0,4,96,8
ELLIE-ANNE,F,0,0,3,3,9,63,15
ELLIE-JADE,F,0,0,0,5,5,35,10
ELLIE-JAE,F,0,3,0,0,3,12,6
ELLIE-JANE,F,5,3,7,5,5,109,25
ELLIE-JAY,F,0,3,0,0,3,74,6
ELLIE-JAYNE,F,0,0,0,0,5,68,5
ELLIE-JO,F,4,3,13,8,11,150,39
ELLIE-LOUISE,F,16,12,19,21,11,442,79
ELLIEMAE,F,5,0,0,4,7,91,16
ELLIE-MAE,F,43,38,58,57,68,2563,264
ELLIE-MAI,F,3,9,5,11,17,1140,45
ELLIE-MARIE,F,8,0,8,9,6,223,31
ELLIEMAY,F,4,7,4,4,9,222,28
ELLIE-MAY,F,31,57,48,58,60,2560,254
ELLIE-RAE,F,0,0,0,3,0,57,3
ELLIE-ROSE,F,5,9,17,8,11,541,50
ELLIESE,F,0,3,0,0,0,13,3
ELLIJAH,M,0,0,0,0,0,6,0
ELLINOR,F,6,7,0,3,3,68,19
ELLIOT,M,919,1045,964,857,837,17591,4622
ELLIOT,F,0,0,0,0,0,101,0
ELLIOTT,M,645,637,613,548,499,11855,2942
ELLIS,M,443,532,545,580,564,13214,2664
ELLIS,F,120,137,160,112,83,1224,612
ELLISA,F,4,3,4,3,4,102,18
ELLISE,F,23,36,35,34,46,594,174
ELLISHA,F,28,26,40,24,28,329,146
ELLISHIA,F,0,0,4,0,3,7,7
ELLISIA,F,5,0,0,4,10,114,19
ELLISON,M,4,3,3,0,4,234,14
ELLISS,F,0,0,0,4,4,8,8
ELLISSA,F,0,0,3,3,3,122,9
ELLISSE,F,0,3,4,0,0,12,7
ELLIW,F,3,6,11,0,6,151,26
ELLOISE,F,5,12,16,10,8,198,51
ELLORA,F,3,3,3,4,10,119,23
ELLOUISE,F,11,15,17,16,29,461,88
ELLSIE,F,0,0,0,0,0,33,0
ELLY,F,28,21,35,37,33,522,154
ELLYCE,F,3,0,0,0,0,3,3
ELLY-MAY,F,6,0,0,0,0,20,6
ELLYN,F,3,8,6,4,3,73,24
ELLYS,F,8,0,7,4,0,41,19
ELLYS,M,0,0,0,3,4,16,7
ELLYSE,F,6,10,15,10,10,118,51
ELLYSIA,F,0,5,0,6,4,57,15
ELLYSSE,F,0,0,3,3,0,9,6
ELMA,F,0,0,0,3,4,84,7
ELMER,M,0,0,0,0,0,6,0
ELMIRA,F,0,0,0,0,0,4,0
ELMO,M,0,3,0,0,0,8,3
ELODIE,F,13,7,11,22,43,2224,96
ELODY,F,0,0,0,0,0,8,0
ELOHIM,M,0,0,0,0,0,22,0
ELOISA,F,9,9,8,8,14,315,48
ELOISE,F,351,388,418,469,573,10079,2199
ELON,M,0,0,0,0,0,18,0
ELONA,F,3,0,3,0,6,61,12
ELORA,F,0,4,5,5,3,274,17
ELOUISA,F,4,5,0,4,4,79,17
ELOUISE,F,29,26,28,39,36,913,158
ELOWEN,F,0,0,0,0,0,159,0
ELOWYN,F,0,0,0,0,0,30,0
ELOY,M,0,0,0,0,0,11,0
ELOZOR,M,0,0,0,0,0,12,0
ELROY,M,0,0,0,0,0,12,0
ELSA,F,36,32,44,51,45,2892,208
ELSBETH,F,3,4,3,6,5,140,21
ELSI,F,0,0,0,0,0,105,0
ELSIE,F,27,38,41,35,36,23651,177
ELSIE-MAE,F,0,0,0,0,0,287,0
ELSON,M,0,0,0,0,3,33,3
ELSPETH,F,42,45,47,39,33,854,206
ELUNED,F,4,4,3,4,7,67,22
ELVA,F,0,5,0,0,0,68,5
ELVIA,F,0,0,0,0,0,10,0
ELVIE,F,0,0,0,0,3,175,3
ELVIN,M,0,4,0,0,0,119,4
ELVINA,F,4,0,5,3,0,59,12
ELVIRA,F,0,0,4,5,3,60,12
ELVIS,M,7,7,3,7,11,357,35
ELWEN,F,0,0,0,0,0,4,0
ELWIN,M,0,0,0,0,0,21,0
ELWOOD,M,0,0,0,0,0,227,0
ELWYN,M,0,0,3,0,0,50,3
ELWYN,F,0,0,0,0,0,3,0
ELY,M,4,3,4,3,0,102,14
ELYAS,M,0,0,0,5,3,260,8
ELYCE,F,0,0,0,0,3,3,3
ELYCIA,F,0,5,0,0,3,33,8
ELYON,M,0,0,0,0,0,19,0
ELYS,F,0,0,3,4,0,10,7
ELYS,M,0,0,0,3,0,9,3
ELYSE,F,27,25,30,27,28,628,137
ELYSHA,F,13,20,25,14,11,189,83
ELYSHIA,F,6,0,5,0,3,26,14
ELYSIA,F,72,69,81,69,76,1161,367
ELYSSA,F,4,0,3,5,8,292,20
ELYSSE,F,0,0,3,6,4,37,13
ELYSSIA,F,5,7,6,0,6,142,24
EMA,F,0,7,6,3,8,484,24
EMAAN,F,0,0,4,0,7,759,11
EMAD,M,4,6,5,5,5,109,25
EMAN,F,6,9,11,7,13,344,46
EMANUEL,M,9,5,13,12,15,456,54
EMANUELA,F,0,0,0,4,5,122,9
EMBER,F,0,0,0,0,3,193,3
EME,F,0,0,0,0,0,13,0
EMEL,F,4,8,6,3,0,79,21
EMELIA,F,22,49,58,69,73,2724,271
EMELIE,F,4,5,4,6,4,207,23
EMELINE,F,4,3,5,0,3,93,15
EMELLIA,F,0,0,0,3,0,6,3
EMELYE,F,5,0,7,4,6,36,22
EMER,F,12,14,17,22,10,186,75
EMERALD,F,11,6,14,11,7,192,49
EMERIC,M,0,0,0,0,3,3,3
EMERSON,M,16,8,15,8,13,484,60
EMERSON,F,0,0,0,3,0,74,3
EMERY,M,0,0,0,0,0,23,0
EMI,F,0,4,6,9,6,240,25
EMIE,F,0,0,0,0,5,189,5
EMIKO,F,0,0,0,0,0,40,0
EMIL,M,14,26,27,21,29,692,117
EMILA,F,0,0,0,0,0,8,0
EMILE,M,18,26,19,22,24,499,109
EMILE,F,0,0,0,0,0,84,0
EMILEE,F,22,22,14,14,7,431,79
EMILEIGH,F,0,4,9,0,6,35,19
EMILEY,F,0,3,5,3,0,29,11
EMILIA,F,95,169,189,231,306,10765,990
EMILIANO,M,0,0,3,0,3,49,6
EMILIE,F,96,125,88,97,90,2750,496
EMILIO,M,25,33,24,28,28,670,138
EMILIS,M,0,0,0,0,0,179,0
EMILLIA,F,0,0,4,0,6,93,10
EMILLIE,F,9,10,15,19,24,309,77
EMILLY,F,8,7,9,7,7,173,38
EMILY,F,6415,6616,6550,6760,6232,115131,32573
EMILY-ANN,F,4,0,0,0,0,31,4
EMILY-JADE,F,0,0,3,0,3,15,6
EMILYJANE,F,0,0,0,0,3,3,3
EMILY-JANE,F,32,18,16,15,14,275,95
EMILY-JAYNE,F,11,6,5,4,7,117,33
EMILY-JO,F,4,4,4,4,0,35,16
EMILY-KATE,F,0,0,0,0,0,18,0
EMILY-LOUISE,F,5,6,4,0,3,85,18
EMILY-MAE,F,4,0,5,4,3,143,16
EMILY-MAY,F,6,7,5,7,8,201,33
EMILY-RAE,F,0,0,0,0,0,12,0
EMILY-ROSE,F,8,7,11,22,10,578,58
EMIN,M,0,0,3,0,5,84,8
EMINA,F,3,0,3,3,0,41,9
EMINE,F,7,11,6,4,13,197,41
EMIR,M,3,4,3,4,4,397,18
EMIRA,F,0,0,0,0,0,23,0
EMLYN,M,8,5,9,0,5,152,27
EMMA,F,4232,4126,3565,2920,2574,62544,17417
EMMA-JADE,F,0,4,0,0,0,4,4
EMMA-JANE,F,15,14,13,6,13,141,61
EMMA-JAYNE,F,9,8,9,6,5,53,37
EMMA-JO,F,0,3,6,0,0,12,9
EMMA-LEA,F,0,3,3,3,0,9,9
EMMA-LEE,F,3,7,3,4,3,34,20
EMMALEIGH,F,0,0,0,0,6,9,6
EMMA-LEIGH,F,11,8,8,10,11,136,48
EMMALENE,F,4,3,0,0,0,7,7
EMMALINE,F,4,0,0,4,0,18,8
EMMALOUISE,F,0,3,3,0,0,6,6
EMMA-LOUISE,F,31,55,25,19,18,356,148
EMMANUEL,M,113,103,136,116,133,4061,601
EMMANUELA,F,5,0,0,4,7,190,16
EMMANUELLA,F,7,7,14,13,16,606,57
EMMANUELLE,F,9,11,9,8,7,173,44
EMMA-ROSE,F,0,0,0,3,0,53,3
EMME,F,0,0,3,0,4,385,7
EMMELIA,F,0,0,0,0,0,24,0
EMMELINE,F,18,21,15,19,13,729,86
EMMERSON,M,0,0,3,0,0,24,3
EMMET,M,3,7,5,6,0,80,21
EMMETT,M,5,0,0,6,3,243,14
EMMEY,F,0,0,0,0,0,4,0
EMMI,F,3,6,3,11,7,282,30
EMMIE,F,28,30,19,65,49,2171,191
EMMI-LEIGH,F,0,0,0,3,0,3,3
EMMILY,F,0,7,0,0,0,13,7
EMMY,F,20,25,16,25,24,1024,110
EMRAH,M,0,0,3,0,4,23,7
EMRAN,M,3,3,0,3,4,75,13
EMRE,M,15,22,22,23,30,698,112
EMRYS,M,0,3,0,4,3,199,10
EMY,F,0,4,0,0,4,49,8
EMYR,M,12,12,17,5,9,155,55
ENA,F,0,3,0,5,0,146,8
ENAM,M,0,0,4,0,0,4,4
ENAS,F,0,0,0,0,0,26,0
ENAYA,F,0,0,0,0,0,59,0
ENDA,M,0,4,0,0,0,15,4
ENDRI,M,0,0,0,0,0,13,0
ENDRIT,M,0,0,4,5,3,44,12
ENES,M,5,0,7,6,4,253,22
ENESA,F,0,0,0,0,0,12,0
ENID,F,0,0,3,0,0,2255,3
ENIOLA,F,8,4,5,6,0,185,23
ENIOLA,M,0,0,0,0,0,34,0
ENIS,M,0,0,3,5,8,162,16
ENISA,F,0,0,0,3,0,12,3
ENISE,F,0,0,3,0,0,3,3
ENLLI,F,3,0,0,3,3,62,9
ENNA,F,0,3,0,3,0,46,6
ENNIS,M,0,0,0,5,0,32,5
ENNIS,F,0,0,0,0,0,10,0
ENO,F,0,4,0,0,0,4,4
ENOCH,M,0,4,6,6,7,345,23
ENOLA,F,0,4,11,7,0,140,22
ENRI,M,0,0,0,0,0,3,0
ENRICO,M,11,13,6,9,19,268,58
ENRIKA,F,0,0,0,0,0,30,0
ENRIKAS,M,0,0,0,0,0,11,0
ENRIQUE,M,3,0,0,0,9,184,12
ENVER,M,0,0,4,0,3,16,7
ENYA,F,35,44,37,44,41,1014,201
ENZO,M,5,9,8,10,10,1151,42
ENZZO,M,0,0,0,0,0,3,0
EOGHAN,M,12,16,17,17,19,311,81
EOIN,M,32,44,55,55,48,1014,234
EOS,F,0,0,0,0,0,3,0
EOWYN,F,0,0,0,0,0,88,0
EPHRAIM,M,7,4,9,8,12,337,40
EPIPHANY,F,0,3,0,0,0,6,3
ERAM,F,6,0,3,0,3,15,12
ERAY,M,4,0,5,0,0,131,9
ERDAL,M,0,0,0,0,4,4,4
EREN,M,19,30,16,17,20,652,102
ERFAN,M,0,0,0,0,0,43,0
ERGUN,M,0,0,0,0,0,13,0
ERHAN,M,0,5,3,0,0,20,8
ERI,F,3,0,6,3,0,15,12
ERIC,M,98,94,80,77,89,18586,438
ERICA,F,78,101,119,95,125,2145,518
ERICK,M,0,0,0,0,0,87,0
ERICKA,F,3,0,0,0,0,28,3
ERIDA,F,0,0,0,0,3,3,3
ERIK,M,20,17,15,29,19,864,100
ERIKA,F,45,63,63,57,36,1231,264
ERIKAS,M,0,0,0,0,0,118,0
ERIN,F,486,532,679,796,997,26715,3490
ERIN,M,3,9,7,9,9,126,37
ERINA,F,4,0,0,3,7,176,14
ERINE,F,0,0,0,0,0,9,0
ERINN,F,6,5,5,6,5,129,27
ERINNE,F,0,0,0,0,0,4,0
ERION,M,0,0,0,0,4,81,4
ERIS,F,0,0,0,0,0,88,0
ERISA,F,0,0,0,0,4,68,4
ERJON,M,0,0,0,0,0,34,0
ERKAN,M,3,0,0,0,5,30,8
ERMAL,M,0,0,0,0,0,19,0
ERNA,F,0,0,0,3,0,3,3
ERNEST,M,9,9,5,9,9,17893,41
ERNIE,M,5,0,4,6,8,406,23
EROL,M,8,6,7,0,0,60,21
ERON,M,0,3,0,0,3,90,6
EROS,M,0,0,0,0,0,25,0
ERRAN,M,4,0,0,0,0,4,4
ERRIN,F,0,7,7,3,10,83,27
ERRIS,F,0,0,0,0,0,3,0
ERROL,M,7,4,5,0,4,89,20
ERROLL,M,0,0,0,0,0,3,0
ERRON,M,0,0,0,0,0,14,0
ERRON,F,0,0,0,0,4,4,4
ERUM,F,4,5,3,0,0,38,12
ERVIN,M,0,4,0,3,6,85,13
ERVIS,M,0,0,0,0,0,8,0
ERWAN,M,0,0,3,0,0,15,3
ERWIN,M,0,0,0,0,0,43,0
ERYKAH,F,0,3,4,5,0,63,12
ERYL,M,0,0,0,0,3,3,3
ERYN,F,11,15,23,23,36,1062,108
ERYNN,F,0,0,0,3,0,87,3
ESA,M,0,7,4,7,5,574,23
ESAM,M,0,0,0,0,3,19,3
ESE,F,0,0,0,0,4,8,4
ESEN,F,3,0,0,0,0,10,3
ESHA,F,6,14,8,8,24,1276,60
ESHAN,M,4,0,7,3,3,706,17
ESHE,F,5,3,0,3,5,19,16
ESHER,F,0,0,0,0,0,6,0
ESHER,M,0,0,0,0,0,6,0
ESKIL,M,0,0,0,0,0,3,0
ESKILD,M,0,0,0,0,0,3,0
ESMA,F,0,7,0,4,4,217,15
ESMAE,F,0,8,4,6,4,1687,22
ESMAI,F,0,0,0,0,0,340,0
ESMAIL,M,3,0,0,0,0,3,3
ESMAY,F,0,0,0,0,3,341,3
ESME,F,135,158,222,212,254,10607,981
ESMEE,F,21,10,14,21,32,1612,98
ESMERALDA,F,0,3,0,0,9,134,12
ESMERELDA,F,0,0,0,0,0,40,0
ESMI,F,0,0,0,0,0,10,0
ESMIE,F,0,0,0,0,0,150,0
ESMOND,M,0,0,0,0,0,20,0
ESOHE,F,0,0,0,0,0,13,0
ESOSA,M,0,0,0,0,0,13,0
ESRA,F,9,11,9,9,15,247,53
ESSA,M,0,0,4,5,5,249,14
ESSIE,F,0,0,0,0,0,69,0
ESSIEN,M,0,0,0,0,0,21,0
ESTA,F,7,5,0,5,7,118,24
ESTEBAN,M,0,0,0,0,4,64,4
ESTEE,F,0,0,4,4,0,44,8
ESTELA,F,0,0,0,0,0,52,0
ESTELLA,F,3,9,7,15,17,273,51
ESTELLE,F,36,34,59,58,64,984,251
ESTER,F,0,3,6,8,3,204,20
ESTERE,F,0,0,0,0,0,21,0
ESTHER,F,231,225,236,239,221,7261,1152
ESTI,F,0,0,0,0,0,23,0
ESTRA,F,0,0,0,3,0,3,3
ESTRELLA,F,0,0,0,0,0,18,0
ESTY,F,0,0,0,0,0,12,0
ESYLLT,F,4,0,0,3,0,30,7
ESZTER,F,0,0,0,0,0,25,0
ETERNITY,F,0,0,0,0,0,6,0
ETHAN,M,604,1037,1565,1772,2392,61733,7370
ETHANIEL,M,0,0,0,0,3,16,3
ETHEL,F,0,0,0,0,4,9256,4
ETHEN,M,3,4,11,5,13,193,36
ETHIAN,M,0,0,4,0,0,4,4
ETHNE,F,0,0,0,3,3,9,6
ETHOLLE,F,0,0,0,0,0,6,0
ETIEN,M,0,0,0,0,0,6,0
ETIENNE,M,6,11,10,15,20,456,62
ETIENNE,F,0,0,0,0,3,84,3
ETTA,F,0,0,0,3,0,389,3
ETTIE,F,0,0,0,0,0,102,0
ETTIENNE,F,0,0,0,0,0,6,0
ETTY,F,0,0,0,0,0,49,0
EUAN,M,103,177,272,226,336,4869,1114
EUDORA,F,0,0,0,0,0,3,0
EUGEN,M,0,0,0,0,3,3,3
EUGENE,M,19,13,25,21,9,380,87
EUGENIA,F,0,3,5,4,5,78,17
EUGENIE,F,7,5,11,8,10,139,41
EUGENIO,M,0,0,0,3,0,6,3
EUNICE,F,7,9,13,8,11,270,48
EUPHEMIA,F,6,0,0,3,0,46,9
EURON,M,0,0,0,0,0,10,0
EUROS,M,0,0,0,3,0,3,3
EVA,F,137,174,181,183,228,22402,903
EVA-GRACE,F,0,0,0,0,0,74,0
EVALEIGH,F,0,0,0,0,0,4,0
EVALINE,F,0,0,0,0,0,23,0
EVA-MAE,F,0,0,0,0,0,120,0
EVA-MARIE,F,0,0,0,0,0,84,0
EVAN,M,169,189,200,233,240,12398,1031
EVAN,F,7,4,6,5,0,66,22
EVANDER,M,4,9,3,4,0,73,20
EVANGALINE,F,3,0,0,0,0,3,3
EVANGELINA,F,3,4,4,5,0,161,16
EVANGELINE,F,106,83,93,83,60,2222,425
EVANGELOS,M,3,3,0,4,0,26,10
EVANS,M,0,0,0,0,0,37,0
EVA-ROSE,F,0,0,0,0,0,221,0
EVE,F,369,392,484,614,675,12710,2534
EVELIN,F,0,0,0,0,0,44,0
EVELINA,F,6,3,3,5,3,416,20
EVELINE,F,3,3,0,4,3,131,13
EVELYN,F,80,78,85,95,87,19040,425
EVELYNE,F,3,0,0,0,0,94,3
EVELYNN,F,0,0,0,0,0,151,0
EVELYNNE,F,0,3,0,0,0,48,3
EVEREST,M,0,0,0,0,0,3,0
EVERETT,M,0,0,0,0,0,42,0
EVERLEIGH,F,0,0,0,0,0,39,0
EVERLEY,F,0,0,0,0,0,37,0
EVERLY,F,0,0,0,0,0,179,0
EVERLYN,F,0,0,0,0,0,65,0
EVERLYNN,F,0,0,0,0,0,3,0
EVERTON,M,0,3,0,0,0,12,3
EVETTE,F,0,0,0,0,0,3,0
EVEY,F,0,0,0,3,4,90,7
EVI,F,0,0,0,0,0,51,0
EVIE,F,167,193,220,267,400,36949,1247
EVIE-GRACE,F,0,0,0,0,0,297,0
EVIE-JO,F,0,0,0,0,0,17,0
EVIE-ROSE,F,0,3,0,3,0,544,6
EVIN,F,0,0,0,0,0,58,0
EVITA,F,0,0,3,0,4,105,7
EVLIN,F,0,0,0,0,0,3,0
EVLYN,F,0,0,0,0,0,68,0
EVY,F,0,0,0,0,3,71,3
EWAN,M,112,259,489,626,501,9779,1987
EWART,M,0,0,0,0,0,6,0
EWEN,M,9,14,12,20,15,218,70
EWYN,M,0,0,0,0,0,3,0
EXODUS,M,0,0,0,0,0,6,0
EYDIE,F,0,0,0,0,0,6,0
EYITAYO,M,0,0,0,0,0,6,0
EZEKIEL,M,13,25,19,21,23,1030,101
EZEQUIEL,M,0,0,0,0,0,6,0
EZGI,F,10,7,6,4,3,79,30
EZIO,M,0,0,0,0,0,21,0
EZMAI,F,0,0,0,0,0,84,0
EZMAY,F,0,0,0,0,0,57,0
EZME,F,5,3,0,3,4,157,15
EZMEE,F,0,0,0,0,0,59,0
EZMIE,F,0,0,0,0,0,11,0
EZMIRA,F,0,0,0,0,0,3,0
EZO,F,0,0,0,0,0,9,0
EZRA,M,25,31,32,33,41,1803,162
EZRA,F,0,3,3,0,0,83,6
EZRAH,M,0,0,0,0,0,35,0
EZRI,F,0,0,0,3,6,77,9
EZRIEL,M,0,0,0,0,0,7,0
FAAIZ,M,0,0,0,0,0,23,0
FAAIZA,F,5,0,6,3,8,53,22
FAAIZAH,F,5,5,4,6,11,107,31
FAARIA,F,5,5,3,0,5,30,18
FAARIS,M,0,8,3,6,4,155,21
FAATIMA,F,6,4,0,0,0,86,10
FAATIMAH,F,8,7,14,17,16,378,62
FABBIHA,F,0,0,9,5,6,48,20
FABIA,F,3,7,3,5,5,49,23
FABIAN,M,61,59,58,42,45,1910,265
FABIANA,F,0,3,4,0,3,70,10
FABIANO,M,0,0,0,3,0,13,3
FABIEN,M,9,3,7,7,16,238,42
FABIENNE,F,10,11,12,7,9,115,49
FABIHA,F,6,7,14,13,10,181,50
FABIO,M,28,29,23,31,25,632,136
FABRICIO,M,0,0,0,0,0,12,0
FABRIZIO,M,6,7,8,7,7,77,35
FADHIL,M,0,0,0,0,0,6,0
FADI,M,0,0,0,0,4,56,4
FADIME,F,0,0,0,3,0,14,3
FADUMA,F,4,3,0,0,8,98,15
FADUMO,F,4,0,0,4,4,72,12
FAE,F,9,10,5,10,14,202,48
FAEEZA,F,3,0,0,0,0,6,3
FAHAD,M,25,21,23,23,33,603,125
FAHD,M,3,4,6,11,7,103,31
FAHED,M,0,3,0,0,0,6,3
FAHEEM,M,13,18,22,21,14,394,88
FAHEEMA,F,13,6,10,4,6,84,39
FAHEEMAH,F,4,5,5,3,7,69,24
FAHID,M,5,0,0,3,0,8,8
FAHIM,M,24,26,33,22,27,442,132
FAHIMA,F,33,45,41,36,34,523,189
FAHMIDA,F,32,45,41,33,39,422,190
FAIGE,F,4,0,0,0,0,4,4
FAISA,F,0,4,4,4,5,68,17
FAISAL,M,68,78,54,52,58,815,310
FAISEL,M,0,0,0,4,0,4,4
FAITH,F,116,150,127,130,210,11655,733
FAITH,M,0,0,0,0,0,12,0
FAIZ,M,9,11,12,11,14,287,57
FAIZA,F,42,29,37,47,50,1043,205
FAIZAAN,M,7,11,12,12,25,492,67
FAIZAH,F,32,16,21,18,25,499,112
FAIZAL,M,0,6,3,0,6,49,15
FAIZAN,M,23,28,42,22,40,910,155
FAKHIR,M,0,0,0,0,0,12,0
FALAK,F,8,7,6,7,9,433,37
FALLON,F,16,26,21,18,13,520,94
FANE,M,0,0,0,0,4,17,4
FANNY,F,0,0,0,0,0,609,0
FANTA,F,0,0,0,0,0,43,0
FAOLAN,M,0,0,0,0,0,26,0
FARA,F,0,0,0,0,0,17,0
FARAAZ,M,6,5,7,10,4,68,32
FARADAY,F,0,0,0,0,3,11,3
FARAH,F,68,61,41,59,60,1336,289
FARAH,M,0,4,0,4,3,23,11
FARAZ,M,7,11,15,7,6,173,46
FARDEEN,M,0,0,3,3,7,125,13
FAREED,M,3,5,5,4,7,140,24
FAREEHA,F,0,0,3,6,3,155,12
FARHA,F,7,3,10,8,4,100,32
FARHAAN,M,20,3,20,12,24,456,79
FARHAD,M,9,7,8,6,11,130,41
FARHAN,M,37,33,26,35,43,1350,174
FARHANA,F,46,51,49,35,25,414,206
FARHAT,F,8,3,7,0,5,56,23
FARHEEN,F,12,13,11,10,11,150,57
FARHIA,F,0,0,3,0,4,14,7
FARHIN,F,4,0,0,0,4,8,8
FARHIYA,F,0,0,3,5,8,50,16
FARIA,F,3,0,3,7,0,176,13
FARID,M,6,6,8,7,3,128,30
FARIDA,F,10,5,7,8,8,195,38
FARIDAH,F,5,0,6,0,0,88,11
FARIHA,F,15,16,14,21,18,402,84
FARIHAH,F,3,5,0,4,6,75,18
FARIS,M,18,16,13,17,19,989,83
FARJANA,F,9,19,14,11,5,107,58
FARLEY,M,0,0,0,3,0,129,3
FARON,M,4,4,3,3,0,63,14
FAROOQ,M,5,3,3,0,0,45,11
FARRAH,F,36,33,35,28,34,1009,166
FARRAN,F,3,0,0,4,0,24,7
FARRELL,M,13,8,5,5,4,182,35
FARREN,M,5,6,0,6,0,136,17
FARREN,F,4,5,4,5,0,60,18
FARRIS,M,4,3,4,3,5,104,19
FARUK,M,0,0,0,0,0,7,0
FARUQ,M,0,3,0,0,4,48,7
FARYAL,F,5,5,5,0,6,165,21
FARYL,F,0,0,0,0,0,23,0
FARZANA,F,45,51,35,30,21,397,182
FATEHA,F,13,11,11,12,8,150,55
FATEMA,F,25,15,22,18,12,404,92
FATEMAH,F,5,3,3,3,0,71,14
FATEMEH,F,3,0,0,3,3,19,9
FATHEHA,F,3,4,5,0,3,28,15
FATHEMA,F,12,7,5,5,6,93,35
FATHIMA,F,17,8,13,15,21,526,74
FATIH,M,3,0,4,4,0,47,11
FATIHA,F,3,5,0,3,3,116,14
FATIM,F,0,0,0,0,0,12,0
FATIMA,F,153,192,171,173,202,6693,891
FATIMAH,F,27,42,39,51,53,1822,212
FATMA,F,24,23,21,34,32,656,134
FATOU,F,3,4,3,4,3,179,17
FATUMA,F,5,4,5,4,0,69,18
FAUZIA,F,0,5,5,3,4,17,17
FAVOUR,F,0,0,0,0,0,362,0
FAVOUR,M,0,0,0,0,0,94,0
FAWAZ,M,6,3,4,3,3,133,19
FAWN,F,3,4,5,0,3,29,15
FAWZIA,F,0,0,0,4,5,47,9
FAWZIYAH,F,3,10,3,5,4,61,25
FAY,F,91,77,63,68,77,986,376
FAYAZ,M,3,3,5,0,0,38,11
FAYE,F,405,388,383,387,416,7557,1979
FAYSAL,M,5,3,7,5,8,120,28
FAYTH,F,0,0,0,3,0,126,3
FAYZA,F,0,5,0,0,3,15,8
FAZAL,M,4,0,3,0,0,48,7
FAZEELA,F,0,0,8,0,5,16,13
FAZER,M,0,0,0,0,0,3,0
FAZILA,F,4,9,0,0,5,38,18
FEARGHAL,M,0,4,0,0,0,4,4
FEARGHUS,M,0,4,0,0,0,10,4
FEARGUS,M,0,0,0,0,3,3,3
FEARN,F,3,3,3,7,0,61,16
FEARNE,F,0,0,0,3,3,829,6
FEDERICA,F,0,0,6,4,0,47,10
FEDERICO,M,7,5,3,6,4,260,25
FEHZAN,M,3,4,4,0,5,21,16
FEIGE,F,0,0,0,3,0,9,3
FELICE,F,0,0,3,0,0,6,3
FELICIA,F,10,17,16,11,14,356,68
FELICITE,F,0,0,0,3,0,3,3
FELICITY,F,126,98,109,96,132,4454,561
FELIPE,M,6,8,5,4,5,190,28
FELIX,M,149,171,190,233,255,7901,998
FELIX,F,0,0,0,0,3,14,3
FEMI,F,0,0,0,3,0,13,3
FEMI,M,0,0,0,0,0,8,0
FEMKE,F,0,0,4,4,0,19,8
FEN,M,0,0,0,0,0,13,0
FEN,F,0,0,0,0,3,6,3
FENELLA,F,26,17,25,20,21,349,109
FENIX,M,0,0,0,0,0,12,0
FENN,M,3,4,5,4,5,180,21
FENN,F,0,4,3,4,0,18,11
FENNA,F,3,0,0,0,0,12,3
FENNER,M,3,0,0,0,0,6,3
FENTON,M,6,3,3,10,12,438,34
FERDIE,M,0,0,0,0,0,9,0
FERDINAND,M,8,12,5,0,3,227,28
FERGAL,M,5,10,9,12,11,129,47
FERGUS,M,120,122,99,96,90,1804,527
FERGUSON,M,0,0,0,0,0,9,0
FERN,F,170,122,169,109,87,1922,657
FERNANDA,F,0,0,0,0,4,43,4
FERNANDO,M,13,6,8,8,0,227,35
FERNE,F,5,6,0,6,5,225,22
FERON,M,0,3,0,0,0,3,3
FEROZ,M,0,3,4,0,0,62,7
FERRAN,M,0,0,0,0,0,13,0
FERRIS,M,0,0,0,0,3,55,3
FEZAAN,M,0,0,3,7,0,40,10
FEZAN,M,3,7,5,0,5,41,20
FFION,F,201,242,310,281,260,5006,1294
FFLUR,F,4,4,3,0,4,117,15
FIA,F,3,0,0,0,0,125,3
FIACHRA,M,0,0,0,0,0,23,0
FIADH,F,0,0,0,0,0,15,0
FIANNA,F,0,0,0,0,0,20,0
FIAZ,M,3,0,0,0,0,9,3
FIDAN,F,0,0,4,0,0,10,4
FIDEL,M,7,0,0,0,3,71,10
FIDELIS,M,0,0,0,0,0,3,0
FIFI,F,3,0,0,0,0,74,3
FILIP,M,11,4,3,7,13,3428,38
FILIPA,F,3,0,0,3,3,46,9
FILIPE,M,6,4,3,3,0,108,16
FILIPPA,F,0,0,0,0,0,25,0
FILIPPO,M,5,0,6,8,4,106,23
FILIZ,F,3,3,0,0,3,12,9
FIN,M,0,0,0,0,3,36,3
FINAN,M,0,0,0,3,3,53,6
FINBAR,M,12,18,15,21,18,290,84
FINBARR,M,5,3,4,3,3,71,18
FINCH,M,0,0,0,0,0,12,0
FINDLAY,M,9,8,14,18,29,612,78
FINDLEY,M,0,0,0,5,4,128,9
FINEAS,M,0,0,0,0,0,5,0
FINELLA,F,0,0,0,0,0,3,0
FINIAN,M,6,3,5,6,7,125,27
FINLAE,F,0,0,3,0,0,3,3
FINLAN,M,0,0,0,0,0,3,0
FINLAY,M,78,88,182,380,435,15074,1163
FINLAY,F,10,15,21,30,29,224,105
FINLEA,F,0,0,0,0,0,4,0
FINLEE,M,0,0,0,0,0,134,0
FINLEIGH,M,0,0,0,0,3,90,3
FINLEIGH,F,0,0,0,3,4,14,7
FINLEY,M,22,39,184,320,351,24175,916
FINLEY,F,0,4,13,15,15,178,47
FINLEY-JAMES,M,0,0,0,0,0,33,0
FINLEY-JAY,M,0,0,0,0,0,17,0
FINLO,M,0,0,0,0,0,6,0
FINLY,M,0,0,0,0,0,3,0
FINN,M,110,129,168,247,280,8091,934
FINN,F,0,4,5,4,6,37,19
FINNAN,M,0,0,3,0,0,160,3
FINNBAR,M,0,0,7,5,4,89,16
FINNBARR,M,0,0,0,5,3,15,8
FINNEGAN,M,0,0,3,4,3,115,10
FINNEN,M,0,0,0,0,0,11,0
FINNIAN,M,20,22,26,30,29,510,127
FINNIGAN,M,0,3,0,0,0,18,3
FINNLAY,M,0,0,3,7,9,323,19
FINNLAY,F,0,0,4,0,0,10,4
FINNLEA,M,0,0,0,0,0,3,0
FINNLEY,M,0,4,4,13,18,1539,39
FINNLEY,F,0,0,0,3,0,3,3
FINNLY,M,0,0,0,0,3,9,3
FINNTAN,M,0,0,0,0,0,6,0
FINOLA,F,9,13,7,4,7,74,40
FINTAN,M,19,24,22,25,41,563,131
FINTON,M,0,0,3,5,0,101,8
FINTY,F,0,3,6,3,5,50,17
FION,M,0,0,3,0,0,3,3
FIONA,F,278,282,252,216,207,6785,1235
FIONN,M,13,28,10,13,9,480,73
FIONN,F,4,7,5,6,0,35,22
FIONNA,F,0,4,0,0,0,13,4
FIONNAN,M,0,0,0,0,3,6,3
FIONNLAGH,M,0,0,0,0,0,11,0
FIONNOULA,F,0,0,0,0,0,4,0
FIONNTAN,M,0,0,0,0,0,3,0
FIONNUALA,F,21,17,22,17,14,177,91
FIONNULA,F,3,0,0,0,0,3,3
FIORELLA,F,0,0,0,0,3,51,3
FIRAS,M,5,3,5,0,5,84,18
FIRAT,M,8,15,14,7,6,81,50
FIRDAUS,F,5,0,0,0,5,90,10
FIRDAWS,F,0,4,4,3,5,63,16
FIRDOUS,F,0,0,0,0,0,45,0
FIRDOWS,F,0,0,0,0,4,4,4
FISHER,M,0,0,0,0,0,3,0
FITCH,M,0,0,0,0,0,3,0
FIYINFOLUWA,F,0,0,0,0,0,42,0
FIZA,F,0,5,0,7,52,713,64
FIZAH,F,3,0,0,0,6,82,9
FJOLLA,F,0,0,0,5,9,20,14
FLAVIA,F,7,10,4,8,5,155,34
FLAVIAN,M,0,0,0,0,0,3,0
FLAVIO,M,0,0,0,0,4,67,4
FLAVIUS,M,0,0,0,0,0,30,0
FLETCHER,M,17,26,15,44,31,2456,133
FLEUR,F,86,82,73,59,51,1839,351
FLINN,M,3,0,0,0,4,93,7
FLINT,M,0,0,0,5,3,71,8
FLORA,F,101,115,85,86,77,1904,464
FLORANCE,F,0,0,0,0,0,13,0
FLOREN,F,0,0,0,0,0,6,0
FLORENCE,F,228,257,244,268,274,30060,1271
FLORENT,M,0,0,0,4,0,14,4
FLORES,F,0,0,0,0,0,9,0
FLORI,F,0,0,0,0,0,22,0
FLORIAN,M,4,11,0,6,4,181,25
FLORIANE,F,0,0,0,0,0,3,0
FLORIE,F,0,0,0,0,0,38,0
FLORIN,M,0,0,0,5,3,69,8
FLORRIE,F,6,6,0,3,4,323,19
FLOURISH,F,0,0,0,0,0,11,0
FLOYD,M,11,7,6,9,8,333,41
FLYN,M,0,0,0,0,5,104,5
FLYNN,M,20,35,41,61,99,3929,256
FLYNN,F,0,0,0,3,0,10,3
FLYNT,M,0,0,0,0,0,3,0
FOLAKE,F,0,4,0,0,0,4,4
FOLAKEMI,F,0,0,3,0,0,6,3
FOLASADE,F,5,7,3,3,5,77,23
FOLASHADE,F,5,3,4,0,0,35,12
FORD,M,5,0,7,5,0,76,17
FOREST,M,0,0,0,0,0,49,0
FORHAD,M,0,3,7,0,3,16,13
FORIDA,F,6,0,4,6,0,16,16
FORREST,M,4,4,0,8,3,109,19
FORTUNA,F,0,0,0,0,0,3,0
FORTUNE,M,0,0,0,0,0,39,0
FORTUNE,F,0,0,0,0,0,3,0
FOSTER,M,0,0,0,3,4,77,7
FOUZIA,F,5,0,3,0,0,29,8
FOX,M,11,11,8,9,4,234,43
FOX,F,0,0,0,0,0,3,0
FOY,M,0,0,0,0,0,3,0
FOZIA,F,14,13,10,11,8,133,56
FRAISER,M,0,0,0,0,0,91,0
FRAIZER,M,0,4,0,4,0,106,8
FRANCES,F,274,242,214,159,158,10873,1047
FRANCESCA,F,966,975,1052,921,757,15275,4671
FRANCESCO,M,24,23,23,29,21,635,120
FRANCESKA,F,0,3,4,6,0,56,13
FRANCESSCA,F,9,8,11,9,5,137,42
FRANCHESCA,F,7,8,9,13,6,217,43
FRANCHESKA,F,0,5,0,0,0,57,5
FRANCINE,F,14,18,9,13,7,174,61
FRANCIS,M,172,170,173,171,152,15193,838
FRANCIS,F,5,4,0,0,0,26,9
FRANCISCA,F,0,4,0,4,7,122,15
FRANCISCO,M,13,8,11,11,9,374,52
FRANCO,M,0,0,4,6,8,223,18
FRANCOIS,M,4,3,6,3,4,77,20
FRANCOISE,F,0,0,0,0,0,7,0
FRANK,M,86,87,114,101,111,21941,499
FRANKI,F,0,3,5,4,0,98,12
FRANKIE,M,115,98,100,102,125,8918,540
FRANKIE,F,34,48,41,44,28,3157,195
FRANKLIN,M,20,17,18,32,27,1010,114
FRANKLYN,M,0,6,5,8,7,234,26
FRANKY,M,3,8,0,0,9,520,20
FRANKY,F,0,0,0,0,0,4,0
FRANZ,M,0,0,0,0,0,59,0
FRASER,M,278,256,256,252,220,4821,1262
FRASIER,M,5,10,14,8,6,153,43
FRAYA,F,3,0,0,0,6,350,9
FRAZ,M,3,0,0,0,0,7,3
FRAZER,M,99,118,105,89,83,1598,494
FRAZIER,M,8,5,6,6,3,117,28
FRED,M,26,18,30,35,40,6221,149
FREDA,F,8,4,4,4,8,4072,28
FREDDIE,M,89,93,91,102,138,21764,513
FREDDIE,F,6,6,0,0,4,32,16
FREDDY,M,25,22,19,23,28,2464,117
FREDERIC,M,17,19,21,15,23,556,95
FREDERICA,F,9,10,8,4,0,89,31
FREDERICK,M,362,374,390,394,388,36362,1908
FREDERICO,M,3,0,0,0,0,78,3
FREDERIK,M,6,5,5,8,11,214,35
FREDERIKA,F,0,0,0,0,0,3,0
FREDERIQUE,F,3,0,0,0,0,3,3
FREDRIC,M,5,3,3,6,5,81,22
FREDRICK,M,11,7,10,11,16,395,55
FREDRIK,M,4,4,3,8,0,200,19
FREDRIKA,F,0,0,3,0,0,3,3
FREEDA,F,0,0,0,0,0,13,0
FREEDOM,M,0,0,0,0,0,3,0
FREIA,F,0,0,0,0,4,43,4
FREIDA,F,0,0,0,0,3,63,3
FREIYA,F,0,0,0,0,0,13,0
FREJA,F,9,12,17,21,27,505,86
FREY,M,0,0,0,0,0,39,0
FREYA,F,394,450,563,589,686,32206,2682
FREYA-GRACE,F,0,0,0,0,0,18,0
FREYAH,F,0,0,0,0,0,102,0
FREYIA,F,0,0,0,0,0,6,0
FREYJA,F,13,11,15,11,24,742,74
FRIDA,F,0,0,0,3,3,306,6
FRIEDA,F,0,0,3,3,0,133,6
FRIEDRICH,M,0,3,0,0,0,14,3
FRITZ,M,0,0,0,0,0,13,0
FUAD,M,8,6,8,5,7,157,34
FURKAN,M,0,9,3,11,6,120,29
FURQAAN,M,0,0,0,7,0,44,7
FURQAN,M,6,3,6,6,3,134,24
FYFE,M,0,0,0,0,0,40,0
FYNLEY,M,0,0,0,3,6,268,9
FYNN,M,11,13,10,15,9,826,58
FYNNLAY,M,0,0,0,0,0,3,0
FYNTON,M,0,0,0,0,0,3,0
FYZA,F,0,0,0,0,0,3,0
GABBIE,F,0,0,4,3,0,14,7
GABBY,F,0,3,0,4,0,37,7
GABE,M,0,5,5,0,8,76,18
GABI,F,0,0,0,0,3,13,3
GABIN,M,0,0,0,0,0,3,0
GABOR,M,0,0,0,0,0,20,0
GABRIAN,M,0,0,0,0,0,3,0
GABRIEL,M,189,261,357,400,383,12673,1590
GABRIEL,F,4,0,5,4,6,50,19
GABRIELA,F,26,22,25,20,18,1950,111
GABRIELE,F,6,3,7,8,4,383,28
GABRIELE,M,0,3,4,0,5,132,12
GABRIELIUS,M,0,0,0,0,0,159,0
GABRIELLA,F,313,267,323,332,296,7796,1531
GABRIELLE,F,501,527,449,460,395,7068,2332
GABY,F,7,4,0,9,3,46,23
GAELEN,M,0,0,0,0,0,3,0
GAETAN,M,0,0,0,4,0,4,4
GAGAN,M,4,0,0,0,0,15,4
GAGANDEEP,M,8,8,6,6,6,105,34
GAGANDEEP,F,4,7,3,6,0,43,20
GAGE,M,32,33,32,17,19,316,133
GAIA,F,7,13,11,9,9,412,49
GAIGE,M,0,0,3,4,3,27,10
GAIL,F,5,8,4,5,3,1646,25
GAIUS,M,3,0,0,3,0,59,6
GAIZKA,M,0,0,0,0,0,3,0
GALA,F,0,0,0,0,8,26,8
GALEN,M,3,0,4,0,0,15,7
GALILEO,M,0,0,0,0,0,3,0
GAMZE,F,4,4,8,4,7,65,27
GANESH,M,0,3,0,0,3,22,6
GAR,M,0,0,0,3,0,3,3
GARAN,M,0,0,0,3,0,16,3
GARETH,M,373,296,197,179,135,7908,1180
GARIN,M,9,11,11,25,18,136,74
GARION,M,6,4,4,0,0,14,14
GARMON,M,0,0,0,0,0,6,0
GARON,M,0,3,0,0,0,6,3
GARRET,M,0,0,3,0,0,3,3
GARRETH,M,0,0,0,0,0,6,0
GARRETT,M,11,0,3,4,8,70,26
GARRICK,M,4,0,3,0,0,17,7
GARRISON,M,0,3,0,0,0,6,3
GARRY,M,29,16,18,22,14,2451,99
GARTH,M,10,6,0,5,4,53,25
GARV,M,0,0,0,0,0,28,0
GARVEY,M,0,0,0,3,0,13,3
GARY,M,235,169,152,108,82,14377,746
GARYN,M,5,6,7,7,8,67,33
GASPAR,M,0,0,0,0,0,6,0
GASPARD,M,0,0,0,0,0,38,0
GASTON,M,0,0,0,0,0,6,0
GAURAV,M,11,5,12,14,12,166,54
GAVIN,M,176,131,123,85,62,3913,577
GAVINDEEP,M,5,5,5,0,0,24,15
GAVINDER,M,3,9,5,4,0,21,21
GAVRIEL,M,3,0,3,0,6,94,12
GAWAIN,M,0,3,0,0,3,6,6
GAYLE,F,9,0,0,0,0,9,9
GAYNOR,F,7,7,6,5,3,31,28
GAZEL,F,0,0,3,0,0,3,3
GEAROID,M,3,0,0,0,0,3,3
GED,M,6,4,3,0,3,42,16
GEENA,F,15,15,6,5,7,96,48
GEETA,F,0,0,0,3,0,3,3
GEMIMA,F,4,3,0,0,4,26,11
GEMINI,F,0,0,3,4,4,27,11
GEMMA,F,1261,1053,919,762,664,16560,4659
GEMMA-LOUISE,F,0,6,4,5,0,18,15
GENE,M,7,3,0,4,0,409,14
GENESIS,F,0,0,0,0,3,109,3
GENESIS,M,0,0,0,0,0,34,0
GENEVA,F,12,7,8,3,5,82,35
GENEVIEVE,F,66,66,64,72,73,1638,341
GENIE,F,0,0,0,0,3,16,3
GENNA,F,7,11,10,12,12,85,52
GENO,M,5,0,0,3,0,32,8
GENT,M,0,0,0,3,0,8,3
GEOFF,M,0,0,0,0,0,10,0
GEOFFREY,M,26,22,32,13,22,14550,115
GEORDAN,M,0,0,3,0,0,21,3
GEORDIE,M,7,6,7,7,7,101,34
GEORGA,F,18,13,23,11,13,146,78
GEORGE,M,4287,4586,4540,4286,4034,131053,21733
GEORGE,F,0,4,0,4,0,26,8
GEORGEA,F,6,0,5,0,0,18,11
GEORGEANA,F,0,0,3,0,0,3,3
GEORGEINA,F,3,0,0,0,0,3,3
GEORGENA,F,5,3,0,0,0,8,8
GEORGES,M,5,0,0,3,4,36,12
GEORGETTE,F,12,8,10,4,12,111,46
GEORGI,M,0,4,5,4,0,142,13
GEORGI,F,10,8,8,4,6,101,36
GEORGIA,F,3723,4908,4257,4045,3943,45159,20876
GEORGIA-LEE,F,3,0,5,4,0,18,12
GEORGIA-LEIGH,F,9,7,8,6,6,93,36
GEORGIA-LOUISE,F,7,7,5,5,6,43,30
GEORGIA-MAE,F,5,8,9,11,10,121,43
GEORGIA-MAY,F,6,7,3,5,7,104,28
GEORGIANA,F,15,29,23,26,33,580,126
GEORGIANNA,F,0,8,4,0,4,49,16
GEORGIA-ROSE,F,0,7,3,0,4,96,14
GEORGIE,F,190,172,158,113,93,2923,726
GEORGIE,M,59,51,55,37,56,1190,258
GEORGINA,F,1593,1700,1624,1225,979,17640,7121
GEORGIO,M,6,4,4,4,3,101,21
GEORGIOS,M,4,3,9,9,5,137,30
GEORGY,F,3,3,0,0,3,9,9
GERAINT,M,46,36,41,17,30,309,170
GERALD,M,23,17,14,10,17,8918,81
GERALDINE,F,26,21,19,16,13,1416,95
GERALLT,M,0,5,0,0,0,8,5
GERARD,M,38,42,26,25,21,1899,152
GERDA,F,0,0,3,0,0,57,3
GERI,F,0,14,14,13,10,66,51
GERMAIN,M,0,0,0,0,0,6,0
GERMAINE,F,4,4,0,3,6,24,17
GERMAINE,M,0,0,4,0,0,4,4
GEROME,M,0,0,0,0,0,9,0
GERONIMO,M,0,0,0,0,0,3,0
GERRARD,M,3,0,3,5,0,228,11
GERRI,F,0,3,0,0,0,3,3
GERRY,M,5,9,4,4,5,132,27
GERTA,F,0,0,0,0,0,3,0
GERTRUDE,F,0,0,0,3,0,3768,3
GERWYN,M,7,4,0,4,8,42,23
GETHIN,M,38,0,46,0,30,1546,114
GETHYN,M,6,0,4,0,4,156,14
GHALIB,M,0,0,0,0,0,16,0
GHAZAL,F,0,0,0,0,0,16,0
GHAZALA,F,3,3,0,3,3,12,12
GHAZI,M,4,0,3,0,0,33,7
GHISLAINE,F,0,0,4,4,0,12,8
GHULAM,M,9,10,11,8,5,183,43
GIA,F,0,0,0,5,7,367,12
GIA,M,0,0,0,0,0,3,0
GIACOMO,M,15,7,11,14,10,275,57
GIADA,F,0,0,3,0,4,63,7
GIAN,M,7,6,5,10,5,195,33
GIANA,F,0,0,0,0,0,18,0
GIANCARLO,M,3,7,6,3,0,55,19
GIANFRANCO,M,0,5,0,3,0,22,8
GIANLUCA,M,27,47,41,47,30,551,192
GIAN-LUCA,M,0,3,4,0,0,13,7
GIANLUCCA,M,0,0,0,0,0,3,0
GIANNA,F,6,4,6,11,5,280,32
GIANNI,M,15,22,47,28,18,324,130
GIBRAN,M,0,0,0,0,0,3,0
GIBSON,M,0,0,0,0,0,17,0
GIDEON,M,25,23,28,33,23,689,132
GIFT,F,0,0,0,0,0,51,0
GIFT,M,0,0,0,0,0,13,0
GIFTY,F,0,0,4,0,0,19,4
GIGI,F,4,0,0,4,3,54,11
GIHAN,M,0,3,0,0,0,3,3
GIL,M,4,3,0,5,3,126,15
GILA,F,3,3,0,3,3,47,12
GILAD,M,0,0,3,0,0,22,3
GILBERT,M,11,6,3,6,9,2906,35
GILBY,M,0,0,0,0,0,12,0
GILEAD,M,0,0,0,0,0,3,0
GILES,M,47,60,34,31,31,473,203
GILLES,M,3,0,3,0,0,6,6
GILLESPIE,M,0,0,0,0,0,3,0
GILLIAN,F,33,25,22,19,18,10302,117
GINA,F,80,48,58,38,51,630,275
GINEVRA,F,0,0,0,3,0,43,3
GINNIE,F,0,0,0,0,0,3,0
GINNY,F,4,6,4,3,0,94,17
GINO,M,9,14,7,9,5,307,44
GIO,M,0,0,3,0,0,59,3
GIORDANO,M,0,0,3,0,0,3,3
GIORGI,M,0,0,0,0,0,19,0
GIORGI,F,4,0,0,0,0,4,4
GIORGIA,F,40,34,43,29,24,428,170
GIORGINA,F,3,3,0,3,0,18,9
GIORGIO,M,17,19,22,19,18,355,95
GIOVANI,M,0,0,0,0,0,40,0
GIOVANNA,F,5,13,9,8,4,257,39
GIOVANNI,M,19,23,38,34,24,709,138
GIRISH,M,0,3,0,0,0,6,3
GISELA,F,0,0,0,0,3,20,3
GISELE,F,0,0,0,0,0,123,0
GISELLE,F,16,13,11,12,15,481,67
GITA,F,3,0,0,0,3,13,6
GITTEL,F,5,0,0,4,5,100,14
GITTY,F,6,0,4,3,8,136,21
GIULIA,F,14,18,9,11,16,476,68
GIULIANA,F,0,0,5,3,3,54,11
GIULIANO,M,0,0,3,0,0,20,3
GIULIETTA,F,0,0,0,0,0,18,0
GIULIO,M,3,0,6,3,0,72,12
GIUSEPPE,M,16,14,17,22,28,299,97
GIUSEPPINA,F,3,6,0,0,0,12,9
GIVEN,M,0,0,0,0,0,19,0
GIZELLE,F,0,0,0,0,0,3,0
GIZEM,F,15,14,10,10,12,132,61
GLADWIN,M,0,0,0,0,0,3,0
GLADYS,F,0,0,0,0,5,14674,5
GLEB,M,0,0,0,0,0,31,0
GLEN,M,96,72,85,46,40,1323,339
GLENA,F,0,0,0,0,0,3,0
GLENDA,F,0,0,0,5,0,18,5
GLENDON,M,0,0,3,0,0,3,3
GLENN,M,100,75,61,31,30,2185,297
GLENYS,F,0,0,0,0,0,555,0
GLESNI,F,7,10,4,7,4,78,32
GLORIA,F,19,23,22,20,23,2271,107
GLORIOUS,F,0,0,0,0,0,4,0
GLORY,F,0,4,4,0,4,143,12
GLORY,M,0,0,0,0,3,46,3
GLYN,M,15,22,9,14,8,153,68
GLYNIS,F,0,0,0,0,0,522,0
GLYNN,M,8,7,0,0,3,34,18
GOBIND,M,0,3,0,0,4,47,7
GODFRED,M,0,0,0,0,0,14,0
GODFREY,M,0,0,4,0,0,48,4
GODIVA,F,0,0,0,0,0,6,0
GODRIC,M,0,0,0,0,0,3,0
GODSWILL,M,0,0,0,0,0,12,0
GODWILL,M,0,0,0,0,0,22,0
GODWIN,M,3,4,0,4,6,194,17
GOHAR,M,0,0,0,0,3,6,3
GOKHAN,M,0,0,4,0,0,19,4
GOLDA,F,0,0,6,4,5,45,15
GOLDEN,F,0,0,0,0,0,3,0
GOLDIE,F,3,4,0,0,3,52,10
GOLDY,F,0,0,0,5,0,25,5
GONCALO,M,0,0,0,0,0,82,0
GOODLUCK,M,0,0,0,0,0,16,0
GOODNESS,F,0,0,0,0,0,9,0
GOODNESS,M,0,0,0,0,0,3,0
GOPAL,M,3,3,0,0,4,16,10
GOPIKA,F,0,3,0,0,0,3,3
GORAN,M,0,0,0,3,0,28,3
GORDON,M,17,25,19,20,12,12473,93
GOSPEL,M,0,0,0,0,0,3,0
GOVIND,M,4,5,13,10,0,113,32
GOZDE,F,3,0,6,3,0,30,12
GRACE,F,1421,1440,1582,1867,2187,68670,8497
GRACIA,F,0,4,0,0,5,60,9
GRACIAN,M,0,0,0,0,0,3,0
GRACIE,F,29,32,45,69,107,12841,282
GRACIE-LEE,F,0,0,0,0,0,61,0
GRACIE-LEIGH,F,0,0,0,0,0,246,0
GRACIE-MAE,F,0,0,0,0,3,822,3
GRACIE-MAY,F,0,0,0,0,0,551,0
GRACIOUS,F,0,0,0,0,0,11,0
GRACJAN,M,0,0,0,0,0,150,0
GRACY,F,0,0,0,0,0,59,0
GRADY,M,14,7,14,6,11,135,52
GRAEME,M,20,17,9,10,4,92,60
GRAHAM,M,70,69,55,38,25,16979,257
GRAHAME,M,5,0,0,0,0,5,5
GRAINNE,F,13,15,14,11,6,124,59
GRANIA,F,3,0,0,0,0,3,3
GRANIT,M,0,0,4,0,10,21,14
GRANT,M,307,208,131,86,57,1120,789
GRAYCE,F,0,0,4,4,0,61,8
GRAZIELLA,F,0,0,0,0,3,3,3
GREAT,M,0,0,0,0,0,18,0
GREG,M,65,70,53,58,36,436,282
GREGG,M,14,14,7,12,5,67,52
GREGOIRE,M,3,3,0,0,3,19,9
GREGOR,M,22,44,29,41,36,460,172
GREGORY,M,339,358,311,238,207,5365,1453
GREIG,M,0,0,4,0,0,4,4
GRESA,F,0,0,4,3,4,20,11
GRETA,F,16,16,19,19,16,827,86
GRETEL,F,4,0,0,0,0,80,4
GRETTA,F,0,0,0,0,0,6,0
GRIFF,M,0,0,3,0,3,173,6
GRIFFIN,M,8,5,4,5,5,243,27
GRIFFITH,M,6,0,4,0,0,71,10
GRISELDA,F,0,0,0,0,0,6,0
GRUFF,M,0,0,0,0,0,75,0
GRUFFUDD,M,6,5,6,6,13,208,36
GRUFFYDD,M,7,10,8,7,16,346,48
GRYFF,M,0,0,0,0,0,23,0
GRYFFIN,M,0,0,0,0,0,3,0
GUGANDEEP,M,0,3,0,0,0,3,3
GUGLIELMO,M,0,0,0,0,0,3,0
GUIDO,M,0,0,0,0,0,3,0
GUILHERME,M,0,0,3,0,5,129,8
GUILLAUME,M,9,6,6,13,8,123,42
GUILLERMO,M,0,0,0,0,0,22,0
GUINEVERE,F,0,0,0,0,0,41,0
GUISEPPE,M,3,4,0,4,0,15,11
GUL,F,3,0,4,4,6,44,17
GULAM,M,6,8,10,11,7,109,42
GULCAN,F,0,0,6,0,4,10,10
GULCIN,F,0,0,0,0,4,10,4
GULED,M,5,3,4,6,3,78,21
GULEID,M,3,0,0,0,0,3,3
GULLIVER,M,3,0,0,3,0,44,6
GULSEN,F,5,0,0,0,0,11,5
GULSHAN,F,0,4,3,3,0,10,10
GUNAY,F,0,4,0,0,0,4,4
GUNNER,M,0,0,0,0,0,5,0
GURCHARAN,M,4,3,0,0,0,11,7
GURDAS,M,3,3,0,0,3,33,9
GURDEEP,M,8,22,10,13,6,108,59
GURDEV,M,4,12,3,3,4,43,26
GURINDER,M,5,4,6,4,6,35,25
GURJEET,M,0,5,0,0,6,33,11
GURJEEVAN,M,4,7,3,6,7,126,27
GURJINDER,M,5,5,0,0,0,10,10
GURJINDER,F,3,5,0,0,0,8,8
GURJIT,M,8,6,3,3,4,24,24
GURKAMAL,M,3,0,0,0,0,3,3
GURKARAN,M,0,0,5,0,4,38,9
GURKIRAN,F,6,3,3,8,7,49,27
GURKIRAT,M,4,0,0,0,3,51,7
GURLEEN,F,0,3,4,7,5,360,19
GURMEET,F,0,0,3,0,0,3,3
GURMUKH,M,0,3,0,4,0,28,7
GURNEET,F,0,3,0,6,0,86,9
GURPAL,M,7,7,4,10,4,43,32
GURPREET,F,30,27,27,23,17,239,124
GURPREET,M,18,17,19,14,11,159,79
GURSEVAK,M,0,0,0,0,0,24,0
GURSEWAK,M,0,0,0,0,3,23,3
GURSHAN,M,0,0,0,0,0,60,0
GURSHARAN,F,10,0,10,3,6,55,29
GURSHARON,F,5,3,3,4,0,21,15
GURSIMRAN,F,7,9,11,10,8,194,45
GURSIMRAN,M,0,0,3,5,0,17,8
GURTEJ,M,3,0,3,3,0,53,9
GURVEER,M,4,3,4,10,7,243,28
GURVINDER,M,7,9,13,6,9,62,44
GURVINDER,F,0,0,0,7,0,7,7
GURVIR,M,6,4,4,6,5,96,25
GURVIR,F,0,0,0,0,0,3,0
GUS,M,13,5,25,12,22,366,77
GUSTAS,M,0,0,0,0,0,119,0
GUSTAV,M,0,3,3,0,3,111,9
GUSTAVE,M,0,0,0,0,0,17,0
GUSTAVO,M,5,0,0,0,0,107,5
GUTO,M,10,8,11,11,14,271,54
GUY,M,203,172,159,114,144,2955,792
GWAWR,F,5,0,3,3,0,17,11
GWEN,F,18,22,18,15,17,659,90
GWENAN,F,7,0,5,4,0,75,16
GWENDOLEN,F,0,0,3,0,5,65,8
GWENDOLINE,F,3,4,0,4,0,5508,11
GWENDOLYN,F,4,0,0,8,0,153,12
GWENETH,F,0,0,0,0,0,3,0
GWENEVERE,F,0,0,0,0,0,3,0
GWENI,F,0,0,0,0,0,3,0
GWENLLI,F,0,0,0,0,0,7,0
GWENLLIAN,F,16,18,18,8,15,352,75
GWENNA,F,0,0,0,0,0,15,0
GWENNAN,F,5,12,5,8,9,173,39
GWENNIE,F,0,0,0,0,0,3,0
GWENNO,F,8,8,10,10,8,191,44
GWENYTH,F,0,0,0,0,0,4,0
GWERN,M,0,4,0,4,0,19,8
GWILYM,M,13,9,10,9,15,256,56
GWION,M,12,6,12,17,11,268,58
GWYDION,M,5,3,5,5,4,49,22
GWYN,M,7,8,4,7,0,77,26
GWYNDAF,M,0,0,0,3,0,3,3
GWYNETH,F,6,5,6,9,12,171,38
GWYNFOR,M,3,0,0,0,0,6,3
GYLES,M,0,3,0,0,0,6,3
GYPSY,F,0,0,8,14,9,179,31
HA,F,0,4,4,6,3,42,17
HAADIYA,F,0,0,3,4,4,145,11
HAAJARAH,F,0,3,8,4,0,47,15
HAAJIRA,F,0,5,0,0,3,8,8
HAAJRA,F,4,0,0,6,0,44,10
HAAJRAH,F,3,0,0,4,0,37,7
HAAMID,M,0,0,0,4,3,47,7
HAARIS,M,18,30,30,38,44,789,160
HAAROON,M,4,5,6,0,0,26,15
HAASHIM,M,3,4,12,5,8,156,32
HABEEB,M,5,7,5,4,6,125,27
HABEEBA,F,5,0,4,3,3,81,15
HABEEBAH,F,5,0,5,5,7,108,22
HABIB,M,12,19,17,18,15,377,81
HABIBA,F,26,29,27,30,31,708,143
HABIBAH,F,4,4,8,17,18,326,51
HABIBUR,M,3,5,4,7,0,43,19
HABIL,M,3,0,0,0,0,12,3
HACI,M,0,0,0,0,3,12,3
HADASSAH,F,5,7,3,6,6,204,27
HADDEN,M,0,0,0,3,0,3,3
HADDY,F,0,0,0,4,0,76,4
HADEEL,F,0,3,0,8,0,60,11
HADEEQA,F,0,0,0,5,3,56,8
HADEN,M,10,10,6,3,5,95,34
HADER,M,3,0,4,0,0,7,7
HADI,M,3,5,5,9,7,522,29
HADIA,F,3,3,3,4,7,313,20
HADIAH,F,0,0,3,0,0,3,3
HADIQA,F,4,5,0,5,12,174,26
HADIYA,F,4,4,0,3,11,346,22
HADIYAH,F,4,3,5,4,6,259,22
HADLEIGH,M,3,6,0,5,4,57,18
HADLEY,M,10,23,20,17,12,645,82
HADLEY,F,0,0,0,0,0,110,0
HADRIAN,M,3,0,0,0,0,30,3
HADRIEL,M,0,0,0,0,0,3,0
HADRIEN,M,0,0,5,0,0,16,5
HADYN,M,8,7,10,10,4,170,39
HAF,F,3,0,4,4,5,79,16
HAFEEZ,M,8,4,8,4,3,84,27
HAFINA,F,3,0,0,0,0,3,3
HAFIZA,F,10,11,16,10,12,214,59
HAFIZAH,F,0,4,0,3,0,79,7
HAFSA,F,72,73,81,111,81,2964,418
HAFSAH,F,35,49,48,63,84,2043,279
HAFZA,F,3,0,3,3,5,86,14
HAGAN,M,0,0,0,3,0,12,3
HAGEN,M,0,0,3,0,0,18,3
HAGER,F,0,0,3,0,3,6,6
HAI,M,0,0,0,0,4,19,4
HAIDAN,M,0,0,0,0,0,3,0
HAIDAR,M,12,19,17,19,11,346,78
HAIDEE,F,7,3,4,3,4,71,21
HAIDEN,M,9,15,11,11,4,318,50
HAIDER,M,51,38,62,50,73,1569,274
HAIFA,F,0,0,0,0,0,102,0
HAIG,M,3,0,0,0,0,3,3
HAILEY,F,15,16,12,6,5,389,54
HAILIE,F,0,0,0,0,3,170,3
HAIQA,F,8,0,3,0,0,116,11
HAITHAM,M,4,0,3,3,3,84,13
HAJA,F,3,0,4,0,0,54,7
HAJAR,F,6,10,12,11,9,262,48
HAJARA,F,3,0,5,5,7,101,20
HAJER,F,0,0,4,5,0,61,9
HAJERA,F,6,9,8,4,9,70,36
HAJIRA,F,5,6,12,5,8,172,36
HAJIRAH,F,0,4,5,0,4,91,13
HAJRA,F,22,25,31,25,27,686,130
HAJRAH,F,12,5,13,7,15,479,52
HAKAN,M,13,10,12,12,9,157,56
HAKEEM,M,23,23,25,26,23,412,120
HAKIM,M,13,12,15,16,11,206,67
HAL,M,22,27,20,24,18,367,111
HALA,F,0,4,7,4,7,211,22
HALDEN,M,0,0,3,0,0,3,3
HALEEM,M,0,3,3,6,5,76,17
HALEEMA,F,74,82,87,99,79,1795,421
HALEEMAH,F,18,16,24,29,34,470,121
HALEENA,F,3,5,0,0,3,39,11
HALEIGH,F,9,4,4,0,0,32,17
HALEMA,F,5,5,4,4,6,46,24
HALEN,M,0,0,0,0,0,24,0
HALEY,F,15,22,12,10,10,171,69
HALI,F,0,0,0,0,0,45,0
HALIL,M,11,11,7,8,8,134,45
HALIM,M,0,0,0,3,4,47,7
HALIMA,F,85,105,97,107,120,2309,514
HALIMAH,F,9,14,18,28,39,595,108
HALINA,F,4,10,5,8,5,93,32
HALLAM,M,17,21,15,9,6,160,68
HALLE,F,5,11,9,9,20,1981,54
HALLI,F,0,0,0,0,0,22,0
HALLIE,F,0,0,0,3,19,1730,22
HALLUM,M,0,0,0,7,3,10,10
HALLY,F,0,0,0,0,3,19,3
HALO,F,0,0,0,0,0,34,0
HAMAAD,M,13,8,6,18,13,260,58
HAMAD,M,8,7,9,12,8,234,44
HAMAS,M,4,0,0,4,3,37,11
HAMAZ,M,0,0,0,0,3,3,3
HAMDA,F,11,11,14,10,7,235,53
HAMDI,F,0,4,5,5,4,144,18
HAMED,M,8,8,3,5,5,141,29
HAMEED,M,4,6,5,0,0,54,15
HAMERA,F,3,4,0,0,4,25,11
HAMID,M,9,12,20,9,13,385,63
HAMIDA,F,12,17,8,12,10,174,59
HAMIDAH,F,0,0,3,4,3,51,10
HAMILTON,M,0,0,6,4,0,72,10
HAMISH,M,135,135,138,130,107,2028,645
HAMMAAD,M,6,8,14,7,4,157,39
HAMMAD,M,6,10,15,25,16,475,72
HAMNA,F,0,0,5,0,3,246,8
HAMNAH,F,0,0,0,3,6,240,9
HAMSA,M,10,13,7,8,7,147,45
HAMSE,M,8,5,3,5,4,70,25
HAMZA,M,220,237,252,286,320,6072,1315
HAMZAH,M,105,99,139,140,158,2001,641
HAMZE,M,0,0,0,0,3,21,3
HAN,M,0,0,3,0,0,80,3
HANA,F,56,69,80,87,125,2867,417
HANAA,F,9,13,10,16,11,233,59
HANAAN,F,0,4,0,3,0,94,7
HANAAN,M,0,0,0,3,0,23,3
HANAD,M,5,5,8,4,8,176,30
HANAE,F,3,0,3,3,0,18,9
HANAH,F,3,7,11,4,8,148,33
HANAKO,F,4,0,0,4,0,15,8
HANAN,F,14,8,10,14,25,482,71
HANAR,F,0,0,0,0,0,25,0
HANEEFA,F,0,3,0,3,6,78,12
HANEEFAH,F,0,4,3,0,0,90,7
HANEEN,F,6,4,7,6,4,178,27
HANI,M,5,6,5,3,7,140,26
HANI,F,0,6,3,0,0,88,9
HANIA,F,4,4,3,8,3,363,22
HANIAH,F,0,3,0,5,4,142,12
HANIF,M,4,8,7,7,6,158,32
HANIFA,F,14,24,12,17,19,413,86
HANIFAH,F,5,8,7,10,6,178,36
HANIFE,F,0,0,0,0,0,9,0
HANISH,M,3,0,0,0,0,10,3
HANISHA,F,4,5,3,0,0,29,12
HANIYA,F,0,0,0,4,7,638,11
HANK,M,0,0,0,0,0,11,0
HANLEY,M,3,3,0,4,0,43,10
HANLON,M,0,0,0,3,0,3,3
HANNA,F,81,83,84,95,101,3211,444
HANNAH,F,5916,5581,5052,4351,4410,73432,25310
HANNAH-JAYNE,F,3,0,0,0,0,3,3
HANNAH-LEIGH,F,0,0,0,0,3,3,3
HANNAH-LOUISE,F,13,6,13,8,9,90,49
HANNAH-MAE,F,3,0,3,0,4,24,10
HANNAH-MARIE,F,0,7,3,0,7,40,17
HANNAH-MAY,F,8,0,0,4,0,51,12
HANNAH-ROSE,F,6,4,0,0,4,33,14
HANNALISE,F,3,0,0,0,0,3,3
HANNAN,F,6,0,0,9,9,178,24
HANNAN,M,4,0,0,8,4,118,16
HANNE,F,0,0,4,0,3,13,7
HANNELORE,F,0,0,0,0,3,3,3
HANS,M,4,4,5,9,5,151,27
HANSA,F,4,9,5,10,8,89,36
HANSEL,M,3,0,0,0,0,35,3
HANY,M,0,0,3,0,0,6,3
HANYA,F,7,0,4,0,0,56,11
HANZALAH,M,0,4,3,3,4,160,14
HAPPINESS,F,0,0,0,0,0,9,0
HARALAMBOS,M,0,0,0,3,0,6,3
HARALD,M,0,3,3,0,0,12,6
HARAN,M,5,3,0,0,0,23,8
HARBIR,M,0,4,3,3,0,13,10
HARDEEP,M,17,7,12,7,6,98,49
HARDEEP,F,8,7,5,4,7,37,31
HARDEV,M,4,6,3,0,3,27,16
HARDY,M,0,0,0,0,0,82,0
HAREES,M,0,3,0,0,0,21,3
HARGUN,M,0,0,0,0,0,24,0
HARI,M,9,13,22,20,21,1056,85
HARIETTE,F,0,0,0,0,0,7,0
HARINDER,M,4,0,0,0,5,9,9
HARINI,F,0,0,0,0,7,151,7
HARIS,M,26,36,55,71,64,2076,252
HARISH,M,6,5,3,4,3,124,21
HARISON,M,0,0,0,0,7,55,7
HARITH,M,3,0,3,0,7,114,13
HARJAN,M,0,3,3,0,4,33,10
HARJEET,M,3,6,4,4,4,36,21
HARJEEVAN,M,0,3,5,4,4,68,16
HARJINDER,M,8,3,0,4,4,22,19
HARJIT,M,3,0,0,4,0,26,7
HARJOT,M,5,9,3,6,3,155,26
HARJOT,F,4,4,3,4,6,73,21
HARKARAN,M,5,3,0,4,4,32,16
HARKIRAN,F,7,6,10,10,9,112,42
HARKIRAT,M,0,5,6,0,3,49,14
HARLAN,M,3,0,8,3,3,325,17
HARLAND,M,0,0,0,0,3,45,3
HARLEE,M,0,0,0,4,4,293,8
HARLEE,F,3,3,3,3,0,83,12
HARLEEN,F,6,6,8,15,9,664,44
HARLEIGH,F,13,16,7,9,15,359,60
HARLEIGH,M,0,0,0,0,0,83,0
HARLEM,M,0,0,0,0,3,141,3
HARLEN,M,0,0,0,0,0,91,0
HARLEY,M,186,155,172,136,186,16077,835
HARLEY,F,111,96,58,56,78,1569,399
HARLEY-JAY,M,0,0,0,0,3,161,3
HARLIE,F,12,10,5,4,11,310,42
HARLIE,M,4,0,0,0,5,145,9
HARLO,M,0,0,0,0,0,20,0
HARLOW,F,0,0,0,0,0,404,0
HARLOW,M,0,0,0,0,0,151,0
HARLOWE,F,0,0,0,0,0,25,0
HARMAN,M,8,5,7,7,5,339,32
HARMEET,M,5,5,6,0,0,62,16
HARMEET,F,0,3,4,4,0,32,11
HARMINDER,M,4,5,0,6,3,21,18
HARMONIE,F,0,0,0,4,4,140,8
HARMONY,F,34,34,33,36,35,1590,172
HARNEET,F,0,4,5,4,0,74,13
HARNEK,M,3,0,4,3,4,42,14
HARNOOR,M,0,0,0,0,0,28,0
HAROLD,M,54,36,36,30,32,14980,188
HAROON,M,61,49,67,64,66,1375,307
HAROUN,M,0,4,3,3,3,124,13
HARPAL,M,0,0,5,5,3,17,13
HARPER,F,0,0,0,0,0,2270,0
HARPER,M,0,0,0,4,0,312,4
HARPREET,F,28,26,25,16,21,287,116
HARPREET,M,13,13,11,8,9,140,54
HARRI,M,31,43,52,48,79,1821,253
HARRIE,M,11,11,7,8,5,156,42
HARRIE,F,0,6,6,0,0,27,12
HARRIET,F,1046,1000,944,845,801,18523,4636
HARRIETT,F,35,27,41,30,32,820,165
HARRIETTE,F,24,25,23,18,14,406,104
HARRINGTON,M,0,0,0,0,3,18,3
HARRIOT,F,4,0,7,5,3,46,19
HARRIOTT,F,0,0,3,0,4,23,7
HARRIS,M,42,51,58,57,61,2225,269
HARRISON,M,663,760,803,961,1174,32508,4361
HARRY,M,4434,4631,4761,4914,6070,127718,24810
HARRY-JAMES,M,0,0,0,0,0,103,0
HARSH,M,5,0,5,8,5,193,23
HARSHIL,M,12,3,3,3,5,96,26
HARSIMRAN,F,10,13,15,9,15,241,62
HARSIMRAN,M,0,0,5,0,3,17,8
HART,M,0,0,0,0,0,3,0
HARTLEY,M,0,0,0,0,0,106,0
HARU,M,0,0,0,0,0,19,0
HARUKA,F,4,0,3,4,3,39,14
HARUKI,M,0,0,0,0,0,24,0
HARUN,M,15,18,14,15,11,485,73
HARVEEN,F,3,7,3,7,5,118,25
HARVEER,M,10,5,10,5,5,247,35
HARVEY,M,401,534,596,644,753,29348,2928
HARVEY-JAMES,M,0,0,0,0,0,82,0
HARVEY-LEE,M,0,0,0,0,0,226,0
HARVIE,M,5,4,3,6,8,275,26
HARVIN,M,0,3,0,3,3,103,9
HARVINDER,M,12,9,11,11,13,121,56
HARVINDER,F,5,5,0,0,0,10,10
HARVIR,M,4,9,4,8,4,155,29
HARYAD,M,0,0,0,0,0,12,0
HASAAN,M,3,0,0,5,0,67,8
HASAN,M,123,126,149,141,173,2821,712
HASEEB,M,29,55,36,43,35,835,198
HASEEBA,F,0,5,3,3,0,30,11
HASEENA,F,10,7,7,9,4,100,37
HASHAM,M,5,0,6,0,8,57,19
HASHEM,M,3,4,5,5,3,49,20
HASHIM,M,27,42,43,49,56,1513,217
HASHIR,M,0,0,3,4,5,280,12
HASIB,M,9,7,3,5,4,98,28
HASIBA,F,0,0,0,0,0,23,0
HASINA,F,12,9,5,10,7,94,43
HASNA,F,9,7,8,14,15,211,53
HASNAAT,M,0,0,4,7,0,31,11
HASNAIN,M,27,29,36,41,29,957,162
HASNAN,M,0,0,5,3,4,15,12
HASNAT,M,3,3,6,0,3,49,15
HASSAAN,M,7,0,3,6,3,153,19
HASSAN,M,185,208,211,240,237,4425,1081
HASSEN,M,0,0,0,3,0,6,3
HASSNAIN,M,3,8,0,5,4,87,20
HATICE,F,9,5,9,0,10,164,33
HATIM,M,6,4,3,5,0,65,18
HATTI,F,3,0,0,0,0,14,3
HATTIE,F,6,13,19,25,26,1315,89
HATTON,M,0,0,0,0,0,4,0
HAVANA,F,0,3,4,7,5,211,19
HAVANNA,F,0,0,0,0,0,19,0
HAVISH,M,0,0,0,0,0,20,0
HAWA,F,9,11,5,12,6,492,43
HAWRA,F,0,0,0,3,0,28,3
HAWWA,F,0,4,0,5,5,326,14
HAYA,F,0,3,5,4,4,279,16
HAYAM,F,3,0,0,0,0,3,3
HAYAT,F,4,4,0,4,0,156,12
HAYATO,M,0,3,0,0,0,3,3
HAYDAN,M,4,4,3,0,3,92,14
HAYDAR,M,3,5,3,0,7,122,18
HAYDEN,M,340,388,294,310,298,10865,1630
HAYDEN,F,0,0,0,0,3,202,3
HAYDER,M,5,3,4,0,5,112,17
HAYDN,M,145,134,105,132,108,2182,624
HAYDN,F,0,0,0,4,3,16,7
HAYDON,M,28,24,32,32,23,562,139
HAYDYN,M,0,4,3,4,0,76,11
HAYLEE,F,0,6,3,0,3,60,12
HAYLEIGH,F,54,66,32,12,15,360,179
HAYLEY,F,1088,877,473,229,206,10573,2873
HAYLEY-JANE,F,0,4,0,0,0,4,4
HAYLIE,F,7,8,3,5,3,78,26
HAYTHAM,M,3,4,0,3,6,163,16
HAZAL,F,7,5,6,5,6,174,29
HAZEL,F,141,111,115,87,96,6746,550
HAZERA,F,5,6,4,4,10,117,29
HAZIQ,M,0,3,3,3,0,67,9
HAZRA,F,4,3,3,0,0,10,10
HEATH,M,5,4,6,0,7,907,22
HEATHCLIFF,M,0,0,0,0,0,20,0
HEATHER,F,713,645,509,409,364,11495,2640
HEAVEN,F,0,8,6,7,9,188,30
HEAVEN-LEIGH,F,0,0,0,3,0,19,3
HEAVENLY,F,0,0,0,6,3,33,9
HEBA,F,11,7,8,5,6,267,37
HEBE,F,27,22,27,19,29,387,124
HEBRON,M,0,0,0,0,0,12,0
HECTOR,M,29,38,50,44,38,2312,199
HEDD,M,0,0,0,5,0,32,5
HEDLEY,M,0,4,5,0,0,70,9
HEENA,F,19,21,17,19,28,224,104
HEERA,M,0,3,0,0,0,6,3
HEFIN,M,3,6,0,3,4,32,16
HEIDI,F,193,192,166,128,160,8274,839
HEINI,F,3,0,0,0,0,6,3
HEINRICH,M,0,0,0,0,0,10,0
HEKTOR,M,0,0,0,0,0,34,0
HELA,F,0,0,0,0,0,9,0
HELAINA,F,5,9,6,4,4,99,28
HELANA,F,4,0,0,0,0,28,4
HELAYNA,F,3,3,0,7,4,37,17
HELDER,M,3,0,0,0,0,17,3
HELEDD,F,11,12,9,7,7,121,46
HELEENA,F,6,5,0,0,0,20,11
HELEN,F,435,383,312,242,205,25703,1577
HELENA,F,308,279,278,266,212,3728,1343
HELENE,F,16,9,9,6,5,120,45
HELIN,F,4,13,9,11,10,304,47
HELINA,F,3,0,8,0,0,28,11
HELLY,F,0,0,0,0,0,3,0
HELOISE,F,14,11,10,14,14,159,63
HEMA,F,6,11,5,3,6,112,31
HEMAL,M,0,3,0,0,0,3,3
HEMALI,F,4,0,0,7,0,17,11
HEMISH,M,0,0,0,0,0,9,0
HENA,F,8,14,11,8,11,164,52
HENAL,F,4,3,0,0,0,7,7
HENDRIK,M,4,4,3,0,4,72,15
HENDRIX,M,0,0,0,0,0,258,0
HENDRY,M,0,0,0,3,0,3,3
HENLEY,M,0,0,3,0,0,943,3
HENNA,F,82,76,68,84,78,857,388
HENNAH,F,6,4,4,7,5,38,26
HENNING,M,0,0,0,0,0,9,0
HENOCH,M,0,0,0,0,0,6,0
HENOCK,M,0,0,0,0,0,6,0
HENOK,M,0,0,0,0,0,18,0
HENRI,M,22,24,30,28,23,900,127
HENRIE,M,0,0,0,0,0,20,0
HENRIETTA,F,57,54,52,49,35,1181,247
HENRIETTE,F,3,0,0,3,0,24,6
HENRIK,M,5,3,4,0,3,137,15
HENRIKAS,M,0,0,0,0,0,20,0
HENRIQUE,M,3,0,0,3,0,95,6
HENRY,M,1135,1241,1244,1359,1322,55898,6301
HENRY-JAMES,M,0,0,0,0,0,45,0
HEPHZIBAH,F,0,3,0,4,0,72,7
HERA,F,3,0,5,6,0,66,14
HERB,M,0,0,0,0,0,14,0
HERBERT,M,6,9,10,10,11,10727,46
HERBIE,M,7,4,8,11,20,657,50
HERCULES,M,0,0,0,0,0,3,0
HERMAN,M,4,0,3,0,0,18,7
HERMIONE,F,21,29,40,35,40,1778,165
HERMIONIE,F,0,0,0,0,0,6,0
HERO,F,0,0,0,4,3,44,7
HERO,M,0,0,0,0,0,18,0
HERSH,M,4,0,5,0,0,44,9
HESHAM,M,3,4,3,3,4,31,17
HESSA,F,0,0,0,0,0,45,0
HESTER,F,23,17,22,12,16,343,90
HESTON,M,0,0,0,0,0,119,0
HETAL,F,6,0,4,0,4,19,14
HETTI,F,0,0,0,0,0,21,0
HETTIE,F,0,5,6,6,8,453,25
HETTY,F,11,5,8,10,9,332,43
HEULWEN,F,5,3,0,0,0,24,8
HIBA,F,9,10,16,15,16,941,66
HIBAH,F,11,14,16,14,14,553,69
HIBAQ,F,4,0,4,4,4,53,16
HIBBA,F,0,0,3,0,0,360,3
HIBBAH,F,0,0,0,0,0,180,0
HIBO,F,3,7,3,0,0,53,13
HICHAM,M,0,0,5,3,0,23,8
HIDAYA,F,0,0,0,0,0,51,0
HIDEO,M,0,0,3,0,0,3,3
HIEU,M,0,0,3,0,0,19,3
HIFSA,F,7,3,7,4,4,89,25
HIFSAH,F,0,4,5,3,0,22,12
HIFZA,F,4,8,7,3,12,181,34
HILA,F,0,0,0,0,0,18,0
HILARY,F,23,11,15,8,10,2160,67
HILDA,F,3,3,0,0,0,11276,6
HILLARY,F,3,0,6,0,3,98,12
HILMI,M,0,0,0,0,0,20,0
HILTON,M,0,0,4,3,3,55,10
HIMANI,F,3,3,0,5,3,97,14
HIMESH,M,3,5,8,4,4,27,24
HINA,F,19,22,9,16,23,288,89
HINAL,F,3,3,0,0,3,23,9
HIND,F,3,0,0,3,5,71,11
HINESH,M,3,6,0,0,0,9,9
HINNA,F,7,10,8,0,4,44,29
HIRA,F,21,13,19,20,20,446,93
HIRAL,F,3,4,6,3,3,30,19
HIRAL,M,0,3,0,0,0,3,3
HIRAM,M,4,0,0,4,0,11,8
HIRAN,M,4,0,3,0,3,10,10
HIRANUR,F,0,0,0,0,0,25,0
HIREN,M,11,7,3,8,3,63,32
HIRO,M,0,0,0,0,0,34,0
HIROKI,M,0,5,0,4,6,27,15
HIROKO,F,0,3,0,0,0,3,3
HIRRA,F,7,5,0,0,0,29,12
HISHAAM,M,5,0,8,6,11,151,30
HISHAM,M,9,9,12,8,11,366,49
HITEN,M,8,0,8,0,0,36,16
HITESH,M,3,4,3,0,6,24,16
HIZAR,M,3,0,3,3,0,16,9
HO,M,14,9,5,9,8,74,45
HOANG,M,0,0,0,0,3,25,3
HOBIE,M,0,0,0,0,0,14,0
HOCINE,M,0,0,0,0,3,7,3
HODA,F,10,0,3,6,4,66,23
HODAN,F,8,7,10,7,0,148,32
HODO,F,0,6,3,4,0,20,13
HOGAN,M,0,0,0,0,0,3,0
HOI,F,0,3,4,0,0,20,7
HOLDEN,M,0,0,0,4,4,106,8
HOLLEIGH,F,0,0,0,4,3,18,7
HOLLEY,F,4,7,0,4,3,31,18
HOLLI,F,13,21,21,11,28,339,94
HOLLIE,F,896,858,788,683,693,16318,3918
HOLLIE-ANNE,F,3,3,0,3,0,28,9
HOLLIE-MAE,F,0,0,0,4,4,144,8
HOLLIE-MARIE,F,0,0,0,0,3,43,3
HOLLIE-MAY,F,3,0,0,0,3,67,6
HOLLY,F,2498,2584,2419,2189,2356,49533,12046
HOLLYANN,F,0,0,0,0,4,11,4
HOLLY-ANN,F,10,7,4,5,7,94,33
HOLLYANNE,F,0,0,3,0,0,6,3
HOLLY-ANNE,F,3,8,6,8,3,71,28
HOLLY-LOUISE,F,0,3,3,0,0,42,6
HOLLY-MAE,F,0,4,0,4,4,103,12
HOLLY-MARIE,F,0,0,4,0,0,77,4
HOLLY-ROSE,F,0,0,0,0,0,61,0
HONESTY,F,0,0,0,0,0,3,0
HONEY,F,7,12,14,15,16,3121,64
HONG,M,0,0,0,0,4,43,4
HONOR,F,43,79,91,83,85,1571,381
HONOUR,F,3,7,4,0,7,141,21
HOPE,F,268,233,226,270,251,6065,1248
HORACE,M,0,0,3,0,0,4761,3
HORATIO,M,4,5,5,3,4,198,21
HOSANNA,F,0,0,0,0,0,60,0
HOUDA,F,0,3,0,0,0,25,3
HOWARD,M,47,33,33,21,22,4787,156
HOWIE,M,0,0,0,0,0,102,0
HRISHI,M,0,0,0,0,0,26,0
HRITIK,M,0,0,0,0,3,12,3
HUBERT,M,4,5,8,5,5,3215,27
HUCKLEBERRY,M,0,0,0,0,0,17,0
HUDA,F,10,12,9,17,25,690,73
HUDAIFA,M,0,0,0,0,0,22,0
HUDSON,M,3,6,4,6,6,1417,25
HUEY,M,0,0,0,0,8,344,8
HUGH,M,139,165,119,108,94,6823,625
HUGHIE,M,3,0,0,0,0,267,3
HUGO,M,144,151,181,196,161,7654,833
HUI,F,0,0,0,0,0,57,0
HULYA,F,3,0,0,0,0,6,3
HUMA,F,19,13,30,14,17,268,93
HUMAID,M,0,5,5,0,4,36,14
HUMAIRA,F,46,54,51,62,56,1280,269
HUMAIRAA,F,16,22,21,28,28,308,115
HUMAIRAH,F,6,3,5,0,6,173,20
HUMAYRA,F,23,31,33,22,26,517,135
HUMAYRAA,F,5,4,4,0,0,27,13
HUMAYUN,M,0,5,3,4,7,63,19
HUMERA,F,24,23,17,19,17,280,100
HUMMA,F,0,3,3,4,4,30,14
HUMNA,F,3,0,5,3,0,105,11
HUMPHREY,M,3,6,4,3,5,217,21
HUMPHRY,M,0,0,0,0,0,3,0
HUMZA,M,53,46,41,56,46,772,242
HUMZAH,M,19,13,16,14,13,188,75
HUNAIN,M,0,0,3,0,4,23,7
HUNAYN,M,0,0,0,0,0,3,0
HUNG,M,0,0,0,3,0,3,3
HUNTER,M,4,4,6,4,9,1507,27
HURIYA,F,0,0,0,0,0,31,0
HURIYAH,F,0,0,0,0,0,18,0
HURLEY,M,0,0,0,0,0,3,0
HUSAIN,M,7,8,6,10,10,179,41
HUSAM,M,4,3,7,7,4,92,25
HUSEIN,M,3,0,0,0,0,17,3
HUSEYIN,M,21,15,12,22,23,354,93
HUSNA,F,17,16,21,24,24,765,102
HUSNAA,F,0,0,4,4,3,105,11
HUSNAIN,M,9,18,17,20,32,409,96
HUSSAIN,M,33,51,40,53,63,1457,240
HUSSAM,M,0,0,5,4,9,50,18
HUSSAN,M,5,7,3,3,4,38,22
HUSSEIN,M,23,19,18,15,21,571,96
HUSSNAIN,M,9,8,4,5,8,117,34
HUW,M,72,88,68,65,65,1077,358
HUXLEY,M,0,0,0,3,3,330,6
HUY,M,4,0,3,0,4,25,11
HUZAIFA,M,7,7,11,15,13,400,53
HUZAIFAH,M,13,17,16,17,19,403,82
HUZEFA,M,0,0,3,0,0,9,3
HYDER,M,3,3,4,0,0,40,10
HYDIE,F,0,0,0,0,0,4,0
HYRUM,M,0,0,0,0,4,16,4
HYUN,M,0,0,0,0,3,13,3
HYWEL,M,28,14,16,14,15,202,87
IAGO,M,0,0,0,0,0,105,0
IAIN,M,76,73,55,44,38,2372,286
IAN,M,253,222,212,159,117,25977,963
IANIS,M,0,0,0,0,0,104,0
IANNIS,M,0,0,0,0,0,9,0
IANTHE,F,4,3,4,0,0,58,11
IANTO,M,4,3,5,3,4,106,19
IBA,F,0,0,0,0,0,31,0
IBIRONKE,F,0,0,4,0,0,4,4
IBRAAHEEM,M,0,5,4,7,7,89,23
IBRAHEEM,M,26,25,37,34,46,1465,168
IBRAHIM,M,129,159,175,194,213,8480,870
IBRAR,M,17,15,6,10,12,93,60
IBTIHAL,F,0,0,0,0,5,23,5
IBTISAM,F,0,0,0,5,5,163,10
IBUKUNOLUWA,F,4,4,4,0,3,80,15
IDA,F,4,5,7,5,7,2639,28
IDA-ROSE,F,0,0,0,0,0,10,0
IDIL,F,8,6,8,8,5,133,35
IDIRIS,M,0,0,0,0,0,23,0
IDMAN,F,0,0,0,0,0,37,0
IDNAN,M,0,3,3,0,0,6,6
IDOWU,M,0,0,3,0,0,3,3
IDREES,M,10,12,13,10,12,403,57
IDRIS,M,32,29,33,21,27,1176,142
IDRISS,M,0,0,3,3,0,50,6
IEFAN,M,0,0,3,0,0,7,3
IESHA,F,13,19,12,17,15,190,76
IESTYN,M,23,26,29,44,36,1298,158
IEUAN,M,148,163,156,168,164,2318,799
IEVA,F,0,0,0,3,6,140,9
IFAN,M,14,21,29,29,17,533,110
IFECHUKWU,M,0,0,0,0,0,9,0
IFEOLUWA,F,5,9,5,8,6,198,33
IFEOLUWA,M,3,3,3,7,0,85,16
IFEOLUWAPO,F,0,0,3,0,0,6,3
IFEOMA,F,5,0,5,0,0,68,10
IFFAH,F,0,0,0,0,0,68,0
IFFAT,F,4,4,6,5,5,84,24
IFFATH,F,3,0,0,0,0,6,3
IFOR,M,0,0,0,0,0,18,0
IFRA,F,5,12,9,9,10,184,45
IFRAH,F,17,15,21,26,25,301,104
IFSA,F,0,3,3,0,3,9,9
IFTIKHAR,M,0,0,4,4,4,60,12
IFZA,F,0,4,4,4,3,74,15
IFZAL,M,0,0,5,0,0,5,5
IGA,F,0,0,0,0,0,232,0
IGGY,M,0,0,0,0,3,30,3
IGNACIO,M,0,3,6,0,0,51,9
IGNACY,M,0,0,0,0,0,138,0
IGNAS,M,0,0,0,0,0,88,0
IGNATIUS,M,0,3,0,3,3,38,9
IGOR,M,3,0,5,0,4,849,12
IHSAAN,M,5,5,4,7,3,177,24
IHSAN,M,13,5,9,8,8,324,43
IHTISHAAM,M,4,5,6,0,5,41,20
IHTISHAM,M,6,6,8,0,7,57,27
IJAZ,M,0,6,8,7,6,96,27
IJEOMA,F,3,3,3,0,0,50,9
IKE,M,5,0,4,0,12,94,21
IKECHUKWU,M,4,3,3,3,4,102,17
IKENNA,M,5,5,0,6,3,101,19
IKHLAS,F,0,0,0,0,0,80,0
IKHLAS,M,0,0,3,0,0,12,3
IKHRA,F,0,0,4,6,4,20,14
IKRA,F,39,48,74,62,69,497,292
IKRAA,F,5,0,0,5,4,17,14
IKRAAM,M,0,4,4,3,5,48,16
IKRAH,F,15,18,17,21,17,148,88
IKRAM,F,5,9,8,9,13,233,44
IKRAM,M,18,12,16,9,7,207,62
IKRAN,F,0,0,0,4,4,82,8
ILA,F,0,0,3,0,0,165,3
ILAN,M,0,4,6,7,4,157,21
ILANA,F,9,10,14,17,10,312,60
ILARIA,F,0,0,0,7,0,153,7
ILAYDA,F,7,5,4,11,6,246,33
ILENA,F,0,0,0,0,3,6,3
ILENIA,F,0,0,0,0,0,3,0
ILHAM,F,0,3,10,7,7,193,27
ILHAN,F,0,3,5,4,0,127,12
ILIA,M,0,0,0,0,0,24,0
ILIA,F,0,0,0,0,0,21,0
ILIANA,F,0,0,0,0,3,139,3
ILIAS,M,4,7,0,3,6,191,20
ILIYA,M,0,0,0,0,0,18,0
ILIYA,F,0,0,0,0,0,4,0
ILIYAS,M,0,0,0,0,3,17,3
ILLIANA,F,0,0,0,0,0,20,0
ILLIAS,M,0,0,0,0,0,3,0
ILLYA,M,0,0,0,0,0,3,0
ILLYANA,F,0,0,0,0,0,4,0
ILLYAS,M,0,0,0,0,0,3,0
ILONA,F,19,8,14,9,15,198,65
ILSA,F,3,3,0,8,7,107,21
ILSE,F,0,0,0,0,0,19,0
ILYA,M,0,3,3,0,3,137,9
ILYAAS,M,0,4,3,5,0,133,12
ILYAS,M,14,17,17,16,29,1163,93
ILYES,M,0,0,0,0,0,61,0
ILYSSA,F,0,0,0,0,0,3,0
IMAAD,M,4,0,6,8,5,247,23
IMAAN,F,12,15,24,26,40,2116,117
IMAAN,M,4,0,3,3,8,167,18
IMAANI,F,0,0,27,3,3,182,33
IMAD,M,11,6,10,7,14,226,48
IMAGEN,F,0,0,0,0,0,7,0
IMAN,F,41,53,54,79,95,2067,322
IMAN,M,5,6,8,5,11,147,35
IMANE,F,0,0,0,4,5,97,9
IMANI,F,28,18,39,34,28,911,147
IMANI,M,4,0,6,0,3,42,13
IMARA,F,0,0,5,5,0,71,10
IMARI,M,0,0,0,0,0,4,0
IMARNI,F,4,0,6,0,0,96,10
IMELDA,F,0,3,0,3,3,62,9
IMELIA,F,0,0,0,0,0,7,0
IMEN,F,0,0,0,0,0,14,0
IMMACULATE,F,0,0,0,0,0,3,0
IMMANUEL,M,7,5,6,7,11,271,36
IMMOGEN,F,5,0,0,3,4,48,12
IMOGEN,F,555,548,942,1197,1091,25475,4333
IMOGENE,F,3,6,7,9,10,91,35
IMOGEN-ROSE,F,0,0,0,0,0,44,0
IMOGIN,F,0,0,0,0,0,6,0
IMOJEN,F,0,0,0,0,3,12,3
IMRAAN,M,3,3,0,0,3,84,9
IMRAN,M,101,89,73,77,68,1564,408
IMREN,F,3,0,0,0,0,3,3
IMTIAZ,M,3,4,5,4,3,85,19
IMTIYAZ,M,4,0,0,0,6,66,10
INA,F,0,0,0,3,0,81,3
INAAM,M,4,0,0,5,0,23,9
INAARA,F,0,0,0,0,0,25,0
INAAYA,F,0,0,0,0,0,1806,0
INAIYA,F,0,0,0,0,0,15,0
INAM,M,0,0,0,0,3,3,3
INARA,F,0,0,0,0,0,220,0
INARAH,F,0,0,0,0,0,13,0
INARI,F,0,0,3,0,0,6,3
INAS,F,0,5,0,0,0,76,5
INAYA,F,0,0,0,0,8,1367,8
INAYAH,F,5,4,5,13,13,1414,40
INCA,F,0,0,3,0,3,48,6
INDEA,F,3,3,3,6,3,26,18
INDER,M,4,3,7,0,7,30,21
INDERDEEP,M,3,0,0,0,0,9,3
INDERJIT,M,0,3,3,7,6,31,19
INDERPAL,M,7,3,6,8,6,38,30
INDERPREET,F,3,4,7,6,4,49,24
INDERVEER,M,3,0,0,0,0,21,3
INDI,F,0,7,0,5,4,398,16
INDIA,F,245,299,371,431,429,6448,1775
INDIANA,F,7,11,20,14,17,679,69
INDIANA,M,4,0,4,4,3,248,15
INDIANNA,F,8,7,5,9,7,234,36
INDIA-ROSE,F,4,0,6,3,4,176,17
INDICA,F,0,0,0,4,3,23,7
INDIE,F,3,0,4,0,5,1042,12
INDIE-ROSE,F,0,0,0,0,0,74,0
INDIGO,F,7,11,12,21,13,656,64
INDIGO,M,0,0,0,4,0,79,4
INDIRA,F,0,4,3,10,7,183,24
INDIYA,F,0,0,0,3,5,92,8
INDRA,F,0,0,4,0,0,37,4
INDRAJ,M,0,0,3,0,0,3,3
INDRIT,M,0,0,0,0,5,5,5
INDY,F,0,0,0,4,0,167,4
INDY,M,0,0,0,0,0,158,0
INDYA,F,9,6,11,13,12,191,51
INES,F,11,18,27,27,36,1051,119
INESA,F,0,0,0,0,0,22,0
INEZ,F,0,8,8,9,8,222,33
INGA,F,0,0,0,0,4,96,4
INGO,M,0,0,0,0,0,3,0
INGRID,F,12,10,11,13,10,365,56
INIGO,M,4,7,8,8,9,291,36
INIKA,F,0,0,0,0,0,6,0
INIOLUWA,F,0,0,0,0,0,80,0
INIYA,F,0,0,0,0,0,28,0
INNA,F,0,0,0,0,0,15,0
INNAYA,F,0,0,0,0,0,55,0
INNES,M,8,7,3,0,5,115,23
INNES,F,0,0,0,0,4,30,4
INNIS,M,0,0,0,0,0,3,0
INOLA,F,0,3,0,0,0,10,3
INSHA,F,4,0,5,0,6,121,15
INZA,F,0,0,0,0,3,7,3
IO,F,0,0,0,0,0,19,0
IOAN,M,16,14,22,63,82,1648,197
IOANA,F,0,0,4,0,0,159,4
IOANNA,F,0,4,0,0,0,72,4
IOANNIS,M,6,4,8,7,4,154,29
IOLA,F,8,3,3,10,8,216,32
IOLANTHE,F,0,0,0,0,0,6,0
IOLO,M,7,8,4,8,8,322,35
ION,M,0,0,0,0,0,27,0
IONA,F,127,154,145,186,210,2819,822
IONATAN,M,0,0,0,0,0,61,0
IONE,F,11,16,9,9,12,178,57
IONELA,F,0,0,0,0,0,14,0
IONIE,F,0,0,6,3,0,52,9
IORI,M,0,0,0,0,0,41,0
IORWERTH,M,0,0,0,0,0,23,0
IOSIF,M,0,0,0,0,0,105,0
IOSUA,M,0,0,0,0,0,24,0
IPEK,F,3,0,5,5,3,36,16
IQBAAL,M,0,0,0,0,0,6,0
IQBAL,M,7,11,6,6,6,70,36
IQLAS,F,0,0,0,0,0,15,0
IQRA,F,101,117,140,136,146,3348,640
IQRAA,F,7,9,8,8,6,72,38
IQRAH,F,14,18,17,15,28,204,92
IRA,M,0,6,5,0,3,91,14
IRA,F,3,0,3,0,0,90,6
IRAH,M,0,3,3,0,0,16,6
IRAM,F,69,54,62,59,42,549,286
IRELAND,F,0,3,0,0,4,13,7
IREM,F,0,6,6,3,4,144,19
IREMIDE,F,0,0,0,0,0,15,0
IRENA,F,0,0,0,0,6,46,6
IRENE,F,14,10,12,18,8,15440,62
IREOLUWA,F,0,0,0,0,0,9,0
IREOLUWATOMIWA,M,0,0,0,0,0,3,0
IRFAAN,M,0,3,4,0,5,69,12
IRFAN,M,22,21,15,14,14,385,86
IRINA,F,0,0,4,0,3,125,7
IRIS,F,8,15,12,12,16,10098,63
IRISA,F,0,0,0,0,0,3,0
IRMA,F,0,0,0,0,0,10,0
IRRAM,F,4,6,4,5,0,28,19
IRRUM,F,0,0,0,0,3,3,3
IRSA,F,0,0,0,0,0,61,0
IRUM,F,8,6,5,7,6,76,32
IRVIN,M,0,0,0,0,0,15,0
IRVINE,M,0,0,0,0,0,3,0
IRVING,M,0,3,0,0,0,10,3
IRWIN,M,0,0,0,0,0,3,0
IRYS,F,0,0,0,0,0,6,0
IRZA,F,0,0,0,0,0,6,0
ISA,M,15,24,19,29,28,1802,115
ISA,F,5,0,3,3,3,71,14
ISAAC,M,480,529,666,710,798,30658,3183
ISAAC-LEE,M,0,0,0,0,0,6,0
ISAAK,M,3,8,9,6,8,253,34
ISAAM,M,0,0,0,3,6,99,9
ISAAQ,M,0,0,4,4,0,102,8
ISABEL,F,455,468,544,691,752,17540,2910
ISABELA,F,0,5,0,3,3,295,11
ISABELL,F,0,5,5,7,11,540,28
ISABELLA,F,441,470,594,883,796,40904,3184
ISABELLA-ROSE,F,0,0,0,0,0,234,0
ISABELLE,F,469,509,596,601,796,33532,2971
ISADORA,F,9,12,4,9,8,338,42
ISAH,M,0,0,0,0,0,53,0
ISAIAH,M,22,20,30,28,32,2003,132
ISAK,M,0,0,4,0,3,98,7
ISAM,M,4,4,0,0,3,114,11
ISAMBARD,M,0,0,0,3,0,20,3
ISATOU,F,0,5,6,0,3,133,14
ISATU,F,0,0,0,3,0,18,3
ISBAH,F,0,0,6,0,4,38,10
ISEULT,F,0,0,0,0,0,6,0
ISHA,F,19,25,35,32,59,1813,170
ISHAAN,M,3,0,0,5,11,765,19
ISHAAQ,M,5,0,0,8,10,316,23
ISHAN,M,8,5,3,9,13,419,38
ISHANA,F,0,0,0,3,0,65,3
ISHANI,F,0,6,0,0,6,202,12
ISHAQ,M,6,13,13,10,18,642,60
ISHAR,M,0,3,0,0,0,13,3
ISHBEL,F,6,9,0,7,6,108,28
ISHER,M,0,0,0,0,0,36,0
ISHER,F,0,0,3,0,0,22,3
ISHITA,F,0,0,0,0,0,96,0
ISHMAEL,M,21,19,12,15,11,319,78
ISHMAIL,M,5,3,4,0,3,65,15
ISHRAT,F,8,7,0,5,9,146,29
ISHRATH,F,0,0,0,0,4,10,4
ISHTIAQ,M,4,0,3,0,0,22,7
ISHWAR,M,0,0,3,0,0,11,3
ISIAH,M,4,6,0,9,5,159,24
ISIDORA,F,0,0,0,0,0,29,0
ISIDORE,M,0,0,0,0,3,9,3
ISIS,F,10,26,24,21,15,571,96
ISKANDER,M,0,0,0,0,0,4,0
ISLA,F,87,84,87,124,125,26675,507
ISLA-GRACE,F,0,0,0,0,0,124,0
ISLA-JANE,F,0,0,0,0,0,15,0
ISLAM,M,6,3,8,6,6,133,29
ISLA-MAE,F,0,0,0,0,0,203,0
ISLA-MAY,F,0,0,0,0,0,88,0
ISLA-RAE,F,0,0,0,0,0,91,0
ISLA-ROSE,F,0,0,0,0,0,537,0
ISLAY,F,0,4,6,3,0,165,13
ISLEY,M,0,0,0,0,0,3,0
ISMA,F,9,10,13,18,16,328,66
ISMAAEL,M,0,0,0,0,0,12,0
ISMAE,F,0,0,0,0,0,3,0
ISMAEEL,M,11,16,27,24,28,1162,106
ISMAEIL,M,0,0,0,0,0,3,0
ISMAEL,M,10,14,10,15,28,593,77
ISMAH,F,4,4,5,4,0,183,17
ISMAHAN,F,0,0,0,5,5,49,10
ISMAIEL,M,0,0,3,0,0,16,3
ISMAIL,M,75,61,91,92,97,3009,416
ISMA'IL,M,0,4,0,0,5,84,9
ISMAY,F,7,6,6,4,4,91,27
ISMET,M,0,0,0,3,0,18,3
ISOBEL,F,522,651,702,945,947,16863,3767
ISOBELL,F,4,0,0,0,3,80,7
ISOBELLA,F,15,17,26,24,31,1025,113
ISOBELLE,F,44,57,51,62,76,2216,290
ISOLA,F,0,0,0,0,3,6,3
ISOLDE,F,0,4,5,3,0,96,12
ISRA,F,10,11,12,23,27,948,83
ISRAAR,M,0,0,3,6,0,9,9
ISRAEL,M,10,20,12,26,17,725,85
ISRAEL,F,0,0,0,3,5,22,8
ISRAFIL,M,0,0,0,0,0,8,0
ISRAR,M,15,9,13,8,7,103,52
ISSA,M,3,3,10,9,12,436,37
ISSABELL,F,0,0,0,0,0,4,0
ISSABELLE,F,0,0,0,0,3,113,3
ISSAC,M,16,11,6,14,5,654,52
ISSAK,M,0,3,0,0,0,7,3
ISSAM,M,0,0,0,0,4,50,4
ISSEY,F,0,0,0,0,3,40,3
ISSIAH,M,0,0,0,0,4,12,4
ISSRA,F,0,0,0,0,0,13,0
ISSY,F,0,0,0,0,0,23,0
ISTVAN,M,0,0,0,0,0,8,0
ITALIA,F,0,4,0,3,3,171,10
ITHIEL,M,0,0,0,0,0,6,0
ITOHAN,F,0,0,0,0,0,9,0
IUAN,M,0,0,0,0,3,6,3
IUDITA,F,0,0,0,0,0,4,0
IVA,F,0,0,0,0,0,73,0
IVAN,M,44,47,34,29,38,3468,192
IVANA,F,11,9,5,11,8,284,44
IVANNA,F,3,0,0,0,0,65,3
IVER,M,0,0,0,0,0,3,0
IVIE,F,0,0,0,3,0,196,3
IVO,M,5,3,9,10,10,286,37
IVOR,M,0,4,5,5,12,3322,26
IVORY,F,0,0,3,0,0,30,3
IVY,F,15,10,7,16,20,15117,68
IWAN,M,40,60,101,119,127,1554,447
IWINOSA,F,0,0,0,0,0,12,0
IWO,M,0,0,0,0,0,44,0
IXIA,F,0,0,0,0,0,3,0
IYAD,M,0,0,0,0,0,56,0
IYANNAH,F,0,0,0,0,0,6,0
IYESHA,F,3,4,3,0,6,22,16
IYINOLUWA,F,0,0,0,0,0,15,0
IYLA,F,0,0,0,0,0,753,0
IYLAH,F,0,0,0,0,0,93,0
IYLA-MAE,F,0,0,0,0,0,18,0
IYOBOSA,F,0,0,0,0,0,6,0
IYSHA,F,4,0,0,0,0,29,4
IYSLA,F,0,0,0,0,0,4,0
IZA,F,0,0,0,0,0,23,0
IZAAC,M,9,10,12,17,12,350,60
IZAAK,M,29,27,44,41,42,724,183
IZAAN,M,0,0,0,0,3,194,3
IZABEL,F,0,7,7,6,9,414,29
IZABELA,F,3,4,0,3,0,427,10
IZABELL,F,0,0,0,0,0,61,0
IZABELLA,F,22,13,20,19,12,1602,86
IZABELLE,F,5,4,7,5,11,759,32
IZAC,M,0,0,3,0,0,47,3
IZADORA,F,0,0,0,0,0,6,0
IZAH,F,0,0,0,0,0,14,0
IZAIAH,M,0,0,0,0,0,94,0
IZAK,M,3,4,7,13,6,181,33
IZEL,F,4,0,3,0,6,42,13
IZIAH,M,0,0,0,0,0,56,0
IZMA,F,0,0,0,0,0,80,0
IZOBEL,F,3,0,3,3,9,123,18
IZOBELLE,F,0,0,0,0,0,35,0
IZUMI,F,0,0,0,0,0,4,0
IZZA,F,3,0,0,4,0,120,7
IZZABELLA,F,0,0,0,3,0,187,3
IZZET,M,0,4,0,0,0,4,4
IZZI,F,0,0,0,0,0,28,0
IZZIE,F,0,0,0,0,0,241,0
IZZY,F,0,6,5,4,3,767,18
IZZY,M,0,0,4,0,0,10,4
J,M,3,3,0,0,9,99,15
JAAFAR,M,0,0,0,0,3,9,3
JABARI,M,0,0,0,3,0,44,3
JABED,M,0,3,3,0,3,22,9
JABER,M,0,3,0,5,3,32,11
JABEZ,M,0,4,0,0,4,51,8
JABIR,M,4,0,0,9,8,145,21
JABRAAN,M,3,0,3,0,3,9,9
JABRIL,M,0,0,0,0,0,85,0
JAC,M,60,67,69,81,85,2012,362
JACE,M,4,4,3,0,7,654,18
JACEK,M,0,3,0,0,0,84,3
JACEN,M,0,0,0,0,0,3,0
JACEY,F,8,5,3,3,4,255,23
JACINTA,F,12,19,8,9,10,132,58
JACINTHA,F,0,0,0,0,0,3,0
JACK,M,10779,10145,9845,9785,9079,179215,49633
JACKIE,F,15,18,0,9,7,88,49
JACKIE,M,4,0,4,4,0,64,12
JACKSON,M,64,77,85,123,92,5800,441
JACKY,M,6,6,6,0,5,100,23
JACLYN,F,0,0,5,0,3,15,8
JACO,M,0,0,0,0,0,4,0
JACOB,M,2249,2590,2686,2746,2536,71561,12807
JACOBI,M,0,0,0,0,0,51,0
JACOBIE,M,0,0,0,0,0,3,0
JACOBUS,M,0,0,0,0,0,14,0
JACQUE,M,17,13,19,6,8,110,63
JACQUELINE,F,98,74,67,53,46,16053,338
JACQUELYN,F,0,4,4,0,0,13,8
JACQUES,M,53,60,59,67,41,671,280
JACQUI,F,6,3,0,0,3,15,12
JAD,M,6,4,5,8,5,185,28
JADA,F,7,22,66,66,107,1380,268
JADAN,M,0,0,3,6,3,92,12
JADE,F,2750,2538,2497,2148,2055,23417,11988
JADE,M,6,4,0,0,0,31,10
JADE-LOUISE,F,11,11,3,3,5,42,33
JADE-MARIE,F,11,10,8,4,6,47,39
JADEN,M,20,22,38,89,87,3232,256
JADEN,F,0,0,3,16,13,210,32
JADENE,F,22,12,3,11,4,59,52
JADESOLA,F,8,4,3,0,5,114,20
JADIE,F,11,8,10,9,9,85,47
JADINE,F,21,14,3,3,4,68,45
JADON,M,6,0,4,12,13,386,35
JADZIA,F,3,12,10,10,10,90,45
JAE,M,16,21,20,21,17,284,95
JAE,F,4,6,8,4,12,64,34
JAEDEN,M,0,0,4,0,7,259,11
JAEDON,M,0,0,0,3,8,131,11
JAEGER,F,4,0,0,0,0,7,4
JAEGER,M,0,0,0,3,0,3,3
JAEL,F,4,0,0,3,0,84,7
JAELAN,M,0,0,0,0,0,18,0
JAFAR,M,3,5,0,0,6,70,14
JAGDEEP,M,14,7,14,7,16,97,58
JAGJEET,M,3,4,3,0,0,36,10
JAGJIT,M,8,7,5,4,0,24,24
JAGO,M,16,22,17,27,26,1045,108
JAGODA,F,0,0,0,0,0,247,0
JAGRAJ,M,7,7,4,0,5,83,23
JAGROOP,M,5,0,3,6,0,32,14
JAGVIR,M,0,0,3,0,3,14,6
JAHAN,M,3,5,6,0,6,62,20
JAHANARA,F,4,0,0,0,3,11,7
JAHANGIR,M,11,0,4,3,0,26,18
JAHANZEB,M,6,0,0,0,4,18,10
JAHED,M,3,4,7,7,5,39,26
JAHEDUR,M,0,0,3,0,0,3,3
JAHEIM,M,0,0,0,0,0,287,0
JAHID,M,5,4,8,5,6,48,28
JAHMAL,M,9,6,8,5,7,98,35
JAI,M,60,76,81,106,114,2259,437
JAI,F,5,5,7,9,19,119,45
JAIDA,F,0,3,4,10,11,333,28
JAIDAN,M,3,4,4,5,9,262,25
JAIDE,F,9,3,3,10,3,59,28
JAIDEEP,M,5,0,0,0,3,75,8
JAIDEN,M,8,9,15,22,37,2861,91
JAIDEN,F,0,0,0,3,4,110,7
JAIDON,M,0,4,0,0,7,261,11
JAIKE,M,3,0,4,0,3,10,10
JAIME,F,46,49,49,57,47,1002,248
JAIME,M,17,18,15,13,19,342,82
JAIMEE,F,15,20,19,23,15,412,92
JAIMEE-LEIGH,F,0,0,4,0,0,52,4
JAIME-LEE,F,7,0,0,3,3,31,13
JAIME-LEIGH,F,5,0,6,3,8,123,22
JAIMEY,F,0,0,3,0,0,12,3
JAIMI,F,0,0,3,0,0,7,3
JAIMIE,F,16,16,22,25,23,301,102
JAIMIE,M,8,11,6,7,3,92,35
JAIMIE-LEIGH,F,0,0,0,4,3,19,7
JAIMIN,M,9,10,8,3,5,60,35
JAIMINI,F,8,5,3,4,4,34,24
JAINA,F,7,10,12,7,6,125,42
JAINIL,M,0,0,0,0,0,24,0
JAIPAL,M,3,3,0,0,0,22,6
JAIPREET,F,0,0,0,3,5,48,8
JAISON,M,0,0,0,0,3,26,3
JAIVEER,M,0,0,0,0,0,119,0
JAIVIR,M,0,0,0,0,0,6,0
JAK,M,102,107,117,126,125,1813,577
JAKE,M,4331,3945,3760,3427,3543,65615,19006
JAKIA,F,7,0,0,0,0,19,7
JAKIR,M,6,6,0,3,0,15,15
JAKOB,M,70,77,68,60,94,1626,369
JAKOBI,M,0,0,0,0,0,18,0
JAKOBUS,M,0,0,0,0,0,4,0
JAKSON,M,0,0,0,0,3,53,3
JAKUB,M,4,7,3,8,12,4263,34
JALAL,M,10,7,3,5,5,129,30
JALEN,M,0,4,0,0,4,107,8
JAMAAL,M,18,26,16,24,16,357,100
JAMAHL,M,7,5,5,3,4,38,24
JAMAINE,M,5,3,8,0,4,71,20
JAMAL,M,139,116,131,133,104,2065,623
JAMAR,M,4,0,0,0,6,64,10
JAMARI,M,0,0,0,0,0,83,0
JAMARL,M,0,4,0,4,0,8,8
JAMEEL,M,6,14,8,13,17,285,58
JAMEELA,F,4,3,5,7,8,142,27
JAMEELAH,F,6,0,7,0,0,89,13
JAMEL,M,13,19,8,10,12,195,62
JAMELIA,F,0,3,0,0,29,219,32
JAMES,M,9385,9853,9197,8748,7489,196280,44672
JAMESON,M,4,5,3,5,6,229,23
JAMEY,M,4,5,3,3,0,39,15
JAMEY,F,0,3,5,0,0,28,8
JAMI,F,0,4,5,3,6,18,18
JAMIE,M,2688,2540,2451,2500,2508,44783,12687
JAMIE,F,220,195,185,180,191,2440,971
JAMIE-ANN,F,0,0,0,4,0,4,4
JAMIEE,F,0,0,0,0,3,19,3
JAMIEL,M,0,0,0,0,3,28,3
JAMIELEA,F,0,0,4,0,3,10,7
JAMIE-LEA,F,4,4,7,6,4,96,25
JAMIELEE,F,6,8,9,8,9,70,40
JAMIELEE,M,0,6,3,4,0,49,13
JAMIE-LEE,F,46,62,52,52,43,564,255
JAMIE-LEE,M,19,27,19,14,18,347,97
JAMIELEIGH,F,0,8,4,8,11,79,31
JAMIE-LEIGH,F,32,42,40,51,35,796,200
JAMIE-LEIGH,M,0,0,4,0,0,4,4
JAMIE-LOUISE,F,3,6,0,0,0,36,9
JAMIESON,M,0,0,3,0,0,40,3
JAMIL,M,30,22,24,27,25,551,128
JAMILA,F,31,32,31,30,27,542,151
JAMILAH,F,3,6,10,11,12,167,42
JAMILLA,F,7,4,6,3,13,67,33
JAMIMA,F,0,0,4,3,3,47,10
JAN,M,21,19,39,23,14,1750,116
JAN,F,0,0,0,0,3,25,3
JANA,F,15,13,9,27,16,622,80
JANAE,F,0,4,3,4,5,233,16
JANAID,M,6,7,0,3,5,39,21
JANAKI,F,0,5,3,0,0,14,8
JANAY,F,5,5,3,5,4,61,22
JANE,F,112,80,81,86,59,19204,418
JANEK,M,0,0,0,4,0,26,4
JANELLE,F,7,16,7,9,12,456,51
JANESSA,F,3,0,0,0,0,23,3
JANET,F,19,19,11,15,12,18918,76
JANEY,F,0,4,5,5,3,97,17
JANICE,F,13,5,5,5,7,2732,35
JANIE,F,16,8,8,6,5,124,43
JANINA,F,0,4,0,4,3,57,11
JANINE,F,25,27,14,13,12,167,91
JANIS,F,0,0,4,0,0,8,4
JANITA,F,0,4,0,0,0,7,4
JANKI,F,10,8,5,6,10,54,39
JANNA,F,6,5,0,4,4,143,19
JANNAH,F,7,10,9,9,15,573,50
JANNAT,F,7,11,7,6,14,870,45
JANNATH,F,0,0,3,0,5,99,8
JANNATUL,F,0,3,5,0,3,93,11
JANNET,F,0,0,0,0,0,4,0
JANOS,M,0,0,0,0,0,18,0
JANSEN,M,0,0,0,0,3,23,3
JANSON,M,0,3,3,0,0,6,6
JANVI,F,0,4,8,10,5,120,27
JAPLEEN,F,0,0,0,0,0,15,0
JAQ,M,3,0,0,3,4,20,10
JAQUE,M,0,0,4,0,3,10,7
JAQUELINE,F,0,0,0,0,3,3,3
JAQUES,M,0,0,0,3,0,3,3
JARAD,M,5,9,8,6,6,66,34
JARDEL,M,0,16,4,4,6,45,30
JARDELL,M,0,3,0,3,0,10,6
JARED,M,158,167,145,151,142,2341,763
JAREK,M,0,0,0,0,0,3,0
JARETH,M,14,6,4,5,0,53,29
JARLATH,M,0,0,5,4,0,12,9
JAROD,M,0,25,49,19,5,159,98
JARON,M,7,5,4,3,0,72,19
JAROSLAV,M,0,0,0,0,0,44,0
JARRAD,M,38,28,45,23,21,245,155
JARRED,M,28,44,30,28,22,312,152
JARRELL,M,3,0,0,4,0,46,7
JARRET,M,4,0,0,0,0,4,4
JARRETT,M,4,4,3,0,3,20,14
JARROD,M,25,27,40,35,37,304,164
JARRYD,M,7,0,6,0,3,25,16
JARVIS,M,37,30,20,9,17,399,113
JASBIR,M,3,0,3,3,0,12,9
JASDEEP,M,13,16,11,12,6,116,58
JASDEEP,F,5,7,7,3,4,64,26
JASH,M,0,0,0,0,3,16,3
JASKARAN,M,17,26,11,15,16,296,85
JASKARAN,F,0,4,0,5,0,12,9
JASKIRAN,F,9,13,10,14,9,173,55
JASLEEN,F,8,11,9,13,14,549,55
JASMEEN,F,3,4,0,4,4,143,15
JASMEET,F,7,5,4,7,0,198,23
JASMEET,M,0,4,0,6,0,42,10
JASMIN,F,299,298,270,328,321,4306,1516
JASMINA,F,7,7,4,7,6,261,31
JASMINDER,F,5,4,0,0,0,30,9
JASMINE,F,1145,1154,1268,1550,1606,30582,6723
JASMYN,F,9,12,11,18,17,308,67
JASNEET,F,5,3,4,3,0,76,15
JASON,M,1001,844,723,650,561,17791,3779
JASON-LEE,M,0,3,0,0,0,7,3
JASPAL,M,16,13,12,9,7,78,57
JASPER,M,94,97,106,116,124,5450,537
JASPREET,F,43,32,33,35,27,405,170
JASPREET,M,5,6,5,7,6,80,29
JASRAJ,M,10,10,8,9,8,204,45
JASVEER,F,0,0,0,0,0,18,0
JASWINDER,F,3,3,0,0,3,9,9
JASWINDER,M,4,0,0,4,0,8,8
JATIN,M,3,4,7,5,6,65,25
JATINDER,M,6,8,4,3,7,40,28
JAVAIRIA,F,8,7,9,5,4,57,33
JAVAN,M,21,14,13,11,11,192,70
JAVARIA,F,3,4,3,7,5,26,22
JAVED,M,10,11,8,7,0,73,36
JAVEN,M,0,0,0,6,4,32,10
JAVERIA,F,8,8,12,6,12,242,46
JAVID,M,0,5,0,0,5,44,10
JAVIER,M,14,7,7,16,14,335,58
JAVON,M,3,9,4,0,5,86,21
JAWAAD,M,12,10,7,9,8,101,46
JAWAD,M,14,17,14,15,25,437,85
JAWAHIR,F,0,0,0,0,0,18,0
JAWAIRIA,F,0,0,0,0,3,15,3
JAWWAD,M,4,3,0,3,0,22,10
JAX,M,0,0,0,0,6,692,6
JAXON,M,6,0,4,4,9,2771,23
JAXTON,M,0,0,0,0,0,4,0
JAY,M,639,691,754,890,893,13959,3867
JAY,F,33,23,34,24,23,214,137
JAYA,F,15,17,17,26,36,1101,111
JAYA,M,0,0,0,4,0,9,4
JAYAN,M,6,4,10,7,7,221,34
JAYCE,M,9,5,0,3,3,303,20
JAYCEE,F,7,5,3,8,5,244,28
JAYCIE,F,5,0,0,0,0,96,5
JAYCOB,M,0,0,0,6,0,149,6
JAYDA,F,8,5,24,17,16,611,70
JAYDAN,M,3,0,10,12,13,780,38
JAYDE,F,58,40,45,37,24,394,204
JAYDEAN,F,0,0,3,3,3,15,9
JAYDEE,F,0,6,11,5,0,47,22
JAYDEEP,M,0,0,4,3,0,26,7
JAYDEN,M,75,62,83,175,251,22934,646
JAYDEN,F,6,6,9,15,17,303,53
JAYDENE,F,14,11,7,5,8,68,45
JAYDEN-LEE,M,0,0,0,0,0,269,0
JAYDN,M,4,0,5,17,9,281,35
JAYDON,M,12,15,18,42,69,1693,156
JAYE,F,27,22,23,19,13,160,104
JAYE,M,14,13,19,22,16,149,84
JAYED,M,4,4,0,0,3,11,11
JAYESH,M,8,7,5,0,3,47,23
JAY-JAY,M,4,4,7,0,0,207,15
JAYKE,M,9,12,11,5,7,172,44
JAYLEN,M,0,0,3,4,0,474,7
JAYME,F,8,8,4,8,12,120,40
JAYME,M,4,0,8,7,4,102,23
JAYMEE,F,35,13,10,7,7,166,72
JAYMEE-LEIGH,F,3,4,0,0,0,17,7
JAYMI,F,0,0,3,3,3,9,9
JAYMI,M,3,0,0,0,0,7,3
JAYMIE,F,14,12,12,12,10,190,60
JAYMIE,M,6,4,3,8,5,101,26
JAYMIN,M,3,3,0,3,3,27,12
JAYNA,F,9,10,7,4,8,119,38
JAYNE,F,38,39,27,28,15,2462,147
JAYNIE,F,4,0,0,0,3,14,7
JAYSON,M,19,16,20,14,16,442,85
JAZ,M,8,7,5,6,3,44,29
JAZ,F,4,3,0,8,3,25,18
JAZMIN,F,62,57,84,92,111,1579,406
JAZMINE,F,58,45,61,83,80,1282,327
JAZMYN,F,5,8,12,21,12,245,58
JAZMYNE,F,0,0,3,0,0,28,3
JAZZ,F,17,6,12,8,3,116,46
JAZZ,M,9,9,8,14,0,89,40
JAZZMIN,F,11,7,8,11,10,97,47
JAZZMINE,F,3,5,7,4,5,37,24
JEAN,F,15,8,8,9,8,21383,48
JEAN,M,10,13,12,11,11,277,57
JEAN-BAPTISTE,M,3,0,0,3,0,11,6
JEAN-CLAUDE,M,0,0,3,0,0,3,3
JEANETTE,F,8,3,6,3,5,2142,25
JEANIE,F,0,0,3,0,4,101,7
JEANINE,F,0,0,0,0,0,3,0
JEAN-JACQUES,M,4,0,0,0,0,4,4
JEAN-LOUIS,M,0,3,0,0,0,3,3
JEAN-LUC,M,24,9,18,11,5,119,67
JEANNA,F,0,3,0,0,0,3,3
JEANNE,F,3,3,4,0,3,100,13
JEANNETTE,F,3,0,0,0,0,6,3
JEANNIE,F,5,4,5,3,3,101,20
JEAN-PAUL,M,6,0,5,4,0,46,15
JEAN-PIERRE,M,0,0,0,8,0,37,8
JED,M,138,139,111,123,104,1654,615
JEDD,M,22,16,12,11,12,160,73
JEDIAH,M,4,0,0,0,0,40,4
JEDIDIAH,M,6,7,7,5,4,218,29
JEEVAN,M,24,32,34,44,45,846,179
JEEVAN,F,0,4,4,0,6,54,14
JEFF,M,10,10,4,7,4,133,35
JEFFERSON,M,8,11,6,8,8,151,41
JEFFERY,M,4,6,4,5,3,92,22
JEFFREY,M,31,40,35,28,24,5558,158
JELANI,M,6,6,5,7,3,81,27
JELENA,F,4,0,6,5,5,72,20
JEM,M,9,14,13,14,16,317,66
JEMA,F,3,0,7,0,0,23,10
JEMAINE,M,5,0,0,0,0,11,5
JEMAL,M,4,0,0,3,0,25,7
JEMEL,M,0,4,0,5,0,9,9
JEMILA,F,6,3,0,0,0,9,9
JEMIMA,F,177,259,186,226,206,5100,1054
JEMIMAH,F,14,14,19,18,23,593,88
JEMINA,F,0,3,0,0,4,13,7
JEMMA,F,480,401,300,282,242,4742,1705
JEMMA-LOUISE,F,0,5,0,0,0,5,5
JENA,F,9,11,7,18,18,246,63
JENAE,F,0,3,0,0,0,51,3
JENAI,F,0,7,3,3,0,39,13
JENELLE,F,0,5,0,3,0,63,8
JENESSA,F,8,5,0,3,0,27,16
JENEVIEVE,F,0,3,0,0,0,9,3
JENI,F,0,0,4,0,0,16,4
JENIFER,F,4,9,11,8,4,126,36
JENIKA,F,6,3,4,0,0,26,13
JENKIN,M,0,0,0,0,0,8,0
JENNA,F,289,315,257,236,243,5515,1340
JENNAH,F,0,4,7,7,5,227,23
JENNER,F,0,0,3,0,0,3,3
JENNI,F,11,5,6,8,8,125,38
JENNIE,F,30,15,18,21,17,255,101
JENNIFER,F,1200,938,858,704,645,25686,4345
JENNY,F,147,103,107,89,91,1835,537
JENS,M,5,4,0,0,3,36,12
JENSEN,M,6,5,9,11,52,2826,83
JENSON,M,4,4,9,7,99,8344,123
JEORGIA,F,6,5,12,9,3,56,35
JERALD,M,0,0,0,0,0,10,0
JEREMIAH,M,27,32,20,29,30,1588,138
JEREMIE,M,3,0,0,0,0,57,3
JEREMY,M,108,101,91,85,67,5374,452
JERI,F,0,8,4,0,0,15,12
JERIAH,M,0,0,0,0,0,32,0
JERICA,F,3,0,0,0,0,3,3
JERICHO,M,0,0,0,0,0,80,0
JERMAIN,M,5,0,3,0,0,62,8
JERMAINE,M,40,44,31,38,27,831,180
JEROME,M,135,100,70,56,54,1075,415
JERON,M,3,0,6,0,0,28,9
JERRARD,M,0,0,0,0,0,9,0
JERRELL,M,3,0,3,0,3,38,9
JERRY,M,24,21,16,13,15,363,89
JERRY,F,5,4,3,0,3,15,15
JERSEY,F,0,0,0,0,0,280,0
JERSEY,M,0,0,0,0,0,3,0
JERSIE,F,0,0,0,0,0,18,0
JERUSHA,F,3,3,0,3,0,65,9
JESAL,M,3,0,3,3,4,17,13
JESAMINE,F,6,0,0,0,5,17,11
JESICA,F,0,4,0,0,0,49,4
JESMIN,F,3,0,0,0,0,6,3
JESPER,M,0,0,3,0,7,71,10
JESS,F,24,14,15,16,21,421,90
JESS,M,14,11,14,18,17,147,74
JESSAMINE,F,5,3,3,0,0,22,11
JESSAMY,F,9,10,7,8,10,94,44
JESSE,M,161,212,146,135,134,5324,788
JESSE,F,14,22,15,18,22,306,91
JESSI,F,5,3,0,0,7,85,15
JESSICA,F,6711,6090,5719,4799,4779,101043,28098
JESSICA-ANNE,F,3,0,0,0,0,15,3
JESSICA-JADE,F,0,3,3,0,0,13,6
JESSICA-JANE,F,3,0,0,0,0,43,3
JESSICA-LEIGH,F,4,0,3,0,0,73,7
JESSICA-LOUISE,F,3,0,6,3,3,101,15
JESSICA-MAE,F,0,4,0,0,3,75,7
JESSICA-MAI,F,0,0,3,0,0,24,3
JESSICA-MAY,F,0,0,5,0,0,85,5
JESSICA-ROSE,F,0,4,6,0,0,113,10
JESSICCA,F,5,0,0,7,6,38,18
JESSIE,F,194,154,175,138,154,8098,815
JESSIE,M,10,6,6,9,10,140,41
JESSIE-LEIGH,F,0,3,0,0,0,41,3
JESSIKA,F,7,14,9,10,8,234,48
JESSIKAH,F,0,3,0,5,0,8,8
JESSY,F,9,3,6,5,6,110,29
JESSY,M,0,0,0,0,0,22,0
JESSYE,F,0,0,0,3,4,10,7
JESUS,M,0,0,0,0,0,15,0
JESWIN,M,0,0,0,0,0,10,0
JET,M,0,0,3,0,0,117,3
JETA,F,0,0,0,0,4,4,4
JETHRO,M,15,12,14,9,9,304,59
JETT,M,0,3,4,4,0,279,11
JEVAN,M,10,10,15,15,7,181,57
JEVEN,M,0,0,3,5,0,11,8
JEVON,M,12,19,10,14,14,212,69
JEVONTE,M,0,0,0,0,0,11,0
JEWEL,F,4,0,0,3,3,159,10
JEWEL,M,0,0,0,3,0,18,3
JEYDA,F,7,6,13,5,3,115,34
JEZ,M,15,10,17,12,12,124,66
JEZZ,M,0,0,0,3,0,3,3
JHANGIR,M,3,0,0,0,0,3,3
JI,M,0,3,5,0,0,25,8
JI,F,0,0,3,0,0,18,3
JIA,F,5,0,4,3,0,540,12
JIA,M,0,3,0,0,0,280,3
JIANA,F,0,0,0,0,0,11,0
JIANG,M,0,0,0,0,0,3,0
JIBRAN,M,6,5,8,7,3,152,29
JIBRIL,M,4,6,0,0,4,242,14
JIGAR,M,0,4,0,0,3,13,7
JIHAD,M,0,4,5,0,4,27,13
JILL,F,8,7,3,5,7,3185,30
JILLIAN,F,7,3,0,0,4,58,14
JILLY,F,6,0,0,0,0,13,6
JIM,M,23,14,16,11,19,298,83
JIMI,M,11,10,7,10,11,302,49
JIMMI,M,0,0,0,0,0,32,0
JIMMIE,M,5,3,6,0,0,44,14
JIMMY,M,80,76,91,76,89,2413,412
JIN,M,3,0,5,5,5,130,18
JIN,F,0,0,0,0,0,28,0
JINESH,M,0,0,0,0,0,6,0
JING,F,0,0,0,0,0,105,0
JINNY,F,0,0,0,0,0,3,0
JIORDAN,F,4,3,0,3,0,13,10
JIRO,M,0,0,0,0,0,3,0
JISHA,F,0,0,0,0,0,3,0
JIVAN,M,4,3,0,0,0,18,7
JIYA,F,0,0,0,0,0,604,0
JIYAAN,M,0,0,0,0,0,11,0
JO,F,31,21,25,16,18,213,111
JO,M,5,4,5,6,7,67,27
JOAB,M,5,4,4,9,7,139,29
JOACHIM,M,5,7,8,3,5,155,28
JOAKIM,M,3,0,0,0,0,26,3
JOAN,F,5,14,4,8,11,20914,42
JOANA,F,3,10,9,8,12,233,42
JOANIE,F,3,0,0,0,3,104,6
JOANN,F,3,0,4,0,0,14,7
JO-ANN,F,4,0,3,0,0,7,7
JOANNA,F,374,317,274,218,201,7646,1384
JOANNE,F,265,186,141,129,95,12455,816
JO-ANNE,F,4,3,0,3,0,13,10
JOAO,M,12,15,11,12,18,467,68
JOAQUIM,M,0,0,0,0,0,43,0
JOAQUIN,M,0,0,0,0,0,143,0
JOASH,M,3,3,5,4,4,120,19
JOB,M,3,7,0,8,5,81,23
JOBE,M,14,9,13,6,11,237,53
JOBIE,M,4,4,0,0,6,43,14
JOBY,M,4,12,12,8,7,201,43
JOCASTA,F,0,0,0,0,4,24,4
JOCELYN,F,19,27,20,22,23,743,111
JOCELYN,M,4,0,5,7,0,35,16
JOCIE,F,0,0,0,0,0,6,0
JOCK,M,0,0,3,0,4,16,7
JODEE,F,4,4,0,0,0,11,8
JODHI,F,0,3,0,0,4,7,7
JODHVEER,M,0,0,0,0,0,7,0
JODI,F,88,90,79,67,56,786,380
JODI,M,5,3,6,0,0,45,14
JODIE,F,1354,1021,937,758,814,11566,4884
JODIE-LEE,F,5,4,4,4,0,33,17
JODIE-LEIGH,F,14,8,4,4,6,99,36
JODIE-MAY,F,0,3,0,0,4,7,7
JODINE,F,0,3,4,0,3,10,10
JODY,F,61,60,53,42,42,520,258
JODY,M,10,20,13,16,15,289,74
JOE,M,1567,1454,1211,1292,1407,19376,6931
JOEB,M,0,3,4,0,0,10,7
JOEL,M,793,809,782,829,791,16556,4004
JOELL,M,0,0,0,0,3,17,3
JOELLA,F,0,0,4,5,3,108,12
JOELLE,F,17,18,20,12,13,261,80
JOELY,F,26,26,30,22,33,406,137
JOESEPH,M,0,6,0,0,0,21,6
JOEY,M,22,20,30,32,38,3208,142
JOEY,F,0,4,0,5,0,81,9
JOHAN,M,17,7,11,18,12,463,65
JOHANN,M,5,9,8,8,4,189,34
JOHANNA,F,39,44,39,25,20,487,167
JOHANNES,M,11,9,10,8,8,229,46
JOHN,M,1649,1439,1357,1158,1096,101937,6699
JOHNATHAN,M,107,59,61,54,48,788,329
JOHNATHON,M,35,31,23,20,15,238,124
JOHN-HENRY,M,0,0,3,0,0,20,3
JOHN-JAMES,M,0,0,4,0,0,120,4
JOHN-JOE,M,0,0,3,0,0,21,3
JOHN-JOSEPH,M,0,3,0,4,0,31,7
JOHN-LUKE,M,6,0,5,0,0,11,11
JOHNNIE,M,7,3,6,4,5,144,25
JOHNNY,M,32,39,40,39,38,1479,188
JOHN-PAUL,M,18,15,12,18,7,357,70
JOHNSON,M,8,6,6,3,4,153,27
JOHURA,F,0,7,0,4,0,11,11
JOJO,M,0,0,4,0,3,26,7
JOJO,F,0,0,0,0,0,21,0
JOLANDA,F,0,0,3,0,0,3,3
JOLEEN,F,0,3,0,3,3,27,9
JOLEIGH,F,0,0,0,0,0,11,0
JOLENE,F,25,14,11,12,12,249,74
JOLEY,F,0,4,0,0,0,30,4
JOLIE,F,12,8,6,6,6,552,38
JOLIN,F,0,0,0,0,0,10,0
JOLYON,M,7,5,4,10,6,162,32
JON,M,124,115,85,88,78,1242,490
JONAH,M,78,90,92,83,124,3757,467
JONAS,M,21,11,12,24,27,931,95
JONATHAN,M,1881,1690,1484,1248,1018,30695,7321
JONATHON,M,190,163,141,100,98,1210,692
JONI,F,8,7,8,8,8,289,39
JONJO,M,5,7,9,4,7,167,32
JONJOE,M,0,5,0,0,0,16,5
JON-LUC,M,4,3,0,0,3,10,10
JON-LUKE,M,3,3,6,0,0,15,12
JONNIE,M,0,0,0,4,0,61,4
JONNY,M,6,0,3,4,5,505,18
JONOTHAN,M,4,3,0,3,0,10,10
JON-PAUL,M,14,9,7,7,6,113,43
JONSON,M,0,0,0,5,0,15,5
JONTI,M,3,0,0,3,0,13,6
JONTY,M,13,11,28,26,29,608,107
JOOLS,M,6,3,3,3,5,93,20
JOOST,M,0,0,0,0,0,3,0
JORA,M,0,0,0,0,0,3,0
JORDAINE,F,0,6,0,5,0,14,11
JORDAN,M,5750,5404,5158,4466,3879,40700,24657
JORDAN,F,372,486,774,688,622,4443,2942
JORDANA,F,26,22,21,21,16,180,106
JORDANE,F,8,4,8,7,7,45,34
JORDAN-JAMES,M,0,0,4,0,0,15,4
JORDAN-LEE,M,17,16,11,15,13,133,72
JORDAN-LEIGH,F,3,0,4,4,7,24,18
JORDAN-LEIGH,M,0,4,0,0,0,4,4
JORDANN,F,7,8,7,7,4,40,33
JORDANNA,F,41,27,21,23,23,220,135
JORDANNE,F,30,37,30,24,19,154,140
JORDELL,M,0,4,3,0,4,18,11
JORDEN,M,25,36,27,27,25,236,140
JORDEN,F,12,16,12,27,25,110,92
JORDI,M,25,24,17,9,8,188,83
JORDIE,M,0,6,0,0,3,9,9
JORDON,M,231,285,255,233,204,1780,1208
JORDON,F,17,12,24,24,26,137,103
JORDON-LEE,M,0,0,5,0,0,5,5
JORDY,M,12,6,5,6,0,102,29
JORDYN,F,8,8,24,21,27,127,88
JORDYN,M,0,6,0,5,9,37,20
JOREL,M,0,0,0,0,0,3,0
JORELL,M,3,0,0,0,0,12,3
JORGE,M,31,30,28,37,32,653,158
JORGEN,M,0,0,0,0,0,3,0
JORGIA,F,3,9,13,11,7,138,43
JORGIE,F,6,6,3,0,0,493,15
JORGIE,M,0,3,0,0,0,9,3
JORJA,F,12,35,20,22,10,1914,99
JORJIA,F,4,3,0,0,0,14,7
JORY,M,5,0,0,0,0,14,5
JOS,M,0,5,7,5,6,111,23
JOSCELINE,F,0,0,0,3,0,3,3
JOSCELYN,F,0,7,4,3,0,56,14
JOSE,M,23,26,18,19,24,678,110
JOSE,F,0,3,0,0,0,7,3
JOSEF,M,93,87,80,96,92,1215,448
JOSEFF,M,11,15,14,13,10,286,63
JOSEFIN,F,0,0,0,0,0,4,0
JOSEFINA,F,0,0,0,0,3,32,3
JOSEFINE,F,0,0,3,4,0,30,7
JOSELYN,F,0,0,0,0,0,67,0
JOSEPH,M,6193,5809,5411,5875,5877,119372,29165
JOSEPHINE,F,262,269,241,263,245,9346,1280
JOSETTE,F,4,0,3,0,0,21,7
JOSEY,F,4,3,5,0,0,29,12
JOSH,M,595,595,645,492,430,9134,2757
JOSHAN,M,5,3,3,0,3,182,14
JOSHPAL,M,0,0,3,0,0,3,3
JOSHUA,M,7887,7698,7672,7275,7097,132183,37629
JOSHUAH,M,9,11,3,3,0,118,26
JOSHUA-JAMES,M,5,3,5,4,0,203,17
JOSHUA-LEE,M,0,0,6,3,4,58,13
JOSIAH,M,28,73,49,48,49,2098,247
JOSIANE,F,0,0,3,0,0,9,3
JOSIE,F,197,174,194,180,194,3711,939
JOSS,M,41,32,27,25,32,435,157
JOSSLYN,F,0,0,0,0,0,13,0
JOSUE,M,0,0,4,4,0,69,8
JOTHAM,M,7,4,5,3,7,172,26
JOURDAIN,F,0,3,0,0,0,3,3
JOURDAIN,M,0,3,0,0,0,3,3
JOURDAN,F,5,4,4,5,3,21,21
JOURDAN,M,4,10,0,5,0,19,19
JOURI,F,0,0,0,0,0,6,0
JOURY,F,0,0,0,0,0,18,0
JOVAIRIA,F,0,0,4,0,3,7,7
JOVAN,M,19,21,6,11,11,493,68
JOVANA,F,4,3,0,6,0,38,13
JOVI,M,5,0,0,0,0,80,5
JOVI,F,0,0,0,0,4,15,4
JOVIAN,M,0,0,0,0,0,6,0
JOVIN,M,0,0,0,0,0,6,0
JOWAN,M,3,4,9,10,5,230,31
JOWEN,M,0,3,0,0,0,6,3
JOY,F,65,65,53,52,50,2814,285
JOY,M,0,0,0,0,0,45,0
JOYCE,F,15,23,21,18,16,13932,93
JOZEF,M,11,16,15,14,16,349,72
JOZSEF,M,0,0,0,0,0,18,0
JU,F,0,0,0,0,3,10,3
JUAN,M,21,12,17,11,21,518,82
JUANA,F,0,0,0,0,0,6,0
JUANITA,F,6,0,0,0,0,159,6
JUBAIR,M,0,0,0,0,0,28,0
JUBAYDAH,F,0,0,3,0,0,3,3
JUBAYER,M,3,0,0,0,0,3,3
JUBILEE,F,0,0,3,0,0,3,3
JUBRIL,M,0,0,3,0,4,40,7
JUDAH,M,5,7,8,5,14,490,39
JUDD,M,9,4,3,4,0,123,20
JUDE,M,24,37,52,108,203,10465,424
JUDE,F,12,15,11,19,18,311,75
JUDGE,M,0,0,0,0,0,6,0
JUDI,F,0,0,0,0,0,22,0
JUDIE,F,0,0,0,0,0,6,0
JUDITH,F,32,25,19,18,18,4607,112
JUDY,F,6,4,12,9,8,190,39
JUGRAJ,M,0,0,3,4,0,19,7
JUHI,F,5,3,5,3,4,63,20
JUKE,M,0,0,0,0,0,19,0
JULES,M,9,16,15,19,20,435,79
JULES,F,0,0,0,0,0,30,0
JULIA,F,184,174,175,175,143,11492,851
JULIAN,M,102,85,91,82,77,4892,437
JULIANA,F,15,14,13,14,12,380,68
JULIANNA,F,4,0,6,6,7,176,23
JULIANNE,F,8,4,5,6,14,138,37
JULIE,F,71,59,35,53,40,15184,258
JULIEANN,F,3,0,3,0,0,9,6
JULIE-ANN,F,0,0,0,4,5,17,9
JULIEANNE,F,0,0,0,3,0,9,3
JULIE-ANNE,F,4,0,0,0,5,24,9
JULIEN,M,14,4,13,13,9,188,53
JULIENNE,F,0,0,0,0,0,37,0
JULIET,F,57,56,85,60,54,1207,312
JULIETA,F,0,0,0,0,0,41,0
JULIETTE,F,32,65,57,61,70,1364,285
JULIO,M,3,0,0,0,4,84,7
JULITA,F,0,0,0,0,0,45,0
JULIUS,M,13,22,20,22,22,462,99
JUMAIMA,F,0,3,0,0,0,6,3
JUMANA,F,0,4,9,3,5,139,21
JUMANAH,F,5,0,3,0,3,83,11
JUN,M,7,7,7,0,7,326,28
JUN,F,0,0,0,0,0,11,0
JUNAID,M,114,124,91,119,118,1378,566
JUNAINAH,F,0,0,0,0,0,18,0
JUNAYD,M,0,11,14,18,16,289,59
JUNE,F,4,6,8,6,7,9161,31
JUNED,M,9,4,3,6,4,31,26
JUNG,M,0,0,0,0,4,7,4
JUNIOR,M,22,16,25,26,20,1884,109
JUNIPER,F,0,0,0,0,0,104,0
JUNO,F,3,0,7,0,0,382,10
JUPITER,F,0,0,0,0,0,4,0
JURAN,M,3,0,0,0,0,3,3
JURELL,M,3,0,0,0,0,3,3
JURGEN,M,0,0,3,0,0,18,3
JURI,F,0,0,0,0,0,4,0
JUSTICE,M,5,7,6,8,10,162,36
JUSTICE,F,6,9,7,8,7,108,37
JUSTIN,M,182,170,126,157,155,5929,790
JUSTINA,F,6,6,6,9,5,129,32
JUSTINAS,M,0,0,0,0,0,38,0
JUSTINE,F,49,45,53,42,33,454,222
JUSTUS,M,4,0,0,0,0,11,4
JUSTYN,M,3,4,4,0,0,30,11
JUWAIRIAH,F,0,0,3,0,4,18,7
JUWAIRIYAH,F,5,0,0,6,0,198,11
JUWAIRIYYAH,F,5,9,5,8,6,73,33
JUWARIAH,F,0,0,0,4,8,84,12
JUWARIYA,F,0,0,3,0,0,9,3
JUWAYRIYAH,F,0,8,4,3,6,119,21
JYOTI,F,10,9,13,8,0,70,40
KA,M,13,11,8,0,11,96,43
KA,F,9,4,9,5,5,69,32
KAAJAL,F,0,5,0,0,3,16,8
KAAN,M,20,13,15,20,24,461,92
KAASHIF,M,5,4,0,0,5,18,14
KABEER,M,0,0,4,3,0,75,7
KABIR,M,18,14,12,16,17,475,77
KACEE,F,0,0,0,0,0,73,0
KACEY,F,23,18,23,31,45,3863,140
KACEY,M,8,6,3,5,8,216,30
KACI,F,0,0,3,0,4,1748,7
KACIA,F,0,0,0,0,0,24,0
KACIE,F,7,5,9,10,13,1644,44
KACPER,M,0,0,0,0,0,3083,0
KACY,F,0,0,3,4,9,320,16
KADAN,M,0,0,0,0,0,38,0
KADE,M,21,19,31,57,44,982,172
KADEEM,M,18,8,10,7,5,104,48
KADEN,M,0,10,5,9,13,1976,37
KADEY,F,0,0,0,0,0,101,0
KADI,F,0,4,3,4,3,179,14
KADIE,F,32,24,26,22,22,980,126
KADIJA,F,5,0,0,4,4,141,13
KADIR,M,6,5,7,6,9,121,33
KADISHA,F,3,4,0,0,3,15,10
KADY,F,7,3,6,12,5,438,33
KAEL,M,0,3,0,3,0,114,6
KAELA,F,0,6,0,0,5,164,11
KAELAN,M,8,4,6,6,5,435,29
KAELEB,M,0,0,0,0,0,18,0
KAELEM,M,4,0,0,0,3,45,7
KAELEN,M,0,0,0,0,0,95,0
KAELUM,M,3,9,6,4,3,50,25
KAI,M,212,397,528,584,723,18279,2444
KAI,F,7,17,12,13,10,175,59
KAIA,F,6,3,14,14,12,551,49
KAID,M,0,3,5,0,3,63,11
KAIDE,M,0,3,4,4,0,66,11
KAIDEN,M,0,8,4,9,12,4113,33
KAIDON,M,0,0,0,0,5,128,5
KAIDY,F,0,0,0,3,0,24,3
KAIF,M,0,6,4,5,7,231,22
KAIHAN,M,0,0,0,0,0,15,0
KAIJA,F,0,4,3,0,0,12,7
KAILA,F,3,6,4,4,6,359,23
KAILAN,M,5,11,9,9,11,225,45
KAILEE,F,0,3,0,4,0,27,7
KAILEIGH,F,3,3,0,4,4,28,14
KAILEM,M,7,7,11,7,9,140,41
KAILEN,M,5,4,0,0,7,211,16
KAILEY,F,5,7,8,8,4,127,32
KAILUM,M,4,17,12,12,16,216,61
KAILYN,F,0,0,0,0,0,57,0
KAIN,M,24,38,48,42,54,707,206
KAINAAT,F,11,7,6,10,9,181,43
KAINAN,M,0,5,3,3,0,66,11
KAINAT,F,8,7,7,15,7,158,44
KAINE,M,79,98,115,96,98,1163,486
KAIRA,F,4,0,5,7,8,344,24
KAIRI,F,0,0,0,0,0,109,0
KAIRO,M,4,3,0,5,8,325,20
KAIRON,M,0,0,4,0,3,216,7
KAIS,M,5,6,0,3,3,85,17
KAISAN,M,0,0,0,0,0,56,0
KAISEN,M,0,0,0,0,0,15,0
KAISER,M,3,4,0,3,0,155,10
KAISHA,F,17,19,18,18,21,243,93
KAITLAN,F,6,13,25,26,29,234,99
KAITLAND,F,0,0,7,9,0,16,16
KAITLEN,F,0,3,5,0,6,51,14
KAITLIN,F,57,95,158,144,171,2833,625
KAITLYN,F,39,55,111,132,154,4693,491
KAITLYNN,F,0,0,3,4,4,145,11
KAITO,M,0,0,0,0,0,63,0
KAIUS,M,0,0,0,0,4,85,4
KAIYA,F,10,13,0,13,10,537,46
KAIYAN,M,0,0,0,0,0,115,0
KAIZEN,M,0,0,0,0,0,15,0
KAIZER,M,0,0,0,0,0,46,0
KAJ,M,4,0,3,3,3,36,13
KAJA,F,0,3,4,3,0,396,10
KAJAL,F,31,35,28,19,13,195,126
KAJOL,F,10,18,16,28,14,121,86
KAL,M,0,3,7,4,3,89,17
KALA,F,6,0,0,5,0,41,11
KALAM,M,3,8,9,9,0,58,29
KALAN,M,5,4,3,5,0,129,17
KALE,M,0,4,7,3,3,156,17
KALEB,M,14,42,27,27,41,1431,151
KALEEL,M,0,0,0,3,0,9,3
KALEEM,M,14,11,10,16,11,282,62
KALEIGH,F,13,11,12,9,0,95,45
KALEM,M,25,36,27,22,20,342,130
KALEN,M,10,10,8,11,5,216,44
KALEY,F,6,4,4,4,5,94,23
KALI,F,10,6,21,20,12,321,69
KALIB,M,4,8,5,4,0,67,21
KALIL,M,3,3,0,5,0,56,11
KALILA,F,6,3,0,0,0,63,9
KALIM,M,7,6,14,8,6,107,41
KALISE,F,0,0,0,0,6,19,6
KALISHA,F,8,8,11,3,3,121,33
KALISSA,F,0,0,0,0,0,11,0
KALLAM,M,8,7,9,9,6,50,39
KALLAN,M,5,10,9,7,5,111,36
KALLEM,M,3,4,8,0,0,21,15
KALLEN,M,0,4,3,0,0,69,7
KALLI,F,0,4,3,6,5,75,18
KALLIE,F,7,5,7,16,12,298,47
KALLISTA,F,0,0,0,3,4,7,7
KALLUM,M,113,126,169,140,133,1713,681
KALLY,F,0,4,8,4,6,57,22
KALMAN,M,0,0,0,3,3,9,6
KALON,M,6,9,11,7,0,53,33
KALSOOM,F,3,0,5,5,3,40,16
KALUB,M,0,0,0,0,0,26,0
KALUM,M,32,31,31,25,32,347,151
KALVIN,M,21,27,20,21,17,296,106
KAMAAL,M,6,5,0,5,12,70,28
KAMAHL,M,0,0,0,5,3,8,8
KAMAL,M,33,32,36,27,34,520,162
KAMALA,F,0,0,0,0,3,10,3
KAMALJIT,F,0,3,0,5,0,8,8
KAMAR,M,5,0,4,6,7,62,22
KAMARA,F,8,6,5,8,6,84,33
KAMAU,M,0,0,3,4,4,25,11
KAMEEL,M,0,0,0,0,0,63,0
KAMEN,M,13,10,5,11,6,68,45
KAMERON,M,23,27,34,49,53,754,186
KAMERON,F,0,0,3,7,3,33,13
KAMIL,M,6,15,15,12,19,978,67
KAMILA,F,4,5,0,4,6,392,19
KAMILAH,F,7,5,5,4,5,130,26
KAMILE,F,0,0,0,0,0,359,0
KAMISHA,F,3,3,3,0,0,15,9
KAMRAAN,M,4,3,0,0,0,20,7
KAMRAN,M,76,72,68,79,53,1410,348
KAMRON,M,5,8,4,4,20,295,41
KAMRUL,M,9,6,5,3,0,26,23
KANDICE,F,5,0,0,0,3,29,8
KANE,M,545,549,574,488,607,6371,2763
KANEEZ,F,0,5,3,0,0,44,8
KANIKA,F,5,0,0,3,0,34,8
KANISHA,F,6,3,4,3,6,75,22
KANWAL,F,5,9,3,4,3,27,24
KAPIL,M,9,7,4,4,0,27,24
KAPRICE,F,0,4,0,0,0,4,4
KAR,M,3,3,0,4,0,21,10
KAR,F,3,5,0,0,3,20,11
KARA,F,148,175,151,134,161,3336,769
KARAH,F,3,0,0,0,0,18,3
KARA-LOUISE,F,0,0,3,0,0,21,3
KARAM,M,12,7,16,16,16,455,67
KARAM,F,0,6,0,3,0,44,9
KARAMVEER,M,0,4,4,0,0,82,8
KARAN,M,61,43,48,50,34,662,236
KARANDEEP,M,8,5,6,8,3,72,30
KARANJIT,M,3,4,0,5,0,12,12
KARANVEER,M,8,9,6,3,6,164,32
KARANVIR,M,0,4,0,0,4,54,8
KARDELEN,F,0,0,3,3,3,50,9
KAREEM,M,28,23,24,21,26,624,122
KAREEMA,F,0,0,3,0,4,71,7
KAREEMAH,F,0,3,0,0,4,44,7
KAREENA,F,4,0,4,3,10,407,21
KAREL,M,5,0,4,0,0,33,9
KAREN,F,76,62,54,34,41,15251,267
KARENA,F,7,0,3,3,0,23,13
KARENZA,F,3,0,5,3,0,54,11
KARI,F,5,5,7,7,7,83,31
KARIM,M,30,38,40,31,41,772,180
KARIMA,F,4,12,8,4,8,186,36
KARIMAH,F,0,3,4,0,7,87,14
KARIN,F,6,9,0,11,3,119,29
KARINA,F,65,47,50,43,42,1365,247
KARIS,F,59,44,56,62,40,869,261
KARISHMA,F,42,43,43,28,26,357,182
KARISMA,F,7,0,3,4,0,31,14
KARISS,F,4,7,4,0,4,23,19
KARISSA,F,0,0,0,3,0,55,3
KARL,M,413,343,245,217,177,6792,1395
KARLA,F,63,69,60,59,48,749,299
KARLEE,F,3,3,0,0,3,22,9
KARLEEN,F,3,0,0,0,0,3,3
KARLEIGH,F,4,6,0,0,3,40,13
KARLEY,F,9,4,7,6,0,86,26
KARLI,F,4,7,16,8,9,86,44
KARLIE,F,16,7,19,12,3,176,57
KARLTON,M,3,6,0,3,0,25,12
KARLY,F,9,16,13,8,9,198,55
KARMA,F,0,3,0,3,4,106,10
KARMAN,F,0,0,0,3,0,16,3
KARMEN,F,5,4,6,7,5,114,27
KARN,M,4,0,3,0,0,10,7
KARNELL,M,0,3,0,0,0,9,3
KAROL,M,0,3,0,0,0,441,3
KAROLINA,F,5,5,9,0,10,862,29
KARRA,F,3,0,3,3,3,12,12
KARRIE,F,8,0,0,0,5,16,13
KARRIS,F,4,4,5,4,7,50,24
KARSTEN,M,0,0,0,7,5,35,12
KARTER,M,0,0,3,4,4,168,11
KARTIK,M,0,0,0,3,5,73,8
KARUN,M,4,6,5,5,4,55,24
KARYN,F,6,3,0,0,3,16,12
KARYS,F,5,7,10,11,15,169,48
KASAM,M,6,5,5,0,0,22,16
KASEEM,M,0,0,4,0,4,14,8
KASEY,F,45,53,63,55,51,1480,267
KASEY,M,19,35,39,27,23,460,143
KASH,M,6,0,0,0,4,88,10
KASHA,F,3,10,6,3,3,52,25
KASHAF,M,0,4,3,0,4,11,11
KASHIF,M,37,23,24,22,29,344,135
KASHMIR,F,0,5,0,0,0,5,5
KASIA,F,8,14,14,10,11,209,57
KASIE,F,4,9,9,7,14,185,43
KASIM,M,39,49,40,37,39,575,204
KASPAR,M,0,3,7,0,0,127,10
KASPARAS,M,0,0,0,0,0,32,0
KASPER,M,0,0,0,4,6,525,10
KASPIAN,M,0,0,0,0,0,42,0
KASS,M,0,0,0,0,0,5,0
KASSANDRA,F,5,0,7,4,4,88,20
KASSEY,F,3,0,4,0,3,14,10
KASSI,F,0,0,0,3,0,11,3
KASSIA,F,4,0,0,4,0,93,8
KASSIDY,F,0,0,0,3,0,124,3
KASSIE,F,7,9,6,7,4,141,33
KASSIM,M,8,7,6,8,9,122,38
KASSIUS,M,0,0,0,0,0,45,0
KATARINA,F,28,34,21,26,20,380,129
KATARZYNA,F,4,9,6,4,5,207,28
KATE,F,1055,892,844,772,688,14304,4251
KATELAN,F,0,12,8,8,12,105,40
KATELAND,F,3,0,4,4,3,30,14
KATELEN,F,0,4,0,3,3,24,10
KATELIN,F,4,14,18,15,21,427,72
KATELYN,F,21,33,68,89,130,2906,341
KATELYNN,F,4,0,7,12,12,255,35
KATERINA,F,31,36,34,27,42,636,170
KATEY,F,20,20,21,13,12,201,86
KATHARINA,F,3,10,4,7,5,78,29
KATHARINE,F,144,152,114,108,96,1095,614
KATHERINE,F,1266,1077,1001,839,734,15843,4917
KATHERYN,F,10,13,3,7,8,50,41
KATHLEEN,F,179,126,140,106,100,26045,651
KATHLYN,F,0,0,3,0,0,8,3
KATHRINE,F,17,16,7,5,10,103,55
KATHRYN,F,635,619,487,422,358,8630,2521
KATHRYNE,F,0,8,0,4,0,15,12
KATHY,F,10,14,6,9,8,96,47
KATI,F,4,4,3,5,0,47,16
KATIA,F,13,6,10,7,16,180,52
KATIE,F,4337,3864,4093,3474,3366,60354,19134
KATIE-ANN,F,14,4,9,10,9,143,46
KATIE-ANNE,F,5,8,10,11,5,92,39
KATIE-JANE,F,9,4,10,8,4,95,35
KATIE-JAYNE,F,0,0,3,0,5,36,8
KATIE-LEIGH,F,0,6,3,4,5,155,18
KATIE-LOUISE,F,28,25,22,19,4,289,98
KATIE-MAE,F,0,0,5,0,0,86,5
KATIE-MARIE,F,8,6,12,10,6,108,42
KATIE-MAY,F,0,4,4,4,0,139,12
KATIE-ROSE,F,3,5,0,7,0,91,15
KATJA,F,7,10,5,9,9,115,40
KATLIN,F,0,3,6,0,7,65,16
KATLYN,F,0,5,5,17,11,207,38
KATLYNN,F,0,0,0,0,3,6,3
KATNISS,F,0,0,0,0,0,5,0
KATRESE,F,0,4,0,0,0,4,4
KATRIANA,F,4,0,0,0,0,4,4
KATRIEL,F,0,0,0,0,0,18,0
KATRIN,F,11,3,9,6,3,82,32
KATRINA,F,251,230,196,161,176,2076,1014
KATRINE,F,3,5,3,0,0,21,11
KATRIONA,F,7,10,10,10,3,65,40
KATRYN,F,0,5,0,0,0,11,5
KATY,F,413,377,378,344,345,5760,1857
KATYA,F,12,18,29,26,28,322,113
KATY-JAYNE,F,3,0,0,0,0,3,3
KATY-LOUISE,F,0,0,0,4,0,10,4
KAUSAR,M,4,5,0,0,0,17,9
KAUSER,F,4,0,0,0,0,4,4
KAUTHAR,F,5,0,0,0,5,33,10
KAVAN,M,10,19,28,27,27,320,111
KAVANA,M,0,8,0,0,0,8,8
KAVANAGH,M,0,0,7,5,6,24,18
KAVI,M,6,8,7,7,7,118,35
KAVIN,M,0,4,3,0,0,164,7
KAVITA,F,31,24,11,14,16,173,96
KAWSAR,M,0,3,0,3,3,20,9
KAWSAR,F,0,0,0,0,0,12,0
KAWTHAR,F,0,0,0,4,5,122,9
KAWTHER,F,0,0,0,3,5,19,8
KAY,F,66,43,50,32,33,2266,224
KAYA,F,77,49,27,52,67,1382,272
KAYA,M,7,6,9,17,11,475,50
KAYAN,M,3,3,3,0,0,268,9
KAYCE,F,0,0,0,4,4,65,8
KAYCEE,F,0,18,6,4,4,439,32
KAYCEE,M,0,0,0,0,0,18,0
KAYCEY,F,3,0,0,0,0,28,3
KAYCIE,F,0,0,6,0,6,298,12
KAYDE,M,0,0,0,3,4,84,7
KAYDE,F,0,0,0,0,0,36,0
KAYDEE,F,3,0,6,7,7,384,23
KAYDEN,M,5,4,9,10,9,5548,37
KAYDENCE,F,0,0,0,0,0,67,0
KAYDON,M,0,0,0,0,9,402,9
KAYE,F,5,7,8,8,4,83,32
KAYLA,F,48,65,61,78,123,5361,375
KAYLAH,F,4,4,3,3,3,266,17
KAYLAM,M,0,6,7,0,5,32,18
KAYLAN,M,13,18,12,8,10,503,61
KAYLE,M,0,3,0,0,4,29,7
KAYLE,F,3,0,0,0,0,11,3
KAYLEA,F,0,11,0,7,3,92,21
KAYLEE,F,61,46,46,44,48,1022,245
KAYLEIGH,F,1206,1140,919,799,746,11604,4810
KAY-LEIGH,F,0,4,5,0,0,23,9
KAYLEIGH-ANN,F,0,4,3,3,4,30,14
KAYLEIGH-ANNE,F,7,6,4,0,3,34,20
KAYLEIGH-JANE,F,0,0,0,0,3,3,3
KAYLEIGH-LOUISE,F,0,3,0,0,0,9,3
KAYLEM,M,21,34,14,19,12,428,100
KAYLEN,M,10,7,11,9,5,370,42
KAYLEN,F,0,0,4,0,3,51,7
KAYLEY,F,127,95,94,95,88,1250,499
KAYLI,F,3,0,3,3,0,36,9
KAYLIE,F,30,17,15,13,15,219,90
KAYLIEGH,F,11,3,10,6,6,50,36
KAYLIN,F,0,0,0,5,4,150,9
KAYLUM,M,24,33,21,24,15,563,117
KAYNAT,F,0,5,3,3,4,34,15
KAYNE,M,31,33,33,23,32,673,152
KAYODE,M,3,0,5,0,0,38,8
KAYSHA,F,12,15,12,8,8,240,55
KAYSIE,F,3,8,4,0,4,138,19
KAYSON,M,0,0,0,0,0,281,0
KAYTLIN,F,0,6,5,6,8,135,25
KAYTLYN,F,0,0,4,4,4,68,12
KAZ,M,0,0,0,0,0,3,0
KAZI,M,8,10,9,5,11,163,43
KAZI,F,11,4,6,5,7,103,33
KAZIA,F,11,11,13,13,0,92,48
KAZIAH,F,0,0,0,0,3,9,3
KAZIM,M,5,5,6,0,7,99,23
KAZUKI,M,5,7,0,0,0,22,12
KC,F,0,3,0,7,0,68,10
KEA,F,3,8,7,4,9,85,31
KEAGAN,M,6,4,7,4,5,297,26
KEAH,F,6,6,6,9,6,110,33
KEALAN,M,17,18,11,9,11,234,66
KEALEIGH,F,3,7,0,5,3,18,18
KEALEY,F,19,5,8,7,7,69,46
KEALIE,F,5,0,0,0,0,16,5
KEALY,F,5,9,5,3,0,27,22
KEAN,M,3,9,10,8,16,202,46
KEANA,F,6,5,7,7,7,78,32
KEANAN,M,3,16,38,21,25,215,103
KEANE,M,13,15,25,23,38,1028,114
KEANEN,M,0,0,5,4,5,43,14
KEANNA,F,9,6,4,13,10,169,42
KEANO,M,7,5,3,3,5,97,23
KEANU,M,36,37,33,27,31,555,164
KEARA,F,8,8,6,6,6,152,34
KEARAN,M,0,7,3,5,4,29,19
KEARNEY,M,0,0,0,0,3,3,3
KEARON,M,6,3,0,0,3,12,12
KEASHA,F,4,0,0,0,0,4,4
KEATAN,M,0,0,0,4,3,22,7
KEATON,M,41,74,73,80,103,1673,371
KEAVEY,F,0,0,3,7,8,42,18
KEAVY,F,0,3,8,25,41,264,77
KEEFE,M,0,0,3,0,0,3,3
KEEGAN,M,46,46,60,55,54,1744,261
KEEGAN,F,5,9,4,4,0,48,22
KEELA,F,0,0,0,0,0,93,0
KEELAN,M,78,89,80,92,86,1444,425
KEELEIGH,F,15,28,14,13,14,244,84
KEELEY,F,209,228,175,206,192,3822,1010
KEELEY,M,0,0,3,3,4,10,10
KEELI,F,0,3,0,4,0,15,7
KEELIE,F,15,14,9,8,11,223,57
KEELIN,F,0,0,3,6,10,29,19
KEELY,F,132,107,82,78,94,1053,493
KEENAN,M,55,117,176,140,77,1184,565
KEENEN,M,0,13,9,0,4,26,26
KEERA,F,3,0,4,9,6,124,22
KEERAN,M,3,8,4,0,4,63,19
KEESHA,F,8,6,8,6,3,67,31
KEETON,M,0,0,0,3,0,16,3
KEEVA,F,0,6,0,13,8,276,27
KEGAN,M,8,5,4,4,0,137,21
KEHINDE,M,8,6,9,6,7,118,36
KEHINDE,F,7,6,6,9,6,117,34
KEI,M,3,0,4,5,0,42,12
KEIA,F,0,0,0,0,0,21,0
KEIAN,M,0,0,3,0,7,170,10
KEIFER,M,5,3,0,0,3,17,11
KEIGAN,M,0,3,0,6,4,134,13
KEIGHLEY,F,16,9,6,10,9,106,50
KEIGHTON,M,0,0,0,4,0,4,4
KEIKO,F,0,0,0,0,0,15,0
KEIL,M,3,0,0,4,0,17,7
KEILA,F,0,3,3,4,0,93,10
KEILAH,F,4,0,3,0,0,23,7
KEILAN,M,5,4,5,9,13,161,36
KEILEIGH,F,4,4,0,0,0,26,8
KEILEY,F,3,3,3,6,0,27,15
KEILY,F,0,0,0,0,5,11,5
KEINAN,M,0,0,5,3,0,24,8
KEION,M,0,0,0,0,4,49,4
KEIR,M,63,67,74,62,54,746,320
KEIR,F,0,0,5,0,3,8,8
KEIRA,F,94,131,118,124,154,12768,621
KEIRAN,M,224,191,187,165,170,2240,937
KEIREN,M,15,18,16,14,8,134,71
KEIRON,M,78,70,68,49,67,883,332
KEISHA,F,37,36,49,44,45,1206,211
KEITA,F,0,0,0,0,0,94,0
KEITH,M,57,52,49,40,32,16989,230
KEIVA,F,0,0,0,0,0,22,0
KEJSI,F,0,0,0,4,3,19,7
KEL,M,0,3,5,0,3,14,11
KELAN,M,9,9,23,21,20,229,82
KELBY,M,0,7,0,0,4,31,11
KELBY,F,0,7,0,0,0,7,7
KELCEY,F,0,6,0,0,0,54,6
KELCI,F,0,3,3,3,6,114,15
KELCIE,F,8,5,4,0,0,131,17
KELCY,F,0,0,0,0,0,18,0
KELECHI,M,3,4,4,6,0,109,17
KELECHI,F,5,0,0,0,3,39,8
KELEIGH,F,8,11,5,8,7,82,39
KELIS,F,0,0,0,0,45,406,45
KELISE,F,0,0,0,0,19,166,19
KELL,M,0,0,0,5,0,5,5
KELLAN,M,4,5,9,7,6,258,31
KELLAND,M,0,0,5,5,4,14,14
KELLEN,M,6,0,6,6,8,133,26
KELLER,M,3,4,5,3,4,23,19
KELLEY,F,7,3,0,0,0,10,10
KELLI,F,9,0,8,4,0,35,21
KELLIE,F,60,48,31,36,27,323,202
KELLISE,F,0,0,0,0,4,10,4
KELLSIE,F,0,0,3,0,0,7,3
KELLY,F,789,621,378,296,278,10237,2362
KELLY,M,0,8,0,0,0,94,8
KELLYANN,F,5,0,3,0,0,15,8
KELLY-ANN,F,14,5,12,4,0,50,35
KELLYANNE,F,4,0,0,0,0,7,4
KELLY-ANNE,F,16,7,12,0,3,50,38
KELLY-JO,F,0,3,0,0,0,3,3
KELLYMARIE,F,0,0,0,0,3,3,3
KELLY-MARIE,F,16,11,13,6,4,73,50
KELSEA,F,37,27,42,30,24,371,160
KELSEE,F,3,0,3,0,3,13,9
KELSEIGH,F,3,0,0,4,0,10,7
KELSEY,F,438,476,596,500,471,6873,2481
KELSEY,M,19,23,23,33,15,219,113
KELSEY-LEIGH,F,0,3,0,0,0,62,3
KELSI,F,9,14,11,14,17,331,65
KELSIE,F,66,75,96,90,79,1725,406
KELSO,M,0,0,0,0,0,3,0
KELSON,M,0,3,0,0,4,62,7
KELSY,F,0,3,0,3,4,66,10
KELTON,M,3,13,7,9,6,100,38
KELVIN,M,63,65,62,52,48,954,290
KEMAL,M,13,6,9,6,10,152,44
KEMAR,M,0,4,3,0,4,72,11
KEMI,F,5,10,6,0,7,107,28
KEN,M,6,9,7,11,7,162,40
KENAN,M,12,31,68,50,31,533,192
KENDAL,F,26,25,18,12,10,295,91
KENDAL,M,4,0,0,0,0,54,4
KENDALL,F,21,15,13,17,12,426,78
KENDALL,M,3,0,0,3,0,74,6
KENDEL,F,0,3,0,0,0,3,3
KENDELL,F,6,5,0,0,0,11,11
KENDRA,F,26,13,17,17,23,625,96
KENDRICK,M,0,3,0,0,0,123,3
KENECHUKWU,M,0,0,0,3,0,68,3
KENECHUKWU,F,0,0,0,0,0,3,0
KENISHA,F,0,0,4,5,4,63,13
KENJI,M,0,3,0,0,3,68,6
KENNA,F,7,3,3,4,4,64,21
KENNADY,F,9,0,0,3,3,15,15
KENNEDIE,F,5,0,0,0,0,11,5
KENNEDY,F,89,91,61,58,58,787,357
KENNEDY,M,6,10,5,9,10,197,40
KENNETH,M,69,68,61,60,49,28976,307
KENNY,M,33,51,33,33,38,768,188
KENRICK,M,0,0,0,0,0,9,0
KENSA,F,0,0,0,3,0,38,3
KENSEY,F,0,6,3,0,0,9,9
KENT,M,6,5,0,6,6,78,23
KENTARO,M,0,0,3,0,4,10,7
KENTO,M,0,0,0,4,0,7,4
KENTON,M,4,0,6,5,4,107,19
KENYA,F,16,16,25,22,22,301,101
KENZA,F,3,5,7,3,7,250,25
KENZI,M,0,0,0,0,0,135,0
KENZI,F,0,0,3,0,4,128,7
KENZIE,M,0,0,0,0,0,2593,0
KENZIE,F,10,3,4,18,14,639,49
KENZO,M,0,0,0,0,0,307,0
KEO,M,0,0,0,0,4,29,4
KEOGH,M,0,0,0,0,0,6,0
KEON,M,4,6,3,12,11,396,36
KEONE,M,0,3,0,0,4,16,7
KEOWN,M,0,0,0,0,4,15,4
KERA,F,4,4,0,7,4,82,19
KERAN,F,3,0,6,0,0,9,9
KERBY,F,3,0,0,0,0,3,3
KEREM,M,7,5,6,8,9,258,35
KEREN,F,16,15,12,15,10,302,68
KERENSA,F,14,6,0,3,4,73,27
KERENZA,F,7,11,8,9,10,159,45
KERI,F,37,36,31,31,20,249,155
KERIM,M,9,5,11,0,7,165,32
KERINA,F,0,0,0,3,0,6,3
KERIS,F,5,3,8,9,9,185,34
KERISHA,F,0,0,0,0,0,9,0
KERN,M,5,7,7,8,0,34,27
KERON,M,0,0,0,3,0,20,3
KERRA,F,0,0,0,0,0,6,0
KERRI,F,96,62,48,38,23,416,267
KERRI-ANN,F,5,0,8,3,0,35,16
KERRIANNE,F,4,0,4,0,5,20,13
KERRI-ANNE,F,4,4,6,0,0,14,14
KERRIE,F,73,56,35,40,34,370,238
KERRIE-ANN,F,0,4,0,0,0,4,4
KERRIE-ANNE,F,0,4,3,0,0,7,7
KERRIGAN,F,0,4,0,0,0,13,4
KERRIGAN,M,0,0,0,0,3,9,3
KERRIN,M,4,0,0,0,0,4,4
KERRIS,F,9,9,12,14,19,200,63
KERRY,F,333,291,198,153,126,5886,1101
KERRY,M,4,7,5,4,3,33,23
KERRYANN,F,3,3,4,3,3,32,16
KERRY-ANN,F,9,9,8,6,8,87,40
KERRYANNE,F,5,7,0,3,0,22,15
KERRY-ANNE,F,18,9,8,8,3,72,46
KERRY-LEIGH,F,3,0,0,0,0,3,3
KERRY-LOUISE,F,0,3,0,0,0,3,3
KERRYN,F,18,6,0,5,3,60,32
KERSHA,F,3,4,3,3,0,13,13
KERSTIN,F,6,0,6,0,0,12,12
KERYN,F,3,3,4,0,4,55,14
KERYS,F,8,8,16,17,28,268,77
KES,M,0,9,0,0,4,40,13
KES,F,0,4,5,6,0,15,15
KESHA,F,0,3,3,0,3,57,9
KESHAV,M,6,5,8,5,3,186,27
KESHIA,F,8,7,0,3,0,23,18
KESIA,F,4,5,9,10,3,119,31
KESLEY,M,3,0,0,4,0,7,7
KESTER,M,16,10,7,8,9,164,50
KESTON,M,0,0,0,0,3,30,3
KESTRA,F,3,0,0,0,0,3,3
KETAN,M,4,9,8,7,14,80,42
KETSIA,F,0,3,5,4,6,111,18
KETURAH,F,4,0,4,8,3,77,19
KEVAL,M,13,13,7,11,9,87,53
KEVAN,M,6,3,3,3,4,52,19
KEVIN,M,250,253,243,210,193,20121,1149
KEWELL,M,0,0,0,0,6,13,6
KEYA,F,4,3,4,7,7,282,25
KEYAN,M,3,3,4,0,5,219,15
KEYLA,F,0,0,0,0,0,35,0
KEYLEIGH,F,11,8,14,8,7,98,48
KEZIA,F,42,44,63,54,37,868,240
KEZIAH,F,37,43,40,43,47,1046,210
KHADEEJA,F,8,8,15,15,9,431,55
KHADEEJAH,F,7,7,9,9,13,437,45
KHADEJA,F,6,7,9,3,5,88,30
KHADIJA,F,46,58,72,81,100,3236,357
KHADIJAT,F,3,3,4,0,0,28,10
KHADIZA,F,6,7,10,9,6,152,38
KHADRA,F,0,0,4,0,3,65,7
KHAI,M,4,3,6,7,10,167,30
KHALED,M,13,9,7,14,14,278,57
KHALEED,M,0,0,0,0,0,11,0
KHALEEL,M,4,11,13,13,12,234,53
KHALEEM,M,0,3,6,8,0,24,17
KHALI,M,0,0,0,0,0,6,0
KHALID,M,48,44,49,51,72,1692,264
KHALIDAH,F,0,0,0,0,3,3,3
KHALIF,M,3,0,0,0,0,28,3
KHALIFA,M,0,0,3,6,0,96,9
KHALIL,M,25,28,31,20,26,642,130
KHALIM,M,0,0,4,3,0,10,7
KHALISAH,F,0,3,0,5,11,120,19
KHAN,M,10,8,12,8,10,131,48
KHANG,M,3,0,0,0,0,14,3
KHANSA,F,3,6,5,5,7,120,26
KHARI,M,4,5,3,9,4,61,25
KHARIS,F,0,0,13,0,5,61,18
KHASHIF,M,3,0,0,0,0,3,3
KHATIJA,F,5,9,10,7,0,94,31
KHAWAJA,M,3,3,7,3,3,68,19
KHAWAR,M,0,3,0,0,0,3,3
KHAYAM,M,3,0,5,0,0,14,8
KHEIRA,F,0,0,0,0,0,14,0
KHEZAR,M,0,3,0,0,0,3,3
KHIA,F,4,6,4,3,6,141,23
KHIRA,F,0,0,0,0,3,24,3
KHIZAR,M,6,11,10,12,4,199,43
KHIZER,M,4,3,9,4,4,98,24
KHIZR,M,0,0,0,0,0,20,0
KHLOE,F,14,15,13,16,8,829,66
KHRISTIAN,M,0,0,0,5,0,8,5
KHURAM,M,11,6,9,11,10,73,47
KHURRAM,M,3,8,3,14,4,51,32
KHURUM,M,4,3,3,0,0,10,10
KHUSH,M,0,0,3,0,0,104,3
KHUSHAL,M,6,3,0,3,5,59,17
KHUSHBU,F,3,0,0,0,0,3,3
KHUSHI,F,0,0,0,0,0,525,0
KHWAJA,M,0,0,0,0,3,16,3
KHYLE,M,0,0,5,4,0,22,9
KI,M,4,0,4,6,10,94,24
KIA,F,48,81,67,121,130,1445,447
KIA,M,8,5,6,14,9,96,42
KIAH,F,40,48,35,43,50,623,216
KIAL,M,4,6,6,0,5,49,21
KIALL,M,4,3,0,0,0,13,7
KIAN,M,31,33,39,127,610,14819,840
KIAN,F,3,0,0,0,0,6,3
KIANA,F,15,19,20,22,25,799,101
KIANNA,F,6,7,5,14,14,470,46
KIAO,M,0,0,3,0,0,3,3
KIARA,F,25,20,24,84,105,1996,258
KIARAN,M,5,9,8,4,6,90,32
KIARNA,F,3,0,5,8,4,113,20
KIARON,M,0,0,3,0,0,20,3
KIARRA,F,0,0,0,0,0,40,0
KIAYA,F,11,9,11,7,6,119,44
KIE,M,4,3,4,5,14,221,30
KIEAN,M,0,0,0,0,6,124,6
KIEANA,F,0,0,0,0,3,9,3
KIEARA,F,0,0,0,0,3,19,3
KIEDIS,M,0,0,0,0,0,22,0
KIEFER,M,10,7,15,9,4,175,45
KIEGAN,M,0,0,4,0,0,61,4
KIEGAN,F,0,3,0,0,0,3,3
KIEL,M,3,6,5,4,3,75,21
KIELAN,M,0,3,6,7,7,96,23
KIEN,M,0,0,0,3,18,140,21
KIENAN,M,3,5,12,4,8,89,32
KIEON,M,0,0,0,0,0,12,0
KIER,M,12,18,10,13,15,170,68
KIERA,F,221,252,307,334,391,6539,1505
KIERAH,F,0,3,3,0,3,57,9
KIERA-LEIGH,F,0,0,3,0,0,75,3
KIERAN,M,2882,2753,2731,2777,2586,31954,13729
KIERAN,F,3,11,3,3,4,27,24
KIEREN,M,148,204,177,147,119,1326,795
KIERIAN,M,4,0,0,0,0,4,4
KIERNAN,M,0,3,6,4,5,57,18
KIERON,M,281,299,300,339,392,4389,1611
KIERRA,F,7,7,6,6,8,126,34
KIERRAN,M,15,16,15,11,7,102,64
KIERREN,M,3,0,0,0,0,3,3
KIERRON,M,3,4,0,5,0,12,12
KIERSTEN,F,0,0,0,0,0,23,0
KIESHA,F,5,9,5,9,10,152,38
KIETAN,M,0,0,0,3,0,3,3
KIKA,F,0,0,0,0,3,6,3
KIKI,F,0,0,5,5,4,442,14
KILE,M,5,5,4,3,6,44,23
KILIAN,M,6,0,8,0,0,104,14
KILLIAN,M,10,8,11,10,16,237,55
KIM,F,87,72,48,39,25,2923,271
KIM,M,11,11,9,3,5,105,39
KIMAN,F,3,0,0,0,0,3,3
KIMANI,M,0,0,3,6,0,58,9
KIMBALL,M,0,0,0,0,3,3,3
KIMBERLEE,F,3,3,3,0,0,15,9
KIMBERLEIGH,F,5,3,5,3,3,34,19
KIMBERLEY,F,799,551,442,360,306,7160,2458
KIMBERLIE,F,0,0,0,3,0,3,3
KIMBERLY,F,117,77,75,56,46,1165,371
KIMI,F,4,0,0,0,0,116,4
KIMI,M,0,0,0,0,0,91,0
KIMIA,F,4,3,3,3,3,66,16
KIMON,M,0,0,3,0,0,6,3
KIMORA,F,0,0,0,0,0,180,0
KIMRAN,F,3,7,9,6,11,183,36
KIN,M,4,0,3,3,3,29,13
KING,M,0,5,6,5,5,190,21
KINGSLEY,M,27,40,31,28,17,775,143
KINGSTON,M,3,0,0,0,0,197,3
KINSEY,F,0,0,0,0,0,19,0
KINSEY,M,0,0,0,0,0,12,0
KINSLEY,M,0,0,3,0,0,16,3
KINZA,F,11,9,7,8,8,258,43
KIO,M,0,0,0,0,0,6,0
KIOMI,F,0,0,0,0,0,6,0
KION,M,0,3,0,4,4,87,11
KIONA,F,0,3,3,0,3,46,9
KIONI,F,0,0,0,0,0,6,0
KIP,M,0,0,0,0,0,56,0
KIPP,M,0,0,0,0,0,39,0
KIRA,F,181,289,292,329,337,4090,1428
KIRAH,F,0,5,0,4,0,64,9
KIRAN,F,130,129,124,109,91,1332,583
KIRAN,M,42,38,54,66,77,952,277
KIRANDEEP,F,29,23,25,19,15,211,111
KIRANJEET,F,3,6,0,4,4,26,17
KIRANJIT,F,6,7,8,3,5,39,29
KIRANJIT,M,3,0,0,0,0,3,3
KIRANPREET,F,10,3,7,3,3,43,26
KIRANVEER,F,0,3,0,0,0,3,3
KIRAT,M,0,0,0,0,0,20,0
KIRBIE,F,11,7,0,3,0,21,21
KIRBY,F,100,44,22,15,7,232,188
KIRBY,M,7,3,0,0,0,37,10
KIREAN,M,0,0,0,3,0,3,3
KIREN,F,9,11,10,0,7,82,37
KIREN,M,0,0,5,3,4,39,12
KIRENDEEP,F,3,0,0,0,0,3,3
KIRI,F,23,27,13,8,18,245,89
KIRI,M,0,0,0,0,4,4,4
KIRIL,M,0,0,0,0,0,30,0
KIRIN,M,0,0,0,0,0,19,0
KIRIN,F,0,4,0,0,0,7,4
KIRIT,F,0,0,0,0,0,3,0
KIRIT,M,0,0,0,0,0,3,0
KIRK,M,29,39,30,13,18,374,129
KIRO,M,0,0,0,0,0,3,0
KIRON,M,4,4,7,4,0,34,19
KIRPAL,M,0,0,0,0,0,3,0
KIRRA,F,3,7,7,0,7,62,24
KIRRAN,F,3,0,5,0,0,8,8
KIRRAN,M,0,3,0,0,0,3,3
KIRREN,F,3,0,0,0,0,3,3
KIRSTEN,F,225,202,217,164,156,2136,964
KIRSTEY,F,3,0,4,0,0,7,7
KIRSTI,F,8,4,6,3,0,24,21
KIRSTIE,F,160,119,105,74,57,821,515
KIRSTIN,F,25,28,19,22,31,238,125
KIRSTINA,F,3,0,0,0,0,3,3
KIRSTY,F,1202,898,792,579,525,10241,3996
KIRSTY-ANN,F,0,0,3,0,0,3,3
KIRSTY-JANE,F,3,0,0,0,0,3,3
KIRSTYN,F,8,13,14,9,6,93,50
KIRTAN,M,3,0,4,0,0,26,7
KIRTAN,F,3,0,3,0,0,19,6
KIRTHIKA,F,0,0,0,0,3,3,3
KIRTI,F,0,3,0,4,0,13,7
KIRTIS,M,3,0,4,0,0,15,7
KIRUTHIK,M,0,0,0,0,0,6,0
KISHA,F,0,4,11,5,0,60,20
KISHAN,M,57,43,48,39,33,511,220
KISHEN,M,11,4,4,8,5,56,32
KISHI,M,0,0,0,3,0,3,3
KISHWAR,F,0,0,0,3,0,3,3
KISMET,F,4,0,0,0,0,13,4
KIT,M,25,22,27,33,36,993,143
KIT,F,0,0,0,0,0,36,0
KITANA,F,0,0,4,6,0,37,10
KITO,M,0,0,0,0,3,6,3
KITSON,M,0,0,3,0,0,15,3
KITT,M,0,0,0,3,0,75,3
KITTIE,F,0,0,0,0,4,64,4
KITTY,F,47,52,73,84,75,3054,331
KIYA,F,17,12,19,21,18,517,87
KIYA,M,0,3,0,3,3,24,9
KIYAH,F,3,3,0,0,3,94,9
KIYAN,M,0,0,5,5,6,370,16
KIYANA,F,0,4,5,0,0,70,9
KIYANI,M,0,0,0,3,0,3,3
KIYOMI,F,0,0,0,0,0,19,0
KIZZIE,F,4,5,7,8,8,129,32
KIZZY,F,18,12,12,11,11,275,64
KLARA,F,11,5,13,12,10,576,51
KLARISSA,F,0,0,0,0,0,9,0
KLAUDIA,F,3,3,3,6,5,674,20
KLAUDIO,M,0,0,0,0,4,7,4
KLAUS,M,0,0,3,0,0,7,3
KLAY,M,4,3,0,0,0,118,7
KLAYTON,M,0,5,4,3,0,87,12
KLEA,F,0,0,0,0,5,93,5
KLEIN,M,4,5,0,3,6,22,18
KLEO,F,0,0,0,0,0,24,0
KLEVIS,M,0,0,0,0,4,59,4
KLINE,M,4,3,0,0,0,7,7
KLOE,F,22,20,22,21,21,329,106
KLYNE,M,0,3,0,0,0,3,3
KNIGHT,M,0,0,0,0,0,9,0
KOAH,M,0,0,0,0,0,9,0
KOBE,M,0,9,40,21,13,952,83
KOBI,M,4,6,7,6,8,935,31
KOBIE,M,0,3,6,5,0,369,14
KOBURN,M,0,0,0,0,0,3,0
KOBY,M,0,3,5,3,7,705,18
KOBY,F,0,0,0,0,3,3,3
KODEN,M,0,0,0,0,0,9,0
KODI,M,0,0,0,3,7,390,10
KODI,F,3,5,9,5,6,169,28
KODIE,F,13,8,5,17,10,264,53
KODIE,M,3,3,0,0,4,205,10
KODY,M,5,6,13,15,8,779,47
KODY,F,5,0,0,7,6,66,18
KOEN,M,0,0,0,0,0,112,0
KOFI,M,15,23,46,33,29,542,146
KOFI,F,0,0,3,0,0,3,3
KOHL,M,0,0,0,0,0,20,0
KOJO,M,6,0,5,6,7,80,24
KOLAWOLE,M,0,3,0,5,0,21,8
KOLBY,M,0,0,0,0,0,66,0
KOLE,M,0,4,3,4,5,207,16
KOLSUMA,F,5,4,3,4,3,33,19
KOMAL,F,23,25,24,42,15,299,129
KONDRAD,M,0,0,0,0,0,3,0
KONNA,M,5,4,10,3,0,38,22
KONNER,M,5,4,4,4,8,82,25
KONNIE,F,0,0,4,4,0,99,8
KONNOR,M,19,12,13,15,19,216,78
KONOR,M,0,3,4,0,0,24,7
KONRAD,M,8,16,10,7,9,494,50
KONSTANTINE,M,0,0,0,3,0,3,3
KORA,F,4,0,3,6,3,109,16
KORAL,F,3,0,0,0,0,3,3
KORAY,M,5,11,8,7,6,175,37
KORBEN,M,0,4,6,15,13,472,38
KORDELL,M,0,0,0,0,0,24,0
KOREN,F,12,11,6,4,7,52,40
KOREY,M,12,17,18,19,10,529,76
KORI,M,6,7,9,7,4,208,33
KORI,F,0,5,0,0,3,36,8
KORIE,M,0,0,6,3,0,39,9
KORIN,F,0,0,0,0,3,3,3
KORINA,F,3,0,0,0,0,3,3
KORNELIA,F,0,0,0,0,0,412,0
KORRA,F,0,0,0,0,0,6,0
KORRI,M,0,3,0,0,0,3,3
KORRIE,F,0,5,0,3,0,8,8
KORRIE,M,0,3,0,0,0,3,3
KORY,M,8,13,10,10,11,253,52
KOUROSH,M,0,3,4,0,4,58,11
KOURTNEY,F,8,17,21,13,4,418,63
KOURTNEY,M,0,4,0,0,0,4,4
KOWSAR,F,0,3,0,0,0,15,3
KRAIG,M,3,6,6,4,3,22,22
KRAY,M,0,0,5,3,12,86,20
KRINA,F,3,0,4,0,0,27,7
KRIPA,F,0,0,0,0,0,11,0
KRIS,M,20,20,15,8,16,230,79
KRISH,M,3,3,0,0,0,1113,6
KRISHA,F,4,0,0,3,3,340,10
KRISHAN,M,36,30,35,36,22,597,159
KRISHAV,M,0,0,0,0,0,24,0
KRISHEN,M,3,0,0,0,5,20,8
KRISHMA,F,4,10,4,7,6,60,31
KRISHNA,M,11,6,4,11,11,313,43
KRISHNA,F,15,13,22,10,8,220,68
KRISHNAN,M,0,0,0,4,3,52,7
KRISS,M,3,0,3,0,3,15,9
KRISSIE,F,0,0,0,0,0,6,0
KRISSY,F,0,0,0,0,0,6,0
KRISTA,F,12,18,16,17,12,199,75
KRISTAL,F,6,11,7,6,7,122,37
KRISTAN,M,3,8,5,3,3,76,22
KRISTEL,F,0,0,0,0,0,17,0
KRISTEN,F,40,36,32,29,22,439,159
KRISTEN,M,12,12,8,12,8,125,52
KRISTI,F,18,7,6,8,4,53,43
KRISTI,M,0,0,0,0,3,3,3
KRISTIAN,M,202,199,163,127,105,2329,796
KRISTIANA,F,7,4,0,4,3,79,18
KRISTIE,F,34,34,20,14,6,150,108
KRISTIEN,M,0,5,5,0,0,13,10
KRISTIN,F,12,16,18,9,13,179,68
KRISTIN,M,0,3,3,0,3,9,9
KRISTINA,F,65,57,55,40,57,940,274
KRISTINE,F,6,5,6,5,4,98,26
KRISTIYAN,M,0,0,0,0,0,17,0
KRISTOFER,M,23,11,6,8,8,123,56
KRISTOFF,M,0,0,0,0,0,3,0
KRISTOFFER,M,4,5,6,0,3,45,18
KRISTOPHER,M,66,62,31,27,17,437,203
KRISTOS,M,0,4,0,0,0,4,4
KRISTY,F,39,42,35,30,25,252,171
KRISTYN,F,3,0,0,0,0,3,3
KRITHIK,M,0,0,0,0,0,17,0
KRUM,M,0,0,0,0,0,6,0
KRUPA,F,11,8,7,3,3,83,32
KRUZE,M,0,0,0,0,0,4,0
KRYSTA,F,0,0,4,3,0,17,7
KRYSTAL,F,28,33,30,41,36,1110,168
KRYSTEN,F,0,0,0,0,0,4,0
KRYSTIAN,M,0,0,3,0,0,513,3
KRYSTINA,F,7,3,5,5,3,38,23
KRYSTLE,F,0,0,0,3,0,40,3
KRYSTYNA,F,6,0,6,0,5,47,17
KRZYSZTOF,M,0,0,0,3,0,301,3
KSAWERY,M,0,0,0,0,0,175,0
KSENIA,F,0,0,0,3,4,86,7
KUBA,M,0,0,3,0,0,366,3
KUBILAY,M,0,3,5,3,0,20,11
KUBRA,F,6,8,7,0,0,91,21
KUBRAH,F,3,0,0,0,0,3,3
KULJEET,F,5,0,0,3,0,8,8
KULSOOM,F,6,0,3,3,8,88,20
KULSUM,F,8,7,4,9,9,116,37
KULSUMA,F,6,0,3,3,9,57,21
KULTHOOM,F,0,0,3,0,0,19,3
KUMAIL,M,3,3,0,0,0,30,6
KUMAR,M,3,0,3,0,0,6,6
KUMBA,F,0,0,0,0,0,32,0
KUN,M,0,0,0,0,0,6,0
KUNAL,M,22,16,7,8,6,111,59
KUNDAI,F,0,0,0,0,0,16,0
KUPAKWASHE,M,0,0,0,0,0,6,0
KUPAKWASHE,F,0,0,0,0,0,4,0
KURAN,M,5,4,3,0,3,23,15
KURRAN,M,6,4,0,7,0,20,17
KURT,M,128,126,113,96,74,1092,537
KURTIS,M,214,174,134,140,106,1556,768
KUSH,M,9,4,13,10,19,346,55
KUSHAGRA,M,0,0,0,0,0,6,0
KUSHAL,M,10,10,13,7,10,153,50
KUZIVA,M,0,0,0,0,0,3,0
KWABENA,M,14,6,10,7,5,175,42
KWADWO,M,0,4,3,0,0,66,7
KWAJO,M,0,0,0,0,0,3,0
KWAKU,M,5,4,12,5,4,136,30
KWAME,M,20,7,13,5,13,281,58
KWASI,M,0,3,0,0,0,47,3
KWESI,M,3,5,6,0,5,69,19
KWOK,M,5,0,0,0,3,11,8
KY,M,0,6,5,3,5,77,19
KYA,F,13,9,13,16,19,553,70
KYAH,F,9,12,5,9,15,219,50
KYAL,M,7,5,4,7,4,132,27
KYAN,M,7,4,9,16,13,1018,49
KYANNA,F,0,0,3,4,3,80,10
KYANNE,F,4,0,0,5,4,49,13
KYARA,F,0,0,0,0,0,101,0
KYE,M,58,130,130,106,131,3543,555
KYI,M,0,0,3,4,0,54,7
KYIA,F,0,4,5,4,8,67,21
KYLA,F,18,37,66,48,33,2347,202
KYLAH,F,4,0,3,5,3,230,15
KYLAN,M,6,5,6,13,8,758,38
KYLE,M,2046,2205,2016,1999,1645,28755,9911
KYLER,M,14,0,0,0,0,72,14
KYLER,F,5,3,0,5,0,20,13
KYLIE,F,76,46,96,55,41,869,314
KYM,F,14,11,5,5,4,92,39
KYM,M,0,0,7,4,0,16,11
KYMANI,M,0,0,0,4,6,286,10
KYMBERLEY,F,12,10,3,3,7,88,35
KYMBERLY,F,5,0,0,0,4,25,9
KYNA,F,6,4,3,0,0,41,13
KYNAN,M,15,17,20,14,12,175,78
KYO,M,0,0,0,0,0,3,0
KYOKO,F,0,0,0,3,0,3,3
KYOMI,F,3,4,0,0,0,13,7
KYRA,F,53,123,192,185,204,3407,757
KYRAH,F,3,5,7,8,7,248,30
KYRA-LEIGH,F,0,0,3,0,0,54,3
KYRAN,M,85,105,66,92,75,2074,423
KYRELL,M,0,4,0,0,4,132,8
KYREN,M,0,6,0,4,3,184,13
KYRIA,F,3,3,0,0,4,32,10
KYRIACOS,M,8,8,5,9,3,83,33
KYRIE,F,4,3,5,3,0,57,15
KYRO,M,0,0,0,5,6,113,11
KYRON,M,24,27,31,33,29,1344,144
KYRONE,M,3,4,4,6,5,57,22
KYU,M,0,0,0,0,3,3,3
LA,F,0,4,0,4,0,42,8
LABIB,M,5,6,0,4,3,69,18
LABIBA,F,5,0,0,4,3,73,12
LACE,F,6,6,5,5,6,35,28
LACEY,F,85,97,91,82,83,11450,438
LACEY-MAE,F,0,0,0,0,0,616,0
LACHLAN,M,13,24,67,69,74,1285,247
LACI,F,0,0,0,0,0,219,0
LACIE,F,10,13,17,25,14,2124,79
LACY,F,5,8,4,4,5,350,26
LADAN,F,3,3,6,0,3,68,15
LADISLAV,M,0,0,0,0,0,39,0
LADY,F,3,6,8,3,4,85,24
LAELA,F,0,0,3,0,0,29,3
LAETITIA,F,3,13,8,8,9,152,41
LAIBA,F,0,0,4,11,11,2085,26
LAIGHTON,M,0,3,0,5,0,53,8
LAIKA,F,0,0,0,0,0,3,0
LAIKEN,F,0,3,0,0,0,9,3
LAILA,F,35,44,48,64,80,5244,271
LAILAH,F,3,3,5,4,3,266,18
LAINA,F,6,7,0,5,8,109,26
LAINE,F,3,6,0,0,3,53,12
LAINE,M,7,0,4,4,4,44,19
LAINEY,F,4,6,4,0,10,467,24
LAINI,F,0,0,0,0,0,18,0
LAINIE,F,0,0,0,0,0,101,0
LAIRD,M,0,0,0,0,0,15,0
LAISHA,F,0,3,0,0,0,9,3
LAITH,M,4,9,7,10,6,477,36
LAKEISHA,F,6,10,16,16,17,194,65
LAKEN,F,0,0,0,0,4,13,4
LAKESHA,F,4,3,0,0,0,7,7
LAKISHA,F,5,3,7,8,6,94,29
LAKOTA,F,0,0,3,0,0,6,3
LAKSHMI,F,6,7,4,6,4,159,27
LALANA,F,0,0,0,0,0,3,0
LAMAR,M,28,16,19,26,18,281,107
LAMARA,F,4,7,3,0,0,36,14
LAMARR,M,3,3,4,4,5,34,19
LAMEES,F,3,4,0,6,5,130,18
LAMIA,F,0,3,0,3,4,76,10
LAMIN,M,6,0,6,3,0,90,15
LAMIS,F,3,0,5,4,0,60,12
LAMISAH,F,0,0,0,0,3,52,3
LAMORNA,F,0,6,3,0,0,50,9
LAN,F,3,0,0,0,0,9,3
LANA,F,79,84,63,87,74,3256,387
LANCE,M,35,27,28,20,19,500,129
LANCELOT,M,0,0,0,0,0,10,0
LANDEN,M,0,0,0,0,0,44,0
LANDON,M,0,6,0,4,0,293,10
LANE,M,4,0,0,4,0,20,8
LANEY,F,0,0,6,4,7,290,17
LANI,F,5,8,19,12,15,376,59
LANIKA,F,0,0,0,0,0,10,0
LANNA,F,0,0,4,0,0,31,4
LAOISE,F,5,4,3,0,5,48,17
LAQUAN,M,3,3,0,0,0,21,6
LARA,F,255,319,356,347,340,8917,1617
LARAH,F,3,0,0,4,0,24,7
LARAIB,F,7,7,9,11,14,303,48
LAREB,F,3,3,5,0,3,20,14
LAREN,F,0,0,0,0,0,14,0
LARIAH,F,0,0,0,0,0,18,0
LARISA,F,6,4,0,0,5,163,15
LARISSA,F,51,59,49,59,39,988,257
LARNA,F,5,13,3,9,5,247,35
LARNIE,F,0,0,0,0,0,10,0
LARRISSA,F,0,0,0,3,0,7,3
LARRY,M,4,6,6,5,9,214,30
LARS,M,7,5,12,8,6,226,38
LASHAY,F,0,0,4,5,6,48,15
LASZLO,M,3,0,0,3,3,84,9
LATASHA,F,14,12,9,5,5,69,45
LATEISHA,F,0,0,5,0,0,11,5
LATESHA,F,3,5,3,0,0,31,11
LATHAM,M,0,5,0,6,6,42,17
LATHAN,M,3,4,3,0,0,77,10
LATIA,F,0,3,5,0,10,98,18
LATICIA,F,0,0,0,0,0,8,0
LATIF,M,4,4,0,0,0,38,8
LATIFA,F,4,11,11,6,7,190,39
LATIFAH,F,7,10,9,7,5,187,38
LATIKA,F,0,0,0,0,0,15,0
LATISHA,F,15,18,26,11,18,503,88
LATOYA,F,0,5,13,8,3,179,29
LATOYAH,F,0,3,0,5,0,24,8
LAUCHLAN,M,0,0,0,0,4,33,4
LAUNA,F,4,0,0,0,5,18,9
LAURA,F,3582,2937,2299,1846,1628,36075,12292
LAURA-ANN,F,3,0,0,0,0,3,3
LAURA-ANNE,F,4,3,4,0,0,11,11
LAURA-BETH,F,7,3,0,0,0,13,10
LAURA-JANE,F,15,8,5,4,5,53,37
LAURA-JAYNE,F,6,4,6,0,4,20,20
LAURA-LOUISE,F,5,0,0,0,0,5,5
LAURA-MAY,F,5,0,3,3,0,16,11
LAURAN,F,13,20,12,7,11,88,63
LAURANCE,M,0,3,0,0,0,9,3
LAURA-ROSE,F,3,0,0,0,0,6,3
LAUREEN,F,0,0,0,0,3,6,3
LAUREL,F,26,21,30,26,26,370,129
LAURELL,F,3,0,0,0,0,6,3
LAURELLE,F,4,0,7,5,0,61,16
LAUREN,F,6299,5529,4955,4889,4701,57909,26373
LAURENCE,M,202,216,181,204,160,4212,963
LAUREN-JADE,F,0,0,0,4,0,7,4
LAUREN-LOUISE,F,0,0,0,4,0,7,4
LAUREN-MARIE,F,3,0,3,4,0,16,10
LAUREN-ROSE,F,4,0,0,3,0,7,7
LAURENS,M,4,0,0,3,0,10,7
LAURENT,M,4,0,4,6,0,63,14
LAURI,F,3,3,0,0,0,12,6
LAURIE,F,52,59,39,52,25,603,227
LAURIE,M,43,26,24,26,29,575,148
LAURIE-ANNE,F,4,0,0,0,0,4,4
LAURIS,M,0,0,0,0,0,4,0
LAURISSA,F,7,5,0,0,0,16,12
LAURREN,F,0,3,4,0,0,7,7
LAURYN,F,27,67,92,454,319,1534,959
LAVAN,M,0,0,0,0,0,6,0
LAVANYA,F,0,0,5,0,3,74,8
LAVELL,M,0,0,0,0,0,10,0
LAVENDER,F,0,0,3,0,4,21,7
LAVERNE,F,0,5,0,0,0,5,5
LAVINA,F,0,0,3,5,0,41,8
LAVINIA,F,17,19,15,25,19,499,95
LAW,M,0,0,0,3,0,3,3
LAWRENCE,M,226,225,205,185,151,8354,992
LAWRIE,M,5,5,5,4,0,60,19
LAWSON,M,10,10,4,8,12,753,44
LAWTON,M,0,0,0,3,0,13,3
LAYA,F,0,0,0,0,3,128,3
LAYLA,F,138,145,126,172,166,15465,747
LAYLAH,F,3,0,4,3,3,313,13
LAYLA-MAE,F,0,0,0,0,0,225,0
LAYLA-MAI,F,0,0,0,0,0,124,0
LAYLAND,M,0,0,0,0,0,61,0
LAYNA,F,4,4,3,0,7,95,18
LAYNE,M,5,0,4,6,5,117,20
LAYNE,F,5,3,0,0,0,8,8
LAYTHAN,M,0,0,0,0,0,3,0
LAYTON,M,23,27,26,34,52,3461,162
LAZARUS,M,0,0,0,4,0,27,4
LE,M,3,0,0,0,0,23,3
LEA,F,30,33,40,65,38,1143,206
LEAH,F,1705,1605,1474,1715,1951,30824,8450
LEAHA,F,5,8,0,4,4,34,21
LEAH-JAYNE,F,3,0,0,0,0,3,3
LEAH-MAE,F,0,0,0,4,0,43,4
LEAH-MARIE,F,3,6,4,3,4,130,20
LEALA,F,0,0,0,0,4,66,4
LEAM,M,10,5,5,3,7,58,30
LEANA,F,11,3,5,4,0,119,23
LEANDA,F,0,0,3,0,0,3,3
LEANDER,M,0,0,0,0,0,72,0
LEANDER,F,3,0,0,0,0,6,3
LEANDRA,F,3,5,5,7,3,106,23
LEANDRO,M,3,3,3,3,12,348,24
LEANDROS,M,0,0,0,0,0,6,0
LEANE,F,4,4,0,0,5,22,13
LEANN,F,8,3,4,9,7,84,31
LEANNA,F,40,33,32,28,26,534,159
LEANNAH,F,0,0,0,0,0,8,0
LEANNE,F,616,476,368,328,239,5964,2027
LEART,M,0,0,0,0,3,64,3
LEBRON,M,0,0,0,0,0,72,0
LEE,M,1053,844,801,562,549,20692,3809
LEE,F,6,4,9,4,3,48,26
LEEANN,F,8,4,0,0,6,24,18
LEEANNE,F,10,0,5,3,3,32,21
LEE-ANNE,F,4,3,0,4,0,11,11
LEEBAN,M,0,0,0,0,4,4,4
LEELA,F,3,4,7,3,7,583,24
LEELAND,M,0,0,0,0,0,101,0
LEENA,F,19,22,27,31,23,714,122
LEEROY,M,0,0,3,3,3,90,9
LEESHA,F,0,0,0,4,0,16,4
LEESON,M,0,0,3,0,4,33,7
LEEYA,F,0,0,0,3,0,91,3
LEEZA,F,0,5,9,6,3,72,23
LEGEND,M,0,0,0,0,0,16,0
LEIA,F,39,50,72,90,61,1385,312
LEIAH,F,0,5,0,0,5,46,10
LEIF,M,7,0,0,3,4,132,14
LEIGH,M,48,35,29,34,14,1468,160
LEIGH,F,125,105,114,86,69,868,499
LEIGHA,F,27,19,23,32,32,576,133
LEIGHAM,M,3,0,0,5,0,8,8
LEIGHANN,F,7,7,3,0,0,17,17
LEIGH-ANN,F,13,13,6,9,10,71,51
LEIGHANNA,F,4,0,0,0,0,22,4
LEIGH-ANNA,F,0,3,0,0,0,3,3
LEIGHANNE,F,10,9,7,0,3,39,29
LEIGH-ANNE,F,20,14,8,11,9,75,62
LEIGHTON,M,60,74,86,83,77,4020,380
LEILA,F,83,87,107,129,119,4922,525
LEILAH,F,6,4,0,10,10,281,30
LEILANI,F,4,5,6,14,9,513,38
LEISHA,F,11,10,4,4,3,149,32
LEITH,M,3,4,0,0,0,35,7
LEKEISHA,F,0,0,3,0,5,16,8
LELA,F,4,0,0,3,0,67,7
LELAND,M,0,0,0,0,0,1099,0
LELIANA,F,0,0,0,0,0,4,0
LEMA,F,0,0,0,0,0,42,0
LEMAR,M,4,6,4,3,0,252,17
LEMARR,M,0,0,0,0,0,3,0
LEMUEL,M,3,0,8,10,3,175,24
LENA,F,27,40,34,31,28,3221,160
LENAH,F,0,0,0,0,0,4,0
LENARD,M,0,0,0,0,0,33,0
LENE,F,0,0,0,0,9,37,9
LENI,F,0,0,0,0,0,178,0
LENNA,F,0,0,0,0,0,31,0
LENNAN,M,0,0,0,0,0,21,0
LENNARD,M,0,0,0,0,3,60,3
LENNIE,M,4,3,3,8,8,496,26
LENNON,M,4,13,17,37,87,3605,158
LENNON,F,0,0,0,0,0,12,0
LENNOX,M,8,11,7,14,18,678,58
LENNOX,F,0,0,0,0,0,8,0
LENNY,M,6,6,15,17,28,2065,72
LENON,M,0,0,0,0,0,7,0
LENOX,M,0,0,0,0,0,18,0
LENYA,F,0,0,0,0,0,4,0
LEO,M,149,154,192,216,261,32022,972
LEON,M,474,523,564,599,662,18036,2822
LEONA,F,57,65,55,50,75,1940,302
LEONARD,M,39,33,33,39,35,17535,179
LEONARDO,M,8,21,60,47,38,2710,174
LEONE,F,3,5,4,3,9,69,24
LEONE,M,0,0,0,4,5,38,9
LEONEL,M,0,0,0,0,0,89,0
LEONHARD,M,0,0,0,0,0,3,0
LEONI,F,29,40,51,57,64,914,241
LEONIDAS,M,0,3,5,3,5,441,16
LEONIDES,M,0,0,0,0,0,3,0
LEONIE,F,136,116,148,164,137,2088,701
LEONIS,M,0,0,0,0,0,4,0
LEONNA,F,5,8,3,0,6,48,22
LEONNE,F,0,3,0,3,0,9,6
LEONNI,F,0,0,0,3,4,7,7
LEONNIE,F,11,7,7,13,6,90,44
LEONOR,F,0,0,0,0,3,139,3
LEONORA,F,11,11,8,9,8,205,47
LEOPOLD,M,3,3,4,4,4,184,18
LEORA,F,0,0,4,5,4,84,13
LEROY,M,17,16,12,13,29,408,87
LERRYN,F,3,0,0,0,0,28,3
LES,M,3,0,0,0,0,3,3
LESLEY,F,35,30,27,13,21,5960,126
LESLEY-ANNE,F,4,0,3,0,0,7,7
LESLIE,M,31,17,17,11,16,20445,92
LESLIE,F,5,0,0,0,3,16,8
LESTER,M,5,7,5,7,8,111,32
LETIA,F,0,0,6,0,3,37,9
LETICIA,F,8,7,6,13,11,347,45
LETISHA,F,11,5,6,9,5,179,36
LETITIA,F,44,21,32,32,23,371,152
LETTY,F,0,3,0,0,0,62,3
LEUTRIM,M,0,0,0,4,0,4,4
LEVENT,M,4,0,4,0,0,25,8
LEVI,M,205,233,205,210,234,6246,1087
LEVI,F,59,60,52,44,37,548,252
LEVIN,M,0,0,0,4,0,36,4
LEVON,M,0,0,0,3,3,82,6
LEVY,M,0,4,0,0,0,39,4
LEWAN,M,0,0,3,0,0,14,3
LEWES,M,4,3,6,3,4,39,20
LEWI,M,0,0,0,0,4,183,4
LEWIE,M,0,8,6,12,12,484,38
LEWIN,M,0,6,4,4,0,127,14
LEWIS,M,3569,4065,4518,4916,4574,71923,21642
LEWYS,M,33,41,38,35,40,570,187
LEX,M,0,0,0,6,0,264,6
LEXA,F,0,0,0,0,0,44,0
LEXEY,F,0,0,0,0,0,14,0
LEXI,F,0,4,0,6,8,10156,18
LEXIA,F,0,0,0,0,3,89,3
LEXIE,F,4,3,3,8,18,6709,36
LEXIE-MAE,F,0,0,0,0,0,136,0
LEXI-MAE,F,0,0,0,0,0,382,0
LEXI-MAI,F,0,0,0,0,0,295,0
LEXI-MAY,F,0,0,0,0,0,217,0
LEXINE,F,0,0,3,0,0,19,3
LEXUS,F,0,0,4,0,3,175,7
LEXUS,M,0,0,0,3,6,52,9
LEXY,F,0,0,0,0,0,234,0
LEYA,F,3,0,6,9,17,270,35
LEYAN,F,3,0,0,0,0,20,3
LEYANA,F,0,0,0,0,0,14,0
LEYANNA,F,0,0,3,0,0,3,3
LEYLA,F,32,41,39,46,47,1796,205
LEYLAH,F,0,0,0,0,0,44,0
LEYLAND,M,0,0,0,0,0,146,0
LEYTON,M,16,19,14,20,18,1330,87
LI,F,3,0,0,4,0,63,7
LI,M,0,0,0,0,0,31,0
LIA,F,52,60,65,89,97,1822,363
LIAH,F,6,8,6,9,5,124,34
LIAM,M,5802,4743,3486,4350,3825,59385,22206
LIAN,F,7,5,7,0,7,79,26
LIAN,M,0,3,0,3,3,75,9
LIANA,F,28,13,18,17,23,803,99
LIANE,F,12,13,4,0,0,50,29
LIANNA,F,10,9,10,8,9,233,46
LIANNE,F,45,38,19,20,13,227,135
LIBAN,M,8,9,11,13,15,215,56
LIBBEY,F,0,0,0,0,0,4,0
LIBBI,F,3,3,3,10,9,328,28
LIBBIE,F,14,17,20,31,32,883,114
LIBBY,F,191,191,256,423,515,12922,1576
LIBERTY,F,144,153,158,224,229,3550,908
LICIA,F,0,0,0,0,4,18,4
LIDIA,F,10,9,15,14,11,383,59
LIELA,F,0,0,0,0,0,4,0
LIELLE,F,0,0,0,0,0,17,0
LIEM,M,0,4,0,0,0,10,4
LILA,F,15,5,9,11,12,2046,52
LILAC,F,0,3,0,4,3,127,10
LILA-GRACE,F,0,0,0,0,0,11,0
LILAH,F,4,0,3,0,5,1097,12
LILE,F,0,0,0,0,0,4,0
LILI,F,21,28,51,68,62,1545,230
LILIA,F,16,9,6,9,6,2143,46
LILIAN,F,40,33,34,50,37,13115,194
LILIANA,F,10,10,20,15,19,1960,74
LILIANNA,F,0,0,3,3,0,354,6
LILIANNE,F,0,0,0,0,0,23,0
LILIBETH,F,0,0,0,0,0,21,0
LILIE,F,3,5,0,7,3,170,18
LILIEN,F,0,0,0,0,0,45,0
LILI-MAE,F,0,0,0,3,4,88,7
LILITH,F,8,5,11,6,11,295,41
LILIWEN,F,0,0,0,0,0,6,0
LILLA,F,0,0,0,0,0,159,0
LILLAH,F,0,0,0,0,0,13,0
LILLEY,F,0,0,3,3,0,124,6
LILLI,F,15,19,22,38,38,1037,132
LILLIA,F,3,0,0,3,0,731,6
LILLIAN,F,47,41,47,48,52,4164,235
LILLIANA,F,0,0,3,3,3,248,9
LILLIANNA,F,0,0,0,3,0,122,3
LILLIBETH,F,0,0,0,0,0,11,0
LILLIE,F,59,69,63,82,103,5403,376
LILLIE-MAE,F,0,0,4,4,5,796,13
LILLIE-MAI,F,0,0,0,0,0,266,0
LILLIE-MAY,F,0,0,0,0,0,283,0
LILLIE-ROSE,F,0,0,0,0,0,349,0
LILLI-ROSE,F,0,0,0,0,0,45,0
LILLITH,F,0,0,0,0,0,44,0
LILLY,F,89,73,100,124,112,16031,498
LILLY-ANN,F,0,0,0,0,0,290,0
LILLY-ANNE,F,0,0,0,0,3,252,3
LILLY-GRACE,F,0,0,0,0,0,223,0
LILLY-MAE,F,0,0,0,0,4,1302,4
LILLY-MAI,F,0,0,0,0,0,525,0
LILLY-MAY,F,0,3,4,4,0,1477,11
LILLY-ROSE,F,0,0,0,0,0,1001,0
LILY,F,651,721,873,1007,1124,60044,4376
LILYANA,F,0,0,0,0,3,120,3
LILY-ANN,F,9,5,3,5,6,440,28
LILYANNA,F,0,0,0,0,0,105,0
LILY-ANNA,F,0,0,0,5,0,82,5
LILYANNE,F,0,0,0,0,0,52,0
LILY-ANNE,F,6,3,0,3,4,325,16
LILYBELLE,F,0,0,0,0,0,45,0
LILYELLA,F,0,0,0,3,4,33,7
LILY-LOUISE,F,0,0,3,0,0,44,3
LILY-MAE,F,3,5,9,9,13,2264,39
LILY-MAI,F,0,3,0,0,0,708,3
LILY-MARIE,F,0,0,0,0,0,126,0
LILYMAY,F,0,0,0,0,5,136,5
LILY-MAY,F,8,8,18,12,14,1738,60
LILY-ROSE,F,3,3,4,16,13,2000,39
LIMA,F,4,4,0,3,6,40,17
LIN,F,0,0,0,0,0,30,0
LINA,F,25,30,30,22,33,1044,140
LINAS,M,0,0,0,0,0,17,0
LINCOLN,M,11,9,8,11,13,2361,52
LINDA,F,34,39,24,22,38,13684,157
LINDAN,M,0,0,0,0,0,8,0
LINDEN,M,11,14,11,13,10,246,59
LINDON,M,6,3,4,9,5,128,27
LINDSAY,F,52,42,28,25,14,945,161
LINDSEY,F,80,64,49,41,18,1611,252
LINDY,F,3,0,0,0,0,7,3
LINETTE,F,0,0,0,0,0,3,0
LINFORD,M,5,0,4,0,0,9,9
LING,F,0,0,0,0,0,21,0
LINNEA,F,5,4,0,0,3,93,12
LINNET,F,0,0,3,0,0,3,3
LINSEY,F,7,7,4,0,6,41,24
LINTON,M,3,4,13,0,4,85,24
LINUS,M,9,5,14,14,11,323,53
LINZI,F,22,13,11,6,8,102,60
LION,M,0,0,0,0,4,10,4
LIONA,F,0,0,0,0,4,17,4
LIONEL,M,4,4,5,4,5,2184,22
LIORA,F,0,3,0,0,0,100,3
LIPA,F,0,0,0,4,0,4,4
LIR,M,0,0,0,0,0,5,0
LIRIM,M,0,0,0,4,0,4,4
LISA,F,445,329,264,265,227,15504,1530
LISAMARIE,F,5,8,3,4,0,50,20
LISA-MARIE,F,20,25,18,11,10,230,84
LISBETH,F,0,0,0,0,0,21,0
LISE,F,0,4,0,0,0,4,4
LISETTE,F,0,3,0,0,0,11,3
LISHA,F,7,7,3,5,6,79,28
LITA,F,0,0,0,0,0,51,0
LIV,F,3,0,0,0,3,253,6
LIVIA,F,6,12,15,18,25,1276,76
LIVIE,F,0,0,0,0,0,58,0
LIVVI,F,0,0,0,0,0,56,0
LIVY,F,0,0,0,0,0,45,0
LIYA,F,0,0,3,0,0,345,3
LIYAH,F,7,5,4,0,3,139,19
LIZ,F,0,0,0,0,3,30,3
LIZA,F,13,9,14,7,4,300,47
LIZZIE,F,7,4,6,8,6,206,31
LIZZY,F,0,0,0,3,0,57,3
LLANA,F,0,0,0,0,0,17,0
LLEUCU,F,0,4,0,6,4,88,14
LLEWELLYN,M,8,10,6,5,9,179,38
LLEWELYN,M,10,4,7,11,12,195,44
LLEWYN,M,0,0,0,0,0,23,0
LLEYTON,M,0,0,0,0,8,330,8
LLIAM,M,4,4,0,3,0,11,11
LLIFON,M,0,0,0,0,0,4,0
LLINOS,F,17,8,20,13,8,176,66
LLIO,F,0,7,6,5,5,113,23
LLION,M,7,10,5,8,5,177,35
LLIWEN,F,0,3,0,0,0,10,3
LLOYD,M,299,221,208,207,195,3045,1130
LLWYD,M,3,0,0,0,0,3,3
LLYR,M,10,10,12,8,9,186,49
LLYWELYN,M,5,5,5,11,7,112,33
LOCHAN,M,0,0,3,0,0,6,3
LOCHLAIN,M,0,0,0,0,0,23,0
LOCHLAINN,M,0,0,0,3,0,11,3
LOCHLAN,M,0,9,21,23,31,691,84
LOCHLANN,M,0,0,6,9,14,158,29
LOCKLAN,M,0,0,0,0,0,7,0
LOGAN,M,111,100,126,156,230,26425,723
LOGAN,F,4,5,6,8,11,358,34
LOGEN,M,0,0,0,0,0,23,0
LOGHAN,M,0,0,0,0,0,58,0
LOGUN,M,0,0,0,0,0,44,0
LOIC,M,4,3,8,0,8,147,23
LOIS,F,356,401,408,382,342,8167,1889
LOK,M,0,0,0,0,0,17,0
LOKESH,M,0,0,3,0,0,3,3
LOKI,M,0,0,0,5,0,377,5
LOKI,F,0,0,0,0,0,5,0
LOLA,F,39,63,87,84,95,17262,368
LOLA-GRACE,F,0,0,0,0,0,124,0
LOLA-MAE,F,0,0,0,0,0,250,0
LOLA-MAY,F,0,0,0,0,0,136,0
LOLITA,F,3,0,0,5,7,110,15
LONDON,F,0,0,0,0,0,104,0
LONI,F,3,5,0,0,0,8,8
LONNIE,M,3,0,0,0,3,33,6
LORA,F,9,11,4,11,7,150,42
LORALEI,F,0,0,0,0,0,4,0
LORAN,F,8,10,0,0,0,21,18
LORCAN,M,17,18,23,40,37,701,135
LORD,M,4,0,0,0,3,68,7
LOREDANA,F,4,5,0,0,7,38,16
LORELAI,F,0,0,0,0,0,194,0
LORELEI,F,0,4,3,9,0,288,16
LORELIE,F,0,0,0,0,0,6,0
LORELL,F,0,0,0,4,3,7,7
LORELLE,F,5,7,5,5,6,73,28
LOREN,F,102,90,74,70,81,791,417
LOREN,M,3,0,0,5,0,8,8
LORENA,F,3,6,9,10,15,383,43
LORENNA,F,0,0,0,0,0,20,0
LORENZA,F,0,0,3,0,0,51,3
LORENZO,M,36,40,28,31,35,1562,170
LORETTA,F,15,22,21,17,6,255,81
LORI,F,37,23,26,24,31,341,141
LORIANNE,F,0,0,3,0,0,3,3
LORIEN,F,6,3,0,5,0,71,14
LORIK,M,0,0,0,0,0,63,0
LORIMER,M,0,0,3,0,0,10,3
LORIN,F,0,0,0,0,0,84,0
LORIS,M,0,0,0,0,0,70,0
LORNA,F,274,223,198,186,136,1924,1017
LORNA-JEAN,F,3,0,0,0,0,3,3
LORNE,M,3,6,4,3,3,37,19
LORRAINE,F,36,20,23,19,16,4342,114
LORREN,F,9,8,7,6,9,48,39
LORRETTA,F,3,4,0,0,0,19,7
LORRIE,F,0,0,0,3,0,3,3
LORYN,F,0,0,4,4,0,11,8
LOTI,F,0,0,0,0,0,31,0
LOTTE,F,6,4,4,8,7,191,29
LOTTI,F,0,0,0,4,6,181,10
LOTTIE,F,34,50,47,50,53,5126,234
LOTTY,F,3,0,0,4,0,90,7
LOTUS,F,0,0,0,3,0,42,3
LOUANNE,F,5,3,3,0,3,21,14
LOUCAS,M,0,3,0,0,0,14,3
LOUELLA,F,4,3,0,5,0,65,12
LOUEY,M,0,4,0,0,0,19,4
LOUI,M,7,8,18,13,14,532,60
LOUIE,M,112,161,230,240,268,11543,1011
LOUIE,F,0,0,0,3,0,16,3
LOUIS,M,1100,1325,1433,1397,1516,28171,6771
LOUISA,F,235,233,248,197,221,6038,1134
LOUISE,F,1309,1283,1102,804,659,21111,5157
LOUISHA,F,0,4,3,4,6,35,17
LOUIZA,F,0,3,0,4,6,52,13
LOUKAS,M,3,3,0,3,5,85,14
LOURDES,F,0,0,0,3,12,148,15
LOVE,F,0,0,0,3,0,40,3
LOVEDAY,F,3,0,0,3,3,55,9
LOVELL,M,0,0,0,0,3,28,3
LOVELLE,F,0,0,0,0,0,15,0
LOVELLE,M,0,0,0,0,0,6,0
LOWELL,M,5,0,6,0,0,36,11
LOWEN,M,0,0,0,0,0,106,0
LOWEN,F,0,0,0,0,0,43,0
LOWENNA,F,5,9,11,10,6,243,41
LOWRI,F,91,120,121,120,115,1813,567
LOWRIE,F,4,5,5,0,3,26,17
LOXLEY,M,0,0,0,0,0,22,0
LUA,F,0,0,0,0,0,31,0
LUAN,M,3,0,4,3,5,177,15
LUAN,F,0,0,4,0,0,4,4
LUANA,F,3,3,4,0,5,295,15
LUANNA,F,0,0,3,0,0,28,3
LUANNE,F,0,3,0,0,0,7,3
LUBNA,F,22,16,7,11,15,198,71
LUBNAA,F,0,0,5,3,0,8,8
LUC,M,44,48,57,58,71,921,278
LUCA,M,83,107,152,191,272,13845,805
LUCA,F,3,4,6,8,9,171,30
LUCAN,M,0,0,0,0,5,101,5
LUCAS,M,202,363,294,495,611,31530,1965
LUCCA,M,0,5,5,8,4,570,22
LUCEE,F,0,0,3,0,0,3,3
LUCEY,F,0,0,0,0,0,6,0
LUCHIA,F,4,3,0,6,3,125,16
LUCI,F,14,22,24,13,14,363,87
LUCIA,F,98,117,101,99,154,4255,569
LUCIAN,M,4,5,8,7,8,815,32
LUCIANA,F,3,8,10,10,10,362,41
LUCIANNA,F,5,5,5,10,3,90,28
LUCIANNE,F,3,0,5,0,5,21,13
LUCIANO,M,15,18,10,8,9,280,60
LUCIE,F,136,158,183,185,241,4999,903
LUCIEN,M,16,17,10,6,7,457,56
LUCIENNE,F,3,4,3,0,0,57,10
LUCILLA,F,0,0,0,0,0,3,0
LUCILLE,F,12,18,14,13,5,311,62
LUCINA,F,0,0,3,0,0,7,3
LUCINDA,F,132,136,111,93,78,1217,550
LUCIOUS,M,0,0,0,0,0,13,0
LUCIUS,M,0,3,0,0,0,228,3
LUCKY,M,0,0,0,0,0,33,0
LUCKY,F,5,4,3,4,5,21,21
LUCRETIA,F,4,3,0,0,0,15,7
LUCUS,M,4,3,8,0,4,205,19
LUCY,F,3753,4235,4515,4037,4257,74889,20797
LUCY-ANN,F,8,7,7,8,4,109,34
LUCY-ANNA,F,5,3,0,0,0,14,8
LUCYANNE,F,0,3,4,0,0,7,7
LUCY-ANNE,F,11,9,8,8,3,101,39
LUCY-ELLEN,F,3,0,0,0,0,3,3
LUCY-JANE,F,4,0,4,3,5,37,16
LUCY-JAYNE,F,5,3,4,0,3,18,15
LUCY-MAE,F,0,4,3,0,4,110,11
LUCY-MAY,F,3,4,0,7,0,150,14
LUDO,M,0,0,0,0,0,52,0
LUDOVIC,M,3,5,8,6,3,138,25
LUDOVICO,M,0,0,0,0,0,47,0
LUDWIG,M,0,0,0,0,0,8,0
LUDWIK,M,0,0,0,0,0,19,0
LUELLA,F,0,0,3,3,5,300,11
LUGHAN,M,0,0,0,0,0,3,0
LUI,M,4,7,5,0,5,143,21
LUIGI,M,9,5,8,0,9,171,31
LUIS,M,71,100,105,96,131,2734,503
LUISA,F,39,34,35,31,27,704,166
LUISE,F,3,3,0,0,0,9,6
LUIZ,M,0,0,0,0,3,41,3
LUJAIN,F,0,0,0,0,0,122,0
LUKA,M,15,14,21,26,31,1675,107
LUKA,F,5,4,8,0,11,208,28
LUKAS,M,35,67,52,54,60,3037,268
LUKASH,M,0,0,0,0,0,3,0
LUKASZ,M,0,3,0,0,0,270,3
LUKE,M,5664,5147,4934,4982,4870,76206,25597
LUKMAN,M,3,3,4,3,5,53,18
LULA,F,0,4,3,0,3,318,10
LULU,F,5,9,8,5,8,520,35
LUMEN,F,0,0,0,0,0,17,0
LUMI,F,0,0,0,0,0,14,0
LUNA,F,5,0,7,11,12,1764,35
LUNAR,F,0,0,0,0,0,9,0
LUNA-RAE,F,0,0,0,0,0,18,0
LUPE,F,0,0,0,0,0,3,0
LUQMAAN,M,8,4,5,8,12,207,37
LUQMAN,M,9,17,18,18,22,601,84
LUTHER,M,5,9,3,4,8,176,29
LUWAM,F,0,3,0,0,0,3,3
LUX,F,0,0,0,0,0,38,0
LYALL,M,6,4,5,6,5,70,26
LYAM,M,3,6,5,5,5,75,24
LYANA,F,0,0,0,0,0,11,0
LYANNA,F,0,0,0,0,0,13,0
LYBA,F,0,0,4,4,5,153,13
LYCAN,M,0,0,0,0,0,3,0
LYDIA,F,1009,1062,1083,1084,913,16309,5151
LYDIA-ROSE,F,0,0,0,0,4,53,4
LYDIE,F,0,0,0,3,0,12,3
LYDON,M,0,5,0,0,0,32,5
LYLA,F,3,0,0,4,0,3732,7
LYLAH,F,0,0,0,0,0,260,0
LYLE,M,23,17,23,10,9,364,82
LYLIA,F,0,0,0,0,0,18,0
LYN,F,0,0,0,0,3,15,3
LYNA,F,0,0,0,0,0,44,0
LYNDA,F,4,6,9,5,7,1386,31
LYNDAN,M,0,0,0,3,0,3,3
LYNDEN,M,3,0,7,14,20,202,44
LYNDON,M,37,33,43,37,36,634,186
LYNDSAY,F,12,9,3,5,0,46,29
LYNDSEY,F,50,38,23,18,18,716,147
LYNETTE,F,7,4,4,6,3,65,24
LYNN,F,5,6,8,3,5,2818,27
LYNNE,F,4,0,3,0,0,2453,7
LYNNETTE,F,3,0,3,0,0,6,6
LYNSAY,F,3,0,0,0,0,3,3
LYNSEY,F,30,17,8,11,8,614,74
LYNTON,M,4,3,4,0,3,17,14
LYON,M,0,0,0,5,4,71,9
LYRA,F,0,0,0,3,0,1588,3
LYRAH,F,0,0,0,0,0,11,0
LYRIC,F,0,6,0,4,7,40,17
LYSANDER,M,0,4,0,3,0,113,7
LYSETTE,F,4,0,0,0,0,4,4
LYSSA,F,0,0,0,0,0,18,0
LYSSIA,F,0,0,0,0,0,11,0
MAAME,F,5,5,4,5,10,190,29
MAARIA,F,16,16,16,27,17,294,92
MAARIAH,F,5,0,3,3,4,46,15
MAARIYA,F,6,20,11,19,25,482,81
MAARIYAAH,F,3,0,4,4,0,21,11
MAARIYAH,F,48,34,32,58,56,721,228
MAARYA,F,5,9,6,10,6,108,36
MAAZ,M,3,0,3,0,7,133,13
MABEL,F,17,13,21,17,15,5915,83
MABLE,F,0,0,0,0,0,14,0
MAC,M,10,4,4,8,14,299,40
MACAULAY,M,248,117,84,59,43,830,551
MACAULEY,M,577,258,162,153,94,2029,1244
MACAULLY,M,10,4,0,5,0,29,19
MACAULY,M,26,10,10,12,14,105,72
MACE,M,0,0,0,4,3,93,7
MACEY,F,5,3,3,18,126,3809,155
MACEY,M,0,0,0,4,0,17,4
MACI,F,0,0,0,0,5,629,5
MACIE,F,0,3,0,15,47,3057,65
MACIE-LEIGH,F,0,0,0,0,0,124,0
MACK,M,3,8,0,6,8,244,25
MACKENNA,F,0,0,0,0,0,18,0
MACKENZIE,M,45,40,56,60,80,4064,281
MACKENZIE,F,25,30,38,44,57,1257,194
MACORLEY,M,9,3,0,0,0,28,12
MACSEN,M,5,3,3,5,7,396,23
MACY,F,0,3,0,53,278,3909,334
MACY-JANE,F,0,0,0,0,5,10,5
MADALAINE,F,8,12,4,3,5,58,32
MADALEINE,F,3,4,3,6,6,102,22
MADALENA,F,0,0,0,3,0,71,3
MADALENE,F,0,5,3,0,0,17,8
MADALIN,F,0,3,0,3,3,39,9
MADALINE,F,4,3,3,0,5,128,15
MADALYN,F,4,5,0,3,4,191,16
MADDALENA,F,4,5,0,0,5,68,14
MADDEN,M,0,0,0,0,0,15,0
MADDI,F,0,0,3,3,7,125,13
MADDIE,F,37,37,55,60,68,2462,257
MADDISON,F,134,126,145,163,247,10882,815
MADDISON,M,0,0,3,0,3,31,6
MADDOX,M,0,0,0,0,0,793,0
MADDOX,F,0,0,0,0,0,15,0
MADDY,F,5,11,12,17,12,403,57
MADEEHA,F,9,10,11,11,17,373,58
MADEHA,F,0,3,0,3,4,53,10
MADELAINE,F,76,49,62,84,75,1042,346
MADELEINE,F,536,540,601,647,684,11036,3008
MADELENE,F,0,5,5,4,0,61,14
MADELIENE,F,0,0,0,0,0,11,0
MADELIN,F,0,0,0,5,5,65,10
MADELINE,F,188,204,224,283,308,5251,1207
MADELYN,F,11,11,11,10,15,442,58
MADELYNE,F,0,6,6,0,0,43,12
MADHIYA,F,0,0,0,3,4,11,7
MADIA,F,3,5,4,6,6,39,24
MADIE,F,3,0,0,0,0,6,3
MADIHA,F,17,14,15,15,21,628,82
MADIHAH,F,5,12,21,25,26,318,89
MADINA,F,3,5,5,7,9,342,29
MADISON,F,169,202,229,297,469,15259,1366
MADISON,M,0,3,0,8,6,94,17
MADISSON,F,0,0,0,0,0,49,0
MADIYA,F,0,7,9,9,9,66,34
MADLEN,F,0,0,3,0,4,37,7
MADOC,M,0,0,0,3,0,107,3
MADONNA,F,0,0,0,0,0,6,0
MADYSON,F,0,4,0,0,0,102,4
MAE,F,39,43,45,52,82,1865,261
MAEA,F,0,0,0,4,0,4,4
MAEBH,F,0,0,0,0,0,57,0
MAEGAN,F,7,6,6,23,6,184,48
MAEL,M,0,0,0,0,0,45,0
MAELLE,F,0,0,0,0,0,18,0
MAELYS,F,0,0,0,0,0,38,0
MAEVA,F,0,5,0,0,0,58,5
MAEVE,F,24,32,38,24,32,852,150
MAGAN,F,0,6,0,0,0,15,6
MAGDA,F,0,4,0,5,5,76,14
MAGDALEN,F,0,3,0,3,0,16,6
MAGDALENA,F,6,7,4,7,8,505,32
MAGDALENE,F,3,6,0,5,3,107,17
MAGENTA,F,5,4,4,5,3,64,21
MAGGI,F,0,0,0,0,0,20,0
MAGGIE,F,30,37,51,38,32,2595,188
MAGI,F,0,0,0,3,0,44,3
MAGNUS,M,9,12,18,22,16,789,77
MAHA,F,12,12,13,11,12,578,60
MAHAD,M,17,8,17,14,10,360,66
MAHALIA,F,5,5,5,5,4,94,24
MAHAM,F,3,3,7,12,12,288,37
MAHAMED,M,13,6,10,7,14,297,50
MAHAMMAD,M,3,4,7,6,6,60,26
MAHAMMED,M,4,6,9,7,10,178,36
MAHAMUD,M,0,0,4,0,3,29,7
MAHBUB,M,4,3,4,0,6,33,17
MAHBUBA,F,3,3,5,4,3,58,18
MAHDI,M,19,15,15,21,13,732,83
MAHDIA,F,0,0,0,3,0,40,3
MAHDIYA,F,0,0,0,0,3,237,3
MAHDIYYAH,F,0,3,0,4,0,18,7
MAHEEN,F,3,7,7,6,13,436,36
MAHER,M,5,3,0,3,0,149,11
MAHESH,M,3,9,9,7,4,38,32
MAHFUZ,M,4,5,3,0,9,71,21
MAHFUZA,F,4,4,6,13,8,81,35
MAHFUZUR,M,3,5,0,3,3,39,14
MAHID,M,0,4,6,0,3,41,13
MAHIMA,F,0,4,30,33,61,470,128
MAHIN,M,0,0,3,0,7,82,10
MAHIR,M,10,19,12,8,12,572,61
MAHIRA,F,4,3,5,3,7,264,22
MAHISHA,F,0,3,3,4,4,53,14
MAHJABIN,F,0,0,3,3,3,29,9
MAHMOOD,M,9,6,10,7,7,188,39
MAHMOUD,M,13,6,13,10,11,282,53
MAHMUD,M,0,0,5,5,0,71,10
MAHMUDA,F,9,10,7,5,4,74,35
MAHNOOR,F,11,14,25,22,35,896,107
MAHOMED,M,9,4,4,7,6,48,30
MAHREEN,F,5,0,10,0,0,135,15
MAHRIA,F,4,0,3,0,0,10,7
MAHROSH,F,0,0,0,0,0,85,0
MAHRUKH,F,4,6,0,0,0,68,10
MAHUM,F,6,5,0,3,7,140,21
MAHZABIN,F,5,0,0,0,0,5,5
MAI,F,6,11,17,14,19,428,67
MAIA,F,30,64,96,170,200,3971,560
MAICEY,F,0,0,0,0,3,83,3
MAICIE,F,0,0,0,0,0,122,0
MAICY,F,0,0,0,0,3,34,3
MAIGAN,F,0,3,0,3,0,13,6
MAIJA,F,3,0,0,6,3,82,12
MAIMIE,F,0,0,0,0,0,3,0
MAIMOONA,F,3,0,4,0,4,107,11
MAIMOONAH,F,5,4,0,8,3,46,20
MAIMUNA,F,4,6,0,3,4,157,17
MAIR,F,9,7,11,10,9,206,46
MAIRA,F,8,6,5,4,12,634,35
MAIRE,F,5,5,0,0,4,14,14
MAIREAD,F,22,27,20,20,39,288,128
MAIRI,F,11,11,13,7,6,124,48
MAISA,F,0,0,0,0,0,63,0
MAISE,F,0,0,0,0,0,13,0
MAISEY,F,3,18,5,15,26,1402,67
MAISHA,F,33,22,42,42,40,766,179
MAISIE,F,335,433,540,607,801,22848,2716
MAISIE-JANE,F,0,3,0,0,4,54,7
MAISIE-LEIGH,F,0,0,0,0,0,120,0
MAISON,M,6,9,8,19,18,987,60
MAISSA,F,0,0,0,0,0,6,0
MAISY,F,44,47,50,122,177,5460,440
MAIWAND,M,0,0,0,0,0,18,0
MAIYA,F,0,9,10,9,13,681,41
MAIZIE,F,11,11,11,17,21,1160,71
MAIZY,F,0,0,4,4,5,237,13
MAJA,F,8,7,11,12,12,3555,50
MAJED,M,6,4,4,0,0,20,14
MAJEDA,F,4,4,0,0,0,12,8
MAJELLA,F,0,0,0,3,0,3,3
MAJENTA,F,0,0,0,0,3,3,3
MAJID,M,6,8,7,14,7,161,42
MAJOR,M,0,0,0,0,0,6,0
MAK,M,0,3,0,0,0,19,3
MAKALA,F,3,0,0,0,0,12,3
MAKANAKA,F,0,0,0,0,0,43,0
MAKAYLA,F,4,6,5,7,6,536,28
MAKEDA,F,8,4,14,3,10,135,39
MAKENZIE,M,6,0,3,4,5,263,18
MAKENZIE,F,0,5,6,0,9,173,20
MAKI,F,0,0,0,0,3,3,3
MAKO,M,0,0,0,0,0,6,0
MAKSIM,M,0,0,0,0,0,341,0
MAKSYM,M,0,0,0,0,0,84,0
MAL,M,0,0,0,0,0,3,0
MALA,F,0,4,5,3,6,95,18
MALACHAI,M,0,3,0,0,0,118,3
MALACHI,M,37,39,45,54,57,3160,232
MALACHIE,M,0,0,0,0,0,4,0
MALACHY,M,7,6,6,0,15,883,34
MALACKI,M,0,0,0,0,0,6,0
MALAIKA,F,4,10,7,18,28,1784,67
MALAIKAH,F,0,0,0,0,3,212,3
MALAK,F,6,0,5,9,8,585,28
MALAKAI,M,0,5,7,0,3,1064,15
MALAKI,M,3,4,0,0,0,289,7
MALAKIE,M,0,0,0,0,0,58,0
MALANDRA,F,5,0,3,0,0,8,8
MALCOLM,M,39,25,23,20,6,9842,113
MALEEHA,F,10,9,7,14,8,503,48
MALEEHAH,F,3,8,0,6,16,159,33
MALEEK,M,0,0,4,0,6,76,10
MALEEKA,F,0,0,0,6,3,83,9
MALEK,M,9,0,6,0,5,133,20
MALI,F,3,21,10,24,21,984,79
MALIEK,M,0,0,0,0,5,5,5
MALIHA,F,7,9,15,11,16,777,58
MALIK,M,44,58,33,45,45,1198,225
MALIKA,F,16,13,21,20,27,747,97
MALIKAH,F,0,0,3,6,14,272,23
MALIKAI,M,0,0,0,0,0,58,0
MALIN,M,3,0,0,0,0,38,3
MALIQUE,M,7,0,4,4,4,81,19
MALISHA,F,0,0,3,4,0,11,7
MALISSA,F,5,0,0,0,4,31,9
MALKA,F,13,11,12,13,10,305,59
MALKY,F,3,0,0,0,0,91,3
MALLORY,F,5,5,7,7,0,120,24
MALLORY,M,0,0,0,0,0,12,0
MALVIN,M,0,0,0,0,0,25,0
MALWINA,F,0,0,0,0,0,108,0
MAMIE,F,0,5,0,0,0,34,5
MAMOON,M,0,0,0,0,3,12,3
MAN,M,5,4,3,5,6,56,23
MAN,F,3,0,4,0,0,23,7
MANAAL,F,0,0,0,3,6,166,9
MANAHIL,F,0,0,3,0,0,321,3
MANAL,F,0,10,9,7,7,364,33
MANAN,M,0,0,0,0,0,43,0
MANAR,F,0,0,0,3,12,128,15
MANASA,F,0,0,0,0,0,22,0
MANAV,M,4,0,0,4,16,266,24
MANDEEP,F,22,14,11,10,4,119,61
MANDEEP,M,18,14,15,7,14,118,68
MANDY,F,18,13,13,7,7,1447,58
MANFRED,M,0,0,0,0,0,9,0
MANHA,F,0,0,0,0,0,548,0
MANI,M,0,3,4,4,4,191,15
MANIKA,F,0,4,0,0,7,17,11
MANINDER,M,8,0,4,0,0,18,12
MANISH,M,11,5,9,5,11,87,41
MANISHA,F,73,58,52,43,36,463,262
MANJINDER,M,8,8,7,0,0,23,23
MANJOT,M,3,3,3,5,0,74,14
MANJOT,F,5,5,5,4,3,71,22
MANMEET,M,0,0,0,0,0,22,0
MANNY,M,0,0,0,0,5,127,5
MANOJ,M,4,3,3,0,0,13,10
MANON,F,16,30,24,38,36,526,144
MANOOR,F,0,0,0,0,4,10,4
MANPREET,F,34,28,24,22,20,307,128
MANPREET,M,7,11,9,6,6,102,39
MANRAJ,M,28,28,21,28,27,472,132
MANSI,F,0,0,0,6,12,94,18
MANSOOR,M,6,5,6,6,4,114,27
MANSUR,M,3,3,0,3,5,60,14
MANTAS,M,0,0,0,4,3,107,7
MANTRA,M,0,0,0,0,0,6,0
MANU,M,4,0,0,0,3,65,7
MANUEL,M,4,4,6,7,5,264,26
MANUELA,F,4,0,4,10,3,185,21
MANUELLA,F,3,0,0,0,0,60,3
MANUS,M,0,0,0,0,0,16,0
MANVEER,M,8,11,8,4,15,296,46
MANVEER,F,0,4,3,0,0,32,7
MANVINDER,M,4,0,0,3,4,17,11
MANVINDER,F,0,0,3,0,0,3,3
MANVIR,M,6,13,17,10,9,209,55
MANVIR,F,3,0,4,0,0,23,7
MAPLE,F,0,0,0,0,0,25,0
MAR,F,0,0,0,0,3,3,3
MARA,F,12,13,9,12,10,416,56
MARAM,F,3,0,4,0,3,153,10
MARC,M,202,201,197,160,145,4259,905
MARC-ANTHONY,M,0,0,0,0,4,7,4
MARCEAU,M,0,0,0,0,0,6,0
MARCEL,M,14,23,27,30,33,1958,127
MARCELA,F,0,0,0,0,0,31,0
MARCELINE,F,0,0,0,0,0,18,0
MARCELL,M,6,0,5,5,6,112,22
MARCELLA,F,13,13,14,13,10,215,63
MARCELLE,F,0,0,0,0,3,3,3
MARCELLO,M,10,11,5,9,7,143,42
MARCELLUS,M,3,0,3,0,0,50,6
MARCELO,M,3,0,3,5,4,77,15
MARCEY,F,0,0,0,0,0,24,0
MARCI,F,0,0,0,0,0,43,0
MARCIA,F,12,18,21,14,6,321,71
MARCIE,F,3,5,6,6,10,443,30
MARCIN,M,5,0,6,0,0,173,11
MARCIO,M,0,0,0,0,4,18,4
MARCO,M,76,56,69,89,74,1696,364
MARCOS,M,7,4,9,13,5,253,38
MARCUS,M,674,621,625,554,567,10899,3041
MARCY,F,0,0,4,0,5,179,9
MARED,F,14,22,21,12,11,243,80
MAREEN,F,3,0,0,0,0,6,3
MAREENA,F,3,0,0,0,0,6,3
MAREK,M,6,10,8,10,5,341,39
MARELLA,F,0,0,3,0,0,6,3
MARGARET,F,89,79,93,58,72,43478,391
MARGAUX,F,4,6,0,9,6,195,25
MARGED,F,5,0,3,4,3,54,15
MARGERY,F,0,0,0,0,0,1120,0
MARGHERITA,F,4,0,4,3,4,53,15
MARGO,F,0,0,0,0,4,97,4
MARGOT,F,8,5,15,13,6,734,47
MARGUERITE,F,4,7,4,6,0,82,21
MARI,F,22,27,27,27,32,631,135
MARIA,F,511,405,438,461,446,21059,2261
MARIAH,F,80,63,67,74,63,1017,347
MARIAM,F,171,140,165,181,177,4633,834
MARIAMA,F,7,8,8,9,15,332,47
MARIAN,F,11,14,8,7,4,2669,44
MARIANA,F,14,7,7,20,17,554,65
MARIANNA,F,22,22,16,20,22,423,102
MARIANNE,F,53,47,54,49,39,723,242
MARIBEL,F,0,0,0,0,0,6,0
MARICA,F,0,0,0,0,0,4,0
MARIE,F,129,121,99,81,78,10256,508
MARIE-CLAIRE,F,3,3,5,0,0,14,11
MARIEKE,F,3,0,0,0,0,6,3
MARIEL,F,3,0,3,3,0,21,9
MARIELLA,F,15,26,19,17,23,560,100
MARIELLE,F,3,4,3,4,5,74,19
MARIEM,F,3,3,0,0,0,31,6
MARIETTE,F,3,3,0,0,7,31,13
MARIGOLD,F,0,3,0,0,0,19,3
MARIHAH,F,0,3,5,0,0,22,8
MARIKA,F,8,8,7,7,11,300,41
MARILENA,F,0,4,5,0,0,19,9
MARILYN,F,5,0,5,0,4,2635,14
MARIN,M,0,0,0,0,0,25,0
MARINA,F,56,61,54,48,55,2700,274
MARINE,F,3,3,4,5,7,47,22
MARIO,M,20,13,19,26,31,866,109
MARION,F,9,12,10,9,4,6563,44
MARIOS,M,4,8,4,6,3,80,25
MARIS,M,0,0,0,0,0,3,0
MARISA,F,27,31,40,37,24,514,159
MARISHA,F,5,5,7,4,0,41,21
MARISOL,F,0,0,0,0,0,3,0
MARISSA,F,48,43,30,33,30,911,184
MARIUM,F,16,18,19,5,14,184,72
MARIUS,M,6,5,11,7,5,249,34
MARIYA,F,47,37,30,37,27,895,178
MARIYAH,F,21,19,25,30,28,749,123
MARIYAM,F,21,17,18,17,13,365,86
MARIYUM,F,0,0,6,4,0,26,10
MARIZA,F,0,0,0,0,0,4,0
MARJANA,F,7,4,6,8,4,51,29
MARJORIE,F,3,0,0,3,0,12409,6
MARK,M,1222,1028,891,715,622,39913,4478
MARKO,M,9,9,10,11,13,306,52
MARKOS,M,3,3,4,0,0,37,10
MARKUS,M,9,12,12,20,23,470,76
MARKUSS,M,0,0,0,0,0,114,0
MARLA,F,6,3,7,0,8,218,24
MARLEE,F,5,0,0,0,0,171,5
MARLENA,F,0,0,5,3,0,117,8
MARLENE,F,4,3,0,7,0,1736,14
MARLEY,M,50,61,58,73,104,4099,346
MARLEY,F,11,14,11,9,18,866,63
MARLIE,F,0,4,3,0,4,376,11
MARLIN,M,0,0,0,0,0,5,0
MARLO,M,0,3,0,0,0,92,3
MARLOE,M,0,0,0,0,0,3,0
MARLON,M,26,43,27,17,24,446,137
MARLOW,M,0,0,0,3,0,139,3
MARLOWE,M,0,0,0,5,0,104,5
MARLOWE,F,0,0,0,0,0,51,0
MARLY,M,0,3,0,0,0,66,3
MARMADUKE,M,0,0,0,0,0,7,0
MARNEY,F,0,0,0,5,3,41,8
MARNI,F,6,5,32,14,11,539,68
MARNIE,F,41,63,70,64,58,1903,296
MARQUIS,M,0,3,0,0,0,14,3
MARQUISE,M,3,0,0,0,0,16,3
MARRIA,F,5,4,3,4,0,23,16
MARRIAM,F,0,0,3,5,0,28,8
MARRISA,F,3,0,0,0,0,6,3
MARRIYAH,F,8,3,4,5,5,34,25
MARSELA,F,0,0,0,0,3,13,3
MARSHA,F,8,0,7,11,3,76,29
MARSHAL,M,3,3,4,4,10,176,24
MARSHALL,M,22,31,24,39,85,2395,201
MARTA,F,9,10,6,12,6,601,43
MARTELL,M,10,5,5,4,4,62,28
MARTELL,F,0,4,0,0,0,4,4
MARTHA,F,198,277,289,252,310,11129,1326
MARTI,M,9,3,0,0,0,30,12
MARTIKA,F,4,5,0,0,0,9,9
MARTIN,M,435,325,295,250,224,23009,1529
MARTINA,F,24,33,29,30,50,671,166
MARTINE,F,6,11,20,30,31,179,98
MARTINIQUE,F,0,0,3,0,0,3,3
MARTINO,M,0,0,0,0,0,20,0
MARTY,M,11,7,11,7,6,186,42
MARTYN,M,90,72,41,37,33,3225,273
MARUF,M,8,4,3,6,0,71,21
MARVEL,M,0,0,0,0,0,13,0
MARVEL,F,0,0,0,0,0,4,0
MARVELLOUS,F,0,0,0,0,0,23,0
MARVELOUS,F,0,0,0,0,0,7,0
MARVELOUS,M,0,0,0,0,0,6,0
MARVIN,M,17,16,24,18,20,459,95
MARWA,F,11,16,16,16,20,1118,79
MARWAH,F,0,0,0,5,3,299,8
MARWAN,M,6,7,4,9,3,318,29
MARY,F,380,424,350,334,313,47932,1801
MARYA,F,14,15,12,14,7,177,62
MARYAH,F,0,3,5,0,0,27,8
MARYAM,F,176,200,215,269,282,8892,1142
MARYAMA,F,0,4,3,0,4,262,11
MARYAN,F,7,4,4,9,4,141,28
MARYANN,F,9,8,12,11,9,138,49
MARY-ANN,F,13,6,8,4,3,137,34
MARYANNE,F,9,8,6,3,3,114,29
MARY-ANNE,F,6,7,10,6,4,83,33
MARYBETH,F,0,0,3,0,0,18,3
MARY-BETH,F,4,5,0,6,0,24,15
MARYIAM,F,0,3,0,0,0,15,3
MARYJANE,F,0,0,0,0,4,43,4
MARY-JANE,F,9,14,7,6,4,219,40
MARY-KATE,F,4,4,5,6,5,151,24
MARYLOU,F,0,4,0,0,3,22,7
MARYUM,F,6,7,8,4,7,207,32
MASA,F,0,0,0,0,0,12,0
MASHA,F,0,0,0,0,0,18,0
MASHAL,F,0,0,3,4,3,49,10
MASIE,F,5,0,7,3,4,183,19
MASON,M,320,295,408,511,628,26113,2162
MASON-LEE,M,0,0,0,0,0,121,0
MASOOD,M,3,0,0,3,3,42,9
MASOOM,M,0,0,3,0,0,3,3
MASOOMA,F,3,5,3,3,3,101,17
MASSIMILIANO,M,0,7,0,3,5,92,15
MASSIMO,M,10,7,8,12,10,342,47
MASUD,M,8,4,3,0,9,98,24
MASUM,M,0,4,3,4,0,29,11
MASUMA,F,26,26,20,31,29,287,132
MASUMAH,F,0,0,0,4,3,18,7
MATAS,M,0,0,0,0,0,626,0
MATE,M,0,0,0,0,0,46,0
MATEEN,M,3,6,5,0,5,121,19
MATEI,M,0,0,0,0,0,223,0
MATEO,M,3,0,9,13,6,625,31
MATEOS,M,0,0,0,3,0,3,3
MATEUS,M,0,0,0,3,4,127,7
MATEUSZ,M,3,3,6,5,7,1472,24
MATH,M,0,0,0,0,3,34,3
MATHEO,M,0,0,0,0,0,32,0
MATHEUS,M,0,0,0,0,0,119,0
MATHEW,M,393,276,323,237,208,5109,1437
MATHIAS,M,9,3,6,6,4,254,28
MATHIEU,M,3,8,11,5,6,115,33
MATHILDA,F,17,27,25,36,29,847,134
MATHILDE,F,9,12,17,16,17,421,71
MATHIS,M,0,0,0,0,0,69,0
MATHURA,F,0,0,4,0,0,28,4
MATIAS,M,6,0,7,0,4,279,17
MATILDA,F,200,250,249,282,323,16728,1304
MATILDE,F,3,0,0,7,5,249,15
MATIN,M,3,4,0,0,5,132,12
MATIS,M,0,0,0,0,0,26,0
MATISS,M,0,0,0,0,0,18,0
MATISSE,M,0,0,0,0,0,40,0
MATT,M,54,58,64,58,51,641,285
MATTEA,F,0,3,3,4,0,67,10
MATTEO,M,24,28,39,38,42,1377,171
MATTEUS,M,0,0,0,0,0,12,0
MATTHAUS,M,0,0,3,0,0,3,3
MATTHEUS,M,0,0,0,3,0,6,3
MATTHEW,M,7426,7443,7171,6152,5482,97881,33674
MATTHEW-JAMES,M,0,0,0,3,0,13,3
MATTHIAS,M,12,13,14,10,13,400,62
MATTHIEU,M,6,10,12,5,4,130,37
MATTIA,M,0,0,0,9,4,165,13
MATTIA,F,0,0,0,3,0,3,3
MATTIAS,M,3,4,4,0,8,146,19
MATTIE,M,0,0,4,4,0,38,8
MATTY,M,0,0,3,4,3,126,10
MATYAS,M,0,0,0,0,0,63,0
MAUD,F,5,6,3,5,5,125,24
MAUDE,F,4,4,4,3,0,72,15
MAURA,F,3,0,7,5,0,31,15
MAUREEN,F,7,8,9,9,5,12519,38
MAURICE,M,18,13,13,8,13,8565,65
MAURICIO,M,0,0,0,0,0,39,0
MAURISIO,M,0,0,0,0,0,3,0
MAURIZIO,M,0,0,0,3,0,3,3
MAVERICK,M,4,6,10,3,4,215,27
MAVIS,F,0,0,0,0,0,3626,0
MAVISH,F,5,4,4,3,5,27,21
MAWAHIB,F,0,0,0,0,0,12,0
MAWGAN,M,0,0,5,0,7,103,12
MAWIYAH,F,0,0,5,0,3,8,8
MAX,M,1192,1244,1418,1431,1794,45369,7079
MAX,F,0,0,0,0,0,3,0
MAXAMILLIAN,M,3,0,0,0,4,19,7
MAXAMILLION,M,0,0,0,0,0,9,0
MAXFIELD,M,0,4,0,0,0,7,4
MAXIE,M,0,0,0,0,0,17,0
MAXIE,F,0,0,0,0,0,13,0
MAXIM,M,36,74,55,46,44,1221,255
MAXIME,M,12,14,13,17,19,326,75
MAXIME,F,0,3,0,6,0,9,9
MAXIMILIAN,M,155,164,185,197,233,5007,934
MAXIMILIEN,M,6,4,3,9,5,128,27
MAXIMILLIAN,M,78,75,87,85,87,1550,412
MAXIMILLION,M,0,0,0,3,3,76,6
MAXIMO,M,0,0,0,0,0,89,0
MAXIMOS,M,0,0,0,0,0,21,0
MAXIMUS,M,0,0,3,4,34,2705,41
MAXINE,F,62,32,29,15,22,1001,160
MAXTON,M,0,0,3,0,0,51,3
MAXWEL,M,0,0,0,0,0,13,0
MAXWELL,M,160,189,175,200,214,6920,938
MAXX,M,3,0,3,0,5,183,11
MAY,F,51,48,46,56,53,6982,254
MAYA,F,145,176,250,383,454,14370,1408
MAYAH,F,0,0,4,0,5,228,9
MAYAN,M,0,0,0,0,0,63,0
MAYAR,F,0,0,0,0,0,105,0
MAYBEL,F,0,0,0,0,0,17,0
MAYBELLE,F,0,0,0,0,0,31,0
MAYCEE,F,0,0,0,0,3,46,3
MAYCIE,F,0,0,0,0,3,75,3
MAYESHA,F,0,3,0,5,4,90,12
MAYIA,F,0,0,0,0,0,4,0
MAYISHA,F,0,0,0,4,5,12,9
MAYMUNA,F,3,5,4,3,5,149,20
MAYMUNAH,F,0,0,4,8,12,149,24
MAYOWA,M,0,0,4,3,4,46,11
MAYOWA,F,3,0,3,3,0,14,9
MAYRA,F,0,0,0,0,0,56,0
MAYSIE,F,0,0,0,4,0,102,4
MAYSON,M,4,3,4,3,3,302,17
MAYU,F,4,0,3,5,0,12,12
MAYUR,M,14,6,8,5,3,53,36
MAYURI,F,0,4,3,0,0,36,7
MAZEN,M,0,0,4,0,4,80,8
MAZHAR,M,3,0,0,4,3,37,10
MAZHARUL,M,0,0,3,4,3,10,10
MAZIE,F,3,0,4,4,14,375,25
MAZIN,M,0,4,0,5,7,154,16
MAZLUM,M,3,0,0,0,4,13,7
MCAULEY,M,18,5,3,4,4,90,34
MCCAULEY,M,54,22,19,17,10,225,122
MCKENZIE,M,9,7,11,23,18,4202,68
MCKENZIE,F,5,7,14,9,11,777,46
MCKYE,M,0,0,0,0,0,27,0
MD,M,10,22,6,15,9,522,62
MD.,M,7,3,6,13,6,106,35
MEA,F,0,0,0,4,4,257,8
MEABH,F,0,0,0,4,0,61,4
MEADHBH,F,3,3,0,0,0,6,6
MEADOW,F,3,0,3,0,4,621,10
MEAGAN,F,15,15,16,8,10,191,64
MEAGHAN,F,16,8,19,7,11,104,61
MEAH,F,0,0,0,7,0,129,7
MEDHA,F,0,0,0,0,0,32,0
MEDI,F,0,4,0,0,0,88,4
MEDINA,F,5,7,10,6,7,256,35
MEDINE,F,0,0,0,0,0,31,0
MEEGAN,F,0,4,0,0,4,12,8
MEEKA,F,0,0,0,0,0,22,0
MEENA,F,8,4,6,11,6,187,35
MEENAKSHI,F,5,5,0,0,0,30,10
MEER,M,0,0,3,6,3,109,12
MEERA,F,41,49,22,27,21,471,160
MEESHA,F,5,5,6,4,3,75,23
MEG,F,50,57,65,61,71,658,304
MEGAN,F,4948,5724,6247,6444,5868,71679,29231
MEGAN-ANNE,F,0,0,0,0,0,4,0
MEGANE,F,0,7,0,0,3,14,10
MEGAN-LEIGH,F,0,3,0,0,0,18,3
MEGAN-LOUISE,F,4,6,5,5,8,71,28
MEGANN,F,0,0,5,4,0,17,9
MEGANNE,F,3,4,4,0,0,11,11
MEGAN-ROSE,F,5,6,5,4,6,109,26
MEGEN,F,0,0,0,0,3,10,3
MEGGAN,F,6,4,7,11,10,51,38
MEGGIE,F,4,3,0,4,0,23,11
MEGHA,F,4,6,4,3,7,99,24
MEGHAN,F,141,127,173,168,162,1737,771
MEGHANA,F,0,0,0,0,0,17,0
MEGHANN,F,15,5,8,5,4,57,37
MEGHNA,F,4,3,6,10,4,114,27
MEGI,F,0,0,0,3,5,38,8
MEGUMI,F,0,0,0,5,0,8,5
MEHA,F,0,0,3,6,4,27,13
MEHAK,F,0,7,0,3,12,336,22
MEHDI,M,11,17,15,8,15,340,66
MEHEK,F,0,0,4,5,8,248,17
MEHMET,M,33,42,36,41,34,774,186
MEHMOONA,F,0,3,4,0,0,24,7
MEHNAZ,F,4,0,0,4,6,103,14
MEHNOOR,F,4,0,0,0,5,26,9
MEHR,F,0,5,0,0,3,54,8
MEHRAB,F,0,0,0,0,0,4,0
MEHRAN,M,8,4,3,7,5,99,27
MEHREEN,F,14,17,11,26,19,526,87
MEHRIN,F,0,0,0,0,0,35,0
MEHRISH,F,0,0,0,0,0,24,0
MEHRUN,F,3,0,0,0,0,3,3
MEHRUNNISA,F,0,0,0,3,0,3,3
MEHTAB,M,3,4,0,0,4,42,11
MEHUL,M,11,6,5,4,9,77,35
MEHVISH,F,13,17,11,14,7,158,62
MEHWISH,F,8,9,3,8,5,106,33
MEHZABIN,F,0,0,0,3,0,3,3
MEI,F,3,4,3,3,9,230,22
MEIDA,F,0,0,0,0,0,22,0
MEI-LING,F,0,3,0,0,0,3,3
MEILIR,M,0,0,0,3,0,10,3
MEINIR,F,0,3,0,0,0,3,3
MEIR,M,0,6,5,4,5,165,20
MEIRA,F,0,0,0,0,0,34,0
MEIRION,M,0,0,3,5,3,14,11
MEISHA,F,5,3,8,12,4,167,32
MEJA,F,0,0,0,0,0,31,0
MEKHI,M,0,0,0,0,0,253,0
MEL,F,0,0,0,0,0,4,0
MEL,M,0,3,0,0,0,3,3
MELA,F,0,0,0,0,0,27,0
MELANIE,F,166,150,132,159,151,5614,758
MELANIJA,F,0,0,0,0,0,19,0
MELANY,F,0,0,0,0,0,24,0
MELEK,F,5,0,6,6,5,212,22
MELENA,F,0,3,0,0,0,6,3
MELERI,F,4,0,3,3,0,13,10
MELIA,F,0,0,0,0,0,91,0
MELIKA,F,0,5,3,0,5,93,13
MELIKE,F,0,0,4,4,0,96,8
MELINA,F,11,8,10,13,12,395,54
MELINDA,F,10,11,9,5,10,199,45
MELIS,F,7,11,4,17,11,221,50
MELISA,F,30,24,30,26,39,811,149
MELISHA,F,0,4,3,0,6,29,13
MELISSA,F,1282,1180,1009,863,755,13794,5089
MELITA,F,0,5,0,7,5,168,17
MELIZ,F,8,4,0,0,5,51,17
MELLISA,F,9,8,10,9,8,96,44
MELLISSA,F,13,12,17,16,12,162,70
MELODIE,F,5,10,6,7,10,224,38
MELODY,F,40,45,30,51,51,2190,217
MELTEM,F,0,0,3,3,4,17,10
MELVIN,M,10,8,9,8,12,249,47
MELVINA,F,0,3,0,4,0,13,7
MELVYN,M,3,4,4,0,6,800,17
MELYSSA,F,0,0,3,0,0,9,3
MEMOONA,F,3,3,0,3,0,30,9
MEMPHIS,M,0,0,0,0,0,178,0
MEMPHIS,F,0,0,0,3,0,29,3
MENACHEM,M,16,5,10,5,12,201,48
MENDEL,M,0,3,0,0,4,67,7
MENDY,M,0,0,0,0,0,22,0
MENELIK,M,3,3,0,3,3,25,12
MENNA,F,20,9,24,27,21,398,101
MERA,F,0,0,0,0,0,3,0
MERCEDES,F,39,47,59,50,55,1155,250
MERCER,M,0,0,0,0,0,3,0
MERCI,F,0,0,0,0,0,20,0
MERCIA,F,0,0,0,0,0,3,0
MERCY,F,11,10,10,8,14,443,53
MEREDITH,F,30,46,26,32,28,909,162
MEREDYDD,F,0,0,0,0,0,3,0
MEREDYTH,F,0,0,0,0,0,3,0
MEREL,F,0,3,0,0,0,3,3
MERGIM,M,0,0,5,0,6,35,11
MERIAM,F,5,4,4,8,6,112,27
MERIC,M,0,0,0,0,0,3,0
MERIDA,F,0,0,0,0,0,25,0
MERIEL,F,0,4,5,7,0,63,16
MERIEM,F,3,3,0,0,6,127,12
MERISSA,F,4,3,0,3,3,47,13
MERITA,F,0,3,0,0,0,6,3
MERLE,F,3,3,3,0,4,53,13
MERLIN,M,10,14,12,8,13,224,57
MERLYN,F,0,0,3,0,0,9,3
MERON,F,0,0,0,4,0,20,4
MERRICK,M,4,6,4,3,4,50,21
MERRIE,F,0,0,0,0,0,3,0
MERRILL,M,0,0,0,0,0,3,0
MERRIN,F,0,0,0,4,0,10,4
MERRY,F,0,0,0,0,0,6,0
MERRYN,F,10,11,14,8,11,419,54
MERRYN,M,0,0,0,0,0,4,0
MERSON,M,0,3,0,0,0,6,3
MERT,M,10,13,14,22,17,401,76
MERVE,F,9,5,10,5,5,128,34
MERVEILLE,F,0,0,0,0,0,25,0
MERVYN,M,0,0,3,3,0,43,6
MERYEM,F,10,6,8,6,8,267,38
MERYL,F,7,9,0,0,3,51,19
MERYN,F,0,4,0,4,5,27,13
MESHA,F,4,4,4,5,4,54,21
MESHACH,M,7,4,5,0,12,107,28
MESSI,M,0,0,0,0,0,31,0
MESSIAH,M,0,0,0,0,0,32,0
METEHAN,M,3,0,0,0,0,23,3
METIN,M,8,4,3,0,9,70,24
MEURIG,M,0,0,0,5,0,8,5
MEVISH,F,3,0,0,4,0,23,7
MEYER,M,0,0,4,0,3,11,7
MHAIRI,F,17,15,12,20,16,154,80
MIA,F,397,583,721,980,1149,47801,3830
MIAH,F,11,11,17,22,29,796,90
MIA-LILLY,F,0,0,0,0,0,40,0
MIAMI,F,0,0,0,0,0,87,0
MIA-RAE,F,0,0,0,0,4,43,4
MIA-ROSE,F,0,0,0,4,3,616,7
MICA,F,66,42,79,66,43,472,296
MICAELA,F,8,9,8,10,6,174,41
MICAH,M,42,32,30,49,42,1895,195
MICAH,F,0,3,5,7,4,113,19
MICAIAH,M,0,3,0,4,0,131,7
MICAYLA,F,0,0,0,0,0,24,0
MICHA,F,17,13,14,19,15,156,78
MICHA,M,0,0,0,0,0,11,0
MICHAEL,M,4187,3704,3514,2869,2413,97837,16687
MICHAELA,F,376,321,275,247,194,3216,1413
MICHAEL-JOHN,M,0,0,0,0,0,18,0
MICHAELLA,F,14,12,11,10,14,179,61
MICHAIL,M,0,0,0,0,0,19,0
MICHAL,M,5,5,3,3,5,1063,21
MICHAL,F,3,8,3,6,10,143,30
MICHALA,F,4,4,3,0,0,14,11
MICHEAL,M,23,19,10,8,10,321,70
MICHEALA,F,10,11,8,8,8,84,45
MICHEL,M,3,3,3,3,3,66,15
MICHELA,F,6,10,12,4,10,80,42
MICHELE,F,8,5,4,7,0,572,24
MICHELE,M,8,7,6,6,0,94,27
MICHELLA,F,4,0,0,0,0,19,4
MICHELLE,F,285,222,186,174,157,14645,1024
MICHIEL,M,0,0,0,0,3,6,3
MICK,M,0,0,0,3,0,21,3
MICKAEL,M,0,0,0,0,0,22,0
MICKAELA,F,0,0,0,0,0,6,0
MICKAYLA,F,3,0,5,0,0,23,8
MICKEY,M,10,6,5,0,3,255,24
MICKIE,M,0,0,0,0,0,23,0
MICKY,M,7,3,6,6,4,214,26
MIESZKO,M,0,0,0,0,0,40,0
MIGLE,F,0,0,0,0,0,92,0
MIGUEL,M,23,19,24,23,27,813,116
MIHAELA,F,0,0,0,0,0,46,0
MIHAI,M,0,0,0,0,0,91,0
MIHAIL,M,0,0,0,0,0,58,0
MIHIR,M,8,5,4,10,10,157,37
MIHRIBAN,F,0,0,3,0,0,3,3
MIJANUR,M,0,3,3,3,0,9,9
MIKA,F,0,0,5,11,5,405,21
MIKA,M,0,6,5,8,8,172,27
MIKAEL,M,6,4,5,0,8,342,23
MIKAELA,F,37,18,23,22,14,389,114
MIKAIL,M,4,0,5,0,6,396,15
MIKAL,F,0,0,0,0,0,3,0
MIKALA,F,3,6,3,0,8,34,20
MIKAYELA,F,0,0,0,3,0,3,3
MIKAYLA,F,13,20,22,19,18,669,92
MIKE,M,10,8,8,6,0,239,32
MIKEALA,F,0,3,0,0,0,3,3
MIKEL,M,0,0,0,4,3,208,7
MIKELA,F,3,0,0,0,0,9,3
MIKESH,M,5,4,0,0,0,9,9
MIKEY,M,29,19,18,18,27,1324,111
MIKHAEL,M,0,0,0,0,0,46,0
MIKHAELA,F,0,0,0,0,0,3,0
MIKHAIL,M,7,6,10,0,4,388,27
MIKHEL,M,0,0,0,0,0,3,0
MIKHELA,F,0,0,0,0,0,3,0
MIKHIL,M,0,0,0,0,3,3,3
MIKI,F,4,5,0,0,0,40,9
MIKILA,F,0,0,3,0,0,3,3
MIKKEL,M,0,6,0,3,3,47,12
MIKKI,F,3,5,4,0,0,34,12
MIKLOS,M,0,0,0,0,0,11,0
MILA,F,5,4,5,7,14,2645,35
MILAD,M,4,4,3,0,4,114,15
MILAN,M,32,29,31,47,44,1366,183
MILAN,F,6,10,12,16,12,375,56
MILANA,F,0,0,0,0,4,502,4
MILANNA,F,0,0,0,0,0,3,0
MILANO,M,0,0,0,0,0,15,0
MILDA,F,0,0,0,0,0,27,0
MILDRED,F,3,0,0,0,0,2182,3
MILENA,F,5,5,4,6,12,846,32
MILES,M,223,244,302,245,252,5465,1266
MILETA,F,0,0,0,0,0,3,0
MILEY,F,0,0,0,0,0,2659,0
MILEY,M,0,4,5,3,3,83,15
MILI,F,3,0,0,0,7,156,10
MILICA,F,3,0,0,3,3,40,9
MILISSA,F,5,0,4,4,6,49,19
MILLA,F,0,3,3,7,10,514,23
MILLAN,M,0,5,0,6,0,123,11
MILLAR,M,0,0,0,3,0,35,3
MILLE,F,0,0,0,0,5,19,5
MILLEN,F,0,0,0,0,0,24,0
MILLENA,F,0,0,0,0,0,3,0
MILLER,M,0,3,3,4,6,697,16
MILLI,F,3,12,19,14,20,403,68
MILLICENT,F,66,107,143,117,107,3021,540
MILLIE,F,324,584,813,812,1007,31858,3540
MILLIE-ANN,F,0,0,0,0,0,110,0
MILLIE-MAE,F,0,0,4,0,4,360,8
MILLIE-MAY,F,0,0,0,0,3,209,3
MILLIE-ROSE,F,0,0,0,3,0,428,3
MILLISSA,F,0,5,0,0,5,22,10
MILLY,F,49,103,115,109,115,4550,491
MILO,M,80,113,123,145,94,4245,555
MILOS,M,0,3,3,4,7,55,17
MILOSZ,M,0,0,0,0,0,294,0
MILTON,M,0,5,4,0,4,105,13
MILUN,M,0,0,0,0,0,15,0
MIMI,F,13,7,16,21,20,590,77
MINA,F,11,13,15,19,18,684,76
MINAHIL,F,0,0,4,0,5,343,9
MINAL,F,4,0,0,4,3,115,11
MINDY,F,0,0,5,3,4,66,12
MINERVA,F,0,0,0,3,0,62,3
MINESH,M,6,7,5,0,0,21,18
MINETTE,F,0,0,0,4,0,20,4
MING,M,3,0,0,4,5,73,12
MING,F,0,4,0,3,4,29,11
MINH,M,3,0,3,3,0,65,9
MINH,F,0,0,0,0,0,19,0
MINHAJ,M,5,9,4,6,6,84,30
MINHAZ,M,3,3,0,4,5,30,15
MINI,F,0,0,0,0,0,6,0
MINNA,F,4,0,7,9,12,139,32
MINNI,F,0,0,0,0,0,3,0
MINNIE,F,4,9,18,20,23,3217,74
MINNY,F,0,0,0,0,0,3,0
MINUKI,F,0,0,0,0,0,3,0
MIQUEL,M,0,0,0,0,0,9,0
MIR,M,9,6,10,6,5,180,36
MIR,F,0,0,5,0,3,26,8
MIRA,F,12,6,6,11,9,413,44
MIRABEL,F,0,0,0,0,3,78,3
MIRABELLA,F,0,0,0,0,0,19,0
MIRACLE,M,0,0,0,0,3,51,3
MIRAIN,F,5,6,0,3,0,26,14
MIRAJ,M,12,9,7,5,0,132,33
MIRAN,M,0,3,3,0,3,122,9
MIRANDA,F,113,83,94,86,63,1136,439
MIREL,F,0,0,0,0,3,24,3
MIREN,F,3,0,0,3,0,13,6
MIREN,M,0,5,3,0,0,11,8
MIRHA,F,0,0,0,0,0,22,0
MIRI,F,4,0,4,5,3,106,16
MIRIAM,F,161,124,126,102,127,3050,640
MIRO,M,0,0,0,3,0,37,3
MIROSLAV,M,0,0,0,3,0,108,3
MIROSLAVA,F,0,0,0,0,0,18,0
MIRREN,F,6,10,9,6,6,126,37
MIRRI,F,0,0,0,0,0,3,0
MIRUNA,F,0,0,0,0,0,66,0
MIRYAM,F,3,4,4,3,6,48,20
MIRZA,M,12,15,14,20,21,350,82
MIRZA,F,0,0,4,0,0,20,4
MISAKI,F,0,0,0,0,0,11,0
MISBA,F,8,4,0,7,0,79,19
MISBAH,F,31,28,36,34,33,482,162
MISCHA,F,13,6,12,13,9,623,53
MISCHA,M,0,0,4,3,0,7,7
MISHA,F,43,27,43,37,20,726,170
MISHA,M,0,0,6,0,0,32,6
MISHAAL,F,0,0,0,4,3,63,7
MISHAEL,M,0,0,4,0,0,21,4
MISHAL,F,0,0,6,0,0,144,6
MISHALL,F,0,0,0,0,0,27,0
MISHIKA,F,0,0,0,0,0,27,0
MISK,F,0,0,0,0,0,22,0
MISSY,F,0,0,0,8,11,302,19
MISTY,F,7,4,7,10,10,234,38
MITCH,M,7,6,5,6,11,109,35
MITCHAL,M,0,4,3,0,0,11,7
MITCHEL,M,54,42,66,56,40,587,258
MITCHELL,M,725,759,794,747,639,8617,3664
MITCHUM,M,0,3,0,0,0,3,3
MITEN,M,4,0,3,0,0,7,7
MITESH,M,6,9,9,6,0,49,30
MITUL,M,8,6,5,0,4,32,23
MITZEE,F,0,0,0,0,0,14,0
MITZI,F,0,0,0,0,7,76,7
MITZIE,F,0,0,0,0,0,11,0
MITZY,F,0,0,0,0,0,14,0
MIYA,F,4,8,15,16,25,1156,68
MIYAH,F,4,0,4,3,5,241,16
MIYU,F,0,0,0,0,0,14,0
MIZAN,M,5,0,3,0,0,18,8
MIZANUR,M,0,4,0,0,0,10,4
MIZUKI,F,0,0,0,0,3,12,3
MO,M,3,0,0,0,0,6,3
MOBARAK,M,0,0,0,0,0,3,0
MOBEEN,M,12,12,5,8,5,120,42
MOBEEN,F,3,0,4,5,0,21,12
MODOU,M,0,0,0,4,4,66,8
MOE,M,0,0,0,0,0,3,0
MOESHA,F,6,28,34,16,6,115,90
MOHAB,M,0,0,0,0,0,8,0
MOHAMAD,M,30,29,20,15,25,583,119
MOHAMED,M,210,235,240,247,278,7181,1210
MOHAMMAD,M,567,658,676,687,706,19641,3294
MOHAMMED,M,2112,2390,2524,2722,2637,66657,12385
MOHAMMOD,M,27,26,26,27,24,369,130
MOHAMMUD,M,0,0,4,3,4,29,11
MOHAMOD,M,6,3,0,0,0,9,9
MOHAMOUD,M,0,6,0,4,0,24,10
MOHAMUD,M,3,3,0,6,0,64,12
MOHD,M,7,3,9,4,8,52,31
MOHIB,M,7,4,0,4,0,75,15
MOHIBUR,M,0,0,0,0,3,3,3
MOHID,M,0,0,0,0,0,120,0
MOHIMA,F,7,6,14,10,20,96,57
MOHIN,M,3,0,5,3,3,14,14
MOHINI,F,6,10,4,0,0,37,20
MOHIT,M,8,6,10,6,4,88,34
MOHMED,M,9,11,4,0,5,63,29
MOHMMAD,M,0,0,4,0,3,46,7
MOHMMED,M,5,3,8,0,3,108,19
MOHSAN,M,5,7,4,0,6,33,22
MOHSEN,M,3,0,4,3,0,49,10
MOHSIN,M,39,41,32,24,35,560,171
MOIA,F,0,0,0,3,0,3,3
MOIN,M,7,11,7,13,8,91,46
MOIRA,F,4,5,3,0,5,62,17
MOISHE,M,8,10,12,9,4,258,43
MOISHI,M,0,0,0,0,0,3,0
MOIZ,M,5,0,0,0,6,118,11
MOKSH,M,0,0,0,0,0,24,0
MOLI,F,0,0,0,6,4,93,10
MOLLEY,F,0,0,0,0,4,10,4
MOLLI,F,6,11,8,8,14,143,47
MOLLIE,F,667,677,760,680,654,12452,3438
MOLLIE-ANN,F,3,3,0,5,3,64,14
MOLLIE-JO,F,0,0,4,0,3,12,7
MOLLIE-MAE,F,0,0,0,0,8,162,8
MOLLIE-ROSE,F,5,0,0,0,3,57,8
MOLLY,F,2026,2628,2413,2313,2328,40851,11708
MOLLY-ANN,F,7,5,11,11,9,146,43
MOLLY-ANNE,F,4,9,11,9,4,117,37
MOLLY-JO,F,4,5,0,4,3,45,16
MOLLY-MAE,F,5,4,4,7,5,155,25
MOLLY-MAY,F,4,6,9,7,4,217,30
MOLLY-ROSE,F,4,0,3,4,9,140,20
MOMENA,F,0,6,4,3,3,40,16
MOMIN,M,3,0,4,4,0,105,11
MOMINA,F,11,7,9,9,10,397,46
MOMINAH,F,0,3,0,5,0,70,8
MONA,F,9,14,14,16,14,281,67
MONAE,F,0,3,0,3,4,84,10
MONEEB,M,4,0,3,0,0,23,7
MONET,F,9,13,14,14,22,226,72
MONICA,F,93,138,136,76,97,3077,540
MONIKA,F,20,21,25,7,11,433,84
MONIQUE,F,123,126,111,95,83,1065,538
MONIR,M,0,0,3,0,0,3,3
MONIRA,F,6,3,3,0,0,18,12
MONISHA,F,14,9,10,11,0,103,44
MONJUR,M,3,0,0,0,0,3,3
MONROE,F,0,0,0,0,0,83,0
MONROE,M,0,0,0,0,0,51,0
MONTAGU,M,0,0,3,0,0,21,3
MONTAGUE,M,5,10,6,6,7,318,34
MONTANA,F,17,30,33,21,19,339,120
MONTANA,M,0,0,0,0,0,13,0
MONTANNA,F,3,10,7,5,0,64,25
MONTE,M,0,0,0,0,0,37,0
MONTEL,M,57,34,13,8,10,152,122
MONTELL,M,31,12,9,5,4,69,61
MONTELLE,M,0,0,3,0,0,3,3
MONTGOMERY,M,13,17,11,14,17,1198,72
MONTI,M,0,0,0,0,0,3,0
MONTY,M,8,6,12,8,15,1432,49
MOONISAH,F,6,3,0,0,0,13,9
MOOSA,M,0,4,5,0,5,181,14
MORAG,F,0,5,6,4,5,23,20
MORDCHE,M,3,0,0,0,0,19,3
MORDECAI,M,0,0,0,0,0,29,0
MORDECHAI,M,10,7,11,8,13,211,49
MORENIKE,F,8,3,4,5,3,56,23
MORGAN,M,294,350,969,1343,1258,14404,4214
MORGAN,F,252,330,563,808,850,9103,2803
MORGANA,F,3,3,3,9,0,73,18
MORGANE,F,4,7,0,8,11,76,30
MORGAN-LEIGH,F,0,0,3,0,0,37,3
MORGANN,F,0,0,0,3,0,11,3
MORGANNA,F,0,0,4,0,0,17,4
MORGANNE,F,3,0,3,9,0,35,15
MORGEN,F,3,5,11,15,10,90,44
MORGEN,M,0,0,3,5,7,42,15
MORITZ,M,0,0,0,0,0,22,0
MORLEY,M,0,0,0,0,3,76,3
MORNA,F,0,0,3,0,0,3,3
MORRIGAN,F,0,0,5,0,3,36,8
MORRIS,M,5,5,11,3,6,796,30
MORRISON,M,0,0,0,0,4,16,4
MORTEN,M,0,3,0,0,0,51,3
MORTIMER,M,5,3,4,3,0,33,15
MORTON,M,3,3,0,0,3,33,9
MORVEN,F,7,0,3,6,8,60,24
MORWENNA,F,12,21,28,18,12,195,91
MOSES,M,29,33,38,29,39,972,168
MOSHE,M,13,20,18,14,19,527,84
MOSS,M,0,3,0,0,0,41,3
MOSTAFA,M,5,3,4,0,3,109,15
MOTIEJUS,M,0,0,0,0,0,14,0
MOTTI,M,0,0,0,0,0,33,0
MOTUNRAYO,F,3,3,3,0,4,30,13
MOUNIR,M,3,4,3,4,0,40,14
MOUSSA,M,0,0,0,0,0,56,0
MOUSTAFA,M,0,4,3,0,3,13,10
MOYA,F,0,7,7,6,5,75,25
MOYINOLUWA,F,0,0,0,0,3,69,3
MOYOSOREOLUWA,F,0,0,5,3,0,48,8
MUAAZ,M,0,5,0,3,7,150,15
MUAD,M,0,0,0,0,0,98,0
MUADH,M,0,0,3,0,0,123,3
MUAWIYAH,M,0,0,0,3,4,46,7
MUAZ,M,0,3,0,3,3,98,9
MUBARAK,M,7,8,7,6,7,223,35
MUBARIK,M,3,0,6,0,0,56,9
MUBASHIR,M,0,0,0,5,8,127,13
MUBEEN,M,7,6,5,4,5,93,27
MUBIN,M,0,4,0,4,0,19,8
MUDASIR,M,0,0,0,0,0,36,0
MUDASSAR,M,5,5,3,5,5,48,23
MUHAIMIN,M,3,0,0,0,0,23,3
MUHAMAD,M,8,9,4,5,3,129,29
MUHAMED,M,0,10,9,5,7,210,31
MUHAMMAD,M,441,552,621,659,780,35554,3053
MUHAMMED,M,165,169,206,198,256,7850,994
MUHAMMOD,M,4,8,8,6,10,91,36
MUHIB,M,3,0,0,0,0,46,3
MUHIBUR,M,6,0,0,4,5,15,15
MUHSIN,M,6,6,9,8,7,196,36
MUIREANN,F,0,0,0,0,3,12,3
MUIZ,M,0,0,0,0,0,51,0
MUJAHID,M,7,4,8,14,13,174,46
MUJTABA,M,6,4,9,8,6,238,33
MUKESH,M,5,0,3,0,0,8,8
MUKHTAR,M,7,5,0,4,5,122,21
MUMIN,M,0,3,0,0,0,42,3
MUMINA,F,4,0,6,3,9,79,22
MUMINAH,F,6,5,8,4,8,182,31
MUNA,F,23,19,32,27,32,509,133
MUNEEB,M,7,10,11,10,12,270,50
MUNEEBA,F,7,7,7,5,5,95,31
MUNEEBAH,F,11,3,5,8,10,115,37
MUNGO,M,3,4,3,4,6,40,20
MUNIBA,F,4,0,3,4,0,106,11
MUNIBAH,F,0,6,3,0,0,36,9
MUNIR,M,5,3,3,4,4,117,19
MUNIRA,F,3,4,11,13,19,336,50
MUNIRAH,F,4,3,0,0,0,30,7
MUNRO,M,0,3,0,0,0,21,3
MUNTAHA,F,0,0,0,0,3,185,3
MUQADAS,F,0,0,0,0,8,77,8
MUQADDAS,F,0,0,0,0,7,67,7
MURAD,M,8,3,5,7,6,119,29
MURAT,M,14,7,9,12,10,159,52
MURDOCH,M,0,0,0,0,0,3,0
MURIEL,F,0,0,0,0,3,6151,3
MURPHY,M,0,6,3,0,3,231,12
MURPHY,F,0,0,0,0,0,6,0
MURRAY,M,38,41,34,21,28,569,162
MURREN,F,0,3,0,0,0,6,3
MURRON,F,5,9,0,0,5,38,19
MURTAZA,M,8,13,7,10,11,299,49
MUSA,M,14,13,20,18,31,2579,96
MUSAB,M,3,3,0,6,10,356,22
MUS'AB,M,0,3,0,0,4,70,7
MUSAMMAD,F,0,0,4,0,3,27,7
MUSAMMAT,F,7,3,4,4,6,72,24
MUSAMMATH,F,4,0,4,0,3,41,11
MUSKA,F,0,0,0,0,0,24,0
MUSKAAN,F,0,0,0,7,23,550,30
MUSKAN,F,0,0,0,5,11,275,16
MUSSA,M,0,0,0,0,3,68,3
MUSTAF,M,5,3,4,4,0,49,16
MUSTAFA,M,74,90,90,90,98,3303,442
MUSTAFAA,M,0,5,0,3,0,55,8
MUSTAFAH,M,0,0,3,0,3,19,6
MUSTAFE,M,0,0,0,4,0,49,4
MUSTAPHA,M,6,10,6,6,5,197,33
MUZZAMMIL,M,5,0,4,0,0,99,9
MYA,F,10,13,43,82,86,7207,234
MYAH,F,9,9,11,21,29,989,79
MYESHA,F,0,0,4,3,0,82,7
MYFANWY,F,14,9,0,8,7,99,38
MYIAH,F,0,0,0,3,0,41,3
MYKOLAS,M,0,0,0,0,0,8,0
MYLA,F,0,0,0,0,0,1442,0
MYLEEN,F,0,0,0,0,0,11,0
MYLEENE,F,0,0,0,0,0,41,0
MYLES,M,177,219,239,202,186,4451,1023
MYLEY,F,0,0,0,0,0,83,0
MYLIE,F,0,0,0,0,0,365,0
MYLO,M,5,5,5,7,3,895,25
MYRA,F,7,6,6,9,6,393,34
MYREEN,F,0,0,0,0,0,3,0
MYRIAM,F,0,0,3,6,5,103,14
MYRON,M,11,19,8,12,16,217,66
MYRTLE,F,0,0,3,0,0,60,3
MYSHA,F,0,0,0,0,0,279,0
NAA,F,3,4,0,3,0,48,10
NABA,F,0,0,0,0,0,63,0
NABEEHA,F,5,6,0,4,5,173,20
NABEEL,M,35,41,42,41,34,536,193
NABEELA,F,21,14,16,14,6,170,71
NABEELAH,F,7,6,8,0,7,75,28
NABHAN,M,0,3,0,0,0,20,3
NABIHA,F,7,6,5,7,6,402,31
NABIHAH,F,0,9,6,10,10,157,35
NABIL,M,18,18,30,29,28,572,123
NABILA,F,13,21,15,14,13,327,76
NABILAH,F,11,8,13,11,11,192,54
NADA,F,12,13,16,19,11,455,71
NADAL,M,0,0,0,0,0,7,0
NADEEM,M,37,27,24,16,18,275,122
NADENE,F,4,3,0,3,0,14,10
NADER,M,0,0,3,4,3,60,10
NADIA,F,285,266,298,234,271,4695,1354
NADIM,M,9,8,13,8,14,155,52
NADINA,F,3,0,4,0,0,10,7
NADINE,F,165,139,119,83,84,1418,590
NADIR,M,9,13,11,12,11,225,56
NADIRA,F,5,12,10,13,8,211,48
NADIRAH,F,0,0,0,3,5,82,8
NADIYA,F,8,14,11,12,14,149,59
NADIYAH,F,0,10,13,15,16,127,54
NADJA,F,9,3,0,4,0,29,16
NADRA,F,0,0,0,0,3,28,3
NADYA,F,8,6,10,14,5,124,43
NAEEM,M,22,25,28,25,18,362,118
NAEEMA,F,13,8,9,12,13,196,55
NAEEMAH,F,5,5,4,0,0,76,14
NAEVE,F,0,0,0,7,0,24,7
NAFEES,M,6,3,4,4,4,52,21
NAFEESA,F,38,23,38,24,24,384,147
NAFEESAH,F,5,10,6,6,14,147,41
NAFISA,F,29,30,25,33,38,615,155
NAFISAH,F,14,11,16,11,18,232,70
NAGINA,F,7,4,5,0,3,31,19
NAHEEDA,F,3,4,0,0,0,10,7
NAHEEM,M,7,0,3,3,0,27,13
NAHID,M,9,9,14,11,12,148,55
NAHIDA,F,14,7,8,10,5,126,44
NAHIDUL,M,0,5,4,0,0,9,9
NAHIM,M,4,0,3,3,0,26,10
NAHIMA,F,5,8,5,11,9,97,38
NAHOM,M,0,0,0,4,3,110,7
NAHSHON,M,0,0,6,3,0,9,9
NAHUM,M,4,5,6,6,9,124,30
NAILA,F,15,17,19,14,17,358,82
NAILAH,F,9,13,12,13,10,294,57
NAIM,M,7,14,13,10,6,151,50
NAIMA,F,20,31,20,36,36,836,143
NAIMAH,F,16,16,13,16,19,305,80
NAIMH,F,0,4,0,0,0,12,4
NAINA,F,5,0,5,5,5,239,20
NAIOMI,F,0,3,4,5,6,33,18
NAITHAN,M,3,3,4,0,0,21,10
NAJAH,F,0,3,5,0,0,88,8
NAJIB,M,0,4,4,4,5,122,17
NAJIYAH,F,0,4,3,7,0,33,14
NAJMA,F,11,15,21,29,28,521,104
NAJWA,F,0,0,4,3,0,53,7
NAKISHA,F,6,7,5,0,0,24,18
NAKITA,F,15,17,26,18,15,179,91
NALA,F,3,0,0,0,0,120,3
NAM,M,0,3,0,0,4,51,7
NAMIRA,F,0,0,0,0,0,26,0
NAMRA,F,0,5,4,0,6,28,15
NAMRATA,F,0,0,3,3,4,16,10
NAN,F,3,0,3,3,0,15,9
NANA,F,21,18,21,14,19,605,93
NANA,M,27,15,14,11,19,570,86
NANCIE,F,0,4,0,3,4,194,11
NANCY,F,156,104,121,121,110,9443,612
NANDI,F,0,0,0,0,3,38,3
NANDINI,F,7,0,5,4,6,137,22
NAOISE,F,0,0,0,4,4,15,8
NAOMI,F,766,603,574,551,515,11434,3009
NAOMIE,F,3,0,4,0,0,52,7
NAQEEB,M,0,5,0,0,3,62,8
NARA,F,3,0,0,0,0,52,3
NARAYAN,M,3,0,0,7,0,97,10
NARCISA,F,0,0,0,0,0,18,0
NARDIA,F,3,0,3,0,3,16,9
NAREECE,F,0,0,5,3,0,8,8
NAREEN,F,0,0,0,0,3,6,3
NARGES,F,0,0,0,0,0,18,0
NARGIS,F,0,3,3,3,0,46,9
NARISSA,F,4,0,0,0,0,13,4
NARLA,F,0,0,0,0,0,18,0
NASAR,M,0,6,5,3,3,25,17
NASEEM,M,24,29,24,14,19,247,110
NASEEM,F,0,3,0,5,0,14,8
NASEEMA,F,0,4,7,0,0,20,11
NASH,M,0,7,10,7,3,84,27
NASIM,M,5,13,10,13,8,138,49
NASIMA,F,15,11,5,6,6,72,43
NASIR,M,11,8,18,18,19,269,74
NASRA,F,11,6,9,14,6,212,46
NASREEN,F,13,15,10,13,7,172,58
NASRI,M,0,0,0,0,0,41,0
NASRIN,F,5,3,7,6,6,114,27
NASSAR,M,3,5,0,0,0,12,8
NASSER,M,8,12,6,11,8,177,45
NASSIM,M,9,7,9,6,4,116,35
NASTASSJA,F,0,3,7,4,3,21,17
NATACHA,F,6,9,6,0,5,59,26
NATALIA,F,79,98,116,117,91,4906,501
NATALIE,F,1393,1138,1082,803,560,16717,4976
NATALIYA,F,0,0,3,0,0,41,3
NATALLIE,F,3,0,0,0,0,3,3
NATALY,F,0,0,0,0,3,26,3
NATALYA,F,22,41,50,46,47,609,206
NATAN,M,0,0,3,0,4,738,7
NATASCHA,F,5,8,8,12,7,74,40
NATASHA,F,1751,1500,1542,1527,1238,19468,7558
NATASHIA,F,6,0,5,0,3,14,14
NATASIA,F,5,3,0,0,0,8,8
NATASJA,F,6,7,7,10,8,51,38
NATASSIA,F,3,6,4,3,4,20,20
NATASSJA,F,3,6,9,0,0,18,18
NATAYA,F,0,0,0,5,7,54,12
NATE,M,0,0,0,0,0,823,0
NATEA,F,0,0,0,6,5,15,11
NATHALIA,F,3,3,0,3,4,74,13
NATHALIE,F,45,31,24,20,17,341,137
NATHAN,M,2744,2983,3211,2870,2856,45921,14664
NATHANAEL,M,51,42,55,55,49,1069,252
NATHANIA,F,3,6,3,5,3,87,20
NATHANIAL,M,14,15,26,23,17,322,95
NATHANIEL,M,339,337,330,409,332,8650,1747
NATHEN,M,11,11,12,6,6,131,46
NATHON,M,0,3,0,4,0,13,7
NATISHA,F,0,4,4,0,4,24,12
NATSUKI,F,0,0,0,0,0,6,0
NATSUMI,F,0,0,0,0,0,6,0
NAUMAN,M,4,0,7,3,0,56,14
NAUREEN,F,0,0,0,0,3,13,3
NAUSHEEN,F,4,3,0,0,0,14,7
NAVDEEP,M,5,12,4,5,3,75,29
NAVDEEP,F,4,7,4,0,8,62,23
NAVEED,M,14,18,21,11,13,205,77
NAVEEN,M,3,0,3,4,8,88,18
NAVEENA,F,7,0,0,7,0,20,14
NAVID,M,3,0,0,3,4,83,10
NAVIN,M,3,4,8,0,3,82,18
NAVJOT,M,4,0,0,3,7,74,14
NAVJOT,F,0,4,5,3,5,53,17
NAVNEET,F,11,8,7,6,11,177,43
NAVPREET,F,7,4,6,5,3,60,25
NAVRAJ,M,5,7,3,4,10,151,29
NAWAAL,F,4,0,0,3,0,105,7
NAWAL,F,8,6,17,4,18,432,53
NAWAZ,M,0,3,3,5,0,39,11
NAYA,F,0,0,0,4,3,217,7
NAYAAB,F,5,8,10,6,0,73,29
NAYAB,F,5,7,0,6,5,90,23
NAYAN,M,8,9,0,11,9,280,37
NAYANA,F,0,3,0,4,7,97,14
NAYARA,F,0,0,0,0,0,46,0
NAYEEM,M,0,3,6,4,8,65,21
NAYEEMA,F,0,0,8,0,0,19,8
NAYIM,M,6,6,0,4,0,21,16
NAYLA,F,3,3,3,3,4,131,16
NAYTHAN,M,0,0,3,0,0,3,3
NAZAM,M,3,0,7,3,0,13,13
NAZAR,F,0,0,0,0,0,25,0
NAZAR,M,0,4,0,0,0,23,4
NAZEEM,M,0,4,4,5,0,32,13
NAZIA,F,38,40,27,25,26,329,156
NAZIFA,F,16,22,25,22,16,304,101
NAZIHAH,F,0,0,3,3,3,18,9
NAZIM,M,5,9,15,6,6,118,41
NAZIR,M,5,5,3,3,3,86,19
NAZIRA,F,0,5,3,5,0,34,13
NAZISH,F,12,17,12,6,8,104,55
NAZLI,F,4,0,3,0,0,94,7
NAZMA,F,10,12,4,7,9,72,42
NAZMEEN,F,6,3,4,6,5,28,24
NAZMIN,F,15,16,18,18,15,148,82
NAZMUL,M,9,6,0,8,3,39,26
NAZNEEN,F,9,5,8,9,3,77,34
NAZNIN,F,4,3,0,0,0,10,7
NAZREEN,F,6,0,5,0,4,35,15
NAZRIN,F,0,0,0,10,3,16,13
NDIDI,F,0,0,0,3,0,3,3
NEA,F,0,0,3,0,5,32,8
NEAH,F,0,0,0,0,0,15,0
NEAL,M,24,13,9,12,6,187,64
NEALA,F,0,0,0,0,0,12,0
NEAMH,F,0,0,4,3,6,21,13
NEAVE,F,7,18,34,37,43,1087,139
NECHAMA,F,5,0,0,5,5,110,15
NED,M,10,11,18,17,35,1092,91
NEDA,F,5,3,0,5,0,129,13
NEEL,M,5,12,19,12,13,384,61
NEELA,F,0,0,0,0,0,73,0
NEELAM,F,37,39,34,42,25,295,177
NEELEY,F,0,0,0,3,0,3,3
NEELIMA,F,4,0,0,5,3,12,12
NEELY,F,0,0,3,3,0,6,6
NEEMA,F,0,5,4,0,0,41,9
NEENA,F,3,6,0,5,0,55,14
NEERAJ,M,5,7,0,6,4,34,22
NEESHA,F,6,4,12,8,8,72,38
NEEVA,F,0,0,0,0,0,42,0
NEEVE,F,6,5,10,10,8,286,39
NEHA,F,24,34,35,61,77,1106,231
NEHEMIAH,M,4,0,3,3,6,256,16
NEHIR,F,0,0,0,0,0,110,0
NEIDAS,M,0,0,0,0,0,35,0
NEIL,M,132,112,103,70,67,14300,484
NEILA,F,0,0,0,0,0,38,0
NEILAS,M,0,0,0,0,0,15,0
NEISHA,F,8,3,3,6,0,74,20
NEIVA,F,0,0,0,0,0,21,0
NEIVE,F,0,0,6,10,13,431,29
NEL,F,0,0,0,3,3,347,6
NELA,F,0,0,0,0,0,247,0
NELI,F,0,0,0,0,0,25,0
NELL,F,4,16,15,19,31,1791,85
NELLE,F,0,0,0,0,0,41,0
NELLI,F,0,0,0,0,0,23,0
NELLIE,F,7,0,4,5,0,5852,16
NELLY,F,0,0,0,0,0,519,0
NELSON,M,17,29,17,16,18,492,97
NEMO,M,0,0,0,0,0,8,0
NENEH,F,9,4,0,3,0,44,16
NEO,M,0,0,0,0,48,993,48
NEOMI,F,0,0,0,0,0,9,0
NEON,M,0,0,0,0,0,9,0
NERIAH,F,0,0,0,0,0,272,0
NERICE,F,0,0,0,4,4,8,8
NERISSA,F,16,5,8,5,8,91,42
NERO,M,0,0,0,0,0,33,0
NERYS,F,6,8,6,16,10,201,46
NESHA,F,0,3,0,0,3,16,6
NESSA,F,0,0,0,0,0,27,0
NESTA,F,0,4,0,4,0,62,8
NESTA,M,0,0,3,0,0,3,3
NESTOR,M,0,0,0,0,0,28,0
NETHMI,F,0,0,0,0,0,3,0
NETTIE,F,0,0,0,0,0,3,0
NEVA,F,0,0,0,0,0,91,0
NEVADA,F,0,0,0,0,0,15,0
NEVAN,M,4,0,0,0,3,82,7
NEVE,F,5,35,123,177,234,5753,574
NEVILLE,M,3,7,6,0,5,751,21
NEVIN,M,0,0,3,0,0,77,3
NEWTON,M,0,0,0,3,0,57,3
NEYMAR,M,0,0,0,0,0,29,0
NEYO,M,0,0,0,0,0,34,0
NEZAR,M,3,0,0,0,0,3,3
NGA,F,0,0,0,3,0,3,3
NGAIRE,F,0,0,3,0,0,14,3
NGOZICHUKWUKA,F,0,0,0,3,0,3,3
NIA,F,102,136,135,134,156,3266,663
NIAH,F,0,7,4,7,10,373,28
NIAL,M,10,5,14,11,16,123,56
NIALA,F,0,4,0,3,0,10,7
NIALL,M,462,411,400,426,354,5011,2053
NIAM,M,4,8,6,7,11,264,36
NIAMBH,F,0,0,0,0,0,12,0
NIAMH,F,381,591,837,1194,1204,16783,4207
NIAOMI,F,4,0,0,0,6,20,10
NIAZ,M,3,0,0,7,0,43,10
NICCOLO,M,0,0,3,4,0,65,7
NICHOL,F,5,4,3,0,3,23,15
NICHOLA,F,42,34,24,14,13,864,127
NICHOLAS,M,1385,1274,1090,997,839,28853,5585
NICHOLE,F,26,26,17,17,24,199,110
NICHOLL,F,3,0,0,0,0,3,3
NICK,M,11,12,17,14,7,286,61
NICKI,F,7,6,4,5,0,55,22
NICKI,M,3,0,0,0,0,3,3
NICKITA,F,3,0,0,0,0,3,3
NICKOLA,F,3,0,0,0,0,3,3
NICKOLAS,M,11,7,7,3,7,139,35
NICKY,M,27,38,23,11,21,334,120
NICKY,F,4,7,9,3,0,92,23
NICO,M,49,64,46,40,42,1581,241
NICO,F,0,0,4,0,3,84,7
NICOL,F,18,12,12,6,14,279,62
NICOLA,F,629,506,386,309,251,19364,2081
NICOLAE,M,0,0,0,0,0,31,0
NICOLAI,M,4,0,0,3,0,54,7
NICOLAS,M,69,72,81,82,57,2255,361
NICOLE,F,1679,1569,1577,1312,1138,19474,7275
NICOLE-LOUISE,F,0,0,3,0,0,3,3
NICOLETTA,F,4,0,0,5,4,44,13
NICOLETTE,F,6,7,0,5,3,55,21
NICOLL,F,0,4,0,0,0,7,4
NICOLLE,F,25,12,11,5,0,118,53
NICOS,M,3,5,3,0,0,11,11
NIDA,F,18,13,20,14,17,309,82
NIDAH,F,0,3,3,3,5,17,14
NIDAL,M,0,0,0,0,0,21,0
NIDHI,F,0,4,9,4,3,171,20
NIELS,M,0,0,7,0,3,35,10
NIESHA,F,0,0,0,0,3,32,3
NIEVE,F,5,9,15,15,17,983,61
NIGEL,M,31,20,20,8,21,9010,100
NIGELLA,F,0,0,0,0,0,25,0
NIHAL,M,3,0,4,5,7,385,19
NII,M,0,4,4,0,3,70,11
NIKESH,M,11,11,12,12,12,79,58
NIKETA,F,5,4,0,6,0,15,15
NIKHIL,M,44,58,50,70,69,1021,291
NIKHITA,F,13,14,13,10,12,139,62
NIKI,F,6,5,8,5,6,112,30
NIKIA,F,3,0,0,5,0,14,8
NIKISHA,F,12,16,13,12,13,118,66
NIKITA,F,284,312,319,255,264,3053,1434
NIKITA,M,4,6,6,13,9,471,38
NIKITTA,F,4,6,3,6,0,40,19
NIKKI,F,102,68,50,62,45,760,327
NIKKI,M,3,4,0,5,0,38,12
NIKKIA,F,3,0,0,0,0,9,3
NIKKITA,F,27,25,24,22,23,282,121
NIKLAS,M,0,3,3,6,6,100,18
NIKLAUS,M,0,0,0,0,0,8,0
NIKO,M,5,6,7,0,5,221,23
NIKODEM,M,0,0,0,0,0,828,0
NIKOLA,F,0,4,0,5,0,1327,9
NIKOLA,M,8,4,0,4,5,135,21
NIKOLAI,M,5,13,6,10,8,273,42
NIKOLAOS,M,7,8,6,0,5,141,26
NIKOLAS,M,24,10,15,15,18,654,82
NIKOLAUS,M,0,0,3,0,0,9,3
NIKOLE,F,4,3,0,3,4,104,14
NIKOLINA,F,0,0,0,3,4,13,7
NIKOS,M,0,5,3,6,0,50,14
NIKUL,M,3,3,3,0,0,9,9
NILA,F,3,3,0,5,0,124,11
NILAH,F,0,0,0,0,0,39,0
NILAY,M,0,3,0,4,4,33,11
NILE,M,22,26,23,20,31,350,122
NILES,M,4,3,9,9,8,51,33
NILESH,M,0,4,4,0,0,40,8
NILIMA,F,6,6,4,7,3,41,26
NILS,M,5,6,6,6,4,126,27
NIMA,M,7,5,9,5,6,103,32
NIMA,F,3,0,0,0,0,44,3
NIMAH,F,3,4,0,3,6,46,16
NIMCO,F,0,0,6,3,0,39,9
NIMESH,M,0,0,3,0,0,9,3
NIMISHA,F,4,4,5,5,0,50,18
NIMO,F,4,3,4,3,3,62,17
NIMRA,F,10,23,27,27,39,549,126
NIMRAH,F,6,11,15,19,19,396,70
NIMROD,M,0,0,0,0,0,29,0
NINA,F,159,193,193,195,164,4211,904
NINO,M,0,5,0,0,0,59,5
NIOMI,F,13,7,19,15,12,187,66
NIRAJ,M,6,6,9,4,4,64,29
NIRALI,F,5,0,4,3,5,32,17
NIRAV,M,0,9,6,5,4,60,24
NIRVANA,F,4,15,5,4,8,140,36
NISA,F,6,4,6,11,9,247,36
NISBA,F,5,0,3,0,0,8,8
NISBAH,F,0,3,0,3,3,12,9
NISHA,F,55,42,56,31,54,640,238
NISHAN,M,5,0,0,6,4,99,15
NISHANT,M,6,0,4,0,0,42,10
NISHAT,F,22,21,27,30,23,251,123
NISHI,F,0,5,3,4,4,69,16
NISHIL,M,0,6,5,5,4,37,20
NISHITA,F,4,4,0,0,0,18,8
NISHKA,F,0,0,0,0,0,90,0
NISHMA,F,0,6,3,0,0,9,9
NISSA,F,0,0,0,0,3,13,3
NITA,F,0,5,0,0,3,16,8
NITESH,M,0,0,6,4,3,16,13
NITIN,M,0,0,4,3,0,17,7
NIXIE,F,0,0,0,0,0,41,0
NIXON,M,0,3,0,0,0,68,3
NIYAZ,M,0,3,5,8,5,87,21
NNAMDI,M,0,9,3,3,3,53,18
NNEKA,F,4,5,5,6,6,61,26
NNENNA,F,0,0,5,4,0,41,9
NOA,F,0,7,4,8,9,447,28
NOA,M,0,0,0,3,7,325,10
NOAH,M,137,216,242,284,281,34438,1160
NOAM,M,0,4,0,3,5,127,12
NOBEL,M,0,0,0,0,0,8,0
NOBLE,M,0,0,0,0,0,19,0
NOEL,M,30,32,24,21,16,1659,123
NOELLA,F,0,0,0,0,3,54,3
NOEMI,F,0,0,5,3,4,233,12
NOEMIE,F,5,0,3,5,0,100,13
NOKUTENDA,F,0,0,0,0,0,31,0
NOLA,F,4,3,0,0,0,319,7
NOLAN,M,0,0,3,5,0,288,8
NOMAAN,M,3,3,5,8,6,66,25
NOMAN,M,5,0,7,6,6,108,24
NOMI,F,0,0,0,0,3,12,3
NON,F,5,4,5,4,7,79,25
NOON,F,0,0,0,3,0,3,3
NOOR,F,35,24,34,44,46,1951,183
NOOR,M,9,17,5,9,15,288,55
NOORA,F,0,5,5,3,4,114,17
NORA,F,19,18,13,20,17,4399,87
NORAH,F,0,5,3,3,3,3243,14
NORBERT,M,0,0,0,3,0,141,3
NOREEN,F,17,9,10,12,4,151,52
NORMA,F,0,0,3,0,0,2565,3
NORMAN,M,9,7,8,5,0,14937,29
NORRIS,M,0,0,0,0,0,3,0
NORTON,M,7,6,6,3,6,42,28
NOSHEEN,F,19,13,14,11,9,114,66
NOSHIN,F,9,14,10,6,9,82,48
NOSSON,M,0,0,0,3,0,34,3
NOUR,F,4,12,7,13,19,401,55
NOURA,F,4,4,0,0,3,110,11
NOUREEN,F,0,0,0,0,0,14,0
NOVA,F,0,0,0,0,3,246,3
NOYA,F,0,0,0,0,0,24,0
NUALA,F,18,25,15,12,12,445,82
NUHA,F,7,5,5,10,9,381,36
NULA,F,0,0,0,0,0,35,0
NUMAAN,M,6,6,14,9,5,117,40
NUMAIR,M,0,4,0,3,5,79,12
NUMAN,M,13,3,7,7,6,114,36
NUNO,M,0,0,3,0,3,76,6
NUR,F,25,26,15,9,15,388,90
NUR,M,5,3,0,4,3,34,15
NURA,F,3,0,4,0,0,133,7
NURIA,F,5,0,5,3,5,101,18
NURUL,F,6,11,4,3,5,61,29
NURUL,M,5,0,0,6,0,24,11
NUSAYBAH,F,7,8,9,7,10,470,41
NUSRAT,F,13,9,19,8,8,267,57
NUSRATH,F,0,3,5,3,0,41,11
NUZHAT,F,3,3,0,5,7,70,18
NYA,F,0,0,4,3,6,268,13
NYAH,F,0,0,0,5,16,970,21
NYALL,M,11,12,11,9,7,134,50
NYAN,M,0,0,0,0,3,3,3
NYASHA,F,0,0,0,0,6,116,6
NYASHA,M,0,0,0,0,0,45,0
NYE,M,4,0,0,3,5,124,12
NYLA,F,3,4,3,6,0,842,16
NYLE,M,24,15,15,26,20,398,100
NYOMI,F,7,3,3,3,6,51,22
NYREE,F,8,6,4,0,0,88,18
NYRON,M,3,0,0,0,0,11,3
NYSA,F,0,0,0,0,0,11,0
NYSSA,F,3,0,0,3,0,37,6
NYX,F,0,0,0,0,0,3,0
OAK,M,0,0,3,0,0,38,3
OAKLEIGH,F,4,0,0,0,0,29,4
OAKLEY,M,17,18,18,33,47,2426,133
OAKLEY,F,4,0,4,0,3,69,11
OASIS,F,3,0,0,0,0,3,3
OBADIAH,M,0,0,0,0,0,37,0
OBAID,M,0,0,4,3,5,63,12
OBAIDULLAH,M,0,0,0,0,0,3,0
OBAN,M,0,0,0,0,5,43,5
OBED,M,0,3,3,5,4,62,15
OBI,M,0,0,4,3,0,123,7
OBIAJULU,M,0,0,0,0,0,3,0
OBIE,M,0,0,0,0,0,82,0
OBINNA,M,5,7,6,5,4,129,27
OBIORA,M,0,0,0,0,0,3,0
OBY,M,0,0,0,0,0,3,0
OCEA,F,0,5,0,0,3,12,8
OCEAN,F,23,36,36,17,22,861,134
OCEAN,M,4,6,6,4,0,214,20
OCEANA,F,0,0,0,0,3,71,3
OCEANIA,F,0,0,0,0,0,3,0
OCTAVIA,F,17,20,31,22,18,418,108
OCTAVIAN,M,0,0,0,0,0,34,0
OCTAVIO,M,0,0,0,0,0,9,0
OCTAVIUS,M,0,0,0,0,0,7,0
ODAFE,M,0,0,0,0,0,3,0
ODELIA,F,0,0,0,0,0,27,0
ODELYA,F,0,0,0,0,0,3,0
ODEN,M,0,3,0,0,0,14,3
ODESSA,F,0,0,0,0,0,28,0
ODETTE,F,9,7,4,7,0,109,27
ODHRAN,M,3,0,0,4,0,101,7
ODILIA,F,0,0,3,0,0,3,3
ODIN,M,5,3,3,6,5,275,22
ODUNAYO,M,0,0,0,0,0,3,0
ODYSSEUS,M,0,0,0,0,0,3,0
OENONE,F,0,0,0,0,0,3,0
OFELIA,F,0,0,0,0,0,57,0
OFURE,F,3,0,0,0,0,6,3
OGECHI,F,3,3,0,3,0,37,9
OGHENEFEGA,F,0,0,0,0,0,3,0
OGHENERUNO,F,0,0,0,0,0,3,0
OGHENETEGA,M,4,0,0,0,0,28,4
OGHENETEJIRI,M,0,0,0,0,0,3,0
OGHOSA,F,0,0,0,0,0,3,0
OGOCHUKWU,F,0,0,0,0,3,3,3
OGUZHAN,M,0,4,4,0,0,33,8
OHANA,F,0,0,0,0,0,3,0
OISIN,M,14,21,21,17,24,685,97
OJASVI,F,0,0,0,0,0,3,0
OKAN,M,6,0,5,6,0,62,17
OKECHUKWU,M,0,0,0,0,0,3,0
OKIKIOLA,M,0,0,0,0,0,3,0
OKSANA,F,0,0,0,0,5,13,5
OKTAWIA,F,0,0,0,0,0,3,0
OLA,F,3,4,0,6,3,185,16
OLABISI,F,0,0,0,0,0,3,0
OLABODE,M,0,3,0,0,0,12,3
OLADAYO,M,0,0,0,0,0,3,0
OLADIPUPO,M,0,0,0,0,0,29,0
OLAF,M,0,0,0,0,0,476,0
OLAITAN,F,0,0,0,0,0,3,0
OLAJIDE,M,0,0,0,0,0,15,0
OLALEKAN,M,3,0,5,0,0,15,8
OLAMIDE,F,6,8,9,11,5,190,39
OLAMIDE,M,5,3,7,8,6,154,29
OLANNA,F,0,0,0,0,0,38,0
OLAOLUWA,M,7,6,8,0,0,93,21
OLAREWAJU,M,0,0,0,0,0,3,0
OLASENI,M,0,0,0,0,0,3,0
OLATAYO,M,0,3,0,0,0,3,3
OLATOKUNBO,M,3,0,0,0,0,23,3
OLATUNBOSUN,M,0,0,0,0,0,3,0
OLATUNDE,M,0,0,0,3,0,6,3
OLAWALE,M,3,4,5,4,0,22,16
OLAYINKA,M,0,0,0,0,0,15,0
OLE,M,0,0,3,9,3,152,15
OLEG,M,0,0,0,0,0,29,0
OLENKA,F,0,0,0,0,0,3,0
OLGA,F,7,0,0,6,9,194,22
OLI,M,0,0,0,0,4,128,4
OLINA,F,0,0,0,0,0,20,0
OLIUR,M,3,0,0,0,0,3,3
OLIVE,F,10,14,15,6,14,9216,59
OLIVER,M,3655,3647,3970,3958,4402,120701,19632
OLIVER-JAMES,M,0,0,0,0,0,151,0
OLIVIA,F,2456,2789,3550,5250,4546,91094,18591
OLIVIA-GRACE,F,0,0,0,0,3,263,3
OLIVIA-LOUISE,F,0,0,0,0,3,19,3
OLIVIA-MAE,F,0,0,0,3,0,233,3
OLIVIA-MAI,F,0,0,0,0,0,101,0
OLIVIA-MAY,F,0,0,0,3,3,173,6
OLIVIA-PAIGE,F,0,0,0,3,0,12,3
OLIVIA-ROSE,F,0,5,4,0,0,447,9
OLIVIER,M,10,12,9,7,8,1474,46
OLIVYA,F,0,0,0,0,3,3,3
OLIWIER,M,0,0,0,0,0,825,0
OLLI,M,0,0,0,0,0,135,0
OLLIE,M,8,5,16,26,27,7443,82
OLLIVER,M,0,4,0,0,3,64,7
OLLY,M,0,0,0,5,0,3124,5
OLOLADE,F,4,3,6,0,0,37,13
OLORUNTOBA,M,0,0,0,0,0,3,0
OLTI,M,0,0,0,0,0,15,0
OLUFEMI,M,6,10,3,4,0,66,23
OLUFUNMILAYO,F,3,0,0,0,0,3,3
OLUFUNMILOLA,F,0,0,0,0,0,3,0
OLUGBENGA,M,3,0,0,0,0,3,3
OLUJIMI,M,0,0,0,0,0,6,0
OLUKAYODE,M,0,3,0,3,3,23,9
OLUKEMI,F,3,0,0,0,0,3,3
OLUMAYOWA,F,3,0,0,0,0,3,3
OLUMIDE,M,10,6,0,4,4,69,24
OLUMUYIWA,M,0,0,0,0,0,3,0
OLUSEGUN,M,4,0,0,0,0,30,4
OLUSEUN,M,0,0,0,3,0,3,3
OLUTOMI,F,0,3,0,0,0,3,3
OLUTOMILOLA,F,0,0,0,0,0,3,0
OLUTOYIN,F,0,0,3,0,0,3,3
OLUWABUKOLA,F,0,5,3,0,0,17,8
OLUWABUSAYOMI,F,0,0,0,0,0,3,0
OLUWADAMILARE,M,6,0,3,3,0,93,12
OLUWADAMILARE,F,0,0,0,0,0,3,0
OLUWADAMILOJU,M,0,0,0,0,0,3,0
OLUWADAMILOLA,F,9,9,7,6,8,201,39
OLUWADAMILOLA,M,7,5,0,8,0,131,20
OLUWADAMISI,M,0,0,0,0,0,3,0
OLUWADARA,M,0,0,4,0,3,20,7
OLUWADARE,M,0,3,0,0,0,3,3
OLUWADEMILADE,M,4,0,4,0,4,130,12
OLUWADOLAPO,F,0,0,0,0,0,3,0
OLUWADUNMININU,F,0,0,0,0,0,3,0
OLUWADUROTIMI,M,3,3,0,0,3,30,9
OLUWADUROTIMI,F,0,0,0,0,0,3,0
OLUWAFEMI,M,4,13,9,8,6,124,40
OLUWAFERANMI,M,0,0,0,0,4,77,4
OLUWAFIKAYO,M,0,0,0,0,0,3,0
OLUWAFIKAYOMI,M,0,0,0,0,0,5,0
OLUWAFIKUNMI,M,0,0,0,0,0,3,0
OLUWAFOLABOMI,M,0,0,0,0,0,3,0
OLUWAFOLAKEMI,F,0,0,0,0,3,9,3
OLUWAFUNTAN,M,0,0,0,0,0,3,0
OLUWAGBEMIGA,M,0,3,0,0,4,16,7
OLUWAGBENGA,M,0,0,0,3,0,3,3
OLUWAJOBA,M,0,0,0,0,0,5,0
OLUWAJUWON,M,0,0,0,0,0,5,0
OLUWAJUWONLO,M,0,0,0,0,0,3,0
OLUWAKEMI,F,5,10,7,6,4,122,32
OLUWAKOREDE,M,4,0,0,0,4,31,8
OLUWALAYOMI,F,0,0,0,0,0,3,0
OLUWALONIMI,M,0,0,0,0,0,3,0
OLUWAMUYIWA,M,0,0,0,0,0,3,0
OLUWAPELUMI,F,0,3,3,5,0,54,11
OLUWAPELUMI,M,0,3,3,6,4,47,16
OLUWAROTIMI,M,5,0,4,0,3,28,12
OLUWASEGUN,M,0,0,0,3,0,40,3
OLUWASEUN,M,14,11,9,15,7,172,56
OLUWASEUN,F,7,13,7,5,5,100,37
OLUWASEYI,M,5,11,5,14,7,137,42
OLUWASEYI,F,3,5,6,6,0,79,20
OLUWASHOLA,M,0,0,0,3,0,3,3
OLUWASIJIBOMI,M,0,0,0,0,0,3,0
OLUWASOLA,F,0,0,0,0,0,3,0
OLUWATAMILORE,M,0,0,0,0,3,54,3
OLUWATARAMISORE,F,0,0,0,0,0,3,0
OLUWATENIAYO,M,0,0,0,0,0,3,0
OLUWATENIOLA,M,0,0,0,0,0,6,0
OLUWATIMILEHIN,M,0,4,4,6,7,174,21
OLUWATISE,M,0,0,0,0,0,3,0
OLUWATOBA,M,0,0,0,0,0,3,0
OLUWATOBI,M,19,15,25,19,17,391,95
OLUWATOBI,F,8,6,4,7,7,110,32
OLUWATOBILOBA,M,0,5,4,7,4,253,20
OLUWATOBILOBA,F,0,4,0,0,3,68,7
OLUWATOMI,F,0,4,3,4,3,38,14
OLUWATOMISIN,F,0,3,4,3,5,84,15
OLUWATOMISIN,M,0,4,0,4,0,72,8
OLUWATOMIWA,M,0,0,3,0,5,86,8
OLUWATOMIWA,F,0,0,0,0,0,6,0
OLUWATONI,F,0,0,3,3,4,99,10
OLUWATONI,M,0,0,0,0,3,51,3
OLUWATOSIN,F,10,9,11,7,6,122,43
OLUWATOSIN,M,6,6,6,11,4,86,33
OLUWATOYIN,F,0,3,7,4,0,33,14
OLUWATUMININU,M,0,0,0,0,0,3,0
OLUYEMI,M,0,0,0,0,0,3,0
OLWEN,F,0,0,5,0,0,71,5
OLWETHU,F,0,0,0,0,0,3,0
OLWETHU,M,0,0,0,0,0,3,0
OLYMPIA,F,5,5,7,4,5,124,26
OLYVIA,F,0,0,3,3,5,43,11
OMAIMA,F,0,0,3,6,4,28,13
OMAIR,M,3,4,8,7,6,78,28
OMAR,M,230,220,215,213,209,4489,1087
OMARI,M,30,23,18,18,20,570,109
OMER,M,18,13,11,12,13,513,67
OMID,M,0,3,5,6,7,135,21
OMISHA,F,0,0,0,0,0,3,0
OMNIA,F,3,0,0,0,0,14,3
OMOBOLANLE,F,0,0,0,0,3,3,3
OMOLABAKE,F,0,0,0,0,3,3,3
OMOLADE,F,0,3,0,0,0,9,3
OMOLARA,F,4,6,4,9,6,79,29
OMOLAYO,F,0,0,0,0,0,6,0
OMOLOLA,F,4,6,0,0,5,57,15
OMOSEDE,F,0,0,0,0,0,6,0
OMOTARA,F,3,0,0,0,4,31,7
OMOTOLA,M,0,0,0,0,0,3,0
OMOTOLANI,F,0,0,0,0,0,3,0
OMOWONUOLA,F,0,0,0,0,0,3,0
OMOWUNMI,F,0,3,0,0,0,6,3
OMRI,M,3,0,0,0,0,6,3
ONDER,M,0,0,0,3,0,6,3
ONIKA,F,3,0,0,0,0,6,3
ONKAR,M,4,5,3,3,5,41,20
ONNI,M,0,0,0,3,0,6,3
ONOSETALE,M,0,0,0,0,0,3,0
ONUR,M,12,20,11,6,12,180,61
ONYINYE,F,0,0,0,0,0,3,0
ONYINYECHUKWU,F,0,0,0,0,3,28,3
ONYX,F,0,0,0,0,0,3,0
OONA,F,3,4,6,7,5,140,25
OONAGH,F,7,7,8,8,11,141,41
OPAL,F,10,8,4,5,3,123,30
OPEOLUWA,F,0,3,4,0,0,10,7
OPEOLUWA,M,0,0,0,3,0,9,3
OPEYEMI,F,6,3,5,0,0,58,14
OPEYEMI,M,0,3,5,5,0,34,13
OPHELIA,F,17,22,28,27,32,1334,126
OPHELIE,F,0,0,0,3,0,3,3
OPRAH,F,0,0,0,3,0,12,3
ORAN,M,10,5,13,18,21,352,67
OREN,M,4,5,6,7,10,254,32
OREOLUWA,F,4,6,6,10,6,204,32
OREOLUWA,M,3,3,0,0,7,85,13
ORHAN,M,0,5,4,4,4,49,17
ORI,M,0,0,0,0,3,43,3
ORIANA,F,9,8,10,15,24,340,66
ORIANE,F,0,4,3,5,3,22,15
ORIANNA,F,0,3,0,8,6,71,17
ORIANNE,F,0,11,0,0,0,19,11
ORIEL,F,0,0,0,0,0,29,0
ORIN,M,3,4,0,7,5,191,19
ORION,M,0,3,5,7,6,361,21
ORISSA,F,0,0,0,0,0,8,0
ORLA,F,45,80,74,144,156,4549,499
ORLAGH,F,5,9,10,18,12,298,54
ORLAIGH,F,0,0,0,0,0,9,0
ORLAITH,F,6,7,8,6,5,727,32
ORLANDO,M,18,24,17,23,23,929,105
ORPHEUS,M,0,0,0,0,0,6,0
ORRIN,M,6,0,8,5,0,90,19
ORSEN,M,0,0,0,0,0,6,0
ORSON,M,3,0,5,3,6,497,17
ORVILLE,M,0,0,0,0,0,3,0
OSAGIE,M,0,0,0,0,0,8,0
OSAMA,M,9,15,23,27,25,217,99
OSAMAH,M,0,0,5,4,6,20,15
OSAYUWAMEN,F,0,0,0,0,0,3,0
OSBERT,M,0,0,0,0,0,6,0
OSBORN,M,0,0,0,0,0,3,0
OSBOURNE,M,0,0,0,0,0,3,0
OSCAR,M,307,403,488,599,611,38638,2408
OSHER,M,3,3,5,4,0,62,15
OSHIAN,M,0,0,0,0,0,6,0
OSIAN,M,27,44,0,50,45,1784,166
OSIRIS,M,0,0,0,0,0,23,0
OSKA,M,0,3,0,4,3,101,10
OSKAR,M,14,21,39,48,37,2974,159
OSKARAS,M,0,0,0,0,0,111,0
OSKER,M,0,0,0,0,0,10,0
OSMAN,M,34,19,25,29,15,585,122
OSSAMA,M,3,0,4,5,6,18,18
OSSIAN,M,0,0,0,4,7,114,11
OSSIE,M,0,0,0,0,0,48,0
OSTIN,M,0,0,0,0,0,26,0
OSWALD,M,0,0,0,0,0,70,0
OSWIN,M,0,0,4,0,0,25,4
OSZKAR,M,0,0,0,0,0,3,0
OTHMAN,M,3,0,0,0,3,69,6
OTIS,M,24,20,20,22,18,1444,104
OTO,M,0,0,0,0,0,6,0
OTTILIE,F,11,10,11,14,18,602,64
OTTIS,M,3,3,0,0,0,6,6
OTTO,M,14,12,22,11,18,1222,77
OTTOLINE,F,0,0,0,0,0,23,0
OUSAMA,M,0,4,3,4,0,14,11
OUSMAN,M,0,6,0,4,0,111,10
OUSSAMA,M,0,3,0,3,9,19,15
OVIE,M,0,0,0,0,3,20,3
OWAIN,M,91,110,127,132,139,2038,599
OWAIS,M,10,9,12,13,16,650,60
OWAN,M,0,0,0,0,0,4,0
OWEN,M,536,813,1896,2201,1497,31638,6943
OWEN-JAMES,M,0,0,0,0,0,3,0
OWIN,M,0,0,0,0,0,6,0
OWYN,M,0,3,9,5,3,132,20
OWYNN,M,0,0,0,0,0,3,0
OYINDAMOLA,F,5,0,3,0,5,77,13
OYINKANSOLA,F,6,7,7,5,5,116,30
OYKU,F,0,0,0,0,0,6,0
OZ,M,0,0,0,0,0,50,0
OZAIR,M,3,0,3,5,0,34,11
OZAN,M,10,6,13,10,10,254,49
OZCAN,M,4,0,0,3,3,16,10
OZGE,F,9,6,7,6,5,59,33
OZGUR,M,0,5,0,5,5,40,15
OZIL,M,0,0,0,0,0,3,0
OZKAN,M,0,0,0,3,3,22,6
OZLEM,F,4,5,0,5,6,49,20
OZWALD,M,0,0,0,0,0,6,0
OZZI,M,0,0,0,0,0,4,0
OZZIE,M,0,0,0,0,0,106,0
OZZY,M,0,0,0,0,8,231,8
PABLO,M,11,22,19,21,15,519,88
PACEY,M,0,0,0,3,8,137,11
PACEY,F,0,0,0,0,0,5,0
PACHA,F,0,0,0,0,0,28,0
PADDY,M,4,10,12,6,7,496,39
PADME,F,0,0,0,0,0,3,0
PADRAIC,M,4,3,0,4,3,34,14
PADRAIG,M,14,9,15,12,12,221,62
PAGAN,F,7,8,14,7,4,140,40
PAGE,F,11,10,10,0,4,76,35
PAIGE,F,2052,1703,1687,1313,1163,24059,7918
PAIGE-LOUISE,F,3,0,3,3,0,26,9
PAIGE-MARIE,F,3,0,4,0,4,38,11
PAIGEN,F,0,3,0,0,0,6,3
PAIGHTON,F,7,6,4,0,4,153,21
PAIGNTON,F,0,0,3,0,0,20,3
PAISLEE,F,0,0,0,0,0,11,0
PAISLEIGH,F,0,0,4,3,0,17,7
PAISLEY,F,40,34,20,14,17,612,125
PAISLEY,M,0,0,0,0,0,43,0
PAITON,F,3,0,0,0,6,53,9
PAKEEZAH,F,0,3,0,0,0,6,3
PALLAVI,F,5,4,0,4,4,23,17
PALOMA,F,10,14,7,6,12,310,49
PAMELA,F,24,24,17,17,17,11034,99
PANAGIOTIS,M,0,0,0,0,0,43,0
PANASHE,M,0,0,0,4,3,106,7
PANASHE,F,0,0,0,0,0,42,0
PANAYIOTA,F,5,7,4,3,5,38,24
PANAYIOTIS,M,5,7,4,4,7,89,27
PANDORA,F,6,13,7,6,5,204,37
PAOLA,F,3,6,5,5,5,92,24
PAOLO,M,16,14,18,18,17,349,83
PAPA,M,0,3,4,0,0,90,7
PARADISE,F,0,0,0,0,0,17,0
PARAM,M,4,0,3,0,3,78,10
PARAMVEER,M,0,4,4,3,4,105,15
PARAMVIR,M,0,0,0,0,0,31,0
PARAS,M,0,6,7,4,6,62,23
PARDEEP,M,7,6,3,6,6,45,28
PARDEEP,F,0,0,3,0,0,3,3
PARIS,F,157,152,225,184,168,3713,886
PARIS,M,14,15,10,15,18,275,72
PARISA,F,8,5,5,5,0,210,23
PARISH,M,0,0,0,0,0,3,0
PARISHA,F,0,0,3,8,0,51,11
PARISS,F,6,0,0,5,3,19,14
PARISSE,F,0,0,3,0,0,3,3
PARKER,M,0,0,0,0,0,1050,0
PARKER,F,0,0,0,0,0,73,0
PARMINDER,M,11,3,10,0,5,32,29
PARMINDER,F,4,0,0,6,0,13,10
PARNIKA,F,0,0,0,0,0,10,0
PARRIS,F,14,9,20,32,9,152,84
PARRIS,M,0,5,3,0,3,11,11
PARTH,M,6,9,8,7,8,222,38
PARVEEN,F,0,5,3,3,4,45,15
PARYS,F,4,7,6,3,11,76,31
PASCAL,M,12,19,9,9,3,180,52
PASCALE,F,10,9,13,4,7,72,43
PASCHA,F,0,0,0,0,0,10,0
PASHA,M,0,0,0,4,0,63,4
PASHA,F,5,0,3,6,3,51,17
PASQUALE,M,4,4,3,0,3,19,14
PASSION,F,0,0,0,0,0,4,0
PATIENCE,F,9,5,4,5,8,309,31
PATRIC,M,0,6,0,7,6,53,19
PATRICE,F,9,17,14,11,10,86,61
PATRICIA,F,68,56,46,49,31,24638,250
PATRICK,M,1039,962,937,847,777,30811,4562
PATRIK,M,6,9,9,9,8,281,41
PATRIKAS,M,0,0,0,0,0,10,0
PATRYK,M,3,4,0,3,5,1435,15
PATSIE,F,3,0,0,0,0,6,3
PATSY,F,15,20,15,11,12,236,73
PAUL,M,898,806,767,554,478,47474,3503
PAULA,F,45,37,36,24,18,3802,160
PAULIE,M,0,0,0,0,0,24,0
PAULINA,F,3,3,4,7,4,510,21
PAULINE,F,15,14,19,12,11,12026,71
PAULIUS,M,0,0,0,3,3,42,6
PAULO,M,7,7,8,11,9,181,42
PAVAN,M,19,11,16,10,22,283,78
PAVAN,F,7,0,6,5,14,159,32
PAVANDEEP,M,9,13,11,7,7,120,47
PAVANDEEP,F,9,13,12,5,8,77,47
PAVEL,M,0,0,0,5,0,161,5
PAVINDER,M,0,0,0,3,0,3,3
PAVITAR,M,0,5,0,3,0,12,8
PAVLOS,M,4,0,0,0,0,41,4
PAVNEET,F,0,0,0,6,3,56,9
PAWAN,M,3,3,3,3,0,29,12
PAWANDEEP,M,4,0,0,0,4,21,8
PAX,M,0,0,0,0,0,3,0
PAXTON,M,0,0,0,0,0,15,0
PAYAL,F,11,9,8,7,9,94,44
PAYGE,F,4,7,5,3,0,25,19
PAYNTON,F,0,5,0,0,3,15,8
PAYTEN,F,0,0,0,0,3,6,3
PAYTON,F,11,10,12,8,7,562,48
PAYTON,M,3,0,0,0,4,61,7
PEACE,F,0,0,6,9,6,132,21
PEACH,F,3,0,0,0,0,9,3
PEACHES,F,5,6,5,0,3,183,19
PEARCE,M,19,16,17,15,10,174,77
PEARL,F,27,22,27,25,25,1667,126
PEARSE,M,3,7,0,3,0,31,13
PEBBLES,F,3,0,0,0,0,64,3
PEDRO,M,14,11,15,11,17,474,68
PEER,M,0,0,0,0,3,3,3
PEGGIE,F,0,0,0,0,0,7,0
PEGGY,F,9,5,9,8,6,2890,37
PELE,M,0,0,8,3,3,61,14
PELHAM,M,3,0,0,0,0,6,3
PELIN,F,0,0,0,5,0,55,5
PELLE,M,0,0,3,0,0,3,3
PENELOPE,F,46,31,32,30,35,4656,174
PENIEL,F,0,0,0,0,0,42,0
PENINA,F,0,3,4,3,0,33,10
PENNIE,F,0,4,0,3,0,55,7
PENNY,F,81,54,69,54,55,1864,313
PEONY,F,0,0,0,0,0,67,0
PEPPER,F,0,0,0,0,0,73,0
PERCIVAL,M,0,3,0,0,0,1569,3
PERCY,M,0,0,3,3,8,5773,14
PERDITA,F,5,6,5,4,0,114,20
PEREGRINE,M,3,0,3,0,0,26,6
PERI,F,10,8,13,12,5,113,48
PERL,F,0,0,0,0,0,3,0
PERPETUA,F,0,0,0,0,0,3,0
PERRAN,M,4,4,0,0,8,74,16
PERRI,F,6,7,5,0,0,64,18
PERRI,M,6,7,3,0,0,22,16
PERRIE,F,6,5,5,3,0,101,19
PERRIE,M,5,6,7,4,0,22,22
PERRIN,M,0,0,0,3,0,9,3
PERRY,M,139,111,96,85,40,862,471
PERRY,F,0,6,3,0,0,21,9
PERSEPHONE,F,4,6,10,4,6,290,30
PERSEPHONIE,F,0,0,0,0,0,3,0
PERSEUS,M,0,0,0,0,0,14,0
PERSIA,F,4,4,4,5,4,113,21
PETA,F,5,0,3,0,6,53,14
PETAR,M,4,0,0,3,5,82,12
PETE,M,4,3,0,0,0,31,7
PETER,M,1128,1024,935,804,678,61783,4569
PETRA,F,8,5,11,11,5,387,40
PETRAS,M,0,0,0,0,0,3,0
PETRINA,F,4,5,3,6,0,28,18
PETROS,M,5,5,4,3,0,51,17
PETRU,M,0,0,0,0,0,31,0
PETRUS,M,0,0,0,0,3,6,3
PEYTON,F,36,28,19,7,10,1351,100
PEYTON,M,0,0,0,0,0,106,0
PHAEDRA,F,0,0,3,0,0,60,3
PHARREL,M,0,0,0,0,0,6,0
PHARRELL,M,0,0,0,0,0,395,0
PHEBE,F,9,10,10,12,12,283,53
PHELAN,M,0,4,0,0,0,46,4
PHEOBE,F,7,9,9,13,15,634,53
PHIL,M,0,3,4,3,4,63,14
PHILBERT,M,0,0,0,0,0,3,0
PHILEMON,M,0,3,0,0,0,14,3
PHILIP,M,481,405,315,289,229,26782,1719
PHILIPA,F,3,3,0,3,0,19,9
PHILIPP,M,3,0,0,0,0,38,3
PHILIPPA,F,289,270,244,228,195,3307,1226
PHILIPPE,M,6,8,8,5,7,99,34
PHILLIP,M,184,164,115,94,92,7054,649
PHILLIPA,F,38,30,34,24,18,364,144
PHILLIPPA,F,28,32,18,26,21,279,125
PHILOMENA,F,8,9,3,5,7,148,32
PHINEAS,M,4,0,0,0,0,95,4
PHINN,M,0,0,0,0,0,3,0
PHINNAEUS,M,0,0,0,0,0,3,0
PHOEBE,F,910,1071,1371,1431,1319,32249,6102
PHOEBIE,F,0,3,3,4,5,195,15
PHOENIX,M,8,10,10,18,20,1602,66
PHOENIX,F,10,8,6,11,35,849,70
PHONG,M,0,3,0,0,0,15,3
PHUONG,F,5,0,0,3,3,29,11
PHYLLIS,F,0,0,0,0,0,10439,0
PIA,F,13,27,18,19,20,500,97
PIERCE,M,61,60,41,47,45,655,254
PIERO,M,0,0,0,3,0,17,3
PIERRE,M,21,23,33,27,28,439,132
PIERS,M,71,68,89,58,51,730,337
PIETER,M,0,3,4,5,5,61,17
PIETRO,M,4,4,6,10,5,163,29
PINAR,F,8,5,7,4,0,39,24
PINCHAS,M,5,4,4,3,3,49,19
PINCHOS,M,0,3,3,4,6,81,16
PIOTR,M,0,5,0,0,0,623,5
PIOUS,M,0,0,0,0,0,3,0
PIP,M,0,4,0,4,0,84,8
PIP,F,0,0,0,0,0,18,0
PIPER,F,0,3,3,3,22,1358,31
PIPPA,F,35,25,25,28,52,2651,165
PIPPI,F,0,0,0,0,0,20,0
PIRAN,M,0,4,8,9,6,175,27
PIXIE,F,0,0,0,0,0,671,0
POLAT,M,0,0,0,0,0,16,0
POLLY,F,212,180,130,164,106,3244,792
POLLYANNA,F,22,20,26,20,9,448,97
POLLY-ANNA,F,0,0,4,0,3,22,7
POOJA,F,34,35,22,23,21,233,135
POONAM,F,10,4,6,0,6,35,26
POPPI,F,0,3,9,0,9,228,21
POPPIE,F,15,19,17,12,10,992,73
POPPY,F,537,468,534,516,598,34571,2653
POPPY-MAE,F,0,0,0,3,0,218,3
POPPY-MAY,F,0,0,0,0,0,159,0
PORSCHA,F,8,0,3,0,3,165,14
PORSCHE,F,3,0,6,4,5,99,18
PORSHA,F,3,8,4,7,6,250,28
PORTIA,F,28,24,20,28,31,426,131
PRABAL,M,0,0,0,0,0,5,0
PRABHJOT,M,7,0,3,0,5,86,15
PRABHJOT,F,3,4,3,5,4,69,19
PRABHNOOR,M,0,0,0,0,0,20,0
PRAISE,M,0,0,0,4,0,100,4
PRAKASH,M,0,3,4,5,0,12,12
PRANAV,M,5,9,6,7,14,392,41
PRANAY,M,5,3,5,4,11,163,28
PRASHANT,M,13,8,3,6,0,40,30
PRATIK,M,5,0,0,3,3,46,11
PRAVEEN,M,3,0,0,7,4,76,14
PRECIOUS,F,25,24,23,25,41,1295,138
PRECIOUS,M,0,0,0,0,0,33,0
PREENA,F,3,4,6,0,0,20,13
PREET,F,0,0,6,4,0,125,10
PREETI,F,6,0,0,6,4,75,16
PREEYA,F,0,4,4,0,0,95,8
PREM,M,5,9,9,8,5,201,36
PRENTICE,M,0,13,4,5,3,28,25
PRESLEY,M,0,0,0,3,6,397,9
PRESLEY,F,0,0,0,0,0,69,0
PRESTON,M,10,18,7,9,15,2462,59
PRIA,F,3,5,4,0,0,73,12
PRIAM,M,0,0,0,0,0,3,0
PRIANKA,F,0,0,4,5,0,23,9
PRIMROSE,F,6,12,9,5,9,605,41
PRINA,F,0,3,3,3,0,22,9
PRINCE,M,20,20,28,23,24,1103,115
PRINCESS,F,11,18,23,19,29,1176,100
PRISCA,F,3,0,6,4,0,56,13
PRISCILLA,F,24,30,20,25,23,513,122
PRITAM,M,0,3,0,4,0,14,7
PRITESH,M,7,7,5,4,8,48,31
PRITHIKA,F,0,0,0,0,0,21,0
PRITHVI,M,0,0,0,0,7,43,7
PRITI,F,0,3,0,0,0,3,3
PRITPAL,M,6,0,0,3,0,12,9
PRIYA,F,101,115,119,125,129,2420,589
PRIYAL,F,0,4,0,3,7,58,14
PRIYAN,M,0,7,0,6,3,79,16
PRIYANKA,F,39,47,30,40,36,448,192
PRIYEN,M,4,0,3,5,0,16,12
PRIYESH,M,13,9,12,0,5,57,39
PROMISE,F,0,0,0,0,0,46,0
PROMISE,M,0,0,0,0,3,24,3
PRUDENCE,F,5,0,4,5,6,202,20
PTOLEMY,M,4,0,0,0,0,142,4
PUI,F,5,0,6,0,5,34,16
PUJA,F,12,5,6,6,6,62,35
PUNEET,M,0,4,0,6,3,20,13
PURITY,F,0,0,0,0,0,18,0
QAASIM,M,6,6,8,7,0,98,27
QAIS,M,8,6,4,9,7,236,34
QAISER,M,4,3,3,0,0,13,10
QAMAR,M,8,0,9,8,0,50,25
QASAM,M,3,0,0,3,3,9,9
QASIM,M,73,76,61,64,74,1212,348
QAYS,M,0,0,3,5,5,46,13
QAZI,M,0,0,0,0,0,48,0
QENDRESA,F,0,0,0,4,4,8,8
QUADE,M,4,0,0,0,0,52,4
QUAID,M,3,4,7,4,5,66,23
QUAN,M,0,0,0,0,0,6,0
QUDSIA,F,0,0,5,0,3,52,8
QUEEN,F,0,4,0,0,0,69,4
QUEENIE,F,5,5,0,0,5,180,15
QUENTIN,M,11,14,21,9,11,267,66
QUIANA,F,5,0,0,4,0,18,9
QUILLAN,M,0,0,0,0,0,12,0
QUIN,M,0,0,0,0,0,45,0
QUIN,F,0,0,0,0,0,6,0
QUINCEY,M,0,0,0,0,0,6,0
QUINCY,M,7,3,4,4,10,199,28
QUINLAN,M,5,0,11,5,5,173,26
QUINLEY,M,0,0,3,0,0,3,3
QUINN,M,10,21,47,37,41,1386,156
QUINN,F,4,0,3,0,3,478,10
QUINNE,F,0,0,0,0,0,3,0
QUINTEN,M,0,4,3,0,0,41,7
QUINTIN,M,3,3,3,4,0,43,13
QUINTON,M,4,4,10,8,8,155,34
QUINTUS,M,0,0,0,0,0,6,0
QUOC,M,7,0,3,0,0,21,10
QUORRA,F,0,0,0,0,0,12,0
QURATULAIN,F,0,0,0,0,3,12,3
RABAH,M,0,0,0,0,0,4,0
RABEEAH,F,4,0,0,3,0,15,7
RABIA,F,37,42,43,35,29,651,186
RABIAH,F,5,13,14,14,13,143,59
RABIYA,F,9,9,6,0,7,137,31
RACHAEL,F,721,643,530,444,373,7777,2711
RACHEAL,F,20,19,17,13,14,247,83
RACHEL,F,2105,2120,1890,1775,1417,31409,9307
RACHELE,F,4,4,0,0,4,18,12
RACHELLE,F,26,23,21,15,12,189,97
RACQUEL,F,0,3,3,0,0,6,6
RADEK,M,0,0,0,0,0,15,0
RADEYAH,F,0,3,6,0,4,31,13
RADHA,F,8,6,6,5,3,123,28
RADHIKA,F,30,29,19,25,10,263,113
RADIA,F,0,5,9,0,3,45,17
RADIN,M,0,0,0,0,0,39,0
RADMAN,M,0,0,0,0,0,3,0
RADOMIR,M,0,0,0,0,0,3,0
RADOSLAV,M,0,0,0,0,0,21,0
RADOSLAW,M,0,0,0,0,0,42,0
RADU,M,0,0,0,0,0,34,0
RADVIN,M,0,0,0,0,0,9,0
RADWAN,M,4,0,0,0,3,82,7
RAE,F,27,29,31,26,18,609,131
RAEANNE,F,4,3,0,0,4,22,11
RAE-ANNE,F,3,3,3,0,0,9,9
RAEES,M,13,15,18,15,25,583,86
RAEESA,F,18,19,9,11,9,192,66
RAEESAH,F,9,15,16,10,13,239,63
RA'EESAH,F,0,3,3,0,3,21,9
RAEGAN,F,17,11,15,9,9,232,61
RAEKWON,M,4,7,8,5,4,67,28
RAFA,F,0,0,0,3,0,28,3
RAFAEL,M,10,19,17,18,21,1949,85
RAFAELA,F,0,0,3,4,6,125,13
RAFAELE,M,0,0,0,0,0,3,0
RAFAELLA,F,3,0,5,0,4,101,12
RAFAL,M,0,0,0,0,0,121,0
RAFE,M,13,11,12,8,14,960,58
RAFFAEL,M,0,0,0,0,0,43,0
RAFFAELE,M,6,0,4,0,4,119,14
RAFFAELLA,F,0,0,8,0,0,107,8
RAFFE,M,0,0,0,0,0,3,0
RAFFERTY,M,0,0,0,0,4,1050,4
RAFFI,M,0,0,0,0,0,82,0
RAFFY,M,0,0,0,0,0,6,0
RAFI,M,7,5,9,10,8,358,39
RAFIA,F,10,3,6,5,4,113,28
RAFIAH,F,3,0,0,8,0,38,11
RAFIQ,M,6,0,5,3,0,65,14
RAGAN,F,0,0,0,3,4,14,7
RAGHAV,M,3,6,3,3,3,153,18
RAGNAR,M,0,0,0,0,0,11,0
RAHAN,M,0,0,3,4,0,22,7
RAHAT,M,4,5,8,10,6,138,33
RAHAT,F,3,4,4,0,0,14,11
RAHEEL,M,12,9,20,11,13,263,65
RAHEELA,F,0,5,8,0,4,33,17
RAHEEM,M,41,42,41,24,49,1072,197
RAHEEMA,F,7,5,6,6,6,152,30
RAHEEMAH,F,0,0,3,3,3,62,9
RAHELA,F,3,3,4,3,0,122,13
RAHIL,M,6,6,12,9,9,179,42
RAHILA,F,4,3,0,3,0,17,10
RAHIM,M,18,19,31,34,22,511,124
RAHIMA,F,21,30,26,11,30,417,118
RAHIMAH,F,0,3,4,4,3,77,14
RAHMA,F,8,10,15,17,14,625,64
RAHMAN,M,4,0,4,0,3,127,11
RAHOUL,M,3,0,0,0,0,3,3
RAHSAAN,M,0,4,5,0,0,18,9
RAHUL,M,52,68,85,122,81,1171,408
RAI,M,0,0,0,3,0,65,3
RAI,F,0,0,0,0,0,15,0
RAIA,F,0,0,0,0,0,46,0
RAID,M,0,0,0,0,0,20,0
RAIDEN,M,0,0,0,0,0,137,0
RAIF,M,0,4,0,0,3,171,7
RAIGAN,F,0,0,0,3,4,14,7
RAIHAAN,M,3,0,3,4,0,100,10
RAIHAN,M,14,9,12,9,9,627,53
RAIHANA,F,4,5,0,4,0,98,13
RAIN,F,6,0,3,0,0,60,9
RAIN,M,0,0,0,0,0,17,0
RAINA,F,5,6,0,3,7,171,21
RAINBOW,F,0,0,0,3,0,28,3
RAINE,F,7,7,12,6,5,178,37
RAINE,M,0,0,0,0,0,24,0
RAINIE,F,0,0,0,0,0,17,0
RAIS,M,4,5,0,10,4,90,23
RAISA,F,3,5,7,13,12,229,40
RAISAH,F,0,5,0,6,3,38,14
RAISHA,F,0,4,0,4,0,22,8
RAISSA,F,0,0,0,0,0,31,0
RAITH,M,3,0,0,0,0,38,3
RAIYAN,M,4,0,0,4,0,162,8
RAJ,M,25,17,18,11,8,218,79
RAJA,M,52,78,74,63,58,1088,325
RAJAN,M,43,51,55,64,51,742,264
RAJANDEEP,M,4,5,0,0,0,12,9
RAJBIR,M,3,3,0,0,4,17,10
RAJDEEP,M,0,0,6,6,8,66,20
RAJDEEP,F,4,0,3,7,4,33,18
RAJEEV,M,5,0,7,0,0,16,12
RAJESH,M,9,4,6,5,0,38,24
RAJINDER,M,4,8,6,4,3,28,25
RAJIV,M,8,7,10,10,5,55,40
RAJNI,F,8,6,0,0,3,23,17
RAJPAL,M,3,0,3,3,3,18,12
RAJPREET,F,3,0,4,8,0,34,15
RAJU,M,0,3,0,0,0,8,3
RAJUN,M,0,0,3,0,4,20,7
RAJVEER,M,7,7,6,4,12,390,36
RAJVEER,F,0,0,0,4,5,32,9
RAJVINDER,F,5,3,8,3,0,25,19
RAJVIR,M,6,0,8,0,5,153,19
RAKEEM,M,7,5,8,9,14,120,43
RAKESH,M,6,6,5,0,3,26,20
RAKIB,M,0,3,4,4,7,31,18
RAKIBUR,M,3,0,0,0,0,3,3
RAKIM,M,0,8,9,5,3,49,25
RAKULAN,M,0,3,0,0,0,3,3
RALF,M,0,3,0,5,3,174,11
RALPH,M,47,47,48,51,40,7707,233
RALPHIE,M,0,0,0,0,0,403,0
RAM,M,8,7,10,0,3,128,28
RAMA,F,0,0,0,3,3,42,6
RAMA,M,0,0,0,0,0,3,0
RAMADAN,M,0,0,0,4,3,47,7
RAMAN,M,7,6,6,4,8,143,31
RAMAN,F,0,0,3,4,0,41,7
RAMANDEEP,F,9,11,11,7,5,86,43
RAMANDEEP,M,9,6,0,3,3,29,21
RAMANPREET,F,4,0,0,0,4,25,8
RAMAZAN,M,0,3,0,0,0,23,3
RAMEEN,F,0,5,5,4,0,140,14
RAMEESHA,F,0,3,5,4,0,75,12
RAMEEZ,M,11,5,6,7,7,86,36
RAMEL,M,5,0,3,7,0,54,15
RAMESH,M,0,3,0,3,0,6,6
RAMEZ,M,4,0,3,0,0,10,7
RAMI,M,4,7,12,8,6,229,37
RAMIREZ,M,0,0,0,0,0,3,0
RAMIRO,M,0,0,0,0,0,42,0
RAMISA,F,0,4,6,4,5,128,19
RAMISHA,F,0,3,7,11,5,88,26
RAMIZ,M,3,0,5,0,0,51,8
RAMLA,F,7,4,7,4,7,169,29
RAMNEET,F,0,0,0,3,0,19,3
RAMON,M,6,6,6,5,8,104,31
RAMONA,F,3,0,4,3,7,227,17
RAMONE,M,14,10,8,10,6,170,48
RAMONE,F,0,3,0,0,0,3,3
RAMSAY,M,0,3,0,0,0,51,3
RAMSEY,M,0,4,4,0,3,132,11
RAMSHA,F,3,8,5,10,5,78,31
RAMZAN,M,6,0,6,6,4,48,22
RAMZI,M,4,0,0,0,4,117,8
RAMZY,M,0,0,0,0,0,11,0
RANA,F,10,7,7,9,9,287,42
RANA,M,0,6,3,3,0,84,12
RAND,M,0,0,0,0,0,27,0
RANDAL,M,0,0,0,0,3,3,3
RANDALL,M,5,3,0,0,0,35,8
RANDEEP,M,5,4,0,0,3,21,12
RANDELL,M,0,0,0,3,0,3,3
RANDOLPH,M,0,0,0,0,0,6,0
RANDY,M,3,3,3,0,6,72,15
RANI,F,5,6,3,4,5,141,23
RANIA,F,6,10,9,5,7,653,37
RANJIT,M,7,5,0,0,3,29,15
RANJODH,M,3,0,0,0,0,8,3
RANULPH,M,0,0,0,3,0,69,3
RANVEER,M,5,3,3,0,0,281,11
RANVIR,M,4,0,5,0,7,152,16
RANYA,F,3,3,4,5,5,153,20
RAOUL,M,6,7,4,0,4,69,21
RAPHAEL,M,47,56,48,66,63,2745,280
RAPHAELA,F,3,3,5,0,0,95,11
RAPHAELLA,F,6,6,10,10,5,159,37
RAPHAELLE,F,0,0,3,3,0,47,6
RAQEEB,M,0,4,6,3,4,57,17
RAQIYA,F,0,0,3,4,0,20,7
RAQUEL,F,7,6,14,10,8,166,45
RASAN,M,0,0,0,0,0,17,0
RASHA,F,3,5,0,3,0,49,11
RASHAAN,M,0,4,12,7,6,67,29
RASHAD,M,3,6,5,8,0,74,22
RASHAN,M,3,6,0,0,4,13,13
RASHARN,M,0,6,0,4,5,59,15
RASHAUN,M,8,4,8,3,3,64,26
RASHED,M,5,0,3,3,0,31,11
RASHEED,M,3,5,5,11,0,84,24
RASHEL,M,5,3,0,0,0,8,8
RASHID,M,8,12,6,7,13,212,46
RASHIDA,F,5,9,10,7,10,118,41
RASHIDAT,F,0,3,5,0,0,8,8
RASHMI,F,0,0,0,3,0,16,3
RASMUS,M,0,0,0,0,0,32,0
RAUF,M,0,0,0,0,0,30,0
RAUL,M,6,5,10,10,22,425,53
RAVEEN,F,0,4,3,0,5,16,12
RAVEENA,F,24,17,16,16,23,183,96
RAVEL,M,0,0,0,0,3,6,3
RAVEN,F,15,16,13,14,19,419,77
RAVEN,M,0,6,0,8,4,96,18
RAVI,M,41,47,43,32,29,467,192
RAVIN,M,3,0,0,0,0,12,3
RAVINA,F,12,6,8,8,7,51,41
RAVINDER,M,17,22,12,10,5,107,66
RAVINDER,F,11,0,4,6,0,34,21
RAVNEET,F,8,9,9,0,9,156,35
RAWAN,F,4,3,5,5,9,203,26
RAY,M,15,14,14,15,19,663,77
RAY,F,0,4,0,0,0,7,4
RAYA,F,6,6,3,3,4,659,22
RAYAN,M,4,5,8,17,14,2269,48
RAYAN,F,0,3,3,8,0,441,14
RAYANE,M,0,0,0,0,0,82,0
RAYANN,F,5,3,4,0,0,132,12
RAYANNE,F,15,9,9,6,7,87,46
RAYDEN,M,0,0,0,0,0,38,0
RAYHAAN,M,4,7,3,7,7,338,28
RAYHAN,M,12,12,15,13,13,940,65
RAYHANA,F,3,4,4,4,0,90,15
RAYMOND,M,78,58,44,50,45,20578,275
RAYMUND,M,0,0,0,0,0,3,0
RAYNA,F,6,5,5,6,11,187,33
RAYNE,F,3,4,3,0,0,145,10
RAYNOR,F,4,5,0,0,0,9,9
RAZ,F,0,0,0,0,0,49,0
RAZA,M,9,6,9,6,14,171,44
RAZAN,F,3,5,5,4,0,125,17
RAZIA,F,6,12,6,5,7,61,36
RAZINA,F,4,0,3,0,0,14,7
RAZWAN,M,3,3,12,0,4,22,22
REA,F,24,21,13,25,19,242,102
REACE,M,9,7,9,10,11,83,46
REAGAN,M,15,26,40,49,39,927,169
REAGAN,F,12,19,22,21,14,313,88
REAH,F,9,6,0,7,8,96,30
REANN,F,3,3,0,0,6,33,12
REANNA,F,34,31,38,31,40,530,174
REANNE,F,56,36,53,42,44,375,231
REANNON,F,0,4,0,0,0,7,4
REBA,F,3,3,0,7,0,25,13
REBBECA,F,0,4,0,0,0,20,4
REBBECCA,F,10,12,9,0,5,54,36
REBECA,F,8,12,13,18,16,371,67
REBECCA,F,5828,5514,4767,4624,3826,61125,24559
REBECCAH,F,5,5,0,7,3,24,20
REBECCA-LOUISE,F,4,4,3,0,0,17,11
REBECKA,F,15,15,7,6,8,83,51
REBECKAH,F,7,4,3,5,3,22,22
REBEKA,F,16,11,12,7,13,306,59
REBEKAH,F,424,462,362,375,412,4669,2035
REBEKHA,F,3,6,0,0,0,9,9
REBEKKA,F,44,35,26,28,23,269,156
REBEKKAH,F,14,15,11,3,6,79,49
RECO,M,0,0,0,0,0,15,0
RED,M,4,4,5,8,9,121,30
RED,F,0,0,0,5,0,28,5
REDA,M,0,0,0,0,4,43,4
REDA,F,0,0,0,0,0,11,0
REDD,M,4,0,0,4,0,47,8
REDFORD,M,5,0,0,3,0,34,8
REDMOND,M,3,4,5,3,4,26,19
REDWAN,M,0,4,0,4,5,64,13
REECE,M,1811,1780,1729,1602,1636,24306,8558
REECE,F,17,18,8,3,0,95,46
REED,M,11,7,7,5,8,180,38
REEF,M,3,9,10,22,14,264,58
REEGAN,M,13,9,24,26,32,768,104
REEGAN,F,0,5,6,6,12,117,29
REEM,F,19,16,17,26,18,522,96
REEMA,F,15,25,23,24,14,264,101
REEMAS,F,0,0,0,0,0,9,0
REENA,F,15,12,13,14,12,158,66
REES,M,21,38,40,39,52,389,190
REESE,F,11,3,0,7,9,389,30
REESE,M,13,12,10,11,12,340,58
REESHA,F,0,0,3,3,3,22,9
REEVA,F,0,0,0,0,0,219,0
REEVE,M,7,6,8,9,8,171,38
REEYA,F,0,0,4,0,5,105,9
REG,M,0,0,0,0,0,14,0
REGAN,M,136,148,228,233,182,3104,927
REGAN,F,31,54,54,36,57,727,232
REGGI,M,0,0,0,0,0,6,0
REGGIE,M,16,10,25,23,29,3775,103
REGGY,M,0,0,0,0,0,4,0
REGINA,F,12,7,7,7,9,161,42
REGINALD,M,12,13,5,4,9,13686,43
REGIS,M,0,0,0,0,0,9,0
REHA,F,0,3,0,0,5,29,8
REHAAN,M,6,0,0,6,6,472,18
REHAN,M,12,16,13,21,11,1329,73
REHANA,F,5,7,13,16,16,167,57
REHANNA,F,0,3,0,3,3,52,9
REHMAN,M,5,6,5,0,8,117,24
REI,M,0,0,0,0,0,20,0
REI,F,0,0,0,0,0,3,0
REIA,F,0,0,0,0,0,3,0
REICE,M,6,8,5,4,6,65,29
REID,M,13,17,15,11,17,498,73
REIF,M,0,0,0,0,3,7,3
REIGAN,F,0,0,0,0,0,11,0
REIGN,M,0,0,0,0,0,29,0
REIGN,F,0,0,0,0,0,15,0
REIKO,M,0,0,0,0,0,3,0
REILLY,M,4,3,8,6,8,608,29
REINA,F,0,0,0,3,0,101,3
REIS,M,6,17,9,11,7,189,50
REISA,F,0,0,0,0,0,3,0
REISE,M,0,0,0,0,0,3,0
REISEL,F,0,3,0,0,3,30,6
REISHA,F,0,0,0,0,4,7,4
REISS,M,73,67,78,76,67,815,361
REISS,F,3,5,0,0,0,8,8
REJOICE,F,0,0,0,0,0,17,0
REKHA,F,5,4,4,0,0,17,13
REMA,F,9,8,5,4,4,49,30
REMAE,F,0,0,0,0,0,20,0
REMAS,F,0,0,0,0,0,45,0
REME,F,0,0,4,0,0,4,4
REMEE,F,0,0,0,0,0,21,0
REMEL,M,7,7,9,5,6,81,34
REMELL,M,3,0,5,0,6,80,14
REMI,F,57,44,27,30,26,635,184
REMI,M,24,31,28,33,16,583,132
REMIE,F,6,5,3,4,0,62,18
REMIE,M,0,0,0,0,0,7,0
REMINGTON,M,0,0,0,0,0,7,0
REMMEL,M,0,3,0,3,0,6,6
REMMI,F,4,3,5,0,0,18,12
REMMI,M,0,0,0,0,0,6,0
REMMIE,F,7,0,5,0,0,22,12
REMMIE,M,0,0,0,3,0,3,3
REMUS,M,0,0,0,0,0,34,0
REMY,M,16,21,11,24,16,781,88
REMY,F,44,24,16,14,14,312,112
REN,M,0,0,0,0,0,101,0
REN,F,0,0,0,0,0,40,0
RENA,F,0,7,5,7,10,86,29
RENAD,F,0,0,0,0,0,61,0
RENAE,F,9,14,15,13,17,575,68
RENAI,F,4,0,0,3,4,54,11
RENALDO,M,0,4,0,0,3,15,7
RENAS,M,0,0,0,0,0,17,0
RENATA,F,0,3,0,5,5,118,13
RENAY,F,4,3,4,7,0,82,18
RENAYA,F,0,0,0,0,0,38,0
RENE,F,10,11,19,17,16,216,73
RENE,M,4,10,7,11,8,194,40
RENEA,F,5,3,0,3,3,49,14
RENEE,F,67,104,77,102,108,2057,458
RENEECE,F,3,3,0,0,3,9,9
RENELL,M,0,4,0,0,4,44,8
RENLEY,M,0,0,0,0,0,6,0
RENLY,M,0,0,0,0,0,6,0
RENNA,F,3,0,0,0,0,6,3
RENNY,M,0,0,0,0,0,7,0
RENO,M,0,0,3,5,6,65,14
RENU,F,6,4,3,0,0,16,13
RENUKA,F,7,0,0,3,0,10,10
RENZO,M,0,0,0,0,0,67,0
REO,M,0,3,0,0,0,233,3
REO,F,0,5,3,0,0,26,8
REON,M,3,3,0,10,29,338,45
RESHMA,F,4,12,11,3,11,102,41
REUBAN,M,0,0,0,0,0,83,0
REUBEN,M,160,181,213,194,242,12509,990
REUBYN,M,0,0,0,0,0,40,0
REUEL,M,0,3,4,3,8,114,18
REUVEN,M,0,0,0,0,0,20,0
REVA,F,0,0,0,0,0,74,0
REVAN,M,0,0,0,0,0,6,0
REVE,M,0,0,0,0,0,3,0
REX,M,8,8,8,4,8,1083,36
REXHEP,M,0,0,0,0,0,3,0
REY,M,0,0,0,0,0,26,0
REYA,F,0,0,0,0,4,212,4
REYAH,F,0,0,0,0,0,101,0
REYES,M,0,0,0,0,0,13,0
REYHAN,F,0,0,0,0,0,44,0
REYNA,F,0,0,0,0,0,48,0
REYNARD,M,0,0,4,0,0,4,4
REYO,M,0,0,0,0,0,3,0
REZA,M,3,5,0,9,3,100,20
REZWAN,M,5,4,7,5,0,80,21
REZWANA,F,18,14,6,16,8,102,62
RHAIN,M,0,0,0,3,0,3,3
RHAYA,F,0,0,0,0,0,18,0
RHEA,F,93,97,109,90,121,2025,510
RHEAGAN,F,0,0,0,0,0,3,0
RHEAN,M,0,0,0,0,0,3,0
RHEANA,F,0,0,0,4,0,4,4
RHEANN,F,3,0,0,0,0,3,3
RHEANNA,F,27,16,16,26,23,240,108
RHEANNAN,F,0,0,0,0,0,3,0
RHEANNE,F,15,9,12,11,11,80,58
RHEANNON,F,3,4,6,3,7,32,23
RHEECE,M,0,0,0,0,0,3,0
RHEGAN,F,0,0,0,0,0,3,0
RHEIA,F,0,0,0,0,0,13,0
RHEMA,F,0,0,3,3,3,68,9
RHEO,M,0,0,0,0,0,25,0
RHEO,F,0,0,0,0,0,3,0
RHEON,M,0,0,0,0,0,7,0
RHETT,M,4,0,4,0,0,46,8
RHEUBEN,M,0,0,0,0,0,6,0
RHEYA,F,0,0,0,0,0,65,0
RHIA,F,15,24,20,19,23,547,101
RHIAD,M,0,0,0,0,0,3,0
RHIAIN,F,4,3,9,4,0,20,20
RHIAN,F,192,144,143,107,119,1515,705
RHIAN,M,3,3,3,0,3,63,12
RHIANA,F,17,15,12,9,16,279,69
RHIANAN,F,3,0,4,4,0,11,11
RHIANE,F,10,9,5,0,5,38,29
RHIANEDD,F,0,0,0,3,0,3,3
RHIANN,F,35,29,25,32,26,306,147
RHIANNA,F,276,271,277,256,197,4289,1277
RHIANNAH,F,4,6,6,0,3,46,19
RHIANNAN,F,12,10,17,22,17,193,78
RHIANNE,F,112,89,109,77,78,794,465
RHIANNON,F,654,591,657,590,526,6496,3018
RHIANON,F,14,11,7,4,5,76,41
RHIANWEN,F,3,0,0,0,5,43,8
RHIANYDD,F,5,5,3,5,3,21,21
RHIDIAN,M,5,4,5,0,6,28,20
RHIEN,M,3,0,0,0,0,6,3
RHION,M,0,0,3,0,0,26,3
RHOAN,M,0,0,0,0,0,3,0
RHOANNE,F,3,0,0,0,0,3,3
RHODA,F,7,5,6,7,5,133,30
RHODRI,M,57,48,59,55,49,665,268
RHONA,F,25,12,14,10,10,188,71
RHONDA,F,0,4,0,0,0,4,4
RHONWEN,F,3,0,0,0,0,3,3
RHOSWEN,F,0,0,0,0,0,6,0
RHOSYN,F,0,0,0,0,0,3,0
RHUBEN,M,0,0,0,0,0,24,0
RHUN,M,3,4,0,0,3,44,10
RHY,M,0,0,0,0,0,3,0
RHYA,F,0,0,0,0,5,28,5
RHYAN,M,7,8,9,8,8,138,40
RHYAN,F,0,0,0,4,0,4,4
RHYANNA,F,8,10,7,13,6,119,44
RHYANNE,F,7,0,6,3,3,27,19
RHYANNON,F,8,0,5,5,0,36,18
RHYCE,M,5,8,10,7,4,60,34
RHYDIAN,M,22,31,24,9,27,375,113
RHYLAN,M,0,0,0,0,0,33,0
RHYLEE,M,0,0,0,0,0,151,0
RHYON,M,0,0,0,0,0,6,0
RHYS,M,1259,1291,1310,1270,1375,23492,6505
RHYSE,M,4,0,0,0,7,46,11
RHYS-JAMES,M,0,0,0,0,0,3,0
RHYSS,M,0,0,3,0,0,3,3
RHYTHM,M,0,0,0,0,0,11,0
RIA,F,118,127,132,159,138,3294,674
RIAD,M,0,3,3,4,3,107,13
RIAH,F,12,10,9,4,3,173,38
RIAIN,M,0,0,3,0,0,3,3
RIAN,M,25,38,33,40,41,1038,177
RIAN,F,6,7,7,6,0,56,26
RIANA,F,13,11,11,14,13,273,62
RIANAH,F,0,0,0,0,0,3,0
RIANN,F,4,3,0,4,0,26,11
RIANNA,F,90,89,78,59,61,1100,377
RIANNAN,F,0,0,3,0,0,3,3
RIANNE,F,49,36,29,27,32,329,173
RIANNON,F,9,4,10,8,12,94,43
RIARNA,F,0,3,0,0,0,7,3
RIAZ,M,5,6,13,13,12,262,49
RICARDO,M,39,47,57,65,45,900,253
RICCARDO,M,23,18,12,15,9,231,77
RICCI,M,4,0,0,0,0,7,4
RICCO,M,3,0,3,0,4,127,10
RICHA,F,4,5,3,0,0,65,12
RICHARD,M,1089,880,683,547,500,51932,3699
RICHELLE,F,8,0,6,5,7,88,26
RICHIE,M,25,15,28,19,15,505,102
RICHMOND,M,3,4,4,0,0,82,11
RICK,M,7,4,5,4,0,40,20
RICKESH,M,0,3,0,0,0,6,3
RICKEY,M,0,3,0,0,0,6,3
RICKI,M,16,12,10,4,3,60,45
RICKI,F,15,16,9,0,3,43,43
RICKIE,M,14,8,10,3,3,42,38
RICKY,M,242,168,138,101,93,2214,742
RICKY-LEE,M,5,0,5,0,4,20,14
RICO,M,16,14,15,9,20,873,74
RIDA,F,9,5,5,8,8,462,35
RIDDHI,F,0,3,8,3,4,117,18
RIDDICK,M,0,0,0,0,3,9,3
RIDHA,F,7,0,3,3,0,82,13
RIDHI,F,3,4,5,0,5,83,17
RIDHWAAN,M,3,5,4,0,5,43,17
RIDHWAN,M,9,0,0,5,5,92,19
RIDLEY,M,0,0,0,3,0,145,3
RIDWAN,M,6,12,10,12,20,611,60
RIECE,M,4,3,4,5,4,39,20
RIELLY,M,0,0,0,0,0,25,0
RIFAT,F,6,5,0,0,0,17,11
RIFKA,F,0,0,3,0,8,54,11
RIHAN,M,0,0,0,0,3,41,3
RIHANA,F,3,0,0,0,6,232,9
RIHANNA,F,0,0,0,0,0,1601,0
RIHANNAH,F,0,0,0,0,0,28,0
RIHANNON,F,0,0,0,0,0,14,0
RIKAI,M,0,0,0,0,0,3,0
RIKARDO,M,0,0,0,0,0,15,0
RIKESH,M,18,9,5,4,8,56,44
RIKI,M,0,3,0,0,0,13,3
RIKI,F,0,0,0,3,0,9,3
RIKKI,F,17,19,18,4,10,106,68
RIKKI,M,24,17,6,0,3,88,50
RIKKY,M,0,3,0,0,0,3,3
RIKO,M,0,0,0,0,0,17,0
RIKU,M,0,4,0,4,0,15,8
RILEY,M,32,42,70,92,168,29339,404
RILEY,F,9,12,9,9,11,727,50
RILLEY,M,0,0,0,0,0,13,0
RILWAN,M,3,0,0,0,3,16,6
RIMA,F,24,18,12,11,9,183,74
RIMINI,F,0,6,7,7,4,55,24
RIMMEL,M,0,0,0,0,3,3,3
RIMSHA,F,5,17,14,24,24,302,84
RIMSHAH,F,0,0,3,6,4,50,13
RINA,F,8,5,7,6,6,162,32
RINGO,M,0,0,0,0,0,3,0
RINOA,F,0,0,0,0,0,23,0
RINOR,M,0,0,3,0,5,15,8
RIO,M,9,26,42,56,53,4259,186
RIO,F,41,59,38,49,31,605,218
RION,M,0,0,0,6,3,166,9
RIONA,F,7,3,8,13,6,158,37
RIORDAN,M,8,7,9,0,3,92,27
RIPLEY,F,4,0,0,4,0,84,8
RISA,F,4,0,0,0,0,18,4
RISHA,F,4,4,4,0,0,132,12
RISHABH,M,5,3,0,6,0,125,14
RISHAL,M,3,0,0,0,0,3,3
RISHAN,M,3,0,0,6,0,91,9
RISHI,M,34,38,37,49,31,966,189
RISHIK,M,0,0,0,0,0,18,0
RISHIL,M,0,0,0,3,4,13,7
RITA,F,9,14,11,18,13,5443,65
RITCHIE,M,11,8,11,12,10,196,52
RITESH,M,0,0,0,3,4,30,7
RITHIK,M,0,0,0,0,11,56,11
RITHVIK,M,0,0,0,0,0,28,0
RITIK,M,0,0,0,0,18,34,18
RITIKA,F,0,0,0,0,0,101,0
RITU,F,0,0,0,0,3,3,3
RIVA,F,5,0,0,4,0,116,9
RIVALDO,M,0,0,3,0,4,26,7
RIVER,M,14,18,11,17,9,776,69
RIVER,F,3,4,5,0,0,532,12
RIVKA,F,18,12,16,12,12,358,70
RIVKAH,F,4,0,4,5,3,41,16
RIYA,F,10,30,33,27,49,1515,149
RIYAD,M,0,0,5,10,16,250,31
RIYAN,M,0,0,3,4,9,210,16
RIYAZ,M,0,0,3,4,3,54,10
RIZWAAN,M,7,3,0,0,8,62,18
RIZWAN,M,25,28,24,26,27,464,130
RIZWANA,F,12,13,8,11,7,107,51
ROA,F,0,0,0,0,0,3,0
ROALD,M,0,0,0,0,0,6,0
ROAN,M,6,6,8,3,26,569,49
ROAN,F,0,0,0,0,0,8,0
ROANNA,F,8,4,3,6,0,35,21
ROANNE,F,3,0,0,3,0,15,6
ROARK,M,0,0,0,0,0,3,0
ROARY,M,0,0,0,0,0,62,0
ROB,M,7,4,4,5,0,35,20
ROBBERT,M,0,0,0,0,3,3,3
ROBBIE,M,302,262,358,348,312,4311,1582
ROBBIE,F,4,0,0,0,0,4,4
ROBBIE-LEE,M,0,4,3,0,0,13,7
ROBBY,M,4,5,4,6,3,85,22
ROBBYN,F,0,3,0,11,0,14,14
ROBEL,M,0,3,4,0,3,73,10
ROBEN,M,0,0,0,0,0,3,0
ROBERT,M,2644,2281,2121,1853,1619,80629,10518
ROBERTA,F,48,47,31,36,32,593,194
ROBERTO,M,38,34,40,33,29,467,174
ROBI,M,0,0,0,3,0,6,3
ROBIN,M,161,151,127,96,112,8153,647
ROBIN,F,17,13,20,8,11,415,69
ROBINA,F,3,3,3,0,0,15,9
ROBIUL,M,0,3,0,0,0,11,3
ROBSON,M,84,44,47,34,33,509,242
ROBY,M,0,0,0,0,0,11,0
ROBYN,F,683,568,563,496,420,8931,2730
ROBYN,M,6,0,0,0,3,22,9
ROBYNE,F,0,0,0,3,0,3,3
ROBYNN,F,0,0,0,0,0,18,0
ROBYNNE,F,4,0,6,5,3,40,18
ROCCO,M,0,0,0,0,9,3184,9
ROCH,M,0,0,0,0,0,11,0
ROCHANA,F,3,0,0,0,0,6,3
ROCHE,F,0,0,3,3,0,16,6
ROCHEL,F,6,7,8,8,5,132,34
ROCHELLE,F,128,128,107,60,46,907,469
ROCK,M,0,0,0,0,0,10,0
ROCKIE,M,0,0,0,0,0,6,0
ROCKO,M,0,0,0,0,0,36,0
ROCKY,M,4,6,3,4,3,482,20
ROCO,M,0,0,0,0,0,8,0
ROD,M,3,0,0,0,0,3,3
RODA,F,0,0,0,0,0,29,0
RODDY,M,0,0,3,0,0,41,3
RODERICK,M,13,11,9,7,8,109,48
RODI,M,0,0,3,0,0,55,3
RODIN,M,0,0,0,0,0,22,0
RODNEY,M,7,8,13,10,8,2334,46
RODRIGO,M,4,0,0,8,3,388,15
ROEN,M,0,0,0,0,0,18,0
ROGAN,M,9,3,6,5,4,238,27
ROGER,M,22,23,14,15,12,9754,86
ROGUE,F,0,0,0,0,0,35,0
ROHA,F,0,0,0,0,0,55,0
ROHAAN,M,0,0,6,7,8,231,21
ROHAIL,M,8,12,11,14,7,135,52
ROHAN,M,70,88,124,157,190,4628,629
ROHAN,F,3,0,5,0,4,20,12
ROHANNA,F,3,5,0,0,4,25,12
ROHEN,M,0,0,0,0,0,6,0
ROHID,M,3,3,0,0,0,6,6
ROHIMA,F,7,8,8,10,3,56,36
ROHIN,M,9,6,5,8,6,112,34
ROHINI,F,7,4,5,8,3,63,27
ROHIT,M,20,22,16,25,23,336,106
ROHITH,M,0,0,0,0,0,23,0
ROISIN,F,134,158,134,105,102,1744,633
ROJAN,M,0,0,0,0,0,12,0
ROJDA,F,3,0,0,3,4,64,10
ROJHAT,M,0,0,0,0,0,20,0
ROKAS,M,0,0,0,0,0,169,0
ROKO,M,0,0,0,0,0,3,0
ROKSANA,F,0,0,0,0,0,284,0
ROLAND,M,18,14,11,14,10,2368,67
ROLLO,M,0,0,5,3,4,66,12
ROMA,F,19,13,13,22,15,475,82
ROMAANA,F,4,5,0,6,0,15,15
ROMAIN,M,3,3,4,0,3,121,13
ROMAN,M,27,24,24,20,55,4598,150
ROMANA,F,24,20,19,12,20,262,95
ROMANI,F,0,0,5,5,0,58,10
ROMANO,M,0,0,4,0,0,78,4
ROMANY,F,18,16,16,15,10,351,75
ROMARIO,M,10,11,19,8,11,318,59
ROMAYNE,M,0,3,0,0,0,7,3
ROME,M,0,0,0,3,0,225,3
ROMEL,M,3,5,0,3,0,35,11
ROMEO,M,0,0,3,3,6,1422,12
ROMERO,M,0,0,0,3,3,84,6
ROMESSA,F,3,0,0,0,6,29,9
ROMEY,F,4,0,3,6,5,122,18
ROMEY,M,0,0,0,0,0,26,0
ROMI,F,4,0,4,7,10,148,25
ROMI,M,4,0,4,0,0,29,8
ROMILLY,F,8,9,5,10,10,618,42
ROMILY,F,0,3,0,3,0,74,6
ROMINA,F,4,6,7,5,3,100,25
ROMMEL,M,4,0,0,0,0,10,4
ROMY,F,31,19,36,36,50,746,172
RON,M,4,3,3,3,9,120,22
RONA,F,13,5,6,5,9,143,38
RONAK,M,6,8,6,0,6,137,26
RONALD,M,21,23,30,18,27,25643,119
RONALDO,M,0,5,20,9,10,227,44
RONAN,M,105,151,190,249,218,2283,913
RONI,M,0,0,0,4,6,182,10
RONI,F,11,11,8,8,6,144,44
RONIA,F,0,0,0,0,0,14,0
RONIN,M,0,0,0,5,4,128,9
RONIT,M,0,0,0,0,0,66,0
RONJA,F,0,0,0,0,0,26,0
RONNI,F,7,8,9,5,7,219,36
RONNIE,M,66,84,91,84,94,6732,419
RONNIE,F,10,11,11,11,9,558,52
RONNY,M,5,0,5,0,0,438,10
RONNY,F,0,0,3,0,3,12,6
RONYA,F,0,0,0,0,0,32,0
ROONEY,M,0,0,0,3,0,41,3
ROOP,F,0,0,0,0,0,38,0
ROQUE,M,0,0,0,0,0,11,0
RORI,M,0,0,0,0,0,11,0
RORIE,M,5,7,8,3,3,46,26
RORY,M,601,541,492,478,380,9841,2492
ROSA,F,63,82,108,88,89,3083,430
ROSABELLA,F,0,0,0,0,3,133,3
ROSABELLE,F,0,0,3,0,0,78,3
ROSALEE,F,0,0,3,0,0,39,3
ROSALEEN,F,0,3,4,3,0,16,10
ROSALIA,F,0,4,0,6,5,101,15
ROSALIE,F,20,24,21,21,13,825,99
ROSALIND,F,65,43,42,46,34,676,230
ROSALYN,F,15,12,13,12,12,240,64
ROSAMOND,F,0,3,0,0,0,3,3
ROSAMUND,F,9,9,11,9,0,118,38
ROSANA,F,0,0,0,0,0,18,0
ROSANNA,F,99,110,79,81,65,1206,434
ROSANNAH,F,5,0,3,4,0,15,12
ROSANNE,F,8,3,0,4,0,28,15
ROSARIO,M,0,0,3,4,0,10,7
ROSCO,M,0,0,0,0,0,40,0
ROSCOE,M,0,0,4,0,5,198,9
ROSE,F,244,216,252,313,311,15523,1336
ROSEANN,F,7,3,3,0,0,41,13
ROSEANNA,F,44,41,46,40,36,609,207
ROSEANNE,F,26,25,29,11,12,244,103
ROSELINE,F,0,0,0,0,0,18,0
ROSELLA,F,0,0,0,0,5,38,5
ROSELLE,F,4,0,0,3,0,14,7
ROSELYN,F,0,0,0,0,3,60,3
ROSEMARIE,F,24,18,13,29,14,248,98
ROSE-MARIE,F,15,7,3,6,5,86,36
ROSEMARY,F,144,135,119,91,96,7010,585
ROSETTA,F,3,7,3,6,3,98,22
ROSEY,F,8,6,8,6,7,194,35
ROSH,M,0,0,0,0,0,9,0
ROSHAAN,M,0,3,0,5,0,53,8
ROSHAN,M,32,25,25,17,28,651,127
ROSHAN,F,5,4,5,0,0,35,14
ROSHANA,F,3,3,0,3,0,13,9
ROSHANE,M,5,0,3,0,0,30,8
ROSHANI,F,3,0,0,0,0,14,3
ROSHAUN,M,0,0,4,0,0,46,4
ROSHEEN,F,4,7,0,0,3,61,14
ROSHELLE,F,0,0,0,0,0,3,0
ROSHEN,M,0,0,0,0,0,3,0
ROSHINI,F,0,0,4,3,3,16,10
ROSHNI,F,37,45,31,21,24,409,158
ROSIE,F,879,818,786,808,766,21126,4057
ROSIE-BETH,F,0,0,0,0,3,3,3
ROSIE-MAE,F,0,0,4,0,3,165,7
ROSIE-MAY,F,6,10,3,0,4,218,23
ROSINA,F,23,24,22,28,21,1674,118
ROSITA,F,5,3,0,3,3,40,14
ROSKO,M,0,0,0,0,0,3,0
ROSLYN,F,11,4,8,6,3,74,32
ROSS,M,1004,1150,1022,917,679,9605,4772
ROSSI,M,0,0,0,0,0,163,0
ROSSLYN,F,0,0,0,0,0,10,0
ROSTAM,M,0,0,0,0,0,3,0
ROSY,F,11,7,14,10,15,241,57
ROURKE,M,0,0,6,6,8,62,20
ROUX,M,0,0,0,0,0,61,0
ROWAN,M,172,180,224,237,209,6677,1022
ROWAN,F,76,68,72,61,60,1422,337
ROWANNE,F,12,7,4,5,0,41,28
ROWDA,F,0,0,0,0,0,9,0
ROWEN,F,11,5,9,10,3,138,38
ROWEN,M,3,4,4,5,4,137,20
ROWENA,F,41,45,27,36,21,328,170
ROWENNA,F,0,0,4,0,3,19,7
ROWLAND,M,6,0,3,3,0,30,12
ROWLEY,M,0,0,0,0,0,3,0
ROXANA,F,6,5,3,6,4,308,24
ROXANE,F,4,0,3,0,0,39,7
ROXANN,F,0,0,3,0,0,25,3
ROXANNA,F,13,12,10,5,4,278,44
ROXANNE,F,125,88,71,58,42,1965,384
ROXI,F,0,3,0,0,0,111,3
ROXIE,F,0,0,0,0,0,343,0
ROXXI,F,0,0,0,0,0,18,0
ROXY,F,6,5,8,0,4,1074,23
ROY,M,53,49,34,28,23,12975,187
ROYA,F,7,3,8,0,4,128,22
ROYCE,M,4,5,4,4,7,93,24
ROYSTON,M,0,3,3,0,0,1190,6
ROZ,F,0,0,0,0,0,4,0
ROZA,F,0,0,0,5,0,184,5
ROZALIA,F,0,3,0,0,0,121,3
ROZE,F,0,0,0,0,0,3,0
ROZEENA,F,7,4,3,3,3,35,20
ROZELIN,F,0,0,0,0,0,6,0
ROZERIN,F,0,0,0,5,4,67,9
ROZI,F,0,0,0,0,0,3,0
ROZIE,F,0,0,0,0,0,4,0
ROZINA,F,5,6,0,0,5,39,16
ROZITA,F,0,0,0,0,0,6,0
RUA,F,0,0,0,0,0,3,0
RUADHAN,M,0,0,0,0,0,18,0
RUAIDHRI,M,0,5,3,4,0,25,12
RUAIRI,M,33,28,33,26,16,483,136
RUAIRIDH,M,14,6,8,5,5,88,38
RUAN,M,0,4,6,0,5,207,15
RUARAIDH,M,3,3,5,0,0,19,11
RUARI,M,23,14,20,10,14,292,81
RUARIDH,M,11,12,12,0,7,164,42
RUBAN,M,0,0,0,0,0,70,0
RUBEL,M,0,4,3,4,3,18,14
RUBEN,M,49,40,51,57,69,4301,266
RUBI,F,3,0,0,4,0,456,7
RUBIE,F,8,3,4,7,13,1053,35
RUBIN,M,6,0,0,5,5,152,16
RUBINA,F,9,15,10,8,7,128,49
RUBIO,M,0,0,0,0,0,3,0
RUBY,F,458,485,475,581,675,51592,2674
RUBY-ANN,F,0,0,0,0,0,126,0
RUBY-ANNE,F,0,0,0,0,0,62,0
RUBY-GRACE,F,0,0,0,0,0,111,0
RUBY-LEIGH,F,0,0,0,0,0,369,0
RUBY-MAE,F,3,5,3,4,0,610,15
RUBY-MAY,F,0,0,3,0,3,479,6
RUCHI,F,0,7,0,0,0,38,7
RUDEY,M,0,0,0,0,0,9,0
RUDI,M,13,16,15,12,12,791,68
RUDI,F,4,6,3,3,3,57,19
RUDIE,M,0,0,0,0,0,58,0
RUDOLF,M,0,0,0,0,0,22,0
RUDOLPH,M,0,0,0,0,0,7,0
RUDRA,M,0,0,0,0,0,217,0
RUDY,M,12,9,8,6,8,1170,43
RUDYARD,M,0,0,0,0,0,20,0
RUE,F,0,0,0,0,0,20,0
RUEBEN,M,8,7,8,7,5,669,35
RUEDI,M,0,0,0,0,0,3,0
RUELLE,F,0,0,0,0,0,3,0
RUFUS,M,31,27,36,35,37,2335,166
RUGILE,F,0,0,0,0,0,83,0
RUHAAN,M,0,0,0,0,0,32,0
RUHAL,M,0,3,0,0,0,3,3
RUHAN,M,0,0,0,0,0,94,0
RUHE,F,0,0,0,3,0,3,3
RUHEL,M,0,8,5,5,5,26,23
RUHENA,F,8,4,0,0,0,15,12
RUHI,F,3,5,4,0,7,140,19
RUHUL,M,3,0,6,3,9,25,21
RUI,M,0,10,11,10,5,256,36
RUI,F,0,0,0,3,0,21,3
RUJINA,F,4,5,4,0,0,13,13
RUKAIYA,F,4,4,5,0,6,77,19
RUKAYA,F,0,0,4,0,3,50,7
RUKHSAAR,F,5,8,6,5,3,27,27
RUKHSANA,F,4,3,0,0,3,10,10
RUKHSAR,F,29,22,18,19,14,166,102
RUKIA,F,3,6,0,0,3,39,12
RUKIYA,F,5,5,3,0,3,63,16
RUKSANA,F,18,9,13,6,5,62,51
RUKSAR,F,7,12,11,7,8,60,45
RUKSHANA,F,11,4,7,4,0,26,26
RUMA,F,3,0,4,0,0,13,7
RUMAANAH,F,7,5,11,0,4,41,27
RUMAISA,F,4,0,4,5,4,331,17
RUMAN,M,8,0,0,3,0,23,11
RUMANA,F,16,18,10,9,11,122,64
RUMAYSA,F,0,6,8,7,5,526,26
RUMEL,M,0,3,0,0,0,3,3
RUMENA,F,4,7,0,0,0,17,11
RUMER,F,6,3,0,0,0,48,9
RUMESSA,F,0,0,0,0,3,3,3
RUMI,F,0,0,0,0,3,12,3
RUMINA,F,5,3,0,3,4,15,15
RUMMAN,M,0,3,0,0,0,3,3
RUMSHA,F,0,0,0,0,0,3,0
RUNA,F,4,4,4,0,0,26,12
RUNAKO,F,0,0,0,0,0,3,0
RUNAKO,M,0,0,0,0,0,3,0
RUNE,M,0,0,0,3,0,23,3
RUO,M,0,0,0,0,0,3,0
RUPA,F,4,0,3,3,0,13,10
RUPALI,F,0,0,3,6,0,9,9
RUPEN,M,0,0,0,0,0,3,0
RUPERT,M,71,63,48,35,33,2222,250
RUPINDER,F,10,9,3,0,4,51,26
RUPINDER,M,3,5,0,0,0,8,8
RUQAIYA,F,0,0,0,6,4,72,10
RUQAIYAH,F,6,8,6,9,11,186,40
RUQAYA,F,0,0,4,0,4,177,8
RUQAYAH,F,0,0,4,0,5,111,9
RUQAYYA,F,3,8,9,3,5,287,28
RUQAYYAH,F,10,15,25,27,27,939,104
RUQIYA,F,0,5,3,0,0,77,8
RUSHAN,M,3,0,0,0,0,3,3
RUSHAUN,M,0,0,3,0,0,6,3
RUSHDA,F,0,0,0,0,0,25,0
RUSHI,M,0,0,0,0,0,7,0
RUSHIL,M,4,3,5,6,0,104,18
RUSLAN,M,0,0,0,0,0,44,0
RUSSEL,M,0,4,0,3,0,33,7
RUSSELL,M,111,84,81,62,46,4314,384
RUSTY,M,0,0,0,0,0,13,0
RUTA,F,0,0,0,0,0,27,0
RUTH,F,381,330,266,247,212,12529,1436
RUTHIE,F,0,0,0,3,0,27,3
RUTVIK,M,0,0,0,0,3,3,3
RUWAIDA,F,0,0,0,0,0,66,0
RUWEYDA,F,0,0,0,0,0,105,0
RUYA,F,0,0,0,0,0,99,0
RUZGAR,M,0,0,0,0,0,83,0
RUZINA,F,3,4,5,0,0,12,12
RWAN,F,0,0,0,0,0,3,0
RWAN,M,0,0,0,0,0,3,0
RY,M,0,0,0,0,0,10,0
RYA,F,0,4,0,0,3,40,7
RYAH,F,4,0,3,3,0,19,10
RYAN,M,6496,5631,4992,5080,4271,73941,26470
RYANDEEP,M,6,3,0,0,5,42,14
RYAN-JAMES,M,0,0,4,0,0,27,4
RYAN-LEE,M,3,7,3,8,0,97,21
RYANNA,F,0,3,4,0,0,42,7
RYANNE,F,3,4,4,3,0,17,14
RYE,M,3,0,3,0,4,40,10
RYHAN,M,7,0,4,6,0,46,17
RYHS,M,0,0,3,0,0,3,3
RYKER,M,4,0,0,0,0,83,4
RYLA,F,0,0,0,0,0,3,0
RYLAN,M,5,11,10,14,11,864,51
RYLEE,M,0,0,0,4,6,1196,10
RYLEIGH,M,0,0,0,3,0,213,3
RYLEIGH,F,0,0,3,0,0,196,3
RYLEY,M,6,5,12,11,14,1817,48
RYLIE,M,0,0,3,0,4,379,7
RYO,M,4,0,0,3,5,54,12
RYOSUKE,M,0,0,0,0,3,3,3
RYOTA,M,0,3,0,0,0,6,3
RYSZARD,M,0,0,0,0,0,38,0
RYU,M,0,0,0,0,4,55,4
SAAD,M,20,16,15,19,23,673,93
SAADIA,F,11,5,10,7,4,98,37
SAADIYAH,F,3,0,3,0,3,9,9
SAAGAR,M,9,3,0,4,3,19,19
SAAJAN,M,3,4,3,6,8,46,24
SAALIHAH,F,0,4,0,4,0,69,8
SAAQIB,M,0,3,4,0,0,11,7
SAARA,F,10,7,9,14,6,479,46
SAARAH,F,20,38,29,37,56,884,180
SABA,F,38,42,38,41,45,789,204
SABAA,F,5,7,8,8,4,120,32
SABAAH,F,7,0,4,5,0,25,16
SABAH,F,75,71,71,82,90,1006,389
SABAHAT,F,6,3,7,0,5,36,21
SABASTIAN,M,3,0,0,0,0,17,3
SABBA,F,4,6,4,0,7,37,21
SABBAH,F,3,8,0,0,0,20,11
SABBIR,M,4,7,5,3,0,45,19
SABEEHA,F,4,3,4,0,3,72,14
SABEEHAH,F,4,0,0,0,5,27,9
SABEEL,M,6,0,5,0,0,35,11
SABEEN,F,3,5,0,0,0,62,8
SABER,M,0,0,0,0,0,18,0
SABERA,F,0,3,0,0,0,13,3
SABHA,F,12,10,14,15,12,96,63
SABIA,F,9,7,11,5,4,61,36
SABIHA,F,12,17,21,15,14,381,79
SABIHAH,F,0,0,6,10,5,85,21
SABINA,F,39,41,31,34,34,509,179
SABINE,F,9,8,7,10,6,154,40
SABIR,M,9,6,6,5,7,209,33
SABIRA,F,3,3,0,0,3,28,9
SABIRAH,F,0,0,5,0,8,44,13
SABIYA,F,3,4,0,3,3,46,13
SABRA,F,0,0,0,0,0,6,0
SABREEN,F,4,0,3,3,0,73,10
SABREENA,F,7,5,8,0,0,24,20
SABRI,M,0,3,0,4,0,31,7
SABRIN,F,4,0,0,4,0,138,8
SABRINA,F,272,242,184,180,163,2416,1041
SABRINE,F,5,5,4,8,0,63,22
SACHA,F,57,60,68,89,68,766,342
SACHA,M,12,21,7,17,22,464,79
SACHI,F,0,3,0,0,0,66,3
SACHIN,M,36,37,33,49,34,655,189
SADAF,F,15,9,15,13,8,268,60
SADE,F,33,47,40,43,30,534,193
SADHANA,F,0,0,0,0,0,22,0
SADIA,F,90,94,100,74,91,1246,449
SADIAH,F,3,5,0,0,0,40,8
SADIE,F,235,195,146,151,201,5265,928
SADIK,M,0,0,3,0,0,12,3
SADIKA,F,3,5,0,4,3,40,15
SADIQ,M,6,5,7,7,9,152,34
SADIYA,F,14,9,12,8,12,257,55
SADIYAH,F,14,15,15,14,25,307,83
SAED,M,0,0,0,0,3,19,3
SAEED,M,17,17,21,21,15,358,91
SAEEDA,F,3,3,3,3,3,68,15
SAFA,F,23,39,29,65,62,3299,218
SAFAA,F,7,6,14,15,21,1037,63
SAFAH,F,5,10,8,18,11,521,52
SAFARI,F,4,0,0,0,0,4,4
SAFEENA,F,7,7,0,3,0,40,17
SAFEER,M,3,5,0,0,3,34,11
SAFFA,F,0,5,5,3,4,257,17
SAFFIA,F,5,3,3,5,3,126,19
SAFFIR,F,0,0,0,0,0,11,0
SAFFIYA,F,3,0,0,5,4,139,12
SAFFIYAH,F,3,3,0,0,7,137,13
SAFFRON,F,166,224,258,313,345,3716,1306
SAFIA,F,41,54,44,68,50,1187,257
SAFIAN,M,3,4,0,5,7,46,19
SAFINA,F,16,17,9,10,5,185,57
SAFIRA,F,0,3,0,4,0,51,7
SAFIYA,F,21,21,28,35,42,1247,147
SAFIYAH,F,17,11,16,20,16,591,80
SAFIYE,F,3,4,0,0,5,66,12
SAFIYYA,F,8,7,7,7,5,221,34
SAFIYYAH,F,20,24,30,30,22,964,126
SAFRON,F,0,0,0,3,3,10,6
SAFWAAN,M,9,13,7,3,10,200,42
SAFWAN,M,11,14,8,10,13,552,56
SAFYAN,M,5,0,9,12,4,67,30
SAGAL,F,11,6,10,11,11,179,49
SAGAR,M,10,12,14,4,5,79,45
SAGE,F,0,0,0,0,0,71,0
SAHAL,M,4,0,4,4,0,62,12
SAHANA,F,3,4,0,3,0,180,10
SAHAR,F,18,18,22,23,23,620,104
SAHARA,F,11,10,8,8,12,478,49
SAHDIA,F,3,3,0,0,3,12,9
SAHER,F,4,3,5,4,5,105,21
SAHIB,M,4,5,10,6,15,468,40
SAHIBA,F,11,10,5,6,5,120,37
SAHID,M,3,0,0,5,0,28,8
SAHIL,M,19,24,41,33,50,1397,167
SAHIMA,F,0,4,0,4,3,17,11
SAHIN,M,3,0,3,4,0,37,10
SAHIR,M,8,0,4,7,0,145,19
SAHIRA,F,4,7,5,5,5,74,26
SAHR,M,8,3,4,0,0,33,15
SAHRA,F,9,17,17,9,18,367,70
SAHRISH,F,5,0,3,0,0,8,8
SAI,M,4,8,6,6,5,285,29
SAIBA,F,5,6,3,5,4,112,23
SAIBAH,F,0,0,4,6,5,74,15
SAID,M,9,5,8,8,21,351,51
SAIDA,F,9,5,6,6,4,155,30
SAIF,M,57,75,67,73,62,1507,334
SAIFUL,M,3,0,4,5,6,59,18
SAIFULLAH,M,4,3,0,4,3,184,14
SAIFUR,M,7,4,4,4,0,24,19
SAIGE,F,0,0,0,0,0,9,0
SAIKA,F,4,4,0,3,0,11,11
SAIM,M,0,5,0,3,5,249,13
SAIMA,F,71,60,47,54,53,856,285
SAIMAH,F,0,6,3,13,9,140,31
SAINT,M,0,0,0,0,0,14,0
SAIQA,F,7,0,4,0,3,17,14
SAIRA,F,73,47,48,44,61,1082,273
SAIRAH,F,11,12,14,18,9,210,64
SAIRISH,F,3,5,6,6,3,26,23
SAISHA,F,0,4,0,0,3,77,7
SAIYAN,M,0,0,0,0,0,14,0
SAJAD,M,4,4,4,3,9,57,24
SAJAN,M,4,5,4,4,6,92,23
SAJEDA,F,6,6,0,3,4,36,19
SAJEEL,M,3,0,4,4,0,20,11
SAJID,M,12,10,8,10,11,196,51
SAJIDA,F,9,14,4,5,11,167,43
SAJIDAH,F,0,7,0,0,8,68,15
SAJJAD,M,3,5,3,6,5,97,22
SAKARA,F,0,0,0,0,0,3,0
SAKARIYE,M,0,0,0,4,5,53,9
SAKEENA,F,0,3,0,6,3,120,12
SAKI,M,0,0,0,0,0,3,0
SAKIB,M,11,8,8,4,8,120,39
SAKINA,F,14,9,14,17,9,424,63
SAKINAH,F,5,4,3,5,3,139,20
SAKO,M,0,0,0,0,0,3,0
SAKURA,F,0,0,0,0,0,123,0
SALADIN,M,0,0,0,0,0,3,0
SALAH,M,3,5,4,9,5,169,26
SALEEM,M,9,6,10,7,11,156,43
SALEENA,F,4,6,0,6,4,137,20
SALEH,M,3,7,5,11,10,287,36
SALEHA,F,15,10,18,6,8,211,57
SALEM,M,3,3,4,9,4,135,23
SALEMA,F,0,4,0,0,0,4,4
SALI,F,0,3,3,0,3,33,9
SALIH,M,8,5,7,5,6,149,31
SALIHA,F,7,6,10,5,9,246,37
SALIHAH,F,4,4,8,7,6,124,29
SALIK,M,4,0,0,0,3,21,7
SALIM,M,21,8,8,13,14,298,64
SALIMA,F,7,11,13,7,4,124,42
SALINA,F,10,15,10,10,13,213,58
SALLIE,F,0,8,0,8,4,29,20
SALLY,F,309,263,185,164,123,8630,1044
SALLYANN,F,5,0,4,3,0,23,12
SALLY-ANN,F,13,9,8,8,7,67,45
SALLY-ANNE,F,10,3,5,5,5,41,28
SALMA,F,77,83,98,79,86,2142,423
SALMAAN,M,3,12,6,10,10,170,41
SALMAN,M,40,32,46,38,41,831,197
SALOME,F,7,3,3,9,3,142,25
SALONI,F,6,3,3,3,4,73,19
SALVADOR,M,0,0,4,5,3,141,12
SALVATORE,M,7,11,10,8,5,164,41
SALWA,F,9,7,5,8,12,235,41
SAM,M,1638,1562,1441,1375,1211,21687,7227
SAM,F,8,9,10,5,7,85,39
SAMA,F,0,5,4,0,6,299,15
SAMAD,M,19,10,8,6,8,202,51
SAMAH,F,6,12,10,12,16,305,56
SAMAIRA,F,3,7,5,5,5,167,25
SAMAN,F,6,6,3,7,15,130,37
SAMAN,M,0,3,4,0,4,37,11
SAMANTA,F,0,4,0,0,3,305,7
SAMANTHA,F,1854,1552,1345,1060,867,25672,6678
SAMANTHA-JANE,F,0,0,0,3,0,3,3
SAMANTHA-JO,F,3,0,0,0,0,3,3
SAMANTHA-LOUISE,F,0,0,0,3,0,3,3
SAMAR,F,6,7,10,3,9,181,35
SAMAR,M,5,3,0,0,0,120,8
SAMARA,F,37,28,28,24,22,786,139
SAMARIA,F,0,0,0,0,0,11,0
SAMARTH,M,0,0,0,0,0,104,0
SAMATAR,M,0,3,4,3,3,34,13
SAMEE,M,0,6,7,0,11,104,24
SAMEEHA,F,0,6,0,4,3,304,13
SAMEEN,F,5,7,0,0,3,55,15
SAMEENA,F,4,8,11,8,4,85,35
SAMEER,M,28,35,33,45,58,1167,199
SAMEERA,F,18,18,11,11,19,348,77
SAMEERAH,F,0,4,4,0,6,82,14
SAMER,M,3,3,0,3,5,73,14
SAMERA,F,25,16,10,10,11,152,72
SAMHA,F,0,0,0,4,0,4,4
SAMHITA,F,0,0,0,0,0,11,0
SAMI,M,36,47,59,51,60,2396,253
SAMI,F,0,4,0,3,0,27,7
SAMIA,F,21,37,30,18,30,736,136
SAMIAH,F,4,4,4,6,8,98,26
SAMIE,M,0,0,3,4,3,28,10
SAMIHA,F,19,20,16,27,26,536,108
SAMIHAH,F,4,4,6,0,3,40,17
SAMIN,M,4,0,0,0,3,32,7
SAMINA,F,41,28,17,20,23,351,129
SAMIR,M,50,43,51,58,48,1155,250
SAMIRA,F,37,47,41,51,57,1208,233
SAMIRAH,F,11,18,15,16,14,315,74
SAMIUL,M,0,12,4,7,9,194,32
SAMIYA,F,13,18,22,23,25,522,101
SAMIYAH,F,10,7,14,18,15,312,64
SAMMI,F,5,8,7,6,12,116,38
SAMMI,M,6,0,4,0,3,65,13
SAMMIE,F,12,8,5,5,0,107,30
SAMMIE,M,0,0,0,5,0,23,5
SAMMI-JO,F,0,6,0,3,0,20,9
SAMMUEL,M,0,3,0,0,0,13,3
SAMMY,M,29,26,23,30,20,637,128
SAMMY,F,9,11,7,7,7,125,41
SAMMY-JO,F,21,9,13,9,4,105,56
SAMPSON,M,4,0,0,0,0,87,4
SAMRA,F,7,5,4,11,4,110,31
SAMRAH,F,6,0,8,5,5,101,24
SAMRAJ,M,9,4,8,4,5,128,30
SAMREEN,F,5,6,5,9,4,141,29
SAMSON,M,28,23,31,23,28,979,133
SAMUAL,M,34,34,37,31,24,541,160
SAMUEL,M,6161,6367,6072,6123,5800,111013,30523
SAMUELE,M,5,0,0,3,0,83,8
SAMUIL,M,0,0,0,0,0,16,0
SAMY,M,7,5,6,3,5,153,26
SAMYA,F,6,5,9,3,5,90,28
SANA,F,133,118,146,162,175,3117,734
SANAA,F,20,27,31,34,47,715,159
SANAH,F,46,66,39,42,45,562,238
SANAM,F,11,12,9,11,6,167,49
SANCHEZ,M,5,7,7,7,9,74,35
SANCHIA,F,6,6,4,6,12,81,34
SANDEEP,M,25,19,12,11,12,160,79
SANDEEP,F,11,10,12,7,5,103,45
SANDHYA,F,0,0,0,3,4,16,7
SANDIE,F,4,0,3,0,0,25,7
SANDRA,F,28,32,18,16,28,13254,122
SANDRO,M,0,3,0,0,3,42,6
SANDY,F,9,9,10,5,7,134,40
SANDY,M,0,3,0,0,3,51,6
SANEELA,F,0,3,3,3,0,12,9
SANGEETA,F,4,6,5,0,0,18,15
SANHA,F,7,0,4,4,0,18,15
SANI,M,0,0,0,3,0,6,3
SANIA,F,13,12,22,24,21,488,92
SANITA,F,8,0,0,0,0,8,8
SANIYA,F,15,11,14,8,9,434,57
SANIYAH,F,0,0,7,6,6,191,19
SANJANA,F,3,3,0,12,16,287,34
SANJAY,M,29,21,32,17,26,305,125
SANJEET,M,0,3,4,0,4,11,11
SANJEEV,M,14,6,8,9,6,79,43
SANJIDA,F,6,0,4,10,6,99,26
SANJIDAH,F,5,6,7,7,6,73,31
SANJIV,M,5,0,0,4,0,12,9
SANJNA,F,0,0,3,6,0,14,9
SANNA,F,30,38,23,23,25,345,139
SANNAH,F,18,15,13,21,31,181,98
SANSA,F,0,0,0,0,0,26,0
SANTANA,F,0,5,3,0,4,77,12
SANTIAGO,M,7,11,4,6,10,730,38
SANTINO,M,11,11,4,14,12,472,52
SANTOSH,M,0,0,0,3,0,14,3
SANVEER,M,0,0,0,0,0,11,0
SANYA,F,25,17,18,19,26,286,105
SAOIRSE,F,27,32,30,29,30,901,148
SAONA,F,0,0,0,3,0,3,3
SAPHIA,F,6,7,0,7,8,163,28
SAPHIRA,F,0,0,0,0,3,71,3
SAPHIRE,F,9,3,9,9,7,183,37
SAPHRON,F,6,3,8,7,8,58,32
SAPNA,F,9,7,0,3,5,39,24
SAPPHIRA,F,0,3,3,3,3,86,12
SAPPHIRE,F,58,57,66,65,57,1817,303
SAQAB,M,3,0,0,3,3,9,9
SAQIB,M,38,37,29,29,31,377,164
SAQLAIN,M,0,6,10,15,7,78,38
SARA,F,404,373,359,375,368,12429,1879
SARACEN,M,3,0,0,0,0,3,3
SARAH,F,3111,2613,2062,1733,1536,54631,11055
SARAH-ANN,F,3,0,3,4,0,16,10
SARAHJANE,F,5,0,0,0,4,12,9
SARAH-JANE,F,53,35,30,14,16,343,148
SARAH-JAYNE,F,23,4,9,9,6,116,51
SARAHLOUISE,F,4,3,0,0,0,7,7
SARAH-LOUISE,F,37,30,25,25,20,241,137
SARAH-ROSE,F,0,0,0,0,0,14,0
SARA-LOUISE,F,4,0,3,0,0,7,7
SARAN,F,3,5,3,0,4,101,15
SARAN,M,3,0,0,3,3,64,9
SARANYA,F,0,0,0,4,5,24,9
SARAYA,F,0,6,0,3,5,120,14
SARDAR,M,5,3,0,0,5,64,13
SAREENA,F,9,4,8,5,4,148,30
SARENA,F,5,6,0,7,3,40,21
SARFARAZ,M,0,0,3,4,0,18,7
SARFRAZ,M,0,4,0,4,0,12,8
SARGUN,F,0,0,0,0,0,19,0
SARI,F,0,0,0,0,0,19,0
SARIA,F,5,0,0,3,0,53,8
SARIAH,F,4,4,0,0,6,162,14
SARIKA,F,4,5,4,3,6,64,22
SARINA,F,17,15,25,15,17,505,89
SARISH,F,4,6,5,6,0,35,21
SARITA,F,7,3,6,6,0,66,22
SAROSH,M,0,0,0,0,0,6,0
SARRA,F,0,3,3,4,0,38,10
SARWAR,M,4,0,5,0,0,26,9
SASCHA,F,18,12,10,17,17,180,74
SASCHA,M,0,6,0,0,3,50,9
SASHA,F,333,361,324,427,340,5555,1785
SASHA,M,14,16,11,15,6,260,62
SASHA-LOUISE,F,4,0,0,3,0,7,7
SASKIA,F,171,230,221,383,280,3337,1285
SASKYA,F,0,0,0,0,3,6,3
SATHVIK,M,0,0,0,0,0,14,0
SATISH,M,0,3,0,0,0,3,3
SATNAM,M,9,3,9,3,4,46,28
SATVEER,F,5,0,4,0,3,32,12
SATVIK,M,0,0,0,0,0,6,0
SAUD,M,0,3,3,0,6,100,12
SAUDAH,F,0,3,0,0,4,47,7
SAUL,M,71,70,74,124,123,1589,462
SAURAV,M,4,4,4,5,3,39,20
SAVAN,M,7,4,0,0,0,11,11
SAVANA,F,6,9,0,5,4,150,24
SAVANAGH,F,4,3,0,0,0,7,7
SAVANAH,F,9,10,9,14,10,211,52
SAVANNA,F,40,45,42,30,21,878,178
SAVANNAH,F,230,230,210,193,193,5431,1056
SAVERA,F,0,0,0,0,8,97,8
SAVIOUR,M,0,0,0,0,0,7,0
SAVITA,F,0,0,3,0,0,3,3
SAVRAJ,M,0,4,4,3,5,29,16
SAVREEN,F,0,0,0,0,0,8,0
SAVVAS,M,0,5,5,3,0,37,13
SAWYER,M,0,0,0,0,0,152,0
SAWYER,F,0,0,0,0,0,14,0
SAXON,M,9,6,4,7,6,255,32
SAXON,F,6,7,7,8,6,41,34
SAYA,F,0,0,0,3,4,166,7
SAYED,M,22,21,20,21,21,496,105
SAYEDA,F,7,5,9,7,7,124,35
SAYEED,M,5,4,0,3,6,75,18
SAYEEDA,F,6,4,3,4,5,50,22
SAYEMA,F,0,3,4,5,5,24,17
SAYID,M,0,0,0,0,3,20,3
SAYMA,F,5,0,8,0,4,62,17
SAYRA,F,0,3,0,0,0,6,3
SAYURI,F,0,0,0,0,0,31,0
SAYYED,M,3,0,4,4,0,35,11
SCARLET,F,45,65,62,58,70,4094,300
SCARLETT,F,195,206,233,235,238,24145,1107
SCARLETTE,F,4,3,3,0,0,293,10
SCARLETT-ROSE,F,0,0,0,0,0,417,0
SCARLOTTE,F,0,0,0,0,0,57,0
SCOT,M,6,10,11,9,9,86,45
SCOTT,M,1632,1414,1185,1111,924,18500,6266
SCOTTY,M,0,0,0,0,0,3,0
SCOUT,F,0,3,0,0,6,140,9
SEAMAS,M,0,0,0,3,0,3,3
SEAMUS,M,30,26,42,40,34,690,172
SEAN,M,1594,1388,1183,1111,967,20663,6243
SEANA,F,7,9,10,9,11,83,46
SEANAGH,F,0,4,0,0,0,4,4
SEANN,M,4,0,0,0,0,13,4
SEANNA,F,3,3,3,0,0,108,9
SEB,M,0,0,0,0,0,277,0
SEBASTIAN,M,395,395,422,425,416,18754,2053
SEBASTIANO,M,0,0,3,5,3,89,11
SEBASTIEN,M,16,26,32,26,24,891,124
SEDA,F,8,4,4,4,5,47,25
SEDAT,M,0,0,0,0,3,3,3
SEDRA,F,0,0,0,0,0,25,0
SEEMA,F,16,14,12,15,11,148,68
SEETAL,F,0,4,4,3,0,11,11
SEGUN,M,0,0,0,0,3,3,3
SEHAR,F,8,12,6,11,13,272,50
SEHER,F,6,6,6,9,7,266,34
SEHR,F,0,3,0,0,4,111,7
SEHRISH,F,20,16,16,10,13,230,75
SEIF,M,0,4,0,4,3,68,11
SEIJI,M,0,0,0,0,0,6,0
SEJAL,F,4,7,7,0,3,59,21
SELA,F,0,0,0,0,0,3,0
SELBY,M,0,0,0,0,0,17,0
SELEN,F,5,6,5,5,5,74,26
SELENA,F,16,11,22,14,24,566,87
SELENE,F,5,3,5,0,0,98,13
SELIM,M,0,0,5,0,0,76,5
SELIN,F,17,26,18,19,23,443,103
SELINA,F,158,110,108,88,70,1421,534
SELINE,F,6,3,3,0,0,15,12
SELMA,F,3,8,0,6,13,271,30
SEMA,F,7,3,4,4,5,92,23
SEMIH,M,0,4,0,0,0,38,4
SEMRA,F,4,0,6,3,3,23,16
SENA,F,3,4,6,0,7,138,20
SENAN,M,0,3,0,4,6,123,13
SENAY,F,3,0,4,0,5,36,12
SENIZ,F,0,5,3,5,0,13,13
SENNA,F,3,0,0,0,4,87,7
SENNA,M,3,0,3,0,5,59,11
SENNEN,F,0,5,3,0,0,123,8
SEONA,F,4,0,0,3,7,27,14
SEONAID,F,5,6,0,4,0,15,15
SEPEHR,M,4,0,4,0,0,26,8
SEPH,M,0,0,0,0,0,3,0
SEPHORA,F,0,6,4,0,5,89,15
SEQUOIA,F,0,0,0,0,0,26,0
SERA,F,6,6,7,4,6,90,29
SERAFIN,M,0,0,0,0,0,6,0
SERAFINA,F,4,3,0,3,5,128,15
SERAH,F,0,0,0,0,0,39,0
SERAI,F,0,0,0,0,0,6,0
SERAN,F,0,3,0,0,0,20,3
SERAPHINA,F,6,3,4,0,5,249,18
SERAPHINE,F,0,0,0,0,0,44,0
SERAY,F,4,0,0,0,0,13,4
SEREEN,F,0,0,0,0,0,26,0
SEREENA,F,3,3,8,0,3,51,17
SEREN,F,46,51,49,93,132,5582,371
SEREN,M,0,3,0,0,0,21,3
SERENA,F,139,156,144,150,157,2662,746
SERENDIPITY,F,0,0,0,0,0,3,0
SERENE,F,7,6,7,9,7,143,36
SERENITY,F,0,0,0,0,0,447,0
SERGE,M,6,0,0,0,0,50,6
SERGEI,M,0,0,0,0,0,4,0
SERGEN,M,4,3,0,0,0,7,7
SERGEY,M,0,0,0,0,0,10,0
SERGIO,M,6,10,11,5,9,211,41
SERHAN,M,0,4,0,0,4,27,8
SERHAT,M,4,0,3,4,3,57,14
SERIFE,F,5,7,0,0,0,27,12
SERINA,F,7,9,10,7,8,136,41
SERISH,F,7,4,5,7,4,62,27
SERKAN,M,8,7,7,5,11,89,38
SETH,M,45,47,64,67,93,6776,316
SEUNG,M,0,3,0,0,0,6,3
SEVAK,M,0,0,0,0,0,6,0
SEVAL,F,0,0,0,0,3,3,3
SEVCAN,F,0,3,0,0,0,3,3
SEVERINE,F,0,0,3,0,0,3,3
SEVGI,F,4,0,5,0,4,36,13
SEVIL,F,0,0,0,3,3,6,6
SEVILAY,F,4,0,0,0,0,4,4
SEYED,M,9,7,7,7,6,161,36
SEYMA,F,0,0,0,0,3,20,3
SEYMOUR,M,0,0,3,0,0,3,3
SEZEN,F,3,0,0,0,4,18,7
SHAAN,M,22,17,19,23,26,676,107
SHAAN,F,0,6,9,8,13,219,36
SHABAAN,M,0,0,0,4,4,21,8
SHABAAZ,M,4,6,4,0,3,33,17
SHABAN,M,5,6,6,3,5,65,25
SHABANA,F,18,10,11,15,4,106,58
SHABAZ,M,14,9,20,7,7,121,57
SHABBIR,M,4,0,4,0,0,30,8
SHABINA,F,5,7,0,4,0,20,16
SHABNAM,F,19,16,15,12,8,161,70
SHABNUM,F,0,0,0,4,5,9,9
SHADAB,M,6,3,0,0,0,9,9
SHADE,F,0,4,7,4,0,34,15
SHADI,M,0,3,0,3,3,25,9
SHADI,F,6,3,0,0,0,15,9
SHADIA,F,7,3,10,8,6,75,34
SHAE,M,8,8,18,28,38,749,100
SHAE,F,9,14,42,24,15,299,104
SHAFIA,F,5,0,0,4,4,65,13
SHAFIQ,M,4,5,0,5,8,52,22
SHAH,M,42,47,31,49,38,798,207
SHAH,F,6,7,11,8,12,185,44
SHAHAB,M,0,4,3,0,0,40,7
SHAHAN,M,3,6,6,4,4,127,23
SHAHANA,F,14,9,9,8,8,135,48
SHAHBAAZ,M,5,0,3,0,0,11,8
SHAHBAZ,M,13,6,3,9,6,101,37
SHAHD,F,0,0,8,0,0,123,8
SHAHED,M,4,4,3,0,5,28,16
SHAHEEN,M,3,3,3,3,3,60,15
SHAHEEN,F,6,11,3,3,7,47,30
SHAHEENA,F,9,0,4,0,0,18,13
SHAHEER,M,0,4,0,3,6,155,13
SHAHENA,F,3,3,3,3,0,17,12
SHAHID,M,17,10,13,22,8,229,70
SHAHIDA,F,9,5,12,10,4,89,40
SHAHIMA,F,0,4,0,4,0,8,8
SHAHIN,M,0,5,3,0,0,25,8
SHAHINA,F,9,7,0,0,6,44,22
SHAHIR,M,3,6,3,0,3,52,15
SHAHNAZ,F,10,8,6,6,0,63,30
SHAHRIAR,M,3,4,5,4,0,43,16
SHAHRIYAR,M,5,4,5,4,5,45,23
SHAHRUKH,M,8,10,0,0,0,35,18
SHAHZAD,M,3,0,0,0,4,51,7
SHAHZAIB,M,7,7,11,13,3,244,41
SHAHZAIN,M,0,0,0,0,0,61,0
SHAHZEB,M,3,12,3,10,0,98,28
SHAI,M,7,7,12,11,11,280,48
SHAI,F,9,17,8,9,7,151,50
SHAIKH,M,5,6,0,3,4,56,18
SHAILA,F,0,0,0,7,4,87,11
SHAILEN,M,4,3,3,4,3,60,17
SHAIMA,F,8,7,7,5,4,155,31
SHAIN,M,0,0,0,3,0,14,3
SHAINA,F,0,5,8,11,12,158,36
SHAINE,M,4,6,4,0,0,18,14
SHAIRA,F,5,3,4,3,0,36,15
SHAISTA,F,11,6,5,3,4,78,29
SHAJEDA,F,4,6,3,0,0,13,13
SHAKA,M,3,0,0,0,0,9,3
SHAKEEL,M,23,17,19,24,15,341,98
SHAKEELA,F,4,10,3,0,4,31,21
SHAKERA,F,3,6,4,6,8,38,27
SHAKIA,F,0,0,0,4,3,47,7
SHAKIB,M,4,5,0,6,4,72,19
SHAKIEL,M,0,4,3,0,4,42,11
SHAKIERA,F,0,0,4,4,0,15,8
SHAKIL,M,8,19,9,16,16,180,68
SHAKILA,F,17,8,10,6,0,113,41
SHAKIR,M,8,14,7,10,10,177,49
SHAKIRA,F,27,31,25,59,44,1415,186
SHAKIRAH,F,0,0,3,8,8,105,19
SHAKUR,M,0,10,0,8,11,139,29
SHALINI,F,8,5,7,4,6,95,30
SHALOM,F,4,5,4,0,7,240,20
SHALOM,M,0,3,3,0,4,144,10
SHAM,F,0,0,0,0,0,33,0
SHAM,M,3,0,0,0,0,10,3
SHAMA,F,3,10,10,9,4,99,36
SHAMAILA,F,10,7,0,0,3,44,20
SHAMAR,M,3,5,0,0,3,105,11
SHAMARA,F,6,0,3,0,4,36,13
SHAMAS,M,10,12,6,16,7,105,51
SHAMEELA,F,0,4,4,0,5,13,13
SHAMEELAH,F,0,5,0,0,3,8,8
SHAMEEM,F,4,0,0,3,3,10,10
SHAMIKA,F,5,5,0,0,0,28,10
SHAMIL,M,5,0,0,5,0,34,10
SHAMILA,F,11,10,12,8,10,93,51
SHAMILAH,F,0,3,0,3,3,15,9
SHAMILLA,F,3,0,4,3,3,13,13
SHAMIM,F,0,4,3,3,0,35,10
SHAMIM,M,4,0,0,7,0,16,11
SHAMIMA,F,27,22,14,13,12,149,88
SHAMINA,F,3,3,3,0,0,24,9
SHAMIR,M,0,8,0,0,3,23,11
SHAMIRA,F,4,0,0,0,6,29,10
SHAMRAIZ,M,4,0,0,4,0,8,8
SHAMREZ,M,0,5,5,0,0,13,10
SHAMS,F,0,0,3,0,0,22,3
SHAMSA,F,8,7,14,6,9,106,44
SHAMUS,M,10,9,13,8,9,105,49
SHAN,M,6,4,7,3,7,102,27
SHAN,F,3,5,3,0,5,67,16
SHANA,F,42,27,27,33,29,414,158
SHANADE,F,6,7,7,10,9,142,39
SHANAE,F,7,5,18,13,24,395,67
SHANAI,F,5,4,6,6,13,255,34
SHANAY,F,5,6,15,16,7,294,49
SHANAYA,F,3,0,7,9,8,445,27
SHANAYE,F,5,0,0,3,5,58,13
SHANAZ,F,11,9,6,10,13,101,49
SHANE,M,846,776,568,427,430,9217,3047
SHANE,F,3,3,4,0,0,13,10
SHANEA,F,0,0,5,3,8,29,16
SHANEE,F,4,0,5,0,0,12,9
SHANEECE,F,0,3,4,3,0,20,10
SHANEICE,F,3,0,0,0,0,9,3
SHANEL,F,8,9,7,9,8,142,41
SHANELL,F,4,3,4,6,5,66,22
SHANELLE,F,22,13,27,18,22,367,102
SHANEY,F,7,5,9,0,5,55,26
SHANI,F,39,28,27,20,21,422,135
SHANIA,F,26,33,92,336,457,2669,944
SHANIAH,F,0,4,8,18,14,145,44
SHANICE,F,200,181,167,122,107,1527,777
SHANIE,F,18,19,7,17,17,173,78
SHANIECE,F,16,11,3,5,8,107,43
SHANIKA,F,9,11,7,4,9,100,40
SHANIL,M,9,0,7,0,0,19,16
SHANINE,F,6,9,3,5,0,23,23
SHANIQUA,F,14,8,8,6,8,115,44
SHANIQUE,F,4,10,0,10,9,101,33
SHANISE,F,7,6,3,5,8,46,29
SHANIYA,F,0,0,0,7,8,264,15
SHANKAR,M,0,3,0,0,0,3,3
SHANLEY,F,5,0,3,0,0,15,8
SHANNA,F,25,12,17,20,16,168,90
SHANNAGH,F,6,5,0,3,0,18,14
SHANNAH,F,5,14,4,8,10,92,41
SHANNAN,F,41,42,35,30,33,303,181
SHANNAY,F,0,3,4,5,0,83,12
SHANNEL,F,7,8,3,5,5,74,28
SHANNEN,F,51,37,15,14,24,215,141
SHANNIA,F,0,0,3,9,4,29,16
SHANNICE,F,13,11,10,6,3,43,43
SHANNIE,F,4,4,0,0,0,11,8
SHANNON,F,4649,3640,2904,2350,2127,26946,15670
SHANNON,M,11,6,7,5,7,66,36
SHANNON-LEE,F,0,0,3,3,0,6,6
SHANNON-LEIGH,F,6,0,8,0,3,46,17
SHANNON-LOUISE,F,6,6,7,9,6,67,34
SHANNON-MARIE,F,4,3,4,5,0,24,16
SHANNON-PAIGE,F,3,0,0,0,0,3,3
SHANON,F,20,7,12,23,14,124,76
SHANTAE,F,3,0,0,0,4,59,7
SHANTAI,F,0,3,0,0,0,25,3
SHANTAY,F,3,3,5,4,5,92,20
SHANTE,F,7,6,4,6,6,118,29
SHANTEL,F,16,14,13,12,14,158,69
SHANTELL,F,5,6,7,5,5,48,28
SHANTELLE,F,30,34,31,22,19,276,136
SHANTI,F,0,0,0,5,4,151,9
SHANZA,F,3,0,4,0,3,55,10
SHAQUIEL,M,0,3,0,0,0,6,3
SHAQUILE,M,0,0,0,0,0,3,0
SHAQUILL,M,3,0,0,0,0,3,3
SHAQUILLA,F,4,3,4,0,0,11,11
SHAQUILLE,M,76,55,41,32,28,384,232
SHARA,F,18,7,8,8,7,112,48
SHARANDEEP,F,3,0,5,6,0,21,14
SHARANJIT,F,4,5,0,0,0,15,9
SHARAZ,M,3,0,5,9,0,24,17
SHARDAE,F,5,0,0,7,4,67,16
SHARDAY,F,4,0,0,8,6,74,18
SHAREEN,F,11,15,10,6,5,112,47
SHARELLE,F,0,7,0,3,0,17,10
SHARI,F,5,7,3,0,5,40,20
SHARICE,F,6,3,0,0,0,12,9
SHARIF,M,7,9,6,3,5,115,30
SHARIFA,F,5,5,6,6,7,78,29
SHARIFAH,F,0,0,3,3,3,33,9
SHARIFF,M,0,0,0,0,0,3,0
SHARIKA,F,0,0,0,0,7,23,7
SHARIQ,M,0,3,3,3,6,29,15
SHARLA,F,0,4,11,6,5,64,26
SHARLEEN,F,0,0,0,4,3,22,7
SHARLENE,F,5,6,0,6,5,59,22
SHARLOTTE,F,7,6,3,5,3,53,24
SHARMAINE,F,7,8,3,5,0,61,23
SHARMARKE,M,0,0,5,4,4,20,13
SHARMILA,F,0,10,5,5,0,35,20
SHARMIN,F,28,29,32,16,12,208,117
SHARMINA,F,7,8,0,4,5,34,24
SHARMINE,F,0,0,0,0,3,3,3
SHARN,F,20,14,15,7,10,123,66
SHARNA,F,111,105,100,90,100,935,506
SHARNAH,F,0,4,3,5,0,15,12
SHARNAY,F,0,4,0,3,3,46,10
SHARNE,F,6,9,7,5,4,45,31
SHARNELLE,F,0,3,0,0,0,9,3
SHARNEY,F,7,0,3,0,3,19,13
SHARNI,F,15,11,13,5,7,99,51
SHARNIA,F,0,0,3,0,4,15,7
SHARNIE,F,17,16,13,11,5,96,62
SHARNNA,F,0,4,5,0,0,9,9
SHARON,F,46,46,43,41,35,10314,211
SHARONA,F,4,0,0,0,3,28,7
SHAUN,M,773,708,558,487,384,11209,2910
SHAUNA,F,316,356,319,294,424,2997,1709
SHAUNAGH,F,16,18,10,6,3,57,53
SHAUNAH,F,3,4,4,0,0,17,11
SHAUNA-LEA,F,0,4,0,0,0,4,4
SHAUNA-LEIGH,F,3,6,5,0,3,27,17
SHAUNA-MARIE,F,0,0,0,0,3,3,3
SHAUNI,F,19,12,5,5,4,58,45
SHAUNIE,F,25,18,18,8,5,92,74
SHAUNNA,F,45,44,44,20,15,233,168
SHAUNNAH,F,0,6,10,0,0,16,16
SHAUNTELLE,F,0,3,0,0,0,3,3
SHAUNY,F,4,0,0,0,0,4,4
SHAW,M,8,5,6,0,4,44,23
SHAWN,M,51,44,42,47,34,709,218
SHAWNA,F,10,12,9,18,14,147,63
SHAWNEE,F,7,3,0,5,7,25,22
SHAWNIE,F,0,3,5,0,0,13,8
SHAY,M,37,98,147,93,91,4182,466
SHAY,F,14,11,17,18,13,258,73
SHAYAAN,M,0,0,0,6,4,476,10
SHAYAN,M,3,7,11,11,11,798,43
SHAYAN,F,0,0,3,0,4,17,7
SHAYE,M,3,5,7,9,10,286,34
SHAYE,F,6,16,11,3,5,132,41
SHAYLA,F,6,14,12,23,24,831,79
SHAYLAN,M,0,0,0,0,0,119,0
SHAYLEE,F,0,0,4,0,4,83,8
SHAYLEIGH,F,0,3,4,3,0,92,10
SHAYLEN,M,0,0,3,5,0,42,8
SHAYMA,F,3,8,0,8,8,185,27
SHAYMUS,M,0,0,0,0,0,3,0
SHAYNA,F,15,12,13,17,21,376,78
SHAYNE,M,18,17,9,17,14,708,75
SHAYNE,F,3,0,5,3,0,29,11
SHAZAD,M,11,9,7,9,4,82,40
SHAZAIB,M,4,7,5,6,5,88,27
SHAZEB,M,0,7,4,0,3,57,14
SHAZIA,F,23,11,15,12,20,206,81
SHAZMEEN,F,0,6,0,5,0,14,11
SHAZMIN,F,5,7,3,5,3,42,23
SHAZNA,F,5,0,5,3,0,17,13
SHAZNAY,F,0,0,15,8,4,49,27
SHEA,M,20,39,40,87,52,1166,238
SHEA,F,4,5,9,7,5,121,30
SHEAMUS,M,3,0,0,0,0,3,3
SHEBA,F,0,0,0,0,3,8,3
SHEEHAN,M,0,0,0,0,0,3,0
SHEEMA,F,3,5,7,5,0,35,20
SHEENA,F,28,23,22,12,18,203,103
SHEEREEN,F,0,0,6,0,4,13,10
SHEFALI,F,4,5,3,4,4,23,20
SHEHRYAR,M,0,4,0,3,0,19,7
SHEHZAD,M,5,3,0,0,4,22,12
SHEIK,M,12,7,7,10,7,136,43
SHEIKH,M,22,25,21,24,32,622,124
SHEIKH,F,6,14,10,13,12,292,55
SHEIKHA,F,0,0,0,4,4,36,8
SHEILA,F,10,11,9,7,10,12269,47
SHEKINAH,F,0,5,0,3,7,192,15
SHELBEY,F,0,4,3,4,0,11,11
SHELBI,F,8,11,3,4,5,38,31
SHELBIE,F,21,27,24,17,18,223,107
SHELBY,F,201,309,247,182,178,2525,1117
SHELDON,M,52,45,46,42,29,523,214
SHELDON,F,6,7,7,6,6,35,32
SHELINA,F,11,8,6,3,3,38,31
SHELLBY,F,9,8,5,4,7,55,33
SHELLEY,F,84,46,52,30,31,379,243
SHELLIE,F,3,9,4,0,0,22,16
SHELLY,F,15,21,18,17,4,164,75
SHELTON,M,0,0,0,0,0,17,0
SHEM,M,4,5,10,0,4,80,23
SHENADE,F,4,0,4,0,0,14,8
SHENELLE,F,7,0,0,4,0,21,11
SHENG,M,0,0,0,0,0,21,0
SHENICE,F,10,7,4,3,4,68,28
SHENISE,F,0,0,3,4,0,11,7
SHENIZ,F,3,3,0,5,4,21,15
SHEPHERD,M,0,0,0,0,0,3,0
SHER,M,3,3,4,3,4,59,17
SHERAZ,M,6,10,5,3,3,46,27
SHEREE,F,19,15,11,13,15,130,73
SHEREECE,F,4,3,0,3,3,30,13
SHEREEN,F,18,16,21,18,15,176,88
SHERELLE,F,10,13,3,6,4,69,36
SHERENA,F,3,0,4,0,4,11,11
SHERENE,F,0,3,5,4,0,12,12
SHERI,F,7,7,5,0,0,22,19
SHERICE,F,5,10,3,0,4,25,22
SHERIDAN,F,23,31,19,18,9,161,100
SHERIDAN,M,10,15,7,10,6,70,48
SHERIE,F,3,7,4,0,0,26,14
SHERIF,M,0,0,3,5,3,38,11
SHERIFF,M,3,6,6,0,0,60,15
SHERILYN,F,4,0,0,0,4,8,8
SHERISH,F,3,0,0,0,0,3,3
SHERLOCK,M,0,0,0,0,0,10,0
SHERNICE,F,0,0,3,0,0,3,3
SHERRELL,F,4,0,0,0,0,4,4
SHERRI,F,8,3,6,0,4,29,21
SHERRIE,F,14,9,6,8,6,71,43
SHERRY,F,7,7,6,4,3,96,27
SHERVIN,M,0,3,0,0,0,23,3
SHERWIN,M,0,0,0,0,0,20,0
SHERYAR,M,3,4,0,0,4,15,11
SHERYL,F,10,12,4,4,6,86,36
SHEVAUN,F,3,4,0,0,0,26,7
SHEZAD,M,6,0,5,0,0,11,11
SHI,M,0,3,0,0,0,35,3
SHIA,M,0,0,0,0,0,58,0
SHIAN,F,3,3,3,5,3,62,17
SHIANN,F,0,3,0,3,4,57,10
SHIANNE,F,8,9,6,7,10,211,40
SHIFA,F,4,0,5,6,10,295,25
SHIFRA,F,0,0,3,5,4,95,12
SHIHAB,M,0,0,5,4,4,48,13
SHILOH,F,0,0,3,5,0,320,8
SHILOH,M,9,5,4,9,6,299,33
SHILPA,F,6,0,3,0,0,18,9
SHIMA,F,3,3,0,0,3,20,9
SHIMON,M,4,5,8,4,10,231,31
SHIONA,F,4,4,3,0,0,17,11
SHIRA,F,3,7,5,6,5,158,26
SHIRAZ,M,10,7,6,4,7,61,34
SHIREEN,F,10,5,16,10,8,140,49
SHIRELLE,F,4,3,0,4,0,14,11
SHIRIN,F,5,6,7,4,6,97,28
SHIRLEY,F,13,11,11,15,15,8869,65
SHIV,M,13,19,16,20,13,442,81
SHIVA,M,3,4,0,0,0,39,7
SHIVA,F,0,0,0,0,3,3,3
SHIVAM,M,16,31,24,43,31,498,145
SHIVAN,M,3,8,0,5,3,68,19
SHIVANGI,F,4,0,0,4,0,19,8
SHIVANI,F,83,99,96,74,65,852,417
SHIVONNE,F,4,0,0,0,0,4,4
SHLOIME,M,0,5,3,7,0,142,15
SHLOMO,M,9,6,8,8,11,193,42
SHMUEL,M,4,8,6,7,12,202,37
SHO,M,0,0,0,0,4,7,4
SHOAIB,M,16,18,20,92,67,529,213
SHOANA,F,0,0,0,0,3,3,3
SHOHAIB,M,7,6,8,13,13,63,47
SHOLA,F,3,35,76,28,18,310,160
SHOLTO,M,5,5,0,0,4,53,14
SHOMARI,M,0,4,9,3,3,30,19
SHONA,F,165,200,182,137,140,1462,824
SHONAGH,F,6,3,5,4,0,26,18
SHONAH,F,0,0,0,0,3,3,3
SHONIE,F,0,0,3,0,0,3,3
SHONNA,F,3,0,0,0,3,9,6
SHONTAE,F,0,0,4,0,4,23,8
SHORIFA,F,4,3,0,3,3,13,13
SHORNA,F,5,0,0,7,5,32,17
SHOSHANA,F,7,7,8,5,8,158,35
SHRAGI,M,0,0,0,0,0,3,0
SHREE,F,0,3,3,4,3,68,13
SHREENA,F,3,7,5,3,0,24,18
SHREEYA,F,4,5,8,8,0,208,25
SHREY,M,0,0,3,0,7,143,10
SHREYA,F,10,10,18,18,26,895,82
SHRIYA,F,8,18,11,8,11,403,56
SHRUTI,F,3,3,0,4,4,133,14
SHUAIB,M,15,10,12,27,24,305,88
SHUAYB,M,3,0,4,5,6,148,18
SHUHENA,F,5,5,4,0,4,18,18
SHULA,F,4,0,3,0,4,19,11
SHUMA,F,5,7,4,4,4,31,24
SHUMI,F,0,0,0,5,0,8,5
SHUN,M,0,0,0,3,0,17,3
SHWETA,F,0,4,0,0,3,16,7
SHYA,F,0,0,0,0,0,22,0
SHYAM,M,24,22,18,24,15,261,103
SHYANN,F,0,3,3,5,5,114,16
SHYANNE,F,6,5,7,8,9,242,35
SHYHEIM,M,5,10,4,5,0,27,24
SHYLA,F,5,7,7,6,9,399,34
SHYLO,F,0,0,0,0,0,8,0
SIA,F,0,5,0,0,4,350,9
SIAH,F,0,0,0,0,0,3,0
SIAMA,F,4,5,5,0,0,14,14
SIAN,F,731,760,661,524,510,7495,3186
SIANA,F,24,21,19,13,18,306,95
SIANI,F,6,7,6,0,0,34,19
SIANIE,F,4,3,0,0,3,10,10
SIANN,F,3,0,0,3,0,13,6
SIANNA,F,6,8,5,0,9,357,28
SIANNAH,F,0,0,3,0,0,15,3
SIANNE,F,3,5,3,4,0,61,15
SIANTE,F,0,0,0,0,0,3,0
SIARA,F,0,0,0,0,0,25,0
SIBEL,F,8,7,10,7,5,84,37
SIBGHA,F,0,0,0,0,0,9,0
SIBTAIN,M,0,0,0,0,4,7,4
SICILY,F,0,0,0,0,0,38,0
SID,M,8,15,14,13,21,513,71
SIDAR,M,0,0,0,0,0,40,0
SIDDHANT,M,0,3,0,0,0,99,3
SIDDHARTH,M,6,9,5,0,5,259,25
SIDDHARTHA,M,0,0,0,0,0,52,0
SIDDHI,F,0,0,0,0,0,37,0
SIDDIKA,F,0,0,0,0,0,16,0
SIDDIQA,F,3,3,5,0,3,40,14
SIDDRA,F,3,0,0,0,0,9,3
SIDHARTH,M,0,0,0,0,0,51,0
SIDHRA,F,6,4,4,0,0,17,14
SIDNEY,M,47,43,52,54,60,11073,256
SIDNEY,F,6,6,8,8,17,218,45
SIDNIE,F,0,0,0,0,0,9,0
SIDONIE,F,9,6,7,4,8,88,34
SIDRA,F,30,35,24,38,26,550,153
SIDRAH,F,25,22,19,13,16,295,95
SIEGFRIED,M,0,0,0,0,0,7,0
SIENA,F,10,10,8,11,16,975,55
SIENNA,F,21,17,18,38,38,16603,132
SIENNA-RAE,F,0,0,0,0,0,66,0
SIENNA-ROSE,F,0,0,0,0,0,366,0
SIERRA,F,4,4,0,3,4,164,15
SIGOURNEY,F,5,8,6,7,0,41,26
SIGRID,F,0,0,0,0,0,4,0
SIHAM,F,0,3,0,7,4,241,14
SIKANDAR,M,3,5,5,0,3,50,16
SIKANDER,M,5,6,7,5,4,42,27
SILA,F,0,5,0,0,6,162,11
SILAS,M,19,16,10,21,17,530,83
SILVA,F,0,0,0,0,0,46,0
SILVANA,F,0,0,0,0,3,54,3
SILVER,F,0,0,0,0,0,89,0
SILVIA,F,7,3,7,7,6,219,30
SILVIE,F,0,0,0,0,0,46,0
SIMA,F,9,10,5,12,6,141,42
SIMAR,F,0,0,0,0,0,121,0
SIMARAN,F,4,4,0,0,0,8,8
SIMBA,M,0,0,0,0,0,15,0
SIMCHA,M,3,3,5,0,5,56,16
SIMEON,M,67,55,55,47,49,843,273
SIMERAN,F,0,3,0,5,0,8,8
SIMGE,F,0,3,7,0,5,34,15
SIMI,F,4,3,0,0,3,79,10
SIMILOLUWA,F,0,0,0,0,5,26,5
SIMISOLA,F,0,4,0,4,5,66,13
SIMMONE,F,0,3,0,0,0,3,3
SIMON,M,656,457,400,321,260,22211,2094
SIMONA,F,4,10,0,11,12,353,37
SIMONE,F,158,115,122,100,85,1211,580
SIMONE,M,6,8,0,4,3,41,21
SIMPHIWE,F,0,0,0,0,0,3,0
SIMRA,F,7,12,10,15,17,451,61
SIMRAH,F,4,8,6,7,8,350,33
SIMRAN,F,240,228,233,242,229,3543,1172
SIMRAN,M,26,15,13,8,12,122,74
SIMRANDEEP,F,4,6,0,5,4,29,19
SIMRANJEET,F,13,5,6,8,3,70,35
SIMRANJIT,F,14,4,0,6,6,62,30
SIMRANPREET,F,0,6,3,4,0,25,13
SIMRAT,F,0,0,0,4,8,94,12
SIMREN,F,9,13,9,11,9,97,51
SIMRIT,F,3,5,3,0,6,144,17
SIMRON,F,3,0,4,5,3,26,15
SIMRUN,F,6,11,8,7,5,71,37
SINA,M,0,0,4,0,4,90,8
SINAI,F,0,0,0,0,0,28,0
SINAI,M,0,0,0,0,0,3,0
SINAN,M,4,7,3,7,8,134,29
SINCLAIR,M,0,0,3,0,0,10,3
SINDI,F,0,0,0,0,3,17,3
SINDY,F,5,3,0,0,3,48,11
SINEAD,F,202,229,203,234,158,2806,1026
SINEM,F,8,6,10,0,4,63,28
SIOBAHN,F,4,0,0,3,0,7,7
SIOBHAIN,F,3,0,0,0,3,6,6
SIOBHAN,F,332,279,229,201,180,2033,1221
SIOFRA,F,0,0,0,0,0,6,0
SION,M,80,83,88,81,96,1188,428
SION,F,0,0,3,0,0,6,3
SIONA,F,3,7,3,3,0,55,16
SIONED,F,42,0,44,33,30,347,149
SIOR,M,0,0,0,0,0,3,0
SIRAAJ,M,4,7,6,7,3,62,27
SIRAC,M,0,0,0,0,0,25,0
SIRAJ,M,14,14,9,8,11,204,56
SIREEN,F,0,0,0,0,0,101,0
SIRI,F,3,0,0,0,0,73,3
SIRIN,F,0,0,4,0,3,32,7
SIRIOL,F,5,3,0,0,0,11,8
SIRIUS,M,0,0,0,0,0,17,0
SITA,F,3,6,4,3,4,63,20
SITI,F,0,6,4,3,4,39,17
SIUBHAN,F,3,0,0,0,0,3,3
SIVAN,F,0,3,0,0,0,9,3
SIWAN,F,8,13,10,4,8,173,43
SIYA,F,0,3,4,0,0,294,7
SIYAM,M,0,0,0,0,0,45,0
SKAISTE,F,0,0,0,0,0,36,0
SKIE,F,6,4,6,4,8,134,28
SKY,F,52,49,57,83,66,2310,307
SKY,M,3,5,0,5,4,107,17
SKYE,F,130,180,203,282,300,10762,1095
SKYE,M,0,0,0,7,4,67,11
SKYLA,F,3,0,4,9,18,2049,34
SKYLAH,F,0,0,0,0,0,177,0
SKYLAR,F,0,0,4,7,7,1077,18
SKYLER,F,0,0,0,3,11,488,14
SKYLER,M,0,0,4,0,3,93,7
SLADE,M,0,0,0,0,0,4,0
SLAINE,M,3,0,0,0,0,3,3
SLATER,M,0,0,5,4,0,9,9
SLOAN,M,0,0,0,0,0,3,0
SLOANE,F,0,0,0,0,0,33,0
SNEHA,F,4,8,5,10,5,284,32
SNOW,F,0,0,0,0,0,28,0
SOBAAN,M,0,0,0,5,4,15,9
SOBAN,M,3,0,0,0,0,14,3
SOBHAN,M,0,0,0,0,0,15,0
SOBIA,F,17,13,16,10,15,127,71
SOBIYA,F,3,0,0,0,0,3,3
SOFEA,F,0,0,0,0,0,3,0
SOFFIA,F,0,0,0,0,0,66,0
SOFI,F,3,5,6,0,6,68,20
SOFIA,F,128,167,196,193,237,14451,921
SOFIAN,M,4,0,3,5,7,153,19
SOFIANE,M,4,6,7,0,0,74,17
SOFIAT,F,0,0,0,0,0,14,0
SOFIE,F,33,22,34,20,21,572,130
SOFINA,F,4,4,4,3,3,40,18
SOFIYA,F,5,4,5,5,0,182,19
SOFYAN,M,3,0,0,0,0,15,3
SOHA,F,0,0,17,6,6,261,29
SOHAIB,M,17,17,20,19,19,281,92
SOHAIL,M,80,55,61,63,64,707,323
SOHAN,M,0,0,5,3,0,134,8
SOHEB,M,0,0,0,0,3,3,3
SOHIL,M,0,0,0,0,3,10,3
SOL,M,5,10,41,49,67,804,172
SOLACE,F,0,0,0,0,3,3,3
SOLEIL,F,0,0,0,0,0,18,0
SOLENE,F,0,0,0,0,0,21,0
SOLENNE,F,0,0,0,3,0,6,3
SOLIANA,F,0,0,0,0,0,52,0
SOLOMAN,M,0,3,6,11,7,119,27
SOLOMON,M,60,68,92,141,129,2551,490
SOLVEIG,F,3,0,0,0,0,9,3
SOMA,F,0,0,0,0,0,51,0
SOMA,M,0,0,0,0,0,8,0
SOMER,F,4,12,16,10,11,113,53
SOMERSET,F,0,0,3,0,0,3,3
SOMERSET,M,0,0,3,0,0,3,3
SOMIA,F,7,6,0,0,0,26,13
SOMKENECHUKWU,M,0,0,0,0,0,3,0
SOMMER,F,26,27,27,27,23,329,130
SOMTOCHUKWU,F,0,0,0,0,0,3,0
SON,M,0,3,0,0,0,9,3
SONA,F,6,3,4,0,4,78,17
SONAL,F,8,13,5,9,4,67,39
SONALI,F,14,8,9,11,7,110,49
SONAM,F,11,15,10,9,0,114,45
SONER,M,0,6,3,0,0,20,9
SONIA,F,125,100,97,88,86,1946,496
SONICA,F,0,0,0,3,0,3,3
SONIKA,F,0,0,0,0,0,19,0
SONITA,F,0,0,0,0,3,3,3
SONIYA,F,4,7,5,5,0,57,21
SONJA,F,7,4,4,8,3,78,26
SONNEY,M,0,0,0,0,0,24,0
SONNI,M,0,0,5,0,8,118,13
SONNIE,M,10,11,11,9,10,406,51
SONNY,M,127,149,160,135,193,8452,764
SONYA,F,30,22,22,10,12,235,96
SOOKIE,F,0,0,0,0,0,21,0
SOPHEA,F,0,0,0,0,0,14,0
SOPHI,F,3,0,3,3,0,16,9
SOPHIA,F,516,566,596,536,591,28274,2805
SOPHIE,F,7087,6311,5682,5031,4624,97630,28735
SOPHIE-ANN,F,6,0,5,0,3,54,14
SOPHIE-ANNE,F,4,0,7,0,0,55,11
SOPHIE-JANE,F,3,5,3,0,0,31,11
SOPHIE-JAYNE,F,0,0,0,3,0,14,3
SOPHIE-JO,F,0,3,0,0,3,20,6
SOPHIE-LEIGH,F,5,6,3,6,6,149,26
SOPHIE-LOUISE,F,14,27,12,9,13,215,75
SOPHIE-MAE,F,0,0,3,0,0,82,3
SOPHIE-MARIE,F,7,5,0,4,5,69,21
SOPHIE-MAY,F,3,4,6,0,3,100,16
SOPHIE-ROSE,F,0,4,0,0,0,70,4
SOPHINA,F,0,7,5,0,5,37,17
SOPHY,F,17,15,15,7,15,146,69
SORAYA,F,10,24,19,18,17,763,88
SORCHA,F,34,44,39,42,43,451,202
SOREL,F,0,0,0,0,0,6,0
SOREN,M,0,4,8,5,4,296,21
SORIN,M,0,0,0,0,0,7,0
SOROH,F,5,7,4,4,3,68,23
SORREL,F,11,10,13,11,12,183,57
SORRELL,F,3,0,3,0,0,17,6
SORRELLE,F,0,3,0,0,0,3,3
SOTA,M,0,0,0,0,3,3,3
SOTIRIS,M,4,3,0,0,0,16,7
SOUL,M,0,0,7,0,6,127,13
SPENCER,M,124,159,198,176,134,5456,791
SPENSER,M,3,0,0,0,4,11,7
SPIKE,M,8,5,10,6,16,425,45
SPIRIT,F,0,0,0,0,0,3,0
SPIROS,M,0,0,0,0,0,6,0
SRUTHI,F,0,0,0,0,0,22,0
STACEY,F,509,364,281,172,173,5194,1499
STACI,F,5,0,5,0,3,13,13
STACIA,F,0,0,0,0,0,17,0
STACIE,F,59,63,30,25,28,356,205
STACY,F,41,40,29,12,12,276,134
STAFFORD,M,0,0,0,3,0,9,3
STAN,M,5,7,14,9,20,319,55
STANISLAV,M,0,0,0,0,0,62,0
STANISLAW,M,0,0,0,0,0,316,0
STANLEE,M,0,0,0,0,0,24,0
STANLEY,M,108,120,113,160,158,25417,659
STANTON,M,0,0,0,0,3,24,3
STAR,F,19,16,16,22,18,671,91
STARLA,F,0,0,0,0,0,101,0
STARR,F,4,17,8,7,12,283,48
STASIA,F,0,0,3,0,0,3,3
STASSY,F,0,3,0,0,0,3,3
STAVROS,M,6,4,0,0,0,43,10
STEFAN,M,222,183,147,162,113,2293,827
STEFANI,F,0,0,4,0,0,45,4
STEFANIA,F,4,13,5,9,8,216,39
STEFANIE,F,31,17,24,18,15,203,105
STEFANO,M,15,15,10,9,18,209,67
STEFANOS,M,7,5,5,0,4,78,21
STEFANY,F,0,0,0,3,3,21,6
STEFEN,M,0,5,0,0,0,5,5
STEFFAN,M,81,83,84,75,74,1123,397
STEFFANIE,F,0,3,5,4,4,19,16
STEFFANY,F,0,0,0,0,3,3,3
STEFFEN,M,3,4,3,8,5,23,23
STEFFI,F,12,7,4,8,5,79,36
STELA,F,0,0,0,0,0,24,0
STELIOS,M,0,0,4,7,3,30,14
STELLA,F,42,44,54,85,93,2815,318
STEPHAN,M,33,15,19,19,25,298,111
STEPHANE,M,6,4,9,4,4,44,27
STEPHANIE,F,1266,1115,844,715,684,14801,4624
STEPHANNIE,F,3,0,0,0,4,7,7
STEPHANO,M,0,4,0,0,0,4,4
STEPHANOS,M,6,0,0,6,3,18,15
STEPHANY,F,0,0,3,0,9,62,12
STEPHEN,M,1122,976,834,750,576,40545,4258
STEPHENIE,F,11,4,6,3,0,40,24
STERLING,M,0,4,3,6,4,90,17
STEVAN,M,4,0,4,5,0,19,13
STEVE,M,28,20,20,11,16,345,95
STEVEN,M,877,760,636,560,423,24597,3256
STEVEY,F,0,0,0,3,0,3,3
STEVI,F,0,4,6,4,4,45,18
STEVIE,F,86,77,69,55,58,1193,345
STEVIE,M,15,7,8,17,21,425,68
STEVIE-LEE,F,4,5,0,0,0,15,9
STEVIE-LEIGH,F,4,5,8,5,5,110,27
STEVIE-LOUISE,F,3,3,0,0,0,19,6
STEWART,M,64,57,38,34,34,2946,227
STEWIE,M,0,0,0,0,0,7,0
STIRLING,M,3,0,4,0,6,160,13
STONE,M,5,0,0,0,0,19,5
STORM,F,17,27,38,43,45,668,170
STORM,M,8,12,13,23,20,225,76
STORME,F,0,5,4,3,5,24,17
STRUAN,M,3,7,7,0,4,77,21
STUART,M,405,316,223,180,158,14393,1282
SUAD,F,4,6,5,5,4,119,24
SUBEER,M,0,0,0,0,0,11,0
SUBHAAN,M,6,10,16,10,18,690,60
SUBHAN,M,14,10,17,26,26,1122,93
SUCCESS,M,0,0,0,0,0,18,0
SUCCESS,F,0,0,0,0,0,11,0
SUDAIS,M,0,0,0,0,0,152,0
SUDE,F,0,0,0,0,3,116,3
SUE,F,3,4,0,0,0,24,7
SUELA,F,0,0,0,0,0,18,0
SUFIA,F,5,7,5,4,0,52,21
SUFIAN,M,6,6,3,4,8,149,27
SUFIYAN,M,5,6,7,0,7,138,25
SUFYAAN,M,11,19,22,32,22,552,106
SUFYAN,M,17,24,14,18,20,630,93
SUGHRA,F,0,0,0,0,0,9,0
SUGRA,F,5,3,0,0,0,8,8
SUHA,F,0,3,4,6,12,198,25
SUHAIB,M,7,3,11,7,7,245,35
SUHAIL,M,21,23,19,20,17,294,100
SUHAILA,F,4,0,0,3,0,62,7
SUHANA,F,5,0,0,3,5,238,13
SUHANI,F,0,0,0,0,0,110,0
SUHAYB,M,6,5,6,3,8,234,28
SUHAYL,M,5,4,6,8,8,83,31
SUJAN,M,3,0,0,0,4,27,7
SUKAINA,F,3,0,0,5,0,56,8
SUKHBIR,M,0,0,6,4,0,10,10
SUKHDEEP,M,3,3,6,6,5,52,23
SUKHDEEP,F,0,3,6,0,0,20,9
SUKHDEV,M,3,0,0,0,4,24,7
SUKHJEEVAN,M,3,3,5,3,0,23,14
SUKHMANI,F,0,0,3,6,0,325,9
SUKHPREET,F,8,0,6,0,0,67,14
SUKHRAJ,M,9,4,11,11,5,226,40
SUKHVEER,M,0,3,0,4,0,26,7
SUKHVIR,M,0,3,9,3,3,29,18
SUKI,F,0,3,0,3,5,250,11
SUKIE,F,0,0,0,0,0,60,0
SULA,F,0,0,0,0,3,6,3
SULAIMAAN,M,5,8,8,11,7,143,39
SULAIMAN,M,10,25,31,41,29,998,136
SULAMAN,M,0,3,3,4,0,13,10
SULAYMAAN,M,0,0,5,3,0,85,8
SULAYMAN,M,10,8,10,18,12,503,58
SULEIMAN,M,3,4,9,3,7,234,26
SULEMAN,M,21,22,30,17,24,438,114
SULEYMAN,M,7,3,7,0,6,162,23
SULIMAN,M,5,11,6,8,6,154,36
SULLIVAN,M,5,5,11,4,3,443,28
SULLY,M,0,0,0,0,0,35,0
SULMAN,M,6,0,0,5,0,14,11
SULTAN,M,10,15,16,19,21,441,81
SULTAN,F,3,3,3,3,5,70,17
SULTANA,F,12,11,5,10,5,57,43
SUMAIRA,F,10,6,4,10,8,118,38
SUMAIYA,F,17,14,24,28,16,786,99
SUMAIYAH,F,15,16,26,25,33,544,115
SUMAN,F,13,15,13,25,11,133,77
SUMAYA,F,12,17,19,21,36,1353,105
SUMAYAH,F,5,5,9,6,13,346,38
SUMAYYA,F,13,9,10,14,18,410,64
SUMAYYAH,F,24,31,31,57,71,1456,214
SUMEET,M,0,0,4,4,3,21,11
SUMER,F,6,9,3,0,5,49,23
SUMERA,F,6,12,16,12,3,78,49
SUMEYA,F,0,0,9,4,6,170,19
SUMIA,F,3,6,0,0,0,26,9
SUMIT,M,0,3,0,3,3,35,9
SUMIYA,F,3,0,6,4,4,84,17
SUMIYYA,F,4,3,0,5,3,15,15
SUMMA,F,9,6,11,8,8,211,42
SUMMAR,F,4,4,7,7,0,66,22
SUMMAYAH,F,0,0,3,5,4,96,12
SUMMER,F,203,258,297,320,286,18939,1364
SUMMER-LEA,F,0,0,3,0,4,17,7
SUMMER-LEIGH,F,0,0,0,0,3,122,3
SUMMER-LOUISE,F,3,3,7,0,0,232,13
SUNA,F,0,0,0,3,0,15,3
SUNAH,F,0,0,4,0,3,11,7
SUNAINA,F,3,5,4,0,6,82,18
SUNDAS,F,0,9,7,5,0,53,21
SUNDAY,F,0,3,0,0,0,10,3
SUNDEEP,M,9,9,7,6,0,44,31
SUNDUS,F,7,0,3,5,7,184,22
SUNG,M,4,0,5,0,0,14,9
SUNIL,M,26,21,20,18,17,175,102
SUNITA,F,11,8,11,7,7,57,44
SUNNA,F,0,4,5,0,4,13,13
SUNNAH,F,5,3,5,0,4,35,17
SUNNIE,F,0,0,4,0,0,38,4
SUNNIE,M,3,0,0,0,0,8,3
SUNNY,M,20,26,27,21,13,552,107
SUNNY,F,7,6,10,3,4,202,30
SUNSHINE,F,0,3,0,5,0,26,8
SURA,F,0,0,0,0,0,22,0
SURAIYA,F,3,5,6,8,9,267,31
SURAJ,M,33,19,36,32,34,325,154
SURAYA,F,0,8,0,5,11,299,24
SURI,F,0,0,0,3,0,208,3
SURINA,F,3,4,5,0,6,60,18
SURIYA,F,5,7,0,0,3,63,15
SURYA,F,0,0,0,0,0,22,0
SUSAN,F,82,50,47,54,46,24095,279
SUSANA,F,3,3,0,5,9,72,20
SUSANNA,F,35,32,36,38,27,567,168
SUSANNAH,F,109,92,75,52,44,919,372
SUSANNE,F,5,3,4,5,0,33,17
SUSIE,F,7,7,3,7,3,222,27
SUWAIBAH,F,0,0,0,0,0,20,0
SUZAN,F,6,6,4,3,3,69,22
SUZANNA,F,42,31,36,21,28,451,158
SUZANNAH,F,27,47,34,20,14,307,142
SUZANNE,F,92,55,45,30,26,3980,248
SUZI,F,0,0,8,3,3,84,14
SUZIE,F,13,8,8,5,6,254,40
SUZY,F,9,7,5,4,5,119,30
SVEN,M,5,7,10,9,4,75,35
SVETLANA,F,0,0,0,0,0,20,0
SYAN,F,0,0,4,3,0,19,7
SYBIL,F,0,0,4,0,0,578,4
SYBILLA,F,0,0,0,0,0,3,0
SYD,M,0,0,0,5,3,102,8
SYDELLE,F,0,0,0,0,0,3,0
SYDNEE,F,3,4,6,5,7,174,25
SYDNEY,M,13,15,12,20,17,6379,77
SYDNEY,F,98,100,147,155,190,3275,690
SYDNI,F,3,0,4,4,4,71,15
SYDNIE,F,11,12,6,17,7,220,53
SYED,M,234,205,242,252,232,6158,1165
SYED,F,4,0,5,0,0,30,9
SYEDA,F,89,125,118,119,112,3179,563
SYLAS,M,0,0,0,0,0,9,0
SYLVAN,M,0,0,0,3,0,20,3
SYLVANA,F,3,0,0,0,0,11,3
SYLVESTER,M,5,3,0,3,0,119,11
SYLVIA,F,24,18,22,17,24,8028,105
SYLVIE,F,10,11,13,17,15,1043,66
SYMEON,M,0,4,0,0,0,16,4
SYMONE,F,9,10,8,7,3,49,37
SYMPHONY,F,0,0,0,0,0,6,0
SYMRAN,F,4,8,6,0,3,34,21
SYON,M,0,0,0,0,0,62,0
SYRA,F,0,4,0,0,4,35,8
SYRUS,M,0,5,0,3,0,74,8
SZABOLCS,M,0,0,0,0,0,3,0
SZOFIA,F,0,0,0,0,0,17,0
SZONJA,F,0,0,0,0,0,3,0
SZYMON,M,0,0,0,0,0,1426,0
T,M,0,0,0,4,5,134,9
TAAIBAH,F,0,3,0,0,5,15,8
TAARIQ,M,3,0,3,7,0,28,13
TABASSUM,F,6,11,14,8,10,151,49
TABASUM,F,0,0,0,4,3,37,7
TABATHA,F,7,18,16,18,21,350,80
TABETHA,F,5,5,0,6,4,88,20
TABISH,M,0,0,4,0,0,10,4
TABITHA,F,132,161,154,181,190,4629,818
TACITA,F,0,0,0,4,0,16,4
TADGH,M,4,0,5,3,3,45,15
TADHG,M,4,11,10,15,15,318,55
TAE,M,0,0,0,0,0,45,0
TAEGAN,F,3,3,3,0,0,40,9
TAELA,F,0,0,8,0,4,29,12
TAELOR,F,4,0,0,3,0,7,7
TAELOR,M,0,0,3,0,0,6,3
TAFARI,M,5,3,0,5,5,143,18
TAHA,M,9,13,6,12,17,754,57
TAHANI,F,0,0,0,3,8,92,11
TAHER,M,0,8,6,7,3,88,24
TAHERA,F,8,4,5,9,7,103,33
TAHIBA,F,3,0,4,3,0,16,10
TAHIR,M,13,14,20,19,12,318,78
TAHIRA,F,12,15,18,15,13,368,73
TAHIRAH,F,6,9,6,10,8,133,39
TAHIYA,F,0,3,4,8,4,157,19
TAHIYAH,F,0,0,0,4,3,52,7
TAHJ,M,0,0,3,4,4,11,11
TAHLIA,F,11,16,12,25,19,868,83
TAHMEENA,F,0,0,6,5,0,14,11
TAHMID,M,17,28,19,18,16,362,98
TAHMIDA,F,3,0,6,0,5,38,14
TAHMIDUR,M,4,0,6,4,0,14,14
TAHMINA,F,29,37,28,38,39,349,171
TAHNEE,F,0,6,0,6,4,43,16
TAHREEM,F,0,5,4,3,6,73,18
TAHRIMA,F,4,0,3,4,0,11,11
TAHSEEN,F,0,3,5,3,0,44,11
TAHSIN,F,6,6,8,11,15,140,46
TAI,M,10,16,16,22,34,567,98
TAI,F,0,4,0,5,3,51,12
TAIA,F,3,3,0,3,5,104,14
TAIBA,F,8,10,13,17,10,342,58
TAIBAH,F,6,5,8,7,4,180,30
TAIDGH,M,0,0,0,4,0,4,4
TAIG,M,0,0,4,0,0,10,4
TAIGA,M,0,0,0,0,3,20,3
TAIGH,M,0,0,0,3,0,3,3
TAIKI,M,0,0,0,3,0,6,3
TAILA,F,0,5,5,7,7,104,24
TAILOR,F,0,0,0,0,0,19,0
TAIMOOR,M,3,0,6,0,0,22,9
TAIMUR,M,0,3,0,0,0,20,3
TAINE,M,0,0,7,15,13,107,35
TAISHA,F,0,8,5,0,0,76,13
TAIT,M,5,3,0,0,3,95,11
TAITE,M,0,0,4,0,4,61,8
TAITE,F,0,0,4,0,3,36,7
TAIWO,M,8,5,7,7,8,113,35
TAIWO,F,5,7,7,6,4,101,29
TAIYA,F,0,0,0,5,5,197,10
TAJ,M,4,0,6,6,3,64,19
TAJA,F,4,7,7,5,3,64,26
TAJAH,F,0,4,0,0,4,23,8
TAJINDER,M,4,3,4,4,0,20,15
TAKARA,F,3,0,3,8,0,85,14
TAKUMI,M,3,0,0,0,0,30,3
TAL,M,4,0,4,3,5,61,16
TALA,F,6,4,0,3,0,246,13
TALAL,M,7,4,7,0,3,122,21
TALEAH,F,3,0,0,0,3,81,6
TALEN,M,3,0,0,0,0,23,3
TALHA,M,22,16,22,28,26,846,114
TALHAH,M,8,8,9,10,10,229,45
TALI,F,0,5,0,3,5,141,13
TALIA,F,86,70,83,111,153,3118,503
TALIAH,F,5,3,0,4,0,315,12
TALIESIN,M,8,8,5,9,10,219,40
TALISA,F,4,0,3,4,0,44,11
TALISHA,F,11,14,13,9,7,231,54
TALITHA,F,21,27,29,18,30,443,125
TALIYA,F,3,0,0,0,0,92,3
TALLIA,F,0,0,0,0,3,48,3
TALLIS,F,0,0,0,3,0,30,3
TALLIS,M,0,0,5,0,0,24,5
TALLON,M,5,3,0,3,3,32,14
TALLULA,F,0,4,4,5,4,186,17
TALLULAH,F,56,51,51,44,66,2872,268
TALON,M,0,0,0,4,0,72,4
TALULA,F,0,0,0,3,0,92,3
TALULAH,F,0,0,0,0,0,147,0
TALULLA,F,0,0,3,0,4,65,7
TALVIN,M,0,3,4,5,6,62,18
TALVINDER,M,3,0,0,3,3,14,9
TALYA,F,8,11,11,13,7,269,50
TAM,M,3,3,0,3,0,34,9
TAMANA,F,0,0,4,5,4,86,13
TAMANNA,F,20,39,20,33,37,371,149
TAMAR,F,22,15,21,22,29,309,109
TAMAR,M,3,0,0,0,0,6,3
TAMARA,F,397,341,297,217,175,2921,1427
TAMARAH,F,0,5,0,3,3,21,11
TAMARRA,F,0,5,0,0,3,17,8
TAMAS,M,0,4,0,0,0,43,4
TAMEEKA,F,0,0,0,5,0,12,5
TAMEEM,M,5,3,3,4,3,126,18
TAMEKA,F,3,9,3,11,9,64,35
TAMELIA,F,0,0,0,0,0,12,0
TAMER,M,5,0,5,0,5,80,15
TAMERA,F,15,25,32,25,21,256,118
TAMESHA,F,0,0,5,3,0,8,8
TAMI,F,0,3,6,0,4,43,13
TAMIA,F,8,6,12,14,16,380,56
TAMICA,F,0,0,7,4,0,18,11
TAMIKA,F,13,45,28,32,14,342,132
TAMILORE,F,0,0,0,0,0,32,0
TAMIM,M,0,3,3,3,0,161,9
TAMINA,F,6,4,3,5,3,37,21
TAMIRA,F,0,0,3,7,4,80,14
TAMISHA,F,0,0,4,4,0,29,8
TAMJID,M,0,0,4,0,3,53,7
TAMLYN,F,4,0,0,0,3,15,7
TAMMI,F,9,4,8,3,5,70,29
TAMMIE,F,12,3,11,5,3,82,34
TAMMY,F,92,73,53,54,39,714,311
TAMSIN,F,137,129,96,94,101,1586,557
TAMSYN,F,17,19,20,12,9,226,77
TAMZIN,F,22,21,23,85,177,1952,328
TAMZYN,F,6,0,5,6,12,128,29
TANAKA,M,0,0,0,0,3,146,3
TANAKA,F,0,0,0,0,0,83,0
TANATSWA,F,0,0,0,0,0,44,0
TANAY,M,0,0,3,0,4,110,7
TANAYA,F,6,5,7,3,5,147,26
TANBIR,M,0,6,3,5,4,40,18
TANE,M,0,0,0,4,5,52,9
TANEESHA,F,4,5,0,3,0,69,12
TANEISHA,F,5,0,3,5,4,59,17
TANEKA,F,0,4,0,0,0,4,4
TANER,M,3,4,4,4,0,47,15
TANESHA,F,5,15,12,8,10,116,50
TANIA,F,52,63,47,51,47,744,260
TANICHA,F,0,3,5,0,0,8,8
TANIKA,F,11,12,14,17,13,151,67
TANIS,M,5,4,0,3,0,18,12
TANISH,M,0,0,0,3,0,107,3
TANISHA,F,83,112,86,114,103,1934,498
TANISHIA,F,0,3,0,0,0,7,3
TANITA,F,4,0,9,0,0,13,13
TANITH,F,11,14,3,11,13,108,52
TANIYA,F,5,8,9,6,7,130,35
TANJA,F,0,0,0,0,4,4,4
TANJILA,F,3,3,0,3,0,21,9
TANJIMA,F,0,5,3,0,0,11,8
TANJINA,F,3,5,3,8,4,59,23
TANNER,M,3,6,5,3,6,122,23
TANSI,F,0,0,0,0,0,3,0
TANSY,F,12,6,9,5,10,162,42
TANVEE,F,0,0,0,0,0,3,
TANVEER,M,5,8,7,9,11,195,40
TANVEER,F,0,0,4,0,3,34,7
TANVI,F,4,0,7,6,9,269,26
TANVIR,M,16,23,15,22,10,269,86
TANWEER,M,0,0,0,0,0,3,0
TANWEN,F,0,0,3,0,5,55,8
TANWIR,M,0,0,0,0,0,3,0
TANYA,F,169,162,123,128,117,2964,699
TANYEL,F,6,0,3,5,0,22,14
TANZEEL,M,4,3,8,4,3,40,22
TANZEELA,F,12,8,9,7,13,160,49
TANZIL,M,0,0,0,0,7,57,7
TANZILA,F,6,4,9,6,8,120,33
TANZIM,F,0,0,4,0,5,31,9
TANZIM,M,4,3,0,3,0,28,10
TANZINA,F,3,8,5,0,0,39,16
TANZY,F,0,0,0,0,3,3,3
TAO,M,0,0,0,6,0,113,6
TAOME,F,9,6,3,3,3,47,24
TAOMI,F,3,0,0,0,0,16,3
TAPIWA,F,0,0,0,0,0,19,0
TARA,F,422,454,466,407,345,5001,2094
TARAH,F,0,3,3,0,3,31,9
TARA-JADE,F,0,4,0,0,0,4,4
TARA-LEIGH,F,3,0,0,0,0,3,3
TARA-LOUISE,F,0,0,0,0,7,7,7
TARA-MARIE,F,0,3,0,0,0,3,3
TARAN,M,31,29,33,36,45,904,174
TARAN,F,8,6,3,0,6,56,23
TARANDEEP,M,10,6,5,5,3,58,29
TARANDEEP,F,0,3,6,0,4,27,13
TARANJIT,M,3,4,4,5,3,30,19
TARANNUM,F,0,3,0,0,0,11,3
TARANPREET,F,4,4,0,0,0,37,8
TARANVIR,M,0,5,4,5,0,51,14
TARAS,M,0,3,3,3,0,15,9
TAREK,M,13,8,4,11,6,137,42
TARELL,M,5,4,3,3,3,39,18
TARIK,M,23,20,17,19,16,253,95
TARIN,F,4,4,0,3,4,26,15
TARIQ,M,36,45,72,57,51,817,261
TARIQUE,M,6,7,5,0,7,40,25
TARKAN,M,5,0,3,3,4,48,15
TARO,M,3,0,3,0,0,47,6
TARON,M,4,5,0,0,7,54,16
TARRAN,M,7,9,7,12,8,107,43
TARREL,M,0,4,0,0,0,4,4
TARREN,M,3,3,3,4,3,26,16
TARRON,M,0,0,5,0,4,27,9
TARRYN,F,4,0,4,0,4,61,12
TARUN,M,10,13,7,14,15,279,59
TARYLL,M,3,10,0,0,0,13,13
TARYN,F,33,33,31,35,33,588,165
TARYN,M,5,0,4,6,5,75,20
TASEEN,M,0,0,3,4,3,96,10
TASFIA,F,0,3,0,5,5,87,13
TASHA,F,28,36,29,23,13,333,129
TASHAN,M,15,11,14,9,9,94,58
TASHANA,F,10,9,6,3,5,40,33
TASHARNA,F,0,4,4,0,0,14,8
TASIA,F,3,5,10,3,7,83,28
TASLEEMA,F,3,3,0,3,0,16,9
TASLIMA,F,22,23,21,15,17,257,98
TASMIA,F,8,6,6,4,0,97,24
TASMIAH,F,0,3,0,0,5,38,8
TASMIN,F,57,50,41,43,36,421,227
TASMINA,F,0,6,3,4,3,41,16
TASMIYAH,F,3,0,4,0,3,73,10
TASNEEM,F,27,35,26,34,30,637,152
TASNIA,F,23,17,30,30,27,338,127
TASNIM,F,44,50,58,48,56,922,256
TASNIMA,F,17,8,12,14,14,134,65
TATANIA,F,0,0,0,0,3,3,3
TATE,M,21,22,28,37,37,1184,145
TATE,F,6,6,7,6,11,177,36
TATIANA,F,20,23,30,26,29,746,128
TATJANA,F,3,5,0,5,0,42,13
TATUM,F,7,9,11,14,15,206,56
TATYANA,F,5,4,3,20,10,151,42
TAUHEED,M,0,0,0,5,14,113,19
TAUQEER,M,3,0,6,0,0,12,9
TAUSEEF,M,6,5,6,0,0,59,17
TAVIA,F,0,4,0,3,0,74,7
TAVIAN,M,0,0,4,0,3,7,7
TAVIS,M,4,6,0,7,3,59,20
TAVISH,M,0,0,0,0,0,20,0
TAWANA,F,3,5,0,0,0,77,8
TAWHEED,M,3,3,0,3,6,94,15
TAWNIE,F,0,0,0,0,0,6,0
TAWNY,F,3,5,0,3,3,42,14
TAY,M,3,3,3,0,4,74,13
TAY,F,0,0,0,0,5,14,5
TAYA,F,24,28,26,25,49,1299,152
TAYAB,M,5,3,8,0,4,64,20
TAYABAH,F,4,0,5,0,3,18,12
TAYAH,F,6,10,7,8,6,435,37
TAYANNA,F,0,0,0,0,0,3,0
TAYBA,F,11,7,3,6,0,145,27
TAYBAH,F,7,8,8,18,10,313,51
TAYE,M,0,0,0,0,9,196,9
TAYIB,M,3,0,3,3,0,15,9
TAYIBA,F,0,0,0,4,4,108,8
TAYLA,F,129,140,136,150,142,2653,697
TAYLA,M,8,5,5,3,4,86,25
TAYLAH,F,7,5,4,6,8,243,30
TAYLAN,M,0,7,6,5,9,560,27
TAYLAR,F,9,11,8,7,7,75,42
TAYLAR,M,4,0,4,0,3,21,11
TAYLER,M,21,18,16,29,20,402,104
TAYLER,F,41,41,26,36,40,383,184
TAYLIA,F,0,0,3,0,0,7,3
TAYLOR,M,354,415,491,528,618,12817,2406
TAYLOR,F,340,436,505,403,456,6617,2140
TAYLOR-ANN,F,0,4,0,3,3,16,10
TAYLOR-ANNE,F,4,0,0,0,0,4,4
TAYLOR-JADE,F,0,0,3,0,3,19,6
TAYLOR-JAMES,M,0,0,3,0,0,128,3
TAYLOR-JAY,M,0,0,0,0,0,103,0
TAYLOR-JAYNE,F,0,3,0,5,0,26,8
TAYLOR-LEE,M,0,0,0,0,0,24,0
TAYLOR-LEIGH,F,0,0,4,0,3,44,7
TAYLOR-MARIE,F,0,0,0,0,4,12,4
TAYMAR,F,3,6,0,0,6,18,15
TAYO,M,5,0,0,0,7,131,12
TAYSHA,F,0,0,0,0,0,5,0
TAYYAB,M,17,16,15,15,13,366,76
TAYYABA,F,6,7,7,10,4,117,34
TAYYEB,M,0,0,6,6,4,56,16
TAYYIB,M,7,9,8,15,7,201,46
TAYYIBA,F,6,3,0,6,0,119,15
TAYYIBAH,F,6,9,19,15,15,407,64
TAYYUB,M,0,0,5,3,3,29,11
TAZ,M,4,0,0,0,0,7,4
TAZMEEN,F,0,0,0,0,0,20,0
TAZMIN,F,22,17,19,30,41,405,129
TEA,F,4,4,12,15,9,197,44
TEAGAN,F,8,17,20,19,41,1905,105
TEAGEN,F,0,0,0,0,0,33,0
TEAGHAN,F,0,0,0,0,0,38,0
TEAGUE,M,0,4,4,4,4,38,16
TEAH,F,8,6,9,8,9,195,40
TEAL,F,4,0,0,3,3,52,10
TEAL,M,0,0,6,0,0,13,6
TEALE,M,0,0,0,5,0,5,5
TEANNA,F,0,0,5,3,3,84,11
TED,M,19,10,29,30,41,2591,129
TEDDIE,M,0,5,0,4,3,684,12
TEDDY,M,20,30,26,35,40,5590,151
TEDDY,F,3,0,0,0,0,42,3
TEEGAN,F,6,11,20,22,25,902,84
TEEJAY,M,6,7,7,4,9,318,33
TEE-JAY,M,0,0,4,4,0,81,8
TEELA,F,0,0,4,0,3,25,7
TEGAN,F,112,166,176,175,287,6325,916
TEGAN,M,0,0,0,0,4,108,4
TEGEN,F,13,5,7,9,7,156,41
TEGHAN,F,0,0,0,0,0,24,0
TEGWEN,F,0,0,0,0,4,20,4
TEHREEM,F,0,0,5,9,6,143,20
TEHYA,F,3,0,3,4,5,284,15
TEHZEEB,F,0,0,0,0,0,61,0
TEIA,F,0,4,0,4,0,53,8
TEIFI,F,0,0,0,0,0,15,0
TEIFION,M,4,4,0,0,5,35,13
TEIGAN,F,5,45,51,50,87,1582,238
TEIGEN,F,0,0,0,0,0,9,0
TEIGHAN,F,0,0,3,3,0,79,6
TEIJA,F,0,0,0,0,0,20,0
TEILA,F,0,0,0,3,0,11,3
TEISHA,F,0,0,0,3,3,31,6
TEJ,M,4,3,0,5,5,102,17
TEJAL,F,7,7,4,10,3,57,31
TEJAN,M,0,0,0,4,4,29,8
TEJAS,M,3,7,3,4,11,159,28
TEJASWINI,F,0,0,0,0,0,3,0
TEJAY,M,4,0,0,4,3,99,11
TELERI,F,8,5,3,5,6,100,27
TEMIDAYO,F,3,3,0,0,4,52,10
TEMILOLUWA,F,4,0,3,3,3,163,13
TEMILOLUWA,M,0,5,3,6,4,117,18
TEMITAYO,M,6,6,0,3,0,82,15
TEMITAYO,F,4,5,0,0,0,59,9
TEMITOPE,F,9,9,7,9,10,174,44
TEMITOPE,M,8,5,5,7,0,92,25
TEMPANY,F,19,20,19,9,0,74,67
TEMPERANCE,F,0,0,0,0,0,123,0
TEMUJIN,M,0,0,0,0,0,10,0
TENDAI,M,0,0,0,3,5,49,8
TENESHA,F,0,3,0,0,0,7,3
TENIOLA,F,4,0,0,4,0,85,8
TENISHA,F,7,9,4,6,6,85,32
TENNESSEE,F,0,0,0,0,0,3,0
TENNESSEE,M,0,0,0,0,0,3,0
TENZIN,M,0,0,0,0,0,48,0
TENZIN,F,0,0,0,0,0,35,0
TEO,M,0,6,4,0,7,345,17
TEODOR,M,0,0,0,0,0,163,0
TEODORA,F,0,0,0,0,0,122,0
TEON,M,0,3,0,0,3,117,6
TEONA,F,0,6,4,15,5,66,30
TEONI,F,0,0,0,5,4,70,9
TEQUILA,F,3,0,0,3,3,15,9
TERELL,M,7,7,0,3,0,80,17
TERENCE,M,58,59,50,40,32,14924,239
TERESA,F,48,37,26,33,30,4935,174
TEREZA,F,0,0,0,0,0,67,0
TERI,F,49,68,50,37,26,375,230
TERI-ANN,F,3,4,0,3,0,17,10
TERIANNE,F,3,0,0,0,0,3,3
TERI-ANNE,F,0,0,3,0,0,3,3
TERI-LEIGH,F,0,0,3,0,0,3,3
TERIQUE,M,0,0,0,0,3,3,3
TERRANCE,M,4,4,0,0,0,34,8
TERREL,M,5,5,4,7,3,65,24
TERRELL,M,16,19,29,14,12,290,90
TERRENCE,M,8,15,12,11,5,191,51
TERRI,F,136,93,66,48,48,660,391
TERRI-ANN,F,13,9,12,5,7,56,46
TERRIANNE,F,3,0,0,0,0,7,3
TERRI-ANNE,F,4,4,4,0,0,31,12
TERRIE,F,12,11,4,0,0,37,27
TERRI-LEE,F,3,0,0,0,4,7,7
TERRI-LEIGH,F,4,3,8,4,5,40,24
TERRI-LOUISE,F,0,4,0,0,0,4,4
TERRY,M,79,87,59,54,58,3490,337
TERTIA,F,3,0,0,0,0,3,3
TESHAN,M,0,3,0,0,0,3,3
TESNI,F,9,14,17,14,16,187,70
TESS,F,37,35,38,34,61,1248,205
TESSA,F,78,72,71,52,58,1216,331
TESSIE,F,0,0,0,0,0,9,0
TESTIMONY,F,0,0,0,0,0,23,0
TESTIMONY,M,0,0,0,0,0,3,0
TEVEZ,M,0,0,0,0,0,13,0
TEVIN,M,18,8,4,4,4,73,38
TEVIS,M,0,0,0,0,3,3,3
TEXAS,F,0,0,0,0,0,62,0
TEYA,F,4,4,4,6,4,189,22
TEYLA,F,0,0,0,0,0,53,0
TEYTE,M,0,0,3,0,0,3,3
THABIT,M,0,0,0,3,0,3,3
THABO,M,0,0,0,0,0,39,0
THADDEUS,M,5,0,3,5,0,79,13
THADY,M,0,0,0,0,0,12,0
THAHMINA,F,7,8,10,4,4,47,33
THAI,M,8,7,5,9,5,162,34
THAI,F,0,0,0,5,3,8,8
THAINE,M,0,0,0,0,0,9,0
THAIS,F,0,0,0,5,0,54,5
THALIA,F,16,16,16,32,43,977,123
THAMANNA,F,3,4,8,6,0,32,21
THAMIM,M,0,0,4,3,0,7,7
THAMINA,F,6,4,4,0,3,44,17
THANBIR,M,0,0,0,0,3,3,3
THANDEKA,F,0,0,0,0,0,38,0
THANDI,F,0,0,0,0,0,22,0
THANDIE,F,0,0,0,0,0,40,0
THANE,M,0,0,0,3,4,37,7
THANH,M,3,0,0,0,0,17,3
THANIA,F,6,4,4,4,0,28,18
THANIYA,F,0,5,0,0,0,8,5
THANUSHA,F,0,0,0,3,0,3,3
THANVIR,M,0,0,3,0,0,3,3
THARA,F,0,5,0,0,0,28,5
THARUN,M,0,0,0,0,0,83,0
THASLIMA,F,7,4,0,3,3,21,17
THEA,F,60,69,103,93,136,4813,461
THEADORA,F,7,4,6,5,5,189,27
THEA-GRACE,F,0,0,0,0,0,8,0
THEIA,F,0,0,0,0,0,231,0
THELMA,F,0,0,3,3,4,1807,10
THELONIOUS,M,0,0,0,0,0,14,0
THEO,M,120,134,132,145,232,17415,763
THEODEN,M,0,0,0,0,0,29,0
THEODOR,M,3,4,5,4,6,235,22
THEODORA,F,13,9,15,9,24,501,70
THEODORE,M,152,166,172,178,196,8538,864
THEODOROS,M,4,5,6,0,0,94,15
THEON,M,0,0,0,0,0,116,0
THEOPHILUS,M,3,3,0,0,5,100,11
THERESA,F,34,42,29,23,30,1673,158
THERESE,F,7,4,7,3,6,94,27
THERON,M,3,0,0,0,0,21,3
THEYA,F,0,0,0,0,0,7,0
THI,F,9,0,0,3,4,16,16
THIA,F,0,0,0,0,0,89,0
THIAGO,M,0,0,0,0,0,161,0
THIBAUD,M,0,0,0,0,0,10,0
THIBAULT,M,0,0,3,4,0,50,7
THIBAUT,M,0,0,0,3,0,17,3
THIERRY,M,5,4,4,6,13,403,32
THIERRY,F,0,0,0,0,3,15,3
THOM,M,7,4,13,8,5,174,37
THOMAS,M,9603,9479,9468,9454,8672,197512,46676
THOMASIN,F,0,0,3,4,0,7,7
THOMASINA,F,0,3,4,0,0,58,7
THOMAS-JAMES,M,0,6,3,0,0,134,9
THOMAS-JAY,M,0,3,3,3,3,81,12
THOMAS-LEE,M,4,0,0,0,0,23,4
THOR,M,6,5,0,0,9,148,20
THORA,F,0,0,0,0,0,44,0
THULASI,F,3,0,0,0,0,3,3
THUY,F,0,4,3,3,0,18,10
TIA,F,349,525,702,812,816,14558,3204
TIAGAN,F,0,0,0,0,0,10,0
TIAGO,M,4,14,11,15,17,672,61
TIAH,F,16,22,26,14,13,335,91
TIAHNA,F,0,0,3,5,0,82,8
TIA-JADE,F,0,0,0,4,4,25,8
TIA-LEIGH,F,0,0,3,0,0,64,3
TIA-LEONI,F,0,0,0,5,0,8,5
TIA-LOUISE,F,0,5,9,6,5,223,25
TIA-MAE,F,0,0,3,0,0,64,3
TIAN,M,0,3,0,4,3,163,10
TIAN,F,6,6,7,3,6,108,28
TIANA,F,33,42,51,63,65,2698,254
TIANEY,F,0,0,3,3,0,22,6
TIANN,F,0,0,0,6,3,21,9
TIANNA,F,28,45,48,61,74,2063,256
TIANNAH,F,0,0,0,6,5,113,11
TIANNE,F,5,6,4,3,8,97,26
TIARA,F,0,4,5,5,5,222,19
TIARNA,F,5,12,13,11,16,421,57
TIARNAN,M,12,6,6,14,4,72,42
TIA-ROSE,F,0,4,4,4,0,128,12
TIBER,M,0,0,0,0,0,3,0
TIBERIUS,M,0,0,0,0,0,44,0
TIBOR,M,0,0,0,0,0,37,0
TIEGAN,F,0,85,215,148,152,1598,600
TIEN,M,0,0,0,0,0,51,0
TIENNA,F,0,0,0,0,0,45,0
TIERAN,M,0,0,0,3,0,14,3
TIERNAN,M,10,6,12,24,17,292,69
TIERNEY,F,19,41,46,45,54,534,205
TIFFANI,F,12,6,11,4,0,66,33
TIFFANIE,F,5,0,4,6,4,46,19
TIFFANY,F,346,451,326,267,207,4057,1597
TIFFINY,F,3,5,0,0,0,15,8
TIGAN,F,0,0,0,0,0,17,0
TIGER,M,0,3,8,10,10,194,31
TIGER,F,0,4,0,4,4,117,12
TIGERLILLY,F,0,0,0,0,0,6,0
TIGERLILY,F,0,0,0,0,0,122,0
TIGGI,F,0,0,0,0,0,3,0
TIGGY,F,0,0,5,6,3,95,14
TIGHE,M,0,0,3,0,4,34,7
TILA,F,0,0,0,0,0,10,0
TILDA,F,4,4,0,6,3,208,17
TILIA,F,0,0,0,3,0,46,3
TILLEE,F,0,0,0,0,0,17,0
TILLEY,F,3,5,0,3,3,130,14
TILLI,F,0,3,3,3,4,107,13
TILLIA,F,0,0,0,0,0,7,0
TILLIE,F,17,16,15,21,23,1270,92
TILLY,F,105,121,135,194,193,8467,748
TILLY-LEIGH,F,0,0,0,0,0,3,0
TILLY-MAE,F,0,0,0,0,0,226,0
TILLY-MAY,F,0,0,0,0,0,163,0
TIM,M,28,25,18,26,27,364,124
TIMAS,M,0,0,0,0,0,40,0
TIMERA,F,0,0,3,0,0,3,3
TIMMY,M,6,0,3,3,0,83,12
TIMOFEY,M,0,0,0,0,0,19,0
TIMON,M,4,0,7,5,0,56,16
TIMOTHY,M,691,550,477,404,328,16256,2450
TIMUR,M,3,8,5,7,9,264,32
TIN,M,0,0,0,0,3,13,3
TINA,F,45,45,34,26,34,1714,184
TINASHE,M,4,0,0,0,4,187,8
TINAYE,F,0,0,0,0,0,3,0
TINAYEISHE,F,0,0,0,0,0,3,0
TINESHA,F,0,0,0,4,0,4,4
TINIKA,F,0,3,0,0,0,3,3
TINISHA,F,4,0,0,6,0,50,10
TINO,M,0,0,4,0,0,43,4
TIO,M,0,0,0,0,0,17,0
TIOLUWANI,F,0,0,0,0,3,14,3
TIOLUWANIMI,M,0,0,0,0,0,3,0
TION,M,0,3,0,0,4,37,7
TIONE,F,0,0,0,0,3,3,3
TIONNE,F,4,0,5,4,9,41,22
TIRAS,M,0,0,0,0,0,3,0
TIREE,M,0,0,0,3,0,3,3
TIRION,F,12,9,9,5,9,157,44
TISHA,F,4,3,0,0,0,90,7
TITAN,M,0,0,0,0,0,7,0
TITILAYO,F,0,0,3,4,0,32,7
TITILOPE,F,3,0,0,0,0,6,3
TITUS,M,3,4,8,7,5,155,27
TIWATOPE,F,0,0,0,0,0,18,0
TIYA,F,0,3,4,3,5,246,15
TIYANA,F,5,3,4,7,7,125,26
T-JAY,M,0,0,3,4,6,198,13
TOBECHI,M,0,0,0,0,0,18,0
TOBECHUKWU,M,0,4,0,0,0,43,4
TOBEY,M,0,0,0,0,0,308,0
TOBI,M,15,15,5,4,6,305,45
TOBIAS,M,296,306,318,303,287,7880,1510
TOBIE,M,4,8,4,4,8,203,28
TOBIN,M,4,3,7,4,3,187,21
TOBY,M,761,762,769,743,716,24109,3751
TOBY,F,3,3,3,0,4,115,13
TOBY-LEE,M,0,0,0,0,0,19,0
TOBYN,M,0,0,3,0,0,41,3
TOCHI,F,0,0,0,0,3,9,3
TOCHUKWU,M,0,0,0,0,4,23,4
TOD,M,3,3,0,0,0,6,6
TODD,M,159,136,115,78,93,1451,581
TOLANI,F,4,0,0,0,0,7,4
TOLGA,M,14,12,11,4,8,115,49
TOLULOPE,F,8,4,0,4,5,68,21
TOLULOPE,M,0,4,0,5,0,36,9
TOLUWALASE,M,0,0,3,0,0,57,3
TOLUWALASE,F,0,0,0,3,0,52,3
TOLUWALASHE,M,0,0,0,0,0,3,0
TOLUWALOPE,F,0,3,4,0,0,20,7
TOLUWANI,M,0,0,3,4,0,49,7
TOLUWANIMI,F,4,3,0,0,0,43,7
TOM,M,493,510,579,638,635,11548,2855
TOMA,M,0,0,0,0,0,24,0
TOMAS,M,170,162,163,165,181,3361,841
TOMASINA,F,0,0,0,0,0,3,0
TOMASS,M,0,0,0,0,0,37,0
TOMASZ,M,12,10,8,11,9,661,50
TOMAZ,M,0,0,0,0,0,3,0
TOMER,M,0,3,0,3,0,18,6
TOMI,M,0,0,3,0,0,141,3
TOMIKA,F,3,0,0,0,0,3,3
TOMISHA,F,0,0,0,0,3,3,3
TOMMAS,M,0,0,0,0,0,3,0
TOMMASO,M,3,4,3,4,5,137,19
TOMME,M,0,0,3,0,0,3,3
TOMMEE,M,0,0,0,0,0,25,0
TOMMI,M,3,4,8,9,13,181,37
TOMMIE,M,14,9,21,17,16,470,77
TOMMY,M,247,301,403,392,375,11321,1718
TOMMY-JOE,M,0,0,0,4,0,51,4
TOMMYLEE,M,7,5,4,8,8,123,32
TOMMY-LEE,M,14,16,24,23,13,585,90
TOMO,M,0,0,0,0,0,3,0
TOMOKA,F,0,0,0,0,0,3,0
TOMOKI,M,0,0,0,0,0,14,0
TOMOS,M,111,128,124,137,129,2285,629
TOMOYA,M,0,0,3,0,0,3,3
TONDERAI,M,0,0,0,0,0,3,0
TONI,F,400,388,311,250,190,3473,1539
TONIA,F,4,6,4,4,6,52,24
TONI-ANNE,F,0,0,5,3,0,19,8
TONICHA,F,45,87,36,13,5,193,186
TONICHIA,F,0,0,3,0,0,3,3
TONIE,F,7,8,0,3,4,25,22
TONIKA,F,0,3,5,4,0,12,12
TONILEE,F,0,0,0,0,3,3,3
TONILEIGH,F,0,0,0,4,0,4,4
TONI-LEIGH,F,0,4,4,8,3,50,19
TONI-LOUISE,F,6,0,4,4,6,20,20
TONI-MARIE,F,13,11,6,4,3,67,37
TONISHA,F,11,24,19,6,8,82,68
TONY,M,204,172,135,129,116,5877,756
TONYA,F,8,3,4,3,4,25,22
TOPAZ,F,3,0,5,6,4,60,18
TOR,M,5,7,5,10,4,132,31
TORA,F,0,0,5,0,3,39,8
TORAL,F,0,3,0,0,0,3,3
TORAN,M,5,0,4,0,0,26,9
TORBEN,M,0,0,4,5,0,65,9
TORE,M,0,0,0,3,0,3,3
TORELL,M,3,0,0,0,0,3,3
TORI,F,75,62,50,63,76,1180,326
TORIE,F,0,0,0,3,3,45,6
TORI-LEE,F,0,0,0,0,0,3,0
TORIN,M,16,15,14,18,29,489,92
TORIN,F,0,0,0,0,0,3,0
TORITSEJU,M,0,0,0,0,0,3,0
TORRAN,M,3,6,0,0,4,47,13
TORSTEN,M,0,0,0,0,0,39,0
TOSEEF,M,3,3,0,0,3,9,9
TOUSSAINT,M,0,4,0,0,0,4,4
TOYA,F,0,0,5,0,0,14,5
TOYAH,F,12,12,33,18,7,151,82
TOYIN,F,3,0,0,0,0,3,3
TRACEY,F,29,12,14,10,8,9122,73
TRACIE,F,0,3,0,0,0,3,3
TRACY,F,34,27,13,10,9,7022,93
TRAE,M,7,5,7,8,12,146,39
TRAFFORD,M,7,7,14,12,12,129,52
TRAI,M,3,4,6,4,4,55,21
TRAVIS,M,205,165,141,130,368,4241,1009
TRAY,M,0,0,0,3,4,10,7
TRAYVOND,M,4,0,0,0,0,4,4
TRE,M,21,17,19,20,18,271,95
TREA,F,0,3,0,0,0,3,3
TREASURE,F,0,0,0,0,0,51,0
TREASURE,M,0,0,0,0,0,29,0
TREI,M,0,4,0,3,3,14,10
TRELAWNY,F,0,0,0,0,0,3,0
TREMAINE,M,7,3,8,5,5,120,28
TREMAYNE,M,12,0,5,6,3,80,26
TREMONT,M,0,0,4,0,0,4,4
TRENT,M,10,7,17,13,22,350,69
TRENTON,M,0,7,0,0,0,47,7
TREVON,M,4,4,0,4,0,44,12
TREVOR,M,21,33,32,18,26,10597,130
TREY,M,15,11,19,38,38,738,121
TREYVON,M,0,0,0,0,0,40,0
TRICIA,F,0,5,0,0,3,35,8
TRILBY,F,0,0,0,0,0,3,0
TRINA,F,0,0,4,0,3,24,7
TRINITY,F,6,8,7,20,152,2210,193
TRIONA,F,3,0,0,0,0,3,3
TRISH,F,0,0,0,0,0,11,0
TRISHA,F,11,9,13,14,6,346,53
TRISHNA,F,3,9,0,6,5,46,23
TRISTAN,M,250,250,245,224,245,6910,1214
TRISTEN,M,10,11,12,7,7,285,47
TRISTIAN,M,6,4,6,0,3,90,19
TRISTIN,M,0,0,0,0,0,25,0
TRISTON,M,6,4,0,4,7,152,21
TRISTRAM,M,4,3,3,3,3,30,16
TRISTYN,M,0,0,0,0,0,40,0
TRIUMPH,M,0,0,0,0,0,3,0
TRIXIE,F,0,0,0,0,0,136,0
TROI,M,10,0,0,0,0,13,10
TROI,F,0,3,0,0,0,3,3
TROY,M,182,124,139,149,131,3266,725
TROY,F,0,0,3,0,0,3,3
TRUAN,M,0,0,0,3,0,7,3
TRUDI,F,6,5,11,18,7,93,47
TRUDIE,F,11,10,5,5,3,105,34
TRUDY,F,7,6,3,13,13,175,42
TRUE,F,4,0,0,0,0,4,4
TRULY,F,0,4,0,0,0,48,4
TRUMAN,M,4,0,3,0,5,30,12
TRUNG,M,4,0,0,3,0,7,7
TRYSTAN,M,18,14,21,8,13,533,74
TUAN,M,0,0,0,0,3,27,3
TUANA,F,0,0,0,0,3,101,3
TUBA,F,0,0,0,0,3,42,3
TUCKER,M,0,0,3,0,0,43,3
TUDOR,M,15,6,3,4,6,190,34
TUESDAY,F,15,13,12,12,3,77,55
TUGCE,F,4,4,4,0,7,43,19
TUGULDUR,M,0,0,0,0,0,3,0
TULA,F,4,4,3,6,0,147,17
TULAH,F,0,0,0,0,0,15,0
TULAY,F,3,0,0,0,0,3,3
TULI,F,0,0,0,0,0,12,0
TULIA,F,0,0,0,0,0,3,0
TULIP,F,0,0,0,0,0,37,0
TULISA,F,0,0,0,0,0,309,0
TULISE,F,0,0,0,0,0,12,0
TULISIA,F,0,0,0,0,0,15,0
TULISSA,F,0,0,0,0,0,12,0
TULLIA,F,0,0,4,0,0,7,4
TULLY,M,4,0,0,4,0,27,8
TULLY,F,0,0,0,0,0,4,0
TULSI,F,6,8,6,5,9,146,34
TULULA,F,0,0,0,0,0,12,0
TUNDE,M,0,0,0,0,0,3,0
TUOMAS,M,0,0,0,0,3,3,3
TURAN,M,0,0,0,0,0,11,0
TURNER,M,0,0,0,0,0,19,0
TUSCANY,F,0,0,0,4,0,7,4
TWM,M,0,4,3,0,3,97,10
TWYLA,F,0,0,0,0,0,22,0
TY,M,19,22,26,34,36,1228,137
TYAN,M,0,0,0,0,3,13,3
TYANA,F,0,3,6,12,6,80,27
TYANNA,F,3,5,4,7,5,92,24
TYARNA,F,0,0,0,0,0,11,0
TYBAH,F,0,0,3,0,0,3,3
TYCHO,M,0,0,0,0,0,3,0
TYE,M,12,12,17,28,21,657,90
TYE,F,0,0,0,0,3,3,3
TYESHA,F,0,3,3,6,0,51,12
TYGER,M,0,0,0,0,0,44,0
TYISHA,F,7,0,0,3,0,20,10
TYLA,F,30,41,52,46,41,591,210
TYLA,M,14,28,19,21,20,398,102
TYLAH,F,5,8,7,4,3,66,27
TYLAN,M,3,0,5,4,3,137,15
TYLAR,M,3,4,3,3,5,95,18
TYLAR,F,3,0,0,5,0,14,8
TYLER,M,1007,1158,1194,1230,1349,38120,5938
TYLER,F,175,166,189,172,157,1695,859
TYLER-GEORGE,M,0,0,0,0,0,3,0
TYLER-JADE,F,0,0,3,0,3,10,6
TYLER-JAMES,M,4,0,4,3,0,604,11
TYLER-JAY,M,0,0,0,0,3,296,3
TYLER-JON,M,0,0,0,0,0,3,0
TYLER-MARIE,F,3,0,0,0,0,3,3
TYLER-REECE,M,0,0,0,0,0,3,0
TYLOR,M,7,7,6,14,7,314,41
TYMON,M,0,0,0,0,0,378,0
TYNAN,M,0,0,3,0,0,17,3
TYNE,F,4,12,5,6,4,69,31
TYNE,M,0,3,0,0,0,23,3
TYONA,F,0,0,3,0,0,3,3
TYRA,F,25,64,62,41,47,901,239
TYRAH,F,0,0,4,3,3,45,10
TYRAN,M,8,7,11,9,5,117,40
TYRECE,M,0,0,0,6,6,77,12
TYREE,M,0,3,4,6,6,138,19
TYREECE,M,0,0,8,58,53,678,119
TYREEK,M,0,0,5,12,6,62,23
TYREESE,M,0,0,0,10,10,252,20
TYREKE,M,0,0,14,23,28,94,65
TYREL,M,4,3,7,5,6,73,25
TYRELL,M,55,58,60,56,55,1021,284
TYRELLE,M,4,7,5,5,10,128,31
TYREN,M,3,4,0,0,0,43,7
TYRESE,M,0,0,6,106,89,1753,201
TYRESSE,M,0,0,0,3,8,89,11
TYRIAN,M,0,0,0,0,0,7,0
TYRIC,M,0,0,3,3,0,6,6
TYRICK,M,0,0,0,3,0,3,3
TYRIK,M,0,0,0,0,7,15,7
TYRIN,M,0,0,0,3,0,3,3
TYRION,M,0,0,0,0,0,44,0
TYRIQ,M,0,0,7,20,7,60,34
TYRIQUE,M,0,0,9,23,35,163,67
TYRON,M,22,25,38,24,21,317,130
TYRONE,M,117,126,135,126,97,1453,601
TYRONNE,M,6,4,0,0,4,30,14
TYRRELL,M,5,6,10,0,6,52,27
TYSON,M,5,10,3,9,8,302,35
TYTUS,M,0,0,0,0,0,25,0
TZIVIA,F,3,0,0,0,5,43,8
UBAH,F,5,3,0,0,0,14,8
UBAID,M,4,4,8,7,10,296,33
UCHECHUKWU,M,0,0,3,4,0,39,7
UCHECHUKWU,F,0,0,0,0,0,5,0
UCHENNA,M,5,0,0,0,3,40,8
UDHAM,M,0,0,0,0,0,11,0
UGNIUS,M,0,0,0,0,0,40,0
UGOCHUKWU,M,4,0,0,4,0,66,8
UGONNA,M,0,0,0,0,0,28,0
UGUR,M,7,7,4,6,4,79,28
UISCE,F,0,0,0,0,0,3,0
ULA,F,0,0,0,0,0,101,0
ULLA,F,0,0,0,3,0,9,3
ULRICH,M,0,0,0,0,0,6,0
ULRIKA,F,3,0,0,0,0,3,3
ULTAN,M,0,0,0,0,0,3,0
ULUS,M,0,0,0,0,0,3,0
ULYSSES,M,0,0,3,0,0,11,3
UMA,F,8,10,16,15,15,394,64
UMAAD,M,0,0,0,0,3,3,3
UMAIMAH,F,4,0,3,6,4,221,17
UMAIR,M,28,29,20,42,31,814,150
UMAIRA,F,0,3,0,3,3,68,9
UMAMA,F,0,0,0,3,0,49,3
UMAMAH,F,0,5,4,4,4,165,17
UMAR,M,136,129,131,134,163,3303,693
UMARA,F,0,4,3,3,0,29,10
UMARAH,F,0,5,0,3,4,85,12
UMAY,F,0,0,3,0,5,20,8
UMAYMAH,F,3,6,5,9,9,354,32
UMAYR,M,7,12,9,15,7,182,50
UMBER,F,0,0,4,0,0,4,4
UME,F,0,0,0,0,4,43,4
UMER,M,16,9,17,11,10,270,63
UMERA,F,6,9,0,0,3,26,18
UMIT,M,0,0,0,0,0,7,0
UMMAR,M,3,0,0,4,0,16,7
UMME,F,12,6,12,11,10,289,51
UMMI,F,0,0,0,0,3,14,3
UMOR,M,3,0,0,0,0,3,3
UMRAH,F,0,0,0,0,0,27,0
UMRAN,M,0,0,0,0,3,9,3
UMUT,M,7,8,14,10,5,202,44
UNA,F,7,6,13,6,10,348,42
UNAISAH,F,0,0,0,3,9,117,12
UNIQUE,F,0,0,3,3,7,67,13
UNITY,F,3,0,3,0,3,28,9
URI,M,0,0,0,0,0,28,0
URIAH,M,0,0,0,0,0,54,0
URIEL,M,4,0,0,3,0,118,7
URIM,M,0,0,0,0,3,3,3
URJA,F,0,0,0,5,3,11,8
URMI,F,0,0,0,0,3,7,3
UROOJ,F,5,0,4,7,3,145,19
UROOSA,F,9,6,3,3,0,21,21
URSULA,F,18,21,18,20,14,384,91
URSZULA,F,0,0,0,0,0,61,0
URVASHI,F,4,3,5,0,0,27,12
URVI,F,0,6,5,3,3,67,17
USAAMAH,M,7,0,10,18,8,54,43
USAID,M,0,0,0,0,0,30,0
USAMA,M,24,17,38,27,47,203,153
USAMAH,M,21,30,24,36,48,210,159
USAYD,M,0,0,0,7,6,113,13
USHBA,F,3,0,0,0,0,3,3
USHNA,F,0,0,0,0,3,7,3
USMA,F,5,3,3,0,3,20,14
USMAAN,M,21,21,34,37,29,403,142
USMAN,M,106,97,106,112,118,1705,539
USWA,F,0,0,0,0,0,64,0
UTHER,M,0,0,0,0,0,4,0
UTHMAAN,M,0,6,4,0,0,88,10
UTHMAN,M,10,0,8,7,9,276,34
UWAIS,M,12,22,19,25,24,356,102
UXIA,F,0,0,0,0,0,3,0
UZAIR,M,35,32,36,47,39,1162,189
UZAYR,M,3,8,4,7,6,184,28
UZMA,F,30,38,31,24,19,333,142
UZOCHUKWU,M,0,0,0,0,0,3,0
UZOMA,M,3,0,0,0,0,15,3
UZZIAH,M,0,0,0,0,0,5,0
UZZIEL,M,0,0,0,0,0,3,0
VADA,F,3,0,0,3,0,22,6
VAHID,M,3,0,0,0,0,3,3
VAISHALI,F,8,5,6,4,3,54,26
VAKARE,F,0,0,0,0,0,32,0
VAKARIS,M,0,0,0,0,0,52,0
VALA,F,0,0,0,0,0,7,0
VALDEMAR,M,0,0,0,0,0,7,0
VALEN,M,0,0,0,0,0,6,0
VALENCIA,F,3,0,0,0,0,55,3
VALENTIN,M,0,0,3,0,4,129,7
VALENTINA,F,19,20,24,23,34,1252,120
VALENTINE,M,0,0,4,6,0,120,10
VALENTINE,F,0,6,4,3,0,92,13
VALENTINO,M,0,3,0,8,6,446,17
VALERIA,F,0,4,5,3,5,188,17
VALERIE,F,14,8,10,9,19,10029,60
VALERIYA,F,0,0,0,0,0,3,0
VALI,M,0,0,0,0,0,3,0
VALMIR,M,0,0,0,3,0,3,3
VAN,M,5,3,0,0,0,20,8
VANDANA,F,3,0,0,0,0,3,3
VANESA,F,0,0,3,0,0,361,3
VANESSA,F,213,145,129,94,106,3827,687
VANI,F,0,0,0,3,0,36,3
VANIA,F,0,0,0,3,0,75,3
VANISHA,F,13,10,8,3,4,82,38
VANYA,F,3,0,0,0,0,46,3
VARINDER,F,3,0,0,0,0,3,3
VARSHINI,F,0,0,0,0,0,25,0
VARUN,M,4,5,18,18,6,281,51
VARYA,F,0,0,0,0,0,4,0
VASCO,M,0,0,0,0,0,22,0
VASIL,M,0,0,0,0,0,22,0
VASILE,M,0,0,0,3,0,48,3
VASILEIOS,M,0,0,0,0,0,12,0
VASILIKI,F,3,5,0,0,3,20,11
VASILIS,M,0,0,0,0,0,19,0
VASSILIOS,M,0,0,0,0,0,3,0
VAUGHAN,M,8,10,14,8,14,254,54
VAUGHN,M,6,5,7,8,5,193,31
VAYA,F,0,0,0,0,0,3,0
VEDA,F,0,0,0,0,0,52,0
VEDANT,M,0,0,0,0,0,100,0
VEENA,F,0,3,3,3,3,30,12
VEER,M,4,0,0,4,7,628,15
VEGA,F,0,0,0,0,0,35,0
VEGAS,F,0,0,0,0,0,3,0
VELA,F,0,0,0,0,0,3,0
VELVET,F,0,6,5,6,0,62,17
VENESSA,F,5,5,0,0,0,28,10
VENETIA,F,9,16,6,9,15,103,55
VENICE,F,0,0,0,0,0,48,0
VENUS,F,4,0,4,3,15,181,26
VERA,F,0,6,0,4,8,10058,18
VERENA,F,0,0,4,0,0,27,4
VERITY,F,114,124,115,116,104,2322,573
VERNON,M,5,5,5,3,0,83,18
VERONA,F,0,0,0,3,4,32,7
VERONICA,F,29,26,35,30,36,3308,156
VERONIKA,F,0,5,3,3,0,331,11
VERONIQUE,F,4,3,0,0,0,33,7
VESA,F,0,0,0,0,5,20,5
VESPA,F,0,0,0,0,0,3,0
VESPER,F,0,0,0,0,0,59,0
VESTA,F,0,0,0,0,0,46,0
VI,F,0,0,0,0,0,3,0
VIBHAV,M,0,0,0,0,0,8,0
VICENTE,M,3,0,0,0,0,45,3
VICKI,F,26,20,14,8,7,110,75
VICKIE,F,7,4,5,0,4,32,20
VICKY,F,58,40,27,21,13,342,159
VICTOIRE,F,0,0,0,0,3,23,3
VICTOR,M,51,63,49,71,65,10168,299
VICTORIA,F,1627,1650,1401,1335,976,26630,6989
VICTORIA-LOUISE,F,0,0,0,0,0,3,0
VICTORIOUS,F,0,0,0,0,0,3,0
VICTORY,F,0,0,0,0,4,70,4
VICTORY,M,0,0,0,0,0,45,0
VIDA,F,0,3,0,0,0,71,3
VIDHI,F,0,0,3,0,0,122,3
VIENNA,F,9,16,20,17,16,497,78
VIENNA-ROSE,F,0,0,0,0,0,3,0
VIET,M,5,0,0,0,0,62,5
VIGGO,M,0,0,0,0,0,93,0
VIGNESH,M,4,0,4,0,0,18,8
VIGO,M,0,0,0,0,0,8,0
VIJAY,M,19,14,8,12,6,163,59
VIKAS,M,0,0,3,6,0,15,9
VIKASH,M,6,4,0,0,5,25,15
VIKESH,M,7,11,7,5,0,41,30
VIKKI,F,30,13,10,9,7,98,69
VIKRAM,M,6,20,6,9,16,203,57
VIKTOR,M,3,0,3,3,5,372,14
VIKTORIA,F,0,0,4,3,4,415,11
VILIUS,M,0,0,0,0,0,21,0
VILLE,M,0,0,3,0,0,3,3
VIMAL,M,4,3,0,0,0,7,7
VINAY,M,26,26,29,25,31,339,137
VINAYA,F,0,0,0,0,0,24,0
VINAYKUMAR,M,3,0,0,0,0,3,3
VINCE,M,0,4,3,0,0,162,7
VINCENT,M,117,115,87,100,110,8271,529
VINCENZA,F,3,0,4,0,0,19,7
VINCENZO,M,11,13,11,11,12,325,58
VINEET,M,0,4,0,3,0,33,7
VINEET,F,0,0,0,3,0,3,3
VINESH,M,4,6,5,0,3,34,18
VINH,M,3,3,3,0,4,20,13
VINICIUS,M,0,0,0,0,0,24,0
VINISHA,F,3,0,3,0,3,28,9
VINNI,M,0,3,0,0,0,44,3
VINNIE,M,0,4,9,16,28,2268,57
VINNY,M,7,10,10,9,4,648,40
VINUSH,M,0,0,0,0,0,3,0
VIOLA,F,0,5,0,7,4,247,16
VIOLET,F,19,24,22,28,30,14943,123
VIOLETA,F,0,0,0,0,0,29,0
VIOLETTE,F,0,0,0,0,0,111,0
VIR,M,0,0,0,0,0,46,0
VIRAJ,M,12,6,3,6,10,204,37
VIRAL,M,3,0,0,0,0,3,3
VIREN,M,5,3,7,7,0,131,22
VIRGIL,M,0,0,0,0,0,3,0
VIRGINIA,F,21,14,20,11,19,217,85
VISAKAN,M,0,0,0,0,0,3,0
VISAR,M,0,0,0,0,3,3,3
VISHAAL,M,4,4,0,0,3,26,11
VISHAL,M,47,26,32,21,25,322,151
VISHALI,F,3,5,3,3,0,33,14
VISHAY,M,0,0,0,0,0,6,0
VISHNU,M,4,13,8,3,3,147,31
VITA,F,5,0,5,4,5,122,19
VITALY,M,0,0,0,0,0,3,0
VITO,M,3,5,0,4,0,117,12
VITOR,M,0,0,0,0,4,38,4
VITTORIA,F,0,0,3,4,4,88,11
VITTORIO,M,0,0,0,4,4,51,8
VIVAAN,M,0,0,0,0,0,265,0
VIVEK,M,20,17,15,10,13,276,75
VIVIAN,F,12,10,4,9,7,354,42
VIVIANA,F,0,3,4,0,3,77,10
VIVIANE,F,0,0,0,0,0,22,0
VIVIANNE,F,0,0,0,0,0,25,0
VIVIEN,F,10,10,5,8,14,339,47
VIVIENNE,F,13,12,11,16,9,1271,61
VLAD,M,0,0,0,0,0,105,0
VLADIMIR,M,0,6,5,0,3,156,14
VLADISLAV,M,0,0,0,0,0,77,0
VOGUE,F,0,0,0,0,0,28,0
VOJTECH,M,0,0,0,0,0,7,0
VOLKAN,M,9,6,7,6,0,51,28
VOLODYMYR,M,0,0,0,0,0,6,0
WADE,M,34,27,37,25,33,593,156
WAFA,F,0,5,5,4,7,123,21
WAHAB,M,0,3,0,4,0,73,7
WAHEED,M,4,4,4,0,4,43,16
WAHEEDA,F,0,10,0,0,3,21,13
WAHID,M,8,4,4,4,0,71,20
WAHIDA,F,19,12,8,8,5,117,52
WAI,M,9,7,0,6,4,46,26
WAI,F,4,4,3,8,0,28,19
WAIN,M,3,0,0,0,0,3,3
WAJAHAT,M,3,4,6,6,7,44,26
WAJID,M,6,8,4,8,7,62,33
WAKAS,M,0,3,0,0,0,3,3
WALEED,M,16,25,13,18,23,429,95
WALI,M,0,0,3,0,0,55,3
WALID,M,10,12,13,16,16,300,67
WALKER,M,0,0,0,0,0,37,0
WALLACE,M,0,0,3,4,0,59,7
WALLIS,F,13,8,9,5,4,68,39
WALT,M,0,0,0,0,0,10,0
WALTER,M,9,12,13,11,9,12824,54
WAN,F,3,3,3,5,0,71,14
WAN,M,0,5,0,0,0,38,5
WANDA,F,0,0,0,0,0,38,0
WAQAAR,M,5,3,0,3,3,17,14
WAQAAS,M,5,3,0,0,4,12,12
WAQAR,M,45,22,28,10,11,186,116
WAQAS,M,41,34,24,19,16,222,134
WARD,M,0,0,0,0,4,4,4
WARDA,F,8,7,3,6,6,137,30
WARDAH,F,3,0,0,0,4,41,7
WARDAT,F,0,0,0,0,0,3,0
WARICK,M,0,0,0,0,0,3,0
WARIS,M,4,0,0,3,0,76,7
WARNER,M,0,3,0,0,0,3,3
WARREN,M,136,158,119,117,114,2499,644
WARRICK,M,4,3,4,0,0,129,11
WARSAME,M,4,4,4,0,0,37,12
WARSAN,F,0,0,0,0,3,7,3
WARWICK,M,18,12,5,3,14,237,52
WASEEM,M,25,20,19,14,14,231,92
WASIF,M,4,6,6,5,12,106,33
WASIL,M,0,0,0,4,0,9,4
WASIM,M,32,34,22,34,19,280,141
WASIMA,F,0,3,4,0,0,36,7
WAYDE,M,0,5,4,0,0,43,9
WAYNE,M,84,75,40,46,40,6818,285
WEDNESDAY,F,7,3,5,0,3,42,18
WEI,M,0,4,0,0,3,111,7
WEI,F,0,0,0,0,3,19,3
WEN,F,0,0,0,0,0,44,0
WENDY,F,24,27,26,25,19,8519,121
WENG,F,0,0,0,0,0,6,0
WERONIKA,F,0,0,0,0,0,618,0
WESAM,M,0,0,3,0,0,13,3
WESLEY,M,185,139,151,136,130,1969,741
WESTLEIGH,M,0,0,0,3,0,3,3
WESTLEY,M,8,4,5,0,3,60,20
WESTON,M,0,4,0,0,0,53,4
WEZLEY,M,3,5,0,3,0,45,11
WHITLEY,F,0,0,4,0,0,4,4
WHITNEY,F,95,97,77,63,62,780,394
WHITNEY-MARIE,F,0,0,0,0,0,3,0
WIKTOR,M,0,0,0,0,0,820,0
WIL,M,3,12,14,15,12,256,56
WILBERT,M,0,0,0,0,0,3,0
WILBUR,M,0,0,0,0,0,288,0
WILDER,M,0,0,0,0,0,3,0
WILEY,M,0,0,0,0,0,4,0
WILF,M,0,7,3,5,6,339,21
WILFIE,M,0,0,0,0,0,16,0
WILFRED,M,14,19,20,32,26,8523,111
WILFRID,M,4,6,5,6,8,134,29
WILHELM,M,0,0,0,0,0,9,0
WILHELMINA,F,3,0,0,4,0,84,7
WILHEMINA,F,3,0,0,0,0,3,3
WILIAM,M,6,7,7,7,5,132,32
WILKIE,M,0,0,0,0,0,6,0
WILL,M,48,67,134,147,143,2887,539
WILLA,F,0,8,0,4,4,200,16
WILLARD,M,0,0,0,0,0,3,0
WILLEM,M,12,23,22,20,13,437,90
WILLIAM,M,4269,4499,4879,5287,4804,158893,23738
WILLIAMS,M,0,0,0,0,0,17,0
WILLIE,M,0,0,0,0,0,6,0
WILLIS,M,6,11,6,7,10,179,40
WILLOUGHBY,M,0,4,3,4,0,149,11
WILLOW,F,24,21,43,58,73,8226,219
WILLOW,M,3,0,3,0,0,33,6
WILLOW-ROSE,F,0,0,0,0,0,113,0
WILMA,F,0,0,0,0,0,17,0
WILSON,M,5,8,10,13,13,565,49
WIN,F,3,0,0,0,0,3,3
WING,F,10,11,11,3,8,100,43
WING,M,8,4,0,0,4,38,16
WINIFRED,F,10,13,13,12,14,13690,62
WINNIE,F,12,5,7,9,9,422,42
WINNIFRED,F,0,0,0,4,0,8,4
WINNY,F,0,0,0,0,0,10,0
WINONA,F,4,5,5,7,4,69,25
WINSLOW,M,0,0,0,0,0,4,0
WINSTON,M,8,7,4,4,13,340,36
WINTER,F,0,0,0,0,3,222,3
WINTER,M,0,0,0,0,0,28,0
WISAM,M,0,0,0,0,0,28,0
WISDOM,M,0,0,0,0,3,96,3
WISSAM,M,0,0,3,0,0,16,3
WITNEY,F,0,4,3,0,0,7,7
WITOLD,M,0,0,0,0,0,24,0
WOJCIECH,M,0,0,0,0,0,326,0
WOJTEK,M,0,0,0,0,0,25,0
WOLF,M,0,0,0,0,0,36,0
WOLFGANG,M,0,0,0,0,0,50,0
WOODROW,M,0,3,0,0,0,144,3
WOODY,M,0,0,0,3,4,926,7
WREN,F,0,0,0,3,0,435,3
WU,M,0,0,0,0,0,6,0
WURAOLA,F,0,0,4,0,3,14,7
WYATT,M,5,9,8,11,5,1190,38
WYLIE,M,0,0,0,0,0,6,0
WYN,M,0,0,0,0,0,36,0
XABI,M,0,0,0,0,0,3,0
XAN,M,0,0,0,0,0,19,0
XANA,F,0,0,3,0,0,6,3
XANDA,M,0,0,0,0,0,20,0
XANDER,M,0,0,0,7,32,1781,39
XANE,M,0,0,0,0,0,8,0
XANTHE,F,16,27,16,18,23,804,100
XANTHIE,F,0,0,0,0,0,24,0
XANTIA,F,3,3,0,3,0,9,9
XARA,F,0,0,8,8,7,98,23
XAVI,M,0,0,0,0,0,52,0
XAVIER,M,58,62,58,59,73,3535,310
XENA,F,7,24,33,30,27,247,121
XENIA,F,14,15,11,8,9,191,57
XENON,M,0,0,0,0,0,7,0
XERXES,M,0,0,0,0,0,7,0
XI,F,0,0,0,0,0,34,0
XI,M,0,0,0,0,0,19,0
XIA,F,0,0,3,0,0,45,3
XIAN,M,0,0,0,0,0,25,0
XIAN,F,0,0,0,0,0,8,0
XIANG,M,0,0,0,0,0,24,0
XIAO,F,0,0,0,0,0,46,0
XIAO,M,0,0,0,0,0,36,0
XIN,F,0,0,0,0,0,277,0
XIN,M,0,0,0,0,0,43,0
XING,F,0,0,0,0,0,18,0
XION,M,0,0,0,0,0,3,0
XSARA,F,0,0,6,3,3,21,12
XU,M,0,0,0,0,0,20,0
XU,F,0,0,0,0,0,3,0
XUAN,F,0,0,0,0,0,16,0
XUAN,M,0,0,0,0,0,6,0
XYLA,F,0,0,0,0,0,25,0
YAAKOV,M,5,6,5,12,9,129,37
YAASEEN,M,5,0,4,0,6,82,15
YACINE,M,0,0,3,6,0,139,9
YACOB,M,0,0,0,0,0,54,0
YACUB,M,0,0,0,0,0,6,0
YAEL,F,4,5,4,8,9,188,30
YAELLE,F,0,0,0,0,0,12,0
YAFET,M,0,0,0,0,0,28,0
YAGMUR,F,7,3,4,3,4,209,21
YAGO,M,0,0,0,0,0,17,0
YAHYA,M,23,24,23,24,31,2360,125
YAHYE,M,4,0,3,8,7,193,22
YAKOV,M,0,4,3,7,6,177,20
YAKUB,M,3,0,0,0,0,114,3
YAMEEN,M,3,0,4,0,4,112,11
YAMIN,M,3,3,4,5,5,135,20
YAN,M,4,4,3,5,3,114,19
YANA,F,5,5,0,4,6,231,20
YANICK,M,0,0,3,0,0,6,3
YANIK,M,0,0,0,0,0,9,0
YANIQUE,F,0,0,0,4,3,15,7
YANIS,M,3,5,0,0,4,259,12
YANN,M,3,5,6,9,7,98,30
YANNA,F,0,5,0,0,0,21,5
YANNI,M,0,0,0,0,0,24,0
YANNICK,M,5,12,8,6,9,155,40
YANNIK,M,0,0,0,0,0,10,0
YANNIS,M,3,3,0,4,5,167,15
YAQOUB,M,0,0,0,0,0,30,0
YAQUB,M,0,6,5,3,9,581,23
YARA,F,4,8,5,7,15,637,39
YARAH,F,0,0,0,0,0,18,0
YAREN,F,3,6,8,7,3,102,27
YARO,M,0,0,0,0,0,5,0
YASAMIN,F,0,5,0,4,0,25,9
YASAR,M,9,7,6,5,6,80,33
YASEEN,M,20,26,20,30,26,1079,122
YASEMIN,F,32,38,20,33,27,451,150
YASER,M,0,5,0,0,0,95,5
YASH,M,8,13,26,10,8,659,65
YASHICA,F,0,0,0,0,0,24,0
YASHVEER,M,0,0,0,0,0,25,0
YASIN,M,27,33,39,35,39,1204,173
YASIR,M,10,13,16,20,16,666,75
YASMEEN,F,23,22,18,9,24,361,96
YASMIN,F,661,628,564,601,539,9246,2993
YASMINA,F,12,9,11,14,8,291,54
YASMINE,F,109,115,101,119,114,1959,558
YASSAR,M,0,4,0,0,0,7,4
YASSER,M,11,16,5,14,11,255,57
YASSIN,M,6,6,21,14,17,336,64
YASSINE,M,0,3,3,5,4,108,15
YASSIR,M,0,3,4,0,4,103,11
YASSMIN,F,0,0,3,0,0,6,3
YASSMINE,F,0,0,3,0,0,6,3
YAT,M,0,0,0,0,0,3,0
YAW,M,3,3,4,3,0,114,13
YAWAR,M,0,0,3,0,0,3,3
YAZ,F,0,0,0,0,0,3,0
YAZEED,M,0,0,0,0,0,29,0
YAZID,M,3,5,0,0,0,28,8
YAZMIN,F,41,39,36,46,46,698,208
YAZMINE,F,11,5,6,4,5,92,31
YE,F,0,0,0,0,0,30,0
YECHESKEL,M,0,0,0,0,0,11,0
YECHEZKEL,M,4,3,0,0,3,19,10
YECHIEL,M,0,0,4,3,5,54,12
YEDIDYA,M,0,0,0,0,0,8,0
YEE,F,4,0,5,0,5,24,14
YEGOR,M,0,0,0,0,0,6,0
YEHONATAN,M,0,0,0,0,0,3,0
YEHOSHUA,M,0,3,3,0,3,68,9
YEHUDA,M,19,15,7,5,15,365,61
YEHUDAH,M,4,6,3,0,5,60,18
YEHYA,M,3,0,0,0,0,3,3
YELENA,F,3,7,0,4,0,39,14
YELIZ,F,3,3,5,5,0,40,16
YEN,F,3,3,0,0,3,13,9
YESIM,F,3,0,7,3,0,21,13
YETUNDE,F,4,7,5,0,0,35,16
YEVA,F,0,0,0,0,0,5,0
YEWANDE,F,5,0,4,3,0,21,12
YEZDA,F,0,0,0,0,0,25,0
YI,F,5,0,0,0,0,188,5
YI,M,0,0,0,3,0,176,3
YIANNA,F,0,0,3,0,0,3,3
YIANNI,M,0,0,4,0,0,20,4
YIANNIS,M,4,4,3,7,11,85,29
YIFEI,F,0,0,0,0,0,6,0
YIGIT,M,0,0,0,0,0,101,0
YILMAZ,M,0,0,6,0,4,30,10
YIN,M,0,0,3,0,0,13,3
YIN,F,0,0,0,3,0,3,3
YING,F,3,3,3,6,3,88,18
YING,M,0,3,0,0,0,47,3
YISHAI,M,0,0,0,0,0,34,0
YISROEL,M,10,9,13,12,5,292,49
YISSOCHOR,M,0,0,0,0,0,3,0
YITTY,F,0,0,3,5,4,89,12
YITZCHOK,M,5,5,6,8,9,180,33
YLANA,F,0,0,0,0,3,3,3
YNYR,M,0,4,0,3,3,41,10
YOAN,M,0,0,0,0,0,36,0
YOANN,M,0,0,0,0,3,6,3
YOANNA,F,0,0,0,0,0,14,0
YOAV,M,0,0,0,3,0,20,3
YOBEL,M,0,0,0,0,0,4,0
YOCHEVED,F,0,8,3,7,0,79,18
YOEL,M,3,5,7,9,5,159,29
YOGESH,M,0,0,0,4,5,15,9
YOGI,M,0,0,0,0,0,3,0
YOHAN,M,0,0,0,0,0,95,0
YOHANN,M,0,0,0,3,0,20,3
YOHANNA,F,0,0,0,0,0,29,0
YOHANNES,M,0,0,0,0,0,11,0
YOLANDA,F,19,20,20,19,21,240,99
YOLANDE,F,3,4,3,4,0,17,14
YOMNA,F,0,0,0,0,0,27,0
YONAS,M,0,0,0,0,0,9,0
YONATAN,M,4,0,3,0,0,104,7
YONATHAN,M,0,0,5,0,0,8,5
YONIS,M,3,0,0,6,7,157,16
YORICK,M,0,0,0,0,0,3,0
YORK,M,0,0,0,0,0,7,0
YOSEF,M,13,7,9,7,10,362,46
YOSEPH,M,0,0,3,0,3,52,6
YOSSEF,M,0,0,0,0,0,9,0
YOSUF,M,0,0,0,0,0,14,0
YOUCEF,M,10,4,10,8,7,220,39
YOUNES,M,4,0,3,4,6,252,17
YOUNG,M,0,5,0,0,4,15,9
YOUNIS,M,0,6,8,6,0,183,20
YOUNUS,M,3,3,3,0,0,93,9
YOUSAF,M,13,8,6,15,10,393,52
YOUSEF,M,15,22,10,23,18,776,88
YOUSIF,M,3,10,10,3,10,380,36
YOUSOF,M,0,0,0,0,0,28,0
YOUSRA,F,0,5,7,3,4,113,19
YOUSSEF,M,15,7,12,15,18,428,67
YOUSUF,M,14,12,12,21,26,811,85
YOYO,F,0,0,0,0,0,3,0
YSABEAU,F,0,0,0,0,0,3,0
YSABEL,F,4,5,11,4,3,124,27
YSABELLA,F,0,4,0,3,3,109,10
YSABELLE,F,4,0,5,8,3,98,20
YSANNE,F,5,0,3,0,0,8,8
YSEULT,F,0,0,0,3,0,3,3
YSOBEL,F,0,3,7,0,0,44,10
YSOBELLA,F,0,3,0,0,0,12,3
YU,F,0,3,0,0,0,287,3
YU,M,3,0,0,0,5,264,8
YUAN,M,0,0,0,0,0,34,0
YUBO,M,0,0,0,0,0,3,0
YUDHVEER,M,0,0,0,0,0,3,0
YUE,F,0,0,0,0,0,19,0
YUEN,F,0,5,0,0,0,5,5
YUEN,M,0,0,0,0,0,3,0
YUHAO,M,0,0,0,0,0,7,0
YUI,F,0,0,3,0,0,16,3
YUKI,F,0,4,0,3,0,78,7
YULIA,F,0,0,0,0,0,18,0
YUMI,F,0,0,0,0,0,36,0
YUMNA,F,5,6,6,13,5,333,35
YUN,F,0,0,3,0,0,25,3
YUNA,F,0,0,0,0,0,95,0
YUNUS,M,12,15,7,21,23,828,78
YUQI,F,0,0,0,0,0,3,0
YUQIAO,F,0,0,0,0,0,3,0
YURI,M,0,3,0,3,7,121,13
YURI,F,3,0,0,0,0,10,3
YUSAF,M,0,5,5,0,5,105,15
YUSEF,M,9,7,0,6,9,296,31
YUSEPH,M,3,0,0,0,0,3,3
YUSIF,M,0,0,0,0,6,113,6
YUSOF,M,3,0,0,0,0,3,3
YUSRA,F,15,17,24,21,35,1368,112
YUSRAA,F,0,0,0,0,0,30,0
YUSSEF,M,0,0,0,0,0,4,0
YUSSUF,M,0,0,0,0,0,50,0
YUSUF,M,91,105,109,123,131,6158,559
YUSUKE,M,6,3,3,0,0,12,12
YUTA,M,4,0,0,6,0,16,10
YUTONG,M,0,0,0,0,0,3,0
YUVAAN,M,0,0,0,0,0,14,0
YUVAL,F,0,0,3,0,0,3,3
YUVI,M,0,0,0,0,0,5,0
YUVRAJ,M,0,5,0,0,4,967,9
YUXI,F,0,0,0,0,0,7,0
YUXUAN,F,0,0,0,0,0,3,0
YUXUAN,M,0,0,0,0,0,3,0
YUYA,M,0,3,0,0,0,3,3
YVE,F,0,0,3,0,0,12,3
YVES,M,6,0,0,0,0,49,6
YVES,F,0,3,4,0,0,14,7
YVETTE,F,27,15,16,20,13,217,91
YVIE,F,0,0,0,3,0,358,3
YVONNE,F,30,26,23,25,18,5044,122
ZAAHIR,M,0,0,3,0,0,16,3
ZAAKIR,M,3,6,6,6,0,92,21
ZAAKIRAH,F,3,3,0,0,4,35,10
ZABRINA,F,5,5,4,0,0,27,14
ZAC,M,101,100,104,163,155,5421,623
ZACARY,M,4,0,0,3,0,43,7
ZACCHAEUS,M,4,0,0,0,4,32,8
ZACH,M,104,99,71,78,77,3588,429
ZACHARI,M,0,4,0,0,0,61,4
ZACHARIA,M,6,11,5,19,11,305,52
ZACHARIAH,M,69,71,91,99,85,2142,415
ZACHARIAS,M,17,11,12,19,11,316,70
ZACHARIE,M,8,4,3,0,0,67,15
ZACHARIUS,M,0,0,0,3,0,7,3
ZACHARY,M,574,507,496,551,517,18917,2645
ZACHERY,M,31,19,18,31,14,524,113
ZACK,M,172,134,147,144,166,5435,763
ZACKARIAH,M,0,0,3,4,0,72,7
ZACKARY,M,35,22,32,22,27,787,138
ZACKERY,M,17,7,10,7,11,307,52
ZADE,M,0,3,0,0,0,59,3
ZADOK,M,0,0,0,0,0,19,0
ZAEEM,M,0,0,0,3,7,150,10
ZAFIRAH,F,0,0,0,7,3,61,10
ZAFRAN,M,0,0,4,5,0,20,9
ZAFREEN,F,0,0,5,0,0,17,5
ZAHARA,F,0,0,0,4,3,278,7
ZAHEER,M,11,4,5,4,7,124,31
ZAHID,M,18,20,14,17,14,309,83
ZAHIDA,F,0,4,4,0,5,27,13
ZAHIN,M,0,4,3,0,0,39,7
ZAHIR,M,0,6,5,5,6,202,22
ZAHIRA,F,5,8,4,8,0,128,25
ZAHIRAH,F,4,0,0,4,4,62,12
ZAHRA,F,106,153,157,152,181,5517,749
ZAHRAA,F,33,18,22,29,28,752,130
ZAHRAH,F,24,22,30,26,31,505,133
ZAIB,F,3,0,0,0,0,3,3
ZAIBA,F,3,4,8,5,8,104,28
ZAID,M,18,25,23,24,32,965,122
ZAIN,M,123,165,157,175,177,5595,797
ZAIN,F,0,0,0,0,0,3,0
ZAINA,F,6,6,9,13,29,1020,63
ZAINAB,F,154,154,188,178,204,6273,878
ZAINAH,F,0,4,3,0,0,122,7
ZAINE,M,3,6,3,4,8,310,24
ZAINEB,F,11,5,7,5,3,130,31
ZAINUB,F,10,8,6,10,10,92,44
ZAINUL,M,0,8,7,8,3,58,26
ZAIN-UL-ABIDEEN,M,3,5,6,0,4,50,18
ZAIRA,F,8,7,4,8,9,157,36
ZAIRE,M,0,0,3,0,0,18,3
ZAK,M,405,345,372,397,438,8933,1957
ZAKARI,M,7,0,3,4,0,83,14
ZAKARIA,M,32,23,63,45,37,1415,200
ZAKARIAH,M,5,7,5,15,13,281,45
ZAKARIYA,M,15,32,26,43,39,2483,155
ZAKARIYE,M,0,0,4,3,3,101,10
ZAKARIYYA,M,5,13,11,9,8,464,46
ZAKARIYYAA,M,0,3,5,0,0,14,8
ZAKARY,M,9,12,24,22,13,438,80
ZAKERY,M,4,3,3,0,3,47,13
ZAKI,M,15,13,20,17,22,686,87
ZAKIA,F,17,10,13,19,9,213,68
ZAKIR,M,20,28,21,15,11,522,95
ZAKIRA,F,3,0,3,0,3,54,9
ZAKIYA,F,5,4,9,8,11,166,37
ZAKIYAH,F,0,7,8,12,12,183,39
ZAKIYYA,F,5,4,4,0,3,27,16
ZAKIYYAH,F,5,9,7,5,5,93,31
ZAKK,M,6,5,8,10,8,359,37
ZALA,F,0,0,0,0,0,29,0
ZALIKA,F,0,3,5,0,0,8,8
ZALMAN,M,0,0,3,0,0,22,3
ZAMAN,M,0,4,0,4,0,35,8
ZAMEER,M,0,3,0,4,0,37,7
ZAMIR,M,3,3,0,0,5,26,11
ZAMIRA,F,0,0,0,0,3,7,3
ZAMZAM,F,0,0,6,4,0,98,10
ZANA,F,13,6,4,3,6,104,32
ZANAB,F,3,0,0,5,0,27,8
ZANDA,M,0,0,0,0,3,6,3
ZANDER,M,0,0,0,3,0,478,3
ZANE,M,23,28,22,39,48,1948,160
ZANIB,F,7,0,5,0,0,49,12
ZANNA,F,0,3,0,3,0,18,6
ZANYA,F,0,0,0,0,0,3,0
ZARA,F,265,289,321,399,436,12709,1710
ZARAH,F,20,16,34,20,38,821,128
ZARA-MARIA,F,0,0,0,0,0,3,0
ZAREEN,F,6,0,4,6,0,103,16
ZAREENA,F,0,3,4,3,4,47,14
ZARIN,F,6,3,3,8,6,115,26
ZARINA,F,12,5,14,9,7,182,47
ZARRAH,F,0,0,0,0,0,28,0
ZARRIN,F,5,4,6,4,0,44,19
ZARWA,F,0,0,0,0,0,5,0
ZAVIER,M,3,4,5,0,5,276,17
ZAYA,F,0,0,0,0,0,22,0
ZAYAN,M,0,0,3,0,7,845,10
ZAYD,M,10,12,10,15,17,985,64
ZAYDEN,M,0,0,0,0,0,107,0
ZAYN,M,14,23,25,26,20,1571,108
ZAYNA,F,6,11,9,12,14,535,52
ZAYNAB,F,30,42,63,66,82,2400,283
ZAYNAH,F,19,31,38,47,44,1069,179
ZAYNE,M,0,5,3,7,4,364,19
ZAYNEB,F,0,0,0,0,0,38,0
ZAYYAN,M,5,0,6,6,3,248,20
ZEA,F,0,3,0,3,0,18,6
ZEB,M,3,0,5,4,3,121,15
ZEBA,F,18,15,16,10,10,161,69
ZEBEDEE,M,4,4,0,4,4,161,16
ZEBEDIAH,M,0,0,0,0,0,7,0
ZECHARIAH,M,6,4,7,6,11,199,34
ZED,M,0,0,0,0,3,46,3
ZEENA,F,0,6,4,4,5,114,19
ZEENAT,F,17,8,24,15,18,324,82
ZEESHAAN,M,5,4,3,4,10,117,26
ZEESHAN,M,37,38,34,36,44,942,189
ZEHN,M,3,0,3,0,5,14,11
ZEHRA,F,10,8,11,8,12,271,49
ZEIN,M,3,0,0,6,0,55,9
ZEINA,F,0,0,0,0,3,69,3
ZEINAB,F,19,14,10,6,5,210,54
ZEKE,M,0,4,4,5,4,189,17
ZEKI,M,3,3,5,0,6,76,17
ZELAL,F,4,0,4,0,4,87,12
ZELDA,F,0,3,4,8,0,101,15
ZEN,M,5,0,3,4,11,141,23
ZENA,F,13,22,29,22,20,368,106
ZENAB,F,15,18,18,14,18,229,83
ZENAE,F,0,0,0,0,0,12,0
ZENDAYA,F,0,0,0,0,0,17,0
ZENIA,F,5,0,0,0,0,74,5
ZENIB,F,0,3,4,0,0,13,7
ZENNA,F,5,0,3,3,0,44,11
ZENO,M,0,0,0,0,0,35,0
ZENOBIA,F,0,3,0,0,3,16,6
ZENON,M,0,0,5,4,0,65,9
ZENUB,F,0,3,0,0,3,6,6
ZENYA,F,0,0,0,0,0,7,0
ZEON,M,0,0,0,0,0,7,0
ZEPH,M,0,0,0,0,0,38,0
ZEPHANIAH,M,0,0,0,0,3,189,3
ZEPHYR,M,0,0,0,0,0,119,0
ZERRIN,F,0,0,0,0,0,12,0
ZERYA,F,0,0,0,0,0,12,0
ZESHAAN,M,3,8,3,8,5,75,27
ZESHAN,M,19,24,17,25,17,213,102
ZETA,F,6,0,3,4,5,71,18
ZEUS,M,0,0,0,0,0,43,0
ZEV,M,3,0,0,3,4,122,10
ZEYA,F,0,0,0,0,0,7,0
ZEYNAB,F,3,4,5,0,0,80,12
ZEYNEP,F,11,14,12,11,20,480,68
ZHANE,F,18,31,23,14,8,156,94
ZHANE,M,0,0,0,0,0,7,0
ZHARA,F,0,0,0,4,4,42,8
ZHENG,M,0,0,0,0,0,28,0
ZIA,F,0,3,0,8,10,285,21
ZIA,M,3,3,7,5,4,156,22
ZIAD,M,4,4,0,0,4,133,12
ZIAH,M,0,0,0,0,0,29,0
ZIAN,M,0,0,0,3,0,51,3
ZICO,M,0,4,0,0,8,83,12
ZIDAN,M,0,0,0,3,0,184,3
ZIDANE,M,0,0,3,4,5,220,12
ZIEMOWIT,M,0,0,0,0,0,7,0
ZIGGY,M,3,3,5,3,5,266,19
ZIGGY,F,3,0,0,0,0,7,3
ZIHAN,F,0,0,0,0,0,7,0
ZILAN,F,6,7,7,10,7,141,37
ZINA,F,5,3,5,8,3,83,24
ZINEB,F,0,0,3,0,4,31,7
ZINEDINE,M,0,0,3,0,5,160,8
ZINNIA,F,0,0,0,6,3,109,9
ZINZILE,F,0,0,0,0,0,12,0
ZION,M,4,4,9,20,26,935,63
ZION,F,0,0,0,0,3,112,3
ZISHAAN,M,7,0,0,0,0,26,7
ZISHAN,M,7,8,6,7,16,135,44
ZITA,F,4,6,4,4,0,68,18
ZIXUAN,F,0,0,0,0,0,7,0
ZIYA,F,0,0,0,0,0,62,0
ZIYAD,M,4,0,9,0,6,235,19
ZLATA,F,0,0,0,0,0,30,0
ZOBIA,F,12,11,13,15,9,142,60
ZOE,F,1897,1784,1341,1174,1175,24470,7371
ZOE-LOUISE,F,4,4,0,0,0,11,8
ZOEY,F,30,16,14,0,3,571,63
ZOEYA,F,0,0,0,0,0,64,0
ZOFIA,F,6,12,10,9,5,1451,42
ZOHA,F,8,6,4,7,11,576,36
ZOHAIB,M,24,26,22,19,22,477,113
ZOHAN,M,0,0,0,0,0,7,0
ZOHEB,M,8,8,3,5,0,41,24
ZOHRA,F,7,6,10,12,10,226,45
ZOIE,F,4,0,0,0,3,44,7
ZOIYA,F,0,0,0,0,0,3,0
ZOLA,F,0,5,0,4,0,97,9
ZOLA,M,0,0,0,0,0,3,0
ZOLTAN,M,0,0,0,0,0,35,0
ZOPHIA,F,0,0,0,0,0,7,0
ZORA,F,0,0,0,3,0,59,3
ZORA,M,0,0,0,0,0,3,0
ZORAH,F,0,0,0,0,0,3,0
ZORAIZ,M,0,0,0,0,0,30,0
ZOWIE,F,7,4,0,8,5,27,24
ZOYA,F,19,19,32,27,32,2209,129
ZOYAH,F,0,0,3,6,3,102,12
ZSOLT,M,0,0,0,0,0,10,0
ZSOMBOR,M,0,0,0,0,0,25,0
ZUBAIDAH,F,0,0,0,0,0,30,0
ZUBAIR,M,21,32,15,32,19,466,119
ZUBAYDAH,F,0,0,0,0,0,30,0
ZUBEIDA,F,0,0,0,0,0,10,0
ZUBEYR,M,0,0,0,0,0,24,0
ZUHA,F,3,0,0,3,4,77,10
ZUHAIB,M,4,0,0,3,4,93,11
ZUHAIR,M,0,0,0,6,3,105,9
ZUHAYR,M,0,4,0,7,0,91,11
ZULAIKHA,F,4,9,10,7,11,205,41
ZULAIKHAH,F,6,4,9,5,7,49,31
ZULAKHA,F,4,0,3,0,0,7,7
ZULEIKA,F,7,0,0,3,7,35,17
ZULEKHA,F,8,10,11,8,17,189,54
ZUMRA,F,0,0,0,0,0,8,0
ZUNAIRA,F,0,0,0,3,0,329,3
ZUNAYRAH,F,0,0,0,0,0,7,0
ZURI,F,0,0,0,0,0,82,0
ZUZANA,F,0,0,0,0,0,53,0
ZUZANNA,F,0,0,0,3,0,2718,3
ZUZU,F,0,0,0,0,0,10,0
ZVI,M,0,0,0,4,3,60,7
ZVIKOMBORERO,F,0,0,0,0,0,12,0
ZYAD,M,0,0,0,0,0,12,0
