NAME,gender,1996_count,1997_count,1998_count,1999_count,2000_count,count,90sCount
-------,F,0,0,4,0,0,4,4
---------,F,0,0,4,0,0,4,4
A,M,0,0,0,0,0,71,0
A.J.,M,0,0,0,3,0,6,3
AABAN,M,0,0,0,0,0,97,0
AABID,M,0,0,3,0,5,28,8
AADARSH,M,0,0,0,0,0,11,0
AADEN,M,0,0,0,0,0,18,0
AADESH,M,0,0,0,0,0,4,0
AADHAM,M,0,0,0,0,0,9,0
AADHAV,M,0,0,0,0,0,14,0
AADHIRA,F,0,0,0,0,0,4,0
AADHYA,F,0,0,0,0,0,95,0
AADI,M,0,0,0,0,0,154,0
AADIL,M,28,23,32,39,32,545,154
AADIT,M,0,0,0,0,0,45,0
AADITYA,M,0,3,0,3,0,103,6
AADVIK,M,0,0,0,0,0,12,0
AADYA,F,0,0,0,0,0,107,0
AADYA,M,0,0,0,0,0,7,0
AAEESHA,F,0,0,0,0,0,18,0
AAFIA,F,0,0,0,0,0,58,0
AAFIYA,F,0,0,0,0,0,26,0
AAFIYAH,F,0,0,0,0,0,49,0
AAFREEN,F,0,0,0,0,0,52,0
AAFRIN,F,0,0,0,0,0,9,0
AAHAAN,M,0,0,0,0,0,3,0
AAHAD,M,0,0,0,0,0,9,0
AAHAN,M,0,0,0,0,0,28,0
AAHANA,F,0,0,0,0,0,54,0
AAHIL,M,0,0,0,0,0,443,0
AAHNA,F,0,0,0,0,0,14,0
AAILA,F,0,0,0,0,0,99,0
AAILYAH,F,0,0,0,0,0,3,0
AAIMA,F,0,0,0,0,0,96,0
AAINA,F,0,0,0,0,0,9,0
AAIRA,F,0,0,0,0,0,104,0
AAIRAH,F,0,0,0,0,0,91,0
AAISHA,F,10,14,22,27,28,615,101
AA'ISHA,F,0,0,0,0,0,6,0
AAISHAH,F,6,13,6,8,6,234,39
AA'ISHAH,F,0,3,0,3,0,18,6
AAIZA,F,0,0,0,0,0,51,0
AAIZAH,F,0,0,0,0,0,21,0
AAJAY,M,0,0,0,0,0,3,0
AAKARSH,M,0,0,0,0,0,3,0
AAKASH,M,9,11,13,10,4,104,47
AAKIF,M,0,0,0,0,0,10,0
AAKIFA,F,0,0,0,0,0,17,0
AAKIFAH,F,0,4,7,4,8,148,23
AAKRITI,F,0,0,0,0,0,3,0
AALA,F,0,0,3,0,0,44,3
AALAA,F,0,0,0,0,0,12,0
AALAYA,F,0,0,0,0,0,3,0
AALAYAH,F,0,0,0,0,0,56,0
AALEAH,F,0,0,0,0,0,3,0
AALEEN,F,0,0,0,0,0,6,0
AALEIGHA,F,0,0,0,0,0,10,0
AALEYAH,F,0,0,0,0,0,131,0
AALIA,F,9,7,0,18,9,296,43
AALIAH,F,0,3,3,9,6,165,21
AALIM,M,0,0,0,0,0,10,0
AALIMAH,F,0,0,0,0,0,22,0
AALISHA,F,0,0,0,0,3,16,3
AALIYA,F,11,11,9,10,20,511,61
AALIYAAN,M,0,0,0,0,0,3,0
AALIYAH,F,111,128,112,70,147,7275,568
AALIYAH-JADE,F,0,0,0,0,0,4,0
AALIYAH-LOUISE,F,0,0,0,0,0,3,0
AALIYAH-MAE,F,0,0,0,0,0,10,0
AALIYAH-MAI,F,0,0,0,0,0,3,0
AALIYAH-MARIE,F,0,0,0,0,0,3,0
AALIYAH-MAY,F,0,0,0,0,0,9,0
AALIYAH-ROSE,F,0,0,0,0,0,37,0
AALIYAN,M,0,0,0,0,0,15,0
AALIYHA,F,0,0,0,0,0,33,0
AALLIYAH,F,0,0,0,0,0,3,0
AALYA,F,0,0,0,0,0,7,0
AALYAH,F,0,0,0,0,0,3,0
AALYIAH,F,0,0,0,0,0,6,0
AAMAL,F,0,0,0,0,0,8,0
AAMAN,M,3,4,0,0,0,13,7
AAMANEE,F,0,0,0,0,0,15,0
AAMANI,F,0,0,0,0,0,34,0
AAMAR,M,0,3,0,0,0,6,3
AAMAYA,F,0,0,0,0,0,7,0
AAMENA,F,6,5,7,9,6,109,33
AAMENAH,F,5,0,3,4,5,61,17
AAMER,M,0,0,0,0,0,17,0
AAMIL,M,0,0,0,0,0,15,0
AAMILAH,F,0,0,0,0,0,125,0
AAMINA,F,14,20,27,26,28,970,115
AAMINAH,F,17,23,24,36,46,1523,146
AAMIR,M,57,46,33,47,27,544,210
AAMIRA,F,0,3,0,3,3,101,9
AAMIRAH,F,11,7,8,10,6,157,42
AAMIYAH,F,0,0,0,0,0,3,0
AAMNA,F,10,17,14,10,17,402,68
AAMNAH,F,0,0,0,3,4,61,7
AANA,F,0,0,0,0,0,3,0
AANAV,M,0,0,0,0,0,4,0
AANAY,M,0,0,0,0,0,3,0
AANAYA,F,0,0,0,0,0,8,0
AANCHAL,F,0,0,0,0,0,11,0
AANIA,F,0,0,0,0,0,41,0
AANIKA,F,0,0,0,0,0,10,0
AANIS,M,0,0,0,0,0,3,0
AANISAH,F,12,6,4,8,8,59,38
AANISHA,F,0,0,0,0,0,3,0
AANIYA,F,0,0,0,0,0,31,0
AANIYAH,F,0,0,0,0,0,34,0
AANVI,F,0,0,0,0,0,6,0
AANYA,F,0,3,0,0,5,522,8
AAQIB,M,6,7,0,5,4,136,22
AAQIL,M,0,0,0,0,0,36,0
AARA,F,0,0,0,0,0,43,0
AARABI,F,0,0,0,0,0,7,0
AARADHYA,F,0,0,0,0,0,71,0
AARAIZ,M,0,0,0,0,0,3,0
AARALYN,F,0,0,0,0,0,3,0
AARANI,F,0,0,0,0,0,10,0
AARATHANA,F,0,0,0,0,0,3,0
AARAV,M,0,0,0,0,0,1058,0
AAREN,M,0,0,0,4,0,27,4
AAREZ,M,0,0,0,0,0,13,0
AARIA,F,0,0,0,0,0,49,0
AARIAH,F,0,0,0,0,0,10,0
AARIAN,M,0,0,0,0,0,50,0
AARIANA,F,0,0,0,0,0,10,0
AARIB,M,0,0,0,0,0,45,0
AARIC,M,0,0,0,0,0,3,0
AARIF,M,3,4,0,3,0,25,10
AARIFA,F,0,0,0,0,0,3,0
AARIFAH,F,0,0,0,4,3,68,7
AARIKA,F,0,0,0,0,0,12,0
AARIN,M,0,0,0,0,0,26,0
AARINI,F,0,0,0,0,0,6,0
AARIS,M,0,0,0,0,0,4,0
AARISH,M,0,0,0,0,0,25,0
AARISHA,F,0,0,0,0,0,3,0
AARIT,M,0,0,0,0,0,5,0
AARIV,M,0,0,0,0,0,17,0
AARIYA,F,0,0,0,0,0,77,0
AARIYAH,F,0,0,0,0,0,10,0
AARIYAN,M,0,0,0,0,0,61,0
AARIZ,M,0,0,0,0,0,365,0
AARNA,F,0,0,0,0,0,147,0
AARNAV,M,0,0,0,0,0,77,0
AARO,M,0,0,0,0,0,3,0
AAROHI,F,0,0,0,0,0,53,0
AARON-JAY,M,0,0,0,0,0,7,0
AARONJIT,M,0,0,3,0,0,3,3
AARON-JOHN,M,0,0,0,0,0,3,0
AARON-JUNIOR,M,0,0,0,0,0,10,0
AARON-LEE,M,0,0,3,0,0,3,3
AARONVEER,M,0,4,0,3,0,14,7
AAROON,M,0,3,3,0,0,12,6
AARSH,M,0,0,0,0,0,3,0
AARTHI,F,0,0,4,0,0,7,4
AARUHI,F,0,0,0,0,0,3,0
AARUN,M,5,0,4,4,4,46,17
AARUSAN,M,0,0,0,0,0,3,0
AARUSH,M,0,0,0,0,0,327,0
AARUSHI,F,0,0,0,0,0,115,0
AARVI,F,0,0,0,0,0,23,0
AARVIN,M,0,0,0,0,0,7,0
AARYA,F,0,0,0,0,0,312,0
AARYA,M,0,0,0,0,0,45,0
AARYAHI,F,0,0,0,0,0,3,0
AARYAN,M,0,0,3,3,0,818,6
AARYANA,F,0,0,0,0,0,3,0
AARYANNA,F,0,0,0,0,0,3,0
AARYAV,M,0,0,0,0,0,13,0
AARYN,M,0,0,0,0,0,6,0
AARYUN,M,0,0,0,0,0,3,0
AARYZ,M,0,0,0,0,0,3,0
AARZO,F,0,0,0,0,0,3,0
AARZOO,F,0,0,0,4,6,29,10
AARZU,F,0,0,0,0,0,6,0
AASHA,F,0,0,0,0,3,35,3
AASHI,F,0,0,0,0,0,80,0
AASHIKA,F,0,0,0,0,0,13,0
AASHIR,M,0,0,0,5,0,66,5
AASHISH,M,0,3,0,0,0,25,3
AASHIYANA,F,0,0,0,0,0,3,0
AASHMAN,M,0,0,0,0,0,3,0
AASHNA,F,0,0,3,0,0,66,3
AASHNI,F,0,0,3,3,0,30,6
AASHRITHA,F,0,0,0,0,0,4,0
AASHRIYA,F,0,0,0,0,0,3,0
AASHVI,F,0,0,0,0,0,24,0
AASIA,F,0,4,4,0,0,56,8
AASIF,M,0,0,0,0,0,6,0
AASIM,M,5,4,6,6,0,107,21
AASIYA,F,3,0,7,5,6,160,21
AASIYAH,F,3,8,8,8,8,305,35
AASTHA,F,0,0,0,0,0,19,0
AATHAVAN,M,0,0,0,0,0,7,0
AATHAVI,F,0,0,0,0,0,3,0
AATHIRA,F,0,0,0,0,0,4,0
AATHISH,M,0,0,0,0,0,3,0
AATIF,M,6,0,4,5,3,51,18
AATIFA,F,0,0,0,0,0,3,0
AATIKA,F,0,3,3,0,0,31,6
AATIKAH,F,4,0,0,4,3,58,11
AATIQA,F,0,0,0,0,0,8,0
AATIQAH,F,0,3,0,0,0,11,3
AATISH,M,4,0,0,0,0,4,4
AAVA,F,0,0,0,0,0,16,0
AAVAI,M,0,0,0,0,0,4,0
AAVISH,M,0,0,0,0,0,3,0
AAVNI,F,0,0,0,0,0,4,0
AAVYA,F,0,0,0,0,0,8,0
AAYA,F,0,0,0,0,0,46,0
AAYAAN,M,0,0,0,0,0,38,0
AAYAH,F,0,0,0,0,0,78,0
AAYAN,M,0,0,0,0,0,935,0
AAYANA,F,0,0,0,0,0,10,0
AAYANSH,M,0,0,0,0,0,15,0
AAYAT,F,0,0,0,0,0,177,0
AAYATH,F,0,0,0,0,0,4,0
AAYDEN,M,0,0,0,0,0,6,0
AAYESHA,F,3,0,0,0,0,14,3
AAYLA,F,0,0,0,0,0,34,0
AAYLIAH,F,0,0,0,0,0,3,0
AAYMA,F,0,0,0,0,0,3,0
AAYRA,F,0,0,0,0,0,6,0
AAYRAH,F,0,0,0,0,0,3,0
AAYSHA,F,0,0,0,0,0,12,0
AAYUSH,M,3,4,0,4,0,242,11
AAYUSHI,F,0,0,0,0,0,35,0
AAYZA,F,0,0,0,0,0,4,0
AAZAN,M,0,0,0,0,0,3,0
AAZEEN,F,0,0,0,0,0,7,0
ABA,F,0,0,0,0,3,9,3
ABAAN,M,0,0,0,0,0,67,0
ABAAS,M,0,0,4,5,4,28,13
ABAGAEL,F,0,0,0,4,0,4,4
ABAIGEAL,F,0,0,0,0,0,3,0
ABAN,M,0,0,0,0,0,32,0
ABANOUB,M,3,0,0,0,0,3,3
ABBAAS,M,0,3,0,3,0,27,6
ABBASS,M,0,3,0,0,0,3,3
ABBEE,F,3,0,0,3,0,6,6
ABBEYGAYLE,F,4,0,0,0,0,4,4
ABBEY-LEIGH,F,0,0,0,0,0,8,0
ABBEY-LOUISE,F,0,0,0,3,0,3,3
ABBIE-GAIL,F,0,0,0,0,4,4,4
ABBIEGAYLE,F,0,0,3,0,0,3,3
ABBIE-GAYLE,F,3,0,0,0,0,3,3
ABBIE-GRACE,F,0,0,0,0,0,3,0
ABBIE-JAI,F,0,0,0,0,0,3,0
ABBIE-JANE,F,0,0,0,0,0,3,0
ABBIE-LEA,F,0,0,0,0,0,3,0
ABBIE-LEE,F,0,0,0,0,4,4,4
ABBIELOUISE,F,0,0,3,0,0,3,3
ABBIE-MAI,F,0,0,0,0,0,6,0
ABBI-LEIGH,F,0,0,0,0,0,4,0
ABBI-LOUISE,F,0,0,0,0,0,3,0
ABBI-MAE,F,0,0,0,0,0,3,0
ABBYGAEL,F,0,0,0,0,0,3,0
ABBYGAYLE,F,3,3,0,0,0,6,6
ABBY-MAY,F,0,0,0,0,0,3,0
ABD,M,5,4,3,4,0,137,16
ABDAAL,M,0,0,0,0,0,3,0
ABDALRAHMAN,M,0,0,0,0,0,10,0
ABDARAHMAN,M,0,0,0,0,0,3,0
ABDELAZIZ,M,0,0,0,0,0,3,0
ABDELKADER,M,0,0,0,0,0,4,0
ABDELKARIM,M,0,3,0,0,0,6,3
ABDELLAH,M,0,0,0,0,0,29,0
ABDELMALEK,M,0,0,0,0,0,9,0
ABDELMOUMEN,M,0,0,0,0,0,3,0
ABDELRAHIM,M,0,0,0,0,0,3,0
ABDELRAHMANE,M,0,0,0,0,0,3,0
ABDERAHMAN,M,0,0,0,0,0,11,0
ABDERAHMANE,M,0,0,0,0,0,4,0
ABDERRAHMAN,M,0,0,0,0,0,3,0
ABDERRAHMANE,M,0,0,0,0,0,4,0
ABDIASIS,M,0,0,0,0,0,3,0
ABDIAZIZ,M,0,3,0,5,0,43,8
ABDIFATAH,M,3,0,3,0,3,69,9
ABDIHAFID,M,0,0,0,0,0,11,0
ABDIHAKIM,M,0,5,3,0,0,24,8
ABDIHAMID,M,0,0,0,0,0,11,0
ABDIKADIR,M,0,0,0,0,0,7,0
ABDIKARIM,M,0,0,0,3,0,48,3
ABDIKARIN,M,0,0,0,0,0,6,0
ABDIKHALIQ,M,0,0,0,0,0,6,0
ABDILADIF,M,0,0,0,0,0,4,0
ABDILAHI,M,0,0,0,0,0,21,0
ABDILLAHI,M,0,0,0,3,5,53,8
ABDIMAJID,M,0,0,0,0,0,12,0
ABDIMAJIID,M,0,0,0,0,0,3,0
ABDIMALIK,M,3,0,0,0,4,99,7
ABDINASIR,M,4,3,6,0,0,62,13
ABDINUR,M,0,0,0,0,0,3,0
ABDIQANI,M,0,0,0,0,0,26,0
ABDIRAHIIM,M,0,0,0,0,0,3,0
ABDIRAHIM,M,0,0,0,3,0,77,3
ABDIRAHMAAN,M,0,0,0,0,0,7,0
ABDIRASHID,M,0,0,0,0,3,35,3
ABDIRAZAQ,M,0,0,0,0,0,3,0
ABDIRISAK,M,0,0,0,0,0,3,0
ABDIRISAQ,M,0,0,3,3,0,22,6
ABDIRIZAK,M,0,3,0,0,0,29,3
ABDISALAM,M,0,0,0,0,0,15,0
ABDISAMAD,M,0,0,0,0,0,25,0
ABDISHAKUR,M,0,0,0,4,0,43,4
ABDIWAHAB,M,0,0,0,0,0,3,0
ABDIWAHID,M,0,0,0,0,0,3,0
ABDIWALI,M,3,0,0,0,0,3,3
ABDOU,M,0,4,3,4,4,41,15
ABDOUL,M,0,0,0,0,0,34,0
ABDOULAYE,M,0,0,0,0,0,17,0
ABDOULIE,M,3,3,0,0,0,87,6
ABDOULLAH,M,0,0,0,0,0,3,0
ABDOURAHMAN,M,0,0,0,0,0,10,0
ABDU,M,5,0,0,0,0,19,5
ABDUALLAH,M,0,0,0,0,0,6,0
ABDUL-,M,0,0,0,0,0,19,0
ABDULA,M,0,0,0,0,0,12,0
ABDULAAHI,M,0,0,0,0,0,8,0
ABDULAH,M,3,3,3,0,0,26,9
ABDULAHAD,M,0,0,0,0,0,22,0
ABDUL-AHAD,M,0,0,0,0,0,35,0
ABDULAHI,M,0,3,5,8,7,271,23
ABDULAI,M,0,0,0,0,0,15,0
ABDULALEEM,M,0,0,0,0,0,3,0
ABDUL-ALEEM,M,0,0,0,0,0,3,0
ABDULAZEEZ,M,3,0,0,0,0,19,3
ABDUL-AZEEZ,M,4,3,5,3,0,24,15
ABDULAZIZ,M,7,8,9,6,4,289,34
ABDUL-AZIZ,M,3,5,3,3,0,49,14
ABDUL-BAASIT,M,0,0,0,0,0,3,0
ABDULBASIT,M,0,0,0,3,0,35,3
ABDUL-BASIT,M,0,0,0,0,0,3,0
ABDULFATAH,M,0,0,0,0,0,3,0
ABDUL-HAADI,M,0,0,0,0,0,17,0
ABDULHADI,M,0,0,0,0,0,63,0
ABDUL-HADI,M,0,0,0,0,0,51,0
ABDULHAKEEM,M,0,0,0,0,0,15,0
ABDUL-HAKEEM,M,0,0,0,0,3,38,3
ABDULHAKIM,M,0,0,0,3,0,20,3
ABDUL-HAKIM,M,0,0,0,0,0,6,0
ABDULHALIM,M,0,0,0,0,0,3,0
ABDULHAMEED,M,0,0,0,0,0,8,0
ABDULHAMID,M,4,0,0,0,0,11,4
ABDUL-HANNAN,M,0,0,0,0,0,6,0
ABDUL-HASEEB,M,0,0,0,3,0,3,3
ABDULILAH,M,0,0,0,0,0,3,0
ABDULKADER,M,0,0,0,0,0,3,0
ABDULKADIR,M,7,0,7,5,3,119,22
ABDULKAREEM,M,0,0,0,0,0,30,0
ABDUL-KAREEM,M,3,0,0,0,0,29,3
ABDULKARIM,M,0,3,3,0,4,52,10
ABDUL-KARIM,M,0,0,3,0,0,6,3
ABDULKHALIQ,M,0,0,0,0,0,3,0
ABDULLAAH,M,0,3,0,0,5,73,8
ABDULLAAHI,M,0,0,0,0,0,10,0
ABDULLAHI,M,18,21,11,21,23,793,94
ABDULLATEEF,M,0,0,0,0,0,9,0
ABDUL-LATEEF,M,0,0,0,0,0,9,0
ABDULLATIF,M,0,0,4,0,0,7,4
ABDULLOH,M,0,0,0,0,0,3,0
ABDULMAJEED,M,0,0,0,0,0,9,0
ABDULMAJID,M,0,0,0,0,0,26,0
ABDULMALEK,M,0,0,0,0,0,3,0
ABDULMALIK,M,0,5,0,5,0,150,10
ABDUL-MALIK,M,0,0,0,3,0,55,3
ABDUL-MANNAN,M,0,0,0,0,0,3,0
ABDUL-MATEEN,M,0,0,0,0,0,3,0
ABDUL-MOMIN,M,0,0,0,0,0,5,0
ABDUL-MUIZ,M,0,0,0,0,0,3,0
ABDUL-NASIR,M,0,3,0,0,0,3,3
ABDULQADIR,M,0,0,0,0,0,60,0
ABDUL-QADIR,M,0,0,0,0,0,4,0
ABDUL-QAYYUM,M,0,0,0,0,0,3,0
ABDULRAHEEM,M,0,4,0,0,0,65,4
ABDUL-RAHEEM,M,0,0,4,0,5,96,9
ABDULRAHIM,M,0,4,0,4,4,78,12
ABDUL-RAHIM,M,0,0,0,0,0,24,0
ABDUL-RAHMAN,M,0,5,7,3,4,146,19
ABDULREHMAN,M,0,0,0,0,0,31,0
ABDUL-REHMAN,M,0,0,0,0,0,16,0
ABDULSALAM,M,0,0,0,0,0,29,0
ABDULSAMAD,M,0,0,0,0,0,36,0
ABDUL-SAMAD,M,0,0,3,0,0,10,3
ABDUL-SAMI,M,0,0,0,0,0,18,0
ABDUL-WAHAAB,M,0,0,0,0,0,6,0
ABDULWAHAB,M,3,3,0,0,0,51,6
ABDUL-WAHAB,M,0,0,0,0,0,3,0
ABDULWAHHAB,M,0,0,0,0,0,3,0
ABDUL-WAHHAB,M,0,0,0,0,0,12,0
ABDULWAHID,M,0,0,0,0,0,5,0
ABDUL-WASAY,M,0,0,0,0,0,3,0
ABDUR,M,9,8,5,14,20,534,56
ABDURAHEEM,M,0,0,0,0,0,3,0
ABDURAHIM,M,0,0,0,0,0,3,0
ABDURAHMAN,M,4,3,8,7,9,311,31
ABDUR-RAFAY,M,0,0,0,0,0,3,0
ABDURRAHEEM,M,0,0,0,0,0,55,0
ABDUR-RAHEEM,M,0,0,0,5,0,103,5
ABDURRAHIM,M,0,0,0,3,0,10,3
ABDUR-RAHIM,M,0,0,0,0,3,12,3
ABDURRAHMAAN,M,0,0,0,0,3,64,3
ABDUR-RAHMAAN,M,3,0,4,0,0,75,7
ABDURRAHMAN,M,0,6,7,6,9,462,28
ABDUR-RAHMAN,M,5,4,3,9,13,355,34
ABDURREHMAN,M,0,0,0,0,0,15,0
ABDUR-REHMAN,M,3,0,0,3,0,34,6
ABDUS,M,0,7,5,3,9,106,24
ABDUSALAM,M,0,0,0,0,0,3,0
ABDUSSALAM,M,0,0,0,0,0,7,0
ABDUSSAMAD,M,0,0,0,0,0,3,0
ABDUS-SAMAD,M,0,0,0,0,0,19,0
ABDUS-SAMI,M,0,0,0,0,0,7,0
ABEDA,F,3,3,0,3,3,15,12
ABEED,M,0,3,0,0,0,3,3
ABEEDA,F,0,0,0,0,0,13,0
ABEEDAH,F,0,0,0,0,0,3,0
ABEEHA,F,0,0,0,0,0,160,0
ABEEL,M,0,0,0,0,0,3,0
ABEER,F,0,0,0,6,0,89,6
ABEER,M,0,0,0,0,0,35,0
ABEERA,F,0,0,0,0,0,123,0
ABEERAH,F,0,0,0,0,0,33,0
ABELA,F,0,0,0,0,0,3,0
ABELLA,F,0,0,0,0,0,11,0
ABEN,M,0,0,0,0,0,3,0
ABENA,F,3,3,6,9,6,146,27
ABENEZER,M,0,0,0,0,0,7,0
ABENI,F,0,0,0,0,0,6,0
ABHAY,M,0,4,4,0,0,146,8
ABHI,M,0,0,0,0,0,27,0
ABHIA,F,0,0,0,0,0,3,0
ABHIJAY,M,0,0,0,0,0,8,0
ABHIJEET,M,0,4,0,3,0,22,7
ABHIJIT,M,0,0,0,0,0,3,0
ABHIJITH,M,0,0,0,0,0,3,0
ABHIJOT,M,0,0,0,0,0,27,0
ABHIMANYU,M,0,0,0,0,0,16,0
ABHINAV,M,5,3,0,5,0,177,13
ABHIRAJ,M,0,0,0,0,0,32,0
ABHIRAM,M,0,0,0,0,0,38,0
ABHIRAMI,F,0,0,0,0,0,3,0
ABHISHEK,M,5,11,7,5,13,125,41
ABIA,F,0,0,0,0,0,88,0
ABIBAT,F,3,0,0,0,0,3,3
ABID,M,13,26,19,21,19,388,98
ABIDA,F,19,28,19,24,30,433,120
ABIDAH,F,3,0,0,0,7,73,10
ABIDEEN,M,0,0,0,0,0,3,0
ABIDEMI,F,0,0,0,0,0,3,0
ABIDUL,M,4,0,0,0,0,7,4
ABIDUR,M,0,6,5,4,4,54,19
ABIE,M,0,0,3,0,0,12,3
ABIEL,M,0,0,0,0,0,11,0
ABIEYUWA,F,0,0,0,0,0,3,0
ABIGAIL-LOUISE,F,0,0,0,0,0,6,0
ABIGAIL-ROSE,F,0,0,0,0,0,17,0
ABIGEL,F,0,0,0,0,0,18,0
ABIHA,F,0,0,0,0,0,169,0
ABIJAH,M,0,0,0,0,0,3,0
ABIJOT,M,0,0,0,0,0,3,0
ABILASH,M,0,0,0,0,0,9,0
ABI-LEIGH,F,0,0,0,0,0,16,0
ABILENE,F,0,0,0,0,0,3,0
ABI-LOUISE,F,0,0,0,0,0,10,0
ABI-MAE,F,0,0,0,0,0,3,0
ABIMBOLA,M,0,0,0,0,0,4,0
ABINA,F,0,0,0,0,0,10,0
ABINAASH,M,0,0,0,0,0,3,0
ABINASH,M,0,0,0,0,3,25,3
ABINAYA,F,0,3,0,0,0,86,3
ABINAYAN,M,0,0,0,0,0,3,0
ABINESH,M,0,0,0,0,0,12,0
ABIODUN,M,3,0,3,0,0,9,6
ABIODUN,F,0,0,0,0,0,3,0
ABIOLA,M,0,3,0,0,3,27,6
ABIONA,F,0,0,0,0,0,3,0
ABIRA,F,0,0,0,4,0,39,4
ABIRAJ,M,0,0,0,0,0,3,0
ABIRAMY,F,0,0,0,0,0,6,0
ABISAN,M,0,0,0,0,0,11,0
ABISHA,F,0,0,0,0,0,84,0
ABISHAI,M,0,0,0,0,0,3,0
ABISHAKE,M,0,0,0,0,0,3,0
ABISHAN,M,0,0,0,0,0,49,0
ABISHEK,M,0,0,0,0,0,22,0
ABISOYE,F,3,0,0,0,0,3,3
ABITHA,F,0,0,0,0,0,7,0
ABITHAN,M,0,0,0,0,0,3,0
ABIYA,F,0,0,0,0,0,3,0
ABIZER,M,0,0,0,0,0,5,0
ABLA,F,0,0,0,0,0,3,0
ABNER,M,0,0,0,0,0,19,0
ABOU,M,0,0,0,0,0,3,0
ABOUBACAR,M,0,0,0,0,0,20,0
ABOUBAKAR,M,0,0,0,0,0,6,0
ABRA,F,0,0,0,0,0,3,0
ABRAAR,M,3,6,0,0,4,21,13
ABRAAR,F,0,0,0,0,0,3,0
ABRAHIM,M,5,0,4,0,0,48,9
ABRAR,M,10,5,5,9,8,137,37
ABRAR,F,0,3,0,4,0,78,7
ABRIANNA,F,0,0,0,0,0,17,0
ABRIEL,M,0,0,0,0,0,4,0
ABRIELLA,F,0,0,0,0,0,6,0
ABRIELLE,F,0,0,0,0,0,18,0
ABRISH,F,0,0,0,0,0,28,0
ABSAR,M,0,0,0,3,0,11,3
ABSHIR,M,0,0,0,0,0,18,0
ABUBACARR,M,0,0,0,0,0,19,0
ABUBAKAR,M,11,13,15,6,15,560,60
ABU-BAKAR,M,0,3,0,0,4,35,7
ABUBAKARR,M,0,0,0,4,0,7,4
ABUBAKER,M,0,3,0,0,5,75,8
ABUBAKKAR,M,0,0,0,0,0,4,0
ABUBAKR,M,3,9,8,10,7,354,37
ABU-BAKR,M,3,6,6,3,5,210,23
ABU-HURAIRA,M,0,0,0,0,0,6,0
ABUHURAIRAH,M,0,0,0,0,0,3,0
ABUKAR,M,3,3,0,0,3,23,9
ABUL,M,23,13,11,12,9,129,68
ABU-SUFYAN,M,0,0,0,0,0,3,0
ABUZAR,M,0,0,0,0,0,13,0
ABYAAN,M,0,0,0,0,0,8,0
ABYAD,M,0,0,0,0,0,3,0
ABYAN,F,0,3,0,0,0,26,3
ABYAN,M,0,0,0,0,0,99,0
ABYGAYLE,F,0,0,0,0,3,3,3
ACE,F,0,0,0,0,0,3,0
ACELYA,F,0,0,4,0,4,48,8
ACER,M,5,3,5,5,0,168,18
ACER,F,0,0,0,0,0,3,0
ACHILLE,M,0,0,0,0,0,7,0
ACHINTYA,M,0,0,0,0,0,7,0
ACHRAF,M,0,0,0,0,3,3,3
ACHSA,F,0,0,0,0,0,3,0
ACHSAH,F,0,0,0,0,0,5,0
ACKEEM,M,0,0,0,0,0,7,0
ADA,M,0,0,0,0,0,27,0
ADAAM,M,0,0,0,0,3,20,3
ADABELLE,F,0,0,0,0,0,3,0
ADAH,F,0,0,0,0,0,33,0
ADALIA,F,0,0,0,0,0,19,0
ADALIE,F,0,0,0,0,0,3,0
ADALIND,F,0,0,0,0,0,7,0
ADALINE,F,0,0,0,0,0,21,0
ADALYN,F,0,0,0,0,0,41,0
ADALYNN,F,0,0,0,0,0,15,0
ADAMA,M,0,0,0,0,0,15,0
ADAMAS,M,0,0,0,0,0,50,0
ADA-MAY,F,0,0,0,0,0,11,0
ADAM-JAMES,M,0,0,0,0,0,3,0
ADAM-JUNIOR,M,0,0,0,0,0,13,0
ADAMO,M,0,0,0,0,0,3,0
ADAMS,M,0,0,0,0,0,12,0
ADAN,F,0,0,0,0,0,43,0
ADANA,F,0,0,0,0,0,9,0
ADAOBI,F,0,0,0,0,0,11,0
ADAORA,F,0,0,0,0,0,51,0
ADAR,F,0,0,0,0,0,3,0
ADA-ROSE,F,0,0,0,0,0,15,0
ADARSH,M,4,3,0,0,3,66,10
ADAS,M,0,0,0,0,0,45,0
ADAUGO,F,0,0,0,0,0,11,0
ADAYA,F,0,0,0,0,0,4,0
ADDAI,M,0,0,0,0,0,3,0
ADDAM,M,5,4,0,3,0,16,12
ADDIE,F,0,0,0,0,0,10,0
ADDIEN,F,0,0,0,0,0,3,0
ADDIENA,F,0,0,0,0,0,9,0
ADDILYN,F,0,0,0,0,0,7,0
ADDIS,M,0,0,0,0,0,3,0
ADDISYN,F,0,0,0,0,0,3,0
ADDYSON,F,0,0,0,0,0,20,0
ADDYSON,M,0,0,0,0,0,3,0
ADE,M,0,0,0,0,0,3,0
ADEA,F,0,0,0,0,0,36,0
ADEANA,F,0,0,0,0,0,3,0
ADEBISI,F,0,0,0,0,0,3,0
ADEBOLA,F,0,0,0,0,0,28,0
ADEBOLA,M,0,0,0,0,0,9,0
ADEBOWALE,M,0,0,0,0,0,25,0
ADEBOYE,M,0,0,0,0,0,3,0
ADEDAMOLA,M,3,5,0,0,6,64,14
ADEDAPO,M,4,0,3,0,0,11,7
ADEDAYO,M,0,0,8,0,0,25,8
ADEDAYO,F,0,4,0,0,0,7,4
ADEDEJI,M,0,0,3,0,0,21,3
ADEDOLAPO,F,0,0,0,0,0,9,0
ADEDOTUN,M,0,0,0,0,3,9,3
ADEDOYIN,F,0,3,0,0,0,17,3
ADEDOYIN,M,0,0,0,0,0,3,0
ADEE,M,0,0,0,0,0,3,0
ADEEB,M,7,6,10,15,10,172,48
ADEEBA,F,14,13,12,11,6,193,56
ADEELA,F,7,7,10,5,0,75,29
ADEEM,M,0,0,0,0,0,3,0
ADEEN,M,0,0,0,0,0,6,0
ADEEN,F,0,0,0,0,0,3,0
ADEENA,F,0,3,4,5,0,201,12
ADEESA,F,0,0,3,0,0,3,3
ADEEVA,F,0,0,0,0,0,6,0
ADEKEMI,F,0,0,0,4,3,7,7
ADEKUNLE,M,4,0,4,3,0,20,11
ADELEKE,M,0,0,0,0,0,3,0
ADELYN,F,0,0,0,0,0,37,0
ADELYNN,F,0,0,0,0,0,11,0
ADEMAYOWA,M,0,0,0,0,3,3,3
ADEMIDE,F,0,0,0,0,0,3,0
ADEN,F,0,0,0,0,0,19,0
ADENA,F,0,4,0,0,0,7,4
ADEOLA,M,3,3,0,0,0,12,6
ADEOLU,M,0,0,0,0,0,6,0
ADEOLUWA,M,3,0,3,0,0,35,6
ADEREMI,M,0,0,0,0,0,3,0
ADERINSOLA,F,3,0,0,0,0,37,3
ADERYN,F,0,0,0,0,0,29,0
ADESEWA,F,0,0,0,0,0,17,0
ADESH,M,0,0,0,0,0,14,0
ADESOLA,F,4,0,0,0,0,25,4
ADESUWA,F,0,0,3,0,0,33,3
ADETAYO,M,0,0,0,0,0,6,0
ADETOKUNBO,M,0,0,0,0,0,45,0
ADETOLA,F,3,3,0,0,0,13,6
ADETOLA,M,0,0,3,0,3,12,6
ADETOMIWA,M,0,0,0,0,0,4,0
ADETOUN,F,0,0,0,0,0,4,0
ADEWONUOLA,F,0,0,0,0,0,6,0
ADEWUNMI,F,3,0,0,0,0,10,3
ADEYEMI,M,0,0,3,0,0,18,3
ADHAVAN,M,0,0,0,0,0,3,0
ADHEEM,M,0,0,0,0,0,3,0
ADHEEN,M,0,0,0,0,0,3,0
ADHIRA,F,0,0,0,0,0,6,0
ADHIRAJ,M,0,0,0,0,0,4,0
ADHNAN,M,0,0,3,0,0,6,3
ADHRIT,M,0,0,0,0,0,28,0
ADHVAITH,M,0,0,0,0,0,3,0
ADHYA,F,0,0,0,0,0,27,0
ADIAN,M,0,0,0,0,0,8,0
ADIBAH,F,0,0,0,0,0,5,0
ADIEL,M,0,0,0,0,0,15,0
ADIEL,F,0,0,0,0,0,7,0
ADIFAAH,F,0,0,0,0,0,3,0
ADILSON,M,0,0,0,0,3,3,3
ADIN,M,0,0,0,0,0,36,0
ADIRA,F,0,0,0,0,0,4,0
ADISA,M,0,0,0,0,0,3,0
ADISON,M,0,0,0,0,0,38,0
ADIT,M,0,0,0,0,4,38,4
ADITH,M,0,0,0,0,0,3,0
ADITHI,F,0,0,0,0,0,15,0
ADITHYA,M,0,0,0,0,0,63,0
ADITRI,F,0,0,0,0,0,13,0
ADIVA,F,0,0,0,0,0,4,0
ADIY,M,0,0,0,0,0,18,0
ADIYA,F,0,0,0,0,0,3,0
ADIYAAN,M,0,0,0,0,0,3,0
ADIYAN,M,0,0,0,0,0,33,0
ADJA,F,0,0,0,0,0,6,0
ADLANE,M,0,0,0,0,0,3,0
ADN,F,0,0,0,0,0,13,0
ADOM,M,0,0,0,0,0,10,0
ADOMAS,M,0,0,0,0,0,97,0
ADONA,F,0,0,0,0,0,3,0
ADONAI,M,0,0,0,0,0,43,0
ADONAI,F,0,0,0,0,0,4,0
ADONAY,M,0,0,0,0,0,16,0
ADONIJAH,M,0,0,0,0,0,11,0
ADORA,F,0,0,0,0,0,65,0
ADRIA,F,0,0,0,0,0,31,0
ADRIAAN,M,0,0,0,0,0,6,0
ADRIAN,F,0,0,0,0,0,3,0
ADRIANAS,M,0,0,0,0,0,7,0
ADRIANS,M,0,0,0,0,0,77,0
ADRIATIK,M,0,0,0,0,0,3,0
ADRIEL,F,0,0,0,0,0,13,0
ADRIELLE,F,0,0,0,0,0,10,0
ADRIJA,F,0,0,0,0,0,58,0
ADRIJANA,F,0,0,0,0,0,10,0
ADRIJUS,M,0,0,0,0,0,33,0
ADRIKA,F,0,0,0,0,0,3,0
ADRIN,M,0,0,0,0,0,3,0
ADRINA,F,0,0,0,0,0,26,0
ADRITA,F,0,0,0,0,0,3,0
ADSHAYAN,M,0,0,0,0,0,3,0
ADUNOLA,F,0,0,0,0,0,3,0
ADVAIT,M,0,0,0,0,0,26,0
ADVAITA,F,0,0,0,0,0,4,0
ADVAITH,M,0,0,0,0,0,32,0
ADVAY,M,0,0,0,0,0,37,0
ADVIT,M,0,0,0,0,0,3,0
ADVITH,M,0,0,0,0,0,6,0
ADYA,F,0,0,0,0,0,18,0
ADYAAN,M,0,0,0,0,0,30,0
ADYAN,M,0,0,0,0,0,409,0
AEDDAN,M,0,0,0,0,0,16,0
AEESHA,F,0,0,0,0,0,3,0
AEISHA,F,3,0,0,0,0,8,3
AELA,F,0,0,0,3,0,67,3
AELFRED,M,0,0,0,0,6,6,6
AELLA,F,0,0,0,0,0,5,0
AEMAN,F,0,0,0,0,0,3,0
AEMELIA,F,0,0,0,0,3,18,3
AENEAS,M,0,0,0,0,0,3,0
AEON,M,0,0,0,0,0,3,0
AERIS,F,0,0,0,0,0,43,0
AERON,F,0,0,0,3,3,9,6
AERONA,F,0,0,0,0,0,3,0
AERYN,F,0,0,0,0,6,292,6
AESON,M,0,0,0,0,0,4,0
AEVA,F,0,0,0,0,0,23,0
AEVAH,F,0,0,0,0,0,3,0
AEYSHA,F,0,0,0,0,3,22,3
AFAAF,F,0,0,0,0,0,3,0
AFAAN,M,0,0,0,0,0,12,0
AFAF,F,0,0,0,0,0,7,0
AFAN,M,0,0,0,0,0,18,0
AFAQ,M,0,0,0,0,0,3,0
AFEEF,M,0,0,0,0,0,10,0
AFEEFA,F,0,3,0,3,0,16,6
AFET,F,0,0,0,4,0,4,4
AFFAAN,M,0,0,0,0,0,22,0
AFFAF,F,0,0,0,0,0,3,0
AFFAN,M,0,0,0,0,0,200,0
AFFIA,F,0,0,0,0,0,3,0
AFIQ,M,0,0,0,0,0,3,0
AFIRA,F,0,0,0,0,0,3,0
AFIZAH,F,0,0,0,0,0,31,0
AFJOL,M,3,0,0,0,0,3,3
AFNAAN,F,0,0,0,0,0,20,0
AFNAAN,M,0,0,0,0,0,3,0
AFNAN,M,0,0,0,0,3,54,3
AFOLARIN,M,0,0,0,0,0,3,0
AFRAA,F,0,0,0,3,0,14,3
AFRAZ,M,0,0,0,0,0,22,0
AFRIKA,F,0,0,0,0,3,6,3
AFRINA,F,0,0,0,0,0,4,0
AFRUZA,F,0,0,0,0,0,3,0
AFSAH,F,0,0,0,3,0,13,3
AFSAR,M,3,3,0,0,0,6,6
AFSARA,F,0,3,0,0,3,6,6
AFSEEN,F,0,0,0,0,0,3,0
AFSHANA,F,4,0,0,0,0,4,4
AGAM,M,0,0,0,0,0,22,0
AGAMDEEP,M,0,0,0,0,0,4,0
AGAMJOT,M,0,0,0,0,0,10,0
AGAMJOT,F,0,0,0,0,0,4,0
AGAMPREET,M,0,0,0,0,0,7,0
AGAMVEER,M,0,0,0,0,0,3,0
AGAPE,F,0,0,0,0,0,4,0
AGASTYA,M,0,0,0,0,0,63,0
AGATHE,F,3,0,3,0,0,33,6
AGHA,M,0,0,0,0,0,29,0
AGIM,M,0,0,0,0,0,3,0
AGIT,M,0,0,3,3,0,10,6
AGNE,F,0,0,0,0,0,11,0
AGNESE,F,0,0,0,0,0,13,0
AGNIESZKA,F,0,0,0,0,0,47,0
AGON,M,0,0,0,0,3,6,3
AGOTA,F,0,0,0,0,0,11,0
AGUSTIN,M,0,0,0,0,0,21,0
AHAAN,M,0,0,0,0,0,45,0
AHAANA,F,0,0,0,0,0,3,0
AHAN,M,0,0,0,0,0,24,0
AHANA,F,0,0,0,0,0,65,0
AHARAN,M,0,0,0,0,0,3,0
AHCENE,M,0,0,0,0,0,3,0
AHDIA,F,0,0,0,0,0,3,0
AHEED,M,0,0,0,0,0,4,0
AHIL,M,0,0,0,0,0,24,0
AHLAAM,F,0,0,0,0,0,61,0
AHLAAN,F,0,0,0,0,0,3,0
AHLAN,F,0,0,0,0,0,3,0
AHMADOU,M,0,0,0,0,0,4,0
AHMAD-RAZA,M,0,0,0,0,0,3,0
AHMED-RAZA,M,0,0,0,0,0,7,0
AHMER,M,3,3,0,0,0,9,6
AHNAF,M,0,0,0,0,0,99,0
AHREN,M,0,4,0,0,0,36,4
AHSAAN,M,0,0,3,0,0,9,3
AHSANUL,M,0,0,0,0,3,10,3
AHSEN,M,0,0,0,0,0,18,0
AHTSHAM,M,3,0,0,0,0,3,3
AHUVA,F,0,0,0,0,0,4,0
AHYAAN,M,0,0,0,0,0,39,0
AHYAN,M,0,0,0,0,0,169,0
AI,F,3,0,0,0,0,15,3
AIA,F,0,0,0,0,0,4,0
AIDAAN,M,0,0,0,0,0,4,0
AIDAH,F,0,0,0,0,0,15,0
AIDAN-JAMES,M,0,0,0,0,0,3,0
AIDAS,M,0,0,0,0,0,17,0
AIDEL,F,0,0,0,0,0,6,0
AIDEN-JAMES,M,0,0,0,0,0,31,0
AIDEN-JAY,M,0,0,0,0,0,11,0
AIDEN-LEE,M,0,0,0,0,0,15,0
AIDON,M,0,3,0,3,0,24,6
AIDY,F,0,0,0,0,0,12,0
AIDY,M,0,0,0,0,0,9,0
AIDYN,M,0,0,0,0,0,27,0
AIFE,F,0,0,0,0,0,3,0
AIHAM,M,0,0,0,0,0,5,0
AIKA,F,0,0,0,0,0,19,0
AIKAM,M,0,0,0,0,0,3,0
AIKATERINI,F,0,0,0,0,0,16,0
AIKEN,M,0,0,0,0,0,11,0
AIKO,F,3,0,0,0,0,29,3
AILAH,F,0,0,0,0,0,27,0
AILAN,M,0,0,0,0,0,3,0
AILANI,F,0,0,0,0,0,3,0
AILBE,M,0,0,0,0,0,57,0
AILBHE,F,3,3,0,0,0,36,6
AILIE,F,3,0,0,0,0,22,3
AILLA,F,0,0,0,0,0,64,0
AIMAH,F,0,0,0,0,0,3,0
AIMAL,F,0,0,0,0,0,20,0
AIMAL,M,0,0,0,0,0,3,0
AIMAR,M,0,0,0,0,0,9,0
AIMEE-,F,0,0,0,0,0,6,0
AIMEE-GRACE,F,0,0,0,0,0,18,0
AIMEE-JANE,F,0,0,0,0,0,8,0
AIMEE-JAYNE,F,0,0,0,0,0,3,0
AIMEE-JO,F,0,0,0,0,0,7,0
AIMEE-LEA,F,0,0,0,0,0,9,0
AIMEE-LEE,F,0,0,0,0,0,39,0
AIMEE-MAE,F,0,0,0,0,0,3,0
AIMEE-MAY,F,0,0,0,0,0,9,0
AIMEE-ROSE,F,0,0,0,0,0,37,0
AIMIEE,F,0,3,0,0,0,6,3
AIMUN,F,0,0,0,0,3,3,3
AIN,F,0,0,0,0,0,3,0
AINA,F,3,0,0,0,3,73,6
AINARA,F,0,0,0,0,0,9,0
AINHOA,F,0,0,0,0,0,15,0
AINI,F,0,0,0,0,0,18,0
AINSLEIGH,M,3,0,0,0,0,3,3
AINSLIE,F,0,4,0,0,0,4,4
AINSLIE,M,0,0,0,0,0,3,0
AIRA,F,0,0,0,0,0,61,0
AIRAH,F,0,0,0,0,0,6,0
AIREN,M,0,0,0,0,0,7,0
AIRI,F,0,0,0,0,0,3,0
AIRIDAS,M,0,0,0,0,0,25,0
AIRLIE,F,0,0,0,0,3,9,3
AIRON,M,0,0,0,0,0,23,0
AIRONAS,M,0,0,0,0,0,62,0
AISA,F,0,0,0,0,0,7,0
AISA,M,0,0,0,0,0,3,0
AISEA,M,0,0,0,0,0,3,0
A'ISHA,F,0,0,4,0,0,78,4
AISHATU,F,0,0,0,0,0,3,0
AISHI,F,0,0,0,0,0,6,0
AISHLEEN,F,0,0,0,0,0,5,0
AISHPREET,F,0,0,0,0,0,6,0
AISLEYNE,F,0,0,0,0,0,6,0
AISOSA,F,0,0,0,0,0,23,0
AISOSA,M,0,0,0,0,0,3,0
AISSA,M,0,0,0,0,0,3,0
AISSATA,F,0,0,0,0,0,7,0
AISTIS,M,0,0,0,0,0,20,0
AISWARYA,F,0,0,0,0,0,3,0
AISYA,F,0,3,0,0,0,3,3
AISYAH,F,0,0,3,0,0,12,3
AITANA,F,0,0,0,0,0,27,0
AITOR,M,0,0,0,0,4,4,4
AIVA,F,0,0,0,0,0,169,0
AIVAH,F,0,0,0,0,0,29,0
AIVARAS,M,0,0,0,0,0,5,0
AIVA-ROSE,F,0,0,0,0,0,4,0
AIYA,F,3,3,0,0,0,86,6
AIYAAN,M,0,0,0,0,0,4,0
AIYAN,M,0,0,0,0,0,6,0
AIYANAH,F,0,0,0,0,0,4,0
AIYANNA,F,0,0,0,0,0,37,0
AIYAT,F,0,0,0,0,0,6,0
AIYAZ,M,0,0,0,0,0,7,0
AIYESHA,F,0,0,0,4,0,13,4
AIYLA,F,0,0,0,0,0,183,0
AIYLAH,F,0,0,0,0,0,12,0
AIYUSH,M,0,0,0,0,0,3,0
AIYZA,F,0,0,0,0,0,9,0
AIYZAH,F,0,0,0,0,0,3,0
AIZAH,F,0,0,0,0,0,856,0
AIZZA,F,0,0,0,0,0,6,0
AJ,M,0,0,0,0,0,201,0
AJAI,M,3,0,0,0,3,73,6
AJAN,M,0,0,0,0,0,21,0
AJANTHAN,M,0,0,0,0,0,3,0
A-JAY,M,0,0,0,0,0,70,0
AJAZ,M,0,0,0,3,0,3,3
AJESH,M,0,0,0,0,0,3,0
AJHAR,M,0,0,3,3,0,6,6
AJIBOLA,M,0,0,0,0,0,6,0
AJLA,F,0,0,0,0,0,23,0
AJOONI,F,0,0,0,0,0,24,0
AJUS,M,0,0,0,0,0,6,0
AJWA,F,0,0,0,0,0,163,0
AJWAD,M,0,0,0,0,0,30,0
AJWAH,F,0,0,0,0,0,6,0
AKAAL,M,0,0,0,0,0,51,0
AKAALDEEP,M,0,0,0,0,0,3,0
AKACHUKWU,M,0,0,0,0,0,7,0
AKAI,M,0,0,0,0,0,17,0
AKAIN,M,0,0,0,0,0,7,0
AKAL,M,0,0,0,0,0,3,0
AKAM,M,0,0,0,0,0,29,0
AKAN,M,0,0,0,0,0,3,0
AKANE,F,0,0,0,3,0,3,3
AKANKSHA,F,0,0,0,0,0,18,0
AKAR,M,0,0,0,0,0,7,0
AKARI,F,0,0,0,0,0,3,0
AKARSH,M,0,0,0,0,0,7,0
AKASHDEEP,M,0,0,0,0,0,9,0
AKASYA,F,0,0,0,0,0,16,0
AKAY,M,0,0,0,0,0,8,0
AKAYLA,F,0,0,0,0,0,4,0
AKAYSHA,F,0,0,0,0,3,3,3
AKBER,M,0,0,0,0,0,3,0
AKEAL,M,0,0,0,3,0,6,3
AKEELA,F,0,0,3,0,0,12,3
AKEELAH,F,0,0,0,0,0,51,0
AKEIN,M,0,0,0,0,0,11,0
AKEIRA,F,0,0,0,0,0,7,0
AKEISHA,F,0,0,0,0,0,7,0
AKEMI,F,0,0,0,0,0,4,0
AKHEEL,M,0,0,0,0,0,3,0
AKHIRA,F,0,0,0,0,0,3,0
AKHLAQ,M,0,0,4,0,0,4,4
AKHSA,F,0,0,0,0,0,3,0
AKI,F,0,0,0,0,0,6,0
AKI,M,0,0,0,0,0,3,0
AKIA,M,0,0,0,0,0,3,0
AKIDA,F,0,0,0,0,0,3,0
AKIERA,F,0,0,0,0,0,3,0
AKIESHA,F,0,0,0,0,0,3,0
AKIFA,F,0,0,0,0,0,5,0
AKIFAH,F,0,0,0,0,0,43,0
AKIKUR,M,0,0,0,0,0,3,0
AKINA,F,0,0,0,0,3,3,3
AKINLOLU,M,0,0,0,0,0,3,0
AKINOLA,M,0,0,0,3,0,9,3
AKINTAYO,M,0,0,0,0,0,7,0
AKINTOMIWA,M,0,3,0,0,0,3,3
AKINYEMI,M,3,0,0,0,0,3,3
AKIO,M,0,0,0,0,0,3,0
AKIRAH,F,0,0,0,0,0,8,0
AKITO,M,0,0,0,0,0,6,0
AKOREDE,M,0,0,0,0,0,18,0
AKOS,M,0,0,0,0,0,12,0
AKRITI,F,0,0,0,0,0,6,0
AKSAA,F,0,0,3,0,0,3,3
AKSAYAN,M,0,0,0,0,0,4,0
AKSEL,M,0,0,0,0,0,64,0
AKSH,M,0,0,0,0,0,21,0
AKSHA,F,0,0,0,0,0,10,0
AKSHAJ,M,0,0,0,0,0,42,0
AKSHAN,M,0,0,0,0,0,8,0
AKSHANA,F,0,0,0,0,0,16,0
AKSHARA,F,0,0,0,0,0,144,0
AKSHARAA,F,0,0,0,0,0,7,0
AKSHARAN,M,0,0,0,0,0,7,0
AKSHAT,M,0,0,0,0,0,55,0
AKSHATA,F,0,0,0,0,0,3,0
AKSHATH,M,0,0,0,0,0,3,0
AKSHAYA,F,0,0,0,0,0,141,0
AKSHAYAA,F,0,0,0,0,0,6,0
AKSHAYAH,F,0,0,0,0,0,3,0
AKSHAYAN,M,0,0,0,0,0,52,0
AKSHAYE,M,0,4,0,0,0,4,4
AKSHAYEN,M,0,0,0,0,0,5,0
AKSHIT,M,0,0,0,0,0,4,0
AKSHITA,F,0,0,0,0,0,46,0
AKSHITH,M,0,0,0,0,0,11,0
AKVILE,F,0,0,0,0,0,36,0
AKWASI,M,0,0,0,3,0,17,3
ALA,F,0,0,4,0,0,58,4
ALA,M,0,0,0,0,3,3,3
ALA'A,F,3,0,0,0,0,9,3
ALAE,F,0,0,0,0,0,11,0
ALAGIE,M,0,0,0,0,0,6,0
ALAHNA,F,0,0,0,0,0,7,0
ALAIA,F,0,0,0,0,0,130,0
ALAIA-MAI,F,0,0,0,0,0,3,0
ALAIBA,F,0,0,0,0,0,3,0
ALAIKA,F,0,0,0,0,0,3,0
ALAINE,F,0,0,0,0,0,3,0
ALAIYA,F,0,0,0,0,0,27,0
ALAIYAH,F,0,0,0,0,0,9,0
ALAIYNA,F,0,0,0,0,0,3,0
ALAIZA,F,0,0,0,0,0,19,0
ALAM,M,0,0,0,0,0,20,0
ALAMEEN,M,0,0,0,0,0,3,0
AL-AMEEN,M,0,0,0,0,0,38,0
AL-AMIN,M,0,0,0,3,3,72,6
ALANA-MAE,F,0,0,0,0,0,6,0
ALANA-RAE,F,0,0,0,0,0,3,0
ALANA-ROSE,F,0,0,0,0,0,24,0
ALANAS,M,0,0,0,0,0,13,0
ALAND,M,0,0,0,0,0,168,0
ALANI,F,0,0,0,0,0,72,0
ALANIA,F,0,0,0,0,0,9,0
ALANNAH-MAE,F,0,0,0,0,0,4,0
ALANNAH-ROSE,F,0,0,0,0,0,3,0
ALANOOD,F,0,0,0,0,0,3,0
ALANS,M,0,0,0,0,0,3,0
ALANYAH,F,0,0,0,0,0,3,0
ALARIK,M,0,0,0,0,0,3,0
ALARNAH,F,0,0,0,0,0,20,0
ALARNI,F,0,0,0,0,0,3,0
ALARNIE,F,0,0,0,0,0,4,0
ALASIA,F,0,0,0,0,0,4,0
ALATHEA,F,0,0,0,0,0,3,0
ALAURA,F,0,0,0,0,0,4,0
ALAYAH-MAE,F,0,0,0,0,0,3,0
ALAYAH-ROSE,F,0,0,0,0,0,3,0
ALAYLA,F,0,0,0,0,0,12,0
ALAYNAH,F,0,0,0,0,0,26,0
ALAYSIA,F,0,0,0,0,0,22,0
ALAZAR,M,0,0,0,0,0,6,0
ALBANE,F,0,0,0,0,0,3,0
ALBANO,M,0,0,0,0,0,3,0
ALBARA,M,0,0,0,0,0,8,0
ALBARAA,M,0,0,0,0,0,14,0
ALBA-ROSE,F,0,0,0,0,0,6,0
ALBATOOL,F,0,0,0,0,0,3,0
ALBE,M,0,0,0,0,0,3,0
ALBEE,M,0,0,0,0,0,11,0
ALBERTINE,F,0,0,0,0,0,11,0
ALBEY,M,0,0,0,0,0,21,0
ALBIE-JAMES,M,0,0,0,0,0,5,0
ALBIE-JAY,M,0,0,0,0,0,4,0
ALBIE-LEE,M,0,0,0,0,0,3,0
ALBORZ,M,0,0,0,0,0,3,0
ALDION,M,0,0,0,0,0,3,0
ALEACIA,F,0,0,3,0,0,3,3
ALEAHA,F,0,0,0,0,3,17,3
ALEANA,F,0,0,0,0,0,3,0
ALECHANDRO,M,0,0,0,0,0,3,0
ALECK,M,0,0,0,0,3,6,3
ALECSANDER,M,0,0,0,0,0,3,0
ALEEA,F,0,0,0,3,0,6,3
ALEEAH,F,0,0,0,0,0,25,0
ALEECIA,F,0,0,0,0,0,3,0
ALEEHA,F,0,0,0,0,0,46,0
ALEEMAH,F,0,0,0,6,0,70,6
ALEENAH,F,0,0,0,0,0,41,0
ALEESHBA,F,0,0,0,0,0,3,0
ALEEYA,F,0,0,0,0,0,57,0
ALEEYAH,F,0,0,0,0,3,58,3
ALEEZAH,F,0,0,0,0,0,65,0
ALEEZAY,F,0,0,0,0,0,17,0
ALEGRA,F,0,0,0,0,0,3,0
ALEGRIA,F,0,0,0,0,0,3,0
ALEHANDRO,M,0,0,0,0,0,4,0
ALEIA,F,0,0,0,0,0,16,0
ALEIAH,F,0,0,0,0,0,4,0
ALEIGHA-MAE,F,0,0,0,0,0,3,0
ALEIGHSHA,F,0,0,3,0,0,6,3
ALEIYA,F,0,0,0,0,0,3,0
ALEKH,M,0,0,0,0,0,3,0
ALEKS,M,0,0,0,0,0,170,0
ALEKSA,F,0,0,0,0,0,29,0
ALEKSA,M,0,0,0,0,0,6,0
ALEKSANDRAS,M,0,0,0,0,0,24,0
ALEKSANDRS,M,0,0,0,0,0,51,0
ALEKSAS,M,0,0,0,0,0,17,0
ALEKSEI,M,0,0,0,0,0,26,0
ALEKSEJ,M,0,0,0,0,0,3,0
ALEKSEJS,M,0,0,0,0,0,8,0
ALEKSEY,M,0,0,0,0,0,14,0
ALEKSI,M,4,0,0,0,0,13,4
ALEKSIA,F,0,0,0,0,0,9,0
ALEKSIS,M,0,0,0,0,0,7,0
ALEKSS,M,0,0,0,0,0,27,0
ALEKSY,M,0,0,0,0,0,21,0
ALEM,M,0,0,0,0,0,3,0
ALEMA,F,0,0,0,3,0,3,3
ALEND,M,0,0,0,0,0,9,0
ALENNA,F,0,0,0,0,0,3,0
ALENS,M,0,0,0,0,0,3,0
ALES,M,0,0,0,0,0,5,0
ALESHA-MAE,F,0,0,0,0,0,3,0
ALESHA-MARIE,F,0,0,0,0,0,3,0
ALESIO,M,0,0,0,0,0,9,0
ALESKA,F,0,0,0,0,0,3,0
ALESSA,F,0,0,0,0,0,77,0
ALESSYA,F,0,0,0,0,0,3,0
ALETA,F,0,0,0,0,0,3,0
ALETHEIA,F,0,0,0,0,0,12,0
ALETHIA,F,0,0,0,0,0,4,0
ALETTA,F,0,0,0,0,0,8,0
ALEV,F,0,0,0,0,0,7,0
ALEXAH,F,0,0,0,0,0,3,0
ALEXA-LEIGH,F,0,0,0,0,0,3,0
ALEXA-MAE,F,0,0,0,0,0,14,0
ALEXA-MAY,F,0,0,0,0,0,7,0
ALEXANDER-JAMES,M,0,0,0,0,0,22,0
ALEXANDR,M,0,0,0,0,0,35,0
ALEXANDRINA,F,0,0,0,0,3,13,3
ALEXA-ROSE,F,0,0,0,0,0,30,0
ALEXAS,F,0,0,0,0,0,3,0
ALEXAVIER,M,0,0,0,0,0,7,0
ALEXCIA,F,0,0,0,0,0,71,0
ALEXEY,M,0,0,0,0,0,58,0
ALEXIAH,F,0,0,0,0,0,11,0
ALEXIA-LEIGH,F,0,0,0,0,0,3,0
ALEXIA-MAE,F,0,0,0,0,0,14,0
ALEXIA-MAY,F,0,0,0,0,0,7,0
ALEXIA-ROSE,F,0,0,0,0,0,3,0
ALEXIE,M,0,0,0,0,0,3,0
ALEXINE,F,0,0,0,0,0,3,0
ALEXIOS,M,0,0,0,0,0,7,0
ALEXIS-JADE,F,0,0,0,0,0,3,0
ALEXIS-LEIGH,F,0,0,0,0,0,6,0
ALEXIS-LOUISE,F,0,0,0,0,0,4,0
ALEXIS-MAE,F,0,0,0,0,0,24,0
ALEXIS-MARIE,F,0,0,0,0,0,4,0
ALEXIS-MAY,F,0,0,0,0,0,6,0
ALEXIS-ROSE,F,0,0,0,0,0,23,0
ALEXIYA,F,0,0,0,0,0,4,0
ALEX-JAMES,M,0,0,0,0,0,20,0
ALEX-JAY,M,0,0,0,0,0,3,0
ALEX-JUNIOR,M,0,0,0,0,0,3,0
ALEXSANDER,M,0,0,0,0,0,3,0
ALEXSANDRA,F,0,0,0,0,0,16,0
ALEXSI,F,0,0,0,0,0,3,0
ALEXSIS,F,0,0,0,0,0,20,0
ALEXXA,F,0,0,0,0,0,3,0
ALEXY,M,0,0,0,0,0,6,0
ALEXYS,F,0,0,0,0,0,15,0
ALEXZANDRA,F,0,0,0,0,0,4,0
ALEYAH,F,0,0,4,0,0,73,4
ALFEE,M,0,0,0,0,0,11,0
ALFEY,M,0,0,0,0,0,16,0
ALFFI,M,0,0,0,0,0,27,0
ALFFIE,M,0,0,0,0,0,3,0
ALFIE-,M,0,0,0,0,0,6,0
ALFIE-DEAN,M,0,0,0,0,0,3,0
ALFIEE,M,0,0,0,0,0,3,0
ALFIE-GEORGE,M,0,0,0,0,0,50,0
ALFIE-J,M,0,0,0,0,0,7,0
ALFIE-JACK,M,0,0,0,0,0,94,0
ALFIE-JAI,M,0,0,0,0,0,34,0
ALFIE-JAY,M,0,0,0,0,0,187,0
ALFIE-JOHN,M,0,0,0,0,0,73,0
ALFIE-JOSEPH,M,0,0,0,0,0,3,0
ALFIE-JUNIOR,M,0,0,0,0,0,3,0
ALFIE-RAY,M,0,0,0,0,0,40,0
ALFIE-RYAN,M,0,0,0,0,0,3,0
ALFIE-THOMAS,M,0,0,0,0,0,17,0
ALFIE-WILLIAM,M,0,0,0,0,0,3,0
ALFIN,M,0,0,0,0,0,3,0
ALHAGIE,M,0,0,0,0,0,3,0
ALHAJI,M,0,0,0,0,4,42,4
ALHASAN,M,0,0,0,0,0,6,0
ALHASSAN,M,0,0,0,0,0,15,0
ALHENA,F,0,0,0,0,3,23,3
ALIAA,F,0,3,0,0,0,3,3
ALIABBAS,M,3,0,0,0,0,3,3
ALI-ABBAS,M,0,0,0,0,0,3,0
ALIAKBAR,M,0,0,0,0,0,3,0
ALI-AKBAR,M,0,0,0,3,0,8,3
ALIANA,F,0,0,0,0,0,71,0
ALIANNA,F,0,0,0,0,0,14,0
ALIANNAH,F,0,0,0,0,0,3,0
ALIAS,M,0,0,4,0,0,14,4
ALICE-JANE,F,0,0,0,0,0,6,0
ALICE-MAE,F,0,3,0,0,0,22,3
ALICE-MARIE,F,0,0,0,0,0,3,0
ALICE-MAY,F,0,0,0,3,0,36,3
ALICIA-GRACE,F,0,0,0,0,0,4,0
ALICIA-MAE,F,0,0,0,0,0,10,0
ALICIA-MARIE,F,0,0,0,0,0,3,0
ALICIA-MAY,F,0,0,0,0,0,15,0
ALICIA-ROSE,F,0,0,0,0,0,18,0
ALIE,M,0,0,0,0,0,3,0
ALIEA,F,0,3,0,0,0,3,3
ALIENA,F,0,0,0,0,0,9,0
ALIENOR,F,0,0,0,3,0,13,3
ALIF,M,0,0,0,0,0,33,0
ALIFA,F,0,0,0,0,0,22,0
ALIHA,F,0,0,0,0,6,33,6
ALIHAN,M,0,0,0,0,0,4,0
ALI-HASSAN,M,0,0,0,0,0,3,0
ALIJAH,M,0,0,0,0,0,51,0
ALIKI,F,0,0,0,3,0,24,3
ALILA,F,0,0,0,0,0,7,0
ALILAH,F,0,0,0,0,0,3,0
ALILIA,F,0,0,0,0,0,3,0
ALIMAT,F,0,0,0,0,0,3,0
ALIN,M,0,0,0,0,0,29,0
ALIN,F,0,0,0,0,0,16,0
ALINAH,F,0,0,0,0,0,36,0
ALINNA,F,0,0,0,0,0,3,0
ALIONA,F,0,0,0,0,0,56,0
ALIOU,M,0,0,0,0,0,3,0
ALIOUNE,M,0,0,0,0,0,9,0
ALI-RAZA,M,3,0,0,0,0,6,3
ALIREZA,M,3,0,3,0,0,20,6
ALISAH,F,0,0,0,0,0,3,0
ALISAN,M,0,0,0,0,0,3,0
ALISHAA,F,0,0,0,0,0,3,0
ALISHABA,F,0,0,0,0,0,14,0
ALISHA-LEIGH,F,0,0,0,0,0,3,0
ALISHA-MAE,F,0,0,0,0,0,6,0
ALISHA-MAI,F,0,0,0,0,0,17,0
ALISHA-MAY,F,0,0,0,0,0,28,0
ALISHA-ROSE,F,0,0,0,0,0,3,0
ALISHBAH,F,0,0,0,0,0,134,0
ALISHEA,F,0,3,0,3,0,6,6
ALISHER,M,0,0,0,0,0,3,0
ALISHMA,F,0,0,0,0,0,3,0
ALISHYA,F,3,0,0,0,0,13,3
ALISIJA,F,0,0,0,0,0,3,0
ALISINA,M,0,0,0,0,0,7,0
ALISIYA,F,0,0,0,0,0,9,0
ALISSA-MAE,F,0,0,0,0,0,3,0
ALISSE,F,0,0,0,0,0,4,0
ALISSIYA,F,0,0,0,0,0,3,0
ALISSYA,F,0,0,0,0,0,3,0
ALISTAR,M,0,0,0,0,0,4,0
ALISYA,F,0,0,0,0,0,6,0
ALIVIAH,F,0,0,0,0,0,3,0
ALIVIA-LEIGH,F,0,0,0,0,0,3,0
ALIVIA-ROSE,F,0,0,0,0,0,12,0
ALIYAAN,M,0,0,0,0,0,43,0
ALIYAH-MAE,F,0,0,0,0,0,3,0
ALIYAH-ROSE,F,0,0,0,0,0,3,0
ALIYAN,M,0,0,0,0,0,52,0
ALIYANA,F,0,0,0,0,0,10,0
ALIYAT,F,0,0,0,0,0,4,0
ALIYE,F,0,0,0,0,0,15,0
ALIYHA,F,0,0,0,3,0,10,3
ALIYU,M,0,0,0,0,0,9,0
ALIYYA,F,0,0,0,0,0,3,0
ALIYZA,F,0,0,0,0,0,4,0
ALIZ,F,0,0,0,0,0,19,0
ALIZAH,F,0,0,0,0,0,183,0
ALIZA-MAE,F,0,0,0,0,0,3,0
ALIZAY,F,0,0,0,0,0,31,0
ALIZE,F,0,0,3,0,0,40,3
ALIZEE,F,0,0,0,0,3,27,3
ALIZEH,F,0,0,0,3,3,36,6
ALIZEY,F,0,0,0,0,0,3,0
ALJAWHARA,F,0,0,0,0,0,3,0
ALJAWHARAH,F,0,0,0,0,0,3,0
ALKA,F,3,0,0,0,0,3,3
ALLA,F,0,3,0,0,0,33,3
ALLAM,M,0,0,0,0,0,3,0
ALLANAH-ROSE,F,0,0,0,0,0,3,0
ALLANYA,F,0,0,0,0,0,4,0
ALLAYA,F,0,0,0,0,0,3,0
ALLAYAH,F,0,0,0,0,0,12,0
ALLE,F,0,0,0,0,0,3,0
ALLEAH,F,0,0,0,0,5,22,5
ALLENA,F,0,0,3,0,0,6,3
ALLEX,F,4,0,0,0,0,4,4
ALLEYAH,F,4,0,0,0,0,22,4
ALLIA,F,0,0,0,0,0,6,0
ALLIAH,F,0,0,0,0,0,19,0
ALLIANA,F,0,0,0,0,0,3,0
ALLICIA,F,0,0,6,0,0,10,6
ALLISIA,F,0,0,0,0,0,3,0
ALLISSIA,F,0,0,0,0,0,14,0
ALLIYA,F,0,0,0,0,0,9,0
ALLYA,F,0,0,0,0,0,3,0
ALLYSA,F,0,0,0,0,0,14,0
ALLYSIA,F,0,0,0,0,0,12,0
ALLYSSA,F,0,0,0,3,3,40,6
ALLYSSIA,F,0,0,0,0,0,4,0
ALMAAN,M,0,0,0,0,0,3,0
ALMAMY,M,0,0,0,0,0,3,0
ALMAN,M,0,0,0,0,0,25,0
ALMAS,M,0,0,0,0,0,9,0
ALMAZ,F,0,0,0,0,0,3,0
ALMEER,M,0,0,0,0,0,6,0
ALMEERA,F,0,0,0,0,0,4,0
ALMINA,F,0,0,0,0,0,16,0
ALOK,M,0,0,0,0,0,3,0
ALOKA,F,0,0,0,0,0,3,0
ALOMA,F,0,0,0,0,0,3,0
ALONA,F,0,3,0,0,0,17,3
ALONIAB,M,0,0,0,0,0,3,0
ALONZO,M,0,0,0,0,0,41,0
ALORA,F,0,0,0,0,0,26,0
ALP,M,0,0,5,0,0,51,5
ALPEREN,M,0,0,0,0,0,25,0
ALPHA,M,0,0,0,0,0,138,0
ALPHA,F,0,0,0,0,0,3,0
ALPHONS,M,0,0,0,0,0,3,0
ALPHY,M,0,0,0,0,0,3,0
ALREEM,F,0,0,0,0,0,3,0
ALROY,M,0,0,0,0,0,3,0
ALSTON,M,0,0,0,0,0,3,0
ALTAF,M,0,0,0,0,0,13,0
ALTAN,M,0,0,0,0,0,10,0
ALTAY,M,0,0,0,0,0,18,0
ALTEO,M,0,0,0,0,0,4,0
ALTIN,M,0,0,0,0,0,13,0
ALTINA,F,0,0,0,0,0,14,0
ALUNA,F,0,0,0,0,0,27,0
ALURA,F,0,0,0,0,0,3,0
ALUSINE,M,0,0,0,0,0,11,0
ALVA,F,0,4,0,0,0,34,4
ALVAN,M,0,0,0,0,0,3,0
ALVAR,M,0,0,0,0,0,6,0
ALVEENA,F,0,0,0,0,0,57,0
ALVEERA,F,0,0,0,0,0,4,0
ALVEY,M,0,0,0,0,0,6,0
ALVI,M,0,0,0,0,0,21,0
ALVIA,F,0,0,0,0,0,13,0
ALVIE,M,0,0,0,0,0,18,0
ALVIRA,F,0,0,0,0,0,8,0
ALVIS,M,0,0,0,0,0,8,0
ALVY,M,0,0,0,0,0,6,0
ALVYN,M,0,0,0,0,0,3,0
ALWALEED,M,0,0,0,0,0,6,0
ALWIN,M,0,0,0,0,0,23,0
ALY,M,0,0,5,0,0,38,5
ALYAH,F,0,0,0,0,0,21,0
ALYAN,M,0,0,0,0,0,63,0
ALYANA,F,0,0,0,0,0,18,0
ALYANNA,F,0,0,0,0,0,18,0
ALYAS,M,0,0,0,0,0,7,0
AL-YASA,M,0,0,0,0,0,3,0
ALYCEE,F,0,0,0,0,0,4,0
ALYDIA,F,0,0,0,0,0,14,0
ALYESHA,F,0,4,0,0,0,33,4
ALYIA,F,0,0,0,0,0,3,0
ALYIAH,F,0,0,0,3,0,6,3
ALYISSIA,F,0,0,0,0,0,4,0
ALYNA,F,0,0,0,0,0,12,0
ALYONA,F,0,0,0,0,0,3,0
ALYRA,F,0,0,0,0,0,3,0
ALYSCIA,F,0,0,0,0,0,6,0
ALYSE,F,0,0,0,0,3,31,3
ALYSHEA,F,0,3,0,0,0,3,3
ALYSS,F,0,0,0,0,0,7,0
ALYSSA-JADE,F,0,0,0,0,0,3,0
ALYSSA-MAE,F,0,0,0,0,0,31,0
ALYSSA-MAY,F,0,0,0,0,0,14,0
ALYSSA-ROSE,F,0,0,0,0,0,31,0
ALYSSE,F,0,0,0,0,3,9,3
ALYSSIA-MAE,F,0,0,0,0,0,4,0
ALYSSYA,F,0,0,0,0,0,4,0
ALYVIA,F,0,0,0,0,0,29,0
ALYZA,F,0,0,0,0,0,41,0
ALYZAH,F,0,0,0,0,0,8,0
ALZAHRA,F,0,0,0,0,0,3,0
ALZBETA,F,0,0,0,0,3,12,3
AMAAIMA,F,0,0,0,0,0,4,0
AMAANA,F,0,0,0,0,0,21,0
AMAANAH,F,0,0,0,0,0,43,0
AMAANI,M,0,0,0,0,0,9,0
AMAAYA,F,0,0,0,0,0,25,0
AMAAZ,M,0,0,0,0,0,3,0
AMABEL,F,3,0,0,0,3,41,6
AMABELLE,F,0,0,0,0,0,6,0
AMAD,M,3,0,0,0,3,44,6
AMADEO,M,0,0,0,0,0,6,0
AMADEUSZ,M,0,0,0,0,0,12,0
AMADOU,M,0,0,3,0,0,97,3
AMAIAH,F,0,0,0,0,0,10,0
AMAIMA,F,0,0,0,0,0,10,0
AMAIRA,F,0,0,0,0,0,56,0
AMAIRAH,F,0,0,0,0,0,12,0
AMAIYA,F,0,0,0,0,0,104,0
AMAIYAH,F,0,0,0,0,0,40,0
AMAKA,F,0,0,0,0,0,12,0
AMALA,F,0,0,0,0,0,38,0
AMALEA,F,0,0,0,0,0,3,0
AMALEE,F,0,0,0,0,0,28,0
AMALEIGH,F,0,0,0,0,0,3,0
AMALI,F,0,0,0,0,0,15,0
AMALIAH,F,0,0,0,0,0,3,0
AMALIE-ROSE,F,0,0,0,0,0,3,0
AMALYA,F,0,0,0,0,0,22,0
AMAMA,F,0,0,0,0,0,3,0
AMANAH,F,0,0,0,0,0,159,0
AMANAT,F,0,0,0,0,0,8,0
AMANDIP,M,0,0,0,3,0,3,3
AMANIE,F,0,3,0,0,0,3,3
AMANITA,F,0,0,0,0,0,3,0
AMANIYA,F,0,0,0,0,0,3,0
AMANJEET,M,0,0,0,3,0,3,3
AMANJEET,F,0,0,0,3,0,3,3
AMANJIT,M,0,0,0,0,0,6,0
AMANJOT,F,0,0,0,0,4,27,4
AMANN,M,0,3,0,0,0,3,3
AMANRAJ,M,0,0,0,0,3,3,3
AMANULLAH,M,0,0,0,0,0,3,0
AMANVIR,M,0,3,3,0,0,27,6
AMANY,F,0,0,0,0,0,11,0
AMAR,F,0,0,0,0,0,37,0
AMARA,M,0,0,0,0,0,17,0
AMARACHUKWU,F,0,0,0,0,0,30,0
AMARA-ROSE,F,0,0,0,0,0,3,0
AMARE,M,0,0,0,0,0,45,0
AMAREE,M,0,0,0,0,0,3,0
AMARIA,F,0,0,0,0,0,6,0
AMARIAH,F,0,0,0,0,0,99,0
AMARIE,F,0,0,0,0,0,14,0
AMARIE,M,0,0,0,0,0,9,0
AMARII,M,0,0,0,0,0,39,0
AMARIO,M,0,0,0,0,0,5,0
AMARION,M,0,0,0,0,0,26,0
AMARISA,F,0,0,0,0,0,9,0
AMARISE,F,0,0,0,0,0,3,0
AMARISSA,F,0,0,0,0,0,25,0
AMARIYAH,F,0,0,0,0,0,3,0
AMARJEET,M,3,0,0,0,0,3,3
AMARJOT,M,0,0,0,0,3,10,3
AMARLEEN,F,0,0,0,0,0,4,0
AMARLIA,F,0,0,0,0,0,3,0
AMARN,M,0,0,0,4,0,10,4
AMARO,M,0,0,0,0,0,3,0
AMARPREET,M,3,0,0,0,0,3,3
AMARRI,M,0,0,0,0,3,3,3
AMARU,M,0,0,0,4,0,48,4
AMARVIR,M,3,0,0,0,0,7,3
AMARYLLIS,F,0,0,0,3,0,22,3
AMATUL,F,0,0,0,0,0,3,0
AMAURI,M,0,0,0,0,0,3,0
AMAURY,M,0,0,0,0,0,17,0
AMAY,M,0,0,0,0,0,17,0
AMAYAH,F,0,0,0,0,0,242,0
AMAYA-RAE,F,0,0,0,0,0,3,0
AMAYA-ROSE,F,0,0,0,0,0,12,0
AMAYRA,F,0,0,0,0,0,7,0
AMAZIAH,M,0,0,0,0,0,5,0
AMAZON,F,0,0,0,0,0,7,0
AMBER-,F,0,0,0,0,0,6,0
AMBER-GRACE,F,0,0,0,0,0,3,0
AMBER-JO,F,0,0,0,0,0,3,0
AMBER-LEA,F,0,0,0,3,0,9,3
AMBERLEIGH,F,6,0,0,0,0,25,6
AMBERLIE,F,0,0,0,0,0,3,0
AMBER-LILLY,F,0,0,0,0,0,8,0
AMBER-MAE,F,0,0,0,0,3,20,3
AMBER-MAY,F,0,0,0,0,0,37,0
AMBER-RAE,F,0,0,0,0,0,13,0
AMBIYA,F,0,0,0,0,0,3,0
AMBRE,F,0,0,0,3,0,18,3
AMBUR,F,0,0,0,0,0,4,0
AMEALIA,F,0,0,0,0,0,18,0
AMED,M,0,0,0,0,0,13,0
AMEDEEA,F,0,0,0,0,0,3,0
AMEELA,F,0,0,0,0,0,6,0
AMEELAH,F,0,0,0,0,0,4,0
AMEELIA,F,0,0,0,0,0,23,0
AMEERAT,F,0,0,0,0,0,5,0
AMEESHA,F,0,0,0,0,0,8,0
AMEILA,F,0,0,0,0,0,38,0
AMEILIA,F,0,0,0,0,0,77,0
AMEIRA,F,0,0,0,0,0,75,0
AMEL,M,0,0,0,0,0,3,0
AMELA,F,0,0,0,0,0,38,0
AMELEA,F,0,0,0,0,0,8,0
AMELEAH,F,0,0,0,0,0,6,0
AMELI,F,0,0,0,0,0,3,0
AMELIA-,F,0,0,0,0,0,13,0
AMELIA-ALICE,F,0,0,0,0,0,3,0
AMELIA-ANN,F,0,0,0,0,0,7,0
AMELIA-ANNE,F,0,0,0,0,0,9,0
AMELIA-BROOKE,F,0,0,0,0,0,6,0
AMELIA-ELIZABETH,F,0,0,0,0,0,3,0
AMELIA-FAITH,F,0,0,0,0,0,21,0
AMELIA-FAYE,F,0,0,0,0,0,3,0
AMELIA-HOPE,F,0,0,0,0,0,3,0
AMELIAH-ROSE,F,0,0,0,0,0,3,0
AMELIA-JADE,F,0,0,0,0,0,29,0
AMELIA-JAYDE,F,0,0,0,0,0,4,0
AMELIA-JAYNE,F,0,0,0,0,0,88,0
AMELIA-JEAN,F,0,0,0,0,0,6,0
AMELIA-JO,F,0,0,0,0,0,6,0
AMELIA-LEE,F,0,0,0,0,0,4,0
AMELIA-LEIGH,F,0,0,0,0,0,28,0
AMELIA-LILLIE,F,0,0,0,0,0,25,0
AMELIA-LILY,F,0,0,0,0,0,200,0
AMELIA-LOUISE,F,0,0,0,0,0,32,0
AMELIA-MAE,F,0,0,0,0,0,149,0
AMELIA-MAI,F,0,0,0,0,0,48,0
AMELIA-MARIE,F,0,0,0,0,0,20,0
AMELIA-MAY,F,0,0,0,0,0,117,0
AMELIA-PAIGE,F,0,0,0,0,0,3,0
AMELIA-RAE,F,0,0,0,0,0,41,0
AMELIA-SKYE,F,0,0,0,0,0,7,0
AMELIE-GRACE,F,0,0,0,0,0,6,0
AMELIE-MAE,F,0,0,0,0,0,6,0
AMELIE-MAI,F,0,0,0,0,0,3,0
AMELIE-ROSE,F,0,0,0,0,0,75,0
AMELIJA,F,0,0,0,0,0,117,0
AMELINA,F,0,0,0,0,0,3,0
AMELIO,M,0,0,0,0,0,3,0
AMELIYAH,F,0,0,0,0,0,15,0
AMELJA,F,0,0,0,0,0,3,0
AMELLE,F,0,0,0,0,0,80,0
AMELLIA,F,0,0,3,0,0,136,3
AMELLIE,F,0,0,0,0,0,3,0
AMELYA,F,0,0,0,0,0,27,0
AMEN,M,0,0,0,0,0,68,0
AMEN,F,0,0,0,0,0,33,0
AMENZE,F,0,0,0,0,0,3,0
AMERAH,F,0,0,3,0,0,25,3
AMERIA,F,0,0,0,0,0,3,0
AMERIE,F,0,0,0,0,0,43,0
AMEYA,F,0,0,0,0,0,111,0
AMEYA,M,0,0,0,0,0,6,0
AMEZ,F,0,0,0,0,0,4,0
AMEZ,M,0,0,0,0,0,3,0
AMIA,F,0,0,0,0,0,145,0
AMIAH,F,0,0,0,0,3,93,3
AMIAS,M,0,0,0,0,0,7,0
AMICA,F,0,0,0,0,0,3,0
AMICIA,F,0,0,0,0,0,8,0
AMICIE,F,0,0,0,0,0,4,0
AMID,M,0,0,0,0,0,12,0
AMIDAT,F,0,0,0,0,0,3,0
AMIEE-LEIGH,F,0,0,0,0,0,14,0
AMIEE-LOUISE,F,0,0,0,0,0,3,0
AMIEL,M,0,0,0,0,0,33,0
AMIE-LEE,F,0,0,0,0,0,9,0
AMIELEIGH,F,0,0,0,0,0,4,0
AMIE-LEIGH,F,0,0,0,0,0,33,0
AMIELIA,F,0,0,0,0,0,5,0
AMIERA,F,0,0,0,0,0,29,0
AMII,F,5,0,0,0,0,28,5
AMIIN,M,0,0,0,0,0,29,0
AMIIR,M,0,0,0,0,0,6,0
AMIIRA,F,0,0,0,0,0,80,0
AMILA,F,0,0,0,0,0,52,0
AMILEA,F,0,0,0,0,0,4,0
AMILEAH,F,0,0,0,0,0,3,0
AMILEIGH,F,0,0,0,0,0,6,0
AMI-LEIGH,F,0,0,0,0,0,19,0
AMILIE,F,0,0,0,0,0,58,0
AMILLIA,F,0,0,0,3,0,29,3
AMILLIE,F,0,0,0,0,0,13,0
AMILY,F,0,0,0,0,0,23,0
AMILYA,F,0,0,0,0,0,5,0
AMIMA,F,3,0,0,0,0,53,3
AMINE,F,0,0,0,0,0,18,0
AMINOOR,M,0,0,0,0,0,4,0
AMINTA,F,0,0,0,0,0,3,0
AMIRA-ROSE,F,0,0,0,0,0,3,0
AMIRAT,F,0,0,0,0,0,20,0
AMISA,F,0,0,0,0,0,3,0
AMISH,M,3,0,0,0,3,22,6
AMISHI,F,0,0,0,0,0,7,0
AMITA,F,0,0,3,0,0,12,3
AMITAI,M,0,0,0,0,0,10,0
AMITIS,F,0,0,0,0,0,3,0
AMITOJ,M,0,0,0,0,0,6,0
AMIYAH,F,0,0,0,0,0,306,0
AMIYAH-ROSE,F,0,0,0,0,0,3,0
AMJED,M,0,0,0,0,0,3,0
AMMAARA,F,0,3,0,0,3,10,6
AMMAL,F,0,0,0,0,0,7,0
AMMAN,F,3,0,3,0,0,9,6
AMNEEK,F,0,0,0,0,0,3,0
AMNEET,F,0,0,0,0,0,22,0
AMOGH,M,0,0,0,0,0,28,0
AMOL,M,0,0,0,0,0,4,0
AMON,M,0,0,0,0,0,30,0
AMOR,F,0,0,0,0,0,4,0
AMORE,F,0,0,0,0,0,34,0
AMORY,M,0,0,0,0,0,10,0
AMOUR,F,0,0,0,0,0,18,0
AMOY,F,0,0,0,0,0,4,0
AMOYA,F,0,0,0,0,0,6,0
AMRAH,F,0,0,0,0,0,6,0
AMRAIZ,M,0,0,0,0,0,3,0
AMRAJ,M,0,3,0,3,0,18,6
AMREECE,F,0,0,0,0,0,10,0
AMREENA,F,3,0,0,3,0,6,6
AMREETA,F,0,0,0,0,3,19,3
AMRIA,F,0,0,0,0,0,14,0
AMRINA,F,0,0,0,0,3,3,3
AMRINDER,M,0,0,0,0,0,6,0
AMRITHA,F,0,0,0,0,0,7,0
AMRITPAL,F,0,0,3,0,0,6,3
AMRITPREET,F,0,0,0,0,0,3,0
AMRO,M,0,0,0,0,3,13,3
AMROM,M,0,0,0,0,0,11,0
AMTUL,F,0,0,0,3,0,23,3
AMULYA,F,0,0,0,0,0,6,0
AMY-,F,0,0,0,0,0,6,0
AMYA,F,0,0,0,0,0,39,0
AMYAH,F,0,0,0,0,0,31,0
AMY-ANN,F,0,0,0,0,0,3,0
AMYE,F,0,0,3,0,0,18,3
AMY-GRACE,F,0,0,0,0,0,20,0
AMY-JADE,F,3,0,3,0,0,6,6
AMYLIA,F,0,0,0,0,0,17,0
AMY-LOU,F,0,0,0,0,0,14,0
AMYLOUISE,F,3,0,0,0,0,12,3
AMYMA,F,0,0,0,0,0,3,0
AMY-MARIE,F,0,0,3,0,0,3,3
AMYRA,F,0,0,0,0,0,39,0
AMY-RAE,F,0,0,0,0,0,6,0
AMYRAH,F,0,0,0,0,0,31,0
AMZA,M,0,3,0,0,0,3,3
AN,F,0,0,0,0,0,93,0
AN,M,0,0,0,0,0,13,0
ANAAYA,F,0,0,0,0,0,66,0
ANAAYAH,F,0,0,0,0,0,11,0
ANAB,F,0,0,0,0,0,22,0
ANABELA,F,0,0,0,0,0,38,0
ANABETH,F,0,0,0,0,0,4,0
ANABIA,F,0,0,0,0,0,168,0
ANABIAH,F,0,0,0,0,0,3,0
ANABIYA,F,0,0,0,0,0,9,0
ANAE,F,0,0,0,0,0,23,0
ANAELLE,F,0,0,0,0,0,33,0
ANAGHA,F,0,0,0,0,0,27,0
ANAHI,F,0,0,0,0,0,3,0
ANAHID,F,0,0,0,0,0,3,0
ANAI,F,0,0,0,0,0,17,0
ANAIA,F,0,0,0,0,0,86,0
ANAIAH,M,0,0,0,0,0,4,0
ANAIKA,F,0,0,0,0,0,13,0
ANAISE,F,0,0,0,0,0,11,0
ANAISHA,F,0,0,0,0,0,10,0
ANAIS-ROSE,F,0,0,0,0,0,3,0
ANAIYAH,F,0,0,0,0,0,115,0
ANALEISE,F,0,0,0,0,0,3,0
ANALUCIA,F,0,0,0,0,0,3,0
ANA-LUCIA,F,0,0,0,0,0,10,0
ANAM,M,0,0,0,0,0,3,0
ANAMARIA,F,0,0,0,0,0,41,0
ANA-MARIA,F,0,0,0,0,0,51,0
ANAMTA,F,0,0,0,0,0,12,0
ANAND,F,0,0,0,0,0,5,0
ANANDA,F,0,0,0,4,0,10,4
ANANDA,M,0,0,3,0,0,6,3
ANANDI,F,0,0,0,0,0,3,0
ANANNYA,F,0,0,0,0,0,3,0
ANANT,M,0,0,3,0,0,15,3
ANANTH,M,0,0,0,0,0,3,0
ANANYAA,F,0,0,0,0,0,6,0
ANARA,F,0,0,0,0,0,23,0
ANASHE,F,0,0,0,0,0,56,0
ANASHE,M,0,0,0,0,0,19,0
ANA-SOFIA,F,0,0,0,0,0,4,0
ANASTASIYA,F,0,0,0,0,0,25,0
ANASTAZJA,F,0,0,0,0,0,206,0
ANATOLE,M,0,0,0,0,0,17,0
ANAUM,F,0,0,0,0,0,47,0
ANAY,M,3,0,0,0,0,195,3
ANAYAA,F,0,0,0,0,0,3,0
ANAYAH,F,0,0,0,0,3,697,3
ANAYS,F,0,0,0,0,0,10,0
ANBAR,F,3,0,0,0,0,3,3
ANCA,F,0,0,0,0,0,7,0
ANDA,F,0,0,0,0,0,9,0
ANDALEEB,F,0,0,0,0,0,6,0
ANDIA,F,0,0,0,0,0,3,0
ANDILE,M,0,0,0,0,0,24,0
ANDILE,F,0,0,0,0,0,3,0
ANDOR,M,0,0,0,0,0,4,0
ANDRA,F,0,0,3,0,0,85,3
ANDRAS,M,0,0,0,0,0,28,0
ANDREANA,F,0,0,0,0,0,3,0
ANDREANNA,F,0,0,0,0,0,4,0
ANDREEA,F,0,0,0,0,0,227,0
ANDREJ,M,3,0,0,3,0,89,6
ANDREJA,F,0,0,0,0,0,75,0
ANDREJS,M,0,0,0,0,0,6,0
ANDRE-JUNIOR,M,0,0,0,0,0,3,0
ANDREW-JAMES,M,0,0,0,0,0,14,0
ANDREW-JOHN,M,0,0,0,0,0,3,0
ANDREW-JUNIOR,M,0,0,0,0,0,19,0
ANDREYA,F,0,0,0,0,3,7,3
ANDRI,M,0,0,0,0,0,5,0
ANDRIA,M,0,0,0,0,0,3,0
ANDRIES,M,0,0,0,0,0,7,0
ANDRINA,F,0,0,0,0,0,6,0
ANDRIY,M,0,0,3,0,0,12,3
ANDROMEDA,F,0,0,0,0,0,4,0
ANDROULLA,F,0,0,0,0,0,3,0
ANDUENA,F,0,0,0,0,0,3,0
ANDZELIKA,F,0,0,0,0,0,28,0
ANE,F,0,0,0,0,0,6,0
ANEA,F,0,0,0,0,0,3,0
ANEEK,M,0,0,0,0,0,8,0
ANEEKAH,F,0,0,0,0,0,5,0
ANEEKHA,F,0,0,0,3,0,3,3
ANEET,F,0,0,0,0,0,3,0
ANEEYA,F,0,0,0,0,0,3,0
ANEIRA,F,0,0,4,0,0,150,4
ANEISHA,F,0,0,0,0,0,14,0
ANEL,M,0,0,0,0,0,3,0
ANELA,F,0,0,0,0,0,12,0
ANELIA,F,0,0,0,0,0,8,0
ANELISE,F,0,0,0,0,0,12,0
ANES,M,0,0,0,0,0,62,0
ANESA,F,3,3,0,0,0,43,6
ANESH,M,0,0,0,0,0,3,0
ANESHKA,F,0,0,0,0,0,6,0
ANESS,M,0,0,0,0,0,5,0
ANESSA,F,0,0,0,0,0,7,0
ANESU,M,0,0,0,0,0,68,0
ANESU,F,0,0,0,0,0,66,0
ANETTA,F,0,0,0,0,0,3,0
ANETTE,F,0,0,0,0,0,4,0
ANEYA,F,0,0,0,0,0,48,0
ANFISA,F,0,0,0,0,0,3,0
ANGELE,F,0,0,0,0,0,3,0
ANGELEE,F,0,0,0,0,0,10,0
ANGELEEN,F,0,0,0,0,0,9,0
ANGELENE,F,0,0,0,0,0,6,0
ANGEL-GRACE,F,0,0,0,0,0,9,0
ANGELI,F,0,0,0,0,0,31,0
ANGELIA,F,0,0,0,0,0,3,0
ANGELIC,F,0,0,0,0,0,3,0
ANGELICA-ROSE,F,0,0,0,0,0,3,0
ANGELIE,F,0,0,0,0,0,34,0
ANGELIN,F,0,0,0,0,0,4,0
ANGELISE,F,0,0,0,0,0,4,0
ANGEL-LEIGH,F,0,0,0,0,0,37,0
ANGEL-LOUISE,F,0,0,0,0,0,27,0
ANGEL-MAE,F,0,0,0,0,0,26,0
ANGEL-MAI,F,0,0,0,0,0,7,0
ANGEL-MARIE,F,0,0,0,0,0,32,0
ANGEL-MAY,F,0,0,0,0,0,29,0
ANGELPREET,F,0,0,0,0,0,7,0
ANGELUS,M,0,0,0,0,0,17,0
ANGELYN,F,0,0,0,0,0,3,0
ANGLIA,F,0,0,0,3,0,6,3
ANH,M,0,0,3,0,0,87,3
ANHAD,M,0,0,0,0,0,10,0
ANHAR,M,3,0,0,0,0,3,3
ANHAR,F,0,0,0,0,0,3,0
ANI,F,0,0,0,0,3,73,3
ANIAH,F,0,0,0,0,0,55,0
ANIESHA,F,0,3,0,0,0,3,3
ANIK,M,0,0,0,0,0,31,0
ANIKAH,F,0,0,3,3,0,13,6
ANIKET,M,0,0,0,0,0,33,0
ANILAH,F,0,0,0,3,0,3,3
ANINA,F,0,0,0,0,0,12,0
ANIQ,M,0,0,0,0,0,42,0
ANIQUE,F,0,0,0,0,0,7,0
ANIQUE,M,0,0,0,0,0,3,0
ANIR,M,0,0,0,0,0,3,0
ANIRUDDHA,M,0,0,0,0,0,4,0
ANIS,F,0,0,3,0,0,15,3
ANISHKA,F,0,0,0,0,0,57,0
ANISIA,F,0,0,0,0,0,22,0
ANISS,M,0,0,0,0,0,3,0
ANISUR,M,0,0,0,0,0,6,0
ANITHA,F,0,3,0,0,0,6,3
ANITRA,F,0,0,0,0,0,3,0
ANIV,M,0,0,0,0,0,3,0
ANIYAH,F,0,0,0,0,0,411,0
ANIYAH-ROSE,F,0,0,0,0,0,4,0
ANIZA,F,0,0,0,0,0,3,0
ANJALEE,F,0,0,3,3,0,27,6
ANJAY,M,0,0,0,0,0,4,0
ANJE,F,0,0,0,0,0,3,0
ANJELI,F,0,0,0,0,3,7,3
ANJELINA,F,0,0,0,0,0,4,0
ANJESA,F,0,0,0,0,0,3,0
ANJIKA,F,0,0,0,0,0,3,0
ANJLEE,F,3,0,0,0,0,3,3
ANJOLA,F,0,0,0,0,0,16,0
ANJOLAOLUWA,M,0,0,0,0,0,14,0
ANJU,F,0,0,0,0,0,5,0
ANKE,F,0,0,0,0,0,3,0
ANKUSH,M,0,0,0,3,3,18,6
ANNA-,F,0,0,0,0,0,3,0
ANNA-BELLA,F,0,0,0,0,0,8,0
ANNABELLA-ROSE,F,0,0,0,0,0,3,0
ANNABELLE-ROSE,F,0,0,0,0,0,20,0
ANNABEL-ROSE,F,0,0,0,0,0,3,0
ANNAH,F,0,3,3,0,0,29,6
ANNAIYA,F,0,0,0,0,0,3,0
ANNAIYAH,F,0,0,0,0,0,4,0
ANNAKAY,F,0,0,0,0,0,3,0
ANNALEASE,F,0,0,0,0,0,7,0
ANNALEECE,F,0,0,0,0,0,6,0
ANNALEESE,F,0,0,0,0,0,17,0
ANNALENA,F,0,0,0,0,0,3,0
ANNA-LENA,F,0,0,0,0,0,3,0
ANNA-LISA,F,0,0,3,0,0,3,3
ANNA-LISE,F,0,0,0,0,0,3,0
ANNALISSE,F,0,0,0,0,0,6,0
ANNA-LUCIA,F,0,0,0,0,0,11,0
ANNALYSE,F,0,0,6,0,0,25,6
ANNAMAE,F,0,0,0,0,0,11,0
ANNA-MAI,F,0,0,0,0,0,4,0
ANNAMAY,F,0,0,0,3,0,3,3
ANNAN,M,0,0,0,0,3,3,3
ANNANYA,F,0,0,0,0,0,3,0
ANNAROSE,F,0,0,0,0,0,3,0
ANNAS,M,0,3,0,0,0,49,3
ANNA-SOPHIA,F,0,0,0,0,0,29,0
ANNAYAH,F,0,0,0,0,0,51,0
ANNELI,F,0,3,0,0,0,36,3
ANNELIES,F,3,0,0,0,3,11,6
ANNELLE,F,0,0,0,0,0,3,0
ANNES,F,0,0,0,0,0,3,0
ANNESHA,F,0,0,0,0,0,3,0
ANNETTA,F,0,0,0,0,3,3,3
ANNIA,F,0,0,3,0,3,35,6
ANNIAH,F,0,0,0,0,0,4,0
ANNICA,F,0,0,0,0,0,3,0
ANNIE-GRACE,F,0,0,0,0,0,6,0
ANNIE-LOUISE,F,0,0,0,0,0,7,0
ANNIE-MAI,F,0,0,0,0,0,16,0
ANNIE-MARIE,F,0,0,0,0,0,3,0
ANNIE-RAE,F,0,0,0,0,0,6,0
ANNIJA,F,0,0,0,0,0,7,0
ANNISSA,F,3,0,3,0,0,12,6
ANNIYA,F,0,0,0,0,0,10,0
ANNMARIA,F,0,0,0,0,0,19,0
ANNMARY,F,0,0,0,0,0,13,0
ANNORA,F,0,0,0,0,0,8,0
ANNY,F,0,0,0,0,0,11,0
ANNYS,F,0,0,3,0,0,3,3
ANOJAN,M,0,0,0,0,0,3,0
ANOKH,M,0,0,0,0,0,3,0
ANOKHI,F,0,3,0,0,0,7,3
ANONA,F,0,3,0,0,0,3,3
ANOOP,F,0,0,0,0,3,13,3
ANOOSH,F,0,0,0,0,0,9,0
ANOOSHA,F,0,0,0,0,4,24,4
ANORA,F,0,0,0,0,0,6,0
ANOSHA,F,0,0,0,0,0,11,0
ANOTIDA,M,0,0,0,0,0,3,0
ANOTIDAISHE,M,0,0,0,0,0,9,0
ANOTIDASHE,M,0,0,0,0,0,3,0
ANOUAR,M,0,0,0,0,0,3,0
ANOUSCHKA,F,0,0,0,3,0,3,3
ANOUSH,M,0,0,0,0,0,3,0
ANOUSH,F,0,0,0,0,0,3,0
ANQI,F,0,0,0,0,0,3,0
ANRAJ,M,0,0,0,0,0,3,0
ANS,M,0,0,0,0,0,38,0
ANSAAR,M,0,0,0,0,0,3,0
ANSAH,F,0,0,0,0,0,3,0
ANSAM,F,0,0,0,0,0,3,0
ANSELM,M,0,0,0,0,0,12,0
ANSH,M,0,0,0,0,0,270,0
ANSHARAH,F,0,0,0,0,0,6,0
ANSHDEEP,M,0,0,0,0,0,3,0
ANSHI,F,0,0,0,0,0,11,0
ANSHIKA,F,0,0,0,0,0,49,0
ANSHITA,F,0,0,0,0,0,3,0
ANSHPREET,M,0,0,0,0,0,3,0
ANSHU,F,0,0,0,0,0,4,0
ANSHU,M,0,0,0,0,0,3,0
ANSHUL,M,0,0,0,0,0,16,0
ANSHVEER,M,0,0,0,0,0,4,0
ANTANAS,M,0,0,0,0,0,3,0
ANTARA,F,0,0,0,3,0,13,3
ANTHONY-JAMES,M,0,0,0,0,0,26,0
ANTHONY-JOHN,M,0,0,0,0,0,4,0
ANTHONY-JUNIOR,M,0,0,0,0,0,3,0
ANTIGONI,F,0,0,0,0,0,4,0
ANTONETTE,F,3,0,0,0,0,3,3
ANTONIA-MARIA,F,0,0,0,0,0,3,0
ANTONIE,M,0,0,0,0,0,3,0
ANTONIN,M,0,0,0,0,0,33,0
ANTONIOS,M,3,0,0,0,0,24,3
ANTONIS,M,0,0,0,0,0,15,0
ANTOSIA,F,0,0,0,0,0,3,0
ANTWAN,M,0,0,0,0,0,17,0
ANTWON,M,0,0,0,0,0,9,0
ANUAR,M,0,0,0,0,0,3,0
ANUJA,F,0,0,0,0,0,9,0
ANUJAN,M,0,0,0,0,0,3,0
ANUJIN,F,0,0,0,0,0,8,0
ANUKSHA,F,0,0,0,0,0,3,0
ANUOLUWA,F,0,0,0,0,0,22,0
ANUOLUWA,M,0,0,0,0,0,4,0
ANURAG,M,0,0,0,0,0,3,0
ANUREET,F,0,0,0,0,0,29,0
ANUSH,M,0,0,0,0,0,34,0
ANUSH,F,0,0,0,0,0,3,0
ANUSHAN,M,0,0,0,0,0,7,0
ANUSHREE,F,0,0,0,0,0,4,0
ANUSHRI,F,0,0,0,0,0,8,0
ANVAY,M,0,0,0,0,0,3,0
ANVIKA,F,0,0,0,0,0,14,0
ANVITA,F,0,0,0,0,0,29,0
ANVITHA,F,0,0,0,0,0,12,0
ANWAAR,M,0,0,0,0,0,8,0
ANWAR,F,3,0,0,0,0,3,3
ANWESHA,F,0,0,0,0,0,4,0
ANWITA,F,0,0,0,0,0,9,0
ANXHELA,F,0,0,3,0,3,9,6
ANYAH,F,3,0,0,0,0,35,3
ANYA-ROSE,F,0,0,0,0,0,9,0
ANYSHA,F,0,0,0,0,0,3,0
ANYSIA,F,0,0,0,0,0,6,0
ANYSSA,F,0,0,0,0,0,3,0
ANZA,F,0,0,0,0,0,3,0
ANZAL,F,0,0,0,0,0,7,0
ANZAR,M,0,3,0,0,0,23,3
ANZILA,F,0,0,0,0,0,3,0
AOIBHINN,F,0,0,0,0,0,32,0
AOIFE-ROSE,F,0,0,0,0,0,12,0
AOKI,F,0,0,0,0,0,4,0
AOLANI,F,0,0,0,0,3,3,3
AOUN,M,0,0,0,0,0,3,0
APARNA,F,0,0,0,0,0,24,0
APHINA,F,0,0,0,0,0,3,0
APHRODITE,F,0,0,0,0,0,6,0
APISAN,M,0,0,0,0,0,3,0
APISHA,F,0,0,0,0,0,3,0
APOLLINE,F,0,0,0,0,0,29,0
APOLLON,M,0,0,0,0,0,3,0
APPLE,F,0,0,0,0,0,10,0
APRIL-LOUISE,F,0,0,0,3,0,3,3
APRIL-ROSE,F,3,0,0,0,0,30,3
AQEIL,M,0,0,0,0,0,3,0
AQILAH,F,0,0,0,0,0,3,0
AQSAA,F,0,0,0,0,3,6,3
AQUA,F,0,0,0,0,0,3,0
AQUEELAH,F,0,0,0,0,0,5,0
AQUILA,F,0,0,0,0,0,8,0
ARA,M,0,0,0,0,0,52,0
ARA,F,0,0,0,0,0,30,0
ARABA,F,0,0,0,0,0,3,0
ARABEL,F,0,0,0,0,0,16,0
ARABELLA-GRACE,F,0,0,0,0,0,3,0
ARABELLA-ROSE,F,0,0,0,0,0,12,0
ARADHANA,F,0,0,0,0,0,15,0
ARADHYA,F,0,0,0,0,0,28,0
ARAF,M,0,0,0,0,0,19,0
ARAFA,F,0,0,0,0,0,6,0
ARAFAAT,M,0,0,0,0,0,3,0
ARAFAH,F,0,0,0,0,0,17,0
ARAFATH,M,0,0,0,0,0,28,0
ARAGORN,M,0,0,0,0,0,3,0
ARAIYA,F,0,0,0,0,0,10,0
ARAIZ,M,0,0,0,0,0,7,0
ARALIYA,F,0,0,0,0,0,3,0
ARAM,M,0,0,0,0,4,88,4
ARAMIDE,F,0,0,0,0,0,10,0
ARAMIS,M,0,0,0,0,0,11,0
ARANDIP,M,3,0,0,0,0,3,3
ARANI,F,0,0,0,0,0,3,0
ARANJIT,M,4,0,0,0,0,4,4
ARANN,M,0,0,0,0,0,9,0
ARANVEER,M,0,0,0,0,0,6,0
ARAOLUWA,F,0,0,0,0,0,11,0
ARAS,M,0,0,0,0,0,143,0
ARAV,M,0,0,0,0,0,148,0
ARAVIND,M,0,0,0,0,0,15,0
ARAYAH,F,0,0,0,0,0,34,0
ARAZ,M,0,0,0,0,0,19,0
ARBA,F,0,0,0,0,0,3,0
ARBAS,M,0,0,0,0,3,3,3
ARBELLA,F,0,0,0,0,0,3,0
ARBESA,F,0,0,0,0,4,4,4
ARBI,M,0,0,0,0,0,7,0
ARBRI,M,0,0,0,0,0,7,0
ARBY,M,0,0,0,0,0,3,0
ARCHEE,M,0,0,0,0,0,7,0
ARCHEY,M,0,0,0,0,0,24,0
ARCHI,M,0,0,0,0,0,29,0
ARCHIE-JAI,M,0,0,0,0,0,4,0
ARCHIE-JAY,M,0,0,0,0,0,21,0
ARCHIE-JOE,M,0,0,0,0,0,4,0
ARCHIE-JOHN,M,0,0,0,0,0,6,0
ARCHIE-LEIGH,M,0,0,0,0,0,3,0
ARCHIE-RAY,M,0,0,0,0,0,11,0
ARCHISHA,F,0,0,0,0,0,6,0
ARCHIT,M,0,0,0,0,3,20,3
ARCHITA,F,0,0,0,0,0,3,0
ARCHNA,F,0,0,3,0,0,3,3
ARCHY,M,0,0,0,0,3,137,3
ARDAN,M,0,0,0,0,0,9,0
ARDI,M,0,0,0,0,0,32,0
ARDIT,M,0,0,0,0,6,35,6
ARDITA,F,0,0,0,0,3,6,3
AREEBAH,F,0,0,0,0,0,204,0
AREECE,M,0,0,0,0,0,3,0
AREEF,M,0,0,0,0,0,3,0
AREEFA,F,0,0,0,0,0,9,0
AREEHA,F,0,0,0,0,0,3,0
AREEN,F,0,0,0,0,0,58,0
AREEN,M,0,0,0,0,0,27,0
AREENA,F,0,0,0,0,0,23,0
AREESA,F,0,0,0,0,0,22,0
AREESHA,F,0,0,0,0,0,224,0
AREEZ,M,0,0,0,0,0,37,0
AREEZA,F,0,0,0,0,0,3,0
AREL,M,0,0,0,0,0,18,0
ARELLA,F,0,0,0,0,0,20,0
ARENA,F,0,0,0,0,0,10,0
ARESHA,F,0,0,0,0,0,6,0
ARETAS,M,0,0,0,0,0,4,0
ARETHA,F,0,0,0,0,0,10,0
ARETI,F,0,0,0,0,0,4,0
AREYA,F,0,0,0,0,0,12,0
AREZ,M,0,0,0,0,0,17,0
ARFAH,F,0,0,0,0,0,23,0
ARFATH,M,0,0,0,0,0,3,0
ARFON,M,0,4,0,0,0,10,4
ARGJENT,M,0,0,0,0,0,4,0
ARHAA,F,0,0,0,0,0,3,0
ARHAAM,M,0,0,0,0,0,3,0
ARHAAN,M,0,0,0,0,0,66,0
ARHAN,M,0,0,0,0,0,20,0
ARI,F,0,0,0,0,0,4,0
ARIAANA,F,0,0,0,0,0,3,0
ARIADNA,F,0,0,0,0,0,46,0
ARIADNI,F,0,0,3,0,0,6,3
ARIAL,F,0,0,0,0,0,4,0
ARIAM,F,0,0,0,0,0,31,0
ARIA-MAE,F,0,0,0,0,0,4,0
ARIANAH,F,0,0,0,0,0,6,0
ARIANA-ROSE,F,0,0,0,0,0,3,0
ARIANNAH,F,0,0,0,0,0,4,0
ARIANNA-ROSE,F,0,0,0,0,0,3,0
ARIARNA,F,0,0,0,0,0,21,0
ARIA-ROSE,F,0,0,0,0,0,23,0
ARIAS,M,0,0,0,0,0,4,0
ARIB,M,0,0,0,0,0,23,0
ARIBELLA,F,0,0,0,0,0,3,0
ARIE,M,0,3,0,0,0,14,3
ARIEN,M,0,0,0,0,0,7,0
ARIEN,F,0,0,0,0,0,3,0
ARIENNA,F,0,0,0,0,0,3,0
ARIETA,F,0,0,0,0,0,3,0
ARIETTA,F,0,0,0,0,0,6,0
ARIFUR,M,0,0,0,0,0,3,0
ARIHAAN,M,0,0,0,0,0,3,0
ARIHANNA,F,0,0,0,0,0,3,0
ARIHANT,M,0,0,0,0,0,4,0
ARIJA,F,0,0,0,0,0,3,0
ARIJIELE,F,0,0,0,0,0,3,0
ARIJUS,M,0,0,0,0,0,81,0
ARIK,M,0,0,0,0,0,4,0
ARIKA,F,0,0,0,0,0,7,0
ARIN,F,0,0,0,0,0,46,0
ARINI,F,0,0,0,0,0,4,0
ARINOLA,F,0,0,0,0,0,3,0
ARINZE,M,0,0,0,0,0,20,0
ARINZECHUKWU,M,0,0,0,0,0,4,0
ARIO,M,0,0,0,0,0,16,0
ARIOLA,F,0,0,0,0,0,3,0
ARION,M,0,0,0,3,0,96,3
ARIONA,F,0,0,0,0,0,3,0
ARIOS,M,0,0,0,0,0,3,0
ARIQ,M,0,0,0,3,0,6,3
ARISA,F,0,3,0,0,3,86,6
ARISTOTELIS,M,0,0,0,0,0,6,0
ARITA,F,0,0,0,0,0,3,0
ARIUS,M,0,0,0,0,0,7,0
ARIV,M,0,0,0,0,0,6,0
ARIYA,M,0,0,0,0,0,9,0
ARIYAAN,M,0,0,0,0,0,6,0
ARIYAH,F,0,0,0,0,0,46,0
ARIYAH-ROSE,F,0,0,0,0,0,3,0
ARIYAN,M,0,0,0,0,0,194,0
ARIYANA,F,0,0,0,0,0,73,0
ARIZ,M,0,0,0,0,0,60,0
ARJAY,M,0,0,0,0,0,3,0
ARJEN,M,0,0,0,0,0,45,0
ARJIN,F,0,0,0,0,0,9,0
ARJON,M,0,0,0,0,0,6,0
ARJUNA,M,0,0,4,0,0,14,4
ARJUNAN,M,0,0,0,0,0,6,0
ARJUNVEER,M,0,0,0,0,0,9,0
ARKA,M,0,0,0,0,0,6,0
ARKADIUSZ,M,0,0,0,0,0,48,0
ARKADY,M,0,0,0,0,0,3,0
ARKAN,M,0,0,0,0,0,17,0
ARKIN,M,0,0,0,0,0,5,0
ARLANDRIA,F,0,0,0,0,0,5,0
ARLA-ROSE,F,0,0,0,0,0,3,0
ARLEIGH,M,0,0,0,0,0,3,0
ARLETTE,F,0,0,0,0,0,6,0
ARLEY,M,0,0,0,0,0,189,0
ARLEYA,F,0,0,0,0,0,3,0
ARLI,M,0,0,0,0,0,10,0
ARLIA,F,0,0,0,0,0,19,0
ARLIE,F,0,0,0,0,0,3,0
ARLO,F,0,0,0,0,0,3,0
ARLOW,M,0,0,0,0,0,23,0
ARLOWE,M,0,0,0,0,0,4,0
ARMAAN,F,0,0,0,0,0,3,0
ARMAANI,F,0,0,0,0,0,7,0
ARMANDA,F,0,0,0,0,0,12,0
ARMANDAS,M,0,0,0,0,0,170,0
ARMANDEEP,M,0,0,0,0,0,5,0
ARMANDS,M,0,0,0,0,0,10,0
ARMANIE,F,0,0,0,0,0,3,0
ARMANJ,M,0,0,0,0,0,3,0
ARMANN,M,0,0,0,0,0,3,0
ARMARNI,F,0,0,0,3,0,15,3
ARMARNI,M,0,0,0,0,0,6,0
ARMEEN,F,0,0,0,0,0,3,0
ARMEL,M,0,0,0,0,0,10,0
ARMELLE,F,0,0,0,0,0,3,0
ARMEND,M,0,0,0,0,0,9,0
ARMINA,F,0,0,0,0,0,28,0
ARMINAS,M,0,0,0,0,0,70,0
ARMITA,F,0,0,0,0,0,10,0
ARMON,M,4,0,0,0,0,4,4
ARNA,F,0,0,0,0,0,22,0
ARNAS,M,0,0,0,0,0,149,0
ARNELA,F,0,0,0,0,0,4,0
ARNEZ,M,0,0,0,0,0,6,0
ARNI,M,0,0,0,0,0,9,0
ARNICA,F,0,0,0,0,0,6,0
ARNIKA,F,0,0,0,0,0,4,0
ARNIS,M,0,0,0,0,0,6,0
ARNISA,F,0,0,0,0,0,9,0
ARNIT,M,0,0,0,0,0,3,0
ARNOLDAS,M,0,0,0,0,0,4,0
AROHA,F,0,0,0,0,0,9,0
AROHI,F,0,0,0,0,0,10,0
AROLD,M,0,0,0,0,0,3,0
ARONAS,M,0,0,0,0,0,159,0
ARONDEEP,M,0,0,4,0,0,4,4
AROOBA,F,0,0,0,0,0,6,0
AROOSH,F,0,0,0,0,0,91,0
AROOSH,M,0,0,0,0,0,4,0
AROOSHA,F,0,0,0,0,0,3,0
ARORA,F,0,0,0,0,0,3,0
AROS,M,0,0,0,0,0,13,0
AROZ,M,0,0,0,0,0,6,0
ARPAN,M,0,0,0,0,0,18,0
ARPAN,F,0,0,0,0,0,4,0
ARPIT,M,0,0,0,0,0,6,0
ARPITA,F,0,0,3,0,0,16,3
ARQAM,M,0,0,0,0,0,9,0
ARRIA,F,0,0,0,0,0,5,0
ARRIANA,F,0,0,0,0,0,13,0
ARRIANNA,F,0,0,0,0,0,9,0
ARRISON,M,0,0,0,0,0,3,0
ARRON-JUNIOR,M,0,0,0,0,0,3,0
ARSAL,M,0,0,0,0,0,18,0
ARSEMA,F,0,0,0,0,0,38,0
ARSEN,M,0,0,0,0,0,16,0
ARSENE,M,0,0,0,0,0,4,0
ARSENIJ,M,0,0,0,0,0,3,0
ARSENIY,M,0,0,0,0,0,7,0
ARSH,M,0,0,0,0,0,92,0
ARSH,F,0,0,0,0,0,6,0
ARSHA,F,0,0,0,0,0,4,0
ARSHAAN,M,0,0,0,0,0,9,0
ARSHAN,M,0,0,0,0,0,49,0
ARSHDEEP,M,0,0,0,0,4,34,4
ARSHDEEP,F,0,0,0,0,0,3,0
ARSHEEN,F,0,0,0,0,0,3,0
ARSHI,F,0,0,0,0,0,28,0
ARSHIA,F,0,0,0,0,0,85,0
ARSHIA,M,0,0,0,0,0,36,0
ARSHIDA,F,0,0,0,0,0,3,0
ARSHIYA,F,0,0,0,0,0,65,0
ARSHMAN,M,0,0,0,0,0,20,0
ARSHPREET,F,0,0,0,0,0,39,0
ARSHVEER,M,0,0,0,0,0,4,0
ARTA,F,0,0,0,0,3,29,3
ARTA,M,0,0,0,0,0,3,0
ARTAN,M,0,0,0,0,0,15,0
ARTEMAS,M,0,0,0,0,0,3,0
ARTEMIJS,M,0,0,0,0,0,4,0
ARTEMIS,M,0,0,0,0,0,8,0
ARTEMISIA,F,0,0,0,0,0,4,0
ARTEMIY,M,0,0,0,0,0,3,0
ARTEMY,M,0,0,0,0,0,4,0
ARTH,M,0,0,0,0,0,4,0
ARTHAV,M,0,0,0,0,0,3,0
ARTHI,F,0,0,0,0,0,3,0
ARTHUR-GEORGE,M,0,0,0,0,0,3,0
ARTHUR-JAMES,M,0,0,0,0,0,14,0
ARTHUR-JOHN,M,0,0,0,0,0,4,0
ARTI,M,0,0,0,0,0,4,0
ARTIN,M,0,0,0,0,0,127,0
ARTINA,F,0,0,0,0,0,4,0
ARTIOLA,F,0,0,0,0,0,4,0
ARTIOM,M,0,0,0,0,0,33,0
ARTIS,M,0,0,0,0,0,12,0
ARTJOM,M,0,0,0,0,0,30,0
ARTJOMS,M,0,0,0,0,0,32,0
ARTO,M,0,0,0,0,0,5,0
ARTURAS,M,0,0,0,0,0,10,0
ARTURS,M,0,0,0,0,0,63,0
ARTYOM,M,0,0,0,0,0,14,0
ARUBAH,F,0,0,0,0,0,3,0
ARUJ,F,0,0,0,0,0,6,0
ARUJAN,M,0,0,0,0,0,3,0
ARUL,M,0,0,0,0,0,3,0
ARUNA,F,0,0,3,0,3,28,6
ARUNA,M,0,0,0,0,0,3,0
ARUNAS,M,0,0,0,0,0,4,0
ARUNJIT,M,0,0,3,0,0,3,3
ARUNVEER,M,0,0,0,0,3,12,3
ARUNVIR,M,0,0,0,0,3,6,3
ARUSH,M,0,0,0,0,0,64,0
ARUSHA,F,0,0,0,0,0,7,0
ARUSHAN,M,0,0,0,0,0,11,0
ARUSHI,F,0,0,0,0,0,84,0
ARVAN,M,0,0,0,0,0,3,0
ARVI,M,0,0,0,0,0,5,0
ARVID,M,0,0,0,0,0,6,0
ARWAA,F,0,0,0,0,0,45,0
ARWAH,F,0,0,0,0,0,6,0
ARWAND,M,0,0,0,0,0,6,0
ARWENNA,F,0,0,0,0,0,3,0
ARWIN,M,0,0,0,0,0,17,0
ARYAAN,M,0,0,0,3,0,243,3
ARYAHI,F,0,0,0,0,0,3,0
ARYAM,F,0,0,0,0,0,23,0
ARYANA,F,0,0,4,0,0,175,4
ARYANNA,F,0,0,0,0,0,57,0
ARYAV,M,0,0,0,0,0,20,0
ARYAVEER,M,0,0,0,0,0,6,0
ARYAZ,M,0,0,0,0,0,3,0
ARYE,M,0,0,0,0,0,3,0
ARYIA,F,0,0,0,0,0,4,0
ARYN,M,0,0,0,0,0,3,0
ARYO,M,0,0,0,0,0,16,0
ARZAAN,M,0,0,0,0,0,3,0
ARZHIN,M,0,0,0,0,0,3,0
ARZO,F,0,0,0,0,0,10,0
ASA,F,0,0,0,0,0,6,0
ASAAD,M,0,0,0,0,0,6,0
AS'AD,M,0,0,0,0,0,6,0
ASADULLAH,M,0,0,0,0,3,33,3
ASAF,M,0,0,0,0,4,10,4
ASAIAH,M,0,0,0,0,0,5,0
ASAL,F,0,0,0,0,0,31,0
ASAN,M,0,3,0,0,0,6,3
ASANTE,M,0,0,0,0,0,17,0
ASANTE,F,0,0,0,0,0,10,0
ASAPH,M,0,0,0,0,0,14,0
ASAR,M,0,0,0,0,0,3,0
ASARU,M,0,0,0,0,0,3,0
ASBAH,F,0,0,0,0,0,21,0
ASEDA,M,0,0,0,0,0,3,0
ASEEB,M,0,3,0,0,0,6,3
ASEEL,M,3,0,3,0,0,19,6
ASEEL,F,0,0,0,0,0,166,0
ASEEM,M,3,0,0,0,0,13,3
ASEES,F,0,0,0,0,0,37,0
ASEL,F,0,0,0,0,0,6,0
ASENAT,F,0,0,0,0,0,4,0
ASENATH,F,0,0,0,0,0,7,0
ASER,M,0,0,0,0,0,12,0
ASFIYA,F,0,0,0,0,0,3,0
ASGER,M,0,0,0,0,0,3,0
ASHAAN,M,0,0,3,0,0,13,3
ASHAI,M,0,0,0,0,0,3,0
ASHALINA,F,0,0,0,0,0,42,0
ASHAN,M,3,0,0,3,0,56,6
ASHANA,F,0,0,0,0,0,24,0
ASHANI,F,0,0,4,0,0,46,4
ASHANTA,F,0,0,0,0,0,4,0
ASHANTAE,F,0,0,0,0,0,7,0
ASHANTAY,F,0,0,0,0,0,13,0
ASHANTE,F,3,0,3,0,0,41,6
ASHANTIA,F,0,0,0,0,0,4,0
ASHANTI-LEIGH,F,0,0,0,0,0,3,0
ASHARN,M,0,0,0,3,0,6,3
ASHARNA,F,0,0,0,0,0,6,0
ASHAY,M,0,0,0,0,0,3,0
ASHAYA,F,0,0,0,0,0,9,0
ASHAYLA,F,0,0,0,0,0,3,0
ASHAZ,M,0,0,0,0,0,92,0
ASHBIE,F,0,0,0,0,0,3,0
ASHDEEP,F,0,0,0,0,0,6,0
ASHDEN,M,0,0,0,0,0,132,0
ASHEKA,F,0,0,6,0,0,6,6
ASHI,F,0,0,0,0,0,3,0
ASHIK,M,0,0,0,0,0,6,0
ASHIM,M,0,0,0,0,0,3,0
ASHIRA,F,0,0,0,0,3,48,3
ASHITA,F,0,0,0,0,0,3,0
ASHIYA,F,0,0,0,0,0,7,0
ASHKAN,M,3,0,0,0,0,34,3
ASHLAN,M,0,0,0,0,0,3,0
ASHLEI,F,0,0,0,0,0,12,0
ASH-LEIGH,F,0,0,0,0,0,3,0
ASHLEIGH-ANN,F,0,0,0,0,0,6,0
ASHLEIGH-ANNE,F,0,0,0,0,0,3,0
ASHLEIGH-MAY,F,0,0,0,0,0,4,0
ASHLEIGH-PAIGE,F,4,0,0,0,0,4,4
ASHLEIGH-ROSE,F,0,0,0,0,0,6,0
ASHLEY-JAMES,M,0,0,0,0,0,7,0
ASHLEY-JUNIOR,M,0,0,0,0,0,7,0
ASHLEYNE,F,0,0,0,0,0,3,0
ASHLIEGH,F,0,0,0,0,0,7,0
ASHLY,F,0,0,0,0,0,6,0
ASHLYNNE,F,0,0,0,0,0,10,0
ASHMAAN,M,0,0,0,0,0,3,0
ASHMEET,F,0,0,0,0,0,26,0
ASHMEET,M,0,0,0,0,0,7,0
ASHMI,F,0,0,0,0,0,16,0
ASHMIT,M,0,0,0,0,0,8,0
ASHMITA,F,0,0,0,0,0,10,0
ASHMITHA,F,0,0,0,0,0,3,0
ASHON,M,0,0,0,0,0,7,0
ASHPREET,F,0,0,0,0,0,28,0
ASHRIEL,F,0,0,0,0,0,3,0
ASHTEN,M,0,0,0,0,0,4,0
ASHTEN,F,0,0,0,0,0,3,0
ASHTON-JAMES,M,0,0,0,0,0,41,0
ASHTON-JAY,M,0,0,0,0,0,12,0
ASHTON-LEE,M,0,0,0,0,0,66,0
ASHTON-THOMAS,M,0,0,0,0,0,3,0
ASHTYN,F,0,0,0,0,0,6,0
ASHTYN,M,0,0,0,0,0,3,0
ASHVATH,M,0,0,0,0,0,6,0
ASHVEEN,M,0,0,0,0,0,3,0
ASHVEER,M,0,0,0,0,0,31,0
ASHVI,F,0,0,0,0,0,3,0
ASHVIKA,F,0,0,0,0,0,23,0
ASHVINA,F,0,0,0,0,0,3,0
ASHVINI,F,3,0,0,0,0,33,3
ASHVIR,M,0,0,0,0,0,3,0
ASHWAQ,F,0,0,0,0,0,15,0
ASHWATH,M,0,0,0,0,0,7,0
ASHWIKA,F,0,0,0,0,0,7,0
ASHWINA,F,0,0,0,0,0,12,0
ASHWYN,M,0,0,0,3,0,17,3
ASIAH,F,0,3,0,0,0,36,3
ASIA'H,F,0,0,0,0,0,5,0
ASID,M,3,0,0,0,0,3,3
ASIER,M,0,0,0,0,0,3,0
ASIFA,F,4,0,0,0,0,14,4
ASIL,M,0,0,0,0,0,24,0
ASIL,F,0,0,0,0,0,4,0
ASILA,F,0,0,0,0,0,7,0
ASIMINA,F,0,0,0,0,0,3,0
ASIN,F,0,0,0,0,0,4,0
ASIR,M,0,0,0,0,0,6,0
ASIYE,F,0,0,0,0,0,6,0
ASJAD,M,0,0,0,0,0,14,0
ASMARA,F,0,0,3,0,0,26,3
ASMIN,F,0,0,0,0,0,75,0
ASMITA,F,0,0,4,0,0,28,4
ASMITHA,F,0,0,0,0,0,20,0
ASNA,F,0,0,0,0,0,17,0
ASPEN,M,0,0,0,0,6,20,6
ASRAA,F,0,0,0,0,0,3,0
ASRAF,M,3,0,0,0,0,3,3
ASSEM,M,0,0,0,0,0,7,0
ASSIATOU,F,0,0,0,0,0,3,0
ASSISI,F,0,0,0,0,3,3,3
ASSIYA,F,0,0,0,0,0,6,0
ASSIYAH,F,0,0,0,0,0,3,0
ASSMA,F,0,0,0,0,0,3,0
ASSUMPTA,F,0,0,4,0,0,4,4
ASSUNTA,F,0,0,0,0,0,3,0
ASTA,F,0,0,0,0,0,18,0
ASTALA,F,0,0,0,0,0,4,0
ASTEN,F,0,0,0,0,3,3,3
ASTERA,F,0,0,0,0,0,10,0
ASTHA,F,0,0,0,0,0,7,0
ASTIJUS,M,0,0,0,0,0,3,0
ASTON-JAMES,M,0,0,0,0,0,9,0
ASTON-JAY,M,0,0,0,0,0,7,0
ASTON-LEE,M,0,0,0,0,0,12,0
ASTYN,M,0,0,0,0,0,5,0
ASVIN,M,0,0,0,0,0,12,0
ASWINI,F,0,0,0,0,0,6,0
ATA,M,0,0,0,0,4,87,4
ATAKAN,M,0,0,0,0,0,21,0
ATAL,M,0,0,0,0,0,26,0
ATALIAH,F,0,0,0,0,0,3,0
ATANAS,M,0,0,0,0,0,6,0
ATARA,F,0,0,0,0,0,23,0
ATARAH,F,0,0,0,0,0,31,0
ATAS,M,0,0,0,0,0,8,0
ATEEB,M,0,4,0,0,0,30,4
ATEEQA,F,0,0,3,0,0,10,3
ATENA,F,0,0,0,0,0,3,0
ATES,M,0,0,0,0,0,17,0
ATHALIA,F,0,0,0,0,0,25,0
ATHALIE,F,0,0,0,0,0,3,0
ATHAN,M,0,0,0,0,0,34,0
ATHANASIA,F,0,0,0,0,0,3,0
ATHARV,M,0,0,0,0,0,75,0
ATHARVA,M,0,0,0,0,0,58,0
ATHAVAN,M,0,0,0,0,0,11,0
ATHIRA,F,0,0,0,0,0,3,0
ATHIYA,F,0,0,0,0,0,3,0
ATHUL,M,0,0,0,0,0,3,0
ATHULYA,F,0,0,0,0,0,3,0
ATIAH,F,0,0,0,0,3,3,3
ATIFAH,F,0,0,0,0,0,11,0
ATIKSH,M,0,0,0,0,0,7,0
ATINA,F,0,0,0,0,0,3,0
ATINUKE,F,0,3,0,0,3,35,6
ATIQ,M,0,0,0,0,0,3,0
ATIQA,F,0,0,0,0,0,25,0
ATIYYA,F,0,0,3,0,0,3,3
ATO,M,0,0,0,4,0,4,4
ATQIYA,F,0,0,0,0,0,4,0
ATRINA,F,0,0,0,0,0,4,0
ATSUSHI,M,0,3,0,0,0,3,3
ATTA,M,0,0,0,0,0,12,0
ATTIA,F,0,0,3,0,0,10,3
ATTICA,F,0,0,0,0,0,3,0
ATTIF,M,3,0,0,0,0,3,3
AUBERON,M,5,0,0,0,0,22,5
AUBIN,M,0,0,0,0,0,9,0
AUBREE-ROSE,F,0,0,0,0,0,3,0
AUBREY-ROSE,F,0,0,0,0,0,3,0
AUDE,F,0,0,0,0,0,3,0
AUDEN,F,0,0,0,0,0,3,0
AUDIE,M,0,3,0,0,0,6,3
AUDRA,F,0,0,0,0,0,10,0
AUDREE,F,0,0,0,0,0,3,0
AUDRINA,F,0,0,0,0,0,17,0
AUGUSTE,M,0,0,0,0,0,10,0
AUGUSTINA,F,0,0,0,0,0,7,0
AUGUSTINAS,M,0,0,0,0,0,3,0
AUGUSTO,M,0,0,0,0,0,3,0
AUKSE,F,0,0,0,0,0,36,0
AULON,M,0,0,0,4,0,4,4
AULONA,F,0,0,0,0,0,10,0
AUM,M,0,0,0,0,0,90,0
AUN,M,0,0,0,0,0,22,0
AURALIA,F,0,0,0,0,0,4,0
AURAYA,F,0,0,0,0,0,12,0
AUREA,F,0,0,0,0,0,6,0
AUREJA,F,0,0,0,0,0,19,0
AURELA,F,0,0,0,0,0,17,0
AURELIEN,M,0,0,0,0,0,28,0
AURELIJA,F,0,0,0,0,0,3,0
AURELIUS,M,0,0,0,0,0,23,0
AURI,F,0,0,0,0,0,3,0
AURIOL,F,3,0,0,0,0,3,3
AURORA-MAE,F,0,0,0,0,0,3,0
AURORA-MAY,F,0,0,0,0,0,3,0
AURORA-ROSE,F,0,0,0,0,0,22,0
AURYN,M,0,3,0,3,0,51,6
AUSAR,M,0,0,0,0,0,3,0
AUSTEJA,F,0,0,0,0,0,194,0
AUSTINE,F,0,0,0,0,0,3,0
AUSTIN-JAMES,M,0,0,0,0,0,10,0
AUTUM,F,0,0,0,0,0,13,0
AUTUMN-GRACE,F,0,0,0,0,0,3,0
AUTUMN-LILY,F,0,0,0,0,0,16,0
AUTUMN-ROSE,F,0,0,0,0,0,92,0
AUTUMN-WILLOW,F,0,0,0,0,0,3,0
AUZAIR,M,0,0,0,3,0,9,3
AVA-,F,0,0,0,0,0,21,0
AVAANI,F,0,0,3,0,0,115,3
AVA-ANN,F,0,0,0,0,0,3,0
AVA-BELLE,F,0,0,0,0,0,9,0
AVA-BLU,F,0,0,0,0,0,3,0
AVA-ELIZABETH,F,0,0,0,0,0,7,0
AVA-FAITH,F,0,0,0,0,0,7,0
AVAH,F,0,0,0,0,0,183,0
AVAH-ROSE,F,0,0,0,0,0,4,0
AVAIAH,F,0,0,0,0,0,3,0
AVAIYA,F,0,0,0,0,0,4,0
AVAIYAH,F,0,0,0,0,0,3,0
AVA-JADE,F,0,0,0,0,0,17,0
AVA-JAI,F,0,0,0,0,0,6,0
AVA-JANE,F,0,0,0,0,0,40,0
AVA-JAYNE,F,0,0,0,0,0,20,0
AVA-JEAN,F,0,0,0,0,0,3,0
AVA-JO,F,0,0,0,0,0,3,0
AVA-LEA,F,0,0,0,0,0,7,0
AVALEE,F,0,0,0,0,0,4,0
AVA-LEE,F,0,0,0,0,0,8,0
AVA-LEI,F,0,0,0,0,0,3,0
AVALEIGH,F,0,0,0,0,0,15,0
AVA-LILLIE,F,0,0,0,0,0,14,0
AVA-LILLY,F,0,0,0,0,0,66,0
AVA-LILY,F,0,0,0,0,0,127,0
AVALINE,F,0,0,0,0,0,8,0
AVA-LOUISE,F,0,0,0,0,0,104,0
AVALYN,F,0,0,0,0,0,36,0
AVA-MAE,F,0,0,0,0,0,476,0
AVA-MAI,F,0,0,0,0,0,180,0
AVA-MARIA,F,0,0,0,0,0,3,0
AVA-MARIE,F,0,0,0,0,0,155,0
AVA-MAY,F,0,0,0,0,0,193,0
AVAN,M,0,0,0,0,0,7,0
AVAN,F,0,0,0,0,0,6,0
AVANA,F,0,0,0,0,0,8,0
AVANEESH,M,0,0,0,0,0,20,0
AVA-NICOLE,F,0,0,0,0,0,10,0
AVANISH,M,0,0,0,0,0,9,0
AVANNAH,F,0,0,0,0,0,3,0
AVANTHIKA,F,0,0,0,0,0,5,0
AVANTIKA,F,0,0,0,0,0,35,0
AVAR,M,0,0,0,0,0,4,0
AVA-RAE,F,0,0,0,0,0,83,0
AVA-RAI,F,0,0,0,0,0,3,0
AVARNI,F,0,0,0,0,0,16,0
AVAROSE,F,0,0,0,0,0,3,0
AVA-ROSE,F,0,0,0,0,0,702,0
AVA-RUBY,F,0,0,0,0,0,3,0
AVA-SKYE,F,0,0,0,0,0,3,0
AVA-SOPHIA,F,0,0,0,0,0,12,0
AVA-VIOLET,F,0,0,0,0,0,3,0
AVAYA,F,0,0,0,0,0,47,0
AVAYAH,F,0,0,0,0,0,26,0
AVEAH,F,0,0,0,0,0,5,0
AVEEN,F,0,0,4,0,0,19,4
AVEER,M,0,0,0,0,0,42,0
AVELINA,F,0,0,0,0,0,3,0
AVELINE,F,0,0,0,0,0,36,0
AVELYN,F,0,0,0,0,0,15,0
AVEN,M,0,0,0,0,0,16,0
AVEN,F,0,0,0,0,0,8,0
AVENA,F,0,0,0,0,0,3,0
AVERIE,F,0,0,0,0,0,28,0
AVESTA,F,0,0,0,0,0,12,0
AVEY,F,0,0,0,0,0,3,0
AVI,F,0,0,0,0,0,3,0
AVIA,F,0,0,0,0,0,46,0
AVIAH,F,0,0,0,0,0,10,0
AVIANA,F,0,0,0,0,0,38,0
AVIANNA,F,0,0,0,0,0,15,0
AVIDAN,M,0,0,0,0,0,7,0
AVIELA,F,0,0,0,0,0,3,0
AVIGDOR,M,0,0,0,0,0,14,0
AVIGHNA,M,0,0,0,0,0,3,0
AVIJOT,M,0,0,0,0,0,6,0
AVIK,M,0,0,0,0,0,30,0
AVIKA,F,0,0,0,0,0,19,0
AVIN,M,0,0,0,0,0,12,0
AVIN,F,0,0,0,0,0,12,0
AVINA,F,0,0,0,0,0,23,0
AVINAASH,M,0,0,0,0,0,5,0
AVIRAJ,M,0,0,0,0,0,28,0
AVIRAL,M,0,0,0,0,0,5,0
AVISH,M,0,0,0,0,0,3,0
AVISHA,F,3,0,0,0,0,6,3
AVISHAI,M,0,0,0,0,0,12,0
AVISHI,F,0,0,0,0,0,3,0
AVIV,M,0,0,0,0,0,6,0
AVIV,F,0,0,0,0,0,3,0
AVIYA,F,0,0,0,0,0,11,0
AVLEEN,F,0,0,0,0,0,126,0
AVNEE,F,0,0,0,0,0,3,0
AVNEET,M,0,0,3,0,0,15,3
AVNER,M,0,0,0,0,0,7,0
AVNISH,M,0,0,0,0,3,11,3
AVNISH,F,0,0,0,3,0,3,3
AVNOOR,F,0,0,0,0,0,13,0
AVRAJ,M,0,0,0,0,0,24,0
AVREET,F,0,0,0,0,0,14,0
AVROHAM,M,0,0,0,0,0,3,0
AVRUM,M,0,0,0,0,0,3,0
AVRUMI,M,0,0,0,0,0,7,0
AVTAR,M,3,0,0,0,3,15,6
AVY,F,0,0,0,0,0,11,0
AVYA,F,0,0,0,0,0,4,0
AVYAAN,M,0,0,0,0,0,11,0
AVYAN,M,0,0,0,0,0,21,0
AVYANNA,F,0,0,0,0,0,3,0
AVYUKT,M,0,0,0,0,0,27,0
AVYUKTH,M,0,0,0,0,0,6,0
AWA,F,0,0,0,0,3,154,3
AWAAB,M,0,0,0,0,0,6,0
AWAB,M,0,0,0,0,0,68,0
AWAD,M,0,0,0,0,0,18,0
AWATIF,F,0,0,0,0,0,3,0
AWENA,F,0,0,0,0,0,4,0
AWIN,F,0,0,0,0,0,7,0
AWS,M,0,0,0,0,0,15,0
AWSTIN,M,0,0,0,0,0,5,0
AWWAB,M,0,0,0,0,0,7,0
AWWAL,M,0,0,0,0,0,11,0
AXELLE,F,0,0,0,3,3,19,6
AYAA,F,0,0,0,0,0,11,0
AYAAN,M,0,0,0,0,0,4342,0
AYAANA,F,0,0,0,0,0,201,0
AYAANAH,F,0,0,0,0,0,3,0
AYAANSH,M,0,0,0,0,0,13,0
AYAAT,F,0,0,0,0,0,118,0
AYAAT,M,0,0,0,0,0,6,0
AYAAZ,M,0,0,0,0,3,38,3
AYAD,M,0,0,0,0,0,22,0
AYAKA,F,0,3,3,0,0,23,6
AYANAH,F,0,0,0,0,0,31,0
AYANDA,F,0,0,0,0,0,46,0
AYANDA,M,0,0,0,0,0,9,0
AYANE,F,0,0,0,0,0,11,0
AYANFEOLUWA,M,0,0,0,0,0,4,0
AYANNAH,F,0,0,0,0,0,3,0
AYANO,F,0,0,0,0,0,3,0
AYANSH,M,0,0,0,0,0,16,0
AYAT,M,0,0,0,0,0,4,0
AYATH,F,0,0,0,0,0,4,0
AYCA,F,0,0,0,0,0,9,0
AYCAN,F,0,0,0,0,0,6,0
AYCE,M,0,0,0,0,0,3,0
AYDA,F,0,0,0,5,0,328,5
AYDA-GRACE,F,0,0,0,0,0,3,0
AYDA-ROSE,F,0,0,0,0,0,3,0
AYDENN,M,0,0,0,0,0,3,0
AYDN,M,0,0,0,0,0,3,0
AYDON,M,3,0,0,0,0,38,3
AYE,F,0,0,0,0,0,4,0
AYEASHA,F,0,3,0,0,0,3,3
AYELA,F,0,0,0,0,0,13,0
AYESH,F,0,0,0,0,0,4,0
AYET,F,0,0,0,0,0,3,0
AYEZA,F,0,0,0,0,0,96,0
AYHAM,M,0,0,0,0,0,82,0
AYHAN,M,3,3,0,0,0,33,6
AYHEM,M,0,0,0,0,0,3,0
AYIA,F,0,0,0,0,0,6,0
AYIANA,F,0,0,0,0,0,10,0
AYISHAH,F,0,0,0,0,0,39,0
AYKUT,M,0,3,0,0,0,3,3
AYLA-GRACE,F,0,0,0,0,0,5,0
AYLAH,F,0,0,0,0,0,76,0
AYLA-JADE,F,0,0,0,0,0,3,0
AYLA-LOUISE,F,0,0,0,0,0,6,0
AYLA-MAE,F,0,0,0,0,0,11,0
AYLA-MAI,F,0,0,0,0,0,3,0
AYLA-MAY,F,0,0,0,0,0,15,0
AYLAN,M,0,0,0,0,0,12,0
AYLAR,F,0,0,0,0,0,11,0
AYLA-RAE,F,0,0,0,0,0,3,0
AYLA-ROSE,F,0,0,0,0,0,23,0
AYLEEN,F,0,0,0,0,0,11,0
AYLESHA,F,0,0,0,0,0,6,0
AYLINE,F,0,0,0,0,0,3,0
AYMA,F,0,0,0,0,0,12,0
AYMAAN,M,0,0,0,0,0,54,0
AYMARA,F,0,0,0,0,0,3,0
AYMEE,F,0,0,0,0,0,13,0
AYMEN,F,0,0,0,0,0,33,0
AYMERIC,M,0,0,0,0,0,3,0
AYMIE,F,0,0,0,0,0,3,0
AYMIRA,F,0,0,0,0,0,3,0
AYNA,F,0,0,0,0,0,3,0
AYNI,F,0,0,0,0,0,6,0
AYNUR,F,0,0,0,0,0,7,0
AYO,M,0,0,0,0,0,9,0
AYOBAMI,F,3,0,0,0,0,17,3
AYOKUNLE,M,5,0,0,0,0,23,5
AYOKUNMI,M,0,0,0,0,0,7,0
AYOKUNMI,F,0,0,0,0,0,6,0
AYOMIPO,M,0,0,0,0,0,4,0
AYOMIPOSI,M,0,0,0,0,0,7,0
AYOMIPOSI,F,0,0,0,0,0,7,0
AYON,M,0,0,0,0,0,3,0
AYONA,F,0,0,0,0,0,3,0
AYONITEMI,M,0,0,0,0,0,3,0
AYOOB,M,0,6,0,0,0,31,6
AYOOLA,F,0,0,3,0,0,6,3
AYOOLUWA,M,0,0,3,0,0,25,3
AYOOLUWA,F,0,0,0,0,0,10,0
AYOTOMIWA,M,0,0,0,0,0,4,0
AYRAH,F,0,0,0,0,0,28,0
AYRAN,M,3,0,0,0,0,3,3
AYSA,F,0,3,0,0,0,9,3
AYSEGUL,F,0,0,3,0,0,25,3
AYSEM,F,0,0,0,0,0,3,0
AYSER,M,0,0,0,0,0,3,0
AYSHAH,F,0,0,0,4,0,128,4
AYSHEA,F,3,3,0,0,0,6,6
AYSU,F,0,0,0,0,0,30,0
AYTEN,F,0,0,3,0,3,6,6
AYUSHMA,F,0,0,0,0,0,6,0
AYUUB,M,0,0,0,0,3,163,3
AYVA,F,0,0,0,0,0,319,0
AYVAH,F,0,0,0,0,0,30,0
AYVA-MAE,F,0,0,0,0,0,3,0
AYVA-ROSE,F,0,0,0,0,0,3,0
AYYAAN,M,0,0,0,0,0,3,0
AYYAN,M,0,0,0,0,0,209,0
AYYASH,M,0,0,0,0,0,3,0
AYYAT,F,0,0,0,0,0,3,0
AYYOUB,M,0,0,0,0,3,9,3
AYZAH,F,0,0,0,0,0,34,0
AZAELIA,F,0,0,0,0,0,6,0
AZAHLIA,F,0,0,0,0,0,3,0
AZAI,M,0,0,0,0,0,7,0
AZAIAH,M,0,0,0,0,0,23,0
AZAL,F,0,0,0,0,0,3,0
AZALIA,F,0,0,0,0,0,18,0
AZALIAH,F,0,0,0,0,0,7,0
AZAN,M,0,0,3,0,3,179,6
AZANIA,F,0,0,0,0,0,4,0
AZARI,M,0,0,0,0,0,7,0
AZARIAH,F,0,0,0,5,0,106,5
AZAT,M,0,0,0,0,0,3,0
AZEALIA,F,0,0,0,0,0,3,0
AZEEMA,F,0,3,0,0,0,6,3
AZEEMAH,F,0,0,3,0,0,6,3
AZEEN,F,0,0,0,0,0,3,0
AZEEZAH,F,0,0,0,0,0,8,0
AZEEZAT,F,0,0,0,0,3,13,3
AZFAR,M,0,0,0,0,3,3,3
AZHAAN,M,0,0,0,0,0,9,0
AZHAAR,F,0,0,0,0,0,6,0
AZHAR,F,0,0,0,3,0,3,3
AZIB,M,0,3,0,0,0,3,3
AZIMA,F,4,0,0,0,0,24,4
AZITA,F,0,0,0,0,0,3,0
AZIYAH,M,0,0,0,0,0,3,0
AZIZE,F,0,0,0,0,0,3,0
AZKA,F,4,0,0,0,0,89,4
AZLAAN,M,0,0,0,0,0,36,0
AZMA,F,0,0,0,0,0,8,0
AZMAT,M,0,3,0,0,0,11,3
AZMEENA,F,3,0,0,0,0,3,3
AZMEER,M,0,0,0,0,0,3,0
AZRAF,M,0,0,0,0,0,3,0
AZRAH,F,0,0,0,0,0,9,0
AZRIEL,F,0,0,0,0,0,3,0
AZUOLAS,M,0,0,0,0,0,17,0
AZURA,F,0,0,0,0,6,34,6
AZWA,F,0,0,0,0,0,6,0
AZZA,F,0,0,0,0,0,3,0
AZZAH,F,0,0,0,0,0,4,0
AZZAM,M,0,0,0,0,0,23,0
AZZURRA,F,0,0,0,0,0,13,0
BAABA,F,0,0,0,0,0,3,0
BAANI,F,0,0,0,0,0,14,0
BAASIT,M,0,3,0,0,0,3,3
BABA,M,0,0,0,0,0,3,0
BABAFEMI,M,0,0,0,0,0,3,0
BABAN,M,0,0,0,0,0,3,0
BABER,M,3,0,0,0,0,3,3
BABETTE,F,0,0,0,0,0,4,0
BABUCARR,M,0,0,0,0,0,3,0
BADAL,M,0,0,0,0,0,3,0
BADAR,M,0,0,0,0,4,16,4
BADE,F,0,0,0,0,0,4,0
BADRIYA,F,0,0,0,0,0,4,0
BAE,M,0,0,0,0,0,3,0
BAE,F,0,0,0,0,0,3,0
BAFFOUR,M,0,0,0,0,0,6,0
BAHADAR,M,0,0,0,0,0,3,0
BAHAND,M,0,0,0,0,0,3,0
BAHARA,F,0,0,0,0,0,16,0
BAHEER,M,0,0,0,0,0,4,0
BAHEZ,M,0,0,0,0,0,4,0
BAHISHT,F,0,0,0,0,0,3,0
BAHJA,F,0,0,0,3,0,42,3
BAHOZ,M,0,0,0,0,0,3,0
BAI,M,0,0,0,0,0,21,0
BAIDEN,M,0,0,0,0,0,3,0
BAILEA,F,0,0,0,0,0,12,0
BAILEY-ANNE,F,0,0,0,0,0,3,0
BAILEY-JAY,M,0,0,0,0,0,40,0
BAILEY-JOE,M,0,0,0,0,0,3,0
BAILEY-LEE,M,0,0,0,0,0,16,0
BAILEY-MAE,F,0,0,0,0,0,16,0
BAILEY-MAI,F,0,0,0,0,0,9,0
BAILEY-MAY,F,0,0,0,0,0,15,0
BAILEY-RAE,F,0,0,0,0,0,63,0
BAILEY-RAE,M,0,0,0,0,0,17,0
BAILEY-RAY,M,0,0,0,0,0,20,0
BAILEY-ROSE,F,0,0,0,0,0,10,0
BAILIN,M,0,0,0,0,0,4,0
BAILY,F,0,0,0,0,0,3,0
BAKARI,M,0,0,0,0,0,6,0
BAKARY,M,0,0,0,0,0,23,0
BAKER,M,0,0,0,0,0,19,0
BAKHTIYAR,M,0,3,0,0,0,3,3
BAKIR,M,0,3,0,0,0,3,3
BAKO,M,0,0,0,0,0,3,0
BAKR,M,0,0,0,0,4,4,4
BALAAL,M,0,3,0,0,0,3,3
BALAJI,M,0,0,0,0,0,3,0
BALAZS,M,0,0,0,0,0,28,0
BALBIR,M,0,0,3,0,0,3,3
BALE,M,0,0,0,0,0,4,0
BALEN,M,0,0,0,0,0,11,0
BALIAN,M,0,0,0,0,0,10,0
BALINT,M,0,0,0,0,0,17,0
BALJEET,F,0,0,3,0,0,3,3
BALJINDER,F,4,0,0,0,0,4,4
BALJIT,F,4,0,0,0,0,10,4
BALJIT,M,0,0,0,0,0,3,0
BALJOT,M,0,0,0,0,0,3,0
BALLAL,M,3,0,0,3,0,6,6
BALPREET,F,3,0,0,0,0,9,3
BALQEES,F,0,0,0,0,0,4,0
BALRAM,M,0,4,0,0,0,4,4
BALROOP,M,0,0,0,0,0,3,0
BALSAM,F,0,0,0,0,0,3,0
BALTEJ,M,0,0,0,0,0,4,0
BALVEER,M,0,0,0,0,0,6,0
BAM,M,0,0,0,0,0,7,0
BANAN,F,0,0,0,0,0,3,0
BANE,M,0,0,0,0,0,11,0
BANEEN,F,0,0,0,0,0,8,0
BANEET,F,0,0,0,0,0,6,0
BANI,F,0,0,0,0,0,20,0
BANSARI,F,0,0,0,0,0,3,0
BANSI,F,0,0,3,0,0,6,3
BANSRI,F,3,0,0,0,0,3,3
BANUJAN,M,0,0,0,0,0,3,0
BAO,M,0,0,0,0,0,20,0
BAO,F,0,0,0,0,0,13,0
BAQIR,M,0,0,0,0,0,6,0
BARAA,M,0,0,0,0,0,13,0
BARAA,F,0,0,0,0,0,7,0
BARAKAH,F,0,0,0,0,0,21,0
BARAKAT,F,0,0,0,0,0,10,0
BARBORA,F,0,0,0,0,0,55,0
BARCLEY,M,0,0,0,0,0,6,0
BAREEN,F,0,0,0,0,0,6,0
BAREERA,F,0,0,3,0,3,48,6
BAREERAH,F,0,0,0,0,0,69,0
BAREZ,M,0,0,0,0,0,3,0
BARIMA,M,0,0,0,0,0,3,0
BARIN,F,0,0,0,0,0,27,0
BARIRA,F,0,0,0,0,0,3,0
BARIRAH,F,0,0,0,0,0,19,0
BARNES,M,0,0,0,0,0,14,0
BARTLOMIEJ,M,0,0,0,0,0,213,0
BARTON,M,3,0,3,0,0,6,6
BARTOSZ,M,0,0,0,0,0,706,0
BARUCH,M,0,0,0,0,0,17,0
BARUN,M,0,0,0,0,0,3,0
BARZAN,M,0,0,0,0,0,6,0
BASAK,F,0,0,0,0,0,10,0
BASEM,M,0,0,0,0,0,3,0
BASHAR,M,0,0,0,0,0,28,0
BASMAH,F,0,0,0,0,0,14,0
BASMALA,F,0,0,0,0,0,18,0
BASRA,F,0,0,0,0,0,3,0
BASSIM,M,0,0,0,0,0,3,0
BATOUL,F,0,0,0,0,0,14,0
BATUHAN,M,0,0,0,0,5,68,5
BATUL,F,0,0,0,3,0,17,3
BATYA,F,0,0,0,0,0,32,0
BAVISHA,F,0,0,0,0,0,3,0
BAVITA,F,4,0,0,0,0,4,4
BAVLEEN,F,0,0,0,0,0,3,0
BAVNEET,F,0,0,0,0,0,3,0
BAWAN,M,0,0,0,0,0,69,0
BAWAR,M,0,0,0,0,0,4,0
BAWER,M,0,0,0,0,0,4,0
BAY,M,0,0,0,0,0,90,0
BAYA,F,0,3,0,0,0,17,3
BAYDEN,M,0,0,0,0,0,44,0
BAYE,F,0,0,0,0,0,15,0
BAYE,M,0,0,0,0,0,4,0
BAYLEA,F,0,0,0,0,6,14,6
BAYLEIGH-MAE,F,0,0,0,0,0,4,0
BAYLEN,M,0,0,0,0,0,11,0
BAYRAM,M,0,3,0,0,0,16,3
BEATRISA,F,0,0,0,0,0,3,0
BEAUDEN,M,0,0,0,0,0,25,0
BEAU-LILY,F,0,0,0,0,0,4,0
BECKS,M,0,0,0,0,0,3,0
BEDIRHAN,M,0,0,0,0,0,27,0
BEDRAN,M,0,0,0,0,0,3,0
BEE,F,0,0,0,0,0,19,0
BEENISH,F,0,0,3,0,0,6,3
BEGW,F,0,0,0,0,0,22,0
BEHESHTA,F,0,0,0,0,0,10,0
BEHRAM,M,0,0,0,0,0,6,0
BEHZAD,M,0,0,0,0,0,17,0
BEILA,F,0,0,0,0,0,3,0
BEILY,F,0,0,0,0,0,3,0
BEJNA,F,0,0,0,0,0,9,0
BEKI,F,3,0,0,0,0,3,3
BEKIM,M,0,0,0,0,3,3,3
BELA,M,0,0,0,0,0,9,0
B'ELANNA,F,0,0,0,0,0,3,0
BELEN,F,0,3,3,0,0,16,6
BELIEVE,M,0,0,0,0,0,3,0
BELINAY,F,0,0,0,0,0,40,0
BELLA-ANN,F,0,0,0,0,0,3,0
BELLA-BEAU,F,0,0,0,0,0,7,0
BELLA-GRACE,F,0,0,0,0,0,19,0
BELLA-JADE,F,0,0,0,0,0,3,0
BELLA-LOUISE,F,0,0,0,0,0,44,0
BELLA-MAI,F,0,0,0,0,0,44,0
BELLA-MARIA,F,0,0,0,0,0,3,0
BELLA-MARIE,F,0,0,0,0,0,37,0
BELLANGE,F,0,0,0,0,0,3,0
BELLA-RAE,F,0,0,0,0,0,47,0
BELLA-RENEE,F,0,0,0,0,0,3,0
BELLAROSE,F,0,0,0,0,0,4,0
BELLA-ROSE,F,0,0,0,0,0,450,0
BENAIAH,M,0,0,3,0,0,53,3
BENARD,M,0,0,0,0,0,7,0
BENAZIR,F,0,0,0,0,0,3,0
BENDE,M,0,0,0,0,0,3,0
BENDEGUZ,M,0,0,0,0,0,5,0
BENEAMIN,M,0,0,0,0,0,7,0
BENEDEK,M,0,0,0,0,0,24,0
BENEDETTA,F,0,0,0,0,0,3,0
BENEDICT,F,0,0,0,0,0,6,0
BENHUR,M,0,0,0,0,0,3,0
BENIAH,M,0,0,0,0,0,3,0
BENIAMIN,M,0,0,0,0,0,106,0
BENJAMIM,M,0,0,0,0,0,6,0
BENJAMINE,M,0,0,0,0,0,6,0
BENJAMIN-JAMES,M,0,0,0,0,0,4,0
BENJIMIN,M,0,0,0,0,0,9,0
BENJY,M,0,0,0,0,0,18,0
BENTE,F,0,0,0,0,0,3,0
BENTLEE,M,0,0,0,0,0,3,0
BENTLY,M,0,0,0,0,0,4,0
BENYAMEEN,M,0,0,0,0,0,6,0
BENZION,M,0,0,0,3,0,7,3
BERAT,M,0,0,0,0,0,163,0
BERAY,F,0,0,0,0,0,3,0
BERCEM,F,0,0,0,0,0,3,0
BERDAN,M,0,0,0,3,0,47,3
BERENIKA,F,0,0,0,0,0,3,0
BERES,M,0,0,0,0,0,3,0
BERHAN,M,0,0,0,0,0,3,0
BERI,F,0,0,0,0,0,3,0
BERIL,F,0,0,0,0,0,14,0
BERIN,F,0,0,0,0,0,3,0
BERITAN,F,0,0,0,0,0,17,0
BERKIN,M,0,0,0,0,0,16,0
BERNA,F,3,0,3,0,0,6,6
BERRIN,F,0,0,0,0,0,3,0
BERZAN,M,0,0,0,0,0,29,0
BESIAN,M,0,0,0,0,0,4,0
BESIANA,F,0,0,0,0,0,3,0
BESTE,F,0,0,0,0,0,3,0
BETANIA,F,0,0,0,0,0,23,0
BETHANY-,F,0,0,0,0,0,3,0
BETHANY-MAI,F,0,0,0,0,0,3,0
BETHANY-MARIE,F,0,0,0,0,0,3,0
BETHANY-MAY,F,0,0,0,0,0,6,0
BETHANY-PAIGE,F,0,0,0,0,0,3,0
BETHINN,F,0,0,3,0,0,3,3
BETIM,M,0,0,3,0,0,3,3
BETSI,F,0,0,0,0,0,92,0
BETSY-BLU,F,0,0,0,0,0,3,0
BETSY-BO,F,0,0,0,0,0,3,0
BETSY-LOU,F,0,0,0,0,0,3,0
BETSY-MAE,F,0,0,0,0,0,15,0
BETSY-MAY,F,0,0,0,0,0,3,0
BETSY-RAE,F,0,0,0,0,0,8,0
BETSY-ROSE,F,0,0,0,0,0,14,0
BETTE,F,0,0,0,0,0,10,0
BETTY-LOU,F,0,0,0,0,0,4,0
BETTY-MAY,F,0,0,0,0,0,3,0
BETTY-ROSE,F,0,0,0,0,0,3,0
BETUEL,M,0,0,0,0,0,3,0
BETZALEL,M,0,0,0,0,0,12,0
BEVIN,F,0,0,0,0,0,5,0
BEVIN,M,0,0,0,0,0,4,0
BEXLEY,F,0,0,0,0,0,3,0
BEYLA,F,0,0,0,0,0,4,0
BEYONCE,F,0,0,0,0,0,113,0
BEYZA,F,0,0,3,0,0,103,3
BEYZANUR,F,0,0,0,0,0,3,0
BEZALEL,M,0,0,0,0,0,6,0
BEZAWIT,F,0,0,0,0,0,6,0
BHADRA,F,0,0,0,0,0,3,0
BHAIRAVI,F,0,0,3,0,0,3,3
BHARATH,M,0,0,0,0,0,3,0
BHARGAV,M,0,0,0,0,3,17,3
BHARGAVI,F,0,0,0,0,0,6,0
BHAVAN,M,0,3,0,0,0,7,3
BHAVAN,F,0,0,0,0,0,3,0
BHAVANA,F,0,0,0,0,0,3,0
BHAVANDEEP,M,0,3,0,0,3,6,6
BHAVDEEP,M,0,0,0,0,0,3,0
BHAVEN,M,0,0,0,0,0,3,0
BHAVI,F,0,0,0,0,0,4,0
BHAVISH,M,0,0,0,0,0,3,0
BHAVISHYA,F,0,0,0,0,0,3,0
BHAVJOT,M,0,0,0,0,0,3,0
BHAVNA,F,3,0,0,0,0,12,3
BHAVNEET,F,0,3,0,0,3,38,6
BHAVYA,F,0,0,0,0,0,59,0
BHAVYA,M,0,0,0,0,0,51,0
BHOOMI,F,0,0,0,0,0,14,0
BHUVAN,M,0,0,0,0,0,4,0
BHUVI,F,0,0,0,0,0,3,0
BIAGIO,M,0,0,0,0,0,3,0
BIANCA-MARIA,F,0,0,0,0,0,3,0
BIBIANA,F,0,0,0,0,0,31,0
BIDDY,F,0,0,0,0,0,3,0
BIJAN,M,0,3,0,0,0,9,3
BIJOU,F,0,0,0,0,0,11,0
BIKRAM,M,0,0,3,0,0,6,3
BIKRAMJIT,M,0,3,0,0,0,3,3
BILAN,F,3,0,0,0,3,41,6
BILAWAL,M,0,0,0,0,0,11,0
BILGE,F,0,0,0,0,0,4,0
BILLI,M,0,0,0,0,0,9,0
BILLIE-,F,0,0,0,0,0,3,0
BILLIE-ANN,F,0,0,3,0,0,6,3
BILLIE-ANNE,F,0,0,0,0,3,3,3
BILLIE-JANE,F,0,0,3,0,0,3,3
BILLIE-JOE,M,0,0,0,0,0,8,0
BILLIE-LEIGH,F,0,0,0,0,0,8,0
BILLIE-LOUISE,F,0,0,0,0,0,3,0
BILLIE-MAE,F,0,0,4,0,0,42,4
BILLIE-MAI,F,0,0,0,0,0,13,0
BILLIE-MARIE,F,3,0,0,0,0,9,3
BILLYBOB,M,0,0,0,0,0,3,0
BILLY-DEAN,M,0,0,0,3,0,12,3
BILLY-GEORGE,M,0,0,0,0,0,3,0
BILLY-JAY,M,0,0,0,0,0,36,0
BILLY-JOHN,M,0,0,0,0,0,3,0
BILLYLEE,M,0,0,0,0,0,3,0
BILLYRAY,M,0,0,0,0,0,3,0
BILQEES,F,0,0,0,0,0,13,0
BILQIS,F,0,0,0,0,0,33,0
BINA,F,0,0,0,0,0,11,0
BINAL,F,0,3,0,0,0,3,3
BINDI,F,0,0,0,0,0,4,0
BING,F,0,0,0,0,0,7,0
BING,M,0,0,0,0,0,3,0
BINIAM,M,0,0,0,0,0,3,0
BINKY,F,0,0,0,0,0,15,0
BINYAMEEN,M,0,0,0,0,3,53,3
BIPASHA,F,0,0,3,0,0,6,3
BIRRAH,F,0,0,0,0,0,3,0
BISHAN,M,0,0,0,0,0,4,0
BISOLA,F,0,0,0,0,0,6,0
BITA,F,0,0,0,0,0,3,0
BITANIA,F,0,0,0,0,0,9,0
BIVON,M,0,0,0,0,0,3,0
BLADEN,M,0,0,0,0,5,31,5
BLAIDD,M,0,0,0,0,0,3,0
BLAIKE,M,0,0,0,0,0,4,0
BLAKELEY,M,0,0,0,0,0,4,0
BLAKELY,M,0,0,0,0,0,39,0
BLAYDEN,M,0,0,0,0,0,3,0
BLAYKE,M,0,0,0,0,0,26,0
BLAYN,M,0,0,0,0,0,3,0
BLAYZE,F,3,0,0,0,0,3,3
BLAYZE,M,0,0,0,0,0,32,0
BLAZEJ,M,0,0,0,0,0,84,0
BLEN,F,0,0,0,0,0,7,0
BLEND,M,0,0,0,0,0,10,0
BLENDA,F,0,0,0,0,0,3,0
BLENDI,M,0,0,0,0,0,3,0
BLERIM,M,0,0,0,0,3,3,3
BLERON,M,0,0,0,0,3,7,3
BLERTON,M,0,0,0,0,0,7,0
BLIMA,F,0,0,0,0,0,30,0
BLIMI,F,0,0,0,0,0,72,0
BLIN,M,0,0,0,0,0,3,0
BLINA,F,0,0,0,0,0,3,0
BLOUSEY,F,0,0,0,0,0,3,0
BLOUSIE,F,0,0,0,0,0,3,0
BLUBELLE,F,0,0,0,0,0,7,0
BLU-BELLE,F,0,0,0,0,0,3,0
BLYSS,F,0,0,0,0,0,3,0
BOADICEA,F,0,0,0,0,0,8,0
BOBBI,M,0,0,0,0,0,130,0
BOBBIE-JADE,F,3,0,0,0,0,3,3
BOBBIE-LEE,M,0,0,0,0,0,3,0
BOBBIE-MAE,F,0,0,0,0,0,10,0
BOBBIE-ROSE,F,0,0,0,0,0,4,0
BOBBI-LEIGH,F,0,0,0,0,0,10,0
BOBBI-LOU,F,0,0,0,0,0,3,0
BOBBI-MAE,F,0,0,0,0,0,6,0
BOBBI-MARIE,F,0,0,0,0,0,3,0
BOBBI-ROSE,F,0,0,0,0,0,8,0
BOBBY-DEAN,M,0,0,0,0,0,3,0
BOBBY-GEORGE,M,0,0,0,0,0,11,0
BOBBY-JACK,M,0,0,0,0,0,36,0
BOBBY-JAI,M,0,0,0,0,0,8,0
BOBBY-JAMES,M,0,0,0,0,0,34,0
BOBBY-JAY,M,0,0,0,0,0,22,0
BOBBY-JO,F,0,0,0,3,0,9,3
BOBBYJOE,M,0,0,0,0,0,3,0
BOBBY-JOHN,M,0,0,0,0,0,5,0
BOBBY-LEE,M,0,0,0,0,0,133,0
BOBBY-RAY,M,0,0,0,0,0,34,0
BOBI,M,0,0,0,0,0,42,0
BODIE,F,0,0,0,0,0,4,0
BOGLARKA,F,0,0,0,0,0,6,0
BOHAN,M,0,0,0,0,0,12,0
BOHEN,M,0,0,0,0,0,3,0
BOJIDAR,M,0,0,0,0,0,4,0
BOLUWATIFE,M,4,0,0,0,0,98,4
BOLUWATIFE,F,0,0,4,0,0,96,4
BON,M,0,0,0,0,0,15,0
BONNI,F,0,0,0,0,0,19,0
BONNIE-BLU,F,0,0,0,0,0,3,0
BONNIE-BLUE,F,0,0,0,0,0,10,0
BONNIE-LEIGH,F,0,0,0,0,0,21,0
BONNIE-LOU,F,0,0,0,0,0,12,0
BONNIE-LOUISE,F,0,0,0,0,0,6,0
BONNIE-MAE,F,0,0,0,0,0,32,0
BONNIE-MAI,F,0,0,0,0,0,3,0
BONNIE-MARIE,F,0,0,0,0,0,7,0
BONNIE-MAY,F,0,0,0,0,0,28,0
BONNIE-RAE,F,0,0,0,0,0,19,0
BONNIE-ROSE,F,0,0,0,0,0,28,0
BORA,M,0,0,0,0,0,31,0
BORA,F,0,0,0,0,0,14,0
BORAN,M,0,0,0,0,0,78,0
BORIL,M,0,0,0,0,0,3,0
BORISLAV,M,0,0,0,0,0,16,0
BORYS,M,0,0,0,0,0,240,0
BOSHRA,F,0,0,0,0,0,3,0
BOTAN,M,0,0,0,0,0,22,0
BOTOND,M,0,0,0,0,0,26,0
BOUCHRA,F,0,0,0,0,0,10,0
BOUDICCA,F,0,0,0,0,0,10,0
BOUX,F,0,0,0,0,0,11,0
BOW,F,0,0,0,0,0,131,0
BOW,M,0,0,0,0,0,8,0
BOWDEN,M,0,0,0,0,0,3,0
BOWE,F,0,0,0,0,0,6,0
BOWE,M,0,0,0,0,0,4,0
BOWIE,F,0,0,0,0,0,10,0
BOYAN,M,0,0,0,0,0,19,0
BOZENA,F,0,0,0,0,4,4,4
BOZHIDARA,F,0,0,0,0,0,4,0
BRADEY,M,0,0,0,0,0,3,0
BRADLEY-JAMES,M,0,0,0,0,0,8,0
BRADLEY-JOHN,M,0,0,0,0,0,4,0
BRADYN,M,0,0,0,0,0,12,0
BRAE,F,0,0,0,0,0,3,0
BRAEDAN,M,0,0,0,0,0,19,0
BRAEDEN,M,0,0,0,0,4,133,4
BRAEDYN,M,0,0,0,0,0,14,0
BRAELYN,M,0,0,0,0,0,3,0
BRAELYN,F,0,0,0,0,0,3,0
BRAHIM,M,0,0,0,0,0,3,0
BRAIAN,M,0,0,0,0,0,3,0
BRAIDAN,M,0,0,0,0,0,7,0
BRAIDEN-LEE,M,0,0,0,0,0,3,0
BRAIDON,M,0,0,0,0,0,38,0
BRAIDY,M,0,0,3,0,0,25,3
BRAIDY,F,0,0,0,0,0,3,0
BRAIENS,M,0,0,0,0,0,8,0
BRAITH,M,0,0,0,0,0,3,0
BRAJAN,M,0,0,0,0,0,54,0
BRAJEN,M,0,0,0,0,0,3,0
BRAMLEY,M,0,0,0,0,0,5,0
BRANDEN-LEE,M,0,0,0,0,0,8,0
BRANDON-JAMES,M,0,0,0,0,0,10,0
BRANDON-LEIGH,M,0,0,0,0,0,6,0
BRANON,M,0,0,0,0,0,3,0
BRANSON,M,0,0,0,0,0,3,0
BRAULIO,M,0,0,0,0,0,3,0
BRAXSON,M,0,0,0,0,0,3,0
BRAXSTON,M,0,0,0,0,0,3,0
BRAY,F,0,0,0,0,0,3,0
BRAYAN,M,0,0,0,0,0,79,0
BRAYDEN-LEE,M,0,0,0,0,0,11,0
BRAYDN,M,0,0,0,0,0,16,0
BRAYEN,M,0,0,0,0,0,9,0
BRAYLAN,M,0,0,0,0,0,3,0
BRAYLEIGH,F,0,0,0,0,0,3,0
BRAYLEN,M,0,0,0,0,0,11,0
BRAYLIN,M,0,0,0,0,0,5,0
BRAYLON,M,0,0,0,0,0,12,0
BRAYSON,M,0,0,0,0,0,3,0
BREAGH,F,0,0,0,0,0,3,0
BRECKIN,M,0,0,0,0,0,3,0
BREEANNA,F,0,0,0,0,0,14,0
BREEYA,F,0,0,0,0,0,7,0
BREEZE,M,0,0,0,0,0,3,0
BREINDEL,F,0,0,0,0,0,3,0
BREINDY,F,0,0,0,0,0,16,0
BRENTLEY,M,0,0,0,0,0,3,0
BRESHNA,F,0,0,0,0,0,3,0
BREYA,F,0,0,0,0,0,10,0
BREYANA,F,0,0,0,0,0,3,0
BREYANNA,F,0,0,0,0,0,3,0
BREYDON,M,0,0,0,0,0,3,0
BRIALLEN,F,0,0,0,0,0,3,0
BRIANIE,F,0,0,0,0,0,3,0
BRIANNA-LEIGH,F,0,0,0,0,0,3,0
BRIANY,F,0,0,0,0,0,12,0
BRIAR-ROSE,F,0,0,0,0,0,14,0
BRIDE,F,0,3,0,0,0,6,3
BRIDIE-LEIGH,F,0,0,0,0,0,4,0
BRIELLA,F,0,0,0,0,0,33,0
BRIER,F,0,0,0,0,0,5,0
BRIHANNA,F,0,0,0,0,0,41,0
BRIJESH,M,0,0,0,0,0,10,0
BRILEY,M,0,0,0,0,0,23,0
BRILEY,F,0,0,0,0,0,10,0
BRIN,M,0,0,0,0,0,3,0
BRINDA,F,0,0,0,0,0,3,0
BRINLEY,F,0,0,0,0,0,3,0
BRISEIS,F,0,0,0,0,0,5,0
BRISHNA,F,0,0,0,0,0,3,0
BRISHTI,F,0,0,0,0,0,3,0
BRITANIA,F,0,0,0,0,0,10,0
BRITANNI,F,0,0,3,0,0,3,3
BRITENY,F,0,0,0,3,0,6,3
BRITHANY,F,0,0,0,0,0,3,0
BRODEE,F,0,0,0,0,0,6,0
BRODEY,F,0,0,0,0,0,3,0
BRODIE-LEE,M,0,0,0,0,0,14,0
BRODY-LEE,M,0,0,0,0,0,22,0
BROGAN-LEE,M,0,0,0,0,0,4,0
BROGUN,M,0,0,0,0,0,3,0
BROMLEY,F,0,0,0,0,0,3,0
BRONTIE,F,0,0,0,0,0,6,0
BROOKE-AMELIA,F,0,0,0,0,0,3,0
BROOKE-ELISE,F,0,0,0,0,0,3,0
BROOKE-LEA,F,0,0,0,0,0,3,0
BROOKE-LEIGH,F,0,0,0,0,0,35,0
BROOKE-LOUISE,F,0,0,0,0,0,21,0
BROOKELYN,F,0,0,0,0,3,14,3
BROOKE-LYN,F,0,0,0,0,0,4,0
BROOKE-LYNN,F,0,0,0,0,0,3,0
BROOKE-MARIE,F,0,0,0,0,0,15,0
BROOKE-ROSE,F,0,0,0,0,0,3,0
BROOKLAN,M,0,0,0,0,0,3,0
BROOKLYN-LEE,M,0,0,0,0,0,3,0
BROOKLYN-MAI,F,0,0,0,0,0,3,0
BROOKLYNNE,F,0,0,0,0,0,12,0
BROOKLYN-ROSE,F,0,0,0,0,0,3,0
BROOKS,M,0,0,0,0,0,10,0
BRUK,M,0,0,0,0,0,8,0
BRUNELLA,F,0,0,0,0,0,3,0
BRYANY,F,6,0,0,0,0,19,6
BRYCE,F,0,0,0,0,0,11,0
BRYDON,M,0,0,0,0,0,15,0
BRYLEE,F,0,0,0,0,0,10,0
BRYLEIGH,F,0,0,0,0,0,6,0
BRYNA,F,0,0,0,0,0,3,0
BRYNLEE,M,0,0,0,0,0,4,0
BUCKLEY,M,0,0,0,0,0,8,0
BUDDIE,M,0,0,0,0,0,9,0
BUDDUG,F,0,3,0,0,3,12,6
BUKHARI,M,0,0,0,0,0,10,0
BULUT,M,0,0,0,0,0,7,0
BUNTY,F,0,0,0,0,0,3,0
BUPE,F,0,0,0,0,0,3,0
BURCIN,F,0,0,0,0,0,3,0
BURHAAN,M,0,0,0,0,0,23,0
BURHANUDDIN,M,0,0,3,0,0,55,3
BURTON,M,0,0,0,0,0,11,0
BUSBY,M,0,0,0,0,0,10,0
BUSHRAA,F,0,0,0,0,0,9,0
BUSHRAH,F,0,0,0,0,0,10,0
BYREN,M,0,0,0,0,0,3,0
C,M,0,0,0,0,0,45,0
CACEY,F,0,0,0,0,0,32,0
CADANCE,F,0,0,0,0,0,7,0
CADE,F,0,0,0,0,0,3,0
CADEE,F,0,0,0,0,0,34,0
CADEL,M,0,0,0,0,0,17,0
CADEN,F,0,0,0,0,0,19,0
CADEN-JAMES,M,0,0,0,0,0,3,0
CADEN-LEE,M,0,0,0,0,0,3,0
CADHLA,F,0,0,0,0,0,9,0
CADIE-LEIGH,F,0,0,0,0,0,8,0
CADI-MAI,F,0,0,0,0,0,3,0
CADON,M,0,0,0,0,0,6,0
CADYN,M,0,0,0,0,0,14,0
CAE,M,0,0,0,0,0,3,0
CAEDAN,M,0,0,0,0,0,13,0
CAEDMON,M,0,0,0,0,0,4,0
CAEDYN,M,0,0,0,0,0,3,0
CAELA,F,0,0,0,0,0,7,0
CAELAB,M,0,0,0,0,0,3,0
CAELI,F,0,0,0,0,0,3,0
CAELYN,F,0,0,0,0,0,41,0
CAETANO,M,0,0,0,0,0,4,0
CAGAN,M,0,0,0,0,0,26,0
CAGDAS,M,3,0,0,0,0,9,3
CAHAL,M,0,3,3,0,0,9,6
CAHILL,M,0,0,0,0,0,4,0
CAI,F,3,0,0,0,0,15,3
CAIA,F,0,0,0,3,0,70,3
CAIAN,M,0,0,0,0,0,62,0
CAID,M,0,0,0,0,0,7,0
CAIDE,M,0,0,0,0,0,4,0
CAIDENCE,F,0,0,0,0,0,13,0
CAIDEN-JAMES,M,0,0,0,0,0,3,0
CAIDEN-LEE,M,0,0,0,0,0,10,0
CAIDON,M,0,0,0,0,0,26,0
CAILA,F,0,0,0,0,0,20,0
CAILIN,M,0,0,0,0,0,3,0
CAIRON,M,0,0,0,0,5,126,5
CAISHA,F,0,0,0,0,0,5,0
CAISON,M,0,0,0,0,0,22,0
CAITIE,F,0,0,0,0,0,9,0
CAITLIN-JO,F,0,0,0,0,0,3,0
CAITLIN-MAE,F,0,0,0,0,0,4,0
CAITLIN-MARIE,F,0,0,0,0,0,3,0
CAITLIN-ROSE,F,0,0,0,0,0,22,0
CAITLYN-ROSE,F,0,0,0,0,0,3,0
CAIYA,F,0,0,0,0,0,3,0
CALEB-JAMES,M,0,0,0,0,0,9,0
CALEESI,F,0,0,0,0,0,4,0
CALI,M,0,0,0,0,0,4,0
CALIA,F,0,0,0,0,0,9,0
CALIANA,F,0,0,0,0,0,3,0
CALICO,F,0,0,0,0,0,3,0
CALIN,M,0,0,0,0,0,39,0
CALINA,F,0,0,0,0,0,3,0
CALISSA,F,0,0,0,0,0,9,0
CALIX,M,0,0,0,0,0,8,0
CALIXTE,M,0,0,0,0,0,3,0
CALLIA,F,0,0,0,0,0,45,0
CALLIE-MAE,F,0,0,0,0,0,14,0
CALLIE-MAI,F,0,0,0,0,0,6,0
CALLIE-MAY,F,0,0,0,0,0,9,0
CALLIE-RAE,F,0,0,0,0,0,3,0
CALLIE-ROSE,F,0,0,0,0,0,11,0
CALLIUM,M,0,0,0,0,0,3,0
CALLON,M,0,0,3,0,0,3,3
CALLUM-JAMES,M,0,0,0,0,0,42,0
CALLUM-JAY,M,0,0,0,0,0,11,0
CALLUM-JOHN,M,0,0,0,0,0,7,0
CALLY,M,0,0,0,0,6,6,6
CALOGERO,M,0,3,0,0,0,9,3
CALON,M,0,0,0,0,0,15,0
CALVERT,M,0,0,0,0,0,3,0
CALVYN,M,0,0,0,0,0,3,0
CALYB,M,0,0,0,0,0,3,0
CAMARAN,M,0,0,0,0,0,3,0
CAMARI,M,0,0,0,0,0,8,0
CAMDEN,F,0,0,0,0,0,3,0
CAMEREN,M,0,0,0,4,0,19,4
CAMEREN,F,0,0,0,0,0,3,0
CAMERON-JAY,M,0,0,0,0,0,7,0
CAMERON-LEE,M,0,0,0,0,0,31,0
CAMI-LEIGH,F,0,0,0,0,0,3,0
CAMI-LI,F,0,0,0,0,0,5,0
CAMILLE,M,0,0,0,0,3,18,3
CAMILO,M,0,0,0,0,3,60,3
CAMRYN,M,0,0,0,0,0,11,0
CANAN,F,0,0,6,0,0,9,6
CANDEECE,F,0,0,0,0,0,3,0
CANDELA,F,0,0,0,0,0,6,0
CANDI,F,0,0,3,0,0,3,3
CANDIDA,F,0,0,0,0,3,3,3
CANDISE,F,0,0,0,0,0,3,0
CARAH,F,0,0,0,0,0,10,0
CARA-JANE,F,0,0,0,0,0,3,0
CARA-LEIGH,F,0,0,0,0,0,3,0
CARA-LOUISE,F,0,0,0,0,0,14,0
CARA-MAE,F,0,0,0,0,0,3,0
CARA-MAI,F,0,0,0,0,0,3,0
CARA-ROSE,F,0,0,0,0,0,3,0
CAREN,F,3,0,0,0,0,9,3
CARI-ANN,F,0,3,0,0,0,3,3
CARIDEE,F,0,0,0,0,0,3,0
CARIN,F,0,0,0,0,0,3,0
CARINE,F,3,0,0,0,0,13,3
CARINNA,F,0,0,0,0,0,3,0
CARISMA,F,0,0,0,0,0,3,0
CARLISA,F,0,0,0,0,0,3,0
CARLISHA,F,0,3,3,0,0,6,6
CARLISLE,M,0,0,0,0,0,22,0
CARL-JAMES,M,0,0,0,0,0,3,0
CARL-JUNIOR,M,0,0,0,0,0,7,0
CARLSON,M,0,0,0,0,0,9,0
CARLY-ANNE,F,0,3,0,0,0,3,3
CARLY-JANE,F,0,0,0,0,0,3,0
CARLY-RAE,F,0,0,0,0,0,3,0
CARLY-ROSE,F,0,0,0,0,0,5,0
CARMELITA,F,0,0,0,0,0,3,0
CARMELLA,F,0,4,0,0,0,92,4
CARMELLE,F,0,0,0,0,0,11,0
CARMINA,F,0,0,0,0,0,12,0
CARNELL,M,0,0,0,0,0,12,0
CARNEY,M,0,0,0,0,0,6,0
CAROLA,F,3,0,0,0,0,3,3
CAROLYNE,F,0,0,0,0,0,3,0
CARRINA,F,0,0,0,0,3,6,3
CARSEN,M,0,0,0,0,0,25,0
CARSON,F,0,0,0,0,0,8,0
CARSON-JAMES,M,0,0,0,0,0,3,0
CARSON-LEE,M,0,0,0,0,0,3,0
CARSTEN,M,0,0,0,0,0,11,0
CARTER,F,0,0,0,0,0,3,0
CARTER-JAE,M,0,0,0,0,0,4,0
CARTER-JAMES,M,0,0,0,0,0,33,0
CARTER-JAY,M,0,0,0,0,0,7,0
CARTER-LEE,M,0,0,0,0,0,12,0
CARTIER,M,0,0,0,0,0,3,0
CARVER,M,0,0,0,0,0,3,0
CARY,F,0,0,0,0,0,3,0
CARYN,F,0,0,0,0,0,8,0
CAS,M,0,0,0,0,0,3,0
CASEN,M,0,0,0,0,0,8,0
CASEY-,F,0,0,0,0,0,3,0
CASEY-ANN,F,0,0,0,0,0,3,0
CASEY-JAMES,M,0,0,0,0,0,4,0
CASEY-JAY,M,0,0,0,0,0,3,0
CASEY-JAYNE,F,0,0,0,0,3,7,3
CASEY-JO,F,0,0,0,4,0,28,4
CASEY-LEA,F,0,0,3,3,0,9,6
CASEYLEE,F,0,0,0,0,0,5,0
CASEY-LEE,F,0,3,0,0,0,31,3
CASEYLEIGH,F,0,0,0,0,0,8,0
CASEY-LOUISE,F,0,0,0,0,0,3,0
CASEY-MAE,F,0,0,0,0,0,42,0
CASEY-MAI,F,0,0,0,0,0,16,0
CASEY-MARIE,F,0,0,0,0,0,11,0
CASEY-MAY,F,0,0,0,0,0,50,0
CASEY-RAE,F,0,0,0,0,0,3,0
CASI,F,0,0,0,0,0,69,0
CASIANA,F,0,0,0,0,0,3,0
CASIE-LEIGH,F,0,0,0,0,0,7,0
CASIM,M,3,0,0,0,0,3,3
CASON,M,0,0,0,0,0,54,0
CASSADY,F,0,0,0,0,0,6,0
CASSIDIE,F,0,0,0,0,0,3,0
CASSIDY-ROSE,F,0,0,0,0,0,4,0
CASSIE-ANN,F,0,3,0,0,0,3,3
CASSIE-LEIGH,F,0,0,0,0,0,3,0
CASSIE-MAI,F,0,0,0,0,0,4,0
CASSIEN,M,0,0,0,0,0,3,0
CASSIOPEIA,F,0,0,0,0,0,29,0
CASTRO,M,0,0,0,0,0,3,0
CATALEYA,F,0,0,0,0,0,66,0
CATALIN,M,0,0,0,0,0,9,0
CATELYNN,F,0,0,0,0,0,3,0
CATHARINA,F,0,0,0,0,0,3,0
CATTALEYA,F,0,0,0,0,0,3,0
CATTLEYA,F,0,0,0,0,0,22,0
CAUA,M,0,0,0,0,0,7,0
CAULEY,M,0,0,0,0,0,21,0
CAVELL,M,0,0,0,0,0,47,0
CAYA,F,0,0,0,0,0,6,0
CAYAN,M,0,0,0,0,0,16,0
CAYCE,F,0,0,0,0,0,4,0
CAYCE,M,0,0,0,0,0,3,0
CAYCEE,F,0,0,0,0,0,6,0
CAYCIE,F,0,0,0,0,0,3,0
CAYDAN,M,0,0,0,0,0,43,0
CAYDENCE,F,0,0,0,0,0,29,0
CAYDEN-JAMES,M,0,0,0,0,0,9,0
CAYDEN-JAY,M,0,0,0,0,0,3,0
CAYDEN-LEE,M,0,0,0,0,0,3,0
CAYDIE,F,0,0,0,0,0,3,0
CAYDN,M,0,0,0,0,0,9,0
CAYENNE,F,0,0,0,0,0,3,0
CAYLAN,M,0,0,0,0,3,61,3
CAYLE,M,0,0,0,0,0,7,0
CAYLEE,F,0,0,0,0,0,38,0
CAYLEN,M,0,0,0,0,0,41,0
CAYLIN,F,0,0,0,0,0,7,0
CAYLON,M,0,0,0,0,0,6,0
CAYNE,M,3,0,0,3,0,9,6
CAYO,M,0,0,0,0,0,6,0
CAYSIE,F,0,0,0,0,0,7,0
CAYSON,M,0,0,0,0,0,82,0
CAYTLIN,F,0,0,0,0,0,3,0
CE,F,0,0,0,0,0,3,0
CEBRAIL,M,0,0,0,0,0,3,0
CEDAR,M,0,0,0,0,0,3,0
CEDRI,M,0,0,0,0,0,3,0
CEE,M,0,0,0,3,0,3,3
CEE-JAY,M,0,0,0,0,4,19,4
CEE-JAY,F,0,3,0,0,0,3,3
CEI,M,0,0,0,3,0,3,3
CEIAN,M,0,0,0,0,0,16,0
CEJAY,F,0,0,0,3,0,3,3
CEJAY,M,0,0,0,0,0,4,0
CELAL,M,0,0,0,3,0,3,3
CELENA,F,0,0,0,0,0,10,0
CELSEY,F,0,0,3,3,0,26,6
CELTON,M,0,0,0,0,0,3,0
CELVIN,M,0,0,3,0,0,3,3
CEMALIYE,F,0,3,0,0,0,3,3
CEMILE,F,0,4,0,0,0,13,4
CEMLYN,M,0,0,0,0,0,8,0
CEMRE,F,0,0,0,0,0,28,0
CENGIZ,M,0,0,0,3,3,20,6
CENGIZHAN,M,0,0,3,0,0,6,3
CEPHAS,M,0,0,0,0,0,3,0
CERI-ANNE,F,0,0,0,0,3,6,3
CERINE,F,0,0,0,0,0,12,0
CERYS-ANN,F,0,0,0,0,0,3,0
CESCA,F,0,0,0,0,0,3,0
CESUR,M,0,0,0,0,0,3,0
CET,F,0,0,0,0,0,3,0
CETIN,M,0,0,0,0,0,4,0
CEYHAN,M,0,3,3,0,0,17,6
CEYHUN,M,4,0,0,0,0,12,4
CEYLA,F,0,0,0,0,0,3,0
CEZARA,F,0,0,0,0,0,3,0
CHAAYA,F,0,0,0,0,0,4,0
CHACE,F,3,0,0,0,3,6,6
CHADWICK,M,0,0,0,0,0,3,0
CHAHAT,F,0,0,0,0,0,24,0
CHAICE,M,0,0,0,0,0,9,0
CHAIMA,F,0,0,0,0,0,3,0
CHAISE,M,0,0,3,0,0,70,3
CHAITANYA,M,0,0,0,0,0,12,0
CHAITRA,F,0,0,0,0,0,3,0
CHAIYA,F,0,0,0,0,0,3,0
CHALLIS,M,0,0,0,0,3,3,3
CHAM,F,0,0,0,0,0,3,0
CHAMPAGNE,F,0,0,0,0,0,3,0
CHANADE,F,0,0,0,0,0,6,0
CHANAE,F,0,0,0,0,0,46,0
CHANAH,F,0,0,0,0,0,3,0
CHANAIS,F,0,0,0,0,0,6,0
CHANAN,M,0,0,0,0,0,3,0
CHANAY,F,0,0,3,0,3,26,6
CHANAYA,F,0,0,0,0,0,4,0
CHANAYE,F,0,0,0,0,0,3,0
CHAND,F,0,0,0,3,0,9,3
CHANDA,F,0,4,0,0,0,4,4
CHANDANI,F,3,0,0,3,0,14,6
CHANDON,F,0,0,0,0,0,3,0
CHANDRESH,M,0,0,3,0,0,3,3
CHANDRIKA,F,0,3,0,0,0,3,3
CHANIEL,M,0,0,0,0,0,4,0
CHANIQUE,F,0,0,0,0,0,6,0
CHANIYA,F,0,0,0,0,0,9,0
CHANNING,M,0,0,0,0,0,51,0
CHANPREET,F,0,0,0,0,0,4,0
CHANSE,M,0,0,0,0,0,4,0
CHANTA,F,3,0,0,0,0,3,3
CHANTILLY,F,0,0,0,0,0,12,0
CHANYA,F,0,0,0,0,0,6,0
CHARAN,M,0,0,0,3,0,34,3
CHARAN,F,0,0,0,0,0,3,0
CHARDAE,F,0,5,0,0,0,17,5
CHARDAI,F,0,0,0,0,0,3,0
CHARDANNAY,F,0,0,0,0,0,3,0
CHARDAY,F,0,0,3,0,4,7,7
CHARDENAY,F,0,0,0,0,0,6,0
CHARDONAI,F,0,0,0,0,0,3,0
CHARDONAY,F,0,3,0,0,0,57,3
CHARDONNAI,F,0,0,0,0,0,3,0
CHARDONNAY,F,0,0,0,3,0,463,3
CHARICE,F,3,0,0,0,0,6,3
CHARISMA,F,0,0,0,0,6,66,6
CHARISSA,F,0,0,5,0,0,39,5
CHARL,M,0,0,0,0,0,6,0
CHARLES-JUNIOR,M,0,0,0,0,0,3,0
CHARLEY-JADE,F,0,0,0,0,0,3,0
CHARLEY-JO,F,3,0,0,0,0,12,3
CHARLEY-MAE,F,0,0,0,0,0,32,0
CHARLEY-MARIE,F,0,0,3,0,0,3,3
CHARLEY-MAY,F,0,0,0,0,0,6,0
CHARLEY-RAE,F,0,0,0,0,0,3,0
CHARLEY-ROSE,F,0,0,0,0,0,14,0
CHARLI,M,0,0,0,0,0,35,0
CHARLI-ANNE,F,0,0,0,0,0,9,0
CHARLIE-,F,0,0,0,3,0,3,3
CHARLIEANN,F,0,0,0,0,0,3,0
CHARLIE-CRAIG,M,0,0,0,0,0,3,0
CHARLIE-DEAN,M,0,0,0,0,0,6,0
CHARLIEE,F,0,0,0,0,0,9,0
CHARLIEGH,F,0,0,0,3,0,6,3
CHARLIE-J,M,0,0,0,0,0,3,0
CHARLIE-JACK,M,0,0,0,0,0,38,0
CHARLIE-JADE,F,3,0,0,0,0,6,3
CHARLIE-JAY,M,0,0,0,0,0,80,0
CHARLIE-JOE,M,0,0,0,0,0,44,0
CHARLIE-JOHN,M,0,0,0,0,0,17,0
CHARLIE-JUNIOR,M,0,0,0,0,0,4,0
CHARLIE-MAE,F,0,0,0,0,0,29,0
CHARLIE-MAI,F,0,0,0,0,0,6,0
CHARLIE-MARIE,F,0,0,0,3,0,7,3
CHARLIE-MAY,F,0,0,0,0,0,41,0
CHARLIE-RAE,F,0,0,0,0,0,7,0
CHARLIE-ROSE,F,0,0,0,0,0,24,0
CHARLINA,F,0,0,0,0,0,3,0
CHARLINE,F,3,0,0,3,0,9,6
CHARLISE,F,0,0,0,0,0,10,0
CHARLOTTA,F,0,0,0,0,0,3,0
CHARLOTTE-ANN,F,0,0,3,3,0,9,6
CHARLOTTE-MARIE,F,0,0,3,0,0,3,3
CHARLYN,F,0,0,0,0,0,3,0
CHARNAE,F,0,0,0,0,0,3,0
CHARNE,F,0,3,0,0,0,3,3
CHARNEL,F,0,0,0,3,0,3,3
CHARNIE,F,3,0,0,0,0,7,3
CHARVI,F,0,0,0,0,0,51,0
CHASEY,M,0,0,0,0,0,7,0
CHASKA,M,0,0,0,0,3,3,3
CHAVE,F,0,0,0,0,0,3,0
CHAVI,F,0,0,0,3,3,66,6
CHAVY,F,0,0,0,0,0,3,0
CHAWAN,F,0,0,0,0,0,4,0
CHAYCE,F,0,0,0,3,0,6,3
CHAYCE,M,0,0,0,0,0,84,0
CHAYDEN,M,0,0,0,0,0,4,0
CHAYE,F,0,3,0,0,0,13,3
CHAYIM,M,0,0,0,0,0,6,0
CHAYLA,F,0,0,0,0,0,3,0
CHAYSE,M,0,0,0,0,0,123,0
CHAYTON,M,0,0,0,0,0,32,0
CHEICK,M,0,0,0,0,0,3,0
CHELSEA-MAI,F,0,0,0,0,0,3,0
CHELSEA-MAY,F,0,0,3,0,0,11,3
CHELSEY-MAY,F,0,0,0,0,0,3,0
CHENAE,F,0,0,0,0,0,9,0
CHENAY,F,0,3,0,0,0,13,3
CHENAYA,F,0,0,0,0,0,3,0
CHENAYE,F,0,0,0,0,0,4,0
CHENE,F,0,0,0,0,0,3,0
CHENI,F,0,0,0,0,0,8,0
CHENILLE,F,0,0,3,0,0,29,3
CHENOA,F,0,0,0,0,3,11,3
CHERAE,F,3,0,0,0,0,3,3
CHEREE,F,3,0,0,0,0,3,3
CHERIDAN,F,0,3,0,0,0,3,3
CHERIECE,F,3,0,0,0,0,3,3
CHERNICE,F,3,0,0,0,0,3,3
CHERNO,M,0,0,0,0,0,9,0
CHERRY-LEIGH,F,0,0,0,0,0,3,0
CHERRY-ROSE,F,0,0,0,0,0,3,0
CHESKEL,M,0,0,0,0,0,4,0
CHET,M,0,0,0,0,0,3,0
CHETNA,F,3,0,0,0,0,3,3
CHEVY,F,0,0,0,0,0,3,0
CHEYA,F,0,0,0,0,0,4,0
CHEYANNA,F,0,0,0,0,0,3,0
CHHAYA,F,0,0,0,0,3,12,3
CHIA,F,0,0,0,0,0,4,0
CHIAGOZIEM,M,0,0,0,0,0,9,0
CHIAMANDA,F,0,0,0,0,0,3,0
CHIANNA,F,0,0,4,0,0,10,4
CHIBUEZE,M,0,0,0,0,0,32,0
CHIBUIKEM,M,0,0,0,0,0,27,0
CHIBUZO,M,0,0,0,0,0,4,0
CHICO,M,0,0,0,0,0,3,0
CHIDERA,F,0,0,0,3,0,121,3
CHIDERA,M,0,0,0,0,0,55,0
CHIDIEBUBE,M,0,0,0,0,0,3,0
CHIDIMA,F,0,0,0,0,0,3,0
CHIDINDU,M,0,0,0,0,0,4,0
CHIDINMA,F,3,0,3,0,0,66,6
CHIDOZIE,M,0,0,0,0,0,3,0
CHIDUMEBI,F,0,0,0,0,0,3,0
CHIEDZA,F,0,0,0,0,0,51,0
CHIEF,M,0,0,0,0,0,3,0
CHIEMEKA,M,0,0,0,0,0,3,0
CHIEMENA,M,0,0,0,0,0,3,0
CHIGOZIRIM,M,0,0,0,0,0,4,0
CHIKA,M,0,0,0,0,0,3,0
CHIKAIMA,F,0,0,0,0,0,3,0
CHIKAMSO,F,0,0,0,0,0,10,0
CHIKEZIE,M,0,0,0,0,0,3,0
CHIMA,M,0,0,0,0,0,26,0
CHIMAMANDA,F,0,0,0,0,0,62,0
CHIMAOBIM,M,0,0,0,0,0,3,0
CHIME,M,0,0,0,0,0,3,0
CHINAZA,F,0,0,0,0,0,24,0
CHINEDUM,M,0,0,0,3,3,29,6
CHINEDUM,F,0,0,0,0,0,3,0
CHINELO,F,0,0,0,3,0,23,3
CHINEMELUM,M,0,0,0,0,0,3,0
CHINEMEREM,F,0,0,0,0,0,3,0
CHINENYE,F,0,0,5,0,0,45,5
CHINMAYI,F,0,0,0,0,0,10,0
CHINONYE,F,0,0,0,0,0,3,0
CHINONYELUM,F,0,0,0,0,0,4,0
CHINONYEREM,F,0,0,0,0,0,3,0
CHINUA,M,0,0,0,0,0,9,0
CHINYERE,F,0,0,0,0,4,21,4
CHIONE,F,0,0,0,0,0,3,0
CHIRAAG,M,3,0,0,3,0,6,6
CHIZARAM,F,0,0,0,0,0,79,0
CHIZITARA,F,0,0,0,0,0,3,0
CHLOE-,F,0,0,0,0,4,24,4
CHLOEE,F,5,0,0,0,0,18,5
CHLOE-GRACE,F,0,0,0,0,0,4,0
CHLOE-JO,F,0,0,0,0,0,7,0
CHLOE-LEE,F,0,0,0,0,0,3,0
CHLOE-MAI,F,0,0,0,0,0,35,0
CHLOE-NICOLE,F,0,0,0,0,0,3,0
CHLOE-PAIGE,F,0,0,0,0,0,3,0
CHLOE-RAE,F,0,0,0,0,0,3,0
CHLOE-SOPHIA,F,0,0,0,0,0,3,0
CHRA,F,0,0,0,0,0,3,0
CHRIS-JUNIOR,M,0,0,0,0,0,3,0
CHRISTALLA,F,0,3,3,0,0,6,6
CHRISTEN,F,3,0,0,3,0,9,6
CHRISTEN,M,0,0,0,0,0,3,0
CHRISTIANAH,F,0,0,0,0,0,6,0
CHRISTO,M,0,0,0,0,0,55,0
CHRISTOFER,M,0,0,0,0,0,3,0
CHRISTON,M,0,0,0,0,0,4,0
CHRISTOPH,M,0,0,3,3,0,16,6
CHRISTOPHER-JAMES,M,0,0,0,0,0,27,0
CHRISTOPHER-JAY,M,0,0,0,0,0,3,0
CHRISTOPHER-JUNIOR,M,0,0,0,0,0,11,0
CHRYSTELLE,F,0,0,0,3,0,3,3
CHUKWUDUBEM,M,0,0,0,0,0,16,0
CHUKWUDUMEBI,F,0,0,0,0,0,8,0
CHUKWUEBUKA,M,0,0,0,0,0,43,0
CHUKWUMA,M,0,0,0,0,3,29,3
CHUNG,M,0,0,3,0,3,6,6
CHYAN,F,0,0,0,0,0,4,0
CHYANN,F,0,0,0,0,0,3,0
CHYANNA,F,0,0,0,0,0,3,0
CHYENNE,F,0,0,0,0,0,8,0
CHYNA-ROSE,F,0,0,0,0,0,11,0
CIA,F,0,0,0,0,0,9,0
CIANN,F,0,0,0,0,0,3,0
CIAR,F,3,0,0,3,0,6,6
CIARA-LEIGH,F,0,0,0,0,0,14,0
CIARNA,F,0,0,0,0,0,3,0
CIEANNA,F,0,0,0,0,0,3,0
CIEL,F,0,0,0,0,0,3,0
CIENA,F,0,0,0,0,0,7,0
CIENNA-ROSE,F,0,0,0,0,0,9,0
CIEREN,M,0,0,3,0,0,3,3
CIERRA,F,0,0,0,0,0,9,0
CIGDEM,F,0,4,0,0,0,4,4
CINAR,M,0,0,0,0,0,167,0
CION,M,0,0,0,0,0,3,0
CIRA,F,0,0,3,0,3,43,6
CIRAN,M,0,0,0,0,0,9,0
CIRON,M,0,0,0,0,0,3,0
CISSY,F,0,0,0,0,0,9,0
CIVAN,M,0,0,0,0,0,6,0
CIYA,F,0,0,0,0,0,6,0
CJ,M,0,0,0,3,0,106,3
CJ,F,0,0,0,0,0,4,0
CJAY,M,0,0,0,0,0,32,0
C-JAY,M,0,0,3,0,0,63,3
CLAITON,M,0,0,3,0,0,3,3
CLANCY,F,0,0,0,0,0,3,0
CLARABELLE,F,0,0,0,0,0,16,0
CLARA-ROSE,F,0,0,0,0,0,17,0
CLARKE,F,0,0,0,0,0,3,0
CLEMMIE,F,0,0,0,0,0,7,0
CLEON,M,0,0,0,0,0,6,0
CLEONA,F,0,0,0,0,0,19,0
CLIRIM,M,0,0,0,3,0,3,3
COADY,F,0,0,0,0,0,3,0
COAST,M,0,0,0,0,0,3,0
COBEY,M,0,0,0,0,0,205,0
COBY-JAMES,M,0,0,0,0,0,16,0
COBY-JAY,M,0,0,0,0,0,14,0
COBY-LEE,M,0,0,0,0,0,10,0
COBY-RAY,M,0,0,0,0,0,3,0
CODEE,F,0,0,0,0,0,3,0
CODEI,M,0,0,0,0,0,4,0
CODEN,M,0,0,0,0,0,24,0
CODEY-LEE,M,0,0,0,0,0,3,0
CODIE-JAMES,M,0,0,0,0,0,7,0
CODIE-LEIGH,F,0,0,0,0,0,16,0
CODY-JAMES,M,0,0,0,0,0,29,0
CODY-JAY,M,0,0,0,0,0,43,0
CODY-RAY,M,0,0,0,0,0,3,0
COHAN-JAY,M,0,0,0,0,0,3,0
COLBEY,M,0,0,0,0,0,19,0
COLBY-LEE,M,0,0,0,0,0,4,0
COLETON,M,0,0,0,0,0,10,0
COLEY,M,0,0,0,0,0,8,0
COLEY,F,0,0,0,0,0,3,0
CONCETTA,F,0,0,0,3,0,3,3
CONIE,F,0,0,0,0,0,3,0
CONLEY,M,0,0,0,0,0,9,0
CONN,M,0,0,0,0,3,10,3
CONNAH,F,3,0,0,0,0,3,3
CONNER-LEE,M,0,0,0,0,0,3,0
CONNI,F,0,0,0,0,0,3,0
CONNIE-LEIGH,F,0,0,0,0,0,13,0
CONNIE-LOUISE,F,0,0,0,0,0,6,0
CONNIE-MAI,F,0,0,0,0,0,4,0
CONNIE-MARIE,F,0,0,0,0,0,3,0
CONNIE-RAE,F,0,0,0,0,0,14,0
CONNOR,F,0,4,0,0,0,4,4
CONNOR-JAMES,M,0,0,0,0,0,60,0
CONNOR-JAY,M,0,0,0,0,0,18,0
CONNOR-JOE,M,0,0,0,0,0,3,0
CONNORLEE,M,0,3,0,0,0,3,3
CONOR-JAMES,M,0,0,0,0,0,3,0
CONSTANCA,F,0,0,0,0,0,3,0
CONSTANDINA,F,0,0,0,0,3,3,3
CONSTANTIA,F,0,0,0,0,0,6,0
CONSTANTINA,F,0,0,0,0,0,21,0
CONSTANTINO,M,0,0,0,0,0,20,0
COOPER,F,0,0,0,0,0,13,0
CORAL-ANNE,F,0,0,0,0,0,3,0
CORA-LEIGH,F,0,0,0,0,0,6,0
CORA-MAE,F,0,0,0,0,0,3,0
CORA-RAE,F,0,0,0,0,0,3,0
CORBON,M,0,0,0,0,0,9,0
CORDE,M,0,0,0,0,0,5,0
COREN,F,0,0,0,4,0,4,4
COREY-JAY,M,0,3,0,0,0,35,3
COREY-LEE,M,0,0,0,0,0,77,0
COREY-LEIGH,M,0,0,0,0,0,3,0
COREY-TAYLOR,M,0,0,0,0,0,3,0
CORRADO,M,0,0,0,0,0,9,0
CORREN,F,0,0,5,0,0,5,5
CORRON,M,0,0,3,0,0,3,3
CORTEZ,M,0,0,0,0,0,30,0
CORUM,M,0,0,0,0,0,6,0
COSETTE,F,0,0,0,0,0,5,0
COSKUN,M,0,0,4,0,3,7,7
COSMIN,M,0,0,0,0,0,29,0
COSMOS,M,0,0,0,0,0,3,0
COSTA,M,0,0,0,0,0,3,0
COSTANTINO,M,0,0,0,0,0,6,0
COSTANZA,F,0,0,0,0,0,5,0
COSTAS,M,0,0,0,0,0,7,0
COULTON,M,0,0,0,0,0,3,0
COURTENAY,M,0,5,0,0,0,5,5
COURTNEY-,F,0,0,0,0,0,3,0
COURTNEY-JAYNE,F,0,0,0,0,0,4,0
COURTNEY-JO,F,0,0,3,0,0,3,3
COURTNEY-LEA,F,0,0,0,0,0,3,0
COURTNEY-MAE,F,0,0,0,0,0,3,0
COURTNEY-MAY,F,0,0,0,0,0,17,0
COURTNI,F,0,0,4,0,0,4,4
COURTNY,F,0,0,0,0,3,8,3
COVE,M,0,0,0,0,0,3,0
COVEY,M,0,0,0,0,0,10,0
CRAIG-JUNIOR,M,0,0,0,0,0,6,0
CREW,M,0,0,0,0,0,6,0
CREWE,M,0,0,0,0,0,4,0
CRIMEA,M,0,0,0,0,0,6,0
CRIMSON,F,0,0,0,0,0,3,0
CRINA,F,0,0,0,0,0,3,0
CRISTAL,F,6,0,0,0,0,39,6
CRISTELLE,F,0,0,0,0,0,3,0
CRISTIANA,F,3,0,0,3,0,48,6
CROSBY,M,0,0,0,0,0,10,0
CROYDE,M,0,0,0,0,0,16,0
CRUE,M,0,0,0,0,0,6,0
CRUISE,M,0,0,0,0,0,6,0
CRUIZ,M,0,0,0,0,0,11,0
CRUIZE,M,0,0,0,0,0,6,0
CRUZ,F,0,0,0,0,0,3,0
CRUZE,M,0,0,0,0,0,32,0
CRYSTA,F,3,0,0,0,0,3,3
CRYSTABEL,F,0,0,0,0,0,3,0
CRYSTAL-ROSE,F,0,0,0,0,0,17,0
CRYSTEL,F,0,0,0,0,0,3,0
CRYSTELLE,F,0,0,0,0,0,3,0
CSABA,M,0,0,0,0,0,10,0
CSENGE,F,0,0,0,0,0,24,0
CUMA,M,0,0,0,0,0,3,0
CURTLY,M,0,0,3,0,0,3,3
CUSHLA,F,0,0,0,0,0,7,0
CYAN,M,0,0,0,0,0,7,0
CYANNA,F,0,0,0,0,0,3,0
CYD,F,0,0,0,0,0,3,0
CYPRIAN,M,0,0,0,0,0,131,0
CYPRIEN,M,0,0,0,0,0,4,0
CYRAN,M,0,0,0,0,0,7,0
CYRINE,F,0,0,0,0,0,7,0
CYRON,M,0,0,0,0,0,10,0
CYRYL,M,0,0,0,0,0,3,0
D,M,0,0,0,0,0,3,0
D',M,0,0,0,0,0,7,0
DA,F,0,0,0,0,0,3,0
DAAN,M,0,0,0,0,0,3,0
DAANIA,F,0,0,0,0,0,53,0
DAANIYA,F,0,0,0,0,0,9,0
DAANIYAL,M,0,0,0,0,0,7,0
DAANYA,F,0,0,0,0,0,55,0
DABAN,M,0,0,0,0,0,3,0
DACIAN,M,0,0,0,0,0,7,0
DACRE,M,0,0,0,0,0,3,0
DAEJON,M,0,0,0,0,0,3,0
DAEVON,M,0,0,0,0,0,3,0
DAFFYD,M,0,0,0,0,0,3,0
DAFFYDD,M,0,0,0,0,0,8,0
DAFI,M,0,0,0,0,0,3,0
DAFINA,F,0,0,0,0,0,4,0
DAFNE,F,0,0,0,0,0,7,0
DAFYD,M,0,0,0,3,0,3,3
DAGIM,M,0,0,0,0,0,3,0
DAHA,M,0,0,0,0,0,3,0
DAHABO,F,0,0,0,0,0,3,0
DAHAT,M,0,0,0,0,0,3,0
DAHEN,M,0,0,0,0,0,30,0
DAHNISH,M,0,0,0,3,0,3,3
DAIANA,F,0,0,0,0,0,46,0
DAIJA,F,0,0,0,0,0,7,0
DAIJON,M,0,0,0,0,0,19,0
DAIM,M,0,0,0,0,0,3,0
DAIMON,M,0,0,0,0,0,4,0
DAISEE,F,0,0,0,0,0,3,0
DAISHA,F,0,0,0,4,0,28,4
DAISI,F,0,3,0,0,0,25,3
DAISIE-MAE,F,0,0,0,0,0,69,0
DAISIE-MAI,F,0,0,0,0,0,11,0
DAISIE-MAY,F,0,0,0,0,0,8,0
DAISIE-RAE,F,0,0,0,0,0,3,0
DAISY-,F,0,0,0,0,0,31,0
DAISY-ANN,F,0,0,0,0,0,29,0
DAISY-ANNE,F,0,0,0,0,0,10,0
DAISY-BEAU,F,0,0,0,0,0,11,0
DAISY-BELLE,F,0,0,0,0,0,15,0
DAISY-BO,F,0,0,0,0,0,3,0
DAISY-BOO,F,0,0,0,0,0,10,0
DAISY-GRACE,F,0,0,0,0,0,44,0
DAISY-JADE,F,0,0,0,0,0,3,0
DAISY-JANE,F,0,0,0,0,0,20,0
DAISY-JAYNE,F,0,0,0,0,0,8,0
DAISY-LEA,F,0,0,0,0,0,17,0
DAISY-LEE,F,0,0,0,0,0,7,0
DAISY-LOU,F,0,0,0,0,0,43,0
DAISY-LOUISE,F,0,0,0,0,0,17,0
DAISY-MARIE,F,0,0,0,0,0,19,0
DAISYMAY,F,0,0,0,0,0,19,0
DAISY-RAE,F,0,0,0,0,0,54,0
DAISY-ROSE,F,0,0,0,0,0,44,0
DAISY-SUE,F,0,0,0,0,0,3,0
DAITHI,M,0,0,0,0,0,9,0
DAITON,M,0,0,0,0,0,60,0
DAIYA,F,0,0,0,0,0,4,0
DAIYAAN,M,0,0,0,0,0,24,0
DAIYAN,M,0,0,0,0,0,41,0
DAIZIE,F,0,0,0,0,0,3,0
DAJAN,M,0,0,0,0,0,3,0
DAJANA,F,0,0,0,0,0,9,0
DAJUAN,M,0,0,0,0,0,3,0
DAKARAI,M,0,0,0,0,0,20,0
DAKOTAH,F,0,0,0,0,0,3,0
DAKOTA-ROSE,F,0,0,0,0,0,3,0
DAKSH,M,0,0,0,0,0,125,0
DAKSHA,F,0,0,0,0,0,9,0
DALANDA,F,0,0,0,0,0,3,0
DALEEP,M,0,0,0,0,0,3,0
DALHA,M,0,0,0,0,0,4,0
DALI,F,0,0,0,0,3,18,3
DALI,M,0,0,0,0,0,9,0
DALILAH,F,0,0,0,0,0,3,0
DALISHA,F,0,0,0,0,0,4,0
DALIYA,F,0,0,0,0,0,7,0
DALIYAH,F,0,0,0,0,0,3,0
DALJINDER,F,3,0,0,0,0,3,3
DALJIT,M,3,0,0,0,0,6,3
DALJIT,F,0,0,0,0,0,4,0
DALLAN,M,0,0,0,3,0,3,3
DALRAJ,M,0,0,0,3,0,3,3
DALVINDER,M,0,0,0,0,3,6,3
DALZIEL,M,0,0,0,0,0,7,0
DAMANDEEP,M,0,0,0,0,0,3,0
DAMANPREET,F,0,0,0,0,0,3,0
DAMANVEER,M,0,0,0,0,0,3,0
DAMARAE,M,0,0,0,0,0,4,0
DAMARI,M,0,0,0,0,0,82,0
DAMARIO,M,0,0,0,0,0,23,0
DAMARION,M,0,0,0,0,0,3,0
DAMARISA,F,0,0,0,0,0,7,0
DAMARLEY,M,0,0,0,0,0,3,0
DAMARNI,M,0,0,0,0,0,9,0
DAMEER,M,0,0,0,0,0,4,0
DAMEON,M,0,0,0,0,0,4,0
DAMIA,F,0,0,0,0,3,3,3
DAMIANA,F,0,0,0,0,0,3,0
DAMIANO,M,0,0,0,0,0,8,0
DAMIKA,F,0,0,0,0,3,3,3
DAMILARE,M,0,0,0,0,0,7,0
DAMIR,M,0,0,0,0,0,40,0
DAMITA,F,0,0,0,0,0,3,0
DANA,M,0,0,0,0,0,26,0
DANAI,M,0,0,0,0,0,7,0
DANAIL,M,0,0,0,0,0,4,0
DANAIT,F,0,0,0,0,0,7,0
DANANN,M,0,0,0,0,0,3,0
DANAR,M,0,0,0,0,0,24,0
DANE,F,0,0,0,0,0,3,0
DANEEL,M,0,0,0,0,0,6,0
DANEEN,F,0,0,0,0,0,53,0
DANEIL,M,0,0,0,0,3,6,3
DANEL,M,0,0,0,0,0,3,0
DANER,M,0,0,0,0,0,3,0
DANETTE,F,0,0,0,0,0,3,0
DANIAH,F,0,0,0,0,0,7,0
DANIEL-JOSEPH,M,0,0,0,0,0,3,0
DANIEL-JUNIOR,M,0,0,0,0,0,19,0
DANIELS,M,0,0,0,0,0,147,0
DANII,F,3,0,0,0,0,3,3
DANIIL,M,0,0,0,0,0,114,0
DANIILS,M,0,0,0,0,0,7,0
DANIL,M,0,0,0,0,0,50,0
DANILA,M,0,0,0,0,0,42,0
DANIS,M,0,0,0,0,0,10,0
DANITA,F,0,0,0,3,0,22,3
DANIYA,F,0,0,0,0,3,99,3
DANIYAH,F,0,0,0,0,4,56,4
DANNAN,F,0,0,0,0,0,4,0
DANNAN,M,0,0,0,0,0,3,0
DANNI,M,0,0,0,3,0,3,3
DANNIEL,M,0,3,0,3,0,9,6
DANNII-LEIGH,F,0,0,0,0,0,3,0
DANNI-MARIE,F,0,0,0,0,0,3,0
DANNISH,M,0,0,0,0,0,3,0
DANNON,F,4,0,0,0,0,4,4
DANNY-JAMES,M,0,0,0,0,0,4,0
DANNY-JAY,M,0,0,0,0,0,9,0
DANNY-JOE,M,0,0,0,0,0,3,0
DANNY-JUNIOR,M,0,0,0,0,0,6,0
DANNYLEE,M,0,0,0,0,0,11,0
DANSON,M,0,0,0,0,0,3,0
DANTAE,M,0,0,0,0,0,36,0
DANTAY,M,0,0,0,0,0,8,0
DANTE,F,0,0,3,0,3,9,6
DANUSH,M,0,0,0,0,0,3,0
DANUSHAN,M,0,0,0,0,0,3,0
DANUT,M,0,0,0,0,0,3,0
DANUTA,F,0,0,0,0,0,3,0
DANVEER,M,0,0,0,0,0,9,0
DANY,M,0,0,0,0,0,26,0
DANYAH,F,0,0,0,0,0,4,0
DANYAR,M,0,0,0,0,0,22,0
DANYEL,M,0,0,4,0,0,10,4
DANYL,M,0,0,0,0,0,77,0
DANYLO,M,0,0,0,0,0,11,0
DAOOD,M,0,0,0,0,3,3,3
DAOUDA,M,0,0,0,0,0,3,0
DAPHNA,F,0,0,0,0,0,4,0
DAQUAN,M,0,0,0,0,0,3,0
DARASIMI,F,0,0,0,0,0,7,0
DARASIMI,M,0,0,0,0,0,3,0
DARCEY,M,0,0,0,0,0,28,0
DARCEY-LEE,F,0,0,0,0,0,3,0
DARCEY-LEIGH,F,0,0,0,0,0,20,0
DARCEY-MAE,F,0,0,0,0,0,37,0
DARCEY-MAI,F,0,0,0,0,0,19,0
DARCEY-MAY,F,0,0,0,0,0,30,0
DARCEY-RAE,F,0,0,0,0,0,12,0
DARCEY-ROSE,F,0,0,0,0,0,29,0
D'ARCIE,F,0,0,0,0,3,3,3
DARCIE-BEAU,F,0,0,0,0,0,3,0
DARCIE-GRACE,F,0,0,0,0,0,4,0
DARCIE-JANE,F,0,0,0,0,0,3,0
DARCIE-JO,F,0,0,0,0,0,4,0
DARCIE-LEA,F,0,0,0,0,0,3,0
DARCIE-LEIGH,F,0,0,0,0,0,36,0
DARCIE-LOUISE,F,0,0,0,0,0,9,0
DARCIE-MAI,F,0,0,0,0,0,48,0
DARCIE-MARIE,F,0,0,0,0,0,3,0
DARCIE-MAY,F,0,0,0,0,0,25,0
DARCIE-RAE,F,0,0,0,0,0,56,0
DARCIE-ROSE,F,0,0,0,0,0,76,0
DARCI-LEIGH,F,0,0,0,0,0,3,0
DARCI-MAE,F,0,0,0,0,0,3,0
DARCI-MAI,F,0,0,0,0,0,6,0
DARCI-MAY,F,0,0,0,0,0,6,0
DARCI-RAE,F,0,0,0,0,0,3,0
DARCI-ROSE,F,0,0,0,0,0,3,0
DARCY-ANN,F,0,0,0,0,0,3,0
DARCY-ELLA,F,0,0,0,0,0,3,0
DARCY-LEIGH,F,0,0,0,0,0,35,0
DARCY-MAE,F,0,0,0,0,0,76,0
DARCY-MAI,F,0,0,0,0,0,12,0
DARCY-MAY,F,0,0,0,0,0,42,0
DARCY-RAE,F,0,0,0,0,0,16,0
DARCY-ROSE,F,0,0,0,0,0,21,0
DAREEN,M,0,0,0,0,0,18,0
DAREEN,F,0,0,0,0,0,18,0
DAREK,M,0,0,0,0,0,6,0
DARELL,M,0,0,0,0,0,6,0
DAREN,M,0,0,0,0,5,76,5
DARIANA,F,0,0,0,0,0,3,0
DARIJA,F,0,0,0,0,0,43,0
DARIM,M,0,0,0,0,0,4,0
DARIN,F,0,0,0,0,0,3,0
DARINA,F,0,0,0,0,3,67,3
DARINE,F,0,0,0,0,0,3,0
DARINKA,F,0,0,0,0,0,3,0
DARION,F,6,0,0,0,0,6,6
DARIQ,M,0,0,0,0,0,3,0
DARIS,M,0,0,0,0,0,25,0
DARISHA,F,0,0,0,0,0,3,0
DARIUSH,M,3,3,0,0,0,36,6
DARIUSZ,M,0,4,0,0,0,50,4
DARIYA,F,0,0,0,0,0,13,0
DARIYAN,M,0,0,0,0,0,6,0
DARJA,F,0,0,0,0,0,16,0
DARLA-RAE,F,0,0,0,0,0,3,0
DARLINGTON,M,0,0,0,0,0,4,0
DARO,M,0,0,0,0,0,9,0
DARON,M,0,0,0,3,0,18,3
DARRYLL,M,0,3,0,0,0,3,3
DARRYN,M,0,0,0,0,0,9,0
DARSH,M,0,0,0,0,0,198,0
DARSHANA,F,0,3,0,0,0,3,3
DARSHI,F,0,0,0,0,0,3,0
DARSHINI,F,0,0,0,0,0,3,0
DARVIN,M,0,0,0,0,0,6,0
DARWIN,F,0,0,0,0,0,3,0
DARWYN,M,0,0,0,0,0,6,0
DARYAN,M,0,0,0,0,0,48,0
DARYLE,M,0,0,0,3,0,3,3
DARYN,M,0,0,0,0,0,8,0
DASH,M,0,0,0,0,0,6,0
DASHAWN,M,0,0,0,0,0,3,0
DASHIEL,M,0,0,0,0,0,15,0
DASHIELL,M,0,0,0,0,0,94,0
DASIA,F,0,0,0,0,0,17,0
DASTAN,M,0,0,0,0,0,53,0
DAUDA,M,0,0,0,0,0,3,0
DAVANTE,M,0,0,0,0,0,4,0
DAVENA,F,0,0,0,3,0,3,3
DAVI,M,0,0,0,0,0,118,0
DAVIA,F,3,0,0,0,0,6,3
DAVIDA,F,0,0,0,0,0,17,0
DAVIDAS,M,0,0,0,0,0,3,0
DAVID-JAMES,M,0,0,0,0,0,19,0
DAVID-JUNIOR,M,0,0,0,0,0,7,0
DAVIDS,M,0,0,0,0,0,28,0
DAVIDSON,M,0,0,0,0,0,3,0
DAVIES,M,0,0,0,0,0,6,0
DAVIN,F,0,0,0,0,0,3,0
DAVINDER,F,3,0,3,0,0,6,6
DAVIT,M,0,0,0,0,0,11,0
DAVON,M,0,0,0,0,0,7,0
DAVONTAE,M,0,0,0,0,0,6,0
DAVONTE,M,0,0,0,0,0,10,0
DAVUT,M,0,0,0,0,0,4,0
DAWDA,M,0,0,0,0,0,9,0
DAWID,M,0,5,0,0,0,1375,5
DAWIT,M,0,0,3,0,3,33,6
DAWOUD,M,0,0,0,0,0,70,0
DA-XIA,F,0,0,0,0,0,3,0
DAXTON,M,0,0,0,0,0,11,0
DAYA,F,0,0,3,0,3,257,6
DAYA,M,0,4,0,0,0,35,4
DAYAAN,M,0,0,0,0,0,11,0
DAYAL,M,0,0,0,0,0,9,0
DAYAN,M,0,0,0,0,0,16,0
DAYANA,F,0,0,0,0,0,41,0
DAYLA,F,0,0,0,0,0,3,0
DAYLEY,M,0,0,0,0,0,3,0
DAYNTON,M,0,0,0,0,0,5,0
DAYSHA,F,0,0,0,0,0,4,0
DAYSHAUN,M,0,0,0,0,0,3,0
DAYSIE,F,0,0,0,0,0,3,0
DAYTONA,F,4,0,0,0,0,7,4
DAYYAAN,M,0,0,0,0,0,3,0
DAYYAN,M,0,0,0,0,0,77,0
DE',M,0,0,0,0,0,3,0
DEAGAN,M,0,0,0,0,0,6,0
DEAGO,M,0,0,0,0,0,3,0
DEAH,F,0,0,0,0,0,6,0
DEAKAN,M,0,0,0,0,0,3,0
DEAKEN,M,0,0,0,0,0,12,0
DE'ANDRE,M,0,0,0,0,0,30,0
DEANGELO,M,0,0,0,0,0,12,0
DE'ANGELO,M,0,0,0,0,0,3,0
DEAN-JUNIOR,M,0,0,0,0,0,3,0
DEBA,F,0,0,0,0,0,3,0
DECHLAN,M,0,0,0,0,0,4,0
DECLAN-JAMES,M,0,0,0,0,0,8,0
DECLEN,M,3,0,3,0,0,18,6
DECON,M,0,0,0,0,0,3,0
DEDAN,M,0,0,0,0,0,6,0
DEEA,F,0,0,0,0,0,6,0
DEEBA,F,0,0,0,0,0,13,0
DEEDEE,F,0,0,0,0,0,7,0
DEEHAN,M,0,0,0,0,0,3,0
DEEJAY,M,4,0,0,0,0,23,4
DEE-JAY,M,0,0,0,0,0,3,0
DEEKSHA,F,0,0,0,0,0,17,0
DEELAN,M,3,0,0,0,0,12,3
DEEM,F,0,0,0,0,0,4,0
DEEMA,F,0,0,0,0,3,46,3
DEEPESH,M,0,0,0,3,0,3,3
DEEPTI,F,0,0,0,0,0,4,0
DEEQA,F,0,0,0,0,0,18,0
DEESHAN,M,0,0,0,0,0,3,0
DEETYA,F,0,0,0,0,0,25,0
DEEVA,F,3,3,0,0,0,13,6
DEEYA,F,0,0,0,0,0,117,0
DEEYAN,M,0,0,0,0,0,15,0
DEFNE,F,0,0,0,0,0,73,0
DEIMANTAS,M,0,0,0,0,0,57,0
DEIMANTE,F,0,0,0,0,0,80,0
DEINA,F,0,0,0,0,0,16,0
DEINAS,M,0,0,0,0,0,7,0
DEITRICK,M,0,0,0,0,0,3,0
DEIVID,M,0,0,0,0,0,9,0
DEIVIDS,M,0,0,0,0,0,36,0
DEIVYDAS,M,0,0,0,0,0,6,0
DEJAH,F,0,0,0,0,0,11,0
DEJANA,F,0,0,0,0,0,3,0
DEJANAE,F,0,0,0,0,0,6,0
DEJAY,M,0,0,0,0,0,6,0
DEJEAN,M,0,0,0,0,5,20,5
DEJON,M,0,0,3,0,0,24,3
DEKOTA,F,0,0,0,0,0,29,0
DELAL,F,0,0,0,0,0,11,0
DELAN,M,0,0,0,0,0,28,0
DELANA,F,0,0,0,0,0,3,0
DELARA,F,0,0,0,0,0,11,0
DELCIA,F,0,0,0,0,0,4,0
DELFINA,F,0,0,0,3,0,13,3
DELILA,F,0,0,0,0,0,30,0
DELILAH-MAE,F,0,0,0,0,0,4,0
DELILAH-MAY,F,0,0,0,0,0,3,0
DELILAH-RAE,F,0,0,0,0,0,4,0
DELILAH-ROSE,F,0,0,0,0,0,33,0
DELINA,F,0,0,0,0,0,114,0
DELISHA,F,0,0,0,0,0,54,0
DELLAN,M,0,0,0,0,0,3,0
DELNA,F,0,0,0,0,0,6,0
DELON,M,0,0,0,0,0,3,0
DELSA,F,0,0,0,0,0,4,0
DELTA,F,0,0,0,0,0,86,0
DELUN,F,0,0,0,0,0,3,0
DELYLAH,F,0,0,0,0,0,3,0
DEMA,F,0,0,0,0,0,8,0
DEMANI,M,0,0,0,0,0,4,0
DEMAR,M,0,0,0,0,0,19,0
DEMARI,M,0,0,0,0,0,47,0
DEMARNI,M,0,0,0,0,0,4,0
DEMEE,F,0,3,0,0,0,3,3
DEMET,F,0,0,3,0,0,9,3
DEMETRIA,F,4,0,0,0,0,7,4
DEMI-,F,0,0,0,0,0,47,0
DEMIAN,M,0,0,0,0,0,13,0
DEMI-ANN,F,0,0,0,0,0,9,0
DEMI-ANNE,F,0,0,0,0,0,3,0
DEMID,M,0,0,0,0,0,11,0
DEMIE-LEIGH,F,0,0,0,0,3,6,3
DEMI-ELISE,F,0,0,0,0,0,3,0
DEMII,F,0,0,0,0,0,12,0
DEMI-JADE,F,0,0,0,0,0,3,0
DEMILADE,F,0,0,0,0,0,10,0
DEMI-LEI,F,0,0,0,0,0,6,0
DEMI-LOU,F,0,0,0,0,0,8,0
DEMI-MAE,F,0,0,0,0,0,34,0
DEMI-MAI,F,0,0,0,0,0,28,0
DEMI-MAY,F,0,0,0,0,0,41,0
DEMI-NICOLE,F,0,0,0,0,0,3,0
DEMIR,M,0,0,0,0,3,82,3
DEMIRA,F,0,0,0,0,0,8,0
DEMI-RAE,F,0,0,0,0,0,30,0
DEMI-ROSE,F,0,0,0,0,0,48,0
DEMISHA,F,3,0,0,0,0,3,3
DEMITRIUS,M,0,0,0,0,0,3,0
DEN,M,0,0,0,0,0,3,0
DENAE,F,0,0,0,0,0,15,0
DENAS,M,0,0,0,0,0,71,0
DENAYA,F,0,0,0,0,0,4,0
DENELLE,F,0,0,0,0,0,3,0
DENES,M,0,0,0,0,0,3,0
DENIA,F,0,0,0,0,0,3,0
DENICE,F,0,0,0,0,0,4,0
DENIEL,M,0,0,0,0,0,12,0
DENIM,F,0,0,0,0,0,9,0
DENISS,M,0,0,0,0,0,14,0
DENLEY,M,0,0,0,0,0,55,0
DENNA,F,0,0,0,0,0,11,0
DENNI,M,0,0,0,0,0,8,0
DENNISON,M,0,0,0,0,0,3,0
DENUM,M,0,0,0,0,0,3,0
DENVA,F,0,0,3,0,0,12,3
DENYS,M,0,0,0,0,0,11,0
DENZIEL,M,0,0,0,0,0,3,0
DENZYL,M,0,0,0,0,0,3,0
DEONA,F,0,0,0,0,0,5,0
DEONDRE,M,0,0,0,0,0,20,0
DEONNE,F,0,0,0,0,0,12,0
DEONTAE,M,0,0,0,0,0,4,0
DEONTE,M,0,0,0,0,0,6,0
DEQUAN,M,0,0,0,0,0,6,0
DERAN,M,0,0,0,0,0,3,0
DEREN,M,0,6,0,0,0,28,6
DERIN,M,0,0,0,0,0,85,0
DERIN,F,0,0,0,0,0,55,0
DERON,M,0,0,0,0,0,54,0
DERRAN,M,0,3,0,0,0,9,3
DERREN,F,0,4,0,0,0,4,4
DERRYN,M,4,0,0,0,0,22,4
DESCHANEL,M,0,0,3,0,0,3,3
DESEAN,M,0,0,0,0,0,6,0
DESERAE,F,0,0,0,0,0,3,0
DESHAAN,M,0,0,0,0,0,3,0
DESHAN,M,0,0,0,0,0,7,0
DESHANE,M,0,0,0,0,0,3,0
DESHAUN,M,0,0,0,0,6,60,6
DE'SHAUN,M,0,0,0,0,0,3,0
DESHAWN,M,0,0,0,0,0,73,0
DESHNA,F,0,0,0,0,0,3,0
DESHON,M,0,0,0,0,0,4,0
DESIRE,M,0,0,0,0,0,13,0
DESPINA,F,0,5,0,0,0,23,5
DES'REE,F,0,0,0,3,0,3,3
DESTAN,M,0,0,0,0,0,3,0
DESTANY,F,0,0,0,0,0,3,0
DESTIN,M,0,0,0,0,0,13,0
DESTINA,F,0,0,0,0,0,20,0
DESTINE,F,0,0,0,0,0,3,0
DESTINEY,F,0,0,0,0,0,42,0
DESTINIE,F,0,0,0,0,3,24,3
DESTINY,M,0,0,0,0,0,103,0
DESTINY-MAI,F,0,0,0,0,0,6,0
DESTINY-MARIE,F,0,0,0,0,0,3,0
DESTINY-MAY,F,0,0,0,0,0,11,0
DESTINY-RAE,F,0,0,0,0,0,3,0
DESTINY-ROSE,F,0,0,0,0,0,9,0
DETROY,M,0,0,0,0,0,3,0
DEVA,F,3,0,0,0,0,9,3
DEVAK,M,0,0,0,0,0,3,0
DEVAM,M,0,0,0,0,0,13,0
DEVANG,M,0,0,3,3,0,6,6
DEVANSH,M,0,0,0,0,0,70,0
DEVANSHI,F,0,3,0,0,0,31,3
DEVARN,M,0,0,0,0,0,3,0
DEVARSH,M,0,0,0,0,0,11,0
DEVAUNTE,M,0,0,0,3,0,3,3
DEVI,F,0,0,0,0,0,24,0
DEVINDER,M,3,0,3,0,0,6,6
DEVINE,F,0,0,0,0,0,19,0
DEVISHA,F,0,0,3,0,0,3,3
DEVLYN,M,0,0,0,0,0,3,0
DEVLYN,F,0,0,0,0,0,3,0
DEVNA,F,0,0,0,0,0,3,0
DEVOIRY,F,0,0,0,0,0,14,0
DEVONDRE,M,0,0,0,0,0,3,0
DEVONTA,M,0,0,0,0,0,4,0
DEVONTAE,M,0,0,3,3,0,81,6
DEVONTAI,M,0,0,0,0,0,6,0
DEVONTAY,M,0,0,0,0,0,17,0
DEVORA,F,0,0,0,0,0,24,0
DEVRAJ,M,0,0,0,0,0,53,0
DEVRIM,M,0,0,0,0,5,41,5
DEVUN,M,3,0,0,0,0,11,3
DEVYAN,M,0,0,0,0,0,3,0
DEVYN,F,5,0,0,0,0,12,5
DEVYN,M,0,0,0,0,0,29,0
DEWAN,F,0,3,3,0,0,10,6
DEWAYNE,M,0,0,0,3,0,7,3
DEX,M,0,0,0,0,0,25,0
DEXI,F,0,0,0,0,0,3,0
DEXIE,F,0,0,0,0,0,11,0
DEXTER-JAMES,M,0,0,0,0,0,3,0
DEYA,F,0,0,0,0,0,58,0
DEYAAN,M,0,0,0,0,0,6,0
DEYAN,M,0,0,0,0,0,22,0
DEYANA,F,0,0,0,0,0,9,0
DHAANI,F,0,0,0,0,0,3,0
DHAIRYA,M,0,0,0,0,0,45,0
DHALIA,F,0,0,0,0,0,6,0
DHANANJAY,M,0,0,0,0,0,6,0
DHANI,M,0,0,0,0,0,20,0
DHANI,F,0,0,0,0,0,3,0
DHANIAL,M,0,0,0,0,3,3,3
DHANISHTA,F,0,0,0,0,0,3,0
DHANIYAL,M,0,0,0,0,0,4,0
DHANRAJ,M,0,0,0,0,0,8,0
DHANUSH,M,0,0,0,0,0,17,0
DHANVEER,M,0,0,0,0,0,3,0
DHANVI,F,0,0,0,0,0,36,0
DHANYA,F,0,0,3,0,0,30,3
DHANYAAL,M,0,0,0,3,3,24,6
DHARAM,M,0,0,0,0,4,82,4
DHARAMVEER,M,0,0,0,0,0,3,0
DHARM,M,0,0,0,0,0,3,0
DHARMA,M,0,0,0,0,0,3,0
DHARMESH,M,0,0,0,0,3,3,3
DHARMIK,M,0,0,0,0,0,10,0
DHARSHAN,M,0,0,0,0,0,7,0
DHARSHINI,F,3,0,0,0,0,6,3
DHARUN,M,0,0,0,0,0,3,0
DHAVAN,M,0,0,0,0,0,3,0
DHAVINA,F,0,0,0,0,0,3,0
DHAYA,F,0,0,0,0,0,18,0
DHEEN,M,0,0,0,0,0,3,0
DHEER,M,0,0,0,0,0,13,0
DHEERAN,M,0,0,0,0,0,3,0
DHEVAN,M,0,0,0,0,0,3,0
DHIAAN,M,0,0,0,0,0,16,0
DHIAN,M,0,0,0,0,0,59,0
DHILLAN,M,0,3,3,0,0,13,6
DHILON,M,0,3,0,0,0,3,3
DHIR,M,0,0,0,0,0,6,0
DHIRAJ,M,0,0,4,0,0,14,4
DHIYA,F,0,0,0,0,0,91,0
DHIYAN,M,0,0,0,0,0,21,0
DHOHA,F,0,0,0,0,0,3,0
DHRISH,M,0,0,0,0,0,6,0
DHRITI,F,0,0,0,0,0,75,0
DHRIYA,F,0,0,0,0,0,8,0
DHRUTI,F,3,0,0,0,3,32,6
DHRUVA,M,0,0,0,0,0,18,0
DHRUVA,F,0,0,0,0,0,3,0
DHRUVAN,M,0,0,0,0,0,7,0
DHRUVIKA,F,0,0,0,0,0,6,0
DHRUVIN,M,0,0,0,0,0,7,0
DHRUVISHA,F,0,0,0,3,0,3,3
DHUHA,F,0,0,3,0,0,9,3
DHVANI,F,0,0,0,0,0,9,0
DHWANI,F,0,0,0,0,0,26,0
DHYAAN,M,0,0,0,0,0,16,0
DHYAN,M,0,0,0,0,0,86,0
DHYANA,F,0,0,0,0,0,41,0
DHYANI,F,0,0,0,0,0,32,0
DHYEY,M,0,0,0,0,0,16,0
DHYLAN,M,0,0,0,0,5,34,5
DIA,F,0,0,0,0,0,126,0
DIAKO,M,0,0,0,0,0,7,0
DIALLO,M,0,0,0,0,0,3,0
DIAMOND,M,0,0,0,0,0,42,0
DIAN,M,0,0,0,0,0,21,0
DIAN,F,0,0,0,0,0,3,0
DIANDRE,M,0,0,0,0,0,3,0
DIANTE,M,0,0,0,0,0,3,0
DIAR,M,0,0,0,0,0,36,0
DIAVIAN,F,0,0,0,3,3,6,6
DIAZ,M,0,0,0,0,0,37,0
DIBA,F,0,0,0,0,0,17,0
DIBORA,F,0,0,0,0,0,3,0
DICKSON,M,0,3,0,0,0,3,3
DICLE,F,0,0,0,0,0,7,0
DIELLZA,F,0,3,0,0,3,12,6
DIEZEL,M,0,0,0,0,0,20,0
DIHAIN,M,0,0,0,0,0,6,0
DIHEIN,M,0,0,0,0,0,6,0
DIJA,F,0,0,0,0,0,4,0
DIJLE,F,0,0,0,0,0,14,0
DIKSHA,F,0,0,0,0,0,6,0
DILA,F,0,0,0,0,0,41,0
DILAKSHAN,M,0,0,0,0,0,4,0
DILAKSHIKA,F,0,0,0,0,0,3,0
DILANA,F,0,0,0,0,0,3,0
DILANAS,M,0,0,0,0,0,34,0
DILANI,F,0,0,3,0,0,3,3
DILANS,M,0,0,0,0,0,6,0
DILAY,F,0,0,0,0,0,9,0
DILEEP,M,0,0,0,3,0,6,3
DILEM,F,0,0,3,0,0,3,3
DILEN,M,4,0,0,0,0,10,4
DILETA,F,0,0,0,0,0,3,0
DILHAN,M,0,0,0,0,0,7,0
DILIP,M,0,5,0,0,0,8,5
DILJOT,M,0,0,0,0,0,6,0
DILLAN,F,0,0,0,0,0,3,0
DILLION,M,0,3,0,3,0,27,6
DILLON,F,0,0,0,0,0,6,0
DILLY,F,0,0,0,0,0,16,0
DILPREET,M,0,0,0,0,0,18,0
DILRAAJ,M,0,0,0,0,0,3,0
DILREET,F,0,0,0,0,0,3,0
DILSHAAN,M,0,0,0,0,0,12,0
DILSHAN,M,0,0,0,0,0,10,0
DILVEER,M,0,0,0,0,3,10,3
DILWAR,M,0,3,0,4,0,7,7
DIMITRA,F,0,3,0,0,0,20,3
DIMITRIJE,M,0,0,0,0,0,7,0
DINARA,F,0,0,0,0,0,11,0
DINARI,M,0,0,0,0,0,4,0
DINEL,M,0,0,0,0,0,3,0
DINI,F,0,0,0,0,0,6,0
DINIS,M,0,0,0,0,0,24,0
DINITHI,F,0,0,0,0,0,3,0
DINUK,M,0,0,0,0,0,3,0
DINUKI,F,0,0,0,0,0,3,0
DIONDRE,M,0,0,0,0,0,3,0
DIONIS,M,0,0,0,0,0,7,0
DIONISIO,M,0,0,0,0,0,6,0
DIONTAE,M,0,0,0,0,0,6,0
DIONTE,M,0,0,0,0,0,6,0
DIORA,F,0,0,0,0,0,21,0
DIPALI,F,0,0,0,3,0,6,3
DIPIKA,F,0,0,0,0,0,4,0
DIPSON,M,0,0,0,0,0,5,0
DIQUAN,M,4,0,0,0,0,4,4
DIREN,M,0,0,0,0,0,8,0
DISA,F,3,0,0,0,0,3,3
DISHAAN,M,0,0,0,0,0,4,0
DISHAN,M,0,0,0,0,0,7,0
DISHITA,F,0,0,0,0,0,8,0
DITA,F,0,0,0,0,0,12,0
DITI,F,0,0,0,0,0,4,0
DIVAM,M,0,0,0,0,0,7,0
DIVESH,M,0,0,3,0,0,6,3
DIVIJ,M,0,0,0,0,0,3,0
DIVIN,M,0,0,0,0,0,7,0
DIVINA,F,0,0,0,0,4,41,4
DIVINE,M,0,0,0,0,0,200,0
DIVISHA,F,0,0,0,0,0,3,0
DIVIT,M,0,0,0,0,0,5,0
DIVJOT,M,0,0,0,0,0,3,0
DIVJOT,F,0,0,0,0,0,3,0
DIVYA,M,0,0,0,0,0,3,0
DIVYAM,M,0,0,0,0,0,3,0
DIVYAN,M,0,0,0,0,0,9,0
DIVYANSH,M,0,0,0,0,0,7,0
DIVYANSHI,F,0,0,0,0,0,4,0
DIVYESH,M,0,0,0,0,0,6,0
DIWAN,M,0,0,0,0,0,3,0
DIXIE-MAE,F,0,0,0,0,0,3,0
DIYA,M,0,0,0,0,0,3,0
DIYAAN,M,0,0,0,0,0,18,0
DIYAKO,M,0,0,0,0,0,10,0
DIYAN,M,0,0,0,0,0,99,0
DIYANA,F,0,0,0,0,0,53,0
DIYANAH,F,0,0,0,0,0,51,0
DIYARI,M,0,0,0,0,0,11,0
DJ,M,0,0,0,3,0,9,3
DJAMILA,F,0,3,0,0,0,9,3
DJELLONA,F,0,0,0,0,0,3,0
DJELLZA,F,0,0,0,0,0,3,0
DJIBRIL,M,0,0,0,0,0,29,0
DJIMON,M,0,0,0,0,0,3,0
DJUNA,F,0,0,0,0,0,3,0
D'MARCO,M,0,0,0,0,0,6,0
D'MARI,M,0,0,0,0,0,6,0
DMITRIJ,M,0,0,0,0,0,10,0
DMITRIJS,M,0,0,0,0,0,10,0
DMITRIY,M,0,0,0,0,0,17,0
DMITRY,M,0,0,0,0,0,30,0
DOAA,F,0,0,0,0,0,23,0
DOGUS,M,0,0,4,0,0,4,4
DOHYUN,M,0,0,0,0,0,3,0
DOLAPO,F,0,0,3,0,0,6,3
DOLCE,F,0,0,0,0,0,78,0
DOLCEE,F,0,0,0,0,0,6,0
DOLCEY,F,0,0,0,0,0,6,0
DOLCI,F,0,0,0,0,0,13,0
DOLCIE-LOU,F,0,0,0,0,0,3,0
DOLCIE-MAE,F,0,0,0,0,0,10,0
DOLCIE-MAI,F,0,0,0,0,0,3,0
DOLCIE-MAY,F,0,0,0,0,0,3,0
DOLCIE-RAE,F,0,0,0,0,0,3,0
DOLLIE-MAE,F,0,0,0,0,0,7,0
DOLLIE-MAI,F,0,0,0,0,0,6,0
DOLLIE-RAE,F,0,0,0,0,0,5,0
DOLLIE-ROSE,F,0,0,0,0,0,11,0
DOLLY-ANN,F,0,0,0,0,0,3,0
DOLLYANNA,F,0,0,0,0,0,3,0
DOLLY-ANNA,F,0,0,0,0,0,3,0
DOLLY-MAE,F,0,0,0,0,0,38,0
DOLLY-MAI,F,0,0,0,0,0,3,0
DOLLY-MARIE,F,0,0,0,0,0,9,0
DOLLY-MAY,F,0,0,0,0,0,38,0
DOLLY-RAE,F,0,0,0,0,0,11,0
DOLLY-ROSE,F,0,0,0,0,0,49,0
DOMANIC,M,3,0,0,0,0,53,3
DOMANTAS,M,0,0,0,0,0,79,0
DOMAS,M,0,0,0,0,0,166,0
DOMENIKS,M,0,0,0,0,0,3,0
DOMINIC-JOHN,M,0,0,0,0,0,3,0
DOMINIKAS,M,0,0,0,0,0,16,0
DOMINIKS,M,0,0,0,0,0,49,0
DOMINION,M,0,0,0,0,0,11,0
DOMINYKA,F,0,0,0,0,0,42,0
DOMINYKAS,M,0,0,0,0,0,337,0
DONAE,F,0,0,0,0,0,3,0
DONAEO,M,0,0,0,0,0,10,0
DONART,M,0,0,0,0,3,3,3
DONAT,M,0,0,3,0,0,3,3
DONATA,F,0,0,0,0,0,3,0
DONATAS,M,0,0,0,0,0,13,0
DONATELLO,M,0,0,0,0,0,3,0
DONATO,M,0,3,0,0,0,9,3
DONAVON,M,0,0,0,0,0,6,0
DONDU,F,0,0,0,0,0,6,0
DONE,F,0,0,0,0,0,3,0
DONELLA,F,0,0,0,0,0,3,0
DONG,M,0,0,0,0,3,13,3
DONI,M,0,0,0,0,0,3,0
DONIEL,M,0,0,0,0,0,5,0
DONNCHA,M,0,0,0,0,0,7,0
DONTA,M,0,0,0,0,0,3,0
DONTAYE,M,0,0,0,0,0,3,0
DORINA,F,0,0,0,0,0,32,0
DORKA,F,0,0,0,0,0,3,0
DORNA,F,0,0,0,0,3,3,3
DORON,M,0,0,0,0,0,3,0
DOROTA,F,0,0,0,0,0,46,0
DOROTTYA,F,0,0,0,0,0,3,0
DORRELL,M,0,0,0,0,0,3,0
DORRIAN,M,0,0,0,0,0,3,0
DORUK,M,0,0,0,0,0,31,0
DOTTI,F,0,0,0,0,0,6,0
DOTTIE-MAE,F,0,0,0,0,0,3,0
DOTTY-ROSE,F,0,0,0,0,0,3,0
DOUAA,F,0,0,0,0,0,21,0
DOUNIA,F,0,0,0,0,6,17,6
DOVAS,M,0,0,0,0,0,3,0
DOVI,M,0,0,0,0,0,6,0
DOVIDAS,M,0,0,0,0,0,6,0
DOVYDAS,M,0,0,0,0,0,160,0
DOYINSOLA,F,0,3,0,0,0,3,3
DRAE,M,0,0,0,0,0,15,0
DRAGAN,M,0,0,0,0,3,6,3
DRAGOS,M,0,0,0,0,0,26,0
DRAKE,M,0,0,0,0,0,254,0
DRASHTI,F,0,0,0,0,0,3,0
DRAVID,M,0,0,0,0,0,9,0
DRENUSHA,F,0,0,0,3,0,3,3
DREY,M,0,0,0,3,3,50,6
DREYA,F,0,0,0,0,0,3,0
DRIN,M,0,0,3,3,0,33,6
DRINA,F,0,0,0,0,0,3,0
DRISHTI,F,0,0,0,0,0,27,0
DRISS,M,0,0,3,0,0,6,3
DRITI,F,0,0,0,0,0,3,0
DRU,F,0,0,0,0,0,9,0
DRUE,M,0,0,0,3,0,6,3
DRUSILLA,F,0,0,0,0,0,3,0
DRUV,M,0,0,0,0,0,3,0
DRYSTAN,M,0,0,0,0,0,4,0
D'SHAUN,M,0,0,0,0,0,6,0
DUANE-LEE,M,0,0,0,0,0,3,0
DUARTE,M,0,0,0,0,0,28,0
DUBEM,M,0,0,0,0,0,3,0
DUC,M,0,0,0,0,0,10,0
DUHA,F,0,0,0,0,0,73,0
DULCE,F,0,0,0,0,0,7,0
DULCIMA,F,0,0,0,0,0,3,0
DUMITRU,M,0,0,0,0,0,8,0
DUNIA,F,0,0,0,0,0,10,0
DURGA,F,0,0,0,0,0,6,0
DURIEL,M,0,0,0,0,0,3,0
DURMUS,M,0,0,0,0,0,3,0
DURRE,F,0,0,0,0,0,3,0
DUSTY,F,0,0,0,0,0,38,0
DUWA,F,0,0,0,0,0,6,0
DUY,M,4,0,0,0,0,10,4
DVITI,F,0,0,0,0,0,3,0
DWIJ,M,0,0,0,0,0,9,0
DWYNWEN,F,0,0,0,0,0,3,0
DYA,F,0,0,0,0,0,3,0
DYAKO,M,0,0,0,0,0,9,0
DYANI,F,0,0,0,0,0,6,0
DYLAN-JAMES,M,0,0,0,0,0,95,0
DYLAN-JOHN,M,0,0,0,0,0,7,0
DYLAN-LEE,M,0,0,0,0,0,9,0
DYLANN,M,0,0,0,0,0,6,0
DYLAN-RHYS,M,0,0,0,0,0,3,0
DYLAN-THOMAS,M,0,0,0,0,0,3,0
DYLIS,F,0,0,0,0,0,3,0
DYNASTY,F,0,0,0,0,0,8,0
DZESIKA,F,0,0,0,0,0,13,0
DZIFA,F,0,0,0,0,0,3,0
DZIUGAS,M,0,0,0,0,0,21,0
EADEE,F,0,0,0,0,0,6,0
EADEN,M,0,0,0,0,0,6,0
EADEN,F,0,0,0,0,0,3,0
EADIE-ROSE,F,0,0,0,0,0,3,0
EADY,F,0,0,0,0,0,12,0
EALAF,F,0,0,0,0,0,3,0
EARTHA,F,0,0,0,0,0,7,0
EASA,M,0,0,0,0,0,62,0
EASAH,M,0,0,0,0,0,4,0
EASHA,F,0,0,0,0,0,17,0
EASHAR,M,0,0,0,0,0,4,0
EASHEN,M,0,0,0,0,0,3,0
EASHER,M,0,0,0,0,0,3,0
EASON,M,0,0,0,0,0,81,0
EATHEN,M,0,0,0,0,0,6,0
EAVAN,F,0,0,0,0,0,13,0
EAVIE,F,0,0,0,0,0,37,0
EBADUR,M,0,0,0,0,0,3,0
EBAN,M,0,0,0,3,0,99,3
EBANIE,F,0,0,0,0,0,3,0
EBBEN,M,0,0,0,0,0,9,0
EBON,M,0,0,0,0,0,29,0
EBONEE,F,0,0,0,0,4,19,4
EBONIE-MAI,F,0,0,0,0,0,3,0
EBONIE-ROSE,F,0,0,0,0,0,3,0
EBONNIE,F,0,0,0,3,3,63,6
EBONY-,F,0,0,0,0,0,11,0
EBONY-GRACE,F,0,0,0,0,0,32,0
EBONY-JADE,F,0,0,0,0,0,4,0
EBONY-LEIGH,F,0,0,0,0,0,4,0
EBONY-LOUISE,F,0,0,0,0,0,3,0
EBONY-MAE,F,0,0,3,0,0,30,3
EBONY-MAI,F,0,0,0,0,0,13,0
EBONY-MAY,F,0,0,0,0,0,16,0
EBONY-RAE,F,0,0,0,0,0,4,0
EBRAHEEM,M,0,0,0,0,0,3,0
EBRAR,F,0,0,0,0,0,10,0
EBRIMA,M,0,0,0,3,0,95,3
EBUBECHI,M,0,0,0,0,0,4,0
EBUBECHUKWU,M,0,0,0,0,0,41,0
EBUWA,F,0,0,0,0,0,3,0
EBYAN,F,0,0,0,0,0,4,0
ECATERINA,F,0,0,0,0,0,29,0
ECENAZ,F,0,0,0,0,0,3,0
ECRIN,F,0,0,0,0,0,69,0
ECTOR,M,0,0,0,0,0,3,0
EDAN,F,0,0,0,0,0,3,0
EDAS,M,0,0,0,0,0,10,0
EDDIE-JAMES,M,0,0,0,0,0,3,0
EDE,F,0,0,0,0,0,9,0
EDEE,F,0,0,0,0,0,52,0
EDEN-LEIGH,F,0,0,0,0,0,3,0
EDEN-LILY,F,0,0,0,0,0,3,0
EDEN-MAE,F,0,0,0,0,0,4,0
EDEN-RAE,F,0,0,0,0,0,6,0
EDEY,F,0,0,0,0,0,3,0
EDGARAS,M,0,0,0,0,0,15,0
EDGARS,M,0,0,0,0,0,6,0
EDI,M,0,0,0,0,0,25,0
EDI,F,0,0,0,0,0,8,0
EDIE-BELLE,F,0,0,0,0,0,3,0
EDIE-MAE,F,0,0,0,0,0,17,0
EDIE-MAY,F,0,0,0,0,0,14,0
EDIE-ROSE,F,0,0,0,0,0,23,0
EDIJS,M,0,0,0,0,0,3,0
EDIN,M,0,0,0,0,0,19,0
EDION,M,0,0,0,0,0,3,0
EDIS,M,0,0,0,0,0,11,0
EDITA,F,0,0,0,0,0,3,0
EDITH-ROSE,F,0,0,0,0,0,6,0
EDLYN,F,0,0,0,0,0,12,0
EDOM,F,0,0,0,0,0,3,0
EDONA,F,0,0,0,0,6,37,6
EDOSA,M,0,0,0,0,0,3,0
EDUARDA,F,0,0,0,0,0,11,0
EDUARDS,M,0,0,0,0,0,8,0
EDVARD,M,0,0,0,0,0,3,0
EDVARDAS,M,0,0,0,0,0,30,0
EDVARDS,M,0,0,0,0,0,22,0
EDVINAS,M,0,0,0,0,0,53,0
EDYN,F,0,0,0,0,0,4,0
EDYTA,F,0,0,0,0,0,14,0
EDYTH,F,0,0,0,0,0,7,0
EDYTHE,F,0,0,0,0,0,3,0
EEDIE,F,0,0,0,0,0,3,0
EEMAAN,F,0,0,0,0,0,51,0
EEMAN,F,0,0,0,0,0,42,0
EESAH,M,0,0,0,0,4,147,4
EESHAL,F,0,0,0,0,0,9,0
EESHAN,M,0,0,0,0,0,25,0
EESSA,M,0,0,0,0,0,15,0
EETHAN,M,0,0,0,0,0,3,0
EEVA,F,0,0,0,0,0,23,0
EEVIE,F,0,0,0,0,0,41,0
EFAZ,M,0,0,0,0,0,6,0
EFE,M,0,0,0,4,0,231,4
EFETOBORE,M,0,0,0,0,0,3,0
EFEZINO,M,0,0,0,0,0,3,0
EFFIA,F,0,0,0,0,0,3,0
EFFIE-ROSE,F,0,0,0,0,0,3,0
EFIA,F,0,0,0,0,0,6,0
EFOSA,M,0,0,0,0,0,28,0
EFRAIM,M,0,0,0,0,0,37,0
EFRAN,M,0,0,0,0,0,3,0
EFRATA,F,0,0,0,0,0,21,0
EFREM,M,0,0,0,0,0,3,0
EFREN,M,0,0,0,0,0,7,0
EFSA,F,0,0,0,0,0,3,0
EFTELYA,F,0,0,0,0,0,3,0
EFUA,F,0,0,3,0,0,6,3
EGE,M,0,0,0,0,0,63,0
EGHOSA,M,0,3,0,0,0,22,3
EGYPT,F,0,0,0,0,0,3,0
EGZONA,F,0,0,0,0,4,4,4
EHAAN,M,0,0,0,0,0,19,0
EHAB,M,0,3,0,0,0,18,3
EHAN,M,0,0,0,0,0,114,0
EHSANUL,M,0,0,0,0,0,3,0
EHSEN,M,0,0,0,0,3,13,3
EHTESHAM,M,0,0,4,0,0,14,4
EHTISHAM,M,0,0,0,0,0,3,0
EIDAN,M,0,0,0,0,0,4,0
EIDANAS,M,0,0,0,0,0,4,0
EIDEN,M,0,0,0,0,0,6,0
EIDENAS,M,0,0,0,0,0,7,0
EIDY,F,0,0,0,0,0,3,0
EIFA,F,0,0,0,0,0,4,0
EIJAZ,M,0,0,0,0,0,3,0
EILAH,F,0,0,0,0,0,16,0
EILIR,F,0,0,0,0,0,3,0
EILIYA,F,0,0,0,0,0,3,0
EILIYAH,F,0,0,0,0,0,326,0
EILY,F,0,0,0,0,0,10,0
EIMANTAS,M,0,0,0,0,0,53,0
EIMILE,F,0,0,0,0,0,3,0
EINION,M,0,0,0,0,0,3,0
EINORAS,M,0,0,0,0,0,3,0
EIREN,F,0,0,0,0,0,3,0
EIRI,F,0,0,0,0,0,3,0
EIRIANWEN,F,0,0,0,0,0,3,0
EIRINI,F,0,0,0,0,0,8,0
EIRY,F,0,0,0,0,0,15,0
EIRYN,F,0,0,0,0,0,4,0
EIRYS,F,0,0,0,0,0,10,0
EISAA,M,0,0,0,0,0,6,0
EISAH,M,0,0,0,0,0,25,0
EITA,M,0,0,0,0,0,8,0
EITO,M,0,0,0,0,0,4,0
EIVA,F,0,0,0,0,0,21,0
EIVISSA,F,0,0,0,0,0,12,0
EJAZ,M,0,0,0,0,0,46,0
EJIRO,M,0,0,0,0,0,3,0
EJONA,F,0,0,0,0,0,3,0
EKAM,M,0,0,0,0,0,165,0
EKAM,F,0,0,0,0,0,81,0
EKAMDEEP,F,0,0,0,0,0,3,0
EKAMJEET,M,0,0,0,0,0,6,0
EKAMJIT,M,0,0,0,0,0,7,0
EKAMJOT,M,0,0,0,0,0,30,0
EKAMJOT,F,0,0,0,0,0,27,0
EKAMPREET,F,0,0,0,0,0,21,0
EKAMPREET,M,0,0,0,0,0,9,0
EKAMVEER,M,0,0,0,0,0,23,0
EKANSH,M,0,0,0,0,0,3,0
EKATERINI,F,0,0,0,0,0,6,0
EKENE,M,0,0,0,0,0,14,0
EKHUM,F,0,0,0,0,0,3,0
EKIN,F,0,0,0,0,4,27,4
EKIN,M,0,0,0,0,3,60,3
EKKAM,F,0,0,0,0,0,4,0
EKLAVYA,M,0,0,0,0,0,3,0
EKNOOR,F,0,0,0,0,0,18,0
EKOW,M,0,0,0,0,0,11,0
EKRAM,F,0,0,0,0,0,6,0
EKREM,M,0,3,0,0,0,9,3
EKTORAS,M,0,0,0,0,0,6,0
EL,F,0,0,0,0,0,4,0
ELAAF,F,0,0,0,0,0,6,0
ELADA,F,0,0,0,0,0,3,0
ELAF,F,0,0,0,0,0,52,0
ELAH,F,0,0,0,0,0,6,0
ELAHA,F,0,0,0,0,0,18,0
ELAI,M,0,0,0,0,0,4,0
ELA-MAI,F,0,0,0,0,0,3,0
ELANAH,F,0,0,0,0,0,7,0
ELANAS,M,0,0,0,0,0,3,0
ELANAZ,F,0,0,0,0,0,3,0
ELANO,M,0,0,0,0,0,5,0
ELANORE,F,0,0,0,0,0,4,0
ELANUR,F,0,0,0,0,0,76,0
ELARNA,F,0,0,0,0,0,9,0
ELAURA,F,0,0,0,0,0,4,0
ELAY,F,0,0,0,0,0,3,0
ELAYA,F,0,0,0,0,0,3,0
ELAYAH,F,0,0,0,0,0,9,0
ELBIE,M,0,0,0,0,0,4,0
ELCHONON,M,0,3,0,0,0,15,3
ELDAD,M,0,0,0,0,0,3,0
ELDANA,F,0,0,0,0,0,73,0
ELDAR,M,0,0,0,0,0,3,0
ELDEN,M,0,0,0,0,0,38,0
ELDIN,M,0,0,0,0,0,3,0
ELEA,F,0,0,0,3,0,40,3
ELEAH,F,0,0,0,0,0,13,0
ELEANOR-MAE,F,0,0,0,0,0,12,0
ELEANOR-MAY,F,0,0,0,0,0,4,0
ELEANOR-ROSE,F,0,3,0,0,0,37,3
ELECIA,F,0,0,0,0,0,3,0
ELEENA,F,0,0,0,0,0,59,0
ELEEZA,F,0,0,0,0,0,35,0
ELEFTHERIA,F,3,0,0,0,0,15,3
ELEIGH,F,0,0,0,0,0,4,0
ELEINA,F,0,0,0,0,0,3,0
ELEIYAH,F,0,0,0,0,0,3,0
ELEKTRA,F,0,0,0,0,0,169,0
ELELTA,F,0,0,0,0,0,3,0
ELENA-MAE,F,0,0,0,0,0,3,0
ELENA-MAY,F,0,0,0,0,0,3,0
ELENA-ROSE,F,0,0,0,0,0,6,0
ELENE,F,0,0,0,0,0,15,0
ELENIE,F,0,0,0,0,0,3,0
ELEONOR,F,4,0,0,0,0,22,4
ELEORA,F,0,0,0,0,0,53,0
ELESA,F,0,0,0,0,0,3,0
ELETTRA,F,0,0,0,0,0,3,0
ELEXA,F,0,0,0,0,0,31,0
ELEXIA,F,0,0,0,0,0,25,0
ELEXIE,F,0,0,0,0,0,3,0
ELEXIS,F,0,0,0,0,0,65,0
ELEXUS,F,0,0,0,0,0,14,0
ELEYANA,F,0,0,0,0,0,3,0
ELFIDA,F,0,0,0,0,0,3,0
ELFREDA,F,0,0,0,0,0,10,0
ELHAAM,M,0,0,0,0,0,3,0
ELHAM,M,0,0,0,0,0,40,0
ELIA,M,0,0,0,0,0,41,0
ELIAH,F,0,0,0,0,0,9,0
ELIAKIM,M,0,0,0,0,0,4,0
ELIAM,M,0,0,0,0,0,3,0
ELIANAH,F,0,0,0,0,0,12,0
ELIANNA,F,0,0,0,0,0,134,0
ELIANNE,F,0,0,0,0,0,30,0
ELIASZ,M,0,0,0,0,0,3,0
ELIAV,M,0,0,0,0,0,3,0
ELICA,F,0,0,0,0,0,3,0
ELIDA,F,0,0,0,0,0,12,0
ELIEL,M,0,0,0,0,0,12,0
ELIESE,F,0,0,0,0,0,3,0
ELIFNAZ,F,0,0,0,0,0,7,0
ELIFSU,F,0,0,0,0,0,6,0
ELIH,M,0,0,0,0,0,6,0
ELIJA,F,0,0,0,0,0,86,0
ELIJA,M,0,0,0,0,0,9,0
ELIJAH,F,0,0,0,0,0,9,0
ELIJAH-JAMES,M,0,0,0,0,0,8,0
ELIJAH-MOSES,M,0,0,0,0,0,3,0
ELI-JAMES,M,0,0,0,0,0,5,0
ELIJAS,M,0,0,0,0,0,12,0
ELIJUS,M,0,0,0,0,0,39,0
ELIKEM,M,0,0,0,0,0,7,0
ELIKEM,F,0,0,0,0,0,6,0
ELIM,F,0,0,0,0,0,32,0
ELIM,M,0,0,0,0,0,8,0
ELINAM,F,0,0,0,0,0,4,0
ELINE,F,0,0,0,0,3,30,3
ELIOENAI,M,0,0,0,0,0,3,0
ELIONA,F,0,0,0,0,0,9,0
ELIOT,F,0,0,0,0,0,6,0
ELISEI,M,0,0,0,0,0,86,0
ELISEO,M,0,0,0,0,0,5,0
ELISHA-MAI,F,0,0,0,0,0,3,0
ELISHA-MARIE,F,0,0,4,0,0,7,4
ELISHA-MAY,F,0,0,0,0,0,3,0
ELISHEBA,F,0,3,0,0,0,11,3
ELISHKA,F,0,0,0,0,0,4,0
ELISSA-MAE,F,0,0,0,0,0,3,0
ELITSA,F,0,0,0,0,0,7,0
ELIYA,M,0,0,0,0,0,3,0
ELIYAH,F,0,0,0,0,0,55,0
ELIYAH,M,0,0,0,0,0,3,0
ELIYANA,F,0,0,0,0,0,3,0
ELIZABELLA,F,0,0,0,0,0,17,0
ELIZABETA,F,0,0,0,0,3,22,3
ELIZABETE,F,0,0,0,0,0,60,0
ELIZABETH-ANN,F,0,0,0,0,0,3,0
ELIZABETH-GRACE,F,0,0,0,0,0,3,0
ELIZABETH-MAY,F,0,0,0,0,0,6,0
ELIZA-GRACE,F,0,0,0,0,0,13,0
ELIZA-JANE,F,0,0,0,3,0,13,3
ELIZA-LILLY,F,0,0,0,0,0,3,0
ELIZA-LILY,F,0,0,0,0,0,4,0
ELIZA-LOUISE,F,0,0,0,0,0,3,0
ELIZA-MAE,F,0,0,0,0,0,39,0
ELIZA-MAI,F,0,0,0,0,0,10,0
ELIZA-MAY,F,0,0,0,0,0,18,0
ELIZA-RAE,F,0,0,0,0,0,12,0
ELIZA-ROSE,F,0,0,0,0,0,54,0
ELIZAVETA,F,0,4,0,0,0,108,4
ELJAY,M,0,0,0,0,0,20,0
ELJON,M,0,0,0,0,0,6,0
ELKAN,M,0,0,0,0,0,6,0
ELKANAH,M,0,0,0,0,0,6,0
ELLA-,F,0,0,0,0,3,52,3
ELLA-ANN,F,0,0,0,0,0,3,0
ELLA-ANNE,F,0,0,0,0,0,3,0
ELLA-BROOKE,F,0,0,0,0,0,13,0
ELLA-FAITH,F,0,0,0,0,0,6,0
ELLAH,F,0,0,0,3,3,84,6
ELLAINA,F,0,0,0,0,0,3,0
ELLA-JADE,F,0,0,0,0,0,55,0
ELLA-JAI,F,0,0,0,0,0,7,0
ELLA-JANE,F,0,0,0,0,3,62,3
ELLA-JAY,F,0,0,0,0,0,11,0
ELLA-JAYNE,F,0,0,0,0,0,29,0
ELLA-JEAN,F,0,0,0,0,0,6,0
ELLA-JO,F,0,0,0,0,0,6,0
ELLA-JOY,F,0,0,0,0,0,3,0
ELLA-KATE,F,0,0,0,0,0,3,0
ELLA-LEIGH,F,0,0,0,0,0,12,0
ELLALOUISE,F,0,0,0,0,0,12,0
ELLAMAE,F,0,0,4,0,0,68,4
ELLA-MAI,F,0,0,0,4,0,335,4
ELLA-MARIA,F,0,0,0,0,0,4,0
ELLA-NICOLE,F,0,0,0,0,0,3,0
ELLARA,F,0,0,0,0,0,3,0
ELLA-RAE,F,0,0,0,0,0,122,0
ELLA-RAI,F,0,0,0,0,0,3,0
ELLARIA,F,0,0,0,0,0,3,0
ELLAROSE,F,0,0,0,0,0,42,0
ELLA-RUBY,F,0,0,0,0,0,3,0
ELLA-SOPHIA,F,0,0,0,0,0,4,0
ELLE-,F,0,0,0,0,0,3,0
ELLEA,F,0,0,0,3,0,6,3
ELLEAH,F,0,0,0,0,0,12,0
ELLE-ANN,F,0,0,0,0,0,3,0
ELLEANNA,F,0,0,0,0,0,3,0
ELLECE,F,0,0,0,0,0,3,0
ELLEIGH,F,3,0,0,3,0,39,6
ELLEISHA,F,0,0,0,0,0,3,0
ELLE-LEIGH,F,0,0,0,0,0,3,0
ELLEMAE,F,0,0,0,0,0,7,0
ELLE-MAI,F,0,3,0,0,0,86,3
ELLEMAY,F,0,0,0,0,0,40,0
ELLENER,F,0,0,0,0,0,3,0
ELLENIE,F,0,0,0,0,0,9,0
ELLEN-ROSE,F,0,0,0,0,0,3,0
ELLERY,F,0,0,0,0,0,3,0
ELLESSIA,F,0,0,0,0,0,3,0
ELLEXIS,F,0,0,0,0,0,3,0
ELLIAH,F,0,0,0,0,0,12,0
ELLIE-,F,0,0,0,0,5,148,5
ELLIE-ANNA,F,0,0,0,0,0,14,0
ELLIEANNE,F,0,0,0,0,0,3,0
ELLIE-BROOKE,F,0,0,0,0,0,3,0
ELLIE-GRACE,F,0,0,0,0,0,149,0
ELLIE-J,F,0,0,0,0,0,4,0
ELLIE-JAI,F,0,0,0,0,0,9,0
ELLIE-JEAN,F,0,0,0,0,0,21,0
ELLIE-KAY,F,0,0,0,0,0,6,0
ELLIE-LEIGH,F,0,0,0,4,0,40,4
ELLIE-LOU,F,0,0,0,0,0,3,0
ELLIEMAI,F,0,0,0,0,0,23,0
ELLIE-MAII,F,0,0,0,0,0,3,0
ELLIE-MAYE,F,0,0,0,0,0,3,0
ELLIE-NICOLE,F,0,0,0,0,0,3,0
ELLIE-PAIGE,F,0,0,0,0,0,14,0
ELLIEROSE,F,0,0,0,0,0,5,0
ELLIESHA,F,0,0,0,0,6,6,6
ELLIE-SUE,F,0,0,0,0,0,6,0
ELLIETTE,F,0,0,0,0,0,12,0
ELLI-MAE,F,0,0,0,0,0,21,0
ELLI-MAI,F,0,0,0,0,0,20,0
ELLIN,F,0,0,0,0,0,18,0
ELLINA,F,0,0,0,0,3,20,3
ELLIOT-JAMES,M,0,0,0,0,0,3,0
ELLIOTT,F,0,0,0,0,0,55,0
ELLIOTTE,F,0,0,0,0,0,29,0
ELLIOTT-JAMES,M,0,0,0,0,0,6,0
ELLIS-JAMES,M,0,0,0,0,0,4,0
ELLIS-JAY,M,0,0,0,0,0,9,0
ELLISON,F,0,3,0,0,0,49,3
ELLISS,M,0,3,3,0,0,6,6
ELLISSIA,F,0,0,0,0,4,74,4
ELLIVIA,F,0,0,0,0,0,7,0
ELLIYA,F,0,0,0,0,0,4,0
ELLIYAH,F,0,0,0,0,0,4,0
ELLIZA,F,0,0,0,0,0,7,0
ELLOUISA,F,0,0,0,0,0,3,0
ELLSA,F,0,0,0,0,0,3,0
ELLSEY,F,0,0,0,0,0,3,0
ELLYANA,F,0,0,0,0,0,3,0
ELLYCIA,F,0,0,0,0,0,3,0
ELLY-MAE,F,0,0,0,0,0,3,0
ELLYSHA,F,0,0,0,3,3,17,6
ELLYSSA,F,0,0,0,0,0,3,0
ELMAS,F,0,0,0,0,0,3,0
ELMEDINA,F,0,0,0,0,0,4,0
ELMI,M,0,0,0,0,0,6,0
ELMORE,M,0,0,0,0,0,7,0
ELNA,F,0,0,0,0,0,7,0
ELNATHAN,M,0,0,0,0,0,69,0
ELNAZ,F,0,0,0,0,0,21,0
ELOAH,F,0,0,0,0,0,3,0
ELODIE-MAE,F,0,0,0,0,0,3,0
ELODIE-ROSE,F,0,0,0,0,0,4,0
ELOGHOSA,F,0,0,0,0,0,16,0
ELOGHOSA,M,0,0,0,0,0,3,0
ELOHOR,F,0,0,0,0,0,3,0
ELOI,M,0,0,0,0,0,5,0
ELOISE-MAE,F,0,0,0,0,0,3,0
ELORA-ROSE,F,0,0,0,0,0,3,0
ELORM,F,0,0,0,0,0,4,0
ELOUAN,M,0,0,0,0,0,3,0
ELSABETH,F,0,0,0,0,0,3,0
ELSA-GRACE,F,0,0,0,0,0,3,0
ELSA-MAE,F,0,0,0,0,0,10,0
ELSA-MAI,F,0,0,0,0,0,3,0
ELSA-MAY,F,0,0,0,0,0,8,0
ELSA-ROSE,F,0,0,0,0,0,23,0
ELSE,F,0,0,0,0,0,3,0
ELSEA,F,0,0,0,0,0,3,0
ELSEE,F,0,0,0,0,0,5,0
ELSEY,F,0,0,0,0,0,20,0
ELSIE-ANN,F,0,0,0,0,0,5,0
ELSIE-ANNE,F,0,0,0,0,0,6,0
ELSIE-BELLE,F,0,0,0,0,0,5,0
ELSIE-GRACE,F,0,0,0,0,0,7,0
ELSIE-JANE,F,0,0,0,0,0,7,0
ELSIE-JEAN,F,0,0,0,0,0,6,0
ELSIE-LEIGH,F,0,0,0,0,0,11,0
ELSIE-LOU,F,0,0,0,0,0,17,0
ELSIE-LOUISE,F,0,0,0,0,0,9,0
ELSIEMAE,F,0,0,0,0,0,3,0
ELSIE-MAI,F,0,0,0,0,0,64,0
ELSIE-MARIE,F,0,0,0,0,0,9,0
ELSIE-MAY,F,0,0,0,0,0,236,0
ELSIE-RAE,F,0,0,0,0,0,34,0
ELSIE-ROSE,F,0,0,0,0,0,118,0
ELSIE-VIOLET,F,0,0,0,0,0,3,0
ELSY,F,0,0,0,0,0,20,0
ELTON,M,0,0,0,0,5,66,5
ELULA,F,0,0,0,0,0,4,0
ELVI,F,0,0,0,0,0,12,0
ELVIN,F,0,0,0,0,0,6,0
ELVY,M,0,0,0,0,0,6,0
ELVY,F,0,0,0,0,0,3,0
ELYA,F,0,0,0,0,0,26,0
ELYA,M,0,0,0,0,0,4,0
ELYAN,M,0,0,0,0,0,16,0
ELYANA,F,0,0,0,0,0,41,0
ELYES,M,0,0,0,0,0,14,0
ELYN,F,0,0,0,0,0,6,0
ELYNOR,F,0,3,0,0,0,3,3
ELYON,F,0,0,0,0,0,3,0
ELYOTT,M,0,0,0,0,0,3,0
ELYSA,F,0,0,0,0,0,25,0
ELYSIE,F,0,0,0,0,0,3,0
ELYSTAN,M,0,0,0,0,0,3,0
ELYZA,F,0,0,0,4,0,58,4
ELZA,F,0,0,0,3,0,62,3
ELZBIETA,F,0,0,0,0,0,26,0
ELZE,F,0,0,0,0,0,38,0
EMAAD,M,0,0,0,0,0,47,0
EMAAN,M,0,0,0,0,0,16,0
EMAANI,F,0,0,0,0,0,3,0
EMALEE,F,0,0,0,4,0,7,4
EMALEIGH,F,0,0,0,3,0,3,3
EMALIE,F,0,0,0,0,0,3,0
EMANI,F,0,0,4,0,0,13,4
EMANUELE,M,0,0,0,0,0,31,0
EMANUELLA,F,0,0,0,0,0,21,0
EMANUELLE,F,0,0,0,0,0,6,0
EMARI,M,0,0,0,0,0,3,0
EMAYA,F,0,0,0,0,0,9,0
EMBER-ROSE,F,0,0,0,0,0,3,0
EMDADUL,M,0,0,3,0,0,6,3
EMDADUR,M,3,0,0,3,0,6,6
EMEE,F,0,0,0,0,0,10,0
EMEFA,F,0,3,0,0,0,10,3
EMEILIA,F,0,0,0,0,0,12,0
EMEKA,M,3,3,0,0,0,38,6
EMELI,F,0,0,0,0,0,129,0
EMELIA-GRACE,F,0,0,0,0,0,9,0
EMELIAH,F,0,0,0,0,0,6,0
EMELIA-MAE,F,0,0,0,0,0,3,0
EMELIA-ROSE,F,0,0,0,0,0,55,0
EMELY,F,0,0,0,0,4,39,4
EMELYN,F,0,0,0,0,0,3,0
EMERITA,F,0,0,0,0,0,5,0
EMESE,F,0,0,0,0,0,14,0
EMIEL,M,0,0,0,0,0,3,0
EMIELIA,F,0,0,0,0,0,5,0
EMIE-ROSE,F,0,0,0,0,0,4,0
EMIKA,F,0,0,0,0,0,6,0
EMILEA,F,0,0,0,0,0,9,0
EMILEE-ROSE,F,0,0,0,0,0,3,0
EMI-LEIGH,F,0,0,0,0,0,4,0
EMILEO,M,0,0,0,0,0,3,0
EMILI,F,0,0,0,0,0,81,0
EMILIA-GRACE,F,0,0,0,0,0,9,0
EMILIA-MAE,F,0,0,0,0,0,4,0
EMILIAN,M,0,0,0,0,0,45,0
EMILIANA,F,0,0,3,0,0,54,3
EMILIA-RAE,F,0,0,0,0,0,3,0
EMILIA-ROSE,F,0,0,0,0,0,58,0
EMILIE-GRACE,F,0,0,0,0,0,3,0
EMILIE-JANE,F,0,0,0,0,0,3,0
EMILIE-MAE,F,0,0,0,0,0,4,0
EMILIE-MAY,F,0,0,0,0,0,5,0
EMILIE-ROSE,F,0,0,0,0,0,36,0
EMILIJA,F,0,0,0,4,0,567,4
EMILIJUS,M,0,0,0,0,0,32,0
EMILIOS,M,0,0,0,0,0,3,0
EMILIYA,F,0,0,0,0,0,20,0
EMILJA,F,0,0,0,0,0,3,0
EMILS,M,0,0,0,0,0,36,0
EMILY-,F,0,0,0,0,3,6,3
EMILYA,F,0,0,0,0,0,3,0
EMILY-ANNE,F,0,0,0,4,0,13,4
EMILY-ELIZABETH,F,0,0,0,0,0,8,0
EMILY-GRACE,F,0,0,0,0,0,140,0
EMILY-MAI,F,0,0,0,0,0,30,0
EMILY-MARIE,F,0,0,0,0,0,11,0
EMILY-PAIGE,F,0,0,0,0,0,9,0
EMILYROSE,F,0,0,0,0,4,13,4
EMIMA,F,0,0,0,0,0,4,0
EMIRCAN,M,0,0,0,0,0,6,0
EMIRHAN,M,0,0,0,0,0,80,0
EMIS,F,0,0,0,0,0,3,0
EMMA-,F,0,0,0,0,0,7,0
EMMA-GRACE,F,0,0,0,0,0,3,0
EMMALEE,F,0,0,4,0,0,7,4
EMMALISE,F,0,0,0,0,0,3,0
EMMALYN,F,0,0,0,0,0,4,0
EMMA-MARIE,F,0,0,0,0,0,7,0
EMMA-MAY,F,0,0,0,0,0,6,0
EMMAN,F,4,0,0,0,0,26,4
EMMANOUIL,M,0,0,0,0,0,9,0
EMMANUAL,M,0,0,0,0,0,3,0
EMMAUNEL,M,0,0,0,0,0,3,0
EMMERSON,F,0,0,0,0,0,6,0
EMMIE-GRACE,F,0,0,0,0,0,3,0
EMMIE-LEIGH,F,0,0,0,0,0,19,0
EMMIE-LOU,F,0,0,0,0,0,29,0
EMMIE-LOUISE,F,0,0,0,0,0,3,0
EMMIE-MAE,F,0,0,0,0,0,20,0
EMMIE-MAY,F,0,0,0,0,0,3,0
EMMIE-RAE,F,0,0,0,0,0,11,0
EMMIE-ROSE,F,0,0,0,0,0,45,0
EMMI-LOU,F,0,0,0,0,0,3,0
EMMI-LOUISE,F,0,0,0,0,0,3,0
EMMYLOU,F,4,0,0,0,0,34,4
EMMY-LOU,F,0,0,0,0,0,7,0
EMMY-RAE,F,0,0,0,0,0,5,0
EMNA,F,0,0,0,0,0,5,0
EMNET,F,0,0,0,0,0,7,0
EMOGENE,F,0,0,0,0,0,3,0
EMON,M,0,0,0,0,0,9,0
EMORY,M,0,0,0,0,0,6,0
EMPRESS,F,0,0,0,0,0,16,0
EMY-LEIGH,F,0,0,0,0,0,3,0
EMYLIA,F,0,0,0,0,0,6,0
EN,F,0,0,0,0,0,9,0
EN,M,0,0,0,0,0,7,0
ENAAYA,F,0,0,0,0,0,6,0
ENAIYA,F,0,0,0,0,0,3,0
ENAMUL,M,3,0,4,0,0,7,7
ENARA,F,0,0,0,0,0,6,0
ENAYAH,F,0,0,0,0,0,32,0
ENDI,M,0,0,0,0,0,3,0
ENDIJA,F,0,0,0,0,0,3,0
ENDIJS,M,0,0,0,0,0,14,0
ENEA,M,0,0,0,0,0,15,0
ENEA,F,0,0,0,0,0,3,0
ENEIDA,F,0,0,0,0,0,3,0
ENFYS,F,3,0,0,0,0,85,3
ENGIN,M,0,0,3,0,0,10,3
ENGJELL,M,0,0,0,0,0,3,0
ENIJA,F,0,0,0,0,0,16,0
ENIKO,F,0,0,0,0,0,4,0
ENIOLUWA,F,0,0,0,0,0,3,0
ENITAN,F,0,0,0,0,0,3,0
ENKI,M,0,0,0,0,0,3,0
ENNIO,M,0,0,0,0,0,9,0
ENO,M,0,0,0,0,0,3,0
ENOCK,M,0,0,0,0,0,6,0
ENOH,M,0,0,0,0,0,4,0
ENORA,F,0,0,0,0,0,6,0
ENOSH,M,0,0,0,0,0,3,0
ENRIC,M,0,0,0,0,0,5,0
ENRIK,M,0,0,0,0,0,3,0
ENSAR,M,0,0,0,0,0,35,0
ENXI,F,0,0,0,0,0,4,0
ENYA-GRACE,F,0,0,0,0,0,3,0
ENZA,F,0,0,0,0,0,6,0
ENZI,M,0,0,0,0,0,6,0
EPHIE,F,0,0,0,0,0,4,0
EPHRA,M,0,0,0,0,0,3,0
EPHRAM,M,0,0,0,0,0,6,0
EPHRATA,F,0,0,0,0,0,4,0
EPHREM,M,0,0,0,0,0,3,0
EPHRON,M,0,0,0,0,0,3,0
EPONINE,F,0,0,0,0,3,10,3
EPPIE,F,0,0,0,0,0,7,0
ERA,F,0,0,0,0,0,81,0
ERALD,M,0,0,0,0,0,3,0
ERALDA,F,0,0,0,0,0,3,0
ERALDO,M,0,0,0,0,3,3,3
ERAN,M,0,3,3,0,0,29,6
ERAN,F,0,0,3,3,0,13,6
ERBLIN,M,0,0,0,3,0,7,3
ERCAN,M,3,0,0,0,0,3,3
ERDEM,M,0,0,0,0,4,79,4
ERDI,M,0,0,0,0,0,34,0
EREN,F,0,0,3,0,3,22,6
ERENCAN,M,0,0,0,0,0,6,0
ERGI,M,0,0,0,0,0,16,0
ERGYS,M,0,0,0,0,0,3,0
ERI,M,0,0,0,0,3,6,3
ERIANA,F,0,0,0,0,0,4,0
ERICA-ROSE,F,0,0,0,0,0,3,0
ERIKO,M,0,0,0,0,0,3,0
ERIKS,M,0,0,0,0,0,8,0
ERIM,M,0,0,0,0,0,7,0
ERIN-,F,0,0,0,0,0,6,0
ERIND,M,0,0,0,0,0,9,0
ERIN-GRACE,F,0,0,0,0,0,5,0
ERIN-LEIGH,F,0,0,0,0,0,3,0
ERIN-LILY,F,0,0,0,0,0,3,0
ERIN-LOUISE,F,0,0,0,0,0,11,0
ERIN-MAE,F,0,0,0,0,0,25,0
ERIN-MAI,F,0,0,0,0,0,3,0
ERIN-MARIE,F,0,0,0,0,0,4,0
ERIN-MAY,F,0,0,0,0,0,6,0
ERINOLUWA,M,0,0,0,0,0,3,0
ERIN-ROSE,F,0,0,0,0,0,55,0
ERIOLUWA,F,0,0,0,0,0,14,0
ERIS,M,0,0,0,0,0,78,0
ERISELDA,F,0,0,0,0,0,3,0
ERJONA,F,0,0,0,0,0,4,0
ERLA,F,0,0,0,0,0,4,0
ERLANDAS,M,0,0,0,0,0,3,0
ERLIS,M,0,0,0,0,0,3,0
ERLISA,F,0,0,0,0,0,3,0
ERMAN,M,0,0,0,0,0,3,0
ERMELA,F,0,0,0,0,0,3,0
ERMIAS,M,0,0,0,0,0,3,0
ERMINA,F,0,0,0,0,0,10,0
ERMIR,M,0,0,0,0,0,6,0
ERMIRA,F,0,0,0,0,0,6,0
ERNESTAS,M,0,0,0,0,0,22,0
ERNESTINA,F,0,0,0,0,0,3,0
ERNESTINE,F,0,0,0,0,0,3,0
ERNESTO,M,0,0,0,0,0,48,0
ERNESTS,M,0,0,0,0,0,9,0
ERONA,F,0,0,0,0,0,19,0
ERRAN,F,0,0,0,0,0,9,0
ERRYN,F,0,0,0,3,3,15,6
ERSA,F,0,0,0,0,0,9,0
ERSAN,M,0,0,3,0,3,6,6
ERSIN,M,0,0,0,0,0,3,0
ERTAN,M,0,0,3,0,0,6,3
ERVA,F,0,0,0,0,0,22,0
ERVINAS,M,0,0,0,0,0,10,0
ERYK,M,0,0,0,0,0,411,0
ERYKA,F,0,0,3,3,0,29,6
ERYL,F,0,0,0,0,3,3,3
ERYS,F,0,0,0,0,0,3,0
ERZA,F,0,0,0,3,3,56,6
ESAA,M,0,0,0,0,0,20,0
ESAAH,M,0,0,0,0,0,3,0
ESAAM,M,0,0,0,0,0,3,0
ESAH,M,0,0,0,0,0,92,0
ESAMAE,F,0,0,0,0,0,6,0
ESAMAI,F,0,0,0,0,0,3,0
ESDRAS,M,0,0,0,0,0,6,0
ESELD,F,0,0,0,0,0,3,0
ESENGUL,F,0,0,0,0,0,3,0
ESEOGHENE,F,0,0,3,0,0,26,3
ESEOGHENE,M,0,0,0,0,0,3,0
ESEOSA,F,0,0,0,0,0,32,0
ESEOSA,M,0,0,0,0,0,6,0
ESER,M,0,0,0,0,0,3,0
ESEY,M,0,0,0,0,0,3,0
ESHAA,F,0,0,0,0,0,15,0
ESHAAL,F,0,0,0,0,0,494,0
ESHAAN,M,0,0,0,0,0,290,0
ESHAH,F,0,0,0,0,0,6,0
ESHAL,F,0,0,0,0,0,720,0
ESHANA,F,0,0,0,0,0,21,0
ESHANI,F,0,0,0,0,0,31,0
ESHAR,F,0,0,0,0,0,3,0
ESHIKA,F,0,0,0,0,0,15,0
ESHITA,F,0,0,0,0,0,9,0
ESI,F,0,0,0,0,3,12,3
ESILA,F,0,0,0,0,0,16,0
ESIN,F,0,0,4,0,0,36,4
ESINAM,F,0,0,0,0,0,4,0
ESLEM,F,0,0,0,0,0,17,0
ESMAE-GRACE,F,0,0,0,0,0,3,0
ESMAE-ROSE,F,0,0,0,0,0,43,0
ESMAI-ROSE,F,0,0,0,0,0,14,0
ESMANUR,F,0,0,0,0,0,21,0
ESMEA,F,0,0,0,0,0,3,0
ESMEE-LOUISE,F,0,0,0,0,0,4,0
ESMEE-ROSE,F,0,0,0,0,0,23,0
ESME-JADE,F,0,0,0,0,0,3,0
ESME-LOUISE,F,0,0,0,0,0,5,0
ESME-MARIE,F,0,0,0,0,0,4,0
ESME-RAE,F,0,0,0,0,0,5,0
ESME-ROSE,F,0,0,0,0,0,77,0
ESMIA,F,0,0,0,0,0,3,0
ESOSA,F,0,0,0,3,0,37,3
ESPEN,M,0,0,0,0,0,31,0
ESPEN,F,0,0,0,0,0,3,0
ESPERANCE,F,0,0,0,0,0,3,0
ESPERANZA,F,0,0,0,0,0,6,0
ESRAA,F,0,0,0,0,0,9,0
ESROM,M,0,0,0,0,0,23,0
ESSAH,M,0,0,0,0,0,9,0
ESSAM,M,0,0,0,0,0,19,0
ESSAN,M,0,0,0,0,0,3,0
ESSENCE,F,0,0,0,0,0,13,0
ESSEY,M,0,0,0,0,0,3,0
ESSI,F,0,0,0,0,0,3,0
ESSIA,F,0,0,0,0,0,3,0
ESTERA,F,0,0,0,0,0,111,0
ESTON,M,0,0,0,0,0,3,0
ESTRELA,F,0,0,0,0,0,3,0
ESTYN,M,0,0,0,0,0,6,0
ETAIN,F,0,0,0,0,0,3,0
ETAN,M,0,0,0,0,0,4,0
ETANA,F,0,0,0,0,0,63,0
ETANAS,M,0,0,0,0,0,3,0
ETHAN-JACK,M,0,0,0,0,0,3,0
ETHAN-JAMES,M,0,0,0,0,0,94,0
ETHAN-JAY,M,0,0,0,0,0,9,0
ETHAN-LEE,M,0,0,0,0,0,46,0
ETHEM,M,0,0,0,0,0,3,0
ETHNI,F,0,0,0,0,0,3,0
ETHYN,M,0,0,0,0,0,31,0
ETINOSA,M,0,0,0,0,0,11,0
ETINOSA,F,0,0,0,0,0,4,0
ETTA-MAE,F,0,0,0,0,0,6,0
ETTORE,M,0,0,0,0,0,9,0
EULALIE,F,0,0,0,0,0,4,0
EUN,F,0,0,0,0,0,15,0
EUN,M,0,0,0,0,0,4,0
EVAAN,M,0,0,0,0,0,6,0
EVA-BELLE,F,0,0,0,0,0,7,0
EVAH,F,0,0,0,0,0,22,0
EVA-JANE,F,0,0,0,0,0,7,0
EVA-JEAN,F,0,0,0,0,0,6,0
EVA-LEIGH,F,0,0,0,0,0,5,0
EVA-LILY,F,0,0,0,0,0,36,0
EVALIN,F,0,0,0,0,0,3,0
EVALINA,F,0,0,0,0,0,41,0
EVA-LOUISE,F,0,0,0,0,0,32,0
EVALYN,F,0,0,0,0,0,413,0
EVALYNE,F,0,0,0,0,0,3,0
EVALYNN,F,0,0,0,0,0,41,0
EVALYNNE,F,0,0,0,0,0,7,0
EVA-MAI,F,0,0,0,0,0,45,0
EVA-MARIA,F,0,0,0,0,0,13,0
EVA-MAY,F,0,0,0,0,0,92,0
EVANA,F,0,0,0,0,0,64,0
EVANAS,M,0,0,0,0,0,35,0
EVANGELENE,F,0,0,0,0,0,3,0
EVANGELIA,F,0,0,0,0,0,32,0
EVANI,F,0,0,0,0,0,16,0
EVANIA,F,0,0,0,0,0,13,0
EVANN,M,0,0,0,0,0,19,0
EVANNA,F,0,0,0,0,0,59,0
EVANNE,F,0,0,0,0,3,3,3
EVANTHE,F,0,0,0,0,0,3,0
EVANTHIA,F,0,0,0,0,0,6,0
EVA-RAE,F,0,0,0,0,0,16,0
EVA-SOPHIA,F,0,0,0,0,0,4,0
EVAYA,F,0,0,0,0,0,3,0
EVEA,F,0,0,0,0,0,3,0
EVEE,F,0,0,0,0,0,59,0
EVEIE,F,0,0,0,0,0,45,0
EVELEEN,F,0,0,0,0,0,16,0
EVELIA,F,0,0,0,0,0,3,0
EVELIEN,F,0,0,0,0,0,3,0
EVELLYN,F,0,0,0,0,0,3,0
EVELYNA,F,0,0,0,0,0,4,0
EVELYN-GRACE,F,0,0,0,0,0,16,0
EVELYN-MAE,F,0,0,0,0,0,4,0
EVELYN-MAY,F,0,0,0,0,0,9,0
EVELYNN-ROSE,F,0,0,0,0,0,3,0
EVELYN-ROSE,F,0,0,0,0,0,86,0
EVEN,M,0,0,0,0,0,3,0
EVERLIE,F,0,0,0,0,0,8,0
EVERT,M,0,0,0,0,0,3,0
EVIA,F,0,0,0,0,0,16,0
EVIANA,F,0,0,0,0,0,6,0
EVIE-,F,0,0,0,0,0,21,0
EVIE-ANN,F,0,0,0,0,0,11,0
EVIE-ANNE,F,0,0,0,0,0,4,0
EVIE-BELLE,F,0,0,0,0,0,5,0
EVIE-BLOSSOM,F,0,0,0,0,0,3,0
EVIEE,F,0,0,0,0,0,80,0
EVIE-FAITH,F,0,0,0,0,0,3,0
EVIE-HOPE,F,0,0,0,0,0,3,0
EVIE-JADE,F,0,0,0,0,0,3,0
EVIE-JAE,F,0,0,0,0,0,3,0
EVIE-JAI,F,0,0,0,0,0,7,0
EVIE-JANE,F,0,0,0,0,0,25,0
EVIE-JAYNE,F,0,0,0,0,0,9,0
EVIE-JEAN,F,0,0,0,0,0,23,0
EVIE-LEA,F,0,0,0,0,0,9,0
EVIE-LEE,F,0,0,0,0,0,23,0
EVIE-LEIGH,F,0,0,0,0,0,160,0
EVIE-LILLY,F,0,0,0,0,0,3,0
EVIE-LOU,F,0,0,0,0,0,14,0
EVIE-LOUISE,F,0,0,0,0,0,86,0
EVIE-LYNN,F,0,0,0,0,0,4,0
EVIE-MAE,F,0,0,0,0,0,688,0
EVIE-MAI,F,0,0,0,0,0,321,0
EVIE-MARIA,F,0,0,0,0,0,3,0
EVIE-MARIE,F,0,0,0,0,0,72,0
EVIE-MAY,F,0,0,0,0,0,339,0
EVIE-RAE,F,0,0,0,0,0,93,0
EVIE-SUE,F,0,0,0,0,0,3,0
EVIE-WILLOW,F,0,0,0,0,0,3,0
EVIIE,F,0,0,0,0,0,3,0
EVIJA,F,0,0,0,0,0,4,0
EVIN,M,0,0,0,0,0,43,0
EVINA,F,0,0,0,0,0,5,0
EVISSA,F,0,0,0,0,0,3,0
EVLYNN,F,0,0,0,0,0,15,0
EVNI,F,0,0,0,0,0,3,0
EVON,M,0,0,0,0,0,3,0
EVONY,F,0,0,0,0,0,9,0
EVREN,M,0,0,0,0,0,69,0
EVRON,M,0,0,0,0,0,3,0
EVVIE,F,0,0,0,0,0,6,0
EVYN,M,0,0,0,0,0,30,0
EWA,F,0,0,0,0,0,170,0
EWAOLUWA,F,0,0,0,0,0,9,0
EWELINA,F,0,0,0,0,0,46,0
EWOMAZINO,F,0,0,0,0,0,3,0
EWURA,F,0,0,0,0,0,3,0
EXAUCE,M,0,0,0,0,0,35,0
EXAUCE,F,0,0,0,0,0,6,0
EXAUCEE,F,0,0,0,0,0,6,0
EXCEL,F,0,0,0,0,0,10,0
EXCEL,M,0,0,0,0,0,3,0
EXCELLENT,M,0,0,0,0,0,3,0
EYAD,M,0,3,0,0,0,118,3
EYAL,M,0,0,0,0,0,13,0
EYHAB,M,0,0,0,0,0,3,0
EYLA,F,0,0,0,0,0,14,0
EYLEM,F,0,0,0,0,0,11,0
EYLUL,F,0,0,0,0,0,125,0
EYMAN,M,0,0,0,0,0,3,0
EYMEN,M,0,0,0,0,0,35,0
EYOB,M,0,0,0,0,0,11,0
EYOEL,M,0,0,0,0,0,6,0
EYRA,F,0,0,0,0,0,3,0
EYRAH,F,0,0,0,0,0,3,0
EYSAN,F,0,0,0,0,0,15,0
EYSHA,F,0,0,0,0,0,3,0
EYTAN,M,0,0,0,0,0,20,0
EYTHAN,M,0,0,0,0,0,13,0
EYUB,M,0,0,0,0,0,3,0
EYVA,F,0,0,0,0,0,3,0
EZAAN,M,0,0,0,0,0,32,0
EZAN,M,0,0,0,0,0,3,0
EZANA,M,0,0,0,0,0,33,0
EZARA,F,0,0,0,3,0,16,3
EZECHIEL,M,0,0,0,0,0,3,0
EZEL,M,0,0,0,0,0,64,0
EZEL,F,0,0,0,0,0,31,0
EZINNE,F,0,0,0,0,0,7,0
EZMAE,F,0,0,0,0,0,129,0
EZMAE-ROSE,F,0,0,0,0,0,3,0
EZRAE,F,0,0,0,0,0,3,0
EZRAH,F,0,0,0,0,0,8,0
EZZAH,F,0,0,0,0,0,66,0
FAA'IZAH,F,0,0,0,0,0,3,0
FAAKHIR,M,0,0,0,0,0,9,0
FAARIHA,F,0,0,0,0,0,3,0
FAATIMA-ZAHRA,F,0,0,0,0,0,3,0
FAAZ,M,0,0,0,0,0,14,0
FABEHA,F,0,0,0,0,0,8,0
FABIOLA,F,0,0,0,0,3,24,3
FABION,M,0,0,0,0,0,3,0
FABLE,F,0,0,0,0,0,3,0
FABLIHA,F,0,0,3,0,0,3,3
FABRICE,M,0,0,3,0,0,9,3
FADEELAH,F,0,0,0,0,0,3,0
FADEL,M,0,0,0,0,0,3,0
FADIA,F,0,0,0,0,0,9,0
FADIL,M,0,0,0,0,0,59,0
FADILA,F,0,0,0,0,0,11,0
FADIMA,F,0,0,0,0,0,3,0
FADWA,F,0,0,0,0,3,10,3
FADZAI,F,0,0,0,0,0,17,0
FAELAN,M,0,0,0,0,0,6,0
FAEZA,F,0,0,0,0,0,10,0
FAEZAH,F,0,0,0,0,0,3,0
FAFA,F,0,0,0,0,0,9,0
FAHEMA,F,6,0,0,0,0,10,6
FAHIMAH,F,0,0,0,3,0,25,3
FAHIMUL,M,0,0,0,3,3,6,6
FAHIZA,F,0,4,0,0,0,11,4
FAHMEDA,F,0,0,0,0,0,4,0
FAHMI,M,0,0,0,0,3,18,3
FAHMID,M,0,0,0,0,3,15,3
FAHMIDAH,F,0,0,0,0,0,8,0
FAHMINA,F,3,0,0,0,3,6,6
FAHREN,M,0,0,0,0,0,3,0
FAHRIN,F,0,3,0,0,0,3,3
FAHTIMA,F,0,0,0,0,0,13,0
FAI,F,0,0,0,3,0,9,3
FAIGA,F,0,0,0,0,0,3,0
FAIGY,F,0,0,5,0,0,58,5
FAIHA,F,0,0,0,0,0,8,0
FAIMA,F,0,0,0,0,0,5,0
FAIQ,M,0,0,3,0,0,22,3
FAIQA,F,0,0,3,0,0,24,3
FAITHE,F,0,0,0,0,0,6,0
FAITHIA,F,0,0,0,0,0,3,0
FAITH-LOUISE,F,0,0,0,0,0,16,0
FAITH-MARIE,F,0,0,0,0,0,20,0
FAITH-ROSE,F,0,0,0,0,0,3,0
FAIYAZ,M,0,0,3,0,3,43,6
FAJAR,F,0,0,0,0,0,79,0
FAJER,F,0,0,0,0,0,21,0
FAJR,F,0,0,0,0,0,105,0
FALAK,M,0,0,0,0,0,15,0
FALAN,F,0,0,3,0,0,3,3
FALAQ,F,0,0,0,5,0,148,5
FALEN,F,0,0,0,0,0,3,0
FALIHA,F,0,0,0,0,0,11,0
FALISHA,F,0,0,0,0,0,53,0
FALLON,M,0,0,0,0,0,26,0
FALLYN,F,0,0,0,0,0,7,0
FALON,F,0,0,0,0,0,22,0
FAMKE,F,0,0,0,0,0,8,0
FANTASIA,F,0,0,0,0,0,11,0
FANUEL,M,0,0,0,0,0,3,0
FARAI,M,0,0,0,0,4,57,4
FARAI,F,0,0,0,0,0,4,0
FARAJ,M,0,0,0,0,0,7,0
FARAN,M,6,0,0,0,0,51,6
FARDIN,M,0,0,0,3,0,27,3
FARDOWSA,F,0,0,0,0,5,58,5
FAREEDA,F,0,0,0,0,0,18,0
FAREEDAH,F,0,0,0,0,0,63,0
FAREEDAT,F,0,0,0,0,0,7,0
FAREEN,F,3,0,0,0,0,3,3
FAREENA,F,0,0,0,0,0,3,0
FAREES,M,0,0,0,0,0,3,0
FAREN,M,0,0,0,0,0,3,0
FARES,M,0,0,0,3,0,112,3
FARHAAD,M,0,0,0,0,0,6,0
FARHANAH,F,0,0,0,0,3,16,3
FARIAH,F,0,4,0,0,0,51,4
FARIDAT,F,0,0,0,0,0,25,0
FARIDEH,F,0,0,0,0,0,5,0
FARINA,F,0,0,0,0,0,6,0
FARISHA,F,0,0,0,0,0,6,0
FARIYA,F,3,0,0,0,0,27,3
FARIYAH,F,0,0,0,0,0,3,0
FARIZ,M,0,0,0,0,0,3,0
FARKHAN,M,0,0,0,0,0,3,0
FARMAN,M,0,0,0,0,0,6,0
FARNAZ,F,0,4,0,0,0,4,4
FARON,F,0,0,0,0,0,6,0
FAROUK,M,0,0,5,0,0,51,5
FAROUQ,M,0,3,0,0,3,19,6
FARRADEH,F,0,0,0,0,0,3,0
FARRAN,M,0,0,0,0,0,36,0
FARREL,M,0,0,0,0,0,3,0
FARRELL,F,0,4,0,0,0,4,4
FARRIN,F,0,0,0,0,0,3,0
FARRON,M,0,0,0,0,0,43,0
FARRON,F,0,0,0,0,0,3,0
FARRUKH,M,3,0,0,0,0,6,3
FARRYL,F,0,0,0,0,0,3,0
FARRYN,F,0,0,0,0,0,5,0
FARTUN,F,0,0,0,0,0,10,0
FARWA,F,0,0,0,0,0,47,0
FARWAH,F,3,0,0,0,0,27,3
FARYAAL,F,0,0,0,0,0,20,0
FARYN,F,0,0,0,0,0,6,0
FARZAD,M,0,0,0,0,0,22,0
FARZAN,M,0,0,0,0,3,24,3
FARZEEN,F,0,3,0,0,3,10,6
FASEEHA,F,0,0,0,0,3,20,3
FASIHA,F,0,0,0,0,0,6,0
FATAMA,F,0,0,0,0,3,7,3
FATEEMA,F,0,0,0,0,0,10,0
FATEH,M,0,0,0,0,4,62,4
FATHIA,F,0,0,0,0,0,62,0
FATHIMAH,F,0,0,0,0,0,9,0
FATHIYA,F,0,0,0,0,0,13,0
FATHMA,F,0,0,0,0,0,11,0
FATIHAH,F,0,0,0,0,0,20,0
FATIMAHZAHRA,F,0,0,0,0,0,3,0
FATIMAH-ZAHRA,F,0,0,0,0,0,25,0
FATIMAH-ZAHRAH,F,0,0,0,0,0,3,0
FATIMAT,F,0,0,0,0,3,6,3
FATIMATOU,F,0,0,0,0,0,4,0
FATIMA-TUZ-ZAHRA,F,0,0,0,0,0,4,0
FATIMA-ZAHRA,F,0,0,0,0,0,26,0
FATIN,F,0,3,0,0,0,6,3
FATMAH,F,0,0,0,0,0,3,0
FATMANUR,F,0,0,0,0,0,8,0
FATMATA,F,4,0,0,0,0,58,4
FATOS,F,3,0,0,0,0,9,3
FATOUMATA,F,0,3,0,0,3,161,6
FATOUMATTA,F,0,0,0,0,0,45,0
FATUMATA,F,0,0,0,0,0,14,0
FAUNA,F,0,0,0,0,0,3,0
FAUSTA,F,0,0,0,0,0,43,0
FAUSTAS,M,0,0,0,0,0,46,0
FAUSTE,F,0,0,0,0,0,3,0
FAUSTINA,F,0,0,0,0,0,11,0
FAUSTINE,F,0,0,0,0,0,4,0
FAUSTO,M,0,0,0,0,0,3,0
FAUSTYNA,F,0,0,0,0,0,6,0
FAUVE,F,0,0,0,4,0,4,4
FAUZAN,M,0,0,0,0,0,13,0
FAUZIAH,F,0,0,0,0,0,3,0
FAVOR,F,0,0,0,0,0,4,0
FAWAAZ,M,0,0,0,0,0,9,0
FAWAD,M,4,0,0,0,0,68,4
FAWWAZ,M,0,0,0,4,0,62,4
FAWZAAN,M,0,0,0,0,0,3,0
FAWZAN,M,0,0,0,0,0,10,0
FAWZIYA,F,0,0,0,0,0,3,0
FAYAAZ,M,0,0,0,0,0,9,0
FAYED,M,3,0,0,3,0,6,6
FAYE-LOUISE,F,0,0,0,0,0,12,0
FAYE-MARIE,F,0,0,0,0,0,3,0
FAYEZ,M,0,0,0,5,0,24,5
FAYHA,F,0,0,0,0,0,59,0
FAYOLA,F,0,3,0,0,0,3,3
FAYROUZ,F,0,0,0,0,0,3,0
FAYTHE,F,0,0,0,0,0,5,0
FAYYAD,M,0,0,0,0,0,7,0
FAYYAZ,M,0,0,0,0,0,18,0
FAYZAAN,M,0,0,0,0,0,12,0
FAYZAN,M,3,0,0,0,0,82,3
FAZAAN,M,0,3,0,0,0,3,3
FAZAN,M,0,0,3,0,0,18,3
FAZEEL,M,0,3,0,0,0,3,3
FAZIL,M,0,0,0,0,0,11,0
FEBE,F,0,0,0,0,0,19,0
FEBIN,M,0,0,0,0,0,3,0
FEDOR,M,0,0,0,0,0,10,0
FEDORA,F,0,0,0,0,0,13,0
FEHZAAN,M,0,3,0,0,0,11,3
FEI,F,0,0,0,0,0,4,0
FEIGY,F,0,0,0,0,5,86,5
FEISAL,M,0,0,0,0,0,3,0
FEIVEL,M,0,0,3,0,0,6,3
FELESHA,F,0,3,0,0,0,3,3
FELICITAS,F,0,0,0,0,0,6,0
FELICITY-MAY,F,0,0,0,0,0,3,0
FELICITY-ROSE,F,0,0,0,0,0,15,0
FELICJA,F,0,0,0,0,0,6,0
FELIKS,M,0,0,0,0,0,57,0
FELISHA,F,0,0,0,0,4,13,4
FENIL,M,0,0,0,0,0,3,0
FENNELLA,F,0,0,0,0,0,3,0
FEODOR,M,0,0,0,0,0,3,0
FERAH,F,0,0,0,0,3,3,3
FERAS,M,3,0,0,0,0,14,3
FERDAWS,M,0,0,0,0,0,8,0
FERDIA,M,0,0,0,0,0,3,0
FERDOUS,F,0,0,0,3,0,6,3
FERDOUS,M,0,0,0,0,0,3,0
FERDOUSI,F,0,0,0,3,0,7,3
FERDOWS,M,0,0,0,0,0,3,0
FERENC,M,0,0,0,0,0,6,0
FERHAN,M,0,0,0,0,0,9,0
FERHAT,M,4,0,0,0,0,20,4
FERIDE,F,0,0,0,0,0,3,0
FERIEL,F,0,0,0,0,0,6,0
FEROZE,M,0,0,0,3,0,3,3
FERRELL,M,0,0,0,0,0,3,0
FESTUS,M,0,0,0,0,0,6,0
FEVEN,F,0,0,0,0,0,3,0
FEYISAYO,F,0,0,0,0,0,3,0
FEYNMAN,M,0,0,0,0,0,4,0
FEYSAL,M,0,0,0,0,0,4,0
FEYZA,F,0,0,0,0,0,21,0
FEZA,F,0,0,0,0,0,3,0
FEZHAN,M,0,0,0,3,0,3,3
FFYON,F,0,0,3,4,0,7,7
FFYONA,F,3,0,0,0,3,6,6
FIAZA,F,0,0,3,0,0,6,3
FIDA,F,0,0,0,0,0,6,0
FIDA,M,0,0,0,0,0,3,0
FIDAH,M,0,0,0,0,0,3,0
FIIFI,M,0,0,0,0,0,9,0
FIKRET,M,0,0,0,0,0,3,0
FILIPP,M,0,0,0,0,0,3,0
FILIPPOS,M,0,0,0,0,0,17,0
FILIPS,M,0,0,0,0,0,3,0
FILLIP,M,0,0,0,0,0,3,0
FILMON,M,0,3,0,0,0,3,3
FILSAN,F,0,0,0,3,0,38,3
FILZA,F,0,4,0,0,0,42,4
FINA,F,0,0,0,0,0,3,0
FINJA,F,0,0,0,0,0,5,0
FINLEY-J,M,0,0,0,0,0,3,0
FINNICK,M,0,0,0,0,0,7,0
FINNLEE,M,0,0,0,0,0,7,0
FINNLEIGH,M,0,0,0,0,0,3,0
FION,F,0,0,0,0,0,3,0
FIRAZ,M,0,0,0,0,0,5,0
FIROZA,F,0,0,0,0,0,3,0
FISNIK,M,0,0,0,0,3,9,3
FITZGERALD,M,0,0,0,0,0,4,0
FITZROY,M,0,0,0,0,0,7,0
FIYINFOLUWA,M,0,0,0,0,0,27,0
FIYINFUNOLUWA,F,0,0,0,0,0,3,0
FIZAA,F,0,0,0,0,0,4,0
FIZAAN,M,0,0,0,0,0,23,0
FIZAN,M,0,0,0,0,0,34,0
FIZZA,F,0,0,0,0,5,136,5
FIZZAH,F,0,0,0,0,5,125,5
FLO,F,0,0,0,0,0,113,0
FLOELLA,F,0,0,0,0,0,12,0
FLORENCE-MAY,F,0,0,0,0,0,7,0
FLORENCE-ROSE,F,0,0,0,0,0,8,0
FLORENCIA,F,0,0,0,0,0,14,0
FLORENTIA,F,0,0,0,0,0,7,0
FLORENTINA,F,0,0,0,0,0,26,0
FLORENTINE,F,0,0,0,0,0,16,0
FLORIA,F,0,0,0,0,0,4,0
FLORIANA,F,0,0,0,0,0,17,0
FLORINA,F,0,0,0,0,0,8,0
FLORIS,M,0,0,0,0,0,3,0
FLORYN,F,0,0,0,0,0,6,0
FLOSSIE,F,0,0,0,0,0,18,0
FODAY,M,0,0,0,0,0,10,0
FOLABOMI,F,0,0,0,0,0,4,0
FOLARIN,M,0,0,0,0,0,10,0
FORBES,M,0,3,0,3,0,12,6
FOREST,F,3,0,0,0,0,3,3
FORID,M,0,3,0,0,0,3,3
FOUAD,M,0,0,0,0,0,17,0
FOWZIA,F,0,0,0,0,5,24,5
FOYEZ,M,0,0,0,0,3,3,3
FOYZUL,M,0,5,0,0,0,5,5
FRAIDA,F,0,0,0,0,0,3,0
FRAIYA,F,0,0,0,0,0,9,0
FRAN,M,0,0,0,0,0,25,0
FRANCA,F,0,0,0,0,0,3,0
FRANCESCA-ROSE,F,0,0,0,0,0,4,0
FRANCIE,M,0,0,0,0,0,10,0
FRANCISZEK,M,0,0,0,0,0,604,0
FRANCK,M,0,0,0,0,0,12,0
FRANEK,M,0,0,0,0,0,79,0
FRANKA,F,0,0,0,0,0,7,0
FRANKE,M,0,0,0,0,0,3,0
FRANKEE,F,0,0,0,0,0,76,0
FRANKEE,M,0,0,0,0,0,31,0
FRANKEY,M,0,0,0,0,0,39,0
FRANKI,M,0,0,0,0,0,34,0
FRANKIE-ANN,F,0,0,0,0,0,3,0
FRANKIE-DEAN,M,0,0,0,0,0,3,0
FRANKIEE,F,0,0,0,0,0,3,0
FRANKIE-GEORGE,M,0,0,0,0,0,9,0
FRANKIE-J,M,0,0,0,0,0,4,0
FRANKIE-JAMES,M,0,0,0,0,0,24,0
FRANKIE-JANE,F,0,0,0,0,0,3,0
FRANKIE-JAY,M,0,0,0,0,0,27,0
FRANKIE-JAY,F,0,0,0,0,0,4,0
FRANKIE-JO,F,0,0,0,0,0,3,0
FRANKIE-JOE,M,0,0,0,0,0,31,0
FRANKIE-JOHN,M,0,0,0,0,0,3,0
FRANKIE-LEA,F,0,0,0,0,0,8,0
FRANKIE-LEE,M,0,0,0,3,0,95,3
FRANKIE-LEE,F,0,0,0,0,0,12,0
FRANKIE-LEIGH,F,0,0,0,0,0,71,0
FRANKIE-LOUISE,F,0,0,0,0,0,6,0
FRANKIE-MAE,F,0,0,0,0,0,18,0
FRANKIE-MAI,F,0,0,0,0,0,12,0
FRANKIE-MARIE,F,0,0,0,0,0,9,0
FRANKIE-MAY,F,0,0,0,0,0,15,0
FRANKIE-RAE,F,0,0,0,0,0,20,0
FRANKIE-RAE,M,0,0,0,0,0,3,0
FRANKIE-RAY,M,0,0,0,0,0,4,0
FRANKIE-ROSE,F,0,0,0,0,0,20,0
FRANKII,F,0,0,0,0,0,6,0
FRANKO,M,0,0,0,0,0,15,0
FRANTISEK,M,0,0,0,0,0,26,0
FRANZISKA,F,0,3,0,3,0,16,6
FRAYAH,F,0,0,0,0,0,38,0
FRAYER,F,0,0,0,0,3,31,3
FRAZEY,F,0,0,0,0,0,3,0
FREA,F,0,0,0,0,3,11,3
FREDDI,M,0,0,0,0,0,47,0
FREDDIE-GEORGE,M,0,0,0,0,0,4,0
FREDDIE-JAMES,M,0,0,0,0,0,37,0
FREDDIE-JAY,M,0,0,0,0,0,24,0
FREDDIE-JOE,M,0,0,0,0,0,16,0
FREDDIE-JOHN,M,0,0,0,0,0,3,0
FREDDIE-LEE,M,0,0,0,0,0,55,0
FREDDIE-RAY,M,0,0,0,0,0,10,0
FREDDY-JAMES,M,0,0,0,0,0,3,0
FREDDY-LEE,M,0,0,0,0,0,3,0
FREDI,M,0,0,0,0,0,16,0
FREEMAN,M,0,0,0,0,0,10,0
FREIDY,F,0,0,0,4,0,28,4
FREIJA,F,0,0,0,0,0,19,0
FRESHTA,F,0,0,0,0,0,17,0
FREYA-ANN,F,0,0,0,0,0,6,0
FREYA-ANNE,F,0,0,0,0,0,4,0
FREYA-LEIGH,F,0,0,0,0,0,13,0
FREYA-LILLY,F,0,0,0,0,0,4,0
FREYA-LILY,F,0,0,0,0,0,3,0
FREYA-LOUISE,F,0,0,0,0,0,45,0
FREYA-MAE,F,0,0,0,0,0,59,0
FREYA-MAI,F,0,0,0,0,0,29,0
FREYA-MARIE,F,0,0,0,0,0,12,0
FREYA-MAY,F,0,0,0,0,0,32,0
FREYA-ROSE,F,0,0,0,0,0,103,0
FREYJA-ROSE,F,0,0,0,0,0,3,0
FRIEDERIKE,F,0,0,0,0,0,3,0
FRIEDY,F,0,0,0,0,0,3,0
FRISHTA,F,0,0,0,0,0,6,0
FRUZSINA,F,0,0,0,0,0,3,0
FRYDERYK,M,0,0,0,0,0,31,0
FUAAD,M,0,0,0,0,0,7,0
FUCHSIA,F,0,0,0,0,0,16,0
FUNMILAYO,F,0,0,0,0,0,6,0
FUNMILOLA,F,0,0,0,0,0,3,0
FUZAIL,M,0,0,0,0,0,6,0
FYN,M,0,0,0,0,0,22,0
FYNLAY,M,0,0,0,0,0,50,0
FYNLEE,M,0,0,0,0,0,17,0
FYNNLEY,M,0,0,0,0,0,77,0
FYODOR,M,0,0,0,0,0,3,0
GABIA,F,0,0,0,0,0,22,0
GABIJA,F,0,0,0,0,0,345,0
GABRIAL,M,0,0,0,0,0,14,0
GABRIELIS,M,0,0,0,0,0,20,0
GABRIELLA-ROSE,F,0,0,0,0,0,3,0
GABRIELS,M,0,0,0,0,0,41,0
GAD,M,0,0,0,0,0,7,0
GADI,M,0,0,0,0,0,4,0
GAEL,M,0,0,0,0,0,69,0
GAELLE,F,0,0,0,0,0,12,0
GAETANO,M,0,0,0,0,0,4,0
GAGAN,F,0,0,3,0,0,10,3
GAGANPREET,F,3,3,0,0,0,6,6
GAGANPREET,M,0,0,3,0,0,3,3
GAJA,F,0,0,0,0,0,31,0
GAL,M,0,0,0,0,0,4,0
GALIA,F,0,0,0,0,0,8,0
GALINA,F,0,0,0,0,0,3,0
GALLA,F,0,0,0,0,0,3,0
GALLAGHER,M,0,0,0,0,0,7,0
GALVIN,M,0,0,0,0,0,3,0
GAMAL,M,0,3,0,0,0,6,3
GAMAR,F,0,0,0,0,0,3,0
GANEVE,F,0,0,0,0,0,5,0
GANGA,F,0,0,0,0,0,6,0
GARANCE,F,0,0,0,0,0,10,0
GARGI,F,0,0,0,0,0,11,0
GARREN,M,0,0,0,0,0,3,0
GAURI,F,0,0,0,0,0,75,0
GAURIKA,F,0,0,0,0,0,4,0
GAUTAM,M,0,0,0,0,0,46,0
GAUTHAM,M,0,0,0,0,0,31,0
GAVAN,M,0,0,0,0,0,10,0
GAVRIELLA,F,0,0,0,0,0,3,0
GAVYN,M,0,3,0,0,0,3,3
GAYA,F,0,0,0,0,0,4,0
GAYATHIRI,F,0,0,0,3,0,3,3
GAYATHRI,F,0,0,0,0,0,27,0
GAYATRI,F,0,0,4,0,0,20,4
GAZI,M,0,0,0,0,0,10,0
GBEMISOLA,F,0,0,0,0,0,6,0
GBOLAHAN,M,0,0,0,0,0,14,0
GEDALIA,M,0,0,0,0,0,4,0
GEDALYA,M,0,0,0,0,0,4,0
GEDEON,M,0,0,0,0,0,17,0
GEDIMINAS,M,0,0,0,0,0,6,0
GEET,F,0,0,0,0,0,19,0
GEETIKA,F,0,0,0,0,0,4,0
GELILA,F,0,0,0,0,0,15,0
GEM,M,0,3,0,0,3,20,6
GEM,F,0,0,0,0,0,7,0
GENA,F,3,4,0,0,0,7,7
GENEVE,F,0,0,0,0,0,3,0
GENEZA,F,0,0,0,0,0,3,0
GENNARO,M,0,0,0,0,0,15,0
GENSON,M,0,0,0,0,0,3,0
GENTA,F,0,0,0,0,0,4,0
GENTIAN,M,0,0,0,3,0,3,3
GENTIANA,F,0,0,3,0,0,6,3
GENTRIT,M,0,0,0,0,4,12,4
GEO,M,0,0,0,0,0,15,0
GEORG,M,0,0,0,0,0,3,0
GEORGEE,F,0,0,0,0,0,3,0
GEORGE-HENRY,M,0,0,0,0,0,3,0
GEORGE-JAMES,M,0,0,0,0,0,6,0
GEORGE-WILLIAM,M,0,0,0,0,0,3,0
GEORGEY,M,0,0,0,0,0,10,0
GEORGIA-GRACE,F,0,0,0,0,0,20,0
GEORGIA-MAI,F,0,0,0,3,0,25,3
GEORGIA-RAE,F,0,0,0,0,0,10,0
GEORGIE-ANN,F,0,0,0,0,0,4,0
GEORGIE-LEE,M,0,0,0,0,0,4,0
GEORGIE-LEE,F,0,0,0,0,0,3,0
GEORGIE-LEIGH,F,0,0,0,0,0,13,0
GEORGIE-MAE,F,0,0,0,0,0,27,0
GEORGIE-MAI,F,0,0,0,0,0,3,0
GEORGIE-MAY,F,0,0,0,0,0,24,0
GEORGIE-RAE,F,0,0,0,0,0,9,0
GEORGIE-ROSE,F,0,0,0,0,0,7,0
GEORGIY,M,0,0,0,0,0,9,0
GEORGY,M,0,0,0,0,0,16,0
GEORJA,F,0,0,0,0,3,6,3
GEOVANNA,F,0,0,0,0,0,6,0
GEOVANNI,M,0,0,0,0,0,7,0
GERARDAS,M,0,0,0,0,0,6,0
GERASIMOS,M,0,0,0,0,0,3,0
GERGANA,F,0,0,0,0,0,11,0
GERGELY,M,0,0,0,0,0,3,0
GERGO,M,0,0,0,0,0,15,0
GERI,M,0,0,0,0,0,3,0
GERRAN,M,0,0,0,0,0,3,0
GERSHON,M,0,0,0,0,0,17,0
GERSON,M,0,0,0,0,0,3,0
GERTIE,F,0,0,0,0,0,4,0
GESSICA,F,0,0,4,0,0,7,4
GETHEN,M,0,0,0,0,0,3,0
GEVORG,M,0,0,0,0,0,3,0
GHADA,F,0,0,3,0,0,3,3
GHADEER,F,0,0,0,0,0,3,0
GHAFOOR,M,0,3,0,0,0,3,3
GHALA,F,0,0,0,0,0,4,0
GHANIA,F,0,0,3,0,0,14,3
GHANIM,M,0,0,0,0,0,3,0
GHASSAN,M,0,0,0,0,0,10,0
GHEORGHE,M,0,0,0,0,0,15,0
GHINA,F,0,0,0,0,0,5,0
GHITA,F,0,0,0,0,0,4,0
GHULAM,F,0,3,0,0,0,11,3
GHYLL,M,0,0,0,0,0,7,0
GIAAN,M,0,0,0,0,0,12,0
GIANMARCO,M,0,0,0,0,0,4,0
GIANNIS,M,0,0,0,0,0,4,0
GIANPAOLO,M,0,0,0,0,0,3,0
GIBRIL,M,0,0,0,0,0,59,0
GILDA,F,0,0,0,0,0,5,0
GILLAN,M,0,0,0,0,0,5,0
GILLEN,M,0,0,0,0,0,3,0
GILLY,M,0,0,0,0,0,6,0
GINTARE,F,0,0,0,0,0,6,0
GIOIA,F,0,0,0,0,0,8,0
GIORGIANA,F,0,0,0,0,0,3,0
GIOVANNY,M,0,0,0,0,0,3,0
GIPSY,F,0,0,0,0,0,3,0
GIRAY,M,0,0,0,0,0,3,0
GITEL,F,0,0,0,0,0,3,0
GIVERNY,F,3,0,0,0,0,9,3
GIYA,F,0,0,0,0,0,11,0
GJERGJ,M,0,0,0,0,0,3,0
GLAIN,F,0,0,0,0,0,13,0
GLODI,M,0,0,0,0,0,7,0
GLODY,M,0,0,3,0,0,10,3
GLORIJA,F,0,0,0,0,0,3,0
GODA,F,0,0,0,0,0,168,0
GODSON,M,0,0,0,0,0,9,0
GOKAY,M,0,0,0,0,3,3,3
GOKCE,F,0,0,0,0,0,4,0
GOKDENIZ,M,0,0,0,0,0,3,0
GOKUL,M,0,0,0,0,0,3,0
GOKULAN,M,0,0,0,0,3,3,3
GOLAM,M,0,0,0,0,0,4,0
GOLDEN,M,0,0,0,0,0,6,0
GONZALO,M,0,0,0,0,0,10,0
GORGIA,F,0,0,0,0,0,4,0
GORKEM,M,0,0,0,0,0,3,0
GOURAV,M,0,0,0,0,0,3,0
GOURI,F,0,0,0,0,0,6,0
GOUTHAM,M,0,0,0,0,0,3,0
GOVINDER,M,0,4,0,0,0,4,4
GOWRI,F,0,0,0,0,0,6,0
GOWTHAM,M,0,0,0,0,0,3,0
GRACE,M,0,0,0,0,0,3,0
GRACEE,F,0,0,0,0,0,6,0
GRACE-ELIZABETH,F,0,0,0,0,0,13,0
GRACE-KELLY,F,0,0,0,0,0,3,0
GRACE-LEIGH,F,0,0,0,0,0,6,0
GRACE-LILY,F,0,0,0,0,0,12,0
GRACE-LOUISE,F,0,0,0,0,0,28,0
GRACELYN,F,0,0,0,0,0,33,0
GRACE-MARIE,F,0,0,0,0,0,19,0
GRACE-MAY,F,0,0,0,0,0,6,0
GRACE-OLIVIA,F,0,0,0,0,0,7,0
GRACE-ROSE,F,0,0,0,0,0,3,0
GRACEY,F,0,0,0,0,4,255,4
GRACEY-MAI,F,0,0,0,0,0,3,0
GRACEY-MAY,F,0,0,0,0,0,10,0
GRACI,F,0,0,0,0,0,26,0
GRACIANA,F,0,0,0,0,0,3,0
GRACIE-,F,0,0,0,0,0,6,0
GRACIE-ANN,F,0,0,0,0,0,26,0
GRACIE-ANNE,F,0,0,0,0,0,21,0
GRACIE-BELLE,F,0,0,0,0,0,3,0
GRACIE-JANE,F,0,0,0,0,0,39,0
GRACIE-JAYNE,F,0,0,0,0,0,9,0
GRACIE-JEAN,F,0,0,0,0,0,4,0
GRACIE-JO,F,0,0,0,0,0,21,0
GRACIELA,F,0,0,0,0,0,11,0
GRACIE-LEA,F,0,0,0,0,0,31,0
GRACIELLA,F,0,0,0,0,0,11,0
GRACIE-LOU,F,0,0,0,0,0,79,0
GRACIE-LOUISE,F,0,0,0,0,0,25,0
GRACIE-MAI,F,0,0,0,0,0,345,0
GRACIE-MARIE,F,0,0,0,0,0,10,0
GRACIEMAY,F,0,0,0,0,0,3,0
GRACIE-RAE,F,0,0,0,0,0,37,0
GRACIE-ROSE,F,0,0,0,0,0,91,0
GRADI,M,0,0,0,0,3,18,3
GRADY,F,0,0,0,0,3,3,3
GRAICE,F,0,0,0,0,0,3,0
GRANTAS,M,0,0,0,0,0,27,0
GRAY,M,0,0,0,0,0,115,0
GRAYCIE,F,0,0,0,0,0,7,0
GRAYDON,M,0,0,0,0,0,9,0
GRAYSEN,M,0,0,0,0,0,12,0
GRAYSON,M,0,0,0,0,0,1208,0
GRAZIA,F,0,0,0,0,0,3,0
GREATNESS,M,0,0,0,0,0,3,0
GREER,F,0,3,0,0,3,9,6
GREGORIO,M,0,0,0,0,0,8,0
GREJSI,F,0,0,0,0,0,6,0
GRETCHEN,F,0,0,0,0,0,26,0
GREY,M,0,0,0,0,0,12,0
GREYSEN,M,0,0,0,0,0,3,0
GREYSON,M,0,0,0,0,0,148,0
GRIFFYDD,M,0,0,0,0,0,21,0
GRIGORIOS,M,0,0,0,0,0,3,0
GRIGORIY,M,0,0,0,0,0,3,0
GRISHMA,F,0,0,0,0,0,3,0
GRISMA,F,0,0,0,0,0,3,0
GRZEGORZ,M,0,0,0,0,0,86,0
GULAY,F,0,0,3,0,0,10,3
GULEED,M,0,0,0,0,0,4,0
GULIZAR,F,0,0,0,0,0,3,0
GULLU,F,0,0,0,0,0,4,0
GULRAIZ,M,0,0,3,0,0,3,3
GULSAH,F,0,3,0,0,0,3,3
GULUSTAN,F,0,0,0,0,0,8,0
GULUZAR,F,0,0,0,0,0,4,0
GUNEET,F,3,0,3,0,0,60,6
GUNEET,M,0,0,0,0,0,3,0
GUNES,F,0,0,0,0,0,6,0
GUNEY,M,0,0,0,3,3,60,6
GUNNAR,M,0,0,0,0,0,19,0
GUNREET,F,0,0,0,0,0,7,0
GUNVEER,M,0,0,0,0,0,3,0
GURAMRIT,M,0,0,0,0,0,3,0
GURANSH,M,0,0,0,0,0,6,0
GURBANI,F,0,0,0,0,0,19,0
GURBIR,M,0,4,3,0,0,7,7
GURCHETAN,M,0,0,3,0,0,3,3
GURDEEP,F,3,0,3,0,0,6,6
GURDIT,M,0,0,0,6,0,36,6
GUREKAM,M,0,0,0,0,0,3,0
GURFATEH,M,0,0,0,0,0,31,0
GURJAS,M,0,0,0,0,0,10,0
GURJEET,F,3,0,3,0,0,12,6
GURJEEVAN,F,0,0,0,0,0,5,0
GURJIT,F,0,0,0,4,0,4,4
GURJOT,M,0,0,0,0,0,66,0
GURJOT,F,0,0,0,0,0,26,0
GURJYOT,F,0,0,0,0,0,3,0
GURKAN,M,0,0,0,3,0,9,3
GURKIRAT,F,0,0,0,0,0,27,0
GURMAAN,M,0,0,0,0,0,12,0
GURMAN,M,0,0,0,0,0,47,0
GURMAN,F,0,0,0,0,0,3,0
GURMEET,M,0,3,0,0,3,6,6
GURMINDER,M,5,0,0,0,0,5,5
GURNAIK,M,0,0,5,0,0,5,5
GURNAM,M,0,0,0,0,0,3,0
GURNEET,M,0,0,0,0,0,3,0
GURNEK,M,0,0,0,0,0,11,0
GURNOOR,F,0,0,0,0,0,87,0
GURNOOR,M,0,0,0,0,0,79,0
GURPRIYA,F,0,0,0,0,0,3,0
GURRAJ,M,0,0,0,0,0,7,0
GURREET,F,0,0,0,0,0,3,0
GURSAHEJ,M,0,0,0,0,0,3,0
GURSAHIB,M,0,0,0,0,0,35,0
GURSEERAT,F,0,0,0,0,0,19,0
GURSEHAJ,M,0,0,0,0,0,9,0
GURSEV,M,0,0,0,0,0,4,0
GURSHAAN,M,0,0,0,0,0,81,0
GURSHAAN,F,0,0,0,0,0,7,0
GURSHARAN,M,0,0,0,0,0,12,0
GURSIMAR,F,0,0,0,0,0,13,0
GURSIRAT,F,0,0,0,0,0,10,0
GURTAAJ,M,0,0,0,0,0,4,0
GURTAJ,M,0,0,0,0,0,32,0
GURTARAN,M,0,0,0,0,0,15,0
GURVEEN,F,0,0,5,0,0,25,5
GURVEER,F,0,0,0,0,0,6,0
GUSTAF,M,0,0,0,0,0,6,0
GUSTAVS,M,0,0,0,0,0,45,0
GUSTAW,M,0,0,0,0,0,18,0
GUSTE,F,0,0,0,0,0,89,0
GUVEN,M,0,0,3,3,0,6,6
GVIDAS,M,0,0,0,0,0,7,0
GWENO,F,0,0,0,0,0,3,0
GYAAN,M,0,0,0,0,0,4,0
GYAN,M,0,0,0,0,0,27,0
GYPSEY,F,0,0,0,0,0,7,0
GYPSIE,F,0,0,3,0,0,18,3
GYPSY-MAY,F,0,0,0,0,0,3,0
GYPSY-ROSE,F,0,0,0,0,0,3,0
GYTIS,M,0,0,0,0,0,6,0
HAAD,M,0,0,0,0,0,6,0
HAADI,M,0,0,0,0,0,126,0
HAADIA,F,0,0,0,0,0,29,0
HAADIYAH,F,0,0,0,0,3,109,3
HAAFIZAH,F,0,0,0,0,5,27,5
HAAJAR,F,0,0,0,0,0,28,0
HAAJIRAH,F,0,0,3,0,0,56,3
HAALA,F,0,0,0,0,0,15,0
HAALAH,F,0,0,0,0,0,13,0
HAANA,F,0,0,0,0,0,3,0
HAANI,M,0,0,0,0,0,3,0
HAANIA,F,0,0,0,0,0,38,0
HAANIAH,F,0,0,0,0,0,17,0
HAANIYA,F,0,0,0,0,0,54,0
HAANIYAH,F,0,0,0,0,0,30,0
HAARISAH,F,0,0,0,3,0,22,3
HAARITH,M,0,0,0,0,3,35,3
HAASHIR,M,0,0,0,0,0,39,0
HAASINI,F,0,0,0,0,0,3,0
HAAWA,F,0,0,0,0,0,3,0
HAAZIQ,M,3,0,0,0,0,50,3
HABEEL,M,0,0,0,0,0,9,0
HABEN,M,0,0,0,0,0,3,0
HABEN,F,0,0,0,0,0,3,0
HABIBAT,F,0,0,0,0,0,6,0
HABIBUL,M,0,0,0,0,0,3,0
HABIBULLAH,M,0,0,0,0,0,17,0
HABIIBA,F,0,0,0,0,0,6,0
HABON,F,0,0,0,0,0,3,0
HABOON,F,0,0,0,0,0,3,0
HADAR,F,0,0,0,0,0,3,0
HADARA,F,0,0,0,0,0,3,0
HADASA,F,0,0,0,0,0,3,0
HADASSA,F,0,0,0,0,5,83,5
HADDIE,F,0,0,0,0,0,3,0
HADDIJATOU,F,0,0,0,0,3,6,3
HADDON,M,0,0,0,0,0,3,0
HADDYJATOU,F,0,0,0,0,0,12,0
HADEAL,F,0,0,0,0,0,3,0
HADEE,M,0,0,0,0,0,3,0
HADEED,M,0,0,0,0,0,16,0
HADEEQAH,F,0,3,0,0,0,10,3
HADID,M,0,0,0,0,0,10,0
HADIJA,F,0,0,0,0,0,15,0
HADIJATOU,F,0,0,0,0,0,3,0
HADIKA,F,0,3,0,0,0,6,3
HADIL,F,0,0,0,0,0,28,0
HADIQAH,F,0,0,0,0,4,21,4
HADIS,M,0,0,0,0,0,3,0
HADIYYAH,F,0,0,0,0,0,9,0
HADIZA,F,0,3,0,0,0,6,3
HADJA,F,0,0,0,0,0,9,0
HADJER,F,0,0,0,0,0,22,0
HADLEE,M,0,0,0,0,0,4,0
HADLEIGH,F,0,0,0,0,0,4,0
HADLEY-JAMES,M,0,0,0,0,0,3,0
HADY,M,0,0,0,0,0,9,0
HADYA,F,0,0,0,0,0,48,0
HAFEEZA,F,0,3,3,0,0,29,6
HAFEEZAH,F,0,0,0,0,3,6,3
HAFEZA,F,0,0,0,0,0,3,0
HAFIZ,M,0,0,3,0,0,48,3
HAFIZUR,M,0,0,3,0,0,9,3
HAFSHA,F,0,0,0,0,0,4,0
HAFSO,F,0,0,0,0,0,3,0
HAFSSA,F,0,0,0,0,0,3,0
HAFWEN,F,0,0,0,0,0,10,0
HAFZAH,F,0,0,0,0,0,4,0
HAI,F,0,0,0,0,0,4,0
HAIDEN,F,0,0,0,0,0,6,0
HAIDER-ALI,M,0,0,0,0,0,18,0
HAIDYN,M,0,0,0,0,0,4,0
HAIKA,F,0,3,0,0,0,3,3
HAIKAL,M,0,0,0,0,0,3,0
HAILA,F,0,0,0,0,0,3,0
HAILEE,F,0,0,0,0,0,15,0
HAILIE-JADE,F,0,0,0,0,0,17,0
HAILLIE,F,0,0,0,0,0,3,0
HAIMI,F,0,0,0,0,0,3,0
HAIQAH,F,0,0,0,0,0,3,0
HAISAM,M,0,0,0,0,0,3,0
HAITHEM,M,0,0,0,0,0,3,0
HAIZEA,F,0,0,0,0,0,3,0
HAJARAH,F,0,0,0,0,0,20,0
HAJERAH,F,0,0,0,0,0,3,0
HAJIR,F,0,0,0,0,0,3,0
HAJR,F,0,0,0,0,0,3,0
HAKIMA,F,0,0,0,0,0,7,0
HALAH,F,3,0,0,0,0,3,3
HALAINA,F,0,3,0,0,0,3,3
HALE,F,0,0,0,0,0,4,0
HALEEMA-SADIA,F,0,0,0,0,0,3,0
HALEEMAT,F,0,0,0,0,0,3,0
HALENA,F,0,0,3,0,0,7,3
HALIA,F,0,0,0,0,0,10,0
HALIE,F,0,0,0,0,0,3,0
HALIMA-SADIA,F,0,0,0,0,0,4,0
HALIMAT,F,0,0,4,0,0,26,4
HALIMO,F,0,0,0,0,0,12,0
HALIT,M,0,0,0,0,0,11,0
HALIYAH,F,0,0,0,0,0,14,0
HALIYAT,F,0,0,0,0,0,6,0
HALLA,F,0,0,0,0,0,26,0
HALLEE,F,0,0,0,0,0,12,0
HALLE-MAE,F,0,0,0,0,0,30,0
HALLE-MAI,F,0,0,0,0,0,3,0
HALLE-RAE,F,0,0,0,0,0,9,0
HALLE-ROSE,F,0,0,0,0,0,11,0
HALLEY,F,0,0,0,0,0,3,0
HALLIE-GRACE,F,0,0,0,0,0,7,0
HALLIE-MAE,F,0,0,0,0,0,47,0
HALLIE-MAI,F,0,0,0,0,0,9,0
HALLIE-MARIE,F,0,0,0,0,0,3,0
HALLIE-MAY,F,0,0,0,0,0,13,0
HALLIE-RAE,F,0,0,0,0,0,17,0
HALLIE-ROSE,F,0,0,0,0,0,28,0
HAMASA,F,0,0,0,0,0,3,0
HAMD,M,0,0,0,0,0,13,0
HAMDAAN,M,0,0,3,0,0,52,3
HAMDAH,F,0,0,0,0,0,3,0
HAMDAN,M,0,0,0,4,0,153,4
HAMDI,M,0,0,0,0,3,9,3
HAMDY,M,0,0,0,0,0,3,0
HAMEDA,F,0,0,3,0,0,6,3
HAMEEDA,F,0,0,0,0,0,22,0
HAMEEDAH,F,0,0,0,0,0,14,0
HAMEEM,M,0,0,0,0,0,9,0
HAMIDULLAH,M,0,0,0,0,0,3,0
HAMIM,M,0,0,0,0,0,41,0
HAMIMA,F,0,0,0,0,0,9,0
HAMIZ,M,0,0,0,0,0,3,0
HAMMAM,M,0,0,0,0,0,13,0
HAMMED,M,3,0,0,0,0,9,3
HAMOOD,M,0,0,0,0,0,4,0
HAN,F,0,0,0,0,0,41,0
HANADI,F,0,0,0,0,0,3,0
HANAIYA,F,0,0,0,0,0,3,0
HANAN,M,0,0,0,0,4,34,4
HANASA,F,0,0,0,0,0,26,0
HANAYA,F,0,0,0,0,0,18,0
HANEEF,M,0,0,0,0,3,34,3
HANEET,F,0,0,0,0,0,4,0
HANFA,F,0,0,0,0,0,52,0
HANFAA,F,0,0,0,0,3,9,3
HANG,F,0,4,0,0,0,4,4
HANGA,F,0,0,0,0,0,6,0
HANIEL,M,0,0,0,0,0,18,0
HANIEL,F,0,0,0,0,0,3,0
HANIKA,F,0,0,0,0,0,3,0
HANIN,F,0,0,0,4,0,47,4
HANIYAH,F,0,0,0,0,0,165,0
HANIYYA,F,0,0,0,0,0,3,0
HANIYYAH,F,0,0,0,0,0,29,0
HANNAA,F,0,3,0,0,0,13,3
HANNES,M,3,0,0,0,0,19,3
HANNI,F,0,0,0,0,0,3,0
HANNIBAL,M,0,0,0,0,0,3,0
HANNIEL,M,0,0,0,0,0,6,0
HANNIYA,F,0,0,0,0,0,4,0
HANNO,M,0,0,0,0,0,3,0
HANO,M,0,0,0,0,0,26,0
HANSAH,F,0,0,0,0,0,3,0
HANSHIKA,F,0,0,0,0,0,4,0
HANSIKA,F,0,0,0,0,0,30,0
HANSINI,F,0,0,0,0,0,3,0
HANSON,M,0,0,0,0,0,46,0
HANY,F,0,0,0,0,0,11,0
HANZ,M,0,0,0,0,0,3,0
HANZALA,M,0,0,0,0,0,53,0
HANZLAH,M,0,0,0,0,0,3,0
HAO,M,3,0,0,0,3,172,6
HAO,F,0,0,0,0,0,3,0
HAORAN,M,0,0,0,0,0,3,0
HAOXUAN,M,0,0,0,0,0,3,0
HAOYU,M,0,0,0,0,0,3,0
HAQEEM,M,0,0,0,3,0,3,3
HARAJAN,M,0,0,0,0,0,3,0
HARAM,F,0,0,0,0,0,16,0
HARAS,M,0,3,0,0,0,11,3
HARBINDER,M,0,3,0,0,0,3,3
HARBOR,F,0,0,0,0,0,4,0
HARBOUR,F,0,0,0,0,0,4,0
HARDIK,M,0,0,0,0,0,4,0
HARDIT,M,0,0,0,0,0,3,0
HAREEM,F,0,0,0,0,0,323,0
HAREEM,M,0,0,0,0,0,3,0
HAREENA,F,3,0,0,0,0,3,3
HAREER,F,0,0,0,0,0,3,0
HAREL,M,0,0,0,0,0,3,0
HARESH,M,0,0,0,0,3,42,3
HARETH,M,0,0,0,0,0,3,0
HARFATEH,M,0,0,0,0,0,6,0
HARGUN,F,0,0,0,0,0,71,0
HARIHARAN,M,0,0,0,0,0,3,0
HARIN,M,0,0,0,0,0,7,0
HARINE,F,0,0,0,0,0,3,0
HARISA,F,0,0,0,0,0,12,0
HARISAH,F,0,3,0,0,0,15,3
HARISAN,M,0,0,0,0,3,3,3
HARISHAN,M,0,0,0,0,0,19,0
HARISS,M,0,0,0,0,0,12,0
HARISSON,M,0,0,0,0,0,3,0
HARIT,M,0,0,0,0,0,4,0
HARITA,F,0,0,0,0,0,3,0
HARITHA,F,0,0,0,0,0,7,0
HARIZ,M,0,0,0,0,0,20,0
HARJAAP,M,0,0,0,0,0,3,0
HARJAP,M,0,0,0,0,0,3,0
HARJAS,M,0,0,0,0,0,35,0
HARJAS,F,0,0,0,0,0,3,0
HARJEET,F,0,0,0,0,0,10,0
HARJINDER,F,0,3,0,0,0,3,3
HARJIVAN,M,0,0,0,0,0,3,0
HARJODH,M,0,0,0,0,0,3,0
HARJOTH,F,3,0,0,0,0,3,3
HARJOVAN,M,0,0,0,0,0,3,0
HARJUN,M,0,0,0,0,0,3,0
HARJYOT,M,0,0,0,0,0,3,0
HARKEERAT,M,0,0,3,0,0,12,3
HARKIERAN,M,0,0,3,0,0,3,3
HARKIRAT,F,0,0,0,0,0,36,0
HARKRISHAN,M,0,0,0,0,0,9,0
HARLA,F,0,0,0,0,0,6,0
HARLEA,F,0,0,0,0,0,11,0
HARLEI,F,0,0,0,0,0,3,0
HARLEIGH-MAE,F,0,0,0,0,0,3,0
HARLEIGH-MAI,F,0,0,0,0,0,3,0
HARLEIGH-RAE,F,0,0,0,0,0,5,0
HARLEM,F,0,0,0,0,0,6,0
HARLEY-DEAN,M,0,0,0,0,0,3,0
HARLEY-JACK,M,0,0,0,0,0,8,0
HARLEY-JAE,M,0,0,0,0,0,10,0
HARLEY-JAI,M,0,0,0,0,0,20,0
HARLEY-JAMES,M,0,0,0,0,0,129,0
HARLEY-JOE,M,0,0,0,0,0,42,0
HARLEY-JOHN,M,0,0,0,0,0,6,0
HARLEY-LEE,M,0,0,0,0,0,14,0
HARLEY-MAE,F,0,0,0,0,0,8,0
HARLEY-MAY,F,0,0,0,0,0,4,0
HARLEY-OWEN,M,0,0,0,0,0,3,0
HARLEY-QUINN,F,0,0,0,0,0,8,0
HARLEY-RAE,F,0,0,0,0,0,7,0
HARLEY-RAE,M,0,0,0,0,0,3,0
HARLEY-RAY,M,0,0,0,0,0,29,0
HARLEY-REECE,M,0,0,0,0,0,3,0
HARLEY-ROSE,F,0,0,0,0,0,33,0
HARLI,F,0,0,0,0,0,38,0
HARLI,M,0,0,0,0,0,19,0
HARLIE-ROSE,F,0,0,0,0,0,4,0
HARLIN,F,0,0,0,0,0,3,0
HARLOE,F,0,0,0,0,0,3,0
HARLOW-ROSE,F,0,0,0,0,0,4,0
HARLUN,M,0,0,0,0,0,3,0
HARLY,M,0,0,0,0,0,28,0
HARLYN,M,0,0,0,0,0,26,0
HARLYN,F,0,0,0,0,0,5,0
HARMAAN,M,0,0,0,0,0,4,0
HARMAN,F,0,0,0,0,0,58,0
HARMANDEEP,M,0,0,0,0,0,6,0
HARMANI,F,0,0,0,0,0,44,0
HARMANJIT,M,0,0,0,0,0,6,0
HARMANNAT,F,0,0,0,0,0,3,0
HARMANPREET,F,0,0,0,3,0,16,3
HARMANPREET,M,3,0,0,0,0,13,3
HARMONEY,F,0,0,0,0,0,3,0
HARMONI,F,0,0,0,0,0,71,0
HARMONIE-ROSE,F,0,0,0,0,0,3,0
HARMONY-GRACE,F,0,0,0,0,0,9,0
HARMONY-ROSE,F,0,0,0,0,0,33,0
HARNAIK,M,0,0,4,0,0,4,4
HARNAM,M,0,0,0,0,0,12,0
HARNEET,M,0,0,0,0,0,3,0
HARNOOP,F,0,0,0,0,0,3,0
HARNOOR,F,0,0,0,0,0,57,0
HAROLDAS,M,0,0,0,0,0,10,0
HARON,M,0,0,0,0,0,41,0
HARPER-GRACE,F,0,0,0,0,0,17,0
HARPER-JANE,F,0,0,0,0,0,3,0
HARPER-JO,F,0,0,0,0,0,3,0
HARPER-LEE,F,0,0,0,0,0,7,0
HARPER-LEIGH,F,0,0,0,0,0,26,0
HARPER-LILLY,F,0,0,0,0,0,14,0
HARPER-LILY,F,0,0,0,0,0,12,0
HARPER-LOUISE,F,0,0,0,0,0,9,0
HARPER-MAE,F,0,0,0,0,0,22,0
HARPER-MAI,F,0,0,0,0,0,9,0
HARPER-MAY,F,0,0,0,0,0,3,0
HARPER-RAE,F,0,0,0,0,0,35,0
HARPER-ROSE,F,0,0,0,0,0,107,0
HARPER-WILLOW,F,0,0,0,0,0,3,0
HARPRIYA,F,0,0,0,0,0,8,0
HARRAJ,M,0,0,0,3,0,3,3
HARRI,F,3,0,0,3,0,16,6
HARRIET-ROSE,F,0,0,0,0,0,4,0
HARRIETTA,F,0,0,0,0,0,6,0
HARRIS,F,0,3,0,0,0,3,3
HARRISEN,M,0,0,0,0,0,3,0
HARRISH,M,0,0,0,0,0,22,0
HARRISON-BLAKE,M,0,0,0,0,0,3,0
HARRISON-JAMES,M,0,0,0,0,0,19,0
HARRISON-LEE,M,0,0,0,0,0,20,0
HARRISSON,M,0,3,0,0,3,35,6
HARROOP,M,0,0,0,0,0,3,0
HARRY-DAVID,M,0,0,0,0,0,3,0
HARRY-GEORGE,M,0,0,0,0,0,10,0
HARRY-JACK,M,0,0,0,0,0,6,0
HARRY-JAY,M,0,0,0,0,0,16,0
HARRY-JOE,M,0,0,0,0,0,7,0
HARRY-JOHN,M,0,0,0,0,0,6,0
HARRY-LEE,M,0,0,0,0,0,46,0
HARRYSON,M,0,0,0,3,0,24,3
HARSAHIB,M,0,0,0,0,0,9,0
HARSEERAT,F,0,0,0,0,0,14,0
HARSHA,F,0,0,3,0,0,6,3
HARSHAAN,M,0,0,0,0,0,24,0
HARSHAL,M,0,0,0,0,4,14,4
HARSHAN,M,0,0,0,0,0,4,0
HARSHARAN,F,0,0,0,0,0,9,0
HARSHDEEP,M,0,0,0,0,0,6,0
HARSHI,F,0,0,0,0,0,3,0
HARSHIKA,F,0,0,0,0,0,9,0
HARSHINI,F,0,0,0,0,0,52,0
HARSHITA,F,0,0,0,0,0,42,0
HARSHITH,M,0,0,0,0,0,7,0
HARSHITHA,F,0,0,0,0,0,4,0
HARSHIV,M,3,0,0,0,0,14,3
HARSHNI,F,0,0,0,0,0,6,0
HARSHVEER,M,0,0,0,0,0,4,0
HARSIMAR,F,0,0,0,0,0,10,0
HARSIMRAT,F,0,3,3,0,0,15,6
HARSIRAT,F,0,0,0,0,0,4,0
HARSUKH,M,0,0,0,0,0,3,0
HARTEJ,M,0,0,0,3,0,12,3
HARUNA,F,4,0,0,0,0,7,4
HARUTO,M,0,0,0,0,0,3,0
HARUUN,M,0,0,0,0,0,21,0
HARVEE,M,0,0,0,0,0,14,0
HARVEEN,M,0,0,3,0,0,3,3
HARVEER,F,0,0,0,0,0,3,0
HARVEY-DEAN,M,0,0,0,0,0,3,0
HARVEY-GEORGE,M,0,0,0,0,0,3,0
HARVEY-JACK,M,0,0,0,0,0,6,0
HARVEY-JAI,M,0,0,0,0,0,8,0
HARVEY-JAY,M,0,0,0,0,0,83,0
HARVEY-JOE,M,0,0,0,0,0,13,0
HARVEYLEE,M,0,0,0,0,0,5,0
HARVEY-LEIGH,M,0,0,0,0,0,6,0
HARVEY-RAY,M,0,0,0,0,0,3,0
HARVI,M,0,0,0,0,0,38,0
HARVIE,F,0,0,0,0,0,4,0
HARVIND,M,0,0,0,0,3,3,3
HARVY,M,0,0,0,0,0,13,0
HARYAN,M,0,0,0,0,0,3,0
HASAAM,M,0,0,0,3,0,3,3
HASANA,F,0,0,0,0,0,6,0
HASANAH,F,0,0,0,0,0,6,0
HASANAIN,M,0,0,0,3,0,13,3
HASANAT,F,0,0,0,0,0,11,0
HASANAYN,M,0,0,0,0,0,3,0
HASEEBAH,F,0,0,0,0,0,3,0
HASEENAH,F,3,0,3,0,0,14,6
HASENAT,F,0,0,0,0,0,4,0
HASHAAM,M,0,0,0,0,0,15,0
HASHMAT,M,0,0,0,0,0,4,0
HASHMEET,M,0,0,0,0,0,3,0
HASHVEER,M,0,0,0,0,0,3,0
HASIBAH,F,0,0,0,0,0,8,0
HASIFA,F,0,0,0,0,0,6,0
HASIM,M,0,0,0,0,0,10,0
HASIN,M,0,0,0,0,3,14,3
HASINAH,F,0,0,0,0,5,17,5
HASINI,F,0,0,0,0,0,29,0
HASNAA,F,0,0,0,3,0,3,3
HASNAH,F,0,0,0,0,0,3,0
HASNATH,M,0,0,0,0,3,3,3
HASNAYN,M,0,0,0,0,0,3,0
HASRET,F,0,0,0,0,0,3,0
HASSAM,M,0,4,0,0,0,14,4
HASTI,F,0,0,0,0,0,54,0
HASTIN,M,0,0,0,0,0,3,0
HASTY,F,0,0,0,0,0,8,0
HASTYAR,M,0,0,0,0,0,3,0
HATEM,M,0,0,0,0,0,3,0
HATTY,F,0,0,0,0,0,32,0
HAVA,F,0,0,0,0,0,21,0
HAVAL,M,0,0,0,0,0,3,0
HAVANAH,F,0,0,0,0,0,8,0
HAVANNAH,F,0,0,0,0,0,15,0
HAVEN,F,0,0,0,0,0,13,0
HAVEN,M,0,0,0,0,0,10,0
HAVIN,F,0,0,0,0,0,124,0
HAVISHA,F,0,0,0,0,0,4,0
HAVVA,F,0,0,3,0,0,17,3
HAWAA,F,0,0,0,0,0,51,0
HAWABIBI,F,0,0,0,0,0,4,0
HAWAH,F,0,0,0,0,0,14,0
HAWANATU,F,0,0,0,0,0,3,0
HAWDAM,M,0,0,0,0,0,3,0
HAWRAA,F,0,0,0,0,0,4,0
HAWWAA,F,0,0,0,0,0,29,0
HAWWAH,F,0,0,0,0,0,10,0
HAWYS,F,0,0,3,0,0,9,3
HAYAA,F,0,0,0,0,0,32,0
HAYAAN,M,0,0,0,0,3,44,3
HAYAAT,F,0,0,0,0,0,17,0
HAYAH,F,0,0,0,3,0,40,3
HAYAL,F,0,0,0,0,0,3,0
HAYAN,M,0,0,0,0,0,22,0
HAYAT,M,0,0,0,0,0,3,0
HAYDEE,F,0,0,0,0,0,6,0
HAYDEN-JAMES,M,0,0,0,0,0,18,0
HAYDEN-LEE,M,0,0,0,0,0,12,0
HAYES,M,0,0,0,0,0,9,0
HAYET,F,0,0,0,0,0,8,0
HAYFA,F,0,0,3,0,0,33,3
HAYLA,F,0,0,0,0,0,3,0
HAYLEA,F,0,0,0,3,0,3,3
HAYLEN,F,0,0,0,0,0,3,0
HAYLEY-JADE,F,0,0,0,0,0,16,0
HAYLEY-MARIE,F,3,0,0,0,0,3,3
HAYSAM,M,0,0,0,0,0,3,0
HAYTHEM,M,0,0,0,0,0,6,0
HAYWOOD,M,0,0,0,0,0,3,0
HAYYA,F,0,0,0,0,0,3,0
HAYYAAN,M,0,0,0,0,0,33,0
HAYYAN,M,0,0,0,4,0,171,4
HAZAR,M,0,0,0,3,0,11,3
HAZE,M,0,0,0,0,0,7,0
HAZEL-GRACE,F,0,0,0,0,0,6,0
HAZEM,M,0,0,0,0,0,15,0
HAZIM,M,0,0,0,0,0,25,0
HAZIQAH,F,0,0,0,0,0,18,0
HAZIRAH,F,0,0,0,0,0,3,0
HAZRAT,M,0,0,0,0,0,3,0
HE,M,0,0,0,0,0,4,0
HEALEY,M,0,0,0,0,0,11,0
HEAVEN,M,0,0,0,0,0,20,0
HEAVENLEIGH,F,0,0,0,0,3,3,3
HEBAH,F,0,0,0,0,0,20,0
HEBRON,F,0,0,0,0,0,3,0
HEDAYA,F,0,0,0,0,0,4,0
HEDDWYN,M,0,0,0,0,0,3,0
HEDI,F,0,0,0,0,0,3,0
HEDY,F,0,0,0,4,0,7,4
HEEBA,F,0,0,0,0,0,19,0
HEELA,F,0,0,0,0,0,46,0
HEER,F,0,0,0,0,0,93,0
HEERA,F,0,0,0,0,0,19,0
HEERAL,F,0,3,0,0,0,3,3
HEET,M,0,0,0,0,0,9,0
HEEYA,F,0,0,0,0,0,17,0
HEIDI-GRACE,F,0,0,0,0,0,3,0
HEIDI-LEIGH,F,0,0,0,0,0,10,0
HEIDI-LOU,F,0,0,0,0,0,4,0
HEIDI-MAE,F,0,0,0,0,0,10,0
HEIDI-MAY,F,0,0,0,0,0,7,0
HEIDI-RAE,F,0,0,0,0,0,3,0
HEIDI-ROSE,F,0,0,0,0,0,22,0
HEITOR,M,0,0,0,0,0,6,0
HEJA,F,0,0,0,0,0,3,0
HEJAN,F,0,0,0,0,0,3,0
HEJRAN,M,0,0,0,0,0,6,0
HELAN,F,0,0,0,0,0,8,0
HELI,F,0,0,0,0,0,13,0
HELIA,F,0,0,0,0,0,12,0
HELLA,F,0,0,0,0,0,8,0
HELOISA,F,0,0,0,0,0,3,0
HEMAN,M,0,0,0,0,0,3,0
HEMANI,F,4,0,0,0,0,22,4
HEMANYA,F,0,0,0,0,0,3,0
HEMEN,M,0,0,0,0,0,3,0
HEMI,F,0,0,0,0,0,6,0
HEMIL,M,0,0,0,0,0,3,0
HEMISHA,F,0,0,0,0,0,3,0
HEMMA,F,0,3,0,0,0,9,3
HEND,F,0,0,0,0,0,3,0
HENDERSON,M,0,0,0,0,0,12,0
HENG,M,0,0,0,0,0,3,0
HENI,F,0,0,0,0,0,4,0
HENIL,M,0,0,0,0,0,20,0
HENLEE,M,0,0,0,0,0,7,0
HENLEIGH,M,0,0,0,0,0,3,0
HENLEY,F,0,0,0,0,0,9,0
HENLEY-JAMES,M,0,0,0,0,0,4,0
HENLEY-JOHN,M,0,0,0,0,0,3,0
HENLI,M,0,0,0,0,0,4,0
HENLIE,M,0,0,0,0,0,7,0
HENLY,M,0,0,0,0,0,13,0
HENNESSEY,M,0,0,0,0,0,3,0
HENNESSY,F,0,0,0,0,0,8,0
HENNIE,F,0,0,0,0,0,10,0
HENNY,F,0,0,0,0,0,65,0
HENOC,M,0,0,0,0,0,13,0
HENOS,M,0,0,0,0,0,20,0
HENRICK,M,0,0,0,0,0,3,0
HENRIJS,M,0,0,0,0,0,7,0
HENRY-JAY,M,0,0,0,0,0,3,0
HENRY-JOHN,M,0,0,0,0,0,6,0
HENRYK,M,0,0,0,0,0,69,0
HENRY-LEE,M,0,0,0,0,0,3,0
HENRY-THOMAS,M,0,0,0,0,0,3,0
HENSON,M,0,0,0,0,0,25,0
HERAN,F,0,0,0,0,0,4,0
HERKUS,M,0,0,0,0,0,34,0
HERMARNI,F,0,0,0,0,0,4,0
HERMELA,F,0,0,0,0,0,57,0
HERMOINE,F,0,0,0,0,0,10,0
HERMON,F,0,0,0,0,0,9,0
HERSHEL,M,0,0,0,0,0,30,0
HERSHI,M,0,0,0,0,0,7,0
HERSHY,M,0,0,0,0,3,58,3
HERSI,M,0,0,0,0,0,3,0
HERVE,M,0,0,0,0,0,3,0
HESPER,F,0,0,0,0,0,3,0
HET,M,0,0,0,0,0,33,0
HETANSH,M,0,0,0,0,0,3,0
HETI,F,0,0,0,0,0,9,0
HETTIE-MAY,F,0,0,0,0,0,3,0
HETVI,F,0,0,0,0,0,32,0
HEULYN,M,0,0,0,0,0,3,0
HEVIN,F,0,0,0,0,0,25,0
HEW,M,0,0,0,0,0,8,0
HEWAD,M,0,0,0,0,0,10,0
HEYABEL,F,0,0,0,0,0,3,0
HEYAM,F,0,0,0,0,0,3,0
HEYAN,M,0,0,0,0,0,8,0
HEYDON,M,0,0,0,0,0,4,0
HEZEKIAH,M,0,0,0,0,3,130,3
HEZRON,M,0,0,0,0,0,9,0
HIBAAQ,F,0,3,0,0,0,9,3
HIBATULLAH,F,0,0,0,0,0,34,0
HICHEM,M,0,0,0,0,0,3,0
HIDAAYAH,F,0,0,0,0,0,6,0
HIDAYAH,F,0,0,0,0,0,82,0
HIDEAKI,M,0,0,0,0,0,3,0
HIFZAH,F,0,0,0,0,3,15,3
HIJAAB,F,0,0,0,0,0,6,0
HIJAB,F,0,0,0,0,0,36,0
HIKMA,F,0,0,0,0,0,9,0
HIKMAH,F,0,0,0,0,0,22,0
HIKMAT,F,0,0,0,0,0,7,0
HILAL,F,0,0,0,0,3,39,3
HILAL,M,0,0,0,0,0,32,0
HILLA,F,0,0,0,0,0,3,0
HILLEL,M,0,3,0,0,0,10,3
HIMA,F,0,0,0,0,0,3,0
HIMANSHU,M,0,0,0,0,0,15,0
HIMAT,M,0,0,5,0,0,14,5
HIMMAT,M,0,0,0,6,0,101,6
HINAA,F,0,0,0,0,0,3,0
HINDA,F,0,0,0,0,6,43,6
HINDI,F,0,0,0,0,0,3,0
HINDY,F,0,0,0,0,4,96,4
HIRAD,M,0,0,0,0,0,4,0
HIRAH,F,4,0,0,0,0,140,4
HIROTO,M,0,0,0,0,0,9,0
HIS,M,0,0,0,0,0,3,0
HISSAN,M,0,0,0,0,0,6,0
HITANSH,M,0,0,0,0,0,3,0
HIU,F,0,0,0,0,0,7,0
HIVAY,F,0,0,0,0,0,3,0
HIVDA,F,0,0,0,0,0,21,0
HIYA,F,0,0,0,0,0,38,0
HIYAB,F,0,0,0,0,0,10,0
HIYABEL,F,0,0,0,0,0,7,0
HIYAM,F,0,0,0,0,0,9,0
HO,F,0,4,0,0,0,7,4
HOANG,F,0,0,0,0,0,4,0
HODON,F,0,0,4,0,0,7,4
HOI,M,0,0,0,0,3,3,3
HOK,M,0,0,0,0,0,3,0
HOLI,F,0,0,0,0,0,3,0
HOLLAND,M,0,0,0,0,0,3,0
HOLLEE,F,0,0,0,0,0,9,0
HOLLIANNE,F,0,0,0,0,0,3,0
HOLLIE-ANN,F,0,0,0,0,3,35,3
HOLLIE-GRACE,F,0,0,0,0,0,13,0
HOLLIE-JANE,F,0,0,0,0,0,4,0
HOLLIE-JO,F,0,0,0,0,0,9,0
HOLLIE-LOUISE,F,0,0,0,0,0,25,0
HOLLIE-MAI,F,0,0,0,0,0,54,0
HOLLIE-RAE,F,0,0,0,0,0,4,0
HOLLIE-ROSE,F,0,0,0,0,4,75,4
HOLLIS,M,0,0,0,0,0,7,0
HOLLIS,F,0,0,0,0,0,3,0
HOLLYE,F,0,0,0,0,0,8,0
HOLLY-GRACE,F,0,0,0,0,0,9,0
HOLLY-JAYNE,F,0,0,0,0,0,3,0
HOLLY-JO,F,3,0,0,0,0,9,3
HOLLY-MAI,F,0,0,0,0,0,13,0
HOLLYMAY,F,0,0,0,0,0,6,0
HOLLY-MAY,F,0,0,0,5,0,91,5
HOLY,F,0,0,0,0,0,33,0
HOLY,M,0,0,0,0,0,4,0
HOMAIRA,F,4,0,0,0,0,4,4
HOMAYRA,F,3,0,0,0,0,3,3
HON,M,0,0,3,0,0,3,3
HONEY-BELLE,F,0,0,0,0,0,3,0
HONEY-LEIGH,F,0,0,0,0,0,10,0
HONEY-LOU,F,0,0,0,0,0,3,0
HONEY-LOUISE,F,0,0,0,0,0,3,0
HONEY-MAE,F,0,0,0,0,0,40,0
HONEY-MAI,F,0,0,0,0,0,13,0
HONEY-MARIE,F,0,0,0,0,0,3,0
HONEY-MAY,F,0,0,0,0,0,27,0
HONEY-RAE,F,0,0,0,0,0,10,0
HONEY-ROSE,F,0,0,0,0,0,78,0
HONEYSUCKLE,F,0,0,0,0,0,12,0
HONG,F,0,0,0,0,0,9,0
HONI,F,0,0,0,0,0,3,0
HONIA,F,0,0,0,0,0,6,0
HONIE,F,0,0,0,0,0,13,0
HONORA,F,0,0,0,0,0,6,0
HONORIA,F,0,0,0,0,0,11,0
HONYA,F,0,0,0,0,0,13,0
HOODA,F,0,0,0,3,0,3,3
HOODO,F,0,0,0,0,0,6,0
HOOPER,M,0,0,0,0,0,3,0
HOOR,F,0,0,0,0,0,30,0
HOORAIN,F,0,0,0,0,0,69,0
HOORIA,F,0,0,0,0,0,163,0
HOORIYA,F,0,0,0,0,0,163,0
HOORIYAH,F,0,0,0,0,0,24,0
HOPE,M,0,0,0,0,0,21,0
HOPE-ELIZABETH,F,0,0,0,0,0,3,0
HOPE-LOUISE,F,0,0,0,0,0,4,0
HORIA,M,0,0,0,0,0,4,0
HORIA,F,0,0,0,0,0,3,0
HOSAAM,M,0,0,3,0,0,3,3
HOSAM,M,0,3,0,0,0,6,3
HOSANA,F,0,0,0,0,0,3,0
HOSEA,M,0,0,0,0,0,27,0
HOSNA,F,0,0,0,0,0,37,0
HOSSAM,M,3,0,0,0,0,6,3
HOU,M,0,0,0,0,0,3,0
HOURIA,F,0,0,0,0,0,3,0
HOUSSAM,M,0,3,0,0,0,3,3
HREHAAN,M,0,0,0,0,0,4,0
HRIAN,M,0,0,0,0,0,4,0
HRIDAAN,M,0,0,0,0,0,3,0
HRIDAY,M,0,0,0,0,0,32,0
HRIDAYA,M,0,0,0,0,0,3,0
HRIDHAAN,M,0,0,0,0,0,20,0
HRISHA,F,0,0,0,0,0,3,0
HRISHIKESH,M,0,0,0,0,0,10,0
HRISTO,M,0,0,0,0,0,22,0
HRITHIK,M,0,0,0,0,0,37,0
HRITHIKA,F,0,0,0,0,0,3,0
HRITIKA,F,0,0,0,0,0,7,0
HUBERTAS,M,0,0,0,0,0,3,0
HUD,M,0,0,0,0,0,16,0
HUDAA,F,0,0,0,0,0,3,0
HUDAIFAH,M,0,3,0,0,0,6,3
HUDAYFA,M,0,0,0,0,0,14,0
HUDAYFAH,M,0,0,0,0,0,7,0
HUDAYFI,M,0,0,0,0,0,3,0
HUDEYFA,M,0,0,0,0,0,15,0
HUDHAIFA,M,0,0,0,0,0,21,0
HUDHAIFAH,M,0,0,0,0,0,14,0
HUDHAYFA,M,0,0,0,0,0,11,0
HUDHAYFAH,M,0,0,5,0,0,62,5
HUDSON,F,0,0,0,0,0,3,0
HUFSA,F,0,0,0,0,0,6,0
HUFSAH,F,0,0,0,0,3,3,3
HUGAS,M,0,0,0,0,0,5,0
HUKAM,M,0,0,0,0,0,8,0
HUMAAM,M,0,4,0,0,0,4,4
HUMAH,F,0,0,0,0,0,3,0
HUMAIMA,F,0,0,0,0,0,6,0
HUMAIR,M,0,0,0,3,0,7,3
HUMAM,M,0,0,0,0,0,3,0
HUMARA,F,0,3,0,0,0,9,3
HUMAYD,M,0,0,0,0,0,20,0
HUMAYL,M,0,0,0,0,0,58,0
HUMAYRAH,F,0,0,0,0,3,88,3
HUMEIRA,F,0,0,0,0,0,7,0
HUMERAH,F,0,0,0,0,0,6,0
HUMEYRA,F,0,0,0,0,0,3,0
HUMIRA,F,0,0,0,0,0,3,0
HUMMERA,F,3,0,0,0,0,3,3
HUMNAH,F,0,0,0,3,0,31,3
HUMYRA,F,0,0,0,0,0,4,0
HUNNI,F,0,0,0,0,0,25,0
HUNNIE,F,0,0,0,0,0,64,0
HUNNY,F,0,0,0,0,0,17,0
HUNOR,M,0,0,0,0,0,25,0
HUNTER,F,0,0,0,0,0,9,0
HUNTER-JAMES,M,0,0,0,0,0,7,0
HUNTER-RAY,M,0,0,0,0,0,3,0
HUNTER-ROSE,F,0,0,0,0,0,3,0
HURAIN,F,0,0,0,0,0,10,0
HURAIRA,M,0,0,0,0,0,3,0
HURAIRAH,M,0,0,0,0,0,13,0
HURIA,F,0,0,0,0,0,7,0
HURIYYAH,F,0,0,0,0,0,17,0
HURREM,F,0,0,0,0,0,3,0
HURSH,M,0,0,0,0,0,3,0
HUSAAM,M,0,0,0,0,0,35,0
HUSAINA,F,0,0,0,0,0,7,0
HUSAYN,M,0,0,0,3,3,117,6
HUSNAH,F,0,0,0,0,0,10,0
HUSNAYN,M,0,0,0,0,0,7,0
HUSNEIN,M,0,0,0,3,0,3,3
HUSNI,M,0,0,0,0,0,3,0
HUSSEN,M,0,0,0,0,0,6,0
HUSSIEN,M,0,0,0,0,0,23,0
HUSSIN,M,0,0,0,0,0,3,0
HUSSNA,F,0,0,0,0,0,3,0
HUZAIR,M,0,0,0,0,0,3,0
HUZAYFA,M,0,0,0,0,0,12,0
HUZAYFAH,M,0,0,3,0,3,40,6
HUZAYL,M,0,0,0,0,0,4,0
HYAB,M,0,0,0,0,0,3,0
HYAB,F,0,0,0,0,0,3,0
HYLTON,M,0,0,0,0,0,4,0
IACOB,M,0,0,0,0,0,4,0
IACOV,M,0,0,0,0,0,29,0
IANA,F,0,0,0,0,0,3,0
IANNA,F,0,0,0,0,0,3,0
IARA,F,0,0,0,0,0,39,0
IARLA,M,0,0,0,0,0,3,0
IASHA,F,3,0,0,4,0,7,7
IASMINA,F,0,0,0,0,0,19,0
IASON,M,0,0,0,0,0,10,0
IBAAD,M,0,0,0,0,0,46,0
IBAD,M,0,0,0,0,0,5,0
IBADAH,F,0,0,0,0,0,3,0
IBBIE,F,0,0,0,0,0,3,0
IBRAAHIM,M,0,0,0,0,0,11,0
IBRAHEM,M,0,0,0,0,0,8,0
IBRAHIIM,M,0,0,0,0,0,12,0
IBRAHIMA,M,0,0,0,0,0,29,0
IBTIHAAL,F,0,0,0,0,0,3,0
IBTIHAJ,F,0,0,0,0,0,3,0
IBTISAAM,F,0,0,0,0,0,14,0
IBTISAM,M,0,0,0,0,0,3,0
IBTISSAM,F,0,0,0,0,0,3,0
IBUKUNOLUWA,M,0,0,0,0,0,35,0
ICE,M,0,0,0,0,3,3,3
ICY,F,0,0,0,0,0,3,0
IDAL,F,0,0,0,0,0,4,0
IDALIA,F,0,0,0,0,0,3,0
IDAN,M,0,0,0,0,0,10,0
IDARA,F,0,0,0,0,0,3,0
IDDO,M,0,0,0,0,0,6,0
IDEN,M,0,0,0,0,0,23,0
IDO,M,0,0,0,0,0,10,0
IDRISSA,M,0,0,0,0,0,6,0
IEASHA,F,0,0,0,3,3,6,6
IEAUN,M,0,3,0,3,0,23,6
IEESHA,F,0,0,0,0,0,13,0
IEISHA,F,0,0,0,0,0,3,0
IESA,M,0,0,0,0,3,18,3
IESHAA,F,0,0,0,0,0,6,0
IFAT,F,0,0,0,0,0,4,0
IFE,F,0,0,0,0,0,3,0
IFEANYI,M,0,0,0,0,0,11,0
IFEANYICHUKWU,M,0,3,0,0,0,33,3
IFECHUKWUDE,M,0,0,0,0,0,6,0
IFEDAYO,M,0,0,0,0,0,3,0
IFEOLUWAPO,M,0,0,3,0,0,3,3
IFETAYO,F,0,0,0,0,0,3,0
IFRAZ,M,0,0,0,0,3,14,3
IFSAH,F,3,0,0,0,0,3,3
IFTEKAR,M,0,0,3,0,0,3,3
IFTEKHAR,M,0,0,0,0,0,4,0
IFTIKAR,M,0,0,0,0,3,3,3
IFUNANYA,F,0,0,0,0,0,8,0
IFUNANYACHUKWU,F,0,0,0,0,0,5,0
IFZAH,F,0,0,0,0,0,3,0
IHAB,M,0,0,0,0,0,7,0
IHINOSEN,F,0,0,0,0,0,3,0
IHSAN,F,0,0,0,0,0,17,0
IHTESHAM,M,0,0,0,0,0,13,0
IIYLA,F,0,0,0,0,0,3,0
IJAAZ,M,0,0,0,0,0,6,0
IJAH,M,0,3,0,0,0,3,3
IKECHI,M,0,0,0,3,0,3,3
IKECHUKWUKA,M,0,0,0,0,0,3,0
IKEMEFUNA,M,0,0,0,0,0,3,0
IKEOLUWA,F,0,3,0,0,0,3,3
IKER,M,0,0,0,0,0,30,0
IKHLAAS,F,0,0,0,0,0,15,0
IKHLAAS,M,0,0,0,0,0,3,0
IKJOT,M,0,0,0,0,0,3,0
IKPONMWOSA,M,0,0,0,0,0,14,0
IKRAAM,F,0,0,0,0,0,25,0
IKRAAN,F,0,0,0,0,0,9,0
IKRANUR,F,0,0,0,0,0,3,0
ILAH,F,0,0,0,0,0,12,0
ILAI,M,0,0,0,0,0,9,0
ILAKKIYA,F,0,0,0,0,0,3,0
ILANAH,F,0,0,0,0,0,3,0
ILANI,F,0,0,0,0,0,6,0
ILA-ROSE,F,0,0,0,0,0,3,0
ILAY,M,0,0,0,0,0,3,0
ILEANA,F,0,0,0,0,0,30,0
ILERIOLUWA,M,0,0,0,0,0,6,0
ILERIOLUWA,F,0,0,0,0,0,6,0
ILESH,M,0,0,0,0,0,3,0
ILHAAM,F,0,0,0,0,4,41,4
ILHAAN,F,0,0,0,0,0,34,0
ILHAM,M,0,0,0,0,0,16,0
ILHAN,M,0,0,0,0,0,47,0
ILIAN,M,0,0,0,0,0,9,0
ILIANNA,F,0,0,0,0,0,3,0
ILIE,M,0,0,0,0,0,7,0
ILIJA,M,0,0,0,3,0,3,3
ILINA,F,0,0,0,0,0,3,0
ILINCA,F,0,0,0,0,0,32,0
ILIR,M,0,0,0,0,0,6,0
ILIRIAN,M,0,0,0,0,0,3,0
ILISHA,F,0,0,0,0,0,6,0
ILITHYIA,F,0,0,0,0,0,17,0
ILIYAN,M,0,0,0,0,0,3,0
ILIYANA,F,0,0,0,0,0,3,0
ILIZA,F,0,0,0,0,0,3,0
ILJA,M,0,0,0,0,0,23,0
ILKAY,F,0,0,0,0,0,3,0
ILLAN,M,0,0,0,0,0,6,0
ILLANA,F,0,0,0,0,0,3,0
ILLEANA,F,0,0,0,0,0,3,0
ILLIANNA,F,0,0,0,0,0,3,0
ILLIYEEN,F,0,0,0,0,0,4,0
ILMA,F,0,0,0,0,0,31,0
ILWAAD,F,0,0,0,0,0,9,0
ILWAD,F,0,0,0,0,0,21,0
ILYAN,M,0,0,0,0,0,6,0
ILYANA,F,0,0,0,0,0,50,0
ILYAZ,M,0,0,0,0,0,3,0
IMA,F,0,0,0,3,0,11,3
IMAAM,M,0,0,0,0,0,3,0
IMAM,M,4,0,0,0,0,34,4
IMAMA,F,0,0,0,0,0,9,0
IMAMAH,F,0,0,0,0,0,3,0
IMANA,F,3,3,0,0,0,6,6
IMANI-ROSE,F,0,0,0,0,0,4,0
IMANUEL,M,0,0,0,0,0,3,0
IMANY,F,0,0,0,0,0,3,0
IMARAH,F,0,0,0,0,0,6,0
IMARI,F,0,0,0,0,0,6,0
IMARNIE,F,0,0,0,0,0,8,0
IMDAD,M,0,0,0,0,0,6,0
IMILIA,F,0,0,0,0,0,3,0
IMISIOLUWA,F,0,0,0,0,0,12,0
IMMANUELLA,F,0,0,0,0,0,10,0
IMMIE,F,0,0,0,0,0,12,0
IMMY,F,0,0,0,0,0,9,0
IMOGEN-GRACE,F,0,0,0,0,0,16,0
IMOGEN-HOPE,F,0,0,0,0,0,3,0
IMOGEN-LEIGH,F,0,0,0,0,0,4,0
IMOGEN-LOUISE,F,0,0,0,0,0,8,0
IMOGEN-MAE,F,0,0,0,0,0,3,0
IMOGEN-MAI,F,0,0,0,0,0,3,0
IMRANA,F,0,0,0,0,0,3,0
IMRANUL,M,3,0,0,0,0,3,3
IMRE,M,0,0,0,0,0,3,0
IMTITHAL,F,0,0,0,0,0,3,0
IMTIYAAZ,M,0,0,0,0,3,11,3
INAAYAH,F,0,0,0,0,0,230,0
INAIYAH,F,0,0,0,0,0,3,0
INAYAA,F,0,0,0,0,0,3,0
INAYAAH,F,0,0,0,0,0,3,0
INAYAT,M,0,3,0,0,0,53,3
INAYAT,F,0,0,0,0,0,6,0
INCI,F,0,0,0,0,0,10,0
INDAH,F,0,0,0,0,0,6,0
INDEE,F,0,0,0,0,0,3,0
INDEG,F,0,0,0,0,0,3,0
INDERJEET,M,0,0,0,0,3,11,3
INDERJEET,F,0,0,0,0,0,3,0
INDI,M,0,0,0,0,0,33,0
INDIAH,F,0,3,0,0,0,44,3
INDIA-LEIGH,F,0,0,0,0,0,3,0
INDIA-MAE,F,0,0,0,0,0,3,0
INDIE,M,0,0,0,0,0,72,0
INDIE-LEIGH,F,0,0,0,0,0,3,0
INDIE-MAE,F,0,0,0,0,0,13,0
INDIE-MAI,F,0,0,0,0,0,8,0
INDIE-MAY,F,0,0,0,0,0,3,0
INDIE-RAE,F,0,0,0,0,0,25,0
INDIO,M,0,0,0,0,0,14,0
INDI-RAE,F,0,0,0,0,0,14,0
INDI-ROSE,F,0,0,0,0,0,26,0
INDIYAH,F,0,0,0,0,0,3,0
INDIYA-ROSE,F,0,0,0,0,0,3,0
INDRA,M,0,0,0,0,0,31,0
INDYANA,F,0,0,0,0,0,6,0
INDY-ROSE,F,0,0,0,0,0,4,0
INESH,M,0,0,0,0,0,6,0
INESS,F,0,0,0,0,0,3,0
INESSA,F,0,0,0,0,0,3,0
INGE,F,0,0,0,0,0,3,0
INIOLUWA,M,0,0,0,0,0,42,0
INKA,F,0,0,0,0,0,46,0
INNAYAH,F,0,0,0,0,0,40,0
INSHAAL,M,0,0,0,3,0,3,3
INSHIRAH,F,0,0,0,0,0,12,0
INSIYA,F,0,0,3,0,0,16,3
INSIYAH,F,0,0,0,0,0,4,0
INTI,M,0,0,0,0,0,4,0
INTISAAR,F,0,0,0,0,0,3,0
INTISAR,F,0,0,0,0,0,54,0
IOANE,M,0,0,0,0,0,3,0
IOLE,F,0,0,0,0,0,3,0
IOLI,F,0,0,0,0,0,4,0
IONEL,M,0,0,0,0,0,7,0
IONI,F,0,3,0,0,0,3,3
IONUT,M,0,0,0,0,0,69,0
IOWA,F,0,0,0,0,0,3,0
IPTISAM,F,0,0,0,0,0,3,0
IQLAAS,F,0,0,0,0,0,3,0
IRAH,F,0,0,0,0,0,3,0
IRAJ,F,0,0,0,0,3,45,3
IREMIDE,M,0,0,0,0,0,4,0
IREMSU,F,0,0,0,0,0,3,0
IRENOSEN,F,0,0,0,0,0,3,0
IREOLUWA,M,0,0,0,0,0,21,0
IRETOMIWA,M,0,0,0,0,0,6,0
IRFA,F,0,0,0,0,0,12,0
IRHA,F,0,0,0,0,0,31,0
IRHAA,F,0,0,0,0,0,12,0
IRIE,F,0,0,0,0,0,13,0
IRIM,F,3,0,0,0,0,3,3
IRINI,F,0,0,0,0,0,6,0
IRIS-ROSE,F,0,0,0,0,0,6,0
IRMAK,F,0,0,0,0,0,84,0
IRSAH,F,0,0,0,0,0,8,0
IRSHAAD,M,0,0,0,0,0,4,0
IRTAZA,M,0,0,0,0,0,12,0
IRTIZA,M,0,0,0,0,0,9,0
IRUNDEEP,F,3,0,0,0,0,3,3
ISAA,M,0,0,0,0,0,43,0
ISAAC-JAMES,M,0,0,0,0,0,20,0
ISAAH,M,0,0,0,0,0,7,0
ISABEAU,F,0,0,0,0,0,34,0
ISABELE,F,0,0,0,0,0,8,0
ISABELLA-GRACE,F,0,0,0,0,0,60,0
ISABELLAH,F,0,0,0,0,0,3,0
ISABELLA-MAE,F,0,0,0,0,0,31,0
ISABELLA-MAI,F,0,0,0,0,0,12,0
ISABELLA-MAY,F,0,0,0,0,0,27,0
ISABELLA-PAIGE,F,0,0,0,0,0,3,0
ISABELLA-RAE,F,0,0,0,0,0,3,0
ISABELLE-GRACE,F,0,0,0,0,0,4,0
ISABELLE-MAE,F,0,0,0,0,0,3,0
ISABELLE-ROSE,F,0,0,0,0,0,51,0
ISABEL-ROSE,F,0,0,0,0,0,5,0
ISAC,M,0,0,0,0,0,69,0
ISACC,M,0,0,0,0,0,12,0
ISAHAK,M,0,0,0,0,0,3,0
ISAHAQ,M,0,0,0,0,0,3,0
ISAIA,M,0,0,0,0,0,9,0
ISAIAS,M,0,0,0,0,0,4,0
ISAQ,M,0,0,0,0,0,3,0
ISATA,F,0,0,0,0,0,16,0
ISAURA,F,0,0,0,0,0,3,0
ISCHIA,F,0,0,0,0,0,3,0
ISEABAIL,F,0,0,0,3,0,3,3
ISEBELLE,F,0,0,0,0,0,3,0
ISHAA,F,0,0,0,0,0,35,0
ISHAAC,M,0,0,0,0,0,6,0
ISHAAL,F,0,0,0,0,0,69,0
ISHAANI,F,0,0,0,0,0,22,0
IS'HAAQ,M,0,0,0,0,0,43,0
IS-HAAQ,M,0,0,0,0,0,12,0
ISHAH,F,0,0,0,0,0,17,0
ISHAK,M,0,0,0,4,0,71,4
ISHAL,F,0,0,0,0,0,7,0
ISHANVI,F,0,0,0,0,0,12,0
IS'HAQ,M,0,0,0,0,0,25,0
ISHAQUE,M,0,0,3,0,3,6,6
ISHARA,F,0,0,0,0,0,3,0
ISHE,M,0,0,0,0,0,11,0
ISHEANESU,M,0,0,0,0,0,8,0
ISHFAQ,M,3,0,0,0,0,6,3
ISHIKA,F,0,0,0,0,4,208,4
ISHITHA,F,0,0,0,0,0,3,0
ISHKA,F,0,0,0,0,0,3,0
ISHMAM,M,0,0,0,3,3,10,6
ISHMEAL,M,0,0,3,0,0,3,3
ISHMEET,F,0,0,0,0,0,31,0
ISHMEET,M,0,0,0,0,0,5,0
ISHNEET,F,0,0,0,0,0,4,0
ISHPREET,F,0,0,0,0,0,12,0
ISHRAQ,M,0,0,0,0,3,32,3
ISHRAT,M,0,0,0,0,0,3,0
ISHVEER,M,0,0,0,0,0,7,0
ISHYA,F,0,0,0,0,0,3,0
ISIL,F,0,0,0,0,0,10,0
ISIOMA,F,0,0,0,0,0,14,0
ISLA-,F,0,0,0,0,0,4,0
ISLA-BEAU,F,0,0,0,0,0,5,0
ISLA-BELLE,F,0,0,0,0,0,11,0
ISLA-FAITH,F,0,0,0,0,0,3,0
ISLAH,F,0,0,0,0,0,34,0
ISLA-JADE,F,0,0,0,0,0,3,0
ISLA-LILY,F,0,0,0,0,0,3,0
ISLA-MAI,F,0,0,0,0,0,75,0
ISLA-MARIE,F,0,0,0,0,0,14,0
ISLA-RAI,F,0,0,0,0,0,3,0
ISMAA,F,0,0,0,0,0,4,0
ISMAAEEL,M,0,0,0,0,5,38,5
ISMAA'EEL,M,0,0,4,3,0,7,7
ISMA'EEL,M,0,0,0,0,3,20,3
ISMAILA,M,0,0,0,0,0,11,0
ISMAT,F,0,0,0,0,0,19,0
ISOBELA,F,0,0,0,0,0,7,0
ISOBELLA-MAE,F,0,0,0,0,0,3,0
ISOBEL-ROSE,F,0,0,0,0,0,4,0
ISRAA,F,0,0,3,0,3,224,6
ISRAH,F,0,3,0,3,0,51,6
ISREAL,M,0,0,0,0,0,21,0
ISSABEL,F,0,0,0,0,0,13,0
ISSABELLA,F,0,0,0,0,4,152,4
ISSAH,M,0,0,0,0,0,26,0
ISSE,M,0,0,0,0,0,3,0
ISSEY,M,0,0,0,0,0,3,0
ISSOBELLA,F,0,0,0,0,0,3,0
ISSOBELLE,F,0,0,0,0,0,3,0
ISYLA,F,0,0,0,0,0,3,0
ISZAC,M,0,0,0,0,0,6,0
ITA,F,0,0,0,0,0,13,0
ITAI,M,0,0,0,0,0,28,0
ITAMAR,M,0,0,0,0,0,9,0
ITEOLUWAKISHI,F,0,0,0,0,0,3,0
ITHSHAM,M,3,0,0,4,0,7,7
ITSHAM,M,0,0,3,0,0,3,3
IULIA,F,0,0,0,0,0,37,0
IULIAN,M,0,0,0,0,0,12,0
IULIANA,F,0,0,0,0,0,3,0
IUSTIN,M,0,0,0,0,0,40,0
IUSTINA,F,0,0,0,0,0,4,0
IVAAN,M,0,0,0,0,0,9,0
IVANAH,F,0,0,0,0,0,3,0
IVANDRO,M,0,0,0,0,0,3,0
IVAYLA,F,0,0,0,0,0,8,0
IVAYLO,M,0,0,0,0,0,6,0
IVELIN,M,0,0,0,0,0,3,0
IVEN,M,0,0,0,0,0,3,0
IVET,F,0,0,0,0,0,3,0
IVETA,F,0,0,0,0,0,17,0
IVEY,F,0,0,0,0,0,22,0
IVIE-ROSE,F,0,0,0,0,0,4,0
IVON,F,0,0,0,0,0,4,0
IVON,M,0,0,0,0,0,3,0
IVORY-ROSE,F,0,0,0,0,0,3,0
IVY-ANN,F,0,0,0,0,0,3,0
IVY-BELLE,F,0,0,0,0,0,5,0
IVY-ELIZABETH,F,0,0,0,0,0,3,0
IVY-GRACE,F,0,0,0,0,0,34,0
IVY-JANE,F,0,0,0,0,0,4,0
IVY-JEAN,F,0,0,0,0,0,3,0
IVY-LEIGH,F,0,0,0,0,0,26,0
IVY-MAE,F,0,0,0,0,0,71,0
IVY-MAI,F,0,0,0,0,0,13,0
IVY-MARIE,F,0,0,0,0,0,12,0
IVY-MAY,F,0,0,0,0,0,59,0
IVY-RAE,F,0,0,0,0,0,27,0
IVY-ROSE,F,0,0,0,0,0,205,0
IWINOSA,M,0,0,0,0,0,7,0
IWONA,F,0,0,0,0,0,3,0
IYA,F,0,0,0,0,0,14,0
IYAAD,M,0,0,0,0,0,5,0
IYAAN,M,0,0,0,0,0,3,0
IYAAS,M,0,0,0,0,0,3,0
IYAAZ,M,0,0,0,0,0,17,0
IYAH,F,0,0,0,0,0,4,0
IYANA,F,0,0,3,0,0,35,3
IYANLA,F,0,0,0,3,0,3,3
IYANNA,F,0,0,0,0,0,19,0
IYANU,M,0,0,0,0,0,3,0
IYANUOLUWA,F,0,0,0,0,3,39,3
IYANUOLUWA,M,0,0,0,0,0,17,0
IYAS,M,0,0,0,0,0,4,0
IYAZ,M,0,0,0,3,0,20,3
IYLA-GRACE,F,0,0,0,0,0,7,0
IYLAH-MAE,F,0,0,0,0,0,5,0
IYLAH-ROSE,F,0,0,0,0,0,3,0
IYLA-MAI,F,0,0,0,0,0,3,0
IYLA-MAY,F,0,0,0,0,0,3,0
IYLA-RAE,F,0,0,0,0,0,8,0
IYLA-ROSE,F,0,0,0,0,0,29,0
IYMAN,M,0,0,0,0,0,3,0
IYRA,F,0,0,0,0,0,10,0
IYZA,F,0,0,0,0,0,3,0
IZAAZ,M,4,0,0,3,0,7,7
IZABELE,F,0,0,0,0,0,39,0
IZABELLA-GRACE,F,0,0,0,0,0,3,0
IZABELLA-ROSE,F,0,0,0,0,0,8,0
IZACK,M,3,0,0,0,0,27,3
IZAIYAH,M,0,0,0,0,0,3,0
IZAN,M,0,0,0,0,0,16,0
IZARA,F,0,0,0,0,0,3,0
IZARRA,F,0,0,0,0,0,3,0
IZAYAH,M,0,0,0,0,0,23,0
IZAZUL,M,0,0,0,0,0,3,0
IZHAAN,M,0,0,0,0,0,7,0
IZHAAR,M,0,0,0,0,0,3,0
IZHAN,M,0,0,0,0,0,7,0
IZNA,F,0,0,0,0,0,22,0
IZNAH,F,0,0,0,0,0,3,0
IZOBELLA,F,0,0,0,0,0,27,0
IZUCHUKWU,M,0,0,0,0,0,7,0
IZYAAN,M,0,0,0,0,0,8,0
IZYAN,M,0,0,0,0,0,26,0
IZZABEL,F,0,0,0,0,0,23,0
IZZABELL,F,0,0,0,0,0,9,0
IZZABELLE,F,0,0,0,0,0,76,0
IZZAH,F,0,0,0,0,4,190,4
IZZAK,M,0,0,0,0,0,4,0
IZZAT,M,0,0,0,0,0,3,0
IZZEY,F,0,0,0,0,0,3,0
IZZIE-MAE,F,0,0,0,0,0,7,0
IZZOBELLA,F,0,0,0,0,0,3,0
IZZY-MAE,F,0,0,0,0,0,9,0
IZZY-MAI,F,0,0,0,0,0,4,0
J.,M,0,0,0,0,3,3,3
JAABIR,M,3,3,0,0,0,21,6
JAAD,M,0,0,0,0,0,3,0
JAAN,M,0,0,4,0,0,38,4
JAANA,F,0,0,0,0,0,3,0
JAANVI,F,0,0,0,0,0,28,0
JAAZIAH,M,0,0,0,0,0,6,0
JABAR,M,0,3,0,0,0,3,3
JABBAR,M,4,0,0,0,0,14,4
JABE,M,0,0,0,3,0,6,3
JABEEN,F,0,3,0,0,0,6,3
JABOU,F,0,0,0,0,0,3,0
JABRAN,M,3,0,0,0,0,9,3
JABREEL,M,0,0,0,0,0,6,0
JABRIIL,M,0,0,0,0,0,6,0
JACCOB,M,0,0,0,0,0,7,0
JACE,F,0,3,3,0,0,6,6
JACEE,F,0,0,0,0,0,15,0
JACELYN,F,0,0,0,0,0,3,0
JACEY,M,0,0,0,0,0,48,0
JACEY-LEIGH,F,0,0,0,0,0,3,0
JACEY-MAE,F,0,0,0,0,0,3,0
JACHIN,M,0,0,0,0,0,3,0
JACIE,F,3,3,0,0,0,55,6
JACINDA,F,0,0,0,0,0,6,0
JACINTO,M,0,0,0,0,0,3,0
JACK-DANIEL,M,0,0,0,0,0,10,0
JACK-DEAN,M,0,0,0,0,0,4,0
JACKIR,M,0,0,3,0,0,3,3
JACK-JAMES,M,0,0,0,0,0,84,0
JACK-JUNIOR,M,0,0,0,0,0,10,0
JACK-RYAN,M,0,0,0,0,0,3,0
JACKSON-JAMES,M,0,0,0,0,0,19,0
JACKSON-LEE,M,0,0,0,0,0,3,0
JACK-THOMAS,M,0,0,0,0,0,6,0
JACKY,F,3,0,0,0,0,3,3
JACOBE,M,0,0,0,0,0,7,0
JACOB-GEORGE,M,0,0,0,0,0,4,0
JACOBI,F,0,0,0,0,0,3,0
JACOB-JACK,M,0,0,0,0,0,3,0
JACOB-JAMES,M,0,0,0,0,0,95,0
JACOB-JAY,M,0,0,0,0,0,5,0
JACOB-JOHN,M,0,0,0,0,0,8,0
JACOB-JOSEPH,M,0,0,0,0,0,3,0
JACOB-LEE,M,0,0,0,0,0,35,0
JACOBO,M,0,0,0,0,0,3,0
JACOB-SCOTT,M,0,0,0,0,0,3,0
JACOBY,M,0,0,0,0,0,78,0
JACOPO,M,0,0,0,0,3,29,3
JACSON,M,0,0,0,0,0,12,0
JACUB,M,0,0,0,0,0,31,0
JACY,M,0,0,0,0,0,50,0
JACY,F,0,0,0,0,0,26,0
JADAH,F,0,0,0,0,3,9,3
JADAINE,M,0,0,0,0,0,3,0
JADA-ROSE,F,0,0,0,0,0,6,0
JADEAN,F,0,3,0,3,0,6,6
JADEEN,F,0,3,0,4,0,7,7
JADE-LEE,F,0,0,0,0,3,3,3
JADEN-JAMES,M,0,0,0,0,0,4,0
JADEN-LEE,M,0,0,0,0,0,3,0
JADEY,F,3,0,0,0,0,3,3
JADIEL,M,0,0,0,0,0,3,0
JADORE,M,0,0,0,0,0,3,0
J'ADORE,F,0,0,0,0,0,3,0
JADWIGA,F,0,0,0,0,0,3,0
JADYN,M,0,0,0,0,3,74,3
JADYN,F,0,0,0,0,0,64,0
JAEDA,F,0,0,0,0,0,62,0
JAEDAN,M,0,0,0,0,0,16,0
JAEDEN,F,0,0,0,0,0,8,0
JAEDYN,M,0,0,0,0,0,17,0
JAEL,M,0,0,0,0,0,4,0
JAELA,F,0,0,0,0,0,3,0
JAELEN,M,0,0,0,0,0,15,0
JAELLE,F,0,0,0,0,0,3,0
JAELYN,F,0,0,0,0,0,10,0
JAFER,M,0,0,0,0,0,3,0
JAFFAR,M,0,3,3,0,0,23,6
JAGAN,M,0,0,0,0,0,9,0
JAGAT,M,0,0,0,0,0,3,0
JAGDEEP,F,4,0,0,0,0,4,4
JAGDEV,M,3,0,0,0,0,9,3
JAGGER,M,0,0,0,0,0,29,0
JAGJEEVAN,M,4,0,0,0,0,8,4
JAGJIT,F,0,4,0,0,0,4,4
JAGJOT,M,0,0,0,0,0,9,0
JAGPAL,M,0,0,0,0,0,6,0
JAGPREET,M,0,0,0,0,0,3,0
JAGTAR,M,3,0,3,0,0,15,6
JAGVEER,M,0,0,0,0,3,29,3
JAHAAN,M,0,0,0,0,0,10,0
JAHAN,F,0,0,0,0,0,3,0
JAHANZAIB,M,0,0,0,0,0,3,0
JAHARI,M,0,0,0,0,0,16,0
JAHAZIEL,M,0,0,0,0,0,12,0
JAHDEL,M,0,0,0,0,0,11,0
JAHDELL,M,0,0,0,0,0,3,0
JAHEEM,M,0,0,0,0,0,49,0
JAHI,M,0,0,0,0,0,3,0
JAHIDA,F,0,0,0,0,3,6,3
JAHIDUL,M,0,0,3,0,0,6,3
JAHIDUR,M,0,4,0,0,0,4,4
JAHIEM,M,0,0,0,0,0,84,0
JAHIME,M,0,0,0,0,0,3,0
JAHIN,F,0,0,0,0,0,3,0
JAHIR,M,0,3,0,0,0,6,3
JAHKAI,M,0,0,0,0,0,20,0
JAHKYE,M,0,0,0,0,0,3,0
JAHLEEL,M,0,0,0,0,0,10,0
JAHMAI,M,0,0,0,0,3,62,3
JAHMAINE,M,0,0,0,0,0,3,0
JAHMALI,M,0,0,0,0,0,4,0
JAHMANI,M,0,0,0,0,0,3,0
JAHMAR,M,0,0,0,0,4,35,4
JAHMARI,M,0,0,0,0,0,65,0
JAHMARNI,M,0,0,0,0,0,5,0
JAHMEL,M,5,0,0,0,0,9,5
JAHMENE,M,0,0,0,0,0,8,0
JAHMIAH,M,0,0,0,0,3,9,3
JAHNAE,F,0,0,0,0,0,3,0
JAHNAI,M,0,0,0,0,0,6,0
JAHNAVI,F,0,0,0,4,0,37,4
JAHNAY,F,0,0,0,0,3,3,3
JAHNAYAH,F,0,0,0,0,0,3,0
JAHNI,M,0,0,0,0,0,3,0
JAHNIAH,F,0,0,0,0,0,3,0
JAHNVI,F,0,0,0,0,0,22,0
JAHNYAH,F,0,0,0,0,0,11,0
JAHREL,M,0,0,0,0,0,7,0
JAHRELL,M,0,0,0,0,0,6,0
JAHROME,M,0,0,0,0,0,3,0
JAHSIAH,M,0,0,0,0,0,36,0
JAHVANI,M,0,0,0,0,0,3,0
JAHVARN,M,0,0,0,0,0,3,0
JAHVARNI,M,0,0,0,0,0,3,0
JAHVEL,M,0,0,0,0,0,7,0
JAHVON,M,0,0,0,0,0,6,0
JAHVONTE,M,0,0,0,0,0,3,0
JAHZARA,F,0,0,0,0,0,52,0
JAHZARAH,F,0,0,0,0,0,3,0
JAHZIAH,M,0,0,0,0,0,72,0
JAIA,F,0,0,0,0,0,62,0
JAICE,M,0,0,0,0,0,6,0
JAICEE,F,0,0,0,0,0,12,0
JAICOB,M,0,0,0,0,0,26,0
JAID,F,3,4,0,0,0,7,7
JAIDAH,F,0,0,0,0,0,6,0
JAIDAN,F,0,0,0,0,0,3,0
JAIDAN-LEE,M,0,0,0,0,0,3,0
JAIDEEP,F,0,0,0,0,0,3,0
JAIDEN-JAMES,M,0,0,0,0,0,19,0
JAIDEN-LEE,M,0,0,0,0,0,36,0
JAIDEV,M,0,0,0,0,0,35,0
JAIDIE,F,0,0,0,0,0,9,0
JAIDYN,M,0,0,0,0,0,66,0
JAIDYN,F,0,0,0,0,0,3,0
JAIGO,M,0,0,0,0,0,3,0
JAI-JAI,M,0,0,0,0,0,8,0
JAIK,M,0,0,0,0,4,4,4
JAILA,F,0,0,0,0,0,3,0
JAILAN,M,0,0,0,0,0,3,0
JAILEN,M,0,0,0,0,0,11,0
JAILON,M,0,0,0,0,0,3,0
JAIMA,F,0,0,0,0,0,3,0
JAIMAL,M,0,0,3,0,0,6,3
JAIMAN,M,0,0,0,0,0,10,0
JAIMEE,M,0,0,0,3,0,3,3
JAIMEE-LEE,F,0,0,0,0,0,3,0
JAIME-LEA,F,0,0,0,0,0,7,0
JAIME-LOUISE,F,0,0,0,0,0,3,0
JAIMES,M,0,0,3,0,0,3,3
JAIMESON,M,0,0,0,0,0,7,0
JAINABA,F,0,3,0,0,0,60,3
JAINAM,M,0,0,0,0,0,3,0
JAINEEL,M,0,0,0,0,0,4,0
JAINI,F,0,3,0,0,0,3,3
JAIRAJ,M,0,3,0,0,0,75,3
JAIRUS,M,0,0,0,0,0,41,0
JAISAL,M,0,0,0,3,0,6,3
JAISEN,M,0,0,0,0,0,3,0
JAISEY,F,0,0,0,0,0,4,0
JAISHA,F,0,0,0,0,0,6,0
JAISHNA,F,0,0,0,0,0,3,0
JAITON,M,0,0,0,0,0,4,0
JAIVAL,M,0,0,0,0,0,6,0
JAIVEN,M,0,0,0,0,0,12,0
JAIVIN,M,0,0,0,0,0,3,0
JAIVON,M,0,0,0,0,0,4,0
JAIVYN,M,0,0,0,0,0,3,0
JAIYA,F,0,0,0,0,4,140,4
JAIYAN,M,0,0,0,0,0,6,0
JAIYANA,F,0,0,0,0,0,38,0
JAIYDEN,M,0,0,0,0,0,3,0
JAIYEOLA,F,0,0,0,0,3,3,3
JAIYEOLA,M,0,0,0,0,0,4,0
JAKE-JAMES,M,0,0,0,0,0,4,0
JAKE-JUNIOR,M,0,0,0,0,0,4,0
JAKE-LEE,M,0,0,0,0,0,6,0
JAKEY,M,0,3,0,0,0,17,3
JAKK,M,0,0,0,0,0,15,0
JAKKE,M,0,0,3,0,0,3,3
JAKOBY,M,0,0,0,0,0,3,0
JALAAL,M,0,0,0,0,0,3,0
JALE,F,0,0,3,0,3,6,6
JALEEL,M,3,0,0,0,0,41,3
JALEES,M,0,0,0,0,0,3,0
JALIA,F,0,0,0,0,0,6,0
JALIL,M,3,0,0,0,0,35,3
JALILA,F,0,0,0,0,0,4,0
JALILAH,F,0,0,0,0,0,3,0
JALIYAH,F,0,0,0,0,0,6,0
JAMA,M,0,0,0,0,0,22,0
JAMAI,M,0,0,0,0,0,17,0
JAMAICA,F,0,3,0,0,0,3,3
JAMAIMA,F,0,0,0,0,0,3,0
JAMALI,M,0,0,0,3,0,6,3
JAMALL,M,0,0,0,0,0,4,0
JAMALLE,M,0,3,0,0,0,3,3
JAMANI,M,0,0,0,0,0,3,0
JAMARIO,M,0,0,0,0,0,3,0
JAMARLEY,M,0,0,0,0,0,4,0
JAMAUL,M,0,0,0,0,0,4,0
JAMAYNE,M,3,0,0,0,0,3,3
JAMEE,M,3,0,0,0,0,3,3
JAMEE,F,0,0,0,0,0,3,0
JAMEIL,M,0,0,0,0,0,7,0
JAMELA,F,0,0,0,3,0,12,3
JAMELAH,F,0,0,0,5,0,5,5
JAMELL,M,0,3,0,0,0,6,3
JAMESDEAN,M,0,0,0,0,0,8,0
JAMES-DEAN,M,0,0,0,0,0,31,0
JAMES-JOHN,M,0,0,0,0,0,7,0
JAMES-JUNIOR,M,0,0,0,0,0,22,0
JAMES-LEE,M,0,0,0,0,0,13,0
JAMES-THOMAS,M,0,0,0,0,0,3,0
JAMIA,F,0,0,0,0,0,9,0
JAMIAH,M,0,0,0,0,0,21,0
JAMIE-,F,0,0,0,0,0,18,0
JAMIE-DEAN,M,0,0,0,0,0,3,0
JAMIE-JOHN,M,0,0,0,0,0,4,0
JAMIE-JUNIOR,M,0,0,0,0,0,12,0
JAMIE-LEI,F,0,0,0,0,0,3,0
JAMIE-SCOTT,M,0,0,0,0,0,3,0
JAMIKA,F,0,0,0,0,0,3,0
JAMILIA,F,0,0,0,0,0,3,0
JAMIN,M,0,0,0,0,0,7,0
JAMINA,F,0,0,0,0,3,3,3
JAMISON,M,0,0,0,0,0,33,0
JAMIUL,M,0,4,0,0,0,4,4
JAMMAL,M,0,0,0,0,0,9,0
JANADE,M,0,4,0,0,0,7,4
JANADE,F,0,0,3,0,0,3,3
JA'NAE,F,0,0,0,0,0,3,0
JANAH,F,0,0,0,0,0,6,0
JANAI,F,0,0,0,0,0,33,0
JANAI,M,0,0,0,0,0,4,0
JANAK,M,0,4,0,0,0,4,4
JANAN,F,3,0,3,0,0,29,6
JANANI,F,0,3,0,3,0,65,6
JANAT,F,0,0,0,0,0,42,0
JANAV,M,0,0,0,0,0,3,0
JANAVI,F,0,0,0,0,3,6,3
JANAYA,F,0,0,0,0,0,54,0
JANAYAH,F,0,0,0,0,0,6,0
JANEETA,F,0,0,0,0,0,11,0
JANEL,F,0,0,0,0,0,12,0
JANELL,F,0,0,0,0,0,21,0
JANETTE,F,0,0,0,0,0,9,0
JANGEER,M,3,0,0,0,0,3,3
JANI,M,0,0,0,0,0,3,0
JANIA,F,0,0,0,0,0,3,0
JANIAH,F,0,0,0,0,0,20,0
JANIKA,F,0,0,0,0,0,6,0
JANIS,M,0,0,0,0,0,15,0
JANISHA,F,0,0,0,0,3,9,3
JANIYA,F,0,0,0,0,0,13,0
JANIYAH,F,0,0,0,0,0,20,0
JANKA,F,0,0,0,0,0,9,0
JAN-MICHAEL,M,0,0,0,0,0,3,0
JANNAI,M,0,0,0,0,0,4,0
JANNATPREET,F,0,0,0,0,0,3,0
JANNATUN,F,0,0,0,0,0,6,0
JANNEKE,F,3,0,3,0,0,12,6
JANNI,M,0,0,0,0,3,3,3
JANOSHAN,M,0,0,0,0,0,3,0
JANSI,F,0,0,0,0,0,3,0
JANUJAN,M,0,0,0,0,0,3,0
JANUSH,M,0,0,0,0,0,3,0
JANUSHA,F,0,0,0,0,0,3,0
JANUSHAN,M,0,0,0,0,0,6,0
JANUSZ,M,0,0,4,0,0,7,4
JANYA,F,0,0,0,0,0,14,0
JANZEN,M,0,0,0,3,0,3,3
JAPHET,M,0,0,3,3,0,6,6
JAPHETH,M,0,0,0,0,0,29,0
JAPJI,F,0,0,0,0,0,52,0
JAPJIT,F,0,0,0,0,0,3,0
JAPMAN,M,0,0,0,0,0,4,0
JAPNEET,F,0,0,0,0,0,19,0
JAPNOOR,F,0,0,0,0,0,12,0
JAPNOOR,M,0,0,0,0,0,3,0
JAPVEER,M,0,0,0,0,0,3,0
JAQUAN,M,0,0,0,0,0,30,0
JARA,F,0,0,0,0,0,3,0
JARED-JAMES,M,0,0,0,0,0,3,0
JAREL,M,0,0,0,0,0,3,0
JARELL,M,0,0,0,0,0,49,0
JAREN,M,0,0,0,0,0,11,0
JARET,M,0,0,0,0,0,4,0
JARI,M,0,0,0,0,0,6,0
JARIN,F,0,0,4,0,3,7,7
JARIYAH,M,0,0,0,0,0,4,0
JARNO,M,0,0,0,0,0,3,0
JAROM,M,0,0,0,0,0,3,0
JAROME,M,0,0,0,0,0,8,0
JAROSLAVA,F,0,0,0,0,0,3,0
JAROSLAW,M,0,0,0,0,0,3,0
JARREN,M,5,0,0,0,0,5,5
JARRON,M,3,0,3,0,0,6,6
JARYD,M,3,0,0,0,0,6,3
JAS,M,3,0,0,0,3,11,6
JAS,F,0,0,0,0,3,3,3
JASBIR,F,0,3,0,0,0,3,3
JASE,M,0,3,0,0,0,145,3
JASEENA,F,0,0,0,0,0,3,0
JASEMIN,F,0,0,0,0,0,3,0
JASEY,F,0,0,0,0,0,7,0
JASHAN,M,0,0,4,0,0,46,4
JASHANDEEP,M,0,0,0,0,0,14,0
JASHANPREET,M,0,0,0,0,0,12,0
JASIA,F,3,0,0,0,0,9,3
JASIAH,M,0,0,0,0,0,40,0
JASIEL,M,0,0,0,0,0,9,0
JASIKA,F,0,0,0,0,0,3,0
JASIM,M,3,0,3,0,0,78,6
JASIR,M,0,0,0,0,0,7,0
JASJEET,F,0,0,0,0,0,3,0
JASJOT,M,0,0,0,0,0,3,0
JASJOT,F,0,0,0,0,0,3,0
JASKARN,M,0,3,0,0,3,9,6
JASKEERAT,M,0,0,0,0,0,15,0
JASKEERAT,F,0,0,0,0,0,10,0
JASKIRAN,M,0,0,0,3,0,3,3
JASKIRAT,M,3,0,0,0,3,55,6
JASKIRAT,F,0,3,0,0,0,53,3
JASKIRIT,M,0,0,0,0,0,6,0
JASKIRIT,F,0,0,0,0,0,3,0
JASLENE,F,0,0,0,0,0,13,0
JASLYN,F,0,0,0,3,0,13,3
JASMIA,F,0,0,0,0,0,3,0
JASMINE-JADE,F,0,0,0,3,0,6,3
JASMINE-LEIGH,F,0,0,0,0,0,7,0
JASMINE-ROSE,F,0,0,0,0,0,38,0
JASMINKA,F,0,0,0,0,0,9,0
JASMIRA,F,0,0,0,0,0,3,0
JASMYNE,F,0,3,0,3,0,43,6
JASNOOR,F,0,0,0,0,0,25,0
JASNOOR,M,0,0,0,0,0,16,0
JASON-JAMES,M,0,0,0,0,0,3,0
JASON-JUNIOR,M,0,0,0,0,0,12,0
JASPA,M,0,0,0,0,0,3,0
JASPAR,M,0,0,0,0,0,22,0
JASPRIT,M,0,3,0,0,0,3,3
JASPRIYA,F,0,0,0,0,3,3,3
JASRAH,F,0,0,0,0,0,6,0
JASREEN,F,0,0,0,0,0,3,0
JASREET,F,0,0,0,0,0,12,0
JASROOP,F,0,0,0,0,0,7,0
JASSER,M,0,0,0,0,0,3,0
JASSICA,F,0,0,0,0,0,3,0
JASSIM,M,0,0,0,0,0,10,0
JASTIN,M,0,0,0,0,0,6,0
JASVEEN,F,3,3,0,0,0,30,6
JASVEER,M,3,0,3,0,0,33,6
JASVINDER,F,0,3,0,0,3,11,6
JASVINDER,M,0,0,3,0,0,9,3
JASVIR,M,0,0,0,5,0,5,5
JASWANT,M,0,5,0,0,0,5,5
JATHUSAN,M,0,0,0,0,0,6,0
JATHUSHA,F,0,0,0,0,0,3,0
JATHUSHAN,M,0,0,0,0,0,17,0
JAVAD,M,0,0,0,0,3,3,3
JAVAE,M,0,0,0,0,0,9,0
JAVAID,M,0,3,0,0,0,3,3
JAVANI,M,0,0,0,0,0,3,0
JAVANNI,M,0,0,0,0,0,8,0
JAVANTE,M,0,0,0,0,0,7,0
JAVARI,M,0,0,0,0,0,9,0
JAVARN,M,0,0,0,0,0,20,0
JAVARNE,M,0,0,0,0,0,3,0
JAVARNI,M,0,0,0,0,0,6,0
JAVAUGHN,M,0,0,0,0,0,3,0
JAVAUN,M,0,0,0,0,0,4,0
JAVEL,M,0,0,0,0,0,3,0
JAVELL,M,0,0,0,0,0,19,0
JAVENE,F,0,0,0,0,0,3,0
JAVERIAH,F,0,0,0,0,0,3,0
JAVERIYA,F,0,0,0,0,0,10,0
JAVI,M,0,0,0,0,0,3,0
JAVIN,M,0,0,0,0,0,3,0
JAVINA,F,0,0,0,0,0,3,0
JAVINE,F,0,0,0,0,0,35,0
JAVION,M,0,0,0,0,0,3,0
JAVONE,M,0,0,0,0,0,3,0
JAVONTAE,M,0,0,0,0,0,3,0
JAVONTE,M,0,0,0,0,0,7,0
JAWAHER,F,0,0,0,3,0,3,3
JAWAIRIYA,F,0,0,0,3,0,9,3
JAWARIA,F,0,0,3,3,0,24,6
JAWDAN,M,0,0,0,0,0,9,0
JAWERIA,F,0,0,0,0,0,31,0
JAWERIYA,F,0,0,0,0,0,3,0
JAXEN,M,0,0,0,0,0,74,0
JAXON-JAMES,M,0,0,0,0,0,18,0
JAXON-JOHN,M,0,0,0,0,0,3,0
JAXON-LEE,M,0,0,0,0,0,4,0
JAXSON,M,0,0,0,0,0,877,0
JAXX,M,0,0,0,0,0,74,0
JAXXON,M,0,0,0,0,0,29,0
JAY-,M,0,0,0,0,0,3,0
JAYAH,F,0,0,0,0,3,47,3
JAYANA,F,0,0,0,0,0,4,0
JAYANI,F,0,0,0,0,0,23,0
JAYANNA,F,0,0,0,0,0,10,0
JAYANT,M,0,0,0,0,3,3,3
JAYCE,F,0,0,0,0,0,3,0
JAYCEE,M,0,0,0,0,0,29,0
JAYCEE-LEE,F,0,0,0,0,0,3,0
JAYCEE-LEIGH,F,0,0,0,0,0,24,0
JAYCEE-MAE,F,0,0,0,0,0,7,0
JAYCEN,M,0,0,0,0,0,6,0
JAYCEON,M,0,0,0,0,0,11,0
JAYCEY,F,0,0,0,0,0,6,0
JAYCI,F,0,0,0,0,0,4,0
JAYCIE-LEIGH,F,0,0,0,0,0,3,0
JAYD,F,0,0,0,0,3,3,3
JAY-D,M,0,0,0,0,0,3,0
JAYDAH,F,0,0,0,0,0,16,0
JAYDAN,F,0,0,0,0,0,10,0
JAYDAN-LEE,M,0,0,0,0,0,4,0
JAYDEE,M,0,0,0,0,0,42,0
JAY-DEE,M,0,0,0,0,0,11,0
JAYDEEN,F,0,0,0,0,4,7,4
JAYDEN-CRUZ,M,0,0,0,0,0,3,0
JAYDEN-JAMES,M,0,0,0,0,0,150,0
JAYDEN-JAY,M,0,0,0,0,0,3,0
JAYDEN-JOHN,M,0,0,0,0,0,19,0
JAYDEN-LEIGH,M,0,0,0,0,0,9,0
JAYDEN-LEWIS,M,0,0,0,0,0,12,0
JAYDEN-PAUL,M,0,0,0,0,0,3,0
JAYDEV,M,0,0,0,0,0,10,0
JAYDINE,F,0,0,0,3,0,6,3
JAYDON,F,0,0,0,5,0,9,5
JAYDYN,M,0,0,0,3,0,41,3
JAYDYN,F,0,0,0,0,0,3,0
JAYEN,M,0,0,0,0,0,64,0
JAYGO,M,0,0,0,0,0,10,0
JAYIN,M,0,0,0,0,0,4,0
JAY-J,M,0,0,0,0,0,44,0
JAY-JAMES,M,0,0,0,0,0,3,0
JAYJAY,M,0,0,0,0,0,98,0
JAY-JUNIOR,M,0,0,0,0,0,7,0
JAYK,M,0,0,0,0,0,3,0
JAYKOB,M,0,0,0,0,0,6,0
JAYKUB,M,0,0,0,0,0,3,0
JAYLA,F,0,0,0,0,0,181,0
JAYLAH,F,0,0,0,0,0,28,0
JAYLA-MAI,F,0,0,0,0,0,3,0
JAYLAN,M,0,0,0,0,5,213,5
JAYLAN,F,0,0,0,3,0,12,3
JAYLEA,F,0,0,0,0,0,9,0
JAYLEE,F,0,0,3,3,0,32,6
JAYLEE,M,0,0,0,0,0,17,0
JAY-LEE,M,0,0,0,0,0,23,0
JAYLEEN,F,0,0,0,0,0,3,0
JAYLEIGH,F,0,3,3,0,0,55,6
JAYLEN,F,0,0,0,0,0,4,0
JAYLIN,M,0,0,0,0,0,3,0
JAYLON,M,0,0,0,0,0,75,0
JAYMEE,M,4,0,0,0,0,13,4
JAYME-LEE,F,0,0,0,0,0,3,0
JAYME-LEIGH,F,0,0,0,0,0,16,0
JAYMES,M,0,0,0,3,3,48,6
JAYMIE-LEE,F,0,0,0,0,0,3,0
JAYMIE-LEIGH,F,6,0,0,0,0,39,6
JAYMIE-LOUISE,F,0,0,0,0,0,3,0
JAYMI-LEIGH,F,0,0,0,0,0,3,0
JAYMZ,M,0,0,0,0,0,7,0
JAYNI,F,0,0,0,0,3,6,3
JAYON,M,0,0,0,0,0,17,0
JAYQUAN,M,0,0,0,0,0,6,0
JAYRAJ,M,0,0,0,0,0,22,0
JAYRON,M,0,0,0,0,0,9,0
JAYSEN,M,0,0,0,0,0,11,0
JAYVEER,M,0,0,0,0,0,21,0
JAYVEN,M,0,0,0,0,0,16,0
JAYVION,M,0,0,0,0,0,5,0
JAYVIR,M,0,0,0,0,0,3,0
JAYVON,M,0,3,0,3,0,30,6
JAZARA,F,0,0,0,0,0,3,0
JAZIAH,M,0,0,0,0,0,49,0
JAZIB,M,0,0,0,0,5,49,5
JAZIBA,F,0,0,0,0,0,9,0
JAZIEL,M,0,0,0,0,0,3,0
JAZLEEN,F,0,0,0,0,0,6,0
JAZLYN,F,0,0,0,0,0,36,0
JAZZLYN,F,0,0,0,0,0,3,0
JAZZMYN,F,0,0,0,0,0,12,0
JEAN-,M,0,0,0,0,0,11,0
JEANA,F,0,0,0,0,0,13,0
JEANELLE,F,0,0,0,0,0,23,0
JEBA,F,3,0,0,0,0,3,3
JEDAIAH,M,0,0,0,0,0,12,0
JEDEDIAH,M,0,0,0,0,0,15,0
JEDIAH,F,0,0,0,0,0,3,0
JEDIDAH,F,0,0,0,0,0,13,0
JEDIDIAH,F,0,0,0,0,0,3,0
JEDRZEJ,M,0,0,0,0,0,6,0
JEEL,M,0,0,0,0,0,3,0
JEEL,F,0,0,0,0,0,3,0
JEENA,F,0,4,0,0,0,18,4
JEET,M,0,0,0,0,0,50,0
JEEVA,F,0,0,0,0,0,7,0
JEEVAT,F,0,0,0,0,0,3,0
JEEVEN,M,0,3,0,3,0,9,6
JEEVIKA,F,0,0,0,0,0,25,0
JEEVUN,M,0,0,0,0,0,9,0
JEEYA,F,0,0,0,0,0,55,0
JEGORS,M,0,0,0,0,0,3,0
JEHAD,M,0,0,0,0,0,6,0
JEHAN,F,3,0,0,0,0,9,3
JEHAN,M,0,0,0,0,0,13,0
JEHIEL,M,0,0,0,0,0,6,0
JEHOVANI,M,0,0,0,0,0,3,0
JEHU,M,0,0,0,0,0,13,0
JEKABS,M,0,0,0,0,0,3,0
JELIZAVETA,F,0,0,0,0,0,3,0
JEMEMAH,F,0,0,0,0,0,6,0
JEMI,F,0,0,0,0,0,6,0
JEMIAH,M,0,0,3,0,0,7,3
JEMINI,F,0,0,4,0,0,4,4
JEMMIMA,F,0,0,0,0,3,3,3
JEMUEL,M,0,0,0,0,0,16,0
JENADE,F,0,0,0,0,0,6,0
JENAN,F,0,0,0,0,0,23,0
JENAY,F,0,0,0,0,0,4,0
JENAYA,F,0,0,0,0,0,21,0
JENEBA,F,0,0,0,0,0,3,0
JENELL,F,0,0,0,0,0,6,0
JENIA,F,0,0,0,0,0,3,0
JENICA,F,0,0,0,0,0,6,0
JENICE,F,0,0,0,0,0,3,0
JENIL,M,0,0,0,0,0,13,0
JENIN,F,0,0,0,0,0,10,0
JENINE,F,0,3,0,0,0,3,3
JENISH,M,0,0,0,0,0,6,0
JENISHA,F,0,0,0,0,4,58,4
JENITA,F,0,0,0,0,0,6,0
JENNA-LEIGH,F,3,0,0,0,0,3,3
JENNA-LOUISE,F,0,0,0,0,0,7,0
JENNAYA,F,0,0,0,0,0,6,0
JENNICA,F,0,0,0,0,0,3,0
JENNIFER-ROSE,F,0,0,0,0,0,4,0
JENNIKA,F,0,0,0,0,0,3,0
JENSEN-JAMES,M,0,0,0,0,0,13,0
JENSON-JAMES,M,0,0,0,0,0,57,0
JENSON-JAY,M,0,0,0,0,0,12,0
JENSON-LEE,M,0,0,0,0,0,29,0
JEORGE,M,0,0,0,0,0,22,0
JEORGIE,F,0,0,0,0,0,6,0
JERAHMEEL,M,0,0,0,0,0,3,0
JERAMIAH,M,0,0,0,0,0,7,0
JERED,M,0,0,0,0,0,4,0
JERELL,M,0,3,0,3,0,11,6
JEREMI,M,0,0,0,0,0,59,0
JEREMIASZ,M,0,0,0,0,0,30,0
JEREMIH,M,0,0,0,0,0,4,0
JERIEL,M,0,0,0,0,0,5,0
JERIMIAH,M,0,0,0,0,0,3,0
JERMAYNE,M,0,0,0,0,0,3,0
JERMIAH,M,0,0,0,0,0,3,0
JEROEN,M,0,0,0,3,0,6,3
JERONE,M,3,0,3,0,0,6,6
JERREL,M,0,0,0,0,0,6,0
JERSEY-LOU,F,0,0,0,0,0,3,0
JERSEY-RAE,F,0,0,0,0,0,4,0
JERSI,F,0,0,0,0,0,3,0
JERUSALEM,F,0,0,0,0,0,3,0
JERZIE,F,0,0,0,0,0,12,0
JERZY,M,0,0,0,0,0,27,0
JESCA,F,0,3,0,0,0,7,3
JESHAN,M,0,0,0,0,0,3,0
JESHUA,M,0,0,0,0,0,15,0
JESHURUN,M,0,0,0,0,0,14,0
JESIAH,M,0,0,0,0,0,41,0
JESIKA,F,0,0,0,0,0,37,0
JESLIN,F,0,0,0,0,0,6,0
JESLYN,F,0,0,0,0,0,36,0
JESSA,F,0,0,0,0,0,15,0
JESSALYN,F,4,0,0,0,0,7,4
JESSAMIE,F,3,0,0,0,0,6,3
JESSAMYN,F,0,3,0,0,3,6,6
JESSECA,F,0,0,0,0,0,3,0
JESSE-JAMES,M,0,0,0,0,0,76,0
JESSE-JOE,M,0,0,0,0,0,3,0
JESSE-LEE,M,0,0,0,0,0,15,0
JESSENIA,F,0,0,0,0,0,20,0
JESSEY,F,0,0,0,0,0,4,0
JESSI,M,0,0,0,0,0,3,0
JESSIAH,M,0,0,0,0,3,3,3
JESSICA-,F,0,0,0,0,0,9,0
JESSICA-JAY,F,0,0,0,0,0,3,0
JESSICA-JAYNE,F,0,0,0,0,0,15,0
JESSICA-LEA,F,0,0,0,0,0,6,0
JESSICA-LEE,F,0,0,0,0,0,13,0
JESSICA-LILLY,F,0,0,0,0,0,8,0
JESSICA-LILY,F,0,0,0,0,0,20,0
JESSICA-MARIE,F,0,0,3,0,0,9,3
JESSICA-PAIGE,F,0,0,0,0,0,4,0
JESSICA-TAYLOR,F,0,0,0,0,0,3,0
JESSIE-ANNE,F,0,0,0,0,0,3,0
JESSIE-JAMES,M,0,0,0,0,0,3,0
JESSIE-LEE,F,0,0,0,0,0,8,0
JESSIE-MAE,F,0,0,0,0,0,47,0
JESSIE-MAI,F,0,0,0,0,0,7,0
JESSIE-MAY,F,0,3,0,0,0,36,3
JESSIE-ROSE,F,0,0,0,0,0,7,0
JESSYCA,F,0,0,0,4,0,10,4
JESTON,M,0,0,0,0,0,4,0
JESUTOFUNMI,F,0,0,0,0,0,3,0
JET,F,0,0,0,0,0,5,0
JETMIR,M,0,0,0,4,0,4,4
JETON,M,0,0,0,0,0,3,0
JETSON,M,0,0,0,0,0,12,0
JETT,F,0,0,0,0,0,9,0
JETTA,F,0,0,0,0,0,3,0
JEVAUGHN,M,0,0,0,3,0,14,3
JEVIN,M,0,0,0,0,0,3,0
JEWELL,F,0,0,0,0,0,9,0
JEYHAN,M,0,0,0,0,0,3,0
JEYLAN,M,0,0,0,0,0,6,0
JEYLAN,F,0,0,0,0,0,4,0
JEZIAH,M,0,0,0,0,0,20,0
JEZREEL,M,0,0,0,0,0,4,0
JHANAE,F,0,0,0,0,0,3,0
JHANE,F,3,0,0,0,0,3,3
JHANVI,F,0,0,0,0,0,26,0
JHENE,F,0,0,0,0,0,12,0
JHNELLE,F,0,0,0,0,0,6,0
JHON,M,0,3,0,0,0,3,3
JIAH,F,0,0,0,0,0,3,0
JIAHAO,M,0,0,0,0,0,3,0
JIAHUI,F,0,0,0,0,0,3,0
JIAN,M,3,0,0,0,3,58,6
JIANNA,F,0,0,0,0,0,9,0
JIAWEI,M,0,0,0,0,0,3,0
JIAYI,F,0,0,0,0,0,16,0
JIAYI,M,0,0,0,0,0,3,0
JIBRAAN,M,3,0,0,0,0,20,3
JIBRAEEL,M,0,0,0,0,0,50,0
JIBRAEL,M,0,0,0,0,0,25,0
JIBRAIL,M,0,0,0,0,0,9,0
JIBREEL,M,0,0,0,0,4,119,4
JIBRIEL,M,0,0,0,0,0,9,0
JIBRIIL,M,0,0,0,0,3,9,3
JIE,M,0,0,0,0,0,23,0
JIE,F,0,0,0,0,0,3,0
JIHAAN,F,0,0,0,0,0,3,0
JIHAN,F,0,0,0,0,0,23,0
JIHAN,M,0,0,0,0,0,13,0
JIMENA,F,0,0,0,0,0,17,0
JIMMY-DEAN,M,0,0,0,0,0,4,0
JIMMY-JAMES,M,0,0,0,0,0,3,0
JIMMY-JOE,M,0,0,0,0,0,3,0
JIMMY-LEE,M,0,0,0,0,0,29,0
JIMMY-RAY,M,0,0,0,0,0,3,0
JINA,F,0,0,0,0,0,8,0
JINAL,F,0,0,4,0,0,14,4
JINAN,F,0,0,0,0,0,47,0
JINAY,M,0,0,0,0,0,3,0
JING,M,0,0,0,0,0,62,0
JIREH,M,0,0,0,0,0,14,0
JIREH,F,0,0,0,0,0,3,0
JIRI,M,0,0,0,0,0,21,0
JISHNU,M,0,0,0,0,0,20,0
JITEN,M,4,0,3,0,0,7,7
JITESH,M,0,3,0,3,0,9,6
JIVIN,M,0,0,0,0,0,3,0
JIVRAJ,M,0,0,0,0,0,9,0
JIYAAD,M,0,0,0,0,3,3,3
JIYAN,M,0,0,0,0,0,39,0
JIYANA,F,0,0,0,0,0,3,0
JJ,M,0,0,0,0,0,90,0
J-JAY,M,0,0,0,0,0,22,0
J'NAI,F,0,0,0,0,0,3,0
JOAH,M,0,0,0,0,0,46,0
JOAL,M,0,0,0,0,0,3,0
JOANI,F,0,0,0,0,0,3,0
JO-ANNA,F,3,0,0,0,0,3,3
JOANNAH,F,0,0,0,0,0,3,0
JOBAN,M,0,0,0,0,0,62,0
JOBEY,M,0,0,0,0,0,37,0
JOBI,M,0,0,0,0,0,12,0
JOCCOAA,F,0,0,3,0,0,3,3
JOCELIN,F,0,0,0,0,0,3,0
JOCELYNE,F,0,0,0,0,0,12,0
JOCHEBED,F,0,0,0,0,0,12,0
JODEN,M,0,0,0,0,0,4,0
JODENE,F,0,0,0,0,0,3,0
JODH,M,0,0,0,0,4,14,4
JODIE-ANN,F,0,0,0,0,4,7,4
JODIE-MAE,F,0,0,0,0,0,3,0
JODI-LEIGH,F,0,0,0,0,0,4,0
JOEL,F,3,0,0,0,0,3,3
JOE-LEWIS,M,0,0,0,0,0,3,0
JOELI,F,0,0,0,0,0,3,0
JOELIE,F,0,0,0,0,0,6,0
JOEN,M,0,0,0,0,0,3,0
JOESPH,M,5,0,0,0,0,12,5
JOEY-JAMES,M,0,0,0,0,0,23,0
JOEY-JAY,M,0,0,0,0,0,3,0
JOEY-LEE,M,0,0,0,0,0,17,0
JOHAAN,M,0,0,0,0,0,3,0
JOHANA,F,0,0,0,3,0,13,3
JOHANAN,M,0,0,0,0,0,3,0
JOHANNAH,F,3,3,0,0,0,27,6
JOHARA,F,0,0,0,0,0,7,0
JOHB,M,0,0,0,0,0,3,0
JOHIRUL,M,0,0,4,0,0,4,4
JOHN-,M,0,0,0,0,0,3,0
JOHNBOY,M,0,0,0,0,0,5,0
JOHN-FRANCIS,M,0,0,0,0,0,3,0
JOHNIE,M,0,0,0,0,0,6,0
JOHN-JACK,M,0,0,0,0,0,3,0
JOHNJAMES,M,0,0,0,0,0,9,0
JOHNJOE,M,0,0,0,0,0,3,0
JOHN-JUNIOR,M,0,0,0,0,0,40,0
JOHNLEE,M,0,0,0,0,0,3,0
JOHN-MICHAEL,M,0,0,0,0,0,4,0
JOHNNY-LEE,M,0,0,0,0,0,6,0
JOHN-PATRICK,M,0,0,0,0,0,6,0
JOHNPAUL,M,0,0,0,0,0,56,0
JOHN-RILEY,M,0,0,0,0,0,3,0
JOHN-ROBERT,M,0,0,0,0,0,3,0
JOHN-TERRY,M,0,0,0,0,0,3,0
JOHN-THOMAS,M,0,0,0,0,0,3,0
JOHNWILLIAM,M,0,0,0,0,0,3,0
JOHNY,M,0,0,0,0,0,27,0
JOIA,F,0,0,0,0,0,3,0
JOIE,M,0,0,0,0,0,6,0
JOKUBAS,M,0,0,0,0,0,108,0
JOLAN,M,3,0,0,0,0,10,3
JOLANTA,F,0,0,0,0,0,3,0
JOLE,M,0,0,0,0,0,6,0
JOLEE,F,0,0,0,0,0,12,0
JO-LEIGH,F,0,0,0,0,0,3,0
JOLEON,M,0,0,0,0,0,3,0
JOLON,M,4,0,0,0,0,4,4
JOMANA,F,0,0,0,0,0,10,0
JONA,F,0,0,0,0,0,26,0
JONA,M,0,0,0,0,0,22,0
JONAH-JAMES,M,0,0,0,0,0,3,0
JONAID,M,3,0,0,0,0,3,3
JONAN,M,0,0,0,0,0,6,0
JONASZ,M,0,0,0,0,0,13,0
JONATAN,M,0,0,0,0,0,34,0
JONATHAN-JAMES,M,0,0,0,0,0,3,0
JONEL,M,0,0,0,0,0,6,0
JONELLE,F,0,0,0,5,0,41,5
JONES,M,0,0,0,0,0,23,0
JONI,M,0,0,0,0,0,11,0
JONIE,F,0,0,0,0,0,3,0
JON-JAMES,M,0,0,0,0,0,10,0
JONO,M,0,0,0,0,0,3,0
JONPAUL,M,3,0,0,0,0,10,3
JONTE,M,0,0,0,0,0,9,0
JOO,F,3,0,0,0,0,3,3
JOOD,F,0,0,0,0,0,42,0
JOORY,F,0,0,0,0,0,12,0
JORAM,M,0,0,0,0,0,3,0
JORAWAR,M,0,0,0,5,0,33,5
JORDACHE,M,0,0,3,0,0,3,3
JORDAINE,M,0,0,0,0,0,6,0
JORDANE,M,0,0,0,4,0,4,4
JORDAN-JUNIOR,M,0,0,0,0,0,3,0
JORDANLEE,M,0,0,0,3,0,6,3
JORDAN-REECE,M,0,0,3,0,0,3,3
JORDELLE,F,0,0,0,0,0,3,0
JORDIE,F,0,0,0,0,0,3,0
JORDIN,F,0,0,0,3,0,6,3
JORDINA,F,0,0,0,0,3,3,3
JORE,F,0,0,0,0,0,3,0
JORGA,F,0,0,0,0,0,3,0
JORGE,F,0,3,3,0,0,6,6
JORGI,F,0,0,0,0,0,15,0
JORGIE-LEA,F,0,0,0,0,0,3,0
JORGIE-LEIGH,F,0,0,0,0,0,8,0
JORGIE-MAE,F,0,0,0,0,0,6,0
JORGIE-MAI,F,0,0,0,0,0,4,0
JORGIE-MAY,F,0,0,0,0,0,3,0
JORGIE-RAE,F,0,0,0,0,0,3,0
JORGIE-ROSE,F,0,0,0,0,0,4,0
JORGINA,F,0,0,0,0,0,3,0
JORIS,M,0,0,0,0,0,60,0
JORJ,M,0,0,0,0,0,3,0
JORJA-LEIGH,F,0,0,0,0,0,3,0
JORJA-MAE,F,0,0,0,0,0,8,0
JORJA-ROSE,F,0,0,0,0,0,3,0
JORJI,F,0,0,0,0,0,3,0
JORJIE,F,0,0,0,0,0,14,0
JORY,F,0,0,0,0,0,8,0
JOSEPHA,F,0,0,0,0,0,8,0
JOSEPHINA,F,0,0,0,0,4,34,4
JOSEPH-JACK,M,0,0,0,0,0,3,0
JOSEPH-JAMES,M,0,0,0,0,0,26,0
JOSEPH-JOHN,M,0,0,0,0,0,7,0
JOSEPH-JUNIOR,M,0,0,0,0,0,3,0
JOSEY,M,0,0,0,0,0,3,0
JOSHIKA,F,0,0,0,0,0,10,0
JOSHIM,M,0,0,0,0,0,6,0
JOSHKUN,M,0,0,0,0,0,6,0
JOSHUA-DAVID,M,0,0,0,0,0,6,0
JOSHUA-JAY,M,0,0,0,0,0,10,0
JOSHUA-JOHN,M,0,0,0,0,0,3,0
JOSHUA-JUNIOR,M,0,0,0,0,0,3,0
JOSHUA-LEWIS,M,0,0,0,0,0,3,0
JOSHVEER,M,0,0,0,0,0,10,0
JOSHWA,M,0,0,0,0,0,4,0
JOSIA,F,0,0,0,0,0,3,0
JOSIAS,M,0,0,0,0,0,29,0
JOSIE-LEA,F,0,0,0,0,0,3,0
JOSIE-LEIGH,F,0,3,3,0,0,24,6
JOSIE-MAE,F,0,0,0,0,0,7,0
JOSIE-MARIE,F,0,0,0,0,0,4,0
JOSIE-MAY,F,0,0,0,0,0,20,0
JOSLYN,F,0,0,0,0,0,14,0
JOSS,F,0,0,0,0,0,38,0
JOSSELIN,F,0,0,0,0,0,3,0
JOSUA,M,0,0,0,0,0,3,0
JOSUAH,M,0,0,4,0,0,4,4
JOSUHA,M,0,0,0,0,0,3,0
JOUD,F,0,0,0,0,0,21,0
JOUD,M,0,0,0,0,0,3,0
JOUDY,F,0,0,0,0,0,3,0
JOUMANA,F,0,0,0,0,0,7,0
JOVANI,M,0,0,0,0,0,25,0
JOVANNI,M,0,0,0,0,0,14,0
JOVANNY,M,0,0,0,0,0,3,0
JOVAWN,M,0,0,0,0,0,3,0
JOVEN,M,0,0,0,0,0,14,0
JOVIE,F,0,0,0,0,0,33,0
JOVITA,F,0,0,0,0,0,27,0
JOVUN,M,0,0,0,0,0,4,0
JOWAN,F,0,0,0,0,0,4,0
JOWITA,F,0,0,0,0,0,21,0
JOYA,F,0,3,0,0,3,22,6
JOYCELYN,F,0,0,0,0,0,16,0
JOYNUL,M,3,0,0,0,3,6,6
JOZEFINA,F,0,0,0,0,0,7,0
JOZEPH,M,0,0,0,0,0,8,0
JOZIAH,M,0,0,0,0,0,50,0
JUANNA,F,0,0,0,0,0,3,0
JUBAL,M,0,0,0,0,0,3,0
JUBEDA,F,0,0,3,0,0,3,3
JUBEL,M,0,0,0,0,0,3,0
JUBER,M,0,3,0,0,0,3,3
JUDI,M,0,0,0,0,0,3,0
JUDYTA,F,0,0,0,0,0,38,0
JUEL,M,0,0,0,0,0,9,0
JUELS,M,0,0,0,0,0,3,0
JUELZ,M,0,0,0,0,0,8,0
JUHEL,M,0,0,0,5,0,5,5
JUHENA,F,0,0,0,4,0,4,4
JUI,F,0,0,0,0,0,3,0
JUJHAR,M,0,3,0,3,0,88,6
JULEKHA,F,0,0,3,0,0,3,3
JULEN,M,0,0,0,0,0,9,0
JULIANE,F,0,0,0,0,0,3,0
JULIANO,M,0,0,0,0,0,9,0
JULIDE,F,0,0,0,0,0,3,0
JULIETTA,F,0,0,0,0,0,23,0
JULIJA,F,0,0,0,0,0,38,0
JULIUSZ,M,0,0,0,0,0,34,0
JULLIAN,M,0,0,0,0,0,3,0
JUMA,F,0,0,3,0,0,3,3
JUMAIMAH,F,0,0,0,0,0,51,0
JUMAINA,F,0,0,0,0,4,7,4
JUMAINAH,F,0,0,0,0,0,10,0
JUMAN,F,0,0,0,0,0,3,0
JUMARA,F,0,0,0,0,0,3,0
JUMAYMAH,F,0,0,0,0,0,23,0
JUNA,F,0,0,0,0,0,9,0
JUNAD,M,0,0,3,0,0,3,3
JUNAED,M,3,0,0,0,0,3,3
JUNAINA,F,0,0,0,0,0,6,0
JUNAYNAH,F,0,0,0,0,0,3,0
JUNG,F,0,0,0,0,0,3,0
JUNHAO,M,0,0,0,0,0,3,0
JUNIOR-JAMES,M,0,0,0,0,0,13,0
JUNIOR-JAY,M,0,0,0,0,0,15,0
JUNO,M,0,0,0,0,0,7,0
JUPITER,M,0,0,0,0,0,17,0
JURAJ,M,0,0,0,0,0,10,0
JUSTAS,M,0,0,0,0,0,54,0
JUSTIN-JAMES,M,0,0,0,0,0,3,0
JUSTIN-LEE,M,0,0,0,0,0,6,0
JUSTYNA,F,0,0,0,0,0,61,0
JUVAN,M,0,0,0,0,0,3,0
JUVERIA,F,0,0,0,0,0,4,0
JUVRAJ,M,0,0,0,0,0,9,0
JUWAIRIA,F,0,0,0,0,0,20,0
JUWAIRIYA,F,0,0,0,3,0,42,3
JUWAIRYAH,F,0,0,0,0,0,3,0
JUWAIRYYAH,F,0,0,0,0,0,3,0
JUWARIYAH,F,0,0,0,0,0,65,0
JUWAYRIA,F,0,3,0,0,0,12,3
JUWAYRIAH,F,0,0,0,0,3,19,3
JUWAYRIYA,F,0,0,0,0,0,52,0
JUWAYRIYYA,F,0,0,0,0,0,3,0
JUWAYRIYYAH,F,0,0,0,0,0,3,0
JUWERIA,F,0,0,0,0,0,7,0
JUWERIYA,F,0,0,0,0,0,9,0
JUWEYRIYA,F,0,0,0,0,0,3,0
JWANA,F,0,0,0,0,0,6,0
JYE,M,0,4,0,0,0,23,4
JYOTSNA,F,0,0,0,0,0,3,0
J'ZIAH,M,0,0,0,0,0,3,0
K,F,0,0,0,0,0,19,0
KAAMIL,M,0,0,0,0,0,49,0
KAAMILAH,F,0,0,3,0,0,11,3
KAASHVI,F,0,0,0,0,0,3,0
KAAVIYA,F,0,0,0,0,0,3,0
KAAVYA,F,0,0,0,0,0,39,0
KAAYA,F,0,0,0,0,0,7,0
KAAYAN,M,0,0,0,0,0,3,0
KABE,M,0,0,0,0,0,3,0
KABILAN,M,0,0,0,0,0,3,0
KABIRA,F,0,0,3,0,0,3,3
KABISHA,F,0,0,0,0,0,4,0
KABISHAN,M,0,0,0,0,0,3,0
KABISHAYAN,M,0,0,0,0,0,4,0
KACE,M,0,0,0,0,0,5,0
KACEE,M,0,0,0,0,0,3,0
KACEY-,F,0,0,0,0,0,3,0
KACEY-ANN,F,0,0,0,0,0,6,0
KACEY-JADE,F,0,0,0,0,0,3,0
KACEY-JANE,F,0,0,0,0,0,6,0
KACEY-JO,F,0,0,0,0,0,17,0
KACEY-LEA,F,0,0,0,0,0,5,0
KACEY-LEE,F,0,0,0,0,0,18,0
KACEYLEIGH,F,0,0,0,0,0,3,0
KACEY-LEIGH,F,0,0,0,0,0,189,0
KACEY-LOUISE,F,0,0,0,0,0,8,0
KACEY-MAE,F,0,0,0,0,0,40,0
KACEY-MAI,F,0,0,0,0,0,22,0
KACEY-MARIE,F,0,0,0,0,0,11,0
KACEY-MAY,F,0,0,0,0,0,40,0
KACI,M,0,0,0,4,0,68,4
KACIE,M,0,0,0,0,0,14,0
KACIE-ANN,F,0,0,0,0,0,3,0
KACIE-JO,F,0,0,0,0,0,3,0
KACIE-LEA,F,0,0,0,0,0,3,0
KACIE-LEE,F,0,0,0,0,0,3,0
KACIE-LEIGH,F,0,0,0,0,0,121,0
KACIE-LOUISE,F,0,0,0,0,0,3,0
KACIE-MAE,F,0,0,0,0,0,41,0
KACIE-MAI,F,0,0,0,0,0,23,0
KACIE-MARIE,F,0,0,0,0,0,6,0
KACIE-MAY,F,0,0,0,0,0,30,0
KACIE-ROSE,F,0,0,0,0,0,3,0
KACI-JANE,F,0,0,0,0,0,3,0
KACI-JO,F,0,0,0,0,0,7,0
KACI-LEA,F,0,0,0,0,0,9,0
KACI-LEE,F,0,0,0,0,0,7,0
KACI-LEI,F,0,0,0,0,0,3,0
KACI-LEIGH,F,0,0,0,0,0,121,0
KACI-LOUISE,F,0,0,0,0,0,10,0
KACI-MAE,F,0,0,0,0,0,23,0
KACI-MAI,F,0,0,0,0,0,37,0
KACI-MARIE,F,0,0,0,0,0,3,0
KACI-MAY,F,0,0,0,0,0,10,0
KACY,M,0,0,0,0,0,14,0
KACY-LEIGH,F,0,0,0,0,0,6,0
KACY-MAY,F,0,0,0,0,0,3,0
KADDY,F,0,0,0,0,0,7,0
KADE,F,0,0,0,0,0,3,0
KADEE,F,0,0,0,0,0,51,0
KADEER,M,0,0,0,0,0,3,0
KADEJA,F,0,0,0,0,0,7,0
KADELL,M,0,0,3,0,0,3,3
KADENCE,F,0,0,0,0,0,86,0
KADEN-JAMES,M,0,0,0,0,0,3,0
KADESHA,F,0,0,0,4,0,4,4
KADEY-LEIGH,F,0,0,0,0,0,3,0
KADIAN,M,0,0,0,0,0,3,0
KADIAN,F,0,0,0,0,0,3,0
KADIATOU,F,0,0,0,0,0,19,0
KADIATU,F,0,0,0,0,0,6,0
KADIDIA,F,0,0,0,0,0,3,0
KADIDJA,F,0,0,0,0,0,3,0
KADIE-LEA,F,0,0,0,0,0,3,0
KADIE-LEE,F,0,0,0,0,0,6,0
KADIE-LEI,F,0,0,0,0,0,3,0
KADIELEIGH,F,0,0,0,0,0,3,0
KADIE-LEIGH,F,0,0,0,0,0,74,0
KADIE-MAE,F,0,0,0,0,0,8,0
KADIE-MAY,F,0,0,0,0,0,6,0
KADIJAH,F,0,0,0,0,5,51,5
KADIJAT,F,3,0,3,0,0,6,6
KADIJATU,F,0,0,0,0,0,3,0
KADI-LEIGH,F,0,0,0,0,0,7,0
KADIN,M,0,0,0,0,0,22,0
KADIZA,F,0,3,0,0,3,6,6
KADMIEL,M,0,0,0,0,0,8,0
KADON,M,0,0,0,0,0,20,0
KADRA,F,0,0,0,0,0,6,0
KADY-LEA,F,0,0,0,0,0,3,0
KADY-LEIGH,F,0,0,0,0,0,22,0
KADYN,M,0,0,0,0,0,74,0
KAE,M,3,0,0,0,0,6,3
KAEDAN,M,0,0,0,0,0,11,0
KAEDE,F,0,0,0,0,0,14,0
KAEDEN,M,0,0,0,0,0,206,0
KAEDON,M,0,0,0,0,0,25,0
KAEDYN,M,0,0,0,0,0,23,0
KAELAH,F,0,0,0,0,0,16,0
KAELAM,M,0,0,0,0,0,3,0
KAELI,F,3,0,0,0,0,3,3
KAELIE,F,0,0,0,0,0,3,0
KAELIN,M,0,0,0,0,0,34,0
KAELIN,F,0,0,0,0,0,28,0
KAELON,M,0,0,0,0,0,7,0
KAELUN,M,0,0,0,0,0,3,0
KAELYN,F,0,0,0,0,0,121,0
KAEMON,M,0,0,0,0,0,6,0
KAESHA,F,0,0,0,3,0,6,3
KAESON,M,0,0,0,0,0,11,0
KAETLYN,F,0,0,0,0,0,6,0
KAEYA,F,0,0,0,0,0,7,0
KAFIA,F,0,0,0,0,3,3,3
KAGAN,M,3,0,0,0,3,25,6
KAGE,M,0,0,0,0,0,6,0
KAH,M,0,3,0,0,0,6,3
KAH,F,0,0,0,0,0,3,0
KAHAN,M,0,0,0,0,0,3,0
KAHEESHA,F,0,0,0,0,0,3,0
KAHIL,M,0,0,0,0,0,8,0
KAHINA,F,0,0,0,0,0,3,0
KAHLAN,F,0,3,0,0,0,97,3
KAHLEN,F,0,0,0,0,0,38,0
KAHLIA,F,0,0,0,0,0,9,0
KAHLIL,M,0,0,0,0,0,16,0
KAIA,M,0,0,0,0,0,11,0
KAIAH,F,0,0,0,3,0,21,3
KAIAN,M,0,0,0,0,0,66,0
KAIANNA,F,0,0,0,0,0,3,0
KAICEE,F,0,0,0,0,0,3,0
KAICEY,F,0,0,0,0,0,10,0
KAIDA,F,0,0,0,0,0,14,0
KAIDAN,M,0,0,0,3,3,248,6
KAIDEE,F,0,0,0,0,0,34,0
KAIDEN,F,0,0,0,0,0,12,0
KAIDENCE,F,0,0,0,0,0,34,0
KAIDEN-JAMES,M,0,0,0,0,0,5,0
KAIDEN-JAY,M,0,0,0,0,0,3,0
KAIDEN-LEE,M,0,0,0,0,0,67,0
KAIDEN-SCOTT,M,0,0,0,0,0,4,0
KAIDI,F,0,0,0,0,0,21,0
KAIDIE,F,0,0,0,0,0,25,0
KAIDYN,M,0,0,0,0,0,48,0
KAIDYN,F,0,0,0,0,0,3,0
KAIE,M,0,0,0,0,0,30,0
KAIEN,M,0,0,0,0,0,15,0
KAIESHA,F,0,0,0,0,3,10,3
KAII,M,0,3,0,0,0,23,3
KAI-JAMES,M,0,0,0,0,0,17,0
KAIL,M,0,0,3,0,0,6,3
KAILAH,F,0,0,0,0,0,45,0
KAILAM,M,0,0,0,3,4,7,7
KAILANI,F,0,0,0,0,0,9,0
KAILAS,M,0,0,0,0,0,7,0
KAILASH,M,0,0,0,0,0,23,0
KAILEB,M,0,0,0,0,0,38,0
KAILIB,M,0,0,0,0,0,6,0
KAILIN,M,0,0,0,0,0,3,0
KAILLUM,M,0,0,0,0,0,9,0
KAILON,M,0,0,0,0,0,4,0
KAILUB,M,0,0,0,0,0,6,0
KAILUN,M,0,0,0,0,0,7,0
KAIM,M,0,0,0,0,0,9,0
KAIMANA,F,0,0,3,0,0,3,3
KAI-MCKENZIE,M,0,0,0,0,0,3,0
KAIMEN,M,3,0,0,0,0,3,3
KAINA,F,0,0,0,0,0,3,0
KAINEN,M,0,0,0,0,0,6,0
KAIO,M,0,0,0,0,0,12,0
KAIOH,M,0,0,0,0,0,3,0
KAION,M,0,0,0,0,0,6,0
KAIRAH,F,0,0,0,0,0,18,0
KAIRAN,M,0,3,0,0,0,145,3
KAIRAV,M,0,0,0,0,0,25,0
KAIREECE,M,0,0,0,0,0,3,0
KAI-REECE,M,0,0,0,0,0,14,0
KAIRELL,M,0,0,0,0,0,7,0
KAIREN,M,0,0,0,0,0,27,0
KAIRESE,M,0,0,0,0,0,3,0
KAIROS,M,0,0,0,0,0,7,0
KAIRYN,M,0,0,0,0,0,6,0
KAISAAN,M,0,0,0,0,0,21,0
KAISAR,M,0,0,3,0,3,6,6
KAISEY,F,3,0,0,0,3,28,6
KAISIE,F,0,0,0,0,0,7,0
KAISON,M,0,0,0,0,0,127,0
KAITIE,F,0,0,0,0,0,6,0
KAITLIN-LOUISE,F,0,0,0,0,0,3,0
KAITLIN-ROSE,F,0,0,0,0,0,3,0
KAITLYNE,F,0,0,0,0,0,7,0
KAITLYN-MARIE,F,0,0,0,0,0,8,0
KAITLYNNE,F,0,0,0,0,0,17,0
KAITLYN-ROSE,F,0,0,0,0,0,13,0
KAIYA,M,0,0,0,0,0,28,0
KAIYAH,F,0,0,0,0,0,63,0
KAIYEN,M,0,0,0,0,0,6,0
KAIYON,M,0,0,0,0,0,13,0
KAIZ,M,0,0,0,0,0,3,0
KAIZAR,M,0,0,0,0,0,3,0
KAJAN,M,0,0,0,0,3,9,3
KAJETAN,M,0,0,0,0,0,162,0
KAJUS,M,0,0,0,0,0,424,0
KALANI,M,0,0,0,0,0,22,0
KALANI,F,0,0,0,0,0,12,0
KALAYA,F,0,0,0,0,0,11,0
KALDEN,M,0,0,0,0,0,3,0
KALEA,F,0,0,0,0,0,8,0
KALEAH,F,0,0,0,0,0,3,0
KALEBH,M,0,3,0,0,0,6,3
KALEE,F,3,0,0,0,0,6,3
KALEESI,F,0,0,0,0,0,20,0
KALEISHA,F,0,0,3,0,0,20,3
KALEL,M,0,0,0,0,0,104,0
KAL-EL,M,0,0,0,0,0,116,0
KALESHA,F,0,0,3,0,0,6,3
KALIA,F,0,0,0,0,0,44,0
KALIAH,F,0,0,0,0,0,19,0
KALICE,F,0,0,0,0,0,3,0
KALICIA,F,0,0,0,0,0,3,0
KALID,M,0,0,3,0,0,33,3
KALIE,F,0,3,0,0,0,7,3
KALIF,M,0,3,0,0,0,3,3
KALIFA,F,0,3,3,0,0,6,6
KALIN,M,0,0,0,0,0,12,0
KALINA,F,4,0,0,0,0,166,4
KALISA,F,0,0,0,0,0,7,0
KALISI,F,0,0,0,0,0,3,0
KALISTA,F,0,0,0,0,0,16,0
KALIYAH,F,0,0,0,0,4,131,4
KALKIDAN,F,0,0,0,0,0,5,0
KALLAI,M,0,0,0,0,0,9,0
KALLE,M,0,0,0,0,0,9,0
KALLEL,M,0,0,0,0,0,4,0
KALLIA,F,0,0,0,0,0,9,0
KALLIOPI,F,0,0,0,0,0,6,0
KALLIS,M,0,0,0,0,0,6,0
KALLON,M,0,0,5,0,0,5,5
KALO,M,0,0,0,0,0,6,0
KALONICE,F,0,0,0,0,0,3,0
KALONJI,M,0,0,0,0,0,5,0
KALOYAN,M,0,0,0,0,0,38,0
KALP,M,0,0,0,0,0,4,0
KALSUM,F,0,0,0,0,0,3,0
KALTHUM,F,0,0,0,0,0,3,0
KALTRINA,F,0,0,0,3,0,3,3
KALU,M,0,0,0,0,0,3,0
KALUP,M,0,0,0,0,0,3,0
KALVYN,M,0,0,0,0,0,3,0
KALYA,F,0,0,0,0,0,3,0
KALYAN,M,0,0,0,0,0,16,0
KALYANI,F,0,0,0,3,0,15,3
KALYN,F,0,0,0,0,0,6,0
KAM,M,0,0,0,0,0,3,0
KAMA,F,0,0,3,0,0,6,3
KAMAI,M,0,0,0,0,0,13,0
KAMALDEEP,F,3,3,0,0,0,6,6
KAMALDEEP,M,3,0,0,0,0,6,3
KAMALI,M,0,4,0,0,0,41,4
KAMALJEET,F,0,0,0,3,0,3,3
KAMALPREET,F,4,0,0,3,0,7,7
KAMALPREET,M,0,0,0,0,0,3,0
KAMANI,M,0,0,0,0,0,43,0
KAMARAN,M,0,0,0,0,0,7,0
KAMARI,M,0,0,0,0,0,210,0
KAMARIA,F,0,0,0,0,0,6,0
KAMARION,M,0,0,0,0,0,3,0
KAMARL,M,0,0,0,0,4,19,4
KAMARLEY,M,0,0,0,0,0,16,0
KAMARLI,M,0,0,0,0,0,6,0
KAMARNI,M,0,0,0,0,0,45,0
KAMAYA,F,0,0,0,0,0,9,0
KAMDEN,M,0,0,0,0,0,7,0
KAMEA,F,0,0,0,0,0,3,0
KAMEELA,F,0,0,0,0,0,3,0
KAMEL,M,3,0,0,0,3,12,6
KAMELIA,F,0,0,0,0,0,16,0
KAMERAN,M,0,0,0,0,0,22,0
KAMESHA,F,0,0,0,0,0,4,0
KAMI,F,0,0,0,0,0,11,0
KAMIAH,F,0,0,0,0,0,12,0
KAMILIA,F,0,0,0,0,0,6,0
KAMILIS,M,0,0,0,0,0,4,0
KAMILLA,F,0,0,0,0,3,70,3
KAMIRA,F,0,0,0,3,0,3,3
KAMIRAH,F,0,0,0,0,0,3,0
KAMIYA,F,0,0,0,0,0,15,0
KAMIYAH,F,0,0,0,0,0,22,0
KAMREN,M,0,0,0,3,0,42,3
KAM'RON,M,0,0,0,0,0,3,0
KAMRUN,M,0,0,0,3,0,9,3
KAMRYN,M,0,0,0,0,0,6,0
KAMRYN,F,0,0,0,0,0,6,0
KAMSI,F,0,0,0,0,0,8,0
KAMSI,M,0,0,0,0,0,6,0
KAMSIYOCHI,M,0,0,0,0,0,3,0
KAMSIYOCHUKWU,M,0,0,0,0,0,43,0
KAMSIYOCHUKWU,F,0,0,0,0,0,37,0
KAMURAN,M,0,0,0,0,3,3,3
KAMYA,F,0,0,0,0,0,4,0
KAMYAR,M,0,0,0,0,0,4,0
KANA,F,0,4,0,0,0,10,4
KANAAN,M,0,0,0,0,0,3,0
KANAKO,F,0,3,0,0,0,3,3
KANAV,M,0,0,0,0,0,32,0
KANDI,F,0,0,0,0,0,3,0
KANG,M,0,0,0,0,0,8,0
KANHAIYA,M,0,0,0,0,0,3,0
KANI,M,0,4,0,0,0,10,4
KANI,F,0,0,0,0,0,62,0
KANIHA,F,0,0,0,0,0,3,0
KANISH,M,0,0,0,0,0,10,0
KANISHK,M,0,0,0,0,0,25,0
KANISHKA,F,0,0,0,0,0,47,0
KANITA,F,0,0,0,0,0,3,0
KANIZ,F,0,0,0,0,0,3,0
KANNA,F,0,0,0,0,0,3,0
KANNAN,M,0,0,0,0,0,4,0
KANO,M,0,0,0,0,0,3,0
KANON,F,0,0,0,0,0,3,0
KANWAR,M,0,0,0,0,0,3,0
KANY,F,0,0,0,0,0,13,0
KANYA,F,0,0,0,0,0,6,0
KANYA,M,0,0,0,0,0,3,0
KANYE,M,0,0,0,0,0,134,0
KANYINSOLA,F,0,0,0,0,0,6,0
KANZA,F,0,0,0,0,0,3,0
KANZAH,F,0,0,0,0,0,6,0
KAORI,F,0,0,0,0,0,3,0
KAPILAN,M,0,0,0,0,0,3,0
KARAGH,F,0,0,0,0,0,3,0
KARALEE,F,0,0,0,0,0,3,0
KARA-LEIGH,F,0,0,0,0,3,25,3
KARAMBA,M,0,0,0,0,0,3,0
KARAMDEEP,M,0,0,0,0,0,3,0
KARAMDEEP,F,0,0,0,0,0,3,0
KARAMJEET,F,0,0,0,0,0,8,0
KARAMJEET,M,0,0,0,0,0,3,0
KARAMJIT,M,3,0,0,3,0,6,6
KARAMVEER,F,0,0,0,0,0,3,0
KARAMVIR,M,0,3,0,0,0,9,3
KARAN,F,0,0,0,0,0,7,0
KARANBIR,M,0,0,0,0,0,3,0
KARANDEEP,F,0,3,0,3,0,6,6
KARANJEET,M,3,0,0,0,0,3,3
KARANJIT,F,0,0,0,4,0,4,4
KARANJOT,M,0,0,3,0,0,6,3
KARAS,M,0,0,0,0,0,3,0
KARDEL,M,0,0,0,0,0,3,0
KARDELL,M,0,0,0,0,0,4,0
KARDO,M,0,0,0,0,0,11,0
KAREEN,F,0,0,0,0,0,8,0
KARELL,M,0,0,0,0,0,6,0
KAREM,M,0,0,0,0,0,7,0
KARENJIT,F,3,0,0,0,0,3,3
KARHA,F,5,0,0,0,0,5,5
KARHYS,F,0,0,0,0,3,3,3
KARI,M,0,0,0,0,0,3,0
KARIKALAN,M,0,0,0,0,0,3,0
KARILE,F,0,0,0,0,0,3,0
KARINE,F,3,3,0,0,0,9,6
KARIS,M,0,0,0,0,0,3,0
KARISH,M,0,0,0,0,0,3,0
KARISHA,F,0,3,0,0,0,18,3
KARLENE,F,0,0,0,0,0,3,0
KARLINA,F,0,0,0,0,0,4,0
KARLIS,M,0,0,0,0,0,18,0
KARLO,M,0,3,0,0,0,22,3
KARLOS,M,0,0,3,3,0,42,6
KARMA,M,0,0,0,0,0,3,0
KARMAN,M,0,0,0,0,0,19,0
KARMANI,M,0,0,0,0,0,6,0
KARMANJOT,M,0,0,0,0,0,3,0
KARMEL,F,0,0,0,0,0,12,0
KARMELLA,F,0,0,0,0,0,4,0
KARNA,M,0,0,0,0,0,3,0
KARNAN,M,0,0,0,0,0,3,0
KARNYE,M,0,0,0,0,0,8,0
KARO,M,0,0,0,0,0,6,0
KAROLINE,F,0,0,0,0,0,11,0
KAROLIS,M,0,0,0,0,0,66,0
KARRAN,M,3,3,0,0,0,10,6
KARRERA,F,0,0,0,0,0,6,0
KARRI,F,0,0,0,0,0,3,0
KARRIGAN,F,0,3,0,0,0,3,3
KARRINA,F,0,3,0,0,0,3,3
KARSEN,M,0,0,0,0,0,15,0
KARSON,M,0,0,0,0,0,166,0
KARTA,M,0,0,0,0,0,3,0
KARTAR,M,0,0,0,0,0,61,0
KARTEL,M,0,0,0,0,0,19,0
KARTHI,M,0,0,0,0,0,3,0
KARTHIK,M,0,0,0,0,0,66,0
KARTHIKA,F,0,0,0,0,0,3,0
KARTHIKEYA,M,0,0,0,0,0,6,0
KARUM,M,0,0,3,0,3,28,6
KASANDRA,F,0,0,0,0,0,7,0
KASE,M,0,0,0,0,0,3,0
KASEN,M,0,0,0,0,0,34,0
KASEY-LEE,F,0,0,0,0,0,7,0
KASEY-LEIGH,F,0,0,0,0,0,44,0
KASEY-MAE,F,0,0,0,0,0,8,0
KASEY-MAY,F,0,0,0,0,0,4,0
KASHAAN,M,0,0,0,0,0,6,0
KASHAF,F,0,0,0,0,0,55,0
KASHAI,M,0,0,0,0,0,3,0
KASHAN,M,0,0,0,0,0,29,0
KASHANE,M,0,0,0,3,0,3,3
KASHAUN,M,0,0,0,0,3,3,3
KASHEF,M,0,0,0,0,0,4,0
KASHI,M,0,0,0,0,0,3,0
KASHIFA,F,0,0,0,0,0,6,0
KASHISH,F,0,0,0,0,0,82,0
KASHMALA,F,4,0,0,0,0,39,4
KASHVI,F,0,0,0,0,0,85,0
KASHVIN,M,0,0,0,0,0,4,0
KASI,F,0,0,0,0,3,17,3
KASIAH,F,0,0,0,0,0,3,0
KASIAN,M,0,0,0,0,0,3,0
KASIB,M,0,0,0,0,0,3,0
KASIE,M,0,0,0,3,0,6,3
KASJAN,M,0,0,0,0,0,22,0
KASON,M,0,0,0,0,0,132,0
KASRA,M,0,0,0,0,0,88,0
KASSA,M,0,0,0,0,0,3,0
KASSAM,M,3,0,0,0,3,6,6
KASSEM,M,0,0,0,0,0,4,0
KASSIAH,F,0,0,0,0,0,3,0
KASSIDY,M,0,0,0,0,0,10,0
KASTHURI,F,0,3,0,0,0,3,3
KASTURI,F,0,0,3,0,0,3,3
KASUMI,F,0,0,0,0,0,7,0
KATA,F,0,0,0,0,0,3,0
KATALEA,F,0,0,0,0,0,6,0
KATALEJA,F,0,0,0,0,0,9,0
KATALEYA,F,0,0,0,0,0,13,0
KATALIA,F,0,0,0,0,0,3,0
KATALIN,F,0,0,0,0,0,7,0
KATALINA,F,0,0,0,6,0,64,6
KATAN,F,0,0,0,0,0,3,0
KATANA,F,0,0,0,3,0,36,3
KATAYA,F,0,0,0,0,0,3,0
KATEE,F,0,0,0,0,0,3,0
KATE-LYN,F,0,0,0,0,0,3,0
KATELYND,F,0,0,4,0,0,4,4
KATELYNE,F,0,3,0,0,0,21,3
KATE-LYNN,F,0,0,0,0,0,10,0
KATELYNNE,F,0,0,0,0,4,24,4
KATELYN-ROSE,F,0,0,0,0,0,3,0
KATHAN,M,0,0,0,0,0,18,0
KATHARYN,F,0,0,0,0,3,3,3
KATHERINA,F,0,0,0,0,0,10,0
KATHERYNE,F,0,0,3,0,0,3,3
KATHIR,M,0,0,0,0,0,3,0
KATHLEEN-MARIE,F,0,0,0,0,0,4,0
KATHRIN,F,0,0,0,0,0,3,0
KATHRINA,F,3,0,0,0,0,3,3
KATIE-,F,0,0,0,0,3,30,3
KATIEANN,F,0,0,0,0,0,3,0
KATIEANNE,F,0,3,0,0,0,3,3
KATIE-GRACE,F,0,0,0,0,0,9,0
KATIE-JO,F,0,0,0,3,0,38,3
KATIE-LEA,F,0,0,0,0,0,6,0
KATIE-LEE,F,4,0,0,0,0,26,4
KATIELEIGH,F,0,0,0,0,0,12,0
KATIE-LOU,F,0,0,0,0,0,7,0
KATIELOUISE,F,0,0,0,0,0,6,0
KATIE-MAI,F,0,0,0,0,0,17,0
KATINKA,F,0,0,0,3,0,23,3
KATISHA,F,0,3,0,0,0,3,3
KATLAN,F,0,0,0,0,3,3,3
KATREENA,F,0,0,0,0,0,3,0
KATRYNA,F,0,3,0,0,0,3,3
KATY-LEE,F,0,0,0,0,0,3,0
KATY-LEIGH,F,0,0,0,0,0,3,0
KATY-MAY,F,0,0,0,0,0,4,0
KAUA,M,0,0,0,0,0,3,0
KAUAN,M,0,0,0,0,0,13,0
KAUSAR,F,4,0,0,0,0,21,4
KAUSHIK,M,0,0,0,0,0,3,0
KAVALI,M,0,0,0,0,0,3,0
KAVALLI,M,0,0,0,0,0,6,0
KAVARI,M,0,0,0,0,0,3,0
KAVARN,M,0,0,0,0,0,4,0
KAVARNI,M,0,0,0,0,0,3,0
KAVEEN,M,0,0,0,0,0,9,0
KAVEER,M,0,0,0,0,0,8,0
KAVEETA,F,0,0,0,0,0,3,0
KAVEH,M,0,0,0,0,0,4,0
KAVEL,M,0,0,0,0,3,10,3
KAVELL,M,0,0,0,0,0,23,0
KAVELLE,M,0,0,0,0,0,3,0
KAVEN,M,0,0,0,3,0,40,3
KAVI,F,0,0,0,0,0,11,0
KAVINA,F,0,0,3,0,0,12,3
KAVINAYAN,M,0,0,0,0,0,3,0
KAVIR,M,0,0,0,0,0,4,0
KAVISH,M,0,0,0,0,0,82,0
KAVISHA,F,0,0,0,0,4,25,4
KAVISHAN,M,0,0,0,0,0,3,0
KAVIYA,F,0,0,0,0,0,17,0
KAVLEEN,F,0,0,0,0,0,3,0
KAVNEET,F,0,0,0,0,0,6,0
KAVYA,F,0,0,0,0,3,168,3
KAVYA,M,0,0,0,0,0,25,0
KAWTAR,F,0,0,0,0,0,7,0
KAY,M,0,0,0,0,0,22,0
KAYAAN,M,0,0,0,0,0,59,0
KAYAH,F,0,0,0,0,0,79,0
KAYAHAN,M,0,0,0,0,0,8,0
KAYAL,F,0,0,0,0,0,10,0
KAYAL,M,0,0,0,0,0,4,0
KAYAN,F,0,0,0,0,0,3,0
KAYANA,F,0,0,0,0,0,8,0
KAYANN,F,0,0,0,0,0,3,0
KAYANNA,F,0,0,0,0,0,7,0
KAYANNE,F,0,0,0,3,0,3,3
KAYCE,M,0,0,0,0,0,6,0
KAYCEE-LEIGH,F,0,0,0,0,0,26,0
KAYCEE-MAI,F,0,0,0,0,0,3,0
KAYCEE-MAY,F,0,0,0,0,0,3,0
KAYCI,F,0,0,0,0,0,90,0
KAYCIE-LEIGH,F,0,0,0,0,0,8,0
KAYCIE-MARIE,F,0,0,0,0,0,3,0
KAYD,M,0,0,0,0,0,7,0
KAYDA,F,0,0,0,0,0,11,0
KAYDAN,M,0,0,0,0,0,188,0
KAYDANCE,F,0,0,0,0,0,6,0
KAYDEE-LEIGH,F,0,0,0,0,0,22,0
KAYDEN,F,0,0,0,0,0,40,0
KAYDEN-JAMES,M,0,0,0,0,0,42,0
KAYDEN-JAY,M,0,0,0,0,0,24,0
KAYDEN-JOHN,M,0,0,0,0,0,3,0
KAYDEN-LEE,M,0,0,0,0,0,98,0
KAYDEN-SCOTT,M,0,0,0,0,0,3,0
KAYDEY,F,0,0,0,0,0,3,0
KAYDI,F,0,3,0,3,0,101,6
KAYDIAN,F,0,0,0,0,0,3,0
KAYDIE,F,0,0,0,4,0,97,4
KAYDIE-LEIGH,F,0,0,0,0,0,12,0
KAYDI-LEIGH,F,0,0,0,0,0,3,0
KAYDIN,M,0,0,0,0,0,14,0
KAYDN,M,0,0,0,0,0,85,0
KAYDON-JAY,M,0,0,0,0,0,3,0
KAYDY,F,0,0,0,0,0,6,0
KAYEL,M,0,0,0,0,0,3,0
KAYEN,M,0,0,0,0,0,18,0
KAYENAT,F,0,0,0,0,0,3,0
KAYETAN,M,0,0,0,0,0,7,0
KAYHAN,M,0,0,0,0,0,58,0
KAYIN,M,0,0,0,0,0,15,0
KAYLAB,M,0,0,0,0,0,3,0
KAYLA-LEIGH,F,0,0,0,0,0,3,0
KAYLA-LOUISE,F,0,0,0,0,0,10,0
KAYLA-MAE,F,0,0,0,0,0,59,0
KAYLA-MAI,F,0,0,0,0,0,28,0
KAYLA-MARIE,F,0,0,0,0,0,19,0
KAYLA-MAY,F,0,0,0,0,0,31,0
KAYLAN,F,0,0,0,0,0,30,0
KAYLANI,F,0,0,0,0,0,3,0
KAYLA-ROSE,F,0,0,0,0,0,48,0
KAYLEB,M,0,0,0,3,0,151,3
KAYLEEN,F,0,0,0,0,0,13,0
KAYLEI,F,0,0,0,0,0,7,0
KAYLEIGH-MARIE,F,3,3,0,0,0,9,6
KAYLEIGH-MAY,F,0,0,0,0,0,9,0
KAYLEIGH-ROSE,F,0,0,0,0,0,3,0
KAYLIA,F,0,0,0,0,0,9,0
KAYLIB,M,0,0,4,0,0,19,4
KAYLIN,M,0,0,0,0,0,4,0
KAYLLA,F,0,0,0,0,0,3,0
KAYLLUM,M,0,0,0,0,0,3,0
KAYLN,M,0,0,0,0,0,3,0
KAYLON,M,0,3,0,0,0,57,3
KAYLUB,M,0,0,0,0,0,19,0
KAYLUN,M,4,0,0,0,0,27,4
KAYLYN,F,3,0,0,0,3,64,6
KAYN,M,0,0,0,0,0,9,0
KAYNA,F,0,0,3,0,0,14,3
KAYNAAT,F,0,0,0,0,3,21,3
KAYNAN,M,0,0,0,0,0,9,0
KAYNATH,F,0,0,3,0,3,9,6
KAYNEN,M,0,0,0,0,0,6,0
KAYO,M,0,0,0,0,0,7,0
KAYON,M,0,0,0,0,0,23,0
KAYORI,F,0,0,0,0,0,3,0
KAYRA,F,0,0,0,0,0,98,0
KAYRA,M,0,0,0,0,0,73,0
KAYSAAN,M,0,0,0,0,0,3,0
KAYSAH,F,0,0,0,0,0,7,0
KAYSAN,M,0,0,0,0,0,137,0
KAYSEN,M,0,0,0,0,0,20,0
KAYSER,M,0,0,0,0,0,3,0
KAYSEY,F,0,6,0,0,0,38,6
KAYSHIA,F,0,0,0,0,0,3,0
KAYSI,F,0,0,0,0,0,3,0
KAYTE,F,0,0,3,0,0,10,3
KAYTEE,F,0,0,0,0,0,10,0
KAYTI,F,0,0,4,0,0,13,4
KAYTIE,F,0,0,3,3,0,40,6
KAYTON,M,0,0,0,0,0,6,0
KAYVAN,M,0,0,0,0,0,3,0
KAYWAN,M,0,0,0,0,0,3,0
KAYZIA,F,0,0,0,0,0,6,0
KAZEEM,M,0,0,0,0,0,12,0
KAZIAH,M,0,0,0,0,0,3,0
KAZIMIERZ,M,0,0,0,0,0,9,0
KC,M,0,0,0,0,0,14,0
K-CI,M,0,0,4,0,0,10,4
KE,F,0,0,0,0,0,50,0
KEAH,M,0,0,0,3,0,3,3
KEAIRA,F,0,0,0,0,0,6,0
KEAL,M,0,0,3,0,0,6,3
KEALA,F,0,0,0,0,0,3,0
KEALEN,M,0,0,0,0,0,4,0
KEANAH,F,0,0,0,0,0,3,0
KEANDRE,M,0,0,0,0,0,3,0
KEANNE,F,3,0,3,0,0,12,6
KEANON,M,0,0,0,0,0,7,0
KEANUN,M,0,3,0,0,0,3,3
KEAON,M,0,0,0,0,0,6,0
KEAREN,M,0,0,0,3,0,3,3
KEARNA,F,0,3,0,0,0,6,3
KEARNO,M,0,0,0,0,0,9,0
KEATEN,M,0,0,0,0,0,17,0
KEATON-LEE,M,0,0,0,0,0,3,0
KEAUNA,F,0,0,3,0,0,3,3
KEAVA,F,0,0,0,0,0,4,0
KEAVIE,F,0,0,0,6,0,45,6
KEBBA,M,0,0,0,0,0,47,0
KEBRON,M,0,0,0,0,0,3,0
KEDUS,M,0,0,0,0,0,6,0
KEEAN,M,0,0,0,0,5,71,5
KEEGAN-LEE,M,0,0,0,0,0,11,0
KEEHAN,M,0,0,0,0,0,3,0
KEELAN,F,0,0,0,3,0,6,3
KEELEA,F,0,0,0,0,0,6,0
KEELEE,F,0,0,0,0,0,11,0
KEELEN,M,0,0,0,5,0,15,5
KEELEY-ANN,F,3,0,0,0,0,3,3
KEELEY-MAE,F,0,0,0,0,0,3,0
KEELEY-ROSE,F,0,0,0,0,0,13,0
KEELIA,F,0,0,0,0,0,3,0
KEELIN,M,0,0,0,0,0,7,0
KEENON,M,0,0,0,3,0,3,3
KEERAT,M,0,0,0,0,4,27,4
KEERAT,F,0,3,0,0,0,69,3
KEERATH,F,0,0,0,0,0,3,0
KEERIT,F,0,0,0,0,0,4,0
KEERON,M,3,0,0,0,0,6,3
KEERTAN,M,3,0,0,0,0,7,3
KEERTHANA,F,0,0,0,0,4,33,4
KEERTHI,F,0,0,0,0,0,6,0
KEERTHIKA,F,0,0,0,0,0,4,0
KEES,M,0,0,0,3,0,6,3
KEETAN,M,0,0,0,0,0,7,0
KEEVAH,F,0,0,0,0,0,30,0
KEEVI,F,0,0,0,0,0,3,0
KEEVIE,F,0,0,0,0,0,17,0
KEEVY,F,0,0,0,0,0,3,0
KEEYA,F,0,0,0,0,0,11,0
KEEYAN,M,0,0,0,0,0,29,0
KEHARA,F,0,0,0,0,0,3,0
KEI,F,0,0,0,3,0,3,3
KEIANA,F,0,0,0,0,0,20,0
KEIANNA,F,0,0,0,0,0,17,0
KEIARA,F,0,0,0,0,0,21,0
KEIARAH,F,0,0,0,0,0,3,0
KEIDEN,M,0,0,0,0,0,7,0
KEIGHAN,M,0,0,0,0,0,4,0
KEILANA,F,0,0,0,0,0,8,0
KEIRAH,F,0,0,0,5,0,22,5
KEIRA-LEA,F,0,0,0,0,0,14,0
KEIRA-LEE,F,0,0,0,0,0,14,0
KEIRALEIGH,F,0,0,0,0,0,3,0
KEIRA-LEIGH,F,0,0,0,0,0,200,0
KEIRA-LOUISE,F,0,0,0,0,0,44,0
KEIRA-MAE,F,0,0,0,0,0,19,0
KEIRA-MAI,F,0,0,0,0,0,11,0
KEIRA-MARIE,F,0,0,0,0,0,9,0
KEIRA-MAY,F,0,0,0,0,0,12,0
KEIRA-ROSE,F,0,0,0,0,0,10,0
KEIRRA,F,3,3,0,0,0,6,6
KEIRRAN,M,0,0,4,0,0,4,4
KEIRYN,M,0,0,0,0,0,3,0
KEISI,F,0,0,0,0,0,15,0
KEITA,M,0,0,0,0,0,3,0
KEITIJA,F,0,0,0,0,0,17,0
KEITON,M,0,0,0,0,0,22,0
KEIYAN,M,0,0,0,0,0,3,0
KEIYONA,F,0,0,0,0,0,3,0
KEJAUN,M,0,0,0,0,0,3,0
KEKELI,M,0,0,0,0,0,4,0
KELCEE,F,0,0,0,0,0,3,0
KELDA,F,0,0,3,0,0,14,3
KELDON,M,0,0,0,0,0,11,0
KELHAM,M,3,0,3,0,0,6,6
KELI,F,3,0,0,0,0,7,3
KELIA,F,0,0,0,0,0,3,0
KELISA,F,0,0,0,0,0,8,0
KELISHA,F,0,0,0,3,0,73,3
KELLA,F,0,0,0,3,0,3,3
KELLAN,F,0,0,3,0,0,3,3
KELLE,F,3,0,0,0,0,3,3
KELLEN,F,0,0,0,0,6,6,6
KELLEY,M,0,0,0,0,0,6,0
KELLI,M,0,0,0,0,0,3,0
KELLIANNE,F,0,0,0,0,0,3,0
KELLIE-ANN,F,0,0,0,0,0,3,0
KELLIE-MARIE,F,0,0,0,0,0,3,0
KELLIN,M,0,0,0,0,0,7,0
KELLIS,F,0,0,0,0,5,29,5
KELLSEY,F,0,0,0,0,0,3,0
KELLUM,M,0,0,0,0,0,6,0
KELLY-LOUISE,F,3,0,0,0,0,6,3
KELSA,F,0,3,0,0,0,6,3
KELSEI,F,0,0,0,0,0,3,0
KELSEY-,F,0,0,0,0,0,3,0
KELSEY-JO,F,0,0,0,0,0,9,0
KELSEY-LOUISE,F,0,0,0,0,0,3,0
KELSEY-MAE,F,0,0,0,0,0,13,0
KELSEY-MAI,F,0,0,0,0,0,12,0
KELSEY-MAY,F,0,0,0,0,0,16,0
KELSEY-RAE,F,0,0,0,0,0,3,0
KELSIE-ANN,F,0,0,0,0,0,4,0
KELSIE-LEIGH,F,0,0,0,0,0,19,0
KELSIE-MAE,F,0,0,0,0,0,10,0
KELSIE-MAI,F,0,0,0,0,0,3,0
KELSIE-MARIE,F,0,0,0,0,0,3,0
KELSIE-MAY,F,0,0,0,0,0,3,0
KELSIE-ROSE,F,0,0,0,0,0,3,0
KELSTON,M,0,0,0,0,0,3,0
KELYAN,M,0,0,0,0,0,9,0
KELYN,M,0,0,0,0,0,6,0
KEMANI,M,0,0,0,0,0,3,0
KEMANIE,M,0,0,0,0,0,3,0
KEMARI,M,0,0,0,0,0,19,0
KEMI,M,0,0,0,0,0,3,0
KEMIYAH,F,0,0,0,0,0,3,0
KEMUEL,M,0,0,0,0,0,14,0
KENADIE,F,0,0,0,0,0,13,0
KENAI,M,0,0,0,0,0,14,0
KENAYA,F,0,0,0,0,0,21,0
KENAYAH,F,0,0,0,0,0,6,0
KENDA,F,0,0,0,0,0,3,0
KENDAN,M,0,0,0,0,0,3,0
KENDON,M,0,0,0,0,0,6,0
KENDYL,F,0,0,0,0,0,4,0
KENECHI,M,0,0,0,0,0,11,0
KENEIL,M,0,0,0,0,0,3,0
KENENNA,M,0,0,0,0,0,3,0
KENIA,F,0,0,0,0,0,4,0
KENLEE,M,0,0,0,0,0,3,0
KENLEY,M,0,0,0,0,0,94,0
KENLEY,F,0,0,0,0,0,4,0
KENNA,M,0,0,0,0,0,3,0
KENNADIE,F,3,0,0,0,0,7,3
KENNEDI,F,0,0,4,0,0,25,4
KENNIE,M,0,0,0,0,0,12,0
KENO,M,0,0,0,0,0,3,0
KENON,M,0,0,0,0,0,3,0
KENSHIRO,M,0,0,0,0,0,4,0
KENSI,F,0,0,0,0,0,50,0
KENSIE,F,0,0,0,0,0,15,0
KENSLEY,M,0,0,0,0,0,3,0
KENYAH,F,0,0,0,0,5,8,5
KENYA-ROSE,F,0,0,0,0,0,3,0
KENYON,M,0,0,0,0,0,17,0
KENZEE,M,0,0,0,0,0,3,0
KENZIE-J,M,0,0,0,0,0,3,0
KENZIE-JAMES,M,0,0,0,0,0,12,0
KENZIE-JAY,M,0,0,0,0,0,24,0
KENZIE-LEE,M,0,0,0,0,0,87,0
KENZY,M,0,0,0,0,0,66,0
KENZY,F,0,0,0,0,0,19,0
KEONA,F,0,0,0,0,3,84,3
KEONI,M,0,0,0,0,0,26,0
KEONI,F,0,0,0,0,0,3,0
KERALA,F,0,0,0,0,0,3,0
KERAN,M,0,0,0,0,0,7,0
KEREECE,F,0,0,0,0,0,3,0
KERENA,F,0,0,3,0,3,9,6
KERIA,F,0,0,0,0,0,4,0
KERIAN,M,0,3,0,0,0,13,3
KERI-ANN,F,0,3,0,0,0,6,3
KERIANNE,F,3,0,0,0,0,3,3
KERI-ANNE,F,0,0,3,0,0,3,3
KERIN,F,4,0,0,0,0,7,4
KERISS,F,0,0,0,0,0,3,0
KERNIUS,M,0,0,0,0,0,4,0
KERR,M,3,0,0,0,0,15,3
KERRIANN,F,3,0,0,0,0,6,3
KERRIN,F,3,0,3,0,0,15,6
KERRON,M,0,0,3,0,0,3,3
KERRY-LEE,F,0,0,0,0,0,3,0
KERVIN,M,0,0,0,0,0,8,0
KESAR,F,0,0,0,0,0,9,0
KESAVAN,M,0,0,0,0,0,3,0
KESHAN,M,0,0,0,0,0,6,0
KESHAUN,M,0,0,0,0,0,3,0
KESHAVA,M,0,0,0,0,3,3,3
KESHAVI,F,0,0,0,0,0,5,0
KESHAWN,M,0,0,0,0,0,9,0
KESHET,F,0,0,0,0,0,3,0
KESHIKA,F,0,0,0,3,0,15,3
KESHINI,F,0,0,0,0,0,7,0
KESHVI,F,0,0,0,0,0,6,0
KESSER,M,0,0,0,0,0,3,0
KESSIA,F,0,0,0,0,0,23,0
KESSIE,F,0,0,0,0,0,3,0
KETIA,F,0,0,0,0,0,11,0
KETIJA,F,0,0,0,0,0,3,0
KETRIN,F,0,0,0,0,0,11,0
KETZIAH,F,0,0,0,0,0,3,0
KEVA,F,0,0,0,0,0,10,0
KEVELL,M,0,0,0,0,0,3,0
KEVELLE,M,0,0,0,0,0,3,0
KEVEN,M,0,0,0,0,0,24,0
KEVINA,F,0,0,0,0,0,6,0
KEVINAS,M,0,0,0,0,0,118,0
KEVINS,M,0,0,0,0,0,37,0
KEVON,M,0,0,0,0,0,34,0
KEVSER,F,0,0,6,0,0,6,6
KEWAN,M,0,0,0,0,0,3,0
KEWIN,M,0,0,0,0,0,3,0
KEXIN,F,0,0,0,0,0,4,0
KEYAAN,M,0,0,0,0,0,435,0
KEYAH,F,0,0,0,0,0,10,0
KEYANA,F,0,0,0,0,0,13,0
KEYANNA,F,0,0,0,0,0,38,0
KEYARA,F,0,0,0,0,0,15,0
KEYARNA,F,0,0,0,3,0,6,3
KEYLAN,M,0,0,0,0,0,21,0
KEYLEE,F,3,0,0,0,0,12,3
KEYLEY,F,0,0,0,0,0,3,0
KEYON,M,0,0,0,0,0,81,0
KEYON'DRE,M,0,0,0,0,0,3,0
KEYONTE,F,0,0,0,0,0,3,0
KEYRA,F,0,0,0,0,0,19,0
KEYSHA,F,3,0,0,0,0,27,3
KEYSHAWN,M,0,0,0,0,0,3,0
KEYSHIA,F,0,0,0,0,0,22,0
KEZ,M,0,0,3,0,0,6,3
KEZI,F,0,0,0,0,0,3,0
KEZIAH,M,0,0,0,0,0,10,0
KEZZIA,F,0,0,0,6,0,6,6
KHAALID,M,0,0,3,0,0,43,3
KHADAR,M,0,0,0,3,0,48,3
KHADEEM,M,0,0,0,0,0,3,0
KHADEJAH,F,0,0,0,0,0,13,0
KHADEJIA,F,0,0,0,3,0,3,3
KHADEZA,F,0,0,3,0,0,3,3
KHADIDJA,F,0,0,0,0,0,27,0
KHADIGA,F,0,3,0,0,0,3,3
KHADIIJA,F,0,0,0,0,0,3,0
KHADIJAH,F,35,44,38,68,74,2786,259
KHADIJHA,F,0,0,0,0,0,4,0
KHADIJO,F,0,0,0,0,0,3,0
KHADIZAH,F,0,0,0,0,0,4,0
KHAILA,F,0,3,0,0,0,7,3
KHAIRA,F,0,0,0,0,0,72,0
KHAIRAH,F,0,0,0,0,0,45,0
KHAIRO,M,0,0,0,0,0,3,0
KHAIRUL,M,3,0,0,0,0,3,3
KHAIRUN,F,0,0,3,0,0,3,3
KHALAM,M,0,0,0,0,0,16,0
KHALEB,M,0,0,0,0,0,3,0
KHALEDA,F,4,0,0,0,0,4,4
KHALEEQ,M,0,0,3,0,0,6,3
KHALEEQA,F,0,0,0,0,3,3,3
KHALEESI,F,0,0,0,0,0,201,0
KHALEL,M,0,0,0,0,0,3,0
KHALEN,M,0,0,0,0,0,4,0
KHALI,F,0,0,0,0,0,3,0
KHALIA,F,0,0,0,0,0,23,0
KHALIDA,F,0,3,0,0,0,20,3
KHALIFAH,M,0,0,0,0,0,11,0
KHALILAH,F,0,0,0,0,3,20,3
KHALIQ,M,0,0,0,0,0,8,0
KHALIS,M,0,0,0,0,0,35,0
KHALISA,F,0,0,0,0,0,55,0
KHALISHA,F,0,0,0,0,0,13,0
KHALIYA,F,0,0,0,0,0,3,0
KHALIYAH,F,0,0,0,0,0,3,0
KHAMAL,M,0,0,0,0,0,3,0
KHAMANI,M,0,0,0,0,0,34,0
KHAMARI,M,0,0,0,0,0,12,0
KHAMARNI,M,0,0,0,0,0,10,0
KHANDAKER,M,0,0,0,0,0,3,0
KHANDOKAR,M,0,0,0,0,0,3,0
KHANH,M,0,0,0,0,0,7,0
KHANSAA,F,0,0,0,0,0,6,0
KHANYA,F,0,0,0,0,0,6,0
KHANYISILE,F,0,0,0,0,0,9,0
KHAQAN,M,0,0,0,0,0,7,0
KHARA,F,0,0,0,3,0,13,3
KHATEEB,M,0,0,0,0,5,15,5
KHATIJAH,F,0,0,0,3,3,15,6
KHATTAB,M,0,0,0,0,0,22,0
KHAULAH,F,0,0,0,0,0,3,0
KHAVAR,M,0,0,4,0,0,4,4
KHAWLA,F,0,3,0,0,0,48,3
KHAWLAH,F,0,0,0,0,0,48,0
KHAYA,F,0,0,3,0,3,23,6
KHAYA,M,0,0,0,0,0,42,0
KHAYAL,M,0,0,0,0,4,7,4
KHAYAN,M,0,0,0,0,0,3,0
KHAYDEN,M,0,0,0,0,0,7,0
KHAYLA,F,0,0,0,0,0,10,0
KHAYRA,F,0,0,0,0,0,3,0
KHAYRAH,F,0,0,0,0,0,25,0
KHAYRI,M,0,0,0,0,0,3,0
KHAYYAM,M,0,0,0,0,0,3,0
KHAZEEMA,F,0,0,0,0,0,3,0
KHEA,F,0,0,0,0,0,3,0
KHI,M,0,0,3,0,0,13,3
KHIAH,F,0,0,0,0,0,3,0
KHIAN,M,0,0,0,0,4,70,4
KHIANA,F,0,0,0,0,0,26,0
KHIANNA,F,0,0,0,0,0,39,0
KHIARA,F,0,0,0,0,0,32,0
KHIRAD,F,0,0,0,0,0,14,0
KHIVI,F,0,0,0,0,0,12,0
KHIYA,F,0,0,0,0,0,9,0
KHIYAN,M,0,0,0,0,0,3,0
KHIZRA,F,0,3,0,3,0,22,6
KHLOEY,F,0,0,0,0,0,3,0
KHOLA,F,0,0,0,0,0,3,0
KHOURTNEY,F,0,0,0,0,0,3,0
KHRISH,M,0,0,0,0,0,4,0
KHRISHA,F,0,0,0,0,0,7,0
KHUBAIB,M,0,3,3,0,0,34,6
KHUBAYB,M,0,0,0,0,0,4,0
KHULAN,F,0,0,0,0,0,3,0
KHULUD,F,0,0,0,0,0,10,0
KHUSBU,F,0,0,0,0,0,8,0
KHUSHALI,F,3,3,0,0,0,12,6
KHUSHBOO,F,3,0,0,0,3,15,6
KHUSHPREET,F,0,0,0,0,0,16,0
KHUSI,F,0,0,0,0,0,3,0
KHUZAYMAH,M,0,0,0,0,0,3,0
KHWAISH,F,0,0,0,0,0,3,0
KHY,M,0,0,3,0,0,16,3
KHYA,F,0,0,0,0,3,12,3
KHYAN,M,0,0,0,0,0,49,0
KHYANNA,F,0,0,0,0,0,3,0
KHYATI,F,0,0,0,4,0,21,4
KHYBER,M,0,0,0,0,0,3,0
KHYE,M,0,0,0,0,5,51,5
KHYLA,F,0,0,0,0,0,25,0
KHYLAN,M,0,0,0,0,0,14,0
KHYRA,F,0,0,0,0,0,52,0
KHYRAN,M,0,0,0,0,0,14,0
KHYREE,M,0,0,0,0,0,6,0
KHYREN,M,0,0,0,0,0,6,0
KHYRON,M,0,0,0,0,0,6,0
KIAAN,M,0,0,0,0,0,121,0
KIAH,M,0,3,0,0,3,39,6
KIAHNA,F,0,0,0,0,0,21,0
KIA-LEIGH,F,0,0,0,0,0,3,0
KIA-LOUISE,F,0,0,0,0,0,4,0
KIAM,M,0,0,4,0,0,22,4
KIA-MAI,F,0,0,0,0,0,4,0
KIA-MARIE,F,0,0,0,0,0,3,0
KIANAH,F,0,0,0,0,0,3,0
KIANE,M,0,0,0,0,0,13,0
KIANI,F,0,0,0,3,0,15,3
KIAN-JAMES,M,0,0,0,0,0,24,0
KIAN-JAY,M,0,0,0,0,0,3,0
KIAN-LEE,M,0,0,0,0,0,42,0
KIANNAH,F,0,0,0,0,0,17,0
KIANNE,F,0,0,0,3,3,38,6
KIANO,M,0,0,0,0,0,13,0
KIARAH,F,0,0,0,0,0,63,0
KIARA-LEIGH,F,0,0,0,0,0,15,0
KIARA-MAY,F,0,0,0,0,0,3,0
KIARN,M,0,0,0,0,0,8,0
KIARNO,M,0,0,0,0,0,6,0
KIA-ROSE,F,0,0,0,0,0,3,0
KIARRAH,F,0,0,0,0,0,3,0
KIAS,M,0,3,0,0,0,8,3
KIDA,F,0,0,0,0,0,3,0
KIDUS,M,0,3,0,0,0,37,3
KIEANNA,F,0,0,3,0,0,15,3
KIEARNA,F,0,0,0,0,0,3,0
KIEFFER,M,0,3,3,0,0,6,6
KIELA,F,0,0,0,0,0,3,0
KIENNA,F,0,0,0,0,0,21,0
KIER,F,0,0,3,0,0,12,3
KIERA-LOUISE,F,0,0,0,0,0,25,0
KIERA-MAE,F,0,0,0,0,0,11,0
KIERA-MAY,F,0,0,0,0,0,7,0
KIERANLEE,M,0,0,0,0,0,3,0
KIERAN-LEE,M,0,0,0,0,0,18,0
KIERA-ROSE,F,0,0,0,0,0,4,0
KIERAT,F,0,0,0,0,0,12,0
KIERON-LEE,M,0,0,0,0,0,3,0
KIERYN,M,0,0,0,0,0,10,0
KIKELOMO,F,0,0,0,0,0,3,0
KIKO,M,0,0,0,0,0,3,0
KILA,F,0,0,0,0,0,3,0
KIMANI,F,0,0,0,0,0,14,0
KIMARA,F,0,0,0,0,0,16,0
KIMARNI,M,0,0,0,0,0,9,0
KIMAYA,F,0,0,0,0,0,75,0
KIMIKO,F,0,0,0,0,0,8,0
KIMIYA,F,0,3,0,0,0,25,3
KIMMI,F,0,0,0,0,0,10,0
KIMMY,F,0,0,0,0,0,17,0
KIMORA-LEE,F,0,0,0,0,0,6,0
KINAN,M,0,0,0,0,0,23,0
KINCSO,F,0,0,0,0,0,3,0
KINGA,F,0,0,0,0,0,303,0
KINGDAVID,M,0,0,0,0,0,3,0
KING-DAVID,M,0,0,0,0,0,9,0
KINGSLEIGH,M,0,0,0,0,0,3,0
KINGSON,M,0,0,0,0,0,3,0
KINJAL,F,3,3,0,0,0,20,6
KINLEE,M,0,0,0,0,0,3,0
KINLEY,M,0,0,0,0,0,23,0
KINLEY,F,0,0,0,0,0,18,0
KINNARI,F,0,0,0,0,0,3,0
KINVARA,F,0,0,0,0,0,3,0
KINZA,M,0,0,0,0,0,3,0
KINZAH,F,0,0,3,0,0,15,3
KIPRAS,M,0,0,0,0,0,7,0
KIRA-LEIGH,F,0,0,0,0,0,18,0
KIRANA,F,0,0,0,0,0,3,0
KIRANDIP,F,0,4,0,0,0,4,4
KIRA-NERYS,F,0,3,0,0,3,6,6
KIRANI,M,0,0,0,0,0,5,0
KIRANJOT,F,0,0,0,0,0,12,0
KIRA-ROSE,F,0,0,0,0,0,3,0
KIRAT,F,0,0,0,0,0,31,0
KIRILL,M,0,0,0,0,0,108,0
KIRILLS,M,0,0,0,0,0,6,0
KIRILS,M,0,0,0,0,0,3,0
KIRPA,F,0,0,0,0,0,25,0
KIRSTY-LOUISE,F,3,0,0,0,0,6,3
KIRSTY-MARIE,F,3,3,0,0,0,6,6
KIRTHANA,F,0,0,0,0,0,3,0
KIRUBEL,M,0,0,0,0,0,10,0
KIRUTHIKA,F,0,0,0,0,0,3,0
KISA,F,0,0,0,0,0,9,0
KISAN,M,0,0,0,0,0,4,0
KISANET,F,0,0,0,0,0,3,0
KISHAAN,M,0,0,0,0,0,4,0
KISHANA,F,0,0,0,0,0,3,0
KISHANI,F,0,0,0,0,0,3,0
KISHON,M,0,0,3,0,0,10,3
KISHOR,M,0,0,0,0,0,6,0
KISHORE,M,0,0,0,0,0,6,0
KISMAT,F,0,0,0,0,0,4,0
KISWA,F,0,0,0,0,0,11,0
KISWAH,F,0,0,0,0,0,3,0
KITAI,M,0,0,0,0,0,7,0
KITTI,F,0,0,0,0,0,16,0
KITTO,M,0,0,0,0,0,3,0
KITTY-ROSE,F,0,0,0,0,0,21,0
KIVA,F,0,0,0,0,0,12,0
KIVANC,M,0,0,0,0,0,5,0
KIY,M,0,0,0,0,0,3,0
KIYAAN,M,0,0,0,0,0,68,0
KIYANNA,F,0,0,0,0,0,27,0
KIYANSH,M,0,0,0,0,0,3,0
KIYARA,F,0,0,0,0,0,16,0
KIYARNA,F,0,0,0,0,0,3,0
KIYLA,F,0,0,0,0,0,14,0
KIYON,M,0,0,0,0,0,8,0
KIYRA,F,0,0,0,0,0,26,0
KIZZI,F,0,0,0,0,5,28,5
K-JAY,M,0,0,0,0,0,3,0
KLAIDAS,M,0,0,0,0,0,32,0
KLAIDI,M,0,0,0,0,0,5,0
KLAJDI,M,0,0,0,0,3,12,3
KLAUDIE,F,0,0,0,0,0,3,0
KLAUDIJA,F,0,0,0,0,0,21,0
KLAUDIJUS,M,0,0,0,0,0,7,0
KLAUDIUSZ,M,0,0,0,0,0,15,0
KLAVS,M,0,0,0,0,0,3,0
KLEDI,M,0,0,0,0,0,3,0
KLEIO,F,0,0,0,0,0,12,0
KLEO,M,0,0,0,0,0,10,0
KLEON,M,0,0,0,0,0,6,0
KLESTI,M,0,0,0,0,0,3,0
KLEVISA,F,0,0,0,0,3,6,3
KNOX,M,0,0,0,0,0,48,0
KOA,M,0,0,0,0,0,47,0
KOAN,M,0,0,0,0,0,7,0
KOBAN,M,0,0,0,0,0,18,0
KOBBY,M,0,0,0,0,0,4,0
KOBEE,M,0,0,0,0,0,10,0
KOBEN,M,0,0,0,0,0,41,0
KOBEY,M,0,0,0,0,0,95,0
KOBEY-JAMES,M,0,0,0,0,0,3,0
KOBI,F,0,0,0,0,0,3,0
KOBIE,F,0,0,0,0,0,3,0
KOBIE-LEE,M,0,0,0,0,0,9,0
KOBI-JAMES,M,0,0,0,0,0,4,0
KOBI-JAY,M,0,0,0,0,0,6,0
KOBINA,M,0,0,0,0,0,9,0
KOBY-LEE,M,0,0,0,0,0,6,0
KODA,M,0,0,0,0,0,26,0
KODEE,M,0,0,0,0,0,5,0
KODEY,M,0,0,0,0,0,81,0
KODY-LEE,M,0,0,0,0,0,3,0
KOHAN,M,0,0,0,0,0,22,0
KOHANA,F,0,0,0,0,0,3,0
KOHEI,M,0,0,0,0,0,6,0
KOHEN,M,0,0,0,0,0,83,0
KOHINOOR,F,0,0,0,0,0,3,0
KOHKI,M,0,3,0,0,0,3,3
KOJI,M,0,0,0,0,0,6,0
KOKI,M,0,0,0,0,0,3,0
KOKO,F,0,0,0,0,0,23,0
KOLADE,M,3,0,0,3,0,6,6
KOLBE,M,0,0,0,0,0,3,0
KOLBI,M,0,0,0,0,0,3,0
KOLBIE,M,0,0,0,0,0,6,0
KOLI,M,0,0,0,0,0,3,0
KOLOS,M,0,0,0,0,0,3,0
KOLTON,M,0,0,0,0,0,14,0
KOMALPREET,F,0,0,0,0,0,3,0
KONA,M,3,0,0,0,0,3,3
KONAIN,F,0,0,0,0,0,5,0
KONAIN,M,0,0,0,0,0,3,0
KONAN,M,0,0,0,0,0,3,0
KONNAH,M,0,0,0,0,0,3,0
KONNAR,M,0,0,0,0,3,3,3
KONSTANTIN,M,0,3,3,0,0,77,6
KONSTANTINA,F,0,0,0,0,0,4,0
KONSTANTINOS,M,3,3,0,0,0,96,6
KONSTANTY,M,0,0,0,0,0,15,0
KOOPER,M,0,0,0,0,0,16,0
KORAH,F,0,0,0,0,0,3,0
KORAN,F,0,0,0,0,3,3,3
KORBAN,M,0,0,0,0,0,88,0
KORBIN,M,0,0,0,0,0,46,0
KORBON,M,0,0,0,0,0,3,0
KORBY,M,0,0,0,0,0,3,0
KORBYN,M,0,0,0,0,0,53,0
KORDEL,M,0,0,0,0,0,3,0
KORDELIA,F,0,0,0,0,0,3,0
KORDIAN,M,0,0,0,0,0,34,0
KOREDE,M,0,0,0,0,0,3,0
KOREN,M,0,0,0,0,0,10,0
KOREY,F,0,0,0,0,0,3,0
KORNEL,M,0,0,0,0,0,154,0
KORNELIJA,F,0,0,0,0,0,30,0
KORNELIJUS,M,0,0,0,0,0,6,0
KORNELIUSZ,M,0,0,0,0,0,21,0
KORTNEY,F,0,0,0,0,0,11,0
KORYN,F,0,0,0,0,0,3,0
KOSHAN,M,0,0,0,0,0,5,0
KOSISOCHUKWU,F,0,0,0,0,0,40,0
KOSISOCHUKWU,M,0,0,0,0,0,34,0
KOSMA,M,0,0,0,0,0,10,0
KOSTAS,M,0,0,0,0,0,9,0
KOTA,M,0,0,0,0,0,7,0
KOTRYNA,F,0,0,0,0,0,63,0
KOURTNIE,F,0,0,0,0,0,4,0
KOUSHIK,M,0,0,0,0,0,3,0
KOVAN,M,0,0,0,0,0,17,0
KRASIMIR,M,0,0,0,0,0,7,0
KRISHANG,M,0,0,0,0,0,12,0
KRISHANTH,M,0,0,0,0,0,3,0
KRISHAY,M,0,0,0,0,0,10,0
KRISHI,F,0,0,0,0,0,10,0
KRISHI,M,0,0,0,0,0,7,0
KRISHIKA,F,0,0,0,0,0,10,0
KRISHIV,M,0,0,0,0,0,53,0
KRISHNI,F,0,0,0,0,0,15,0
KRISHTI,F,0,0,0,0,0,3,0
KRISIA,F,0,0,0,0,0,8,0
KRISIYA,F,0,0,0,0,0,6,0
KRISMA,F,0,0,0,0,0,3,0
KRISTAPS,M,0,0,0,0,0,13,0
KRISTELLE,F,0,0,0,0,0,3,0
KRISTERS,M,0,0,0,0,0,54,0
KRISTIA,F,0,0,0,0,0,3,0
KRISTIAAN,M,0,0,0,0,0,4,0
KRISTIANS,M,0,0,0,0,0,59,0
KRISTIYAN,M,0,0,0,0,0,17,0
KRISTIYANA,F,0,0,0,0,0,3,0
KRISTJAN,M,0,0,0,0,0,8,0
KRISTOF,M,0,0,0,0,0,44,0
KRISTOFERS,M,0,0,0,0,0,35,0
KRISTON,M,0,0,3,0,0,7,3
KRISTUPAS,M,0,0,0,0,0,111,0
KRISTYNA,F,0,0,0,0,0,31,0
KRISZTIAN,M,0,0,0,0,0,4,0
KRIT,M,0,0,0,0,0,3,0
KRITHIKA,F,0,0,0,0,0,7,0
KRITI,F,0,0,0,0,0,33,0
KRITIKA,F,0,0,0,0,0,42,0
KRITTIKA,F,0,0,0,0,0,9,0
KRIYA,F,0,0,0,0,0,29,0
KRON,M,0,0,0,0,0,3,0
KRRISH,M,0,0,0,0,0,67,0
KRUZ,M,0,0,0,0,0,43,0
KRYSPIN,M,0,0,0,0,0,23,0
KRYSTAL-ROSE,F,0,0,0,0,0,9,0
KRYSTEL,F,0,0,0,0,0,7,0
KRYSTOF,M,0,0,0,0,0,10,0
KSAWIER,M,0,0,0,0,0,62,0
KSENIJA,F,0,0,0,0,0,45,0
KSENIYA,F,0,0,0,0,0,9,0
KSHAF,F,0,0,0,0,0,3,0
KT,F,0,0,0,0,0,16,0
KUDAKWASHE,M,0,3,0,0,3,47,6
KUDUS,M,0,0,0,0,0,3,0
KUDZAI,M,0,0,0,0,0,15,0
KUDZAI,F,0,0,0,0,0,10,0
KULDIP,M,0,0,0,0,0,3,0
KULRAJ,M,3,3,0,0,0,9,6
KULREET,F,0,0,0,0,0,3,0
KULTHUM,F,0,0,0,0,0,35,0
KULVEER,M,0,3,0,0,0,6,3
KUMARAN,M,0,0,0,0,3,3,3
KUMARI,F,0,0,0,0,3,6,3
KUMAYL,M,0,0,0,0,0,25,0
KUNAAL,M,0,3,0,0,0,3,3
KUNASHE,M,0,0,0,0,0,11,0
KUNDAI,M,0,0,0,0,0,3,0
KUNJ,M,0,0,0,0,0,8,0
KUNWAR,M,0,0,0,0,0,3,0
KUPRA,F,0,0,0,0,0,3,0
KURTISS,M,0,3,0,0,0,3,3
KURUN,M,0,0,0,0,0,7,0
KUSHI,F,0,0,0,0,0,36,0
KUZEY,M,0,0,0,0,0,89,0
KWEKU,M,0,3,0,0,3,34,6
KYA,M,0,0,0,0,0,33,0
KYAAN,M,0,0,0,0,0,6,0
KYAH,M,3,0,0,0,0,10,3
KYALL,M,0,0,3,0,0,3,3
KYAN,F,0,0,0,0,0,8,0
KYANA,F,0,0,0,0,0,40,0
KYANN,F,0,0,0,0,0,11,0
KYANN,M,0,0,0,0,0,6,0
KYARNA,F,0,0,5,0,0,9,5
KYAS,M,0,0,0,0,0,3,0
KYDAN,M,0,0,0,0,0,13,0
KYDEN,M,0,0,0,0,0,130,0
KYDON,M,0,0,0,0,0,23,0
KYE,F,0,0,0,3,0,6,3
KYEA,F,0,0,0,0,0,3,0
KYEDEN,M,0,0,0,0,0,3,0
KYEISHA,F,0,0,0,0,0,13,0
KYE-JAMES,M,0,0,0,0,0,3,0
KYEL,M,0,0,3,0,0,6,3
KYELAN,M,0,0,0,0,0,26,0
KYELL,M,0,0,0,0,0,3,0
KYEN,M,0,0,0,0,0,5,0
KYERAN,M,0,0,4,0,0,32,4
KYERON,M,0,0,0,0,0,45,0
KYESHA,F,0,6,0,0,0,43,6
KYIAH,F,0,0,0,0,0,3,0
KYIAN,M,0,0,0,0,0,11,0
KYISHA,F,0,0,0,0,0,7,0
KYLAH-ROSE,F,0,0,0,0,0,3,0
KYLA-JADE,F,0,0,0,0,0,3,0
KYLA-JO,F,0,0,0,0,0,3,0
KYLA-LEIGH,F,0,0,0,0,0,3,0
KYLA-MAE,F,0,0,0,0,0,21,0
KYLA-MAI,F,0,0,0,0,0,11,0
KYLA-MAY,F,0,0,0,0,0,11,0
KYLAN-JAI,M,0,0,0,0,0,3,0
KYLAR,M,0,0,0,0,0,3,0
KYLA-RAE,F,0,0,0,0,0,5,0
KYLA-ROSE,F,0,0,0,0,0,36,0
KYLEN,M,0,0,0,0,0,71,0
KYLIAN,M,0,0,0,0,0,3,0
KYLO,M,0,0,0,0,0,25,0
KYLON,M,0,0,0,0,0,6,0
KYLUM,M,0,0,0,0,0,3,0
KYLUN,M,0,0,0,0,0,4,0
KYMANI,F,0,0,0,0,0,9,0
KY'MANI,M,0,0,0,0,0,6,0
KY-MANI,M,0,0,0,0,0,49,0
KYMARA,F,0,0,0,3,0,3,3
KYMARI,M,0,0,0,0,0,7,0
KYMARNI,M,0,0,0,0,0,45,0
KYMORA,F,0,0,0,0,0,10,0
KYMRAN,F,0,0,0,0,0,3,0
KYNAAT,F,0,0,3,0,3,6,6
KYOMIE,F,3,0,0,0,0,3,3
KYON,M,0,0,0,0,0,43,0
KYPROS,M,0,0,0,0,0,4,0
KYRAH-LEIGH,F,0,0,0,0,0,3,0
KYRA-LEA,F,0,0,0,0,0,3,0
KYRALEIGH,F,0,0,0,0,0,3,0
KYRA-LOUISE,F,0,0,0,0,0,12,0
KYRA-MAE,F,0,0,0,0,0,7,0
KYRA-MAI,F,0,0,0,0,0,12,0
KYRA-MAY,F,0,0,0,0,0,3,0
KYRAN-LEE,M,0,0,0,0,0,4,0
KYRA-ROSE,F,0,0,0,0,0,6,0
KYRECE,M,0,0,0,0,3,3,3
KYREE,M,0,0,0,0,0,31,0
KYREECE,M,0,0,0,0,0,95,0
KYREESE,M,0,0,0,0,0,14,0
KYREL,M,0,0,0,0,0,14,0
KYRELLE,M,0,0,0,0,0,4,0
KYRENE,F,0,0,0,0,0,3,0
KYRESE,M,0,0,0,3,0,86,3
KYRHYS,M,0,0,0,0,0,4,0
KYRI,F,0,0,0,0,0,7,0
KYRIAKI,F,0,3,0,0,3,9,6
KYRIAKOS,M,0,0,0,0,0,17,0
KYRIAN,M,0,0,0,0,0,3,0
KYRIE,M,0,3,0,0,0,42,3
KYRIQUE,M,0,0,0,0,0,3,0
KYRON-JAMES,M,0,0,0,0,0,6,0
KYRON-LEE,M,0,0,0,0,0,6,0
KYROS,M,0,0,0,0,0,10,0
KYRUN,M,0,0,0,0,0,24,0
KYRUS,M,0,0,0,0,0,3,0
KYSON,M,0,0,0,0,0,104,0
KYTE,M,0,0,0,0,0,3,0
KYZA,M,0,0,0,0,0,4,0
KYZER,M,0,0,0,0,0,16,0
LA',F,0,0,0,0,0,6,0
LAAIBA,F,0,0,0,0,0,62,0
LAAIBAH,F,0,0,0,0,0,479,0
LAAIQAH,F,0,0,0,0,0,6,0
LAANA,F,0,0,0,0,0,7,0
LAARNI,F,0,0,0,0,0,3,0
LAASYA,F,0,0,0,0,0,18,0
LABAN,M,0,0,0,0,0,3,0
LABEEB,M,0,0,0,0,0,25,0
LABEEBA,F,0,0,0,0,0,9,0
LABEEBAH,F,0,0,0,0,0,13,0
LABEENA,F,0,0,0,0,0,3,0
LABEEQA,F,0,0,0,0,0,7,0
LABIBAH,F,0,0,0,3,0,45,3
LACEE,F,3,0,0,0,0,86,3
LACEE-MAE,F,0,0,0,0,0,3,0
LACEIGH,F,0,0,0,0,0,4,0
LACEY-,F,0,0,0,0,0,23,0
LACEY-ANN,F,0,0,0,0,0,28,0
LACEY-ANNE,F,0,0,0,0,0,24,0
LACEY-DEE,F,0,0,0,0,0,3,0
LACEY-GRACE,F,0,0,0,0,0,24,0
LACEY-JADE,F,0,0,0,0,0,19,0
LACEY-JAE,F,0,0,0,0,0,3,0
LACEY-JAI,F,0,0,0,0,0,13,0
LACEY-JANE,F,0,0,0,0,0,57,0
LACEY-JAY,F,0,0,0,0,0,18,0
LACEY-JAYNE,F,0,0,0,0,0,34,0
LACEY-JO,F,0,0,0,0,0,55,0
LACEY-KAY,F,0,0,0,0,0,3,0
LACEY-LEA,F,0,0,0,0,0,3,0
LACEY-LEE,F,0,0,0,0,0,20,0
LACEY-LEIGH,F,0,0,0,0,0,121,0
LACEY-LOU,F,0,0,0,0,0,56,0
LACEY-LOUISE,F,0,0,0,0,0,60,0
LACEYMAE,F,0,0,0,0,0,4,0
LACEY-MAI,F,0,0,0,0,0,307,0
LACEY-MARIE,F,0,0,0,0,0,77,0
LACEYMAY,F,0,0,0,0,0,13,0
LACEY-MAY,F,0,0,0,0,0,438,0
LACEY-MAYE,F,0,0,0,0,0,3,0
LACEY-RAE,F,0,0,0,0,0,58,0
LACEY-RAI,F,0,0,0,0,0,4,0
LACEY-ROSE,F,0,0,0,0,0,65,0
LACEY-SUMMER,F,0,0,0,0,0,3,0
LACHLANN,M,0,0,0,0,0,9,0
LACIE-ANN,F,0,0,0,0,0,3,0
LACIE-ANNE,F,0,0,0,0,0,6,0
LACIEE,F,0,0,0,0,0,19,0
LACIE-JAI,F,0,0,0,0,0,5,0
LACIE-JANE,F,0,0,0,0,0,4,0
LACIE-JAYNE,F,0,0,0,0,0,4,0
LACIE-LEIGH,F,0,0,0,0,0,27,0
LACIE-LOU,F,0,0,0,0,0,11,0
LACIE-LOUISE,F,0,0,0,0,0,12,0
LACIE-MAE,F,0,0,0,0,0,199,0
LACIE-MAI,F,0,0,0,0,0,161,0
LACIE-MARIE,F,0,0,0,0,0,15,0
LACIE-MAY,F,0,0,0,0,0,94,0
LACIE-RAE,F,0,0,0,0,0,11,0
LACIE-ROSE,F,0,0,0,0,0,23,0
LACI-MAE,F,0,0,0,0,0,14,0
LACI-MAI,F,0,0,0,0,0,21,0
LACY-MAE,F,0,0,0,0,0,4,0
LACY-MAY,F,0,0,0,0,0,4,0
LADA,F,0,0,0,0,0,3,0
LADINA,F,3,0,0,0,0,3,3
LAEL,F,0,0,0,0,0,21,0
LAEL,M,0,0,0,0,0,4,0
LAELIA,F,0,0,0,0,0,4,0
LAETICIA,F,0,0,0,0,4,10,4
LAGAN,M,0,0,0,0,0,3,0
LAHAN,M,0,0,0,0,0,3,0
LAHNA,F,0,0,0,0,0,17,0
LAHNI,F,0,0,0,0,0,6,0
LAI,F,5,0,0,0,0,9,5
LAIA,F,0,0,0,0,0,27,0
LAIBAA,F,0,0,0,0,0,3,0
LAIBAAH,F,0,0,0,0,0,3,0
LAIBAH,F,0,0,0,0,0,333,0
LAICE,F,0,0,0,0,0,3,0
LAICEE,F,0,0,0,0,0,42,0
LAICEY,F,3,0,0,0,0,56,3
LAICIE,F,0,0,0,0,0,4,0
LAIGAN,M,0,0,0,0,0,6,0
LAIHA,F,0,0,0,0,0,3,0
LAIKE,M,0,0,0,0,0,3,0
LAIKEN,M,0,0,0,0,0,3,0
LAILAA,F,0,0,0,0,3,38,3
LAILA-GRACE,F,0,0,0,0,0,22,0
LAILA-MAE,F,0,0,0,0,0,56,0
LAILA-MAI,F,0,0,0,0,0,70,0
LAILA-MARIE,F,0,0,0,0,0,4,0
LAILA-MAY,F,0,0,0,0,0,24,0
LAILAND,M,0,0,0,0,0,4,0
LAILA-RAE,F,0,0,0,0,0,16,0
LAILA-ROSE,F,0,0,0,0,0,75,0
LAILY,F,0,0,0,0,0,6,0
LAIMA,F,0,0,0,0,0,4,0
LAINEE,F,0,0,0,0,0,15,0
LAINEY-RAE,F,0,0,0,0,0,17,0
LAINY,F,0,0,0,0,0,6,0
LAIQA,F,0,3,0,0,0,24,3
LAIQAH,F,0,0,3,0,0,35,3
LAISON,M,0,0,0,0,0,7,0
LAITEN,M,0,0,0,0,0,5,0
LAITHAN,M,0,0,0,0,0,7,0
LAITON,M,0,0,0,0,0,148,0
LAITYN,M,0,0,0,0,0,3,0
LAIYA,F,0,0,0,0,0,12,0
LAIYAH,F,0,0,0,0,0,3,0
LAIYBA,F,0,0,0,0,0,13,0
LAIYLA,F,0,0,0,0,0,6,0
LAKAI,M,0,0,0,0,0,24,0
LA'KAI,M,0,0,0,0,0,3,0
LAKAYA,F,0,0,0,0,0,3,0
LAKE,M,0,3,0,0,0,72,3
LAKE,F,0,0,0,0,0,11,0
LAKEIYA,F,3,0,0,0,0,3,3
LAKELAN,M,0,0,0,0,0,3,0
LAKEN,M,0,0,0,0,0,34,0
LAKHAI,M,0,0,0,0,0,3,0
LAKHAN,M,0,0,0,0,0,4,0
LAKHVEER,F,0,0,0,0,0,4,0
LAKHVINDER,M,0,3,0,0,0,3,3
LAKIESHA,F,0,0,4,0,0,10,4
LAKITA,F,0,0,0,0,0,4,0
LAKSH,M,0,0,0,0,0,75,0
LAKSHA,F,0,0,0,0,0,6,0
LAKSHAN,M,0,0,0,0,0,6,0
LAKSHANA,F,0,0,0,0,0,21,0
LAKSHAY,M,0,0,0,0,0,3,0
LAKSHMAN,M,0,0,0,0,0,3,0
LAKSHYA,M,0,0,0,0,0,20,0
LAKSHYA,F,0,0,0,0,0,7,0
LALE,F,0,0,0,0,3,25,3
LALI,F,0,0,0,0,0,3,0
LALITA,F,0,0,0,0,5,73,5
LALITHA,F,0,0,0,0,0,3,0
LAM,F,0,0,0,0,0,3,0
LAMA,F,0,0,0,0,0,39,0
LAMAAR,M,0,0,0,3,0,3,3
LAMAISAH,F,0,0,0,0,0,14,0
LAMAR,F,0,0,0,0,0,132,0
LAMARI,M,0,0,0,0,0,3,0
LAMBROS,M,0,0,0,0,0,3,0
LAMEK,M,0,0,0,0,0,15,0
LAMIAH,F,0,0,0,0,0,19,0
LAMINE,M,0,0,0,0,0,14,0
LAMISA,F,0,0,3,0,0,44,3
LAMISHA,F,0,0,0,0,4,7,4
LAMIYA,F,0,0,0,0,0,22,0
LAMIYAH,F,0,0,0,0,0,3,0
LAMONT,M,0,0,3,0,3,6,6
LAMYA,F,0,0,0,4,0,76,4
LANAE,F,0,0,0,0,0,11,0
LANAH,F,0,0,0,0,0,47,0
LANAI,F,0,0,0,0,0,6,0
LANAIS,F,0,0,0,0,0,3,0
LANA-MAE,F,0,0,0,0,0,3,0
LANA-MAY,F,0,0,0,0,0,3,0
LANA-ROSE,F,0,0,0,0,0,8,0
LANAYA,F,0,0,0,0,0,21,0
LANDER,M,0,0,0,0,0,6,0
LANELLE,F,0,0,0,0,0,3,0
LANI,M,0,0,0,0,0,4,0
LANIA,F,0,0,0,0,0,31,0
LANIE,F,0,0,0,0,0,69,0
LANIYA,F,0,0,0,0,0,4,0
LANIYAH,F,0,0,0,0,0,6,0
LANO,F,0,0,0,0,0,40,0
LANO,M,0,0,0,0,0,3,0
LANRE,M,0,0,0,0,0,3,0
LANY,F,0,0,0,0,0,3,0
LANYA,F,0,0,0,0,0,72,0
LANZ,M,0,0,0,0,0,4,0
LAQUISHA,F,0,0,0,3,0,3,3
LAQUITA,F,0,0,3,0,0,3,3
LARAE,F,0,0,0,0,0,7,0
LA'RAE,F,0,0,0,0,0,10,0
LARA-JADE,F,0,0,0,0,0,3,0
LARA-MAE,F,0,0,0,0,0,6,0
LARA-MAY,F,0,0,0,0,0,5,0
LARANYA,F,0,0,0,0,0,6,0
LARA-ROSE,F,0,0,0,0,0,8,0
LARAYA,F,0,0,0,0,0,3,0
LARAYB,F,0,0,0,0,0,3,0
LAREEN,F,0,0,0,0,0,20,0
LARELL,M,0,0,0,0,0,3,0
LARENA,F,0,0,0,0,0,3,0
LARENZ,M,0,3,0,0,0,6,3
LARENZO,M,0,0,0,0,0,6,0
LARIA,F,0,0,0,0,0,3,0
LARIN,F,0,0,0,0,0,15,0
LARIYA,F,0,0,0,0,0,3,0
LARK,F,0,0,0,0,0,6,0
LARKIN,F,0,0,0,0,0,6,0
LARKIN,M,0,0,0,0,0,3,0
LARNI,F,0,0,0,0,0,16,0
LAROSA,F,0,0,0,0,0,6,0
LA-ROSA,F,0,0,0,0,0,3,0
LARSON,M,0,0,0,0,0,22,0
LARSSON,M,0,0,0,0,0,26,0
LARYSA,F,0,0,0,0,0,3,0
LARYSSA,F,0,0,0,0,0,7,0
LAS,M,0,0,0,0,0,22,0
LASHA,F,0,0,0,0,0,3,0
LASHAE,F,0,0,0,3,0,38,3
LASHAI,F,0,0,0,3,3,6,6
LASHAN,F,0,3,0,0,0,3,3
LASHANA,F,0,0,0,0,0,8,0
LASHANNA,F,0,0,0,3,0,3,3
LASHARN,F,0,3,0,0,0,6,3
LASHARN,M,0,0,0,0,0,3,0
LASHARNA,F,3,0,0,0,0,3,3
LASHARNE,F,0,3,0,0,0,3,3
LASHAWN,M,0,0,0,0,3,10,3
LASHAWN,F,0,0,0,0,0,3,0
LASHAYA,F,0,0,0,0,0,7,0
LASON,M,0,0,0,0,0,3,0
LASYA,F,0,0,0,0,0,3,0
LATALIA,F,0,0,0,0,0,3,0
LATANYA,F,0,0,3,0,0,10,3
LATASIA,F,0,0,0,0,0,3,0
LATAYA,F,0,0,0,0,0,77,0
LATAYAH,F,0,0,0,0,0,10,0
LATEEF,M,0,0,0,0,0,20,0
LATEEFA,F,0,0,0,0,0,9,0
LATEEFAH,F,0,0,0,0,0,3,0
LATEEFAT,F,0,0,0,0,0,9,0
LATEEN,F,0,0,0,0,0,3,0
LATEESHA,F,0,0,0,0,0,3,0
LATHANIEL,M,3,0,0,0,0,3,3
LATHEN,M,0,0,0,0,0,3,0
LATHUSAN,M,0,0,0,0,0,4,0
LATHUSHAN,M,0,0,0,0,0,3,0
LA'TIA,F,0,0,0,0,0,3,0
LATIFAT,F,0,0,0,0,0,3,0
LATIN,F,0,0,0,0,0,3,0
LATINA,F,0,0,0,0,0,3,0
LATITIA,F,0,3,3,0,0,13,6
LATIYA,F,3,0,0,0,0,3,3
LATONIA,F,0,0,3,0,0,9,3
LATRELL,M,0,0,0,4,0,70,4
LATRELLE,M,0,0,0,0,0,3,0
LAUMA,F,0,0,0,0,0,7,0
LAURA-,F,0,0,0,0,0,3,0
LAURA-JO,F,3,0,0,0,0,3,3
LAURE,F,0,0,0,3,0,9,3
LAUREN,M,3,0,0,0,0,3,3
LAURENA,F,0,0,0,0,0,6,0
LAURENE,F,0,0,0,0,0,5,0
LAUREN-MAE,F,0,0,0,0,0,3,0
LAURENNE,F,3,0,0,0,3,6,6
LAURENTIU,M,0,0,0,0,0,5,0
LAURETTA,F,0,0,0,3,3,25,6
LAURIANNE,F,0,0,3,0,0,3,3
LAURICE,F,0,3,0,0,0,3,3
LAURYNAS,M,0,0,0,0,0,16,0
LAVA,F,0,0,0,0,0,28,0
LAVAND,M,0,0,0,0,0,3,0
LAVAYAH,F,0,0,0,0,0,4,0
LAVEAH,F,0,0,0,0,0,3,0
LAVEEN,F,0,0,0,0,0,3,0
LAVEEZA,F,0,0,0,0,3,3,3
LAVELLE,M,0,0,0,0,0,6,0
LAVELLE,F,0,0,0,0,0,6,0
LAVIA,F,0,0,0,0,0,3,0
LAVIN,F,0,0,0,0,0,73,0
LAVIN,M,0,0,0,0,0,4,0
LAWA,M,0,0,0,0,0,6,0
LAWAN,M,0,0,0,0,0,21,0
LAWAND,M,0,0,0,0,0,96,0
LAWE,M,0,0,0,0,0,10,0
LAWEN,M,0,0,0,0,0,9,0
LAWI,M,0,0,0,0,0,42,0
LAWIE,M,0,0,0,0,0,3,0
LAWIN,M,0,0,0,0,0,25,0
LAWRANCE,M,3,0,0,3,0,9,6
LAWREN,F,3,0,0,0,0,3,3
LAWY,M,0,0,0,0,0,23,0
LAXMAN,M,0,0,0,0,0,3,0
LAXMI,F,0,4,0,0,0,33,4
LAXMITHA,F,0,0,0,0,0,3,0
LAXSHAN,M,0,0,0,0,0,3,0
LAYAAL,F,0,0,0,0,0,3,0
LAYAAN,F,0,0,0,0,0,24,0
LAYAD,M,0,0,0,0,0,4,0
LAYAH,F,3,0,0,0,0,63,3
LAYAL,F,0,0,3,0,0,67,3
LAYALI,F,0,0,0,0,0,9,0
LAYAN,F,0,0,0,0,0,200,0
LAYANA,F,0,0,0,0,0,13,0
LAYANAH,F,0,0,0,0,0,3,0
LAYANNE,F,0,0,0,0,0,3,0
LAYBA,F,0,0,0,0,0,24,0
LAYBAH,F,0,0,0,0,0,9,0
LAYCEE,F,0,0,0,0,0,92,0
LAYCEE-MAE,F,0,0,0,0,0,3,0
LAYCI,F,0,0,0,0,0,7,0
LAYCIE,F,0,0,0,0,0,128,0
LAYDEN,M,0,0,0,0,0,13,0
LAYKE,M,0,0,0,0,0,6,0
LAYKEN,M,0,0,0,0,0,3,0
LAYLAA,F,0,0,0,0,3,10,3
LAYLA-ANN,F,0,0,0,0,0,8,0
LAYLA-ANNE,F,0,0,0,0,0,3,0
LAYLA-BEAU,F,0,0,0,0,0,4,0
LAYLA-BELLE,F,0,0,0,0,0,3,0
LAYLA-FAYE,F,0,0,0,0,0,3,0
LAYLA-GRACE,F,0,0,0,0,0,114,0
LAYLAH-ROSE,F,0,0,0,0,0,3,0
LAYLA-JADE,F,0,0,0,0,0,33,0
LAYLA-JAI,F,0,0,0,0,0,15,0
LAYLA-JANE,F,0,0,0,0,0,38,0
LAYLA-JAY,F,0,0,0,0,0,12,0
LAYLA-JAYNE,F,0,0,0,0,0,18,0
LAYLA-JEAN,F,0,0,0,0,0,3,0
LAYLA-LEIGH,F,0,0,0,0,0,14,0
LAYLA-LOUISE,F,0,0,0,0,0,45,0
LAYLA-MARIE,F,0,0,0,0,0,39,0
LAYLA-MAY,F,0,0,0,0,0,167,0
LAYLAN,M,0,0,0,0,0,37,0
LAYLANI,F,0,0,0,0,0,3,0
LAYLA-RAE,F,0,0,0,0,0,67,0
LAYLA-ROSE,F,0,0,0,0,0,342,0
LAYLEN,M,0,0,0,0,0,31,0
LAYLIE,F,0,0,0,0,0,3,0
LAYLON,M,0,0,0,0,0,3,0
LAYNEE,F,0,0,0,0,0,8,0
LAYNI,F,0,0,0,0,0,6,0
LAYNIE,F,0,0,0,0,0,64,0
LAYSON,M,0,0,0,0,0,7,0
LAYTAN,M,0,0,0,0,0,3,0
LAYTEN,M,0,0,0,0,0,11,0
LAYTH,M,0,0,0,6,0,150,6
LAYTHAM,M,0,0,0,0,0,3,0
LAYTON-JAMES,M,0,0,0,0,0,24,0
LAYTON-JAY,M,0,0,0,0,0,12,0
LAYTON-JOHN,M,0,0,0,0,0,3,0
LAYTON-LEE,M,0,0,0,0,0,23,0
LAYYAH,F,0,0,0,0,0,8,0
LAYYANAH,F,0,0,0,0,0,4,0
LAYYINAH,F,0,0,0,0,0,3,0
LAZAR,M,0,0,0,0,0,28,0
LAZER,M,0,0,0,0,0,15,0
LAZO,M,0,0,0,0,0,20,0
LE,F,0,0,6,0,0,34,6
LEA,M,0,0,0,0,0,3,0
LEAH-ANN,F,0,0,0,0,0,3,0
LEAH-GRACE,F,0,0,0,0,0,13,0
LEAH-JADE,F,0,0,0,0,0,3,0
LEAH-JANE,F,0,0,0,0,0,4,0
LEAH-LOUISE,F,0,0,0,0,0,18,0
LEAH-MAI,F,0,0,0,0,0,28,0
LEAH-MAY,F,0,0,0,0,0,52,0
LEAH-PAIGE,F,0,0,0,0,0,6,0
LEAH-ROSE,F,0,0,0,0,0,87,0
LEALAN,M,0,0,0,0,0,5,0
LEALAND,M,0,0,0,0,0,43,0
LEA-MARIE,F,0,0,0,0,0,3,0
LEANAH,F,0,0,0,0,0,4,0
LEANDRE,M,0,0,0,0,0,12,0
LE-ANN,F,0,0,0,0,0,3,0
LEANORA,F,0,0,0,0,0,4,0
LEARA,F,0,0,0,0,0,3,0
LEARNA,F,3,0,0,0,0,17,3
LEASHA,F,0,3,0,0,0,18,3
LEATITIA,F,0,0,0,0,0,3,0
LEAYA,F,0,0,0,0,0,6,0
LEBAN,M,0,0,0,0,0,3,0
LEDA,F,0,0,0,0,0,12,0
LEDIANA,F,0,0,0,0,0,6,0
LEDIO,M,0,0,0,0,0,3,0
LEDION,M,0,0,0,0,0,61,0
LEDJON,M,0,0,0,0,0,3,0
LEDLEY,M,0,0,0,0,0,10,0
LEEA,F,0,0,0,0,0,6,0
LEEAH,F,0,0,0,0,0,4,0
LEEAM,M,3,0,0,0,0,6,3
LEE-ANN,F,0,4,0,0,0,7,4
LEEANNA,F,3,0,0,0,0,9,3
LEEGAN,M,0,0,0,0,0,3,0
LEE-JAMES,M,0,0,0,0,0,3,0
LEEJAY,M,0,0,0,0,0,30,0
LEE-JAY,M,0,0,0,0,0,9,0
LEE-JUNIOR,M,0,0,0,0,0,17,0
LEELAH,F,0,0,0,0,0,12,0
LEELA-MAE,F,0,0,0,0,0,3,0
LEELAN,M,0,0,0,0,0,74,0
LEELA-ROSE,F,0,0,0,0,0,8,0
LEELOO,F,0,0,0,0,3,6,3
LEEMA,F,0,3,0,0,0,3,3
LEEN,F,0,0,0,6,0,172,6
LEENAH,F,0,0,0,0,0,15,0
LEEON,M,0,0,0,0,0,6,0
LEESA,F,0,0,0,0,0,3,0
LEEVI,M,0,0,0,4,0,40,4
LEEYAH,F,0,0,0,0,0,6,0
LEHA,F,0,0,0,0,0,3,0
LEHAT,M,0,0,0,0,0,10,0
LEI,M,0,0,0,0,0,17,0
LEI,F,0,0,0,0,0,7,0
LEIAM,M,0,0,0,0,0,3,0
LEIANA,F,0,0,0,0,0,15,0
LEIANNA,F,0,0,0,0,0,4,0
LEIARNA,F,0,0,0,0,0,14,0
LEIGHAH,F,0,0,0,0,3,3,3
LEIGHA-LOUISE,F,0,0,0,0,0,3,0
LEIGHARNA,F,0,0,0,0,0,3,0
LEIGHLA,F,0,0,0,0,0,46,0
LEIGHLAN,M,0,0,0,0,0,17,0
LEIGHLAND,M,0,0,0,0,0,16,0
LEIGHTON,F,0,0,0,0,0,15,0
LEIGHTON-JAMES,M,0,0,0,0,0,40,0
LEIGHTON-LEE,M,0,0,0,0,0,3,0
LEILA-GRACE,F,0,0,0,0,0,13,0
LEILAH-MAE,F,0,0,0,0,0,3,0
LEILA-MAE,F,0,0,0,0,0,25,0
LEILA-MAI,F,0,0,0,0,0,9,0
LEILA-MARIE,F,0,0,0,0,0,3,0
LEILA-MAY,F,0,0,0,0,0,10,0
LEILAN,M,0,0,0,0,0,16,0
LEILAND,M,0,0,0,0,0,40,0
LEILA-RAE,F,0,0,0,0,0,4,0
LEILA-ROSE,F,0,0,0,0,0,48,0
LEILIA,F,0,0,0,0,0,3,0
LEINA,F,0,3,0,3,0,18,6
LEIRE,F,0,0,0,0,0,3,0
LEISA,F,0,0,0,0,0,3,0
LEIYA,F,0,0,0,0,0,3,0
LEIYAH,F,0,0,0,0,0,7,0
LEJA,F,0,0,0,0,0,184,0
LEJLA,F,0,0,0,0,3,33,3
LEKAI,M,0,0,0,0,0,8,0
LEKISHA,F,0,0,0,0,0,7,0
LELAH,F,0,0,0,0,0,3,0
LELAINA,F,0,3,0,0,0,3,3
LELAN,M,0,0,0,0,0,65,0
LELAND-JAMES,M,0,0,0,0,0,6,0
LELANI,F,0,0,0,0,0,6,0
LELIA,F,0,0,0,0,0,21,0
LELIE,F,0,0,0,0,0,6,0
LEMAR,F,0,0,0,0,0,3,0
LEMARI,M,0,0,0,0,0,3,0
LEMMY,M,0,0,0,0,0,6,0
LEMUELLA,F,0,0,0,0,0,4,0
LEN,M,0,0,0,0,0,12,0
LENAE,F,0,0,0,0,0,14,0
LENA-MARIE,F,0,0,0,0,0,6,0
LENAY,F,0,0,0,0,0,8,0
LENAYA,F,0,0,0,0,0,7,0
LENAYAH,F,0,0,0,0,0,5,0
LENI,M,0,0,0,0,0,12,0
LENIA,F,0,0,0,0,0,6,0
LENINA,F,3,0,0,0,0,3,3
LENISHA,F,0,0,0,0,0,3,0
LENKA,F,0,0,0,3,0,72,3
LENNART,M,0,0,0,0,0,6,0
LENNI,M,0,0,0,0,0,51,0
LENNI,F,0,0,0,0,0,20,0
LENNIE,F,0,3,3,0,0,57,6
LENNY,F,0,0,0,0,0,3,0
LENORA,F,0,0,0,0,0,6,0
LENORE,F,0,0,0,0,0,3,0
LENOX,F,0,0,0,0,0,3,0
LENY,M,0,0,0,0,0,3,0
LEO-JAI,M,0,0,0,0,0,3,0
LEO-JAMES,M,0,0,0,0,0,72,0
LEO-JAY,M,0,0,0,0,0,29,0
LEO-JOHN,M,0,0,0,0,0,10,0
LEOLA,F,0,0,0,0,0,49,0
LEOM,M,0,0,0,3,0,3,3
LEONAH,F,0,0,0,3,0,3,3
LEONARDA,F,0,0,0,0,0,3,0
LEONARDAS,M,0,0,0,0,0,15,0
LEONARDS,M,0,0,0,0,0,3,0
LEONAS,M,0,0,0,0,0,8,0
LEONDRE,M,0,0,0,0,0,8,0
LEONELA,F,0,0,0,0,0,3,0
LEONELL,M,0,0,0,0,0,3,0
LEONID,M,0,0,0,0,0,17,0
LEONIT,M,0,0,0,0,0,3,0
LEON-JAMES,M,0,0,0,0,0,12,0
LEON-JUNIOR,M,0,0,0,0,0,3,0
LEONORE,F,0,0,0,0,0,3,0
LEONY,F,0,3,0,0,0,3,3
LEO-RILEY,M,0,0,0,0,0,3,0
LEOS,M,0,0,0,0,0,3,0
LEOTRIM,M,0,0,0,0,0,3,0
LERA,F,0,0,0,0,0,6,0
LERATO,F,0,0,0,0,0,7,0
LERON,M,0,0,0,0,0,11,0
LERONE,M,0,0,0,0,0,6,0
LESEDI,F,0,0,0,0,0,15,0
LESEDI,M,0,0,0,0,0,9,0
LESHAE,F,0,0,0,0,0,3,0
LESHAY,F,0,0,0,0,0,18,0
LESLEY,M,0,0,0,0,0,9,0
LETEISHA,F,0,0,0,0,0,3,0
LETESHA,F,0,0,0,0,0,3,0
LETICIJA,F,0,0,0,0,0,4,0
LETISIA,F,0,0,0,0,0,3,0
LETIZIA,F,0,0,0,0,0,26,0
LETO,M,0,0,0,0,0,10,0
LETRELL,M,0,0,0,0,0,3,0
LETTI,F,0,0,0,0,0,16,0
LETTICE,F,0,0,0,0,0,12,0
LETTIE,F,0,0,0,0,0,83,0
LEUAN,M,0,0,0,0,0,37,0
LEUL,M,0,0,0,0,0,6,0
LEUSA,F,0,0,0,0,0,6,0
LEV,M,0,0,3,0,0,80,3
LEVAEH,F,0,0,0,0,0,5,0
LEVAN,M,0,0,0,0,0,29,0
LEVANA,F,0,0,0,0,0,25,0
LEVEN,M,0,0,0,0,0,17,0
LEVENTE,M,0,0,0,0,0,76,0
LEVIE,M,0,0,0,0,0,3,0
LEVII,M,0,0,0,0,0,6,0
LEVI-JAMES,M,0,0,0,0,0,27,0
LEVI-JAY,M,0,0,0,0,0,10,0
LEVINA,F,0,0,0,0,0,9,0
LEVISON,M,0,0,0,0,0,8,0
LEWA,F,0,0,0,0,0,6,0
LEWAN,F,0,0,0,0,0,29,0
LEWIS-JAMES,M,0,0,0,0,0,27,0
LEWIS-JAY,M,0,0,0,0,0,7,0
LEWIS-JOHN,M,0,0,0,0,0,3,0
LEWIS-JUNIOR,M,0,0,0,0,0,3,0
LEWIS-LEE,M,0,0,0,0,0,13,0
LEWISS,M,0,3,3,0,0,6,6
LEWY,M,0,0,0,0,0,31,0
LEWYN,M,0,0,0,0,0,5,0
LEXCI,F,0,0,0,0,0,3,0
LEXI,M,0,0,0,0,0,6,0
LEXI-,F,0,0,0,0,0,10,0
LEXI-ANN,F,0,0,0,0,0,52,0
LEXI-ANNE,F,0,0,0,0,0,28,0
LEXIE-,F,0,0,0,0,0,6,0
LEXIE-ANN,F,0,0,0,0,0,6,0
LEXIE-ANNE,F,0,0,0,0,0,3,0
LEXIE-GRACE,F,0,0,0,0,0,13,0
LEXIE-JADE,F,0,0,0,0,0,3,0
LEXIE-JANE,F,0,0,0,0,0,3,0
LEXIE-JAY,F,0,0,0,0,0,3,0
LEXIE-JAYNE,F,0,0,0,0,0,6,0
LEXIE-JO,F,0,0,0,0,0,3,0
LEXIE-LEIGH,F,0,0,0,0,0,50,0
LEXI-ELISE,F,0,0,0,0,0,3,0
LEXIE-LOU,F,0,0,0,0,0,17,0
LEXIE-LOUISE,F,0,0,0,0,0,36,0
LEXIE-MAI,F,0,0,0,0,0,65,0
LEXIE-MARIE,F,0,0,0,0,0,20,0
LEXIE-MAY,F,0,0,0,0,0,72,0
LEXIE-RAE,F,0,0,0,0,0,25,0
LEXIE-ROSE,F,0,0,0,0,0,37,0
LEXI-GRACE,F,0,0,0,0,0,48,0
LEXII,F,0,0,0,0,0,99,0
LEXII-MAE,F,0,0,0,0,0,7,0
LEXII-MAY,F,0,0,0,0,0,3,0
LEXI-J,F,0,0,0,0,0,5,0
LEXI-JADE,F,0,0,0,0,0,32,0
LEXI-JAE,F,0,0,0,0,0,4,0
LEXI-JAI,F,0,0,0,0,0,13,0
LEXI-JANE,F,0,0,0,0,0,33,0
LEXI-JAY,F,0,0,0,0,0,6,0
LEXI-JAYNE,F,0,0,0,0,0,24,0
LEXI-JEAN,F,0,0,0,0,0,4,0
LEXI-JO,F,0,0,0,0,0,35,0
LEXI-LEA,F,0,0,0,0,0,13,0
LEXI-LEE,F,0,0,0,0,0,16,0
LEXI-LEI,F,0,0,0,0,0,3,0
LEXILEIGH,F,0,0,0,0,0,3,0
LEXI-LEIGH,F,0,0,0,0,0,135,0
LEXI-LOU,F,0,0,0,0,0,56,0
LEXI-LOUISE,F,0,0,0,0,0,111,0
LEXI-MARIE,F,0,0,0,0,0,66,0
LEXI-PAIGE,F,0,0,0,0,0,3,0
LEXI-RAE,F,0,0,0,0,0,74,0
LEXI-ROSE,F,0,0,0,0,0,130,0
LEXIS,F,0,0,0,0,0,50,0
LEXIS,M,0,0,0,0,0,4,0
LEXI-SKYE,F,0,0,0,0,0,3,0
LEXON,M,0,0,0,0,0,3,0
LEXSIE,F,0,0,0,0,0,7,0
LEXTON,M,0,0,0,0,0,3,0
LEXX,M,0,0,0,0,0,18,0
LEXXI,F,0,0,0,0,0,39,0
LEXXIE,F,0,0,0,0,0,40,0
LEYAH,F,0,0,0,0,0,62,0
LEYLA-MAE,F,0,0,0,0,0,3,0
LEYLA-MAY,F,0,0,0,0,0,3,0
LEYLAN,M,0,0,0,0,0,64,0
LEYLA-ROSE,F,0,0,0,0,0,11,0
LEYLI,F,0,0,0,0,0,11,0
LEYNA,F,0,0,0,0,0,61,0
LEYO,M,0,0,0,0,0,4,0
LEYON,M,0,0,0,0,0,3,0
LEZMA,F,0,0,0,0,0,3,0
LIABA,F,0,0,0,0,0,84,0
LIABAH,F,0,0,0,0,0,24,0
LIALA,F,0,0,0,0,0,6,0
LIA-MARIE,F,0,0,0,0,0,3,0
LIAM-JAMES,M,0,0,0,0,0,14,0
LIAM-JAY,M,0,0,0,0,0,4,0
LIAM-JUNIOR,M,0,0,0,0,0,3,0
LIANAH,F,0,0,0,0,0,3,0
LIANG,M,0,0,0,0,0,9,0
LIANI,F,0,0,0,0,0,12,0
LIANIE,F,0,0,0,0,0,3,0
LIARA,F,0,0,0,0,0,70,0
LIARNA,F,0,0,0,0,0,32,0
LIA-ROSE,F,0,0,0,0,0,9,0
LIAS,M,3,0,0,0,0,9,3
LIAT,F,0,0,0,0,0,3,0
LIBA,F,0,0,0,0,0,93,0
LIBAAN,M,0,0,0,0,0,15,0
LIBAH,F,0,0,0,0,0,17,0
LIBBIE-MAE,F,0,0,0,0,0,4,0
LIBBY-,F,0,0,0,0,0,4,0
LIBBY-ANN,F,0,0,0,0,0,3,0
LIBBY-ANNE,F,0,0,0,0,0,12,0
LIBBY-GRACE,F,0,0,0,0,0,9,0
LIBBY-JANE,F,0,0,0,0,0,3,0
LIBBY-JO,F,0,0,0,0,0,17,0
LIBBY-LEIGH,F,0,0,0,0,0,3,0
LIBBY-LOUISE,F,0,0,0,0,0,17,0
LIBBY-MAE,F,0,0,0,0,0,60,0
LIBBY-MAI,F,0,0,0,0,0,38,0
LIBBY-MARIE,F,0,0,0,0,0,8,0
LIBBY-MAY,F,0,0,0,0,0,60,0
LIBBY-RAE,F,0,0,0,0,0,6,0
LIBBY-ROSE,F,0,0,0,0,0,70,0
LIBERTIE,F,0,0,0,0,3,7,3
LIBERTY,M,0,0,0,0,0,4,0
LIBERTY-GRACE,F,0,0,0,0,0,6,0
LIBERTY-MAE,F,0,0,0,0,0,3,0
LIBERTY-ROSE,F,0,0,0,0,0,14,0
LIBI,F,0,0,0,0,3,37,3
LIBY,F,0,0,0,0,0,3,0
LIDA,F,0,0,0,0,0,24,0
LIDYA,F,0,0,0,0,0,33,0
LIEF,M,0,0,0,0,0,3,0
LIENNA,F,0,0,0,0,0,18,0
LIEPA,F,0,0,0,0,0,104,0
LIESEL,F,0,0,0,0,0,22,0
LIESL,F,0,0,0,0,0,26,0
LIGIA,F,0,0,0,0,0,13,0
LIIBAAN,M,0,0,0,3,0,6,3
LIIBAN,M,5,0,0,0,0,15,5
LIJA,F,0,0,0,0,0,6,0
LIJAH,M,0,0,0,0,0,3,0
LIL,F,0,0,0,0,0,3,0
LILAH-GRACE,F,0,0,0,0,0,8,0
LILAH-MAE,F,0,0,0,0,0,14,0
LILAH-MAI,F,0,0,0,0,0,3,0
LILAH-MAY,F,0,0,0,0,0,3,0
LILAH-RAE,F,0,0,0,0,0,9,0
LILAH-ROSE,F,0,0,0,0,0,45,0
LILA-MAE,F,0,0,0,0,0,10,0
LILANI,F,0,0,0,0,0,7,0
LILA-ROSE,F,0,0,0,0,0,48,0
LILEE,F,0,0,0,0,0,41,0
LILEIGH,F,0,0,0,0,0,6,0
LILIAH,F,0,0,0,0,0,29,0
LILIA-MAE,F,0,0,0,0,0,6,0
LILIANE,F,0,0,0,0,0,39,0
LILI-ANN,F,0,0,0,0,0,4,0
LILIAN-ROSE,F,0,0,0,0,0,4,0
LILIA-ROSE,F,0,0,0,0,0,7,0
LILIBET,F,0,0,0,0,0,3,0
LILIELLA,F,0,0,0,0,0,3,0
LILI-ELLA,F,0,0,0,0,0,4,0
LILIE-MAE,F,0,0,0,0,0,6,0
LILI-GRACE,F,0,0,0,0,0,3,0
LILI-HAF,F,0,0,0,0,0,3,0
LILIJA,F,0,0,0,0,0,27,0
LILIJANA,F,0,0,0,0,0,17,0
LILIMAE,F,0,0,0,3,0,3,3
LILIMAI,F,0,0,0,0,0,6,0
LILI-MAI,F,0,0,0,0,0,74,0
LILIMAY,F,0,0,0,0,0,3,0
LILI-MAY,F,0,0,0,0,0,25,0
LILIROSE,F,0,0,0,0,0,3,0
LILI-ROSE,F,0,0,0,0,0,10,0
LILIYA,F,0,0,0,0,0,62,0
LILJA,F,0,0,0,0,0,44,0
LILJANA,F,0,0,0,0,0,3,0
LILLANI,F,0,0,0,0,0,3,0
LILLE,F,0,0,0,0,0,3,0
LILLEE,F,0,0,0,0,0,51,0
LILLEE-MAE,F,0,0,0,0,0,3,0
LILLEIGH,F,0,0,0,0,0,4,0
LILLEY-MAE,F,0,0,0,0,0,3,0
LILLEY-MAY,F,0,0,0,0,0,3,0
LILLEY-ROSE,F,0,0,0,0,0,3,0
LILLIAH,F,0,0,0,0,0,43,0
LILLI-ANN,F,0,0,0,0,0,23,0
LILLIANNE,F,0,0,0,0,0,27,0
LILLI-ANNE,F,0,0,0,0,0,6,0
LILLIARNA,F,0,0,0,0,0,9,0
LILLIA-ROSE,F,0,0,0,0,0,3,0
LILLIE-,F,0,0,0,0,0,18,0
LILLIE-ANN,F,0,0,0,0,0,70,0
LILLIE-ANNA,F,0,0,0,0,0,10,0
LILLIE-ANNE,F,0,0,0,0,0,52,0
LILLIE-BELLE,F,0,0,0,0,0,3,0
LILLIE-ELLA,F,0,0,0,0,0,7,0
LILLIE-GRACE,F,0,0,0,0,0,84,0
LILLIE-JAI,F,0,0,0,0,0,3,0
LILLIE-JANE,F,0,0,0,0,0,6,0
LILLIE-JAYNE,F,0,0,0,0,0,6,0
LILLIE-JO,F,0,0,0,0,0,20,0
LILLIELLA,F,0,0,0,0,0,9,0
LILLI-ELLA,F,0,0,0,0,3,6,3
LILLIE-LOUISE,F,0,0,0,0,0,7,0
LILLIEMAE,F,0,0,0,0,0,15,0
LILLIEMAI,F,0,0,0,0,0,4,0
LILLIE-MARIE,F,0,0,0,0,0,25,0
LILLIEMAY,F,0,0,0,0,0,7,0
LILLIE-PAIGE,F,0,0,0,0,0,3,0
LILLIE-RAE,F,0,0,0,0,0,50,0
LILLIEROSE,F,0,0,0,0,0,4,0
LILLI-GRACE,F,0,0,0,0,0,15,0
LILLIMAE,F,0,0,0,0,0,7,0
LILLI-MAE,F,0,0,0,0,0,131,0
LILLIMAI,F,0,0,0,0,0,6,0
LILLI-MAI,F,0,0,0,0,0,96,0
LILLIMAY,F,0,0,0,0,0,4,0
LILLI-MAY,F,0,0,0,0,0,24,0
LILLI-RAE,F,0,0,0,0,0,3,0
LILLIROSE,F,0,0,0,0,0,7,0
LILLY-,F,0,0,0,0,0,40,0
LILLYA,F,0,0,0,0,0,17,0
LILLYAN,F,0,0,0,0,0,3,0
LILLYANA,F,0,0,0,0,0,37,0
LILLYANN,F,0,0,0,0,0,57,0
LILLYANNA,F,0,0,0,0,0,85,0
LILLY-ANNA,F,0,0,0,0,0,53,0
LILLYANNE,F,0,0,0,3,0,37,3
LILLYARNA,F,0,0,0,0,0,10,0
LILLY-BEAU,F,0,0,0,0,0,8,0
LILLYBELLE,F,0,0,0,0,0,6,0
LILLY-BELLE,F,0,0,0,0,0,19,0
LILLY-BOW,F,0,0,0,0,0,3,0
LILLYELLA,F,0,0,0,0,0,6,0
LILLY-ELLA,F,0,0,0,0,0,112,0
LILLY-FAYE,F,0,0,0,0,0,3,0
LILLYGRACE,F,0,0,0,0,0,4,0
LILLY-JADE,F,0,0,0,0,0,10,0
LILLY-JANE,F,0,0,0,0,0,44,0
LILLY-JAYNE,F,0,0,0,0,0,19,0
LILLY-JEAN,F,0,0,0,0,0,9,0
LILLY-JO,F,0,0,0,0,0,47,0
LILLY-LOUISE,F,0,0,0,0,0,37,0
LILLYMAE,F,0,0,0,0,0,67,0
LILLYMAI,F,0,0,0,0,0,8,0
LILLY-MARIE,F,0,0,0,0,0,71,0
LILLYMAY,F,0,0,0,0,0,131,0
LILLY-PAIGE,F,0,0,0,0,0,3,0
LILLY-RAE,F,0,0,0,0,0,80,0
LILLY-RAY,F,0,0,0,0,0,3,0
LILLYROSE,F,0,0,0,0,0,70,0
LILLY-SUE,F,0,0,0,0,0,44,0
LILO,F,0,0,0,0,0,3,0
LILOU,F,0,0,0,0,0,53,0
LILWEN,F,0,0,0,0,0,9,0
LILY,M,0,0,0,0,0,3,0
LILY-,F,0,0,0,0,4,117,4
LILYA,F,0,0,0,0,0,108,0
LILYAH,F,0,0,0,0,0,3,0
LILYAN,F,0,0,0,0,3,22,3
LILYANN,F,0,0,0,0,0,49,0
LILY-BEAU,F,0,0,0,0,0,6,0
LILY-BELLE,F,0,0,0,0,0,55,0
LILYBETH,F,0,0,0,0,0,26,0
LILY-BETH,F,0,0,0,0,0,66,0
LILY-BO,F,0,0,0,0,0,3,0
LILY-ELLA,F,0,0,0,0,0,190,0
LILY-EVE,F,0,0,0,0,0,12,0
LILY-FAITH,F,0,0,0,0,0,8,0
LILY-FAYE,F,0,0,0,0,0,6,0
LILY-GRACE,F,0,0,0,0,0,471,0
LILY-HOPE,F,0,0,0,0,0,3,0
LILY-JADE,F,0,0,0,0,0,18,0
LILY-JANE,F,0,0,0,0,0,65,0
LILY-JAY,F,0,0,0,0,0,13,0
LILY-JAYNE,F,0,0,0,0,0,42,0
LILY-JEAN,F,0,0,0,0,0,17,0
LILY-JO,F,0,0,0,0,0,70,0
LILY-JOY,F,0,0,0,0,0,3,0
LILY-KATE,F,0,0,0,0,0,9,0
LILY-LEE,F,0,0,0,0,0,3,0
LILYMAE,F,0,0,0,0,0,95,0
LILY-MAYE,F,0,0,0,0,0,3,0
LILY-PAIGE,F,0,0,0,0,0,3,0
LILY-RAE,F,0,0,0,0,0,135,0
LILY-RAI,F,0,0,0,0,0,7,0
LILYROSE,F,0,0,0,0,0,76,0
LILY-SUE,F,0,0,0,0,0,77,0
LIMARA,F,3,0,0,0,0,6,3
LIN,M,0,0,0,0,0,20,0
LINAH,F,0,0,0,0,0,3,0
LINARDS,M,0,0,0,0,0,3,0
LINCOLN-JAMES,M,0,0,0,0,0,13,0
LINCOLN-JAY,M,0,0,0,0,0,3,0
LINCON,M,0,0,0,0,0,39,0
LINDA-MARIE,F,0,0,0,0,0,3,0
LINEYSHA,F,0,0,0,0,0,3,0
LINH,F,0,3,3,0,0,36,6
LINK,M,0,0,0,0,0,14,0
LINKIN,M,0,0,0,0,0,6,0
LINKOLN,M,0,0,0,0,0,13,0
LINKON,M,0,0,0,0,0,11,0
LINO,M,0,0,0,0,0,11,0
LINXI,M,0,0,0,0,0,3,0
LINXI,F,0,0,0,0,0,3,0
LIO,M,0,0,0,0,0,5,0
LIOR,M,0,0,0,0,0,22,0
LIOR,F,0,0,0,0,0,3,0
LIPA,M,0,0,0,0,0,6,0
LIRA,F,0,0,0,0,0,9,0
LIRAN,M,0,0,0,0,0,3,0
LIS,M,0,0,0,0,0,6,0
LISHANA,F,0,0,0,0,0,3,0
LISHANI,F,0,0,0,0,0,6,0
LISSA,F,0,0,0,0,0,3,0
LISSI,F,0,0,0,0,0,6,0
LISSIA,F,0,0,0,0,0,3,0
LISSIE,F,0,0,0,0,0,23,0
LISSY,F,0,0,0,0,0,16,0
LISTON,M,0,0,0,0,0,3,0
LITIA,F,0,0,0,0,0,3,0
LITISHA,F,0,0,0,0,0,3,0
LIUTAURAS,M,0,0,0,0,0,6,0
LIVA,F,0,0,0,0,0,7,0
LIVI,F,0,0,0,0,0,78,0
LIVIAH,F,0,0,0,0,0,5,0
LIVIANA,F,0,0,0,0,0,3,0
LIVIJA,F,0,0,0,0,0,4,0
LIVINIA,F,0,0,0,0,0,27,0
LIVIO,M,0,0,0,0,0,8,0
LIVIU,M,0,0,0,0,0,4,0
LIVIYA,F,0,0,0,0,0,3,0
LIVLEEN,F,0,0,0,0,0,7,0
LIVVIE,F,0,0,0,0,0,88,0
LIVVY,F,0,0,0,0,6,243,6
LIWIA,F,0,0,0,0,0,39,0
LIWSI,F,0,0,0,0,0,22,0
LIYAA,F,0,0,0,0,0,4,0
LIYAANA,F,0,0,0,0,0,31,0
LIYAANAH,F,0,0,0,0,0,8,0
LIYAN,F,0,0,0,0,0,13,0
LIYANA,F,0,0,0,0,0,715,0
LIYANAH,F,0,0,0,0,0,24,0
LIYANNA,F,0,0,0,0,0,4,0
LIYARA,F,0,0,0,0,0,3,0
LIYBA,F,0,0,0,0,0,33,0
LIYBAH,F,0,0,0,0,0,6,0
LIYLA,F,0,0,0,0,0,3,0
LIYLAH,F,0,0,0,0,0,4,0
LIZE,F,0,0,0,0,0,3,0
LIZZI,F,0,0,0,0,0,3,0
LJ,M,0,0,0,0,0,19,0
L-JAY,M,0,0,0,0,0,9,0
LJILJANA,F,0,0,0,0,0,3,0
LLAYTON,M,0,0,0,0,0,15,0
LLEU,M,0,0,0,0,0,9,0
LLEW,M,0,0,0,0,0,26,0
LLIAN,F,0,0,0,0,0,13,0
LMAR,F,0,0,0,0,0,3,0
L'MAR,M,3,0,0,0,0,3,3
LOAY,M,0,0,0,0,0,3,0
LOCHIE,M,0,0,0,0,0,10,0
LOCHLEN,M,0,0,0,0,0,3,0
LOCKE,M,0,0,0,0,0,10,0
LOCKIE,M,0,0,0,0,0,22,0
LOCKLYN,M,0,0,0,0,0,3,0
LOCRYN,M,0,0,0,0,0,11,0
LOEN,F,0,0,0,0,0,3,0
LOGAN-JACK,M,0,0,0,0,0,9,0
LOGAN-JAI,M,0,0,0,0,0,3,0
LOGAN-JAMES,M,0,0,0,0,0,102,0
LOGAN-JAY,M,0,0,0,0,0,61,0
LOGAN-JOHN,M,0,0,0,0,0,17,0
LOGAN-KAI,M,0,0,0,0,0,3,0
LOGAN-LEE,M,0,0,0,0,0,82,0
LOGAN-REECE,M,0,0,0,0,0,3,0
LOGAN-THOMAS,M,0,0,0,0,0,7,0
LOGON,M,0,0,0,0,0,10,0
LOHAN,M,0,0,0,0,0,30,0
LOHAN,F,0,0,0,0,0,21,0
LOHITH,M,0,0,0,0,0,9,0
LOHLA,F,0,0,0,0,0,6,0
LOJAIN,F,0,0,0,0,0,14,0
LOK,F,0,0,0,0,0,6,0
LOLA-,F,0,0,0,0,0,7,0
LOLA-BELLE,F,0,0,0,0,0,43,0
LOLA-BROOKE,F,0,0,0,0,0,5,0
LOLADE,F,0,0,0,0,0,3,0
LOLA-FAITH,F,0,0,0,0,0,11,0
LOLAH,F,0,0,0,0,0,48,0
LOLA-JADE,F,0,0,0,0,0,16,0
LOLA-JAI,F,0,0,0,0,0,7,0
LOLA-JANE,F,0,0,0,0,0,11,0
LOLA-JAY,F,0,0,0,0,0,3,0
LOLA-JAYNE,F,0,0,0,0,0,4,0
LOLA-JEAN,F,0,0,0,0,0,3,0
LOLA-JO,F,0,0,0,0,0,14,0
LOLA-LEIGH,F,0,0,0,0,0,3,0
LOLA-LOUISE,F,0,0,0,0,0,33,0
LOLA-MAI,F,0,0,0,0,0,131,0
LOLA-MARIE,F,0,0,0,0,0,27,0
LOLA-MIA,F,0,0,0,0,0,3,0
LOLA-RAE,F,0,0,0,0,0,87,0
LOLA-ROSE,F,0,0,0,0,0,494,0
LOLA-SUE,F,0,0,0,0,0,3,0
LOLLA,F,0,0,0,0,0,7,0
LOLLIE,F,0,0,0,0,0,26,0
LOLLY,F,0,0,0,0,0,16,0
LOMAX,M,0,0,0,0,0,3,0
LONA,F,0,0,0,0,0,41,0
LONAN,M,0,0,0,0,0,11,0
LONDON,M,0,0,0,0,0,50,0
LONDRA,F,0,0,0,0,0,3,0
LONDYN,F,0,0,0,0,0,3,0
LONG,M,0,0,0,0,0,16,0
LONNIE,F,0,0,0,0,0,9,0
LORAINE,F,0,0,0,0,0,7,0
LORALYE,F,0,0,0,0,0,3,0
LORAN,M,0,0,0,0,0,4,0
LORDINA,F,0,0,0,0,0,22,0
LOREEN,F,0,0,0,0,0,7,0
LORELLA,F,0,0,0,0,0,9,0
LORENT,M,0,0,0,0,0,3,0
LORENZ,M,3,3,0,0,0,40,6
LORESA,F,0,0,0,0,0,3,0
LORETA,F,0,0,0,0,0,29,0
LORIANA,F,0,0,0,0,0,3,0
LORIE,F,0,0,0,0,0,3,0
LORIEN,M,0,0,0,0,0,3,0
LORINA,F,0,0,0,0,0,12,0
LORINE,F,0,0,0,0,0,3,0
LORIS,F,0,0,0,0,0,8,0
LORISSA,F,0,0,0,0,0,3,0
LORRELLE,F,0,0,0,0,0,3,0
LORRENA,F,0,0,0,0,0,3,0
LOTANNA,F,0,0,0,0,0,12,0
LOTANNA,M,0,0,0,0,0,10,0
LOTFI,M,0,0,0,0,0,7,0
LOTTA,F,0,0,0,0,0,75,0
LOTTIE-BELLE,F,0,0,0,0,0,3,0
LOTTIE-GRACE,F,0,0,0,0,0,3,0
LOTTIE-LEIGH,F,0,0,0,0,0,3,0
LOTTIE-LOU,F,0,0,0,0,0,10,0
LOTTIE-LOUISE,F,0,0,0,0,0,6,0
LOTTIE-MAE,F,0,0,0,0,0,54,0
LOTTIE-MAI,F,0,0,0,0,0,15,0
LOTTIE-MARIE,F,0,0,0,0,0,3,0
LOTTIE-MAY,F,0,0,0,0,0,24,0
LOTTIE-RAE,F,0,0,0,0,0,17,0
LOTTIE-ROSE,F,0,0,0,0,0,46,0
LOU,M,0,0,0,3,0,6,3
LOU,F,0,0,0,0,0,27,0
LOUANNA,F,0,0,0,0,0,41,0
LOU-ANNA,F,0,0,0,0,0,3,0
LOUAY,M,0,0,0,0,0,18,0
LOUCA,M,0,0,0,0,0,20,0
LOUEE,M,0,0,3,0,0,3,3
LOUEN,M,0,0,0,0,0,3,0
LOUGHLIN,M,0,0,0,0,0,6,0
LOUIE-GEORGE,M,0,0,0,0,0,3,0
LOUIE-JAMES,M,0,0,0,0,0,10,0
LOUIE-JAY,M,0,0,0,0,0,23,0
LOUIE-JOHN,M,0,0,0,0,0,3,0
LOUISA-MAE,F,0,0,0,0,0,4,0
LOUISA-MAY,F,0,0,0,0,0,9,0
LOUISA-ROSE,F,0,0,0,0,0,3,0
LOUISIANA,F,0,0,0,0,0,18,0
LOUIS-JAMES,M,0,0,0,0,0,6,0
LOUIX,M,0,0,0,4,0,67,4
LOUJAIN,F,0,0,0,0,0,3,0
LOUKA,M,0,0,0,0,0,14,0
LOUKIA,F,0,0,0,0,0,3,0
LOULA,F,0,0,0,0,0,11,0
LOULIA,F,0,0,0,0,0,3,0
LOULOU,F,0,4,0,0,0,25,4
LOU-LOU,F,0,0,0,3,0,3,3
LOURENCO,M,0,0,0,0,3,34,3
LOURENS,M,0,0,0,0,0,3,0
LOUSHA,F,0,0,0,0,0,3,0
LOVELEEN,F,0,0,0,0,0,26,0
LOVELL,F,0,0,0,0,0,6,0
LOVELLA,F,0,0,0,0,0,4,0
LOVELY,F,0,0,0,0,0,8,0
LOVINA,F,0,0,0,0,0,3,0
LOVISA,F,0,0,0,0,0,3,0
LOWAN,M,0,0,0,0,0,37,0
LOWAN,F,0,0,0,0,0,8,0
LOWE,F,0,0,0,0,0,3,0
LOWENA,F,6,0,0,0,0,39,6
LOWIS,F,0,0,0,0,0,3,0
LOXY,F,0,0,0,0,0,3,0
LOYD,M,0,4,0,0,0,21,4
LOZA,F,0,0,0,0,0,14,0
L'RAE,F,0,0,0,0,0,4,0
L'SHAE,F,0,0,0,0,0,13,0
LUAY,M,0,0,0,0,0,39,0
LU'AY,M,0,0,0,0,0,4,0
LUBABA,F,0,4,0,0,0,7,4
LUBABAH,F,0,0,0,0,0,13,0
LUBELIHLE,F,0,0,0,0,0,6,0
LUBOMIR,M,0,0,0,0,0,4,0
LUBOS,M,0,0,0,0,0,3,0
LUCAH,M,0,0,0,0,0,18,0
LUCAIS,M,0,0,0,0,0,3,0
LUCA-JAMES,M,0,0,0,0,0,17,0
LUCA-JAY,M,0,0,0,0,0,12,0
LUCAS-JACK,M,0,0,0,0,0,3,0
LUCAS-JAMES,M,0,0,0,0,0,99,0
LUCAS-JAY,M,0,0,0,0,0,17,0
LUCAS-JOHN,M,0,0,0,0,0,10,0
LUCAS-KAI,M,0,0,0,0,0,3,0
LUCAS-LEE,M,0,0,0,0,0,9,0
LUCAS-SCOTT,M,0,0,0,0,0,4,0
LUCCA,F,4,0,0,0,0,11,4
LUCCAS,M,0,0,0,0,0,3,0
LUCCIA,F,0,0,0,0,0,15,0
LUCEA,F,0,0,0,0,0,6,0
LUCIA-ROSE,F,0,0,0,0,0,4,0
LUCIE-ANN,F,0,0,0,0,0,4,0
LUCIE-ANNE,F,0,0,0,0,0,3,0
LUCIE-JO,F,0,0,0,0,0,8,0
LUCIE-LOU,F,0,0,0,0,0,3,0
LUCIE-MAE,F,0,0,0,0,0,38,0
LUCIE-MAI,F,0,0,0,0,0,6,0
LUCIE-MAY,F,0,0,0,0,0,13,0
LUCIENNA,F,0,0,0,0,0,6,0
LUCIE-ROSE,F,0,0,0,0,0,6,0
LUCIJA,F,0,0,0,0,0,3,0
LUCI-JO,F,0,0,0,0,0,6,0
LUCILE,F,0,0,0,0,4,22,4
LUCINE,F,0,0,0,0,0,3,0
LUCIO,M,0,0,0,0,0,71,0
LUCION,M,0,0,0,0,0,3,0
LUCJA,F,0,0,0,0,0,97,0
LUCJAN,M,0,0,0,0,0,13,0
LUCREZIA,F,0,0,3,0,0,28,3
LUCY-,F,0,0,0,0,0,8,0
LUCYANN,F,0,0,3,0,3,9,6
LUCYANNA,F,0,0,0,0,0,3,0
LUCY-JO,F,0,0,0,0,0,82,0
LUCY-LEIGH,F,0,0,0,0,0,6,0
LUCY-LOU,F,0,0,0,0,0,23,0
LUCY-LOUISE,F,0,0,0,0,0,6,0
LUCY-MAI,F,0,0,0,0,0,31,0
LUCY-MARIE,F,0,0,3,0,3,20,6
LUCYNA,F,0,0,0,0,0,5,0
LUCY-RAE,F,0,0,0,0,0,3,0
LUCY-ROSE,F,0,0,0,0,0,42,0
LUDMILA,F,0,0,0,0,0,4,0
LUDOVICA,F,0,0,0,0,0,4,0
LUEN,M,0,0,0,0,0,6,0
LUENA,F,0,0,0,0,0,6,0
LUEY,M,0,0,0,0,0,39,0
LUIE,M,0,0,0,0,0,29,0
LUIZA,F,3,0,0,0,3,194,6
LUIZE,F,0,0,0,0,0,21,0
LUJAINE,F,0,0,0,0,0,4,0
LUJANE,F,0,0,0,0,0,10,0
LUJAYN,F,0,0,0,0,0,25,0
LUKAH,M,0,0,0,0,0,7,0
LUKE-JAMES,M,0,0,0,0,0,3,0
LUKE-JUNIOR,M,0,0,0,0,0,8,0
LUKEN,M,0,0,0,0,0,3,0
LUKMAAN,M,0,0,0,0,0,7,0
LUKNE,F,0,0,0,0,0,32,0
LUKRECIA,F,0,0,0,0,0,3,0
LUKRECIJA,F,0,0,0,0,0,10,0
LUKRECJA,F,0,0,0,0,0,3,0
LUKUS,M,0,0,0,0,0,26,0
LUL,F,0,0,3,0,0,6,3
LULABELLE,F,0,0,0,0,0,8,0
LULA-BELLE,F,0,0,0,0,0,3,0
LULAH,F,0,0,0,0,0,21,0
LULIA,F,0,0,0,0,0,20,0
LULLAH,F,0,0,0,0,0,9,0
LULUA,F,0,0,0,0,0,3,0
LULYA,F,0,0,0,0,0,6,0
LULYANA,F,0,0,0,0,0,3,0
LUNA-BELLE,F,0,0,0,0,0,3,0
LUNA-MAE,F,0,0,0,0,0,10,0
LUNA-MAI,F,0,0,0,0,0,3,0
LUNA-MAY,F,0,0,0,0,0,7,0
LUNA-ROSE,F,0,0,0,0,0,33,0
LUNASHA,F,0,0,0,0,0,3,0
LUNED,F,0,3,0,3,0,22,6
LUNNA,F,0,0,0,0,0,3,0
LUO,F,0,0,0,0,0,3,0
LUQA,M,0,0,0,0,0,3,0
LURA,F,0,0,0,0,0,3,0
LUSIA,F,0,0,0,0,0,8,0
LUSIANA,F,0,0,0,0,0,5,0
LUTFI,M,0,0,0,3,0,3,3
LUTFIYA,F,0,0,0,0,0,3,0
LUTFIYAH,F,0,0,0,0,0,3,0
LUTHANDO,M,0,0,0,0,0,3,0
LUUK,M,0,0,0,0,0,6,0
LUUL,F,0,0,4,0,0,10,4
LUV,M,0,0,0,0,0,3,0
LUX,M,0,0,0,0,0,11,0
LUXMI,F,0,0,0,0,0,3,0
LUYANDA,M,0,0,0,0,0,10,0
LUZ,F,0,0,0,0,0,9,0
LWANDLE,F,0,0,0,0,0,3,0
L'WREN,F,0,0,0,0,0,7,0
LWSI,F,0,0,0,0,0,19,0
LYA,F,0,0,0,0,0,19,0
LYAH,F,0,0,0,0,0,3,0
LYAN,F,0,0,0,0,0,3,0
LYARA,F,0,0,0,0,0,3,0
LYAS,M,0,0,0,0,0,3,0
LYBAH,F,0,0,0,4,0,131,4
LYCIA,F,0,0,0,0,0,8,0
LYDIA-GRACE,F,0,0,0,0,0,14,0
LYDIA-MAE,F,0,0,0,0,0,36,0
LYDIA-MAY,F,0,0,0,0,0,20,0
LYES,M,0,0,0,0,0,3,0
LYLA-BELLE,F,0,0,0,0,0,3,0
LYLA-GRACE,F,0,0,0,0,0,44,0
LYLAH-ROSE,F,0,0,0,0,0,14,0
LYLA-MAE,F,0,0,0,0,0,35,0
LYLA-MAI,F,0,0,0,0,0,10,0
LYLA-MAY,F,0,0,0,0,0,26,0
LYLA-RAE,F,0,0,0,0,0,24,0
LYLA-ROSE,F,0,0,0,0,0,133,0
LYLIE,F,0,0,0,0,0,8,0
LYNCOLN,M,0,0,0,0,0,9,0
LYNCON,M,0,0,0,0,0,11,0
LYRA-MAE,F,0,0,0,0,0,4,0
LYRA-MAY,F,0,0,0,0,0,3,0
LYRA-ROSE,F,0,0,0,0,0,8,0
LYRIC,M,0,0,0,0,0,23,0
LYUBOV,F,0,0,0,0,0,3,0
LYVIA,F,0,0,0,0,0,40,0
LYZA,F,0,0,0,0,0,21,0
M,M,0,0,0,0,0,11,0
MA,F,0,0,0,0,0,3,0
MAAB,F,0,0,0,0,0,16,0
MAAHI,F,0,0,0,0,0,100,0
MAAHIN,M,0,0,0,0,0,15,0
MAAHIR,M,0,0,0,0,0,56,0
MAAHIRA,F,0,0,0,0,0,7,0
MAAHIRAH,F,0,0,0,0,0,33,0
MAAHNOOR,F,0,0,0,0,0,20,0
MAAHUM,F,0,0,0,0,0,6,0
MAAIDA,F,0,0,0,0,0,13,0
MAAIKE,F,0,0,0,0,0,6,0
MAALI,F,0,0,0,0,0,3,0
MAALIK,M,0,0,0,3,0,31,3
MAALIKAH,F,0,0,0,0,0,6,0
MAAN,M,0,0,0,0,0,7,0
MAANAS,M,0,0,0,0,0,10,0
MAANAV,M,0,0,0,0,3,31,3
MAANSI,F,0,0,0,0,0,6,0
MAANVI,F,0,0,0,0,0,15,0
MAANYA,F,0,0,0,0,0,42,0
MAAYA,F,0,0,0,0,0,31,0
MAAYAN,F,0,0,0,0,0,16,0
MA'AZ,M,0,0,0,0,0,6,0
MAAZIN,M,0,0,0,0,0,6,0
MABELLE,F,0,0,0,0,0,30,0
MABINTY,F,0,0,0,0,0,6,0
MABLI,F,0,0,0,0,4,175,4
MABON,M,0,0,0,0,0,111,0
MACARA,F,0,0,0,0,0,3,0
MACARIO,M,0,0,0,0,0,6,0
MACAULEE,M,6,0,0,0,0,6,6
MACAULEY,F,3,0,0,0,0,3,3
MACAULLAY,M,3,0,0,0,0,3,3
MACAULLEY,M,6,0,0,0,0,9,6
MACAWLEY,M,3,0,0,0,0,3,3
MACAYLA,F,0,0,0,0,0,19,0
MACCAULEY,M,3,0,0,0,0,3,3
MACEE,F,0,0,0,0,0,19,0
MACEN,M,0,0,0,0,0,13,0
MACENZIE,M,0,0,0,0,0,13,0
MACEO,M,0,0,0,0,0,27,0
MACEY-JANE,F,0,0,0,0,0,3,0
MACEY-JAYNE,F,0,0,0,0,0,6,0
MACEY-JO,F,0,0,0,0,0,8,0
MACEY-LEA,F,0,0,0,0,0,5,0
MACEY-LEE,F,0,0,0,0,0,12,0
MACEY-LEIGH,F,0,0,0,0,0,87,0
MACEY-LOU,F,0,0,0,0,0,4,0
MACEY-MAE,F,0,0,0,0,0,14,0
MACEY-MAY,F,0,0,0,0,0,12,0
MACEY-RAE,F,0,0,0,0,0,13,0
MACEY-ROSE,F,0,0,0,0,0,15,0
MACHAELA,F,0,3,0,0,0,3,3
MACHEDA,M,0,0,0,0,0,3,0
MACIE-ANN,F,0,0,0,0,0,3,0
MACIE-ANNE,F,0,0,0,0,0,3,0
MACIEJ,M,0,0,0,0,0,482,0
MACIE-JANE,F,0,0,0,0,0,3,0
MACIE-JAY,F,0,0,0,0,0,7,0
MACIE-JO,F,0,0,0,0,0,4,0
MACIEK,M,0,0,0,0,0,20,0
MACIE-LEA,F,0,0,0,0,0,18,0
MACIE-LEE,F,0,0,0,0,0,9,0
MACIE-LOU,F,0,0,0,0,0,14,0
MACIE-LOUISE,F,0,0,0,0,0,16,0
MACIE-MAE,F,0,0,0,0,0,39,0
MACIE-MAI,F,0,0,0,0,0,6,0
MACIE-MARIE,F,0,0,0,0,0,5,0
MACIE-MAY,F,0,0,0,0,0,7,0
MACIE-RAE,F,0,0,0,0,0,27,0
MACIE-ROSE,F,0,0,0,0,0,17,0
MACI-GRACE,F,0,0,0,0,0,3,0
MACI-JAI,F,0,0,0,0,0,5,0
MACI-LEA,F,0,0,0,0,0,6,0
MACI-LEIGH,F,0,0,0,0,0,13,0
MACI-MAE,F,0,0,0,0,0,4,0
MACI-MARIE,F,0,0,0,0,0,3,0
MACI-RAE,F,0,0,0,0,0,6,0
MACKAI,M,0,0,0,0,0,17,0
MACKAYLA,F,0,0,0,0,0,7,0
MACKENSIE,F,0,0,0,0,0,4,0
MACKENSIE,M,0,0,0,0,0,3,0
MACKENZI,F,0,0,0,0,0,14,0
MACKENZI,M,0,0,0,0,0,7,0
MACKENZIE-LEE,M,0,0,0,0,0,6,0
MACKENZIE-LEIGH,F,0,0,0,0,0,3,0
MACKENZY,M,0,0,0,0,0,14,0
MACKINLEY,M,0,0,0,0,0,22,0
MACKLIN,M,0,0,0,0,0,3,0
MACKY,M,0,0,0,0,0,3,0
MACLAREN,M,0,0,0,0,3,3,3
MACS,M,0,0,0,0,0,23,0
MACY-GRACE,F,0,0,0,0,0,3,0
MACY-JO,F,0,0,0,0,0,3,0
MACY-LEE,F,0,0,0,0,0,3,0
MACY-LEIGH,F,0,0,0,0,0,20,0
MACY-MAE,F,0,0,0,0,0,3,0
MACY-RAE,F,0,0,0,0,0,4,0
MACY-ROSE,F,0,0,0,0,0,6,0
MADALIN,M,0,0,0,0,0,9,0
MADALINA,F,0,0,0,0,0,30,0
MADALYNN,F,0,0,0,0,0,6,0
MADAR,M,0,0,0,0,0,3,0
MADARA,F,0,0,0,0,0,14,0
MADDALENE,F,0,0,0,0,0,3,0
MADDALYN,F,0,0,0,0,0,3,0
MADDELINE,F,0,0,0,0,0,7,0
MADDIE-LEIGH,F,0,0,0,0,0,6,0
MADDIE-MAI,F,0,0,0,0,0,3,0
MADDIE-MAY,F,0,0,0,0,0,6,0
MADDIE-ROSE,F,0,0,0,0,0,12,0
MADDISEN,F,0,0,0,0,0,3,0
MADDISON-GRACE,F,0,0,0,0,0,13,0
MADDISON-LEE,F,0,0,0,0,0,3,0
MADDISON-LEIGH,F,0,0,0,0,0,25,0
MADDISON-MAE,F,0,0,0,0,0,16,0
MADDISON-MAI,F,0,0,0,0,0,7,0
MADDISON-MAY,F,0,0,0,0,0,3,0
MADDISON-RAE,F,0,0,0,0,0,4,0
MADDISON-ROSE,F,0,0,0,0,0,26,0
MADDISYN,F,0,0,0,0,0,12,0
MADDIX,M,0,0,0,0,0,3,0
MADDYSON,F,0,0,0,0,3,49,3
MADEEHAH,F,0,0,0,3,3,17,6
MADEENAH,F,0,0,0,0,0,4,0
MADELEINA,F,0,0,0,0,0,6,0
MADELENA,F,0,0,0,0,0,6,0
MADELYNN,F,0,0,0,0,0,10,0
MADHAV,M,0,0,0,0,0,66,0
MADHAVI,F,0,0,0,0,0,3,0
MADHIA,F,0,0,3,0,0,3,3
MADHVI,F,0,3,3,0,0,6,6
MADI,F,0,0,0,0,0,52,0
MADIAH,F,3,0,0,0,0,6,3
MADILYN,F,0,0,0,0,0,53,0
MADINAH,F,0,0,0,0,0,112,0
MADISEN,F,0,0,0,0,0,11,0
MADISON-GRACE,F,0,0,0,0,0,3,0
MADISON-LEIGH,F,0,0,0,0,0,30,0
MADISON-MAE,F,0,0,0,0,0,6,0
MADISON-MAY,F,0,0,0,0,0,3,0
MADISON-ROSE,F,0,0,0,0,0,20,0
MADISYN,F,0,0,0,0,0,118,0
MADIYAH,F,0,0,0,0,0,32,0
MADIYYAH,F,0,0,0,0,0,6,0
MADLYN,F,0,0,0,0,0,3,0
MADOKA,F,3,0,0,0,0,3,3
MADONA,F,0,0,0,0,0,3,0
MADOX,M,0,0,0,0,0,7,0
MADS,M,0,3,0,0,0,3,3
MAEBY,F,0,0,0,0,0,4,0
MAEDA,F,0,0,0,0,0,6,0
MAEEN,F,0,0,0,0,0,3,0
MAEESHA,F,0,0,0,0,3,39,3
MAEGHAN,F,0,0,0,0,0,7,0
MAELA,F,0,0,0,0,0,3,0
MAELEIGH,F,0,0,0,0,0,3,0
MAELIE,F,0,0,0,0,0,10,0
MAELLYS,F,0,0,0,0,0,3,0
MAELONA,F,0,0,0,0,3,9,3
MAELY,F,0,0,0,0,0,4,0
MAEMI,F,0,0,0,0,0,3,0
MAESHA,F,0,0,0,0,0,21,0
MAESIE,F,0,0,0,0,0,3,0
MAESON,M,0,0,0,0,0,15,0
MAEYA,F,0,0,0,0,0,9,0
MAEZIE,F,0,0,0,0,0,3,0
MAFALDA,F,0,0,0,0,0,24,0
MAGALI,F,0,0,0,0,0,3,0
MAGEN,F,0,0,0,0,0,4,0
MAGGIE-ANN,F,0,0,0,0,0,3,0
MAGGIE-JO,F,0,0,0,0,0,4,0
MAGGIE-MAE,F,0,0,0,0,0,42,0
MAGGIE-MAY,F,0,0,0,0,0,61,0
MAGGIE-ROSE,F,0,0,0,0,0,11,0
MAGNOLIA,F,0,0,0,0,0,12,0
MAH,F,0,0,0,0,0,14,0
MAHAAN,M,0,0,0,0,0,17,0
MAHADEV,M,0,0,0,0,0,3,0
MAHADO,F,0,0,0,0,0,3,0
MAHAK,F,0,0,3,0,0,18,3
MAHALA,F,0,0,0,0,0,20,0
MAHAMAD,M,0,0,0,0,3,29,3
MAHAMARAKKALAGE,F,0,0,0,0,0,3,0
MAHAMEDAMIN,M,0,0,0,0,0,3,0
MAHAMOOD,M,0,0,0,0,0,3,0
MAHAMOUD,M,0,0,0,3,0,6,3
MAHAN,M,0,0,3,0,0,6,3
MAHANOOR,F,0,0,0,3,0,19,3
MAHATHI,F,0,0,0,0,0,14,0
MAHATHY,F,0,0,0,0,0,3,0
MAHAVEER,M,0,0,0,0,0,3,0
MAHAZ,M,0,0,0,3,0,6,3
MAHBEER,M,0,0,0,0,0,9,0
MAHBIR,M,0,0,0,0,0,3,0
MAHBOOB,M,3,3,0,0,0,6,6
MAHBUBUL,M,0,0,3,0,0,3,3
MAHBUBUR,M,0,0,3,0,3,6,6
MAHD,M,0,0,0,0,0,31,0
MAHDEE,M,0,0,3,0,0,3,3
MAHDIYAH,F,0,0,3,0,0,27,3
MAHDY,M,0,0,0,0,0,6,0
MAHE,M,0,0,0,0,0,4,0
MAHEE,M,0,0,0,0,0,9,0
MAHEE,F,0,0,0,0,0,3,0
MAHEEMA,F,0,0,0,0,0,9,0
MAHEEN,M,0,0,0,0,0,11,0
MAHEER,M,0,0,0,0,0,20,0
MAHEERA,F,0,0,0,0,0,33,0
MAHEK,F,0,0,0,0,6,351,6
MAHEMA,F,0,0,0,3,0,9,3
MAHENOOR,F,0,0,0,0,0,6,0
MAHERA,F,0,0,0,0,0,31,0
MAHFOOZ,M,0,0,0,0,0,4,0
MAHFUJ,M,0,0,0,0,0,3,0
MAHFUJUR,M,0,0,0,0,0,3,0
MAHFUZAH,F,0,0,0,4,0,19,4
MAHI,F,0,0,0,0,0,394,0
MAHI,M,0,0,0,0,0,20,0
MAHIA,F,0,0,0,0,0,19,0
MAHIB,M,0,0,0,0,0,3,0
MAHIBA,F,0,0,0,0,0,8,0
MAHIBAH,F,0,0,0,0,0,25,0
MAHIDA,F,0,3,0,3,0,12,6
MAHIDUL,M,0,0,0,0,0,9,0
MAHIKA,F,0,0,0,3,3,62,6
MAHIM,M,0,0,0,0,0,13,0
MAHIN,F,0,0,0,0,0,11,0
MAHINUR,M,0,0,0,0,0,4,0
MAHIRAH,F,0,0,0,0,0,70,0
MAHIRUL,M,0,0,0,0,0,13,0
MAHITH,M,0,0,0,0,0,3,0
MAHITHA,F,0,0,0,0,0,4,0
MAHIYA,F,0,0,3,0,0,54,3
MAHJABEEN,F,0,0,0,3,0,12,3
MAHLA,F,0,0,0,0,0,3,0
MAHLET,F,0,0,0,0,0,3,0
MAHLI,M,0,0,0,0,0,3,0
MAHLIA,F,0,0,0,0,0,14,0
MAHMUDUL,M,0,0,0,0,0,7,0
MAHMUT,M,0,0,0,3,3,33,6
MAHNAZ,F,0,3,0,0,0,29,3
MAHNI,F,0,0,0,0,0,3,0
MAH-NOOR,F,0,0,4,0,3,7,7
MAHNUR,F,0,0,0,0,0,12,0
MAHO,F,0,0,0,0,0,3,0
MAHRA,F,0,0,0,0,0,4,0
MAHRIN,F,0,0,0,0,0,3,0
MAHRUS,M,0,0,0,0,0,11,0
MAHSA,F,3,0,0,0,0,25,3
MAHTAB,M,0,0,0,0,0,3,0
MAHTAB,F,0,0,0,0,0,3,0
MAHVEEN,F,0,0,0,0,0,30,0
MAHVESH,F,0,0,0,3,0,3,3
MAHVISH,F,0,0,0,0,0,3,0
MAHWISH,F,0,0,3,0,3,15,6
MAIA-GRACE,F,0,0,0,0,0,3,0
MAIAH,F,0,0,0,3,0,28,3
MAIA-ROSE,F,0,0,0,0,0,17,0
MAICEE,F,0,0,0,0,0,15,0
MAICEY-LEIGH,F,0,0,0,0,0,3,0
MAICI,F,0,0,0,0,0,3,0
MAICIE-LEE,F,0,0,0,0,0,3,0
MAICIE-RAE,F,0,0,0,0,0,3,0
MAIDA,F,0,0,0,0,4,188,4
MAIDAH,F,0,0,0,0,0,65,0
MAIDIE,F,0,0,0,0,0,10,0
MAIESHA,F,0,0,0,0,0,6,0
MAIKA,F,0,0,0,0,0,3,0
MAIKLS,M,0,0,0,0,0,7,0
MAILA,F,0,0,0,0,0,7,0
MAILE,F,0,0,3,0,0,18,3
MAILEE,F,0,0,0,0,0,3,0
MAILEY,F,0,0,0,0,0,11,0
MAILI,F,0,0,0,0,3,3,3
MAILIE,F,0,0,0,0,0,3,0
MAILY,F,0,0,0,0,0,13,0
MAIMOUNA,F,0,0,0,0,0,23,0
MAIMUNAH,F,0,0,0,0,0,15,0
MAIRAH,F,0,0,0,0,0,25,0
MAIRIN,F,0,0,0,0,0,3,0
MAIRWEN,F,0,0,0,0,0,9,0
MAIS,F,0,0,0,0,0,11,0
MAISAH,F,0,0,0,0,0,9,0
MAISAM,M,0,0,0,0,0,7,0
MAISARA,F,0,0,0,0,0,7,0
MAISARAH,F,0,0,0,0,0,9,0
MAISEE,F,0,0,0,0,0,22,0
MAISEY-JANE,F,0,0,0,0,0,3,0
MAISEY-LEIGH,F,0,0,0,0,0,23,0
MAISEY-RAE,F,0,0,0,0,0,3,0
MAISEY-ROSE,F,0,0,0,0,0,4,0
MAISHAH,F,0,0,0,0,0,8,0
MAISI,F,0,0,0,0,0,6,0
MAISIE-,F,0,0,0,0,0,3,0
MAISIE-ANN,F,0,0,0,0,0,20,0
MAISIE-ANNE,F,0,0,0,0,0,15,0
MAISIE-GRACE,F,0,0,0,0,0,56,0
MAISIE-JADE,F,0,0,0,0,0,4,0
MAISIE-JAE,F,0,0,0,0,0,3,0
MAISIE-JAY,F,0,0,0,0,0,6,0
MAISIE-JAYNE,F,0,0,0,0,0,38,0
MAISIE-JEAN,F,0,0,0,0,0,3,0
MAISIE-JO,F,0,0,0,0,0,18,0
MAISIE-LEA,F,0,0,0,0,0,14,0
MAISIE-LEE,F,0,0,0,0,0,25,0
MAISIE-LOU,F,0,0,0,0,0,29,0
MAISIE-LOUISE,F,0,0,0,0,0,15,0
MAISIE-MAE,F,0,0,0,0,0,44,0
MAISIE-MAI,F,0,0,0,0,0,18,0
MAISIE-MARIE,F,0,0,0,0,0,3,0
MAISIE-MAY,F,0,0,0,0,0,37,0
MAISIE-RAE,F,0,0,0,0,0,55,0
MAISIE-ROSE,F,0,0,0,0,0,57,0
MAISIE-SUE,F,0,0,0,0,0,3,0
MAISON-LEE,M,0,0,0,0,0,3,0
MAISY-ANN,F,0,0,0,0,0,3,0
MAISY-GRACE,F,0,0,0,0,0,6,0
MAISY-JANE,F,0,0,0,0,0,19,0
MAISY-JAYNE,F,0,0,0,0,0,3,0
MAISY-LEIGH,F,0,0,0,0,0,29,0
MAISY-LOUISE,F,0,0,0,0,0,3,0
MAISY-MAE,F,0,0,0,0,0,4,0
MAISY-MAY,F,0,0,0,0,0,16,0
MAISY-RAE,F,0,0,0,0,0,3,0
MAISY-ROSE,F,0,0,0,0,0,7,0
MAITA,F,0,0,0,0,0,7,0
MAITE,F,0,0,0,0,0,4,0
MAITHAM,M,0,0,0,0,0,3,0
MAITHILI,F,0,0,0,0,0,3,0
MAITRI,F,0,0,0,0,0,5,0
MAIVISH,F,0,3,0,0,0,3,3
MAIWEN,F,0,0,0,0,0,3,0
MAIYAH,F,0,0,0,0,0,28,0
MAIZA,F,0,0,0,0,0,8,0
MAIZAH,F,0,0,0,0,0,7,0
MAIZE,F,0,0,0,0,0,3,0
MAIZEE,F,0,0,0,0,0,33,0
MAIZEY,F,0,0,4,0,0,159,4
MAIZI,F,0,0,0,0,0,19,0
MAIZIE-GRACE,F,0,0,0,0,0,3,0
MAIZIE-LEIGH,F,0,0,0,0,0,8,0
MAIZIE-MAE,F,0,0,0,0,0,6,0
MAIZIE-ROSE,F,0,0,0,0,0,3,0
MAJD,M,0,0,0,0,0,36,0
MAJEED,M,3,0,0,0,0,14,3
MAJHARUL,M,0,0,0,0,0,3,0
MAJIDA,F,0,0,3,0,0,27,3
MAJIDAH,F,0,0,0,0,0,6,0
MAJKA,F,0,0,0,0,0,77,0
MAJUS,M,0,0,0,0,0,69,0
MAKAAY,M,0,0,0,0,0,6,0
MAKAEEL,M,0,0,0,0,0,3,0
MAKAELA,F,0,0,0,0,0,6,0
MAKAI,M,0,0,0,0,5,206,5
MAKAIL,M,0,0,0,0,0,3,0
MAKAILA,F,0,0,0,0,0,12,0
MAKAIO,M,0,0,0,0,0,4,0
MAKANA,F,0,0,0,0,0,6,0
MAKAR,M,0,0,0,0,0,15,0
MAKARI,M,0,0,0,0,0,4,0
MAKARIOS,M,0,0,0,0,0,3,0
MAKATENDEKA,F,0,0,0,0,0,3,0
MAKEBA,F,0,0,0,0,0,3,0
MAKEL,M,0,0,0,0,0,3,0
MAKENA,F,0,0,0,0,0,11,0
MAKENNA,F,0,0,0,0,0,30,0
MAKENZI,F,0,0,0,0,0,12,0
MAKENZY,M,0,0,0,0,0,6,0
MAKENZY,F,0,0,0,0,0,6,0
MAKHAN,M,4,0,0,0,0,4,4
MAKHI,M,0,0,0,0,0,11,0
MAKISHA,F,0,0,0,0,0,3,0
MAKITA,F,0,0,4,0,0,4,4
MAKKIYAH,F,0,0,0,0,0,3,0
MAKOMBORERO,M,0,0,0,0,0,3,0
MAKS,M,0,0,0,0,0,74,0
MAKSIMILIAN,M,0,0,0,0,0,10,0
MAKSIMS,M,0,0,0,0,0,52,0
MAKSYMILIAN,M,0,0,0,0,3,963,3
MAKYLA,F,0,0,0,0,0,13,0
MALAAK,F,0,0,0,0,0,49,0
MALAEKA,F,0,0,0,0,0,29,0
MALAIKHA,F,0,0,0,0,0,4,0
MALAIQA,F,0,0,0,0,0,3,0
MALAKEY,M,0,0,0,0,0,3,0
MALAKHAI,M,0,0,0,0,0,3,0
MALAKHI,M,0,0,0,0,0,42,0
MALAKIA,M,0,0,0,0,0,3,0
MALAKYE,M,0,0,0,0,0,66,0
MALALA,F,0,0,0,0,0,19,0
MALALAI,F,0,0,0,0,0,6,0
MALAN,F,0,0,0,0,0,4,0
MALAYA,F,0,0,0,0,0,51,0
MALAYAH,F,0,0,0,0,0,12,0
MALAYEKA,F,0,0,0,0,0,117,0
MALAYKA,F,0,0,0,0,0,26,0
MALAYSIA,F,0,0,0,0,0,3,0
MALAZ,F,0,0,0,0,0,8,0
MALCOM,M,0,0,0,0,0,7,0
MALEA,F,0,0,0,0,0,3,0
MALEAH,F,0,0,0,0,0,38,0
MALEEKAH,F,0,0,0,0,0,40,0
MALEHA,F,3,0,0,0,0,10,3
MALEIKA,F,0,0,0,0,0,3,0
MALEK,F,0,0,0,0,0,11,0
MALEKA,F,0,0,0,0,0,3,0
MALEN,F,0,0,0,0,0,6,0
MALENA,F,0,0,0,0,0,62,0
MALGORZATA,F,0,0,0,0,0,83,0
MALI,M,0,0,0,0,0,48,0
MALIA,F,0,0,0,0,0,188,0
MALIAH,F,0,0,0,0,0,34,0
MALIAKA,F,0,0,0,0,0,20,0
MALICA,F,0,0,0,0,0,3,0
MALICK,M,3,0,0,3,0,87,6
MALIE,F,0,0,0,0,0,4,0
MALIHAH,F,0,0,0,0,0,6,0
MALIK,F,0,0,0,0,0,3,0
MALIKHA,F,0,0,0,0,0,3,0
MALIKI,M,0,0,0,0,0,36,0
MALIKYE,M,0,0,0,0,0,9,0
MALIN,F,0,0,0,0,0,27,0
MALINA,F,0,0,3,0,3,58,6
MALINI,F,0,3,0,0,3,9,6
MALIQ,M,0,0,0,0,0,30,0
MALISA,F,0,0,0,0,0,3,0
MALISE,F,0,0,0,0,0,3,0
MALIYA,F,0,0,0,0,0,25,0
MALIYAH,F,0,0,0,0,0,128,0
MALIYKA,F,0,0,0,0,0,15,0
MALK,F,0,0,0,0,0,3,0
MALKI,F,0,0,0,0,0,12,0
MALKIT,M,0,6,0,0,0,6,6
MALLAK,F,0,0,0,0,0,3,0
MALLIE,F,0,0,0,0,0,12,0
MALLIKA,F,0,0,0,0,0,27,0
MALLK,F,0,0,0,0,0,3,0
MALLY,M,0,0,0,0,0,15,0
MALLY,F,0,0,0,0,0,3,0
MALO,M,0,0,0,0,0,27,0
MALONE,M,0,0,0,0,0,6,0
MALOU,F,0,0,0,0,0,9,0
MALVIKA,F,0,0,0,0,0,11,0
MALVINA,F,0,0,0,0,0,22,0
MALYKA,F,0,0,0,0,0,40,0
MALYUN,F,0,0,0,0,0,3,0
MAM,F,3,0,0,0,0,3,3
MAM,M,0,0,0,0,0,3,0
MAMADI,M,0,0,0,0,0,6,0
MAMADOU,M,0,0,0,0,0,86,0
MAMADU,M,0,0,0,0,0,8,0
MAME,F,0,0,0,0,0,17,0
MAMOONA,F,3,0,3,0,0,9,6
MAMOUDOU,M,0,0,0,0,0,3,0
MAMTA,F,3,0,0,0,0,3,3
MAMUN,M,0,3,0,0,0,9,3
MAMUNA,F,3,0,3,0,0,6,6
MAMUNUR,M,3,3,0,0,0,6,6
MANA,F,3,0,3,0,0,38,6
MANAHAL,F,0,0,0,0,0,20,0
MANAHEL,F,0,0,0,0,0,6,0
MANAS,M,0,0,0,0,0,35,0
MANASI,F,0,0,0,0,3,14,3
MANASSE,F,0,0,0,0,0,6,0
MANASSE,M,0,0,0,0,0,4,0
MANASSEH,M,0,0,0,0,0,47,0
MANASVI,F,0,0,0,0,0,27,0
MANAT,F,0,0,0,0,0,7,0
MANAVI,F,0,0,0,0,0,3,0
MANDANA,F,0,0,0,0,0,4,0
MANDIP,F,0,4,0,0,0,4,4
MANDIP,M,0,0,3,0,0,9,3
MANDIPA,F,0,0,0,0,0,3,0
MANDISA,F,0,0,0,0,0,19,0
MANEESHA,F,0,4,0,0,0,7,4
MANEET,M,0,0,0,0,0,9,0
MANEET,F,0,0,0,0,0,7,0
MANEL,F,0,0,0,0,0,51,0
MANESH,M,0,0,3,0,0,3,3
MANESHA,F,0,0,0,0,0,3,0
MANH,M,0,0,0,3,0,3,3
MANICHE,M,0,0,0,0,0,4,0
MANINDER,F,0,3,3,0,0,6,6
MANIT,M,0,0,0,0,0,3,0
MANJINDER,F,0,3,0,0,0,3,3
MANJIT,F,4,0,0,0,0,7,4
MANKARAN,M,0,0,0,0,0,14,0
MANKIRAN,F,0,0,0,0,0,4,0
MANKIRAT,F,0,0,0,0,0,3,0
MANLEEN,F,0,0,0,0,3,12,3
MANMEET,F,0,0,0,3,0,54,3
MANMOHAN,M,0,0,0,0,0,10,0
MANN,M,0,0,0,0,0,19,0
MANNA,F,0,0,0,0,0,12,0
MANNAN,M,6,0,0,0,0,13,6
MANNAT,F,0,0,0,0,0,163,0
MANNI,M,0,0,0,0,0,21,0
MANNIX,M,0,0,0,0,0,3,0
MANOLO,M,0,0,0,0,0,3,0
MANOLYA,F,0,0,3,0,0,3,3
MANPRIYA,F,0,0,0,0,0,3,0
MANRAAJ,M,3,0,0,0,0,17,3
MANRAJ,F,0,0,0,0,0,6,0
MANREET,F,0,0,0,0,4,75,4
MANROOP,F,0,0,0,0,0,47,0
MANROOP,M,0,0,0,0,0,11,0
MANSA,F,0,0,0,0,0,4,0
MANSEERAT,F,0,0,0,0,0,5,0
MANSHA,F,0,0,0,0,0,3,0
MANSIMRAN,F,0,0,0,0,0,6,0
MANSIRAT,F,0,0,0,0,0,18,0
MANSOR,M,0,0,0,0,0,4,0
MANSOUR,M,0,0,0,0,0,74,0
MANSUKH,M,0,0,0,0,0,3,0
MANSURAH,F,0,0,0,0,0,6,0
MANSUUR,M,0,0,0,0,0,3,0
MANTASHA,F,0,0,0,0,0,12,0
MANTE,F,0,0,0,0,0,7,0
MANTEJ,M,0,0,0,0,0,3,0
MANTHAN,M,0,0,0,0,0,3,0
MANVEEN,F,0,0,0,0,0,12,0
MANVI,F,0,0,0,0,0,39,0
MANVIK,M,0,0,0,0,0,4,0
MANYA,F,0,0,0,0,0,52,0
MAQADAS,F,0,0,0,0,0,3,0
MARAH,F,3,0,0,0,0,25,3
MARAKI,F,0,0,0,0,0,6,0
MARAL,F,0,0,0,0,0,6,0
MARANATHA,F,0,0,0,0,0,5,0
MARAT,M,0,0,0,0,0,4,0
MARAYA,F,0,0,0,0,0,3,0
MARCAS,M,0,0,0,0,0,4,0
MARCELI,M,0,0,0,0,0,9,0
MARCELINA,F,0,0,0,0,0,183,0
MARCELINO,M,0,0,0,0,0,3,0
MARCELLE,M,0,4,0,0,0,4,4
MARCIANO,M,0,0,0,0,0,4,0
MARCIE-MAE,F,0,0,0,0,0,3,0
MARCU,M,0,0,0,0,0,10,0
MARCUS-LEE,M,0,0,0,0,0,3,0
MARDIN,M,0,0,0,0,0,6,0
MARDIN,F,0,0,0,0,0,3,0
MARDIYA,F,0,0,0,0,0,3,0
MARDOCHEE,M,0,0,0,0,0,3,0
MAREA,F,0,0,0,0,0,9,0
MAREEHA,F,0,0,0,0,0,3,0
MAREKS,M,0,0,0,0,0,10,0
MAREN,F,0,0,0,0,0,20,0
MAREYA,F,3,0,0,0,0,6,3
MARGARETA,F,0,0,0,0,0,3,0
MARGARIDA,F,0,0,0,0,0,40,0
MARGARITA,F,0,0,3,3,0,138,6
MARGITA,F,0,0,0,0,0,3,0
MARGUERITA,F,0,0,0,0,0,4,0
MARIA-LILY,F,0,0,0,0,0,3,0
MARIAME,F,0,0,0,0,0,3,0
MARIAN,M,0,0,0,0,0,53,0
MARI-ANNE,F,4,0,0,0,0,7,4
MARIA-ROSE,F,0,0,0,0,0,3,0
MARIATOU,F,0,0,0,0,0,7,0
MARIELA,F,0,0,0,0,0,15,0
MARIE-LOUISE,F,0,0,0,5,0,15,5
MARIEME,F,0,0,0,0,0,3,0
MARIESHA,F,0,3,0,0,0,9,3
MARIETTA,F,0,0,0,0,3,25,3
MARIHA,F,0,0,0,0,0,43,0
MARIJA,F,0,0,0,0,3,73,3
MARIJUS,M,0,0,0,0,0,3,0
MARIKO,F,0,0,0,0,0,3,0
MARILIA,F,0,0,0,0,0,3,0
MARILLA,F,0,0,0,0,3,3,3
MARIN,F,0,0,0,0,0,28,0
MARINO,M,0,0,0,0,0,9,0
MARIOM,F,0,0,0,0,0,3,0
MARISKA,F,0,0,0,0,0,10,0
MARITA,F,0,0,0,4,0,21,4
MARIUSZ,M,0,0,0,0,0,30,0
MARIYAAH,F,0,0,0,0,0,3,0
MARIYAMBIBI,F,3,0,0,0,0,3,3
MARIYYAH,F,0,0,0,0,0,3,0
MARJAN,F,4,0,0,0,0,42,4
MARJAN,M,0,0,0,0,0,7,0
MARJIA,F,0,0,3,0,0,3,3
MARK-,M,0,0,0,0,0,3,0
MARKAS,M,0,0,0,0,0,68,0
MARKEL,M,0,0,0,0,0,21,0
MARKELL,M,0,3,0,0,0,13,3
MARKETA,F,0,0,0,0,0,10,0
MARKIYAN,M,0,0,0,0,0,3,0
MARK-JUNIOR,M,0,0,0,0,0,8,0
MARKS,M,0,0,0,0,0,11,0
MARLEA,F,0,0,0,0,0,3,0
MARLEE,M,0,0,0,0,0,80,0
MARLEE-GRACE,F,0,0,0,0,0,3,0
MARLEE-MAE,F,0,0,0,0,0,3,0
MARLEI,M,0,0,0,0,0,3,0
MARLEIGH,F,0,0,4,0,0,71,4
MARLEIGH,M,0,0,0,0,0,3,0
MARLEN,F,0,0,0,0,0,3,0
MARLEY-GRACE,F,0,0,0,0,0,3,0
MARLEY-JAI,M,0,0,0,0,0,3,0
MARLEY-JAMES,M,0,0,0,0,0,12,0
MARLEY-JAY,M,0,0,0,0,0,21,0
MARLEY-JOE,M,0,0,0,0,0,3,0
MARLEY-LEE,M,0,0,0,0,0,3,0
MARLEY-MAE,F,0,0,0,0,0,13,0
MARLEY-RAE,F,0,0,0,0,0,8,0
MARLEY-RAE,M,0,0,0,0,0,3,0
MARLEY-ROSE,F,0,0,0,0,0,10,0
MARLI,F,0,3,3,0,0,207,6
MARLI,M,0,0,0,0,0,59,0
MARLIE,M,0,0,0,0,0,52,0
MARLIE-MAE,F,0,0,0,0,0,3,0
MARLOW,F,0,0,0,0,0,12,0
MARLY,F,0,0,0,0,0,35,0
MARNEE,F,0,0,0,0,0,8,0
MARNI,M,0,0,0,0,0,28,0
MARNIA,F,0,0,0,0,0,4,0
MARNIE-MAE,F,0,0,0,0,0,4,0
MARNIE-MAI,F,0,0,0,0,0,3,0
MARNIE-MAY,F,0,0,0,0,0,3,0
MARNIE-RAE,F,0,0,0,0,0,20,0
MARNIE-ROSE,F,0,0,0,0,0,26,0
MARNI-ROSE,F,0,0,0,0,0,3,0
MARNY,F,0,0,0,0,0,3,0
MARO,M,0,0,0,0,0,3,0
MAROOF,M,0,0,0,5,0,5,5
MAROUANE,M,0,0,0,0,0,4,0
MARQUES,M,0,0,0,3,0,25,3
MARQUEZ,M,0,0,0,0,0,14,0
MARRISSA,F,0,0,0,0,0,3,0
MARRIUM,F,0,4,0,0,0,4,4
MARSDEN,M,0,0,0,0,0,8,0
MARSEL,M,0,0,0,0,0,10,0
MARSHALL-LEE,M,0,0,0,0,0,3,0
MARTEL,M,0,0,0,0,0,11,0
MARTHA-LILY,F,0,0,0,0,0,3,0
MARTHA-MAE,F,0,0,0,0,0,6,0
MARTHA-MAI,F,0,0,0,0,0,3,0
MARTHA-MAY,F,0,0,0,0,0,6,0
MARTHA-ROSE,F,0,0,0,0,0,3,0
MARTI,F,0,0,0,0,0,3,0
MARTIA,M,0,0,0,0,0,3,0
MARTIJN,M,0,0,3,0,0,3,3
MARTIM,M,0,0,0,0,0,84,0
MARTINAS,M,0,0,0,0,0,6,0
MARTINS,M,0,0,0,0,0,68,0
MARTON,M,0,0,0,0,0,15,0
MARTYNA,F,0,0,0,0,0,670,0
MARTYNAS,M,0,0,0,0,3,84,3
MARVA,F,0,0,0,0,0,14,0
MARVELLOUS,M,0,0,0,0,0,35,0
MARVI,F,0,0,0,0,3,3,3
MARVYN,M,0,0,0,0,0,6,0
MARWAAN,M,0,0,0,0,0,17,0
MARWO,F,0,0,0,0,0,9,0
MARWOOD,M,0,0,0,0,0,3,0
MARY-,F,0,0,0,3,0,9,3
MARYANNA,F,0,0,0,0,0,3,0
MARY-ANNA,F,0,0,0,0,0,3,0
MARY-ELIZABETH,F,0,0,0,0,0,3,0
MARYELLEN,F,0,0,0,0,0,17,0
MARY-ELLEN,F,0,0,3,0,0,32,3
MARYEM,F,0,0,0,0,3,11,3
MARY-GRACE,F,0,0,0,0,0,6,0
MARYIA,F,3,0,0,0,0,3,3
MARYIM,F,0,0,0,0,0,3,0
MARY-JAYNE,F,0,3,0,0,0,37,3
MARY-JEAN,F,0,0,0,0,0,6,0
MARY-JO,F,0,0,0,0,0,8,0
MARYKATE,F,3,0,0,0,0,37,3
MARYLA,F,0,0,0,0,0,8,0
MARY-LOU,F,0,3,0,0,0,25,3
MARY-LOUISE,F,0,3,0,0,0,17,3
MARYLYN,F,0,0,0,0,0,3,0
MARYROSE,F,0,0,0,0,0,8,0
MARY-ROSE,F,0,0,0,0,0,35,0
MARYSIA,F,0,0,0,0,0,21,0
MARZANA,F,0,3,3,0,0,11,6
MARZIA,F,3,0,0,0,0,21,3
MARZUQ,M,0,0,0,0,0,15,0
MASA,M,0,0,0,0,0,4,0
MASAL,F,0,0,0,0,0,32,0
MASE,M,0,0,3,0,0,12,3
MASEEH,M,0,0,0,0,0,3,0
MASEN,M,0,0,0,0,0,42,0
MASEY,F,0,0,0,0,0,7,0
MASHAL,M,0,0,0,0,0,7,0
MASHIYAT,F,0,0,0,3,0,3,3
MASHUD,M,3,0,3,0,0,9,6
MASIEY,F,0,0,0,0,0,6,0
MASIH,M,0,0,0,0,0,4,0
MASIMBA,M,0,0,0,0,0,7,0
MASON,F,0,0,0,0,0,10,0
MASON-JAMES,M,0,0,0,0,0,67,0
MASON-JAY,M,0,0,0,0,0,23,0
MASON-JOHN,M,0,0,0,0,0,4,0
MASON-LEIGH,M,0,0,0,0,0,3,0
MASON-RILEY,M,0,0,0,0,0,3,0
MASON-THOMAS,M,0,0,0,0,0,3,0
MASOOMAH,F,0,0,0,0,0,3,0
MASOUD,M,0,0,0,3,0,29,3
MASROOR,M,0,0,0,0,0,26,0
MASRUR,M,3,0,0,0,0,6,3
MASSA,F,0,0,0,0,0,11,0
MASSI,M,0,0,0,0,0,3,0
MASSON,M,0,0,0,0,0,4,0
MASUDUR,M,0,0,0,0,0,3,0
MASUUD,M,0,0,0,0,0,3,0
MAT,M,0,0,0,0,0,3,0
MATAEO,M,0,0,0,0,0,3,0
MATAI,M,0,0,0,0,0,9,0
MATAIO,M,0,0,0,0,0,3,0
MATAN,M,0,0,0,0,0,30,0
MATAYA,F,3,0,0,0,0,30,3
MATEA,F,0,0,0,0,0,3,0
MATEJ,M,0,0,0,0,0,96,0
MATEJA,M,0,0,0,0,0,7,0
MATEJA,F,0,0,0,0,0,3,0
MATEJUS,M,0,0,0,0,0,3,0
MATEL,F,0,0,0,0,0,4,0
MATEN,M,0,0,0,0,0,4,0
MATHEWS,M,0,0,0,0,0,6,0
MATHUMITHA,F,0,0,0,0,0,3,0
MATHUSAN,M,0,0,0,0,0,9,0
MATHUSHA,F,0,0,0,0,0,15,0
MATHUSHAN,M,0,0,0,0,3,12,3
MATHYS,M,0,0,0,0,0,25,0
MATI,F,0,0,0,0,0,3,0
MATIA,F,0,0,0,0,0,3,0
MATIDA,F,0,0,0,0,0,3,0
MATIFADZA,F,0,0,0,0,0,3,0
MATILDA-MAY,F,0,0,0,0,0,7,0
MATILDA-ROSE,F,0,0,0,0,0,33,0
MATISSE,F,0,0,0,0,0,3,0
MATS,M,0,0,0,0,0,6,0
MATTHEO,M,0,0,0,0,0,6,0
MATTHEWS,M,0,0,0,0,0,3,0
MATTHIJS,M,3,0,0,0,0,3,3
MATTHIS,M,0,0,0,0,0,3,0
MATTHYS,M,0,0,0,0,0,3,0
MATTI,M,0,0,0,0,0,36,0
MATTIE,F,0,4,0,0,0,12,4
MATTILDA,F,0,0,0,0,0,3,0
MATTIS,M,0,0,0,0,0,15,0
MATTY,F,0,0,0,4,0,11,4
MATUS,M,0,0,0,0,0,42,0
MATVEI,M,0,0,0,0,0,7,0
MATVEJ,M,0,0,0,0,0,4,0
MATVEY,M,0,0,0,0,0,35,0
MATVIY,M,0,0,0,0,0,3,0
MATYLDA,F,0,0,0,0,0,329,0
MATYS,M,0,0,0,0,0,3,0
MAULI,F,0,0,0,0,0,3,0
MAULIK,M,0,0,0,0,0,4,0
MAURITS,M,0,0,0,0,0,4,0
MAURO,M,0,0,0,0,0,10,0
MAURYCY,M,0,0,0,0,0,11,0
MAVEN,M,0,0,0,0,0,3,0
MAVI,F,0,0,0,0,0,3,0
MAVISHA,F,0,0,0,0,0,3,0
MAVRICK,M,0,0,0,0,0,6,0
MAWA,F,0,0,0,0,0,21,0
MAWADA,F,0,0,0,0,0,11,0
MAWADAH,F,0,0,0,0,0,3,0
MAWADDA,F,0,0,0,0,0,9,0
MAWADDAH,F,0,0,0,0,0,9,0
MAWGAN,F,0,3,0,0,0,6,3
MAXAMILIAN,M,0,0,0,0,0,3,0
MAXEN,M,0,0,0,0,0,26,0
MAXENCE,M,0,0,0,0,0,36,0
MAXI,M,0,0,0,0,0,109,0
MAXIMA,F,0,0,0,0,0,8,0
MAXIMILIANO,M,0,0,0,0,5,58,5
MAXMILIAN,M,0,0,0,0,0,3,0
MAXON,M,0,0,0,0,0,6,0
MAXSON,M,0,0,0,0,0,3,0
MAXXIE,M,0,0,0,0,0,7,0
MAXYMILIAN,M,0,0,0,0,0,98,0
MAXYMILLIAN,M,0,0,0,0,0,3,0
MAYAMEEN,F,0,0,0,0,0,11,0
MAYAMIKO,M,0,0,0,0,0,3,0
MAYAN,F,0,0,0,0,0,14,0
MAYANA,F,0,0,0,0,0,3,0
MAYANK,M,4,0,0,0,0,52,4
MAYARA,F,0,0,0,0,0,15,0
MAYA-ROSE,F,0,0,0,0,0,39,0
MAYAS,F,0,0,0,0,0,3,0
MAYCE,F,0,0,0,0,0,3,0
MAYCI,F,0,0,0,0,0,10,0
MAYCIE-LEIGH,F,0,0,0,0,0,3,0
MAYDA,F,0,0,0,0,0,3,0
MAYE,F,0,0,0,0,0,10,0
MAYEDA,F,0,0,0,0,0,76,0
MAYER,M,0,0,0,3,0,15,3
MAYGAN,F,0,0,0,0,0,10,0
MAYLA,F,0,0,0,0,0,23,0
MAYLE,F,0,0,0,0,0,3,0
MAYLEE,F,0,0,0,0,0,19,0
MAYLEIGH,F,0,0,0,0,0,10,0
MAYLI,F,0,0,0,0,0,3,0
MAYLIE,F,0,0,0,0,0,5,0
MAYMOONA,F,0,0,3,0,0,11,3
MAYMOONAH,F,0,0,0,3,0,15,3
MAYNARD,M,0,0,0,0,0,6,0
MAYON,M,0,0,0,0,0,9,0
MAYS,F,0,0,0,0,0,3,0
MAYSA,F,0,0,6,0,0,214,6
MAYSAA,F,0,0,0,0,0,5,0
MAYSAM,F,0,0,0,0,0,29,0
MAYSARAH,F,0,0,0,0,0,4,0
MAYSHA,F,0,0,0,0,0,9,0
MAYSOON,F,0,0,0,0,0,86,0
MAYSSA,F,0,0,0,0,0,17,0
MAYSUN,F,0,0,0,0,0,5,0
MAYSUUN,F,0,0,0,0,0,3,0
MAYTAL,F,0,0,0,0,0,7,0
MAYUKHA,F,0,0,0,0,0,3,0
MAYUMI,F,0,0,0,0,0,14,0
MAYYA,F,0,0,0,0,0,6,0
MAYZEE,F,0,0,0,0,0,17,0
MAYZI,F,0,0,0,0,0,6,0
MAYZIE,F,0,0,0,0,0,71,0
MAZEDA,F,0,0,4,0,0,11,4
MAZEY,F,0,0,0,0,0,35,0
MAZIE-LEIGH,F,0,0,0,0,0,6,0
MAZVITA,F,0,0,0,0,0,13,0
MAZY,F,0,0,0,0,0,3,0
MBALENHLE,F,0,0,0,0,0,4,0
MC,M,0,0,0,0,0,6,0
MCALLISTER,M,3,0,0,0,0,3,3
MCCARTNEY,M,0,0,0,0,0,3,0
MCCAULAY,M,0,5,0,0,0,5,5
MCCAULLEY,M,5,0,0,0,0,5,5
MCCAWLEY,M,6,0,0,0,0,6,6
MCCORLEY,M,0,0,0,0,0,5,0
MCCOY,M,0,0,0,0,3,6,3
MCKAI,M,0,0,0,0,0,16,0
MCKAYLA,F,0,0,0,0,0,115,0
MCKENNA,F,0,0,0,4,0,109,4
MCKENNA,M,0,0,0,0,0,19,0
MCKENZEE,M,0,0,0,0,0,3,0
MCKENZI,M,0,0,0,0,0,56,0
MCKENZI,F,0,0,0,0,0,4,0
MCKENZIE-JAY,M,0,0,0,0,0,10,0
MCKENZIE-JOHN,M,0,0,0,0,0,3,0
MCKENZIE-LEE,M,0,0,0,0,0,50,0
MCKENZIE-LEIGH,F,0,0,0,0,0,12,0
MCKENZY,M,0,0,0,0,0,3,0
MCKINLEY,M,0,0,0,0,0,69,0
MCKINLEY,F,0,0,0,0,0,4,0
MCKYLA,F,0,0,0,0,0,3,0
MCLAREN,M,0,0,0,0,3,3,3
MDUDUZI,M,0,0,0,0,0,3,0
MEARA,F,0,0,0,0,0,3,0
MEASHA,F,3,0,0,0,0,9,3
MEAVE,F,0,0,0,0,0,9,0
MECHEL,M,0,0,0,0,0,14,0
MEDA,F,0,0,0,0,0,85,0
MEDEEA,F,0,0,0,0,0,13,0
MEDEEHA,F,0,0,0,0,5,5,5
MEDEINA,F,0,0,0,0,0,3,0
MEDHANSH,M,0,0,0,0,0,7,0
MEDINAH,F,0,0,0,0,0,7,0
MEDWYN,M,0,0,0,0,0,3,0
MEEKAH,F,0,0,0,0,0,3,0
MEEKAL,M,0,0,0,0,0,3,0
MEELA,F,0,0,0,0,0,30,0
MEERAB,F,0,0,0,0,0,185,0
MEESAM,M,0,0,0,0,0,10,0
MEESUM,M,0,0,0,0,0,3,0
MEET,M,0,0,0,0,0,19,0
MEEYA,F,0,0,0,0,0,14,0
MEGAN-GRACE,F,0,0,0,0,0,8,0
MEGAN-MARIE,F,0,0,0,0,0,3,0
MEGH,M,0,0,0,0,0,7,0
MEGHANE,F,0,0,0,0,3,3,3
MEGIJA,F,0,0,0,0,0,14,0
MEGYN,F,0,0,0,0,0,3,0
MEHAR,F,0,0,0,0,0,85,0
MEHAR,M,0,0,0,0,0,23,0
MEHBOOB,M,3,0,0,0,0,3,3
MEHER,F,0,0,0,4,0,120,4
MEHER,M,0,0,0,0,0,6,0
MEHGAN,F,0,0,0,0,0,8,0
MEHJABEEN,F,0,0,0,0,0,29,0
MEHJABIN,F,0,0,0,0,0,13,0
MEHMA,F,0,0,0,0,0,6,0
MEHMED,M,0,0,0,0,0,10,0
MEHNAAZ,F,0,0,0,0,0,3,0
MEHRAAB,F,0,0,0,0,0,3,0
MEHRAAN,M,3,0,0,0,0,3,3
MEHRAB,M,0,3,0,3,0,29,6
MEHRAJ,M,0,0,0,0,0,12,0
MEHTAAB,M,0,0,0,0,0,10,0
MEHTAAB,F,0,0,0,0,0,6,0
MEIA,F,0,0,0,0,0,12,0
MEIKA,F,0,0,0,0,0,36,0
MEIKE,F,0,0,0,0,0,3,0
MEILA,F,0,0,0,0,0,39,0
MEILECH,M,0,0,0,0,0,7,0
MEILI,F,0,0,0,0,0,3,0
MEILYR,M,0,0,0,0,0,11,0
MEITAL,F,0,0,0,0,0,6,0
MEKA,F,0,0,0,0,0,9,0
MEKAAL,M,0,0,0,0,0,3,0
MEKAI,M,0,0,0,0,0,20,0
MEKAIL,M,0,0,0,0,0,9,0
MEKAYLA,F,0,0,0,0,0,3,0
MEKENZIE,M,0,0,0,0,0,3,0
MEKENZIE,F,0,0,0,0,0,3,0
MEKHAI,M,0,0,0,0,0,6,0
MEKLIT,F,0,0,0,0,0,10,0
MELAD,M,0,0,0,0,0,7,0
MELAINA,F,0,3,0,0,0,3,3
MELAINE,F,0,3,0,0,0,3,3
MELAK,F,0,0,0,0,0,3,0
MELANI,F,0,0,0,0,0,15,0
MELANIA,F,0,0,0,0,0,70,0
MELAT,F,0,0,0,0,0,17,0
MELCHIZEDEK,M,0,0,3,0,0,17,3
MELDA,F,0,0,0,0,3,9,3
MELEAH,F,0,0,0,0,0,3,0
MELIAH,F,0,0,0,0,0,3,0
MELIH,M,0,0,0,0,0,23,0
MELIHA,F,3,0,0,0,0,16,3
MELIK,M,0,0,0,0,0,3,0
MELISE,F,0,0,0,0,0,3,0
MELLIEHA,F,0,0,0,0,0,6,0
MELLINA,F,0,0,0,0,0,7,0
MELODEE,F,0,0,0,0,0,4,0
MELODI,F,0,0,0,0,0,36,0
MELODY-MAY,F,0,0,0,0,0,7,0
MELODY-ROSE,F,0,0,0,0,0,38,0
MELWIN,M,0,0,0,0,0,3,0
MEMET,M,0,0,0,0,0,15,0
MEMUNA,F,0,3,0,3,0,9,6
MENA,F,0,0,3,0,3,95,6
MENAAL,F,0,0,0,0,0,167,0
MENAHIL,F,0,0,0,0,0,13,0
MENAL,F,0,0,0,0,0,3,0
MENASHE,M,0,0,0,0,0,6,0
MENG,F,0,0,0,0,0,11,0
MENISHA,F,0,0,0,0,3,3,3
MERAB,F,0,0,0,0,0,15,0
MERAJ,M,0,0,0,0,0,13,0
MERAL,F,0,3,0,0,0,27,3
MERAN,M,3,0,0,0,0,14,3
MERCADES,F,0,0,0,0,0,13,0
MERCEDEZ,F,5,0,0,0,0,72,5
MERCEDIE,F,0,3,0,0,0,3,3
MERCIE,F,0,0,0,0,0,9,0
MERDAN,M,0,0,0,0,0,7,0
MERDI,M,0,0,0,0,0,7,0
MEREDITH,M,0,0,3,0,0,3,3
MERI,F,0,0,0,0,0,6,0
MERIDITH,F,0,0,0,0,0,3,0
MERILIN,F,0,0,0,0,0,3,0
MERILYN,F,0,0,0,0,0,3,0
MERIN,F,0,0,0,0,0,29,0
MERIS,F,0,0,0,0,0,6,0
MERITXELL,F,0,0,0,0,0,3,0
MERIYAM,F,0,0,0,0,0,3,0
MERLYN,M,0,0,0,0,0,6,0
MERNA,F,0,0,0,0,0,3,0
MERON,M,0,3,0,0,3,17,6
MERREN,F,0,0,0,0,0,3,0
MERRILEES,F,0,0,0,0,0,7,0
MERRISSA,F,3,0,0,0,0,3,3
MERTCAN,M,0,0,0,0,0,7,0
MERVIN,M,0,0,0,0,0,9,0
MERYAM,F,0,0,0,0,3,31,3
MESHAQ,M,3,0,0,0,0,3,3
MESHILEM,M,0,0,0,0,0,3,0
MESHULEM,M,0,0,0,0,0,3,0
MESK,F,0,0,0,0,0,3,0
MESUM,M,0,0,0,0,0,7,0
META,F,0,0,0,0,0,28,0
METE,M,0,0,0,3,3,57,6
METODI,M,0,0,0,0,0,3,0
METTE,F,0,0,0,0,0,6,0
MEYA,F,0,0,0,0,0,81,0
MEYAH,F,0,0,0,0,0,4,0
MHARI,F,0,0,5,0,0,11,5
MIA-,F,0,0,0,0,0,9,0
MIAA,F,0,0,0,0,0,3,0
MIA-ANN,F,0,0,0,0,0,8,0
MIA-ANNE,F,0,0,0,0,0,3,0
MIABELLA,F,0,0,0,0,0,9,0
MIA-BELLA,F,0,0,0,0,0,20,0
MIA-BROOKE,F,0,0,0,0,0,5,0
MIA-GRACE,F,0,0,0,0,0,186,0
MIAH-ROSE,F,0,0,0,0,0,11,0
MIA-JADE,F,0,0,0,0,0,42,0
MIA-JANE,F,0,0,0,0,0,32,0
MIA-JASMINE,F,0,0,0,0,0,3,0
MIA-JAY,F,0,0,0,0,0,3,0
MIA-JAYNE,F,0,0,0,0,0,25,0
MIA-JO,F,0,0,0,0,0,3,0
MIA-JOAN,F,0,0,0,0,0,3,0
MIA-LEIGH,F,0,0,0,0,0,67,0
MIA-LILY,F,0,0,0,0,0,50,0
MIA-LOUISE,F,0,3,0,3,0,203,6
MIA-MAE,F,0,0,0,0,0,26,0
MIA-MAI,F,0,0,0,0,0,18,0
MIA-MARIE,F,0,0,0,0,0,24,0
MIA-MAY,F,0,0,0,0,0,25,0
MIAN,M,0,3,0,0,3,76,6
MIA-NICOLE,F,0,0,0,0,0,3,0
MIA-PAIGE,F,0,0,0,0,0,6,0
MIAR,F,0,0,0,4,0,7,4
MIA-RENEE,F,0,0,0,0,0,3,0
MIAROSE,F,0,0,0,0,0,3,0
MIA-SKYE,F,0,0,0,0,0,3,0
MIAYA,F,0,0,0,0,4,19,4
MICAEL,M,0,0,0,0,0,3,0
MICAIAH,F,0,0,0,0,0,9,0
MICHAELA-ROSE,F,0,0,0,0,0,3,0
MICHAEL-JAMES,M,0,0,0,0,0,22,0
MICHAEL-JUNIOR,M,0,0,0,0,0,16,0
MICHAEL-LEE,M,0,0,0,0,0,8,0
MICHAI,M,0,0,0,0,0,3,0
MICHALINA,F,0,0,0,0,0,275,0
MICHALIS,M,0,0,3,3,0,12,6
MICHEE,M,0,0,0,0,0,23,0
MICHEL,F,0,0,0,0,0,6,0
MICHELANGELO,M,0,0,0,0,0,8,0
MICHLE,F,0,0,0,0,0,3,0
MICHOEL,M,0,0,0,0,0,3,0
MICIA,F,3,0,0,0,0,3,3
MICIAH,M,0,0,0,0,0,5,0
MICKEL,M,0,0,0,0,3,22,3
MICKELA,F,0,0,0,0,0,5,0
MICKIE,F,3,0,0,0,0,7,3
MICKYLE,M,0,0,0,0,0,3,0
MIDAS,M,0,0,0,0,0,3,0
MIDORI,F,0,0,0,0,0,7,0
MIEKA,F,0,0,0,0,0,9,0
MIEKE,F,0,0,0,3,0,27,3
MIEL,F,0,0,0,0,0,3,0
MIELA,F,0,0,0,0,0,6,0
MIESHA,F,0,0,4,0,0,36,4
MIGEL,M,0,0,0,0,0,3,0
MIGENA,F,0,0,0,0,5,5,5
MIHAEL,M,0,0,0,0,0,3,0
MIHAILO,M,0,0,0,0,0,14,0
MIHAILS,M,0,0,0,0,0,4,0
MIHAJLO,M,0,0,0,0,0,3,0
MIHELI,F,0,0,0,0,0,3,0
MIHIKA,F,0,0,0,0,0,35,0
MIHIN,M,0,0,0,0,0,3,0
MIHNEA,M,0,0,0,0,0,3,0
MIHRAN,M,0,0,0,0,0,69,0
MIIA,F,0,0,0,0,0,30,0
MIJA,F,0,0,0,0,0,57,0
MIKAAL,M,0,0,0,0,0,7,0
MIKAEEL,M,0,0,0,4,0,415,4
MIKA'EEL,M,0,0,0,0,0,4,0
MIKAELLA,F,0,0,0,0,0,6,0
MIKAH,F,0,3,0,0,0,21,3
MIKAH,M,0,0,0,0,0,32,0
MIKAI,M,0,0,0,0,0,3,0
MIKA'IL,M,0,0,0,0,0,70,0
MIKAILA,F,3,0,0,3,0,9,6
MIKAYEEL,M,0,0,0,0,0,50,0
MIKAYLAH,F,0,0,0,0,0,7,0
MIKEAL,M,0,0,0,0,0,6,0
MIKEE,M,0,0,0,0,0,4,0
MIKI,M,0,0,3,0,0,7,3
MIKIE,M,3,0,0,0,0,31,3
MIKKA,F,0,0,0,0,0,10,0
MIKKI,M,0,0,0,0,0,5,0
MIKKO,M,0,0,0,0,0,13,0
MIKO,M,0,0,0,0,0,4,0
MIKOLAJ,M,0,0,0,0,0,897,0
MIKS,M,0,0,0,0,0,15,0
MIKU,F,0,0,0,0,0,6,0
MIKYLA,F,0,0,0,0,0,10,0
MIKYLE,M,0,0,3,0,0,38,3
MILADA,F,0,0,0,0,0,3,0
MILA-GRACE,F,0,0,0,0,0,7,0
MILAGROS,F,0,0,0,0,0,8,0
MILAH,F,0,0,0,0,0,40,0
MILANAS,M,0,0,0,0,0,3,0
MILANI,F,0,0,0,0,0,12,0
MILANIA,F,0,0,0,0,0,48,0
MILA-RAE,F,0,0,0,0,0,17,0
MILA-ROSE,F,0,0,0,0,0,57,0
MILCAH,F,0,0,0,0,0,12,0
MILEIGH,F,0,0,0,0,0,19,0
MILEJA,F,0,0,0,0,0,7,0
MILEN,M,0,0,0,3,0,27,3
MILEY-GRACE,F,0,0,0,0,0,24,0
MILEY-JO,F,0,0,0,0,0,20,0
MILEY-LOUISE,F,0,0,0,0,0,3,0
MILEY-MAE,F,0,0,0,0,0,25,0
MILEY-MAI,F,0,0,0,0,0,10,0
MILEY-MAY,F,0,0,0,0,0,11,0
MILEY-RAE,F,0,0,0,0,0,37,0
MILEY-ROSE,F,0,0,0,0,0,66,0
MILIA,F,0,0,0,0,0,3,0
MILIANA,F,0,0,0,0,0,10,0
MILIKA,F,0,0,0,0,0,7,0
MILIND,M,0,0,0,0,0,3,0
MILITA,F,0,0,0,0,0,39,0
MILKA,F,0,0,0,0,0,11,0
MILLAN,F,0,0,0,0,0,14,0
MILLEE,F,0,0,0,0,0,36,0
MILLEN,M,0,0,0,0,4,95,4
MILLER,F,0,0,0,0,0,25,0
MILLEY,F,0,0,0,0,0,7,0
MILLIA,F,0,0,0,0,3,3,3
MILLIANA,F,0,0,0,0,0,3,0
MILLI-ANN,F,0,0,0,0,0,3,0
MILLIE-,F,0,0,0,0,0,25,0
MILLIE-ANNE,F,0,0,0,0,0,94,0
MILLIE-AVA,F,0,0,0,0,0,3,0
MILLIE-BETH,F,0,0,0,0,0,4,0
MILLIE-GRACE,F,0,0,0,0,0,84,0
MILLIE-JANE,F,0,0,0,0,0,34,0
MILLIE-JAY,F,0,0,0,0,0,3,0
MILLIE-JAYNE,F,0,0,0,0,0,19,0
MILLIE-JO,F,0,0,0,0,0,87,0
MILLIE-KATE,F,0,0,0,0,0,3,0
MILLIE-LEE,F,0,0,0,0,0,3,0
MILLIE-LEIGH,F,0,0,0,0,0,14,0
MILLIE-LOUISE,F,0,0,0,3,0,37,3
MILLIEMAE,F,0,0,0,0,0,6,0
MILLIE-MAI,F,0,0,0,0,0,97,0
MILLIE-MARIE,F,0,0,0,0,0,7,0
MILLIE-RAE,F,0,0,0,0,0,90,0
MILLIE-SUE,F,0,0,0,0,0,3,0
MILLIGAN,F,0,0,0,0,0,4,0
MILLISA,F,0,0,0,0,0,3,0
MILLY-ANN,F,0,0,0,0,0,14,0
MILLY-ANNE,F,0,0,0,0,0,4,0
MILLY-MAE,F,0,0,0,0,0,6,0
MILLY-MARIE,F,0,0,0,0,0,3,0
MILLY-MAY,F,0,0,0,0,0,30,0
MILLY-ROSE,F,0,0,0,0,0,29,0
MILOU,F,0,0,0,0,0,6,0
MIMOSA,F,0,0,0,0,0,3,0
MIN,M,0,0,0,3,0,38,3
MIN,F,0,0,0,0,0,15,0
MINA,M,0,0,0,0,0,4,0
MINAAHIL,F,0,0,0,0,0,8,0
MINAAL,F,0,0,0,0,0,87,0
MINAH,F,0,0,0,0,3,17,3
MINAHAL,F,0,0,0,0,0,4,0
MINAMI,F,0,0,0,0,0,3,0
MINDAUGAS,M,0,0,0,0,0,14,0
MINE,F,0,0,3,0,0,13,3
MINHA,F,0,0,0,0,0,79,0
MINHAJUL,M,0,0,0,0,0,6,0
MINHAL,F,0,0,0,0,0,3,0
MINHAZUL,M,0,0,0,3,0,3,3
MINKA,F,0,0,0,0,0,7,0
MINNAH,F,0,0,0,0,0,60,0
MINNIE-MAE,F,0,0,0,0,0,12,0
MINNIE-RAE,F,0,0,0,0,0,3,0
MINNIE-ROSE,F,0,0,0,0,0,9,0
MINSA,F,0,0,0,0,0,54,0
MINULI,F,0,0,0,0,0,6,0
MIO,F,0,0,3,0,0,31,3
MIO,M,0,0,0,0,0,7,0
MIQDAD,M,0,0,0,0,0,14,0
MIRAB,F,0,0,0,0,0,3,0
MIRABELLE,F,0,0,0,0,0,168,0
MIRAC,M,0,0,0,0,0,39,0
MIRACLE,F,0,0,0,0,0,165,0
MIRAH,F,0,0,0,0,0,9,0
MIRAI,F,0,0,0,0,0,3,0
MIRAL,F,0,0,0,0,0,33,0
MIRAY,F,0,0,0,0,0,57,0
MIRAYA,F,0,0,0,0,0,21,0
MIRAZ,M,0,0,0,0,0,3,0
MIRCEA,M,0,0,0,0,0,3,0
MIREIA,F,0,0,0,0,0,8,0
MIREILLE,F,3,0,0,0,3,9,6
MIRELA,F,0,0,0,3,3,17,6
MIRELLA,F,0,0,0,3,3,96,6
MIREYA,F,0,0,0,0,0,41,0
MIRIAN,F,0,0,0,0,0,3,0
MIRKO,M,0,0,0,0,0,9,0
MIRNA,F,0,0,0,0,0,9,0
MIRON,M,0,0,0,0,0,30,0
MIRWAIS,M,0,0,0,0,0,5,0
MISA,F,0,0,0,0,0,12,0
MISBAAH,F,3,0,0,0,0,3,3
MISBAH,M,0,0,0,0,0,8,0
MISEK,M,0,0,0,0,0,3,0
MISHAL,M,0,0,0,0,0,3,0
MISHAN,M,0,0,0,0,0,3,0
MISHEEL,F,0,0,0,0,0,15,0
MISHEL,F,0,0,0,0,0,35,0
MISHKA,F,0,0,0,0,0,71,0
MISHKAT,F,0,0,0,0,0,3,0
MISKI,F,0,0,0,0,0,62,0
MISSI,F,0,0,0,3,0,33,3
MISSIE,F,0,0,0,0,0,57,0
MISTI,F,0,0,3,0,0,3,3
MISZEL,F,0,0,0,0,0,3,0
MITALI,F,0,0,0,0,0,4,0
MITCHALL,M,0,0,0,0,0,12,0
MITCHELL-LEE,M,0,0,0,0,0,3,0
MITHIL,M,0,0,0,0,0,7,0
MITHRA,F,0,0,0,0,0,12,0
MITHUN,M,0,0,0,0,0,15,0
MITHUSA,F,0,0,0,0,0,3,0
MITHUSH,M,0,0,0,0,0,9,0
MITHUSHA,F,0,0,0,0,0,3,0
MITHUSHAN,M,0,0,0,0,0,3,0
MITKO,M,0,0,0,0,0,3,0
MITRA,F,0,0,0,0,0,9,0
MIU,F,0,0,0,0,0,3,0
MIYAH-ROSE,F,0,0,0,0,0,5,0
MIYANA,F,0,0,0,0,0,3,0
MIYLA,F,0,0,0,0,0,4,0
MIZGIN,F,0,0,0,0,0,3,0
MJ,M,0,0,0,0,0,7,0
M'KAI,M,0,0,0,0,0,3,0
MKENZIE,M,0,0,0,0,0,21,0
MLAK,F,0,0,0,0,0,3,0
MMESOMACHUKWU,F,0,0,0,0,0,8,0
MOAAD,M,0,0,0,0,0,6,0
MOAAZ,M,0,0,0,0,0,3,0
MOAD,M,0,0,0,0,0,7,0
MOANA,F,0,0,0,0,0,3,0
MOAYAD,M,0,0,0,0,0,13,0
MOAZ,M,0,0,0,0,0,3,0
MOAZZAM,M,0,0,0,0,0,4,0
MOBASHER,M,0,0,0,0,0,6,0
MOBEENA,F,0,0,0,0,3,3,3
MOBIN,M,0,0,3,0,0,13,3
MOBINA,F,0,0,0,0,0,3,0
MOBOLAJI,M,0,0,0,0,3,9,3
MODASER,M,0,0,0,0,0,3,0
MODESIRE,F,0,0,0,0,0,4,0
MODESIREOLUWA,F,0,0,0,0,0,3,0
MODUPE,F,0,4,0,0,0,19,4
MOE,F,0,0,0,0,0,4,0
MOEED,M,0,0,0,0,3,10,3
MOEEZ,M,0,0,3,0,0,74,3
MOEZ,M,0,0,0,0,0,3,0
MOFEOLUWA,M,0,0,0,0,0,7,0
MOFIYINFOLUWA,F,0,0,0,0,0,28,0
MOFOPEFOLUWA,M,0,0,0,0,0,3,0
MOHAD,M,0,0,0,0,0,3,0
MOHAK,M,0,0,0,0,0,3,0
MOHAMEDAMIIN,M,0,0,0,0,0,3,0
MOHAMEDAMIN,M,0,0,0,0,0,40,0
MOHAMED-AMIN,M,0,0,0,0,0,19,0
MOHAMMAD-ALI,M,0,0,0,0,0,3,0
MOHAMMAD-AYAAN,M,0,0,0,0,0,6,0
MOHAMMAD-HASSAN,M,0,0,0,0,0,3,0
MOHAMMAD-MUSTAFA,M,0,0,0,0,0,3,0
MOHAMMAD-YUSUF,M,0,0,0,0,0,3,0
MOHAMMED-,M,0,0,0,0,0,5,0
MOHAMMED-ADAM,M,0,0,0,0,0,3,0
MOHAMMEDALI,M,0,0,0,0,0,7,0
MOHAMMED-ALI,M,0,0,0,0,0,18,0
MOHAMMED-ARMAAN,M,0,0,0,0,0,3,0
MOHAMMED-AYAAN,M,0,0,0,0,0,19,0
MOHAMMED-DEEN,M,0,0,0,0,0,6,0
MOHAMMED-FARHAN,M,0,0,0,0,0,3,0
MOHAMMED-HASSAN,M,0,0,0,0,0,3,0
MOHAMMED-IBRAHIM,M,0,0,0,0,0,10,0
MOHAMMED-ISA,M,0,0,0,0,0,8,0
MOHAMMED-MUSA,M,0,0,0,0,0,7,0
MOHAMMED-MUSTAFA,M,0,0,0,0,0,3,0
MOHAMMED-RAYYAN,M,0,0,0,0,0,3,0
MOHAMMED-YUSUF,M,0,0,0,0,0,6,0
MOHAMMED-ZAKARIYA,M,0,0,0,0,0,3,0
MOHAMMMED,M,5,0,0,0,0,5,5
MOHAN,M,0,0,5,0,0,52,5
MOHANAD,M,0,0,0,0,0,26,0
MOHANED,M,0,0,0,0,0,10,0
MOHANNAD,M,0,0,0,0,0,6,0
MOHANNED,M,0,0,0,0,0,4,0
MOHBEEN,M,0,0,0,0,3,3,3
MOHEED,M,3,0,0,0,0,14,3
MOHEEN,M,5,0,0,0,0,5,5
MOHEEZ,M,3,0,0,0,0,6,3
MOHEMA,F,0,0,0,0,3,3,3
MOHHAMED,M,0,0,0,0,3,6,3
MOHIBULLAH,M,0,0,0,0,0,3,0
MOHIUDDIN,M,0,0,0,0,0,3,0
MOHNISH,M,0,0,0,0,0,4,0
MOHOMMED,M,0,0,0,0,0,9,0
MOHSINA,F,0,0,0,0,0,3,0
MOHUMMED,M,3,0,0,3,0,15,6
MOI,M,0,0,0,0,0,6,0
MOINUDDIN,M,0,0,0,4,0,9,4
MOISE,M,0,0,0,0,0,97,0
MOISES,M,0,0,0,0,0,11,0
MOISHY,M,0,0,0,0,0,19,0
MOJOLAOLUWA,F,0,0,0,0,3,12,3
MOJTABA,M,0,0,0,0,0,3,0
MOKSHA,F,0,0,0,0,0,20,0
MOKSHA,M,0,0,0,0,0,3,0
MOLIK,M,0,0,0,0,0,9,0
MOLLEE,F,0,0,0,0,0,3,0
MOLLIE-ANNE,F,0,3,0,3,0,22,6
MOLLIE-LOUISE,F,0,0,0,0,0,3,0
MOLLIE-MAI,F,0,0,0,0,0,35,0
MOLLIE-MAY,F,0,0,5,0,0,62,5
MOLLIE-RAE,F,0,0,0,0,0,7,0
MOLLY-,F,0,0,0,0,0,12,0
MOLLYANN,F,0,0,0,3,3,13,6
MOLLYANNE,F,0,0,0,0,0,7,0
MOLLY-GRACE,F,0,0,0,0,0,7,0
MOLLY-JANE,F,0,0,0,0,0,3,0
MOLLY-LOUISE,F,0,0,0,0,0,13,0
MOLLY-MAI,F,0,0,0,0,0,34,0
MOLLYMAY,F,0,0,0,0,0,3,0
MOLLY-RAE,F,0,0,0,0,0,6,0
MOMAL,F,0,0,0,0,0,3,0
MOMEN,M,0,0,0,0,0,12,0
MOMNA,F,3,0,0,0,0,18,3
MOMNAH,F,0,0,0,0,0,3,0
MOMO,F,0,0,0,0,0,8,0
MOMODOU,M,0,0,0,0,0,55,0
MOMOKA,F,0,0,0,0,0,6,0
MOMOKO,F,0,0,0,0,0,10,0
MOMOREOLUWA,F,0,0,0,0,0,3,0
MONAI,F,0,0,4,0,0,8,4
MONALISA,F,0,0,0,0,0,21,0
MONAY,F,0,0,0,0,0,7,0
MONEEBA,F,3,3,0,0,0,10,6
MONEER,M,0,0,0,0,0,3,0
MONIA,F,0,0,0,0,0,3,0
MONIBA,F,0,0,0,0,0,6,0
MONIFA,F,0,3,0,4,0,7,7
MONIFAH,F,0,4,0,0,0,4,4
MO'NIQUE,F,0,0,0,0,0,3,0
MONISOLA,F,0,0,0,0,0,3,0
MONNAY,F,0,0,0,0,0,6,0
MONTA,F,0,0,0,0,0,3,0
MONTAHA,F,0,0,0,0,0,3,0
MORAD,M,0,0,4,0,0,10,4
MORAYO,F,0,0,0,0,4,51,4
MORAYOOLUWA,F,0,0,0,0,0,10,0
MORDECHI,M,0,0,0,0,0,3,0
MORENA,F,0,0,0,0,0,11,0
MORGAN-,F,0,0,0,0,0,3,0
MORGAN-JAMES,M,0,0,0,0,0,3,0
MORGAN-LEE,M,0,0,0,0,0,13,0
MORGAN-LEE,F,0,0,0,0,0,3,0
MORGHAN,M,0,0,0,0,0,3,0
MORGHAN,F,0,0,0,0,0,3,0
MORIAH,F,0,0,0,0,0,82,0
MORIAM,F,0,0,0,3,3,9,6
MORIOM,F,0,5,0,0,0,11,5
MORIUM,F,0,0,0,0,0,6,0
MORNE,M,0,0,0,0,0,3,0
MOROLAKE,F,0,0,0,0,0,6,0
MORRIE,M,0,0,0,0,0,3,0
MORSAL,F,0,0,0,0,0,30,0
MORTAZA,M,0,0,0,0,0,3,0
MORUS,M,0,0,0,0,0,6,0
MORVERN,F,0,0,0,0,0,3,0
MORVYN,F,0,0,0,0,0,3,0
MOSA,M,0,0,0,0,0,6,0
MOSAMMAD,F,0,0,0,0,0,3,0
MOSAMMAT,F,0,3,0,0,0,3,3
MOSAMMATH,F,0,0,0,0,0,3,0
MOSAN,M,0,0,0,4,0,4,4
MOSHIN,M,0,0,3,0,3,6,6
MOSIAH,M,0,0,0,0,0,10,0
MOSKA,F,0,0,0,0,0,3,0
MOSOPEFOLUWA,M,0,0,0,0,0,6,0
MOSOPEFOLUWA,F,0,0,0,0,0,6,0
MOSSAMMAD,F,0,0,0,0,0,3,0
MOSTYN,M,0,0,0,0,0,33,0
MOTTEL,M,0,0,0,0,0,3,0
MOTTY,M,0,3,0,0,0,39,3
MOUAD,M,0,0,0,0,0,21,0
MOUHAMADOU,M,0,0,0,0,0,7,0
MOUHAMED,M,0,0,0,4,0,41,4
MOUHAMMED,M,3,0,0,0,0,3,3
MOUMIN,M,0,0,0,0,0,3,0
MOUNA,F,0,0,0,3,0,29,3
MOUNIRA,F,0,0,0,0,0,3,0
MOURAD,M,0,3,0,0,0,15,3
MOUSA,M,0,0,0,3,0,33,3
MOUSHUMI,F,0,0,3,0,0,3,3
MOUSTAPHA,M,0,0,0,0,0,9,0
MOYINOLUWA,M,0,0,0,0,0,3,0
MOYNUL,M,0,3,4,0,0,7,7
MOYOSORE,F,0,3,0,0,0,8,3
MOYOSORE,M,0,0,0,0,0,6,0
MOYOSOREOLUWA,M,0,0,0,3,0,9,3
MOZA,F,0,0,0,0,0,3,0
MOZAN,F,0,0,0,0,0,3,0
MOZES,M,0,0,0,0,0,6,0
MUAAD,M,0,0,0,0,0,77,0
MU'AAD,M,0,0,0,0,0,6,0
MUAADH,M,0,0,0,0,0,52,0
MU'AADH,M,0,0,0,0,0,3,0
MUAAWIYAH,M,0,0,0,0,0,3,0
MU'AAZ,M,0,0,0,0,0,6,0
MU'ADH,M,0,0,0,0,0,17,0
MUAMMAR,M,0,0,0,0,0,4,0
MUATH,M,0,0,0,0,0,4,0
MU'AWIYAH,M,0,0,0,0,0,5,0
MUAWWIZ,M,0,0,0,0,0,3,0
MUAYAD,M,0,0,0,0,0,3,0
MUAYYAD,M,0,0,0,0,0,4,0
MUAZZAM,M,0,0,3,0,0,6,3
MUBAARAK,M,0,0,0,0,0,4,0
MUBARAQ,M,0,0,0,0,0,3,0
MUBAREK,M,0,0,0,0,0,6,0
MUBASHAR,M,3,0,0,0,0,17,3
MUBASHER,M,0,0,0,0,0,10,0
MUBASHSHIR,M,0,0,0,0,0,8,0
MUBASHSHIRAH,F,0,0,0,0,0,3,0
MUDASER,M,0,0,0,0,0,6,0
MUDASSIR,M,0,0,0,0,0,29,0
MUDATHIR,M,0,0,0,0,3,6,3
MUDIWA,M,0,0,0,0,0,11,0
MUEED,M,0,0,0,0,0,3,0
MUEEN,M,0,0,0,0,0,3,0
MUEEZ,M,0,0,0,0,0,63,0
MUFADDAL,M,0,0,0,0,0,9,0
MUFARO,F,0,0,0,0,0,25,0
MUFARO,M,0,0,0,0,0,11,0
MUFAROWASHE,M,0,0,0,0,0,3,0
MUHAB,M,0,0,0,0,0,3,0
MUHAMADU,M,0,0,0,0,0,3,0
MUHAMMAD-,M,0,0,0,0,0,12,0
MUHAMMAD-ABDULLAH,M,0,0,0,0,0,3,0
MUHAMMAD-ADAM,M,0,0,0,0,0,7,0
MUHAMMAD-ALI,M,0,0,0,0,0,57,0
MUHAMMAD-AYAAN,M,0,0,0,0,0,22,0
MUHAMMAD-BILAL,M,0,0,0,0,0,3,0
MUHAMMAD-DEEN,M,0,0,0,0,0,3,0
MUHAMMAD-EESA,M,0,0,0,0,0,17,0
MUHAMMAD-HAMZA,M,0,0,0,0,0,3,0
MUHAMMAD-HASHIM,M,0,0,0,0,0,8,0
MUHAMMAD-HASSAN,M,0,0,0,0,0,3,0
MUHAMMAD-HUSSAIN,M,0,0,0,0,0,6,0
MUHAMMAD-IBRAHEEM,M,0,0,0,0,0,4,0
MUHAMMAD-IBRAHIM,M,0,0,0,0,0,43,0
MUHAMMAD-ISA,M,0,0,0,0,0,11,0
MUHAMMAD-ISMAEEL,M,0,0,0,0,0,16,0
MUHAMMAD-ISMAIL,M,0,0,0,0,0,6,0
MUHAMMAD-KAIF,M,0,0,0,0,0,3,0
MUHAMMAD-MUSA,M,0,0,0,0,0,9,0
MUHAMMAD-MUSTAFA,M,0,0,0,0,0,17,0
MUHAMMAD-RAYAN,M,0,0,0,0,0,3,0
MUHAMMAD-RAYYAN,M,0,0,0,0,0,8,0
MUHAMMAD-UMAR,M,0,0,0,0,0,14,0
MUHAMMAD-UZAIR,M,0,0,0,0,0,6,0
MUHAMMAD-YAHYA,M,0,0,0,0,0,18,0
MUHAMMAD-YUSUF,M,0,0,0,0,0,49,0
MUHAMMAD-ZAKARIYA,M,0,0,0,0,0,8,0
MUHAMMAD-ZAYN,M,0,0,0,0,0,3,0
MUHAMMED-ALI,M,0,0,0,0,0,9,0
MUHAMMED-AYAAN,M,0,0,0,0,0,3,0
MUHAMMED-IBRAHIM,M,0,0,0,0,0,3,0
MUHAMMET,M,0,4,0,0,0,40,4
MUHAMMUD,M,0,0,0,0,0,19,0
MUHANAD,M,0,0,0,0,0,50,0
MUHANNAD,M,0,0,0,0,0,40,0
MUHAYMIN,M,0,0,0,0,0,3,0
MUHIBB,M,0,3,0,0,0,3,3
MUHMMAD,M,0,0,0,3,0,61,3
MUHSINA,F,0,3,0,0,0,9,3
MUHSINAH,F,0,0,0,0,0,3,0
MUHTASIM,M,0,0,0,0,3,6,3
MUHUMMAD,M,0,0,0,0,0,9,0
MUHUMMED,M,0,0,0,0,0,12,0
MUID,M,0,0,0,0,0,3,0
MUIZZ,M,0,0,3,0,3,69,6
MUIZZA,F,0,0,0,0,0,3,0
MUJAAHID,M,0,0,0,0,0,3,0
MUJEEB,M,0,3,0,0,0,16,3
MUJIB,M,0,0,0,0,0,3,0
MUJIBUR,M,0,0,0,0,3,3,3
MUKADAS,F,0,0,0,0,0,3,0
MUKHLISAH,F,0,0,0,0,0,3,0
MUKTAR,M,0,5,0,0,0,18,5
MUKTI,F,0,0,0,0,0,5,0
MUKUL,M,0,0,0,0,0,3,0
MUKUND,M,0,0,0,0,0,8,0
MULKI,F,0,0,0,0,0,12,0
MU'MINAH,F,0,3,0,0,0,6,3
MUMTAHINA,F,0,0,0,0,0,3,0
MUMTAS,F,0,0,0,0,0,3,0
MUMTAZ,F,0,0,0,6,0,90,6
MUN,F,0,0,0,0,0,3,0
MUNACHI,M,0,0,0,0,0,12,0
MUNACHI,F,0,0,0,0,0,12,0
MUNACHIMSO,F,0,0,0,0,0,26,0
MUNACHIMSO,M,0,0,0,0,0,12,0
MUNACHISO,F,0,0,0,0,0,13,0
MUNACHISO,M,0,0,0,0,0,6,0
MUNASAR,M,0,0,0,0,0,30,0
MUNASHE,M,0,0,0,0,0,101,0
MUNASHE,F,0,0,0,0,0,17,0
MUNAWAR,M,0,0,0,0,0,7,0
MUNAZZA,F,3,0,0,0,0,6,3
MUNDHIR,M,0,0,0,0,0,9,0
MUNEEF,M,0,0,0,0,0,3,0
MUNEEFA,F,0,0,0,0,0,9,0
MUNEER,M,0,0,0,3,0,13,3
MUNEERA,F,0,0,0,0,0,24,0
MUNEERAH,F,0,0,0,0,0,6,0
MUNEET,F,0,0,0,0,0,3,0
MUNEEZA,F,0,0,0,0,0,3,0
MUNESU,M,0,0,0,0,0,7,0
MUNEZA,F,3,0,0,0,0,3,3
MUNIB,M,0,0,0,0,0,32,0
MUNIIRA,F,0,0,0,0,0,16,0
MUNIRAT,F,0,0,0,0,0,3,0
MUNISA,F,0,0,0,0,0,12,0
MUNISAH,F,0,0,0,0,0,16,0
MUNRAJ,M,3,3,0,0,0,9,6
MUNSIF,M,0,0,0,0,0,4,0
MUNTASIR,M,0,0,0,0,0,27,0
MUNTAZ,F,0,0,0,0,0,9,0
MUNTAZIR,M,0,0,0,0,0,13,0
MUNYARADZI,M,0,0,0,0,0,23,0
MUQADAAS,F,0,0,0,0,0,3,0
MUQEET,M,0,0,0,0,0,3,0
MUQTADIR,M,0,0,0,0,0,3,0
MURAAD,M,3,0,0,0,0,6,3
MURDO,M,0,0,0,3,0,15,3
MURIAM,F,3,0,0,0,0,10,3
MURIUM,F,0,0,0,0,3,3,3
MURRIN,F,0,0,0,0,0,3,0
MURSAL,F,0,0,0,0,0,38,0
MURSAL,M,0,0,0,0,0,3,0
MURSALEEN,M,0,0,0,0,0,3,0
MURSHED,M,5,0,0,0,0,5,5
MURTADHA,M,0,0,0,0,0,9,0
MUSAA,M,0,0,0,0,0,3,0
MUSAAB,M,0,0,0,0,0,32,0
MUSADDIQ,M,0,0,0,0,0,15,0
MUSAH,M,0,0,0,0,0,13,0
MUSAID,M,0,0,0,0,0,3,0
MUSAMMED,F,0,0,0,0,0,17,0
MUSAMMOD,F,0,3,4,0,0,7,7
MUSAMMOTH,F,0,0,3,0,0,3,3
MUSAWER,M,0,0,0,0,0,10,0
MUSAWWIR,M,0,0,0,0,0,8,0
MUSCAB,M,0,0,0,0,0,20,0
MUSE,M,0,0,0,0,0,23,0
MUSEERAH,F,0,0,0,0,0,3,0
MUSFIRAH,F,0,0,0,0,0,16,0
MUSHARRAF,M,0,0,0,0,4,7,4
MUSHTABA,M,0,0,0,0,0,3,0
MUSHTAQ,F,0,0,0,0,0,16,0
MUSHTAQ,M,0,0,0,0,0,3,0
MUSKHAN,F,0,0,0,0,0,12,0
MUSLIM,M,0,0,0,0,0,3,0
MUSLIMA,F,3,0,0,3,0,14,6
MUSLIMAH,F,0,0,0,3,0,14,3
MUSSAB,M,0,0,0,0,0,4,0
MUSSAMAT,F,0,0,0,0,5,11,5
MUSSAMMAD,F,0,0,0,0,0,3,0
MUSSAMMAT,F,0,0,4,0,0,10,4
MUSSAMMED,F,0,0,0,0,0,3,0
MUSSE,M,0,0,0,0,0,3,0
MUSTAFIZUR,M,0,3,0,0,0,3,3
MUSTAKIM,M,0,0,0,0,0,9,0
MUSTANSIR,M,0,0,0,0,0,3,0
MUSTAQEEM,M,0,0,0,0,0,11,0
MUSTAQIM,M,0,0,0,0,0,3,0
MUSTHAFA,M,0,0,0,0,0,3,0
MUSU,F,0,0,0,0,0,3,0
MUTASIM,M,0,0,0,0,0,35,0
MUTMAINNAH,F,0,0,0,0,0,3,0
MUTSA,F,0,0,0,0,0,6,0
MUTSAWASHE,F,0,0,0,0,0,3,0
MUZAINA,F,0,0,0,0,0,3,0
MUZAKIR,M,0,0,0,0,0,3,0
MUZAKKIR,M,3,0,0,0,0,6,3
MUZAMEL,M,0,0,0,0,0,4,0
MUZAMIL,M,0,0,0,0,0,55,0
MUZAMMIL,M,0,0,3,3,0,96,6
MUZNA,F,0,0,0,0,0,8,0
MUZNAH,F,0,0,0,0,0,16,0
MY,F,0,0,0,5,0,31,5
MYA-GRACE,F,0,0,0,0,0,6,0
MYAH-ROSE,F,0,0,0,0,0,8,0
MYA-JANE,F,0,0,0,0,0,3,0
MYA-LEIGH,F,0,0,0,0,0,9,0
MYA-LOUISE,F,0,0,0,0,0,26,0
MYA-MAE,F,0,0,0,0,0,3,0
MYA-MAI,F,0,0,0,0,0,4,0
MYA-MARIE,F,0,0,0,0,0,3,0
MYAN,M,0,0,0,0,0,18,0
MYANNA,F,0,0,0,0,0,15,0
MYAR,F,0,0,0,0,0,6,0
MYA-RAE,F,0,0,0,0,0,6,0
MYA-ROSE,F,0,0,0,0,0,70,0
MYCAH,M,0,0,0,0,0,6,0
MYEESHA,F,0,0,0,0,0,4,0
MYEISHA,F,0,0,0,0,0,19,0
MYER,F,0,0,0,3,3,24,6
MYER,M,0,3,0,0,0,3,3
MYFI,F,0,0,0,0,0,13,0
MYIA,F,0,0,0,5,0,107,5
MYIESHA,F,0,0,0,0,0,74,0
MYKA,F,0,0,0,0,0,37,0
MYKA,M,0,0,0,0,0,15,0
MYKAH,M,0,0,0,0,0,12,0
MYKAL,M,0,0,0,3,0,3,3
MYKEL,M,3,0,0,0,0,3,3
MYKIE,M,0,0,0,0,0,12,0
MYKOLA,M,0,3,0,0,0,3,3
MYLAH,F,0,0,0,0,0,122,0
MYLAH-ROSE,F,0,0,0,0,0,3,0
MYLA-MAE,F,0,0,0,0,0,8,0
MYLA-MAY,F,0,0,0,0,0,4,0
MYLAN,M,0,0,0,0,0,9,0
MYLA-RAE,F,0,0,0,0,0,20,0
MYLA-ROSE,F,0,0,0,0,0,61,0
MYLEA,F,0,0,0,0,0,23,0
MYLEE,F,0,0,0,0,0,331,0
MYLEE-MAE,F,0,0,0,0,0,3,0
MYLEI,F,0,0,0,0,0,4,0
MYLEIGH,F,0,0,0,0,0,69,0
MYLI,F,0,0,0,0,0,8,0
MYLIE,M,0,0,0,0,0,3,0
MYLIE-MAI,F,0,0,0,0,0,3,0
MYLIE-RAE,F,0,0,0,0,0,3,0
MYRAH,F,0,0,3,0,0,79,3
MYRAN,M,0,0,0,0,0,6,0
MYRNA,F,0,0,0,0,0,8,0
MYRTO,F,0,0,0,0,0,3,0
MYTCHEL,M,0,3,0,0,0,3,3
NAADIA,F,0,0,3,3,0,6,6
NAADIR,M,0,0,0,0,0,3,0
NAADIYA,F,0,0,0,4,0,4,4
NAADIYAH,F,0,0,0,0,3,3,3
NAADRAH,F,0,0,0,3,0,3,3
NAAEL,M,0,0,0,0,0,3,0
NAAIL,M,0,0,4,0,0,14,4
NAA'IL,M,0,0,0,0,0,3,0
NAAILA,F,0,3,0,0,0,7,3
NAAILAH,F,0,0,0,4,0,23,4
NAAIRAH,F,0,0,0,0,0,4,0
NAAMA,F,0,0,0,0,0,3,0
NAANA,F,0,0,0,0,0,21,0
NAAVYA,F,0,0,0,0,0,9,0
NAAYAAB,F,0,0,0,0,0,6,0
NAAZISH,F,3,0,0,0,0,3,3
NABAA,F,3,0,0,0,0,6,3
NABEHA,F,0,0,0,0,0,3,0
NABIA,F,0,0,0,3,0,6,3
NABIEL,M,4,0,0,0,0,4,4
NABIIL,M,0,0,0,0,0,20,0
NABIYA,F,0,0,0,0,0,12,0
NACERA,F,0,0,0,0,0,3,0
NACHMAN,M,0,0,0,0,0,16,0
NACHMEN,M,0,0,0,0,0,3,0
NACIMO,F,0,0,0,0,0,3,0
NADAV,M,0,0,0,3,3,29,6
NADEEN,F,0,0,0,0,6,45,6
NADEERA,F,0,0,0,0,0,7,0
NADEJDA,F,0,0,0,0,0,3,0
NADERA,F,0,0,0,3,0,3,3
NADEZHDA,F,0,0,0,0,0,10,0
NADHIA,F,3,0,0,0,0,3,3
NADHIR,M,0,0,0,0,0,3,0
NADIAH,F,3,0,0,0,0,18,3
NADIIR,M,0,0,0,0,0,3,0
NADIMA,F,0,0,0,0,0,5,0
NADIN,F,0,3,0,0,0,3,3
NADISHA,F,0,0,0,0,4,4,4
NADYNE,F,0,0,0,0,0,3,0
NA'EEMAH,F,0,0,0,0,0,3,0
NAEL,M,0,0,0,0,3,65,3
NAEMA,F,0,0,3,0,3,26,6
NAETOCHUKWU,M,0,0,0,0,0,3,0
NAEVIA,F,0,0,0,0,0,32,0
NAFEEZA,F,0,3,0,0,0,3,3
NAFIS,M,0,0,0,0,3,34,3
NAFISHA,F,0,0,0,0,0,9,0
NAFIZA,F,0,0,0,0,0,15,0
NAFTALI,M,0,0,0,0,0,61,0
NAFTOLI,M,0,0,0,0,0,69,0
NAFTULI,M,0,0,0,0,0,35,0
NAGA,M,0,0,0,0,0,3,0
NAGEENA,F,3,0,0,0,0,3,3
NAGLIS,M,0,0,0,0,0,37,0
NAGMA,F,0,4,0,0,0,4,4
NAHAL,F,0,0,0,0,0,16,0
NAHEDA,F,0,0,3,0,0,3,3
NAHEED,M,0,0,0,3,0,3,3
NAHEED,F,0,0,0,0,0,4,0
NAHEEDAH,F,0,0,0,0,0,3,0
NAHEL,M,0,0,0,0,0,3,0
NAHEMA,F,0,0,0,0,4,4,4
NAHI,M,0,0,0,0,0,3,0
NAHIA,F,0,0,0,0,0,19,0
NAHIAN,M,0,0,0,0,0,13,0
NAHID,F,0,0,0,0,0,4,0
NAHIDAH,F,0,0,0,0,0,3,0
NAHIL,M,0,0,0,0,0,3,0
NAHIYA,F,0,0,0,0,0,3,0
NAHIYAN,M,0,0,0,0,0,6,0
NAHLA,F,0,0,0,0,0,210,0
NAHOME,M,0,0,0,0,0,9,0
NAHYAAN,M,0,0,0,0,0,3,0
NAHYAN,M,0,0,0,0,0,14,0
NAIA,F,0,0,0,0,4,159,4
NAIARA,F,0,0,0,0,0,16,0
NAIDA,F,0,0,0,0,0,3,0
NAIF,M,0,0,0,0,0,10,0
NAIHA,F,0,0,0,3,0,6,3
NA'IL,M,0,0,0,0,0,3,0
NA'ILAH,F,0,0,0,0,0,15,0
NA'IMA,F,0,0,0,0,0,8,0
NAIMUL,M,3,0,0,3,0,6,6
NAIMUR,M,0,0,0,0,3,12,3
NAINIKA,F,0,0,0,0,0,6,0
NAINSI,F,0,0,0,0,0,3,0
NAIRA,F,0,0,0,0,0,99,0
NAIRAH,F,3,0,0,0,0,6,3
NAISHA,F,0,0,0,0,0,89,0
NAISHE,F,0,0,0,0,0,3,0
NAITE,M,0,0,0,0,0,6,0
NAITIK,M,0,0,0,0,0,21,0
NAIYA,F,0,0,0,0,0,161,0
NAIYAH,F,0,0,0,0,0,24,0
NAJA,F,0,0,0,3,0,3,3
NAJAF,M,0,0,0,0,0,4,0
NAJAM,M,0,0,0,0,0,8,0
NAJAT,F,0,0,0,0,0,25,0
NAJEEB,M,0,0,0,3,0,25,3
NAJEEM,M,0,0,3,0,0,3,3
NAJI,M,0,0,0,0,0,6,0
NAJIA,F,0,0,0,0,0,26,0
NAJIAH,F,0,0,0,0,0,3,0
NAJIBA,F,0,0,4,0,0,10,4
NAJIBAH,F,0,0,0,3,0,20,3
NAJIFA,F,0,0,0,0,0,6,0
NAJIIB,M,3,0,0,0,0,9,3
NAJIM,M,0,0,0,0,0,11,0
NAJLA,F,3,0,0,0,0,47,3
NAJMAH,F,0,0,0,0,5,12,5
NAJMIN,F,0,0,0,0,0,3,0
NAJMO,F,0,0,0,0,0,6,0
NAJMUL,M,3,0,0,3,0,6,6
NAKAI,F,0,0,0,0,0,16,0
NAKAI,M,0,0,0,0,0,15,0
NAKASH,M,3,0,0,0,0,3,3
NAKEISHA,F,0,0,0,0,0,13,0
NAKIA,F,4,0,0,0,0,10,4
NAKIYAH,F,0,0,0,0,0,3,0
NAKSH,M,0,0,0,0,0,47,0
NAKSHATRA,F,0,0,0,0,0,9,0
NAKUL,M,0,0,3,3,0,12,6
NALAH,F,0,0,0,0,0,3,0
NALA-MAE,F,0,0,0,0,0,3,0
NALANI,F,0,0,0,0,0,38,0
NALEDI,F,0,0,0,0,0,33,0
NALI,M,0,0,0,0,0,58,0
NALIN,M,0,0,0,0,0,3,0
NALIN,F,0,0,0,0,0,3,0
NALINI,F,0,0,0,0,0,9,0
NALISHA,F,0,0,3,0,0,3,3
NALY,M,0,0,0,0,0,13,0
NAMAAN,M,0,0,3,0,0,6,3
NAMAN,M,3,0,0,3,0,70,6
NAMEER,M,0,0,0,0,0,12,0
NAMEERA,F,0,0,0,0,0,7,0
NAMIR,M,0,0,0,0,0,3,0
NAMIRAH,F,0,0,0,0,0,10,0
NAMISH,M,0,0,0,0,0,12,0
NAMIT,M,0,0,0,0,0,3,0
NAMITA,F,0,0,0,0,0,6,0
NAMO,M,0,0,0,0,0,6,0
NAMRAH,F,0,0,0,3,0,13,3
NAMRITA,F,0,0,0,0,0,4,0
NANAK,M,3,0,0,0,0,3,3
NANAKI,F,0,0,0,0,0,7,0
NANAKO,F,0,0,0,0,3,3,3
NANAMI,F,0,3,0,0,0,6,3
NANA-YAA,F,0,0,0,0,0,3,0
NANCEE,F,0,0,0,0,0,3,0
NANCEY,F,0,0,0,0,0,3,0
NANCI,F,0,0,0,0,0,44,0
NANCY-JANE,F,0,0,0,0,0,3,0
NANCY-LEE,F,0,0,0,0,0,3,0
NANCY-LEIGH,F,0,0,0,0,0,4,0
NANCY-MAE,F,0,0,0,0,0,3,0
NANCY-MAY,F,0,0,0,0,0,19,0
NANCY-RAE,F,0,0,0,0,0,5,0
NANCY-ROSE,F,0,0,0,0,0,21,0
NANDAN,M,0,0,0,0,0,6,0
NANDANA,F,0,0,0,0,0,8,0
NANDIKA,F,0,0,0,0,0,18,0
NANDIN,F,0,0,0,0,0,3,0
NANDITA,F,0,0,0,0,0,15,0
NANETTE,F,5,0,0,0,0,12,5
NANKI,F,0,0,0,0,0,4,0
NANNETTE,F,0,0,0,0,0,3,0
NANSI,F,0,0,0,0,4,131,4
NANW,F,0,0,0,0,0,28,0
NAO,F,0,0,0,0,0,3,0
NAOD,M,0,0,0,0,0,43,0
NAOKI,M,0,0,0,0,0,9,0
NAOME,F,0,0,0,0,0,3,0
NAOMI-ROSE,F,0,0,0,0,0,6,0
NAPHTALI,M,0,0,0,0,0,17,0
NAQIB,M,0,0,0,3,0,6,3
NAQQASH,M,0,0,0,0,3,3,3
NAQUAN,M,0,0,3,0,0,3,3
NARAIN,M,0,0,0,3,0,6,3
NARAYA,F,0,0,0,0,0,3,0
NARCIS,M,0,0,0,0,0,22,0
NARCISSE,M,0,0,0,0,0,3,0
NARDOS,F,0,0,0,0,0,11,0
NARELLE,F,0,4,0,0,0,4,4
NAREN,M,0,0,0,0,0,10,0
NARESH,M,0,3,3,0,0,6,6
NARGAS,F,3,0,0,0,0,3,3
NARIAH,F,0,0,0,0,0,35,0
NARIN,F,0,0,0,0,0,86,0
NARINDER,F,0,0,0,0,0,3,0
NARIYAH,F,0,0,0,0,0,22,0
NARJES,F,0,0,0,0,0,7,0
NARJIS,F,0,0,0,0,0,23,0
NARMEEN,F,0,0,0,3,0,21,3
NARMIN,F,0,0,0,0,0,15,0
NARYAN,M,0,0,0,0,0,37,0
NASEEBA,F,4,0,0,0,0,4,4
NASEEHA,F,0,0,0,0,0,3,0
NASEEHAH,F,0,0,0,0,0,3,0
NASEER,M,0,0,5,0,0,21,5
NASEERAH,F,3,0,0,3,0,6,6
NASER,M,0,0,0,0,0,13,0
NASHAD,F,0,0,0,0,0,3,0
NASHARN,M,0,0,0,0,0,3,0
NASHAUN,M,0,0,0,0,0,12,0
NASHAWN,M,0,0,0,0,0,13,0
NASHE,M,0,0,0,0,0,10,0
NASHITA,F,0,0,0,0,0,19,0
NASHRA,F,3,0,0,0,0,3,3
NASHWA,F,0,4,0,0,0,13,4
NASHWAN,M,0,0,0,0,0,7,0
NASIA,F,0,0,0,0,0,6,0
NASIF,M,3,0,0,0,0,39,3
NASIFAH,F,0,0,0,0,0,3,0
NASIHA,F,0,0,0,0,0,27,0
NASIRA,F,0,4,3,0,0,7,7
NASMA,F,0,0,0,0,0,14,0
NASR,M,0,0,0,0,0,9,0
NASRIYA,F,0,0,0,0,0,3,0
NASRUDIN,M,0,0,0,0,0,3,0
NASSEM,M,0,0,3,0,0,3,3
NASSIR,M,0,0,3,3,0,36,6
NASSOR,M,0,0,0,0,0,6,0
NASTAHO,F,0,0,0,0,0,3,0
NASTAZJA,F,0,0,0,0,0,3,0
NASTEHA,F,0,0,0,0,0,31,0
NASTEHO,F,0,0,0,0,3,13,3
NASYA,F,0,0,0,0,3,7,3
NAT,M,0,0,0,0,0,6,0
NATAHLIA,F,0,0,0,0,0,12,0
NATALEE,F,0,0,3,3,0,14,6
NATALI,F,0,0,0,0,0,17,0
NATALIAH,F,0,0,0,0,0,6,0
NATALIJA,F,3,3,0,0,0,24,6
NATALINA,F,0,0,0,0,0,6,0
NATALKA,F,0,0,4,0,0,4,4
NATALLIA,F,0,0,0,0,0,7,0
NATANAEL,M,0,0,0,0,0,31,0
NATANEL,M,0,0,0,0,0,3,0
NATANIA,F,0,0,0,0,0,48,0
NATANIEL,M,0,0,0,0,0,312,0
NATANYA,F,0,3,0,0,0,14,3
NATAS,M,0,0,0,0,0,24,0
NATASA,F,0,0,0,0,0,8,0
NATASHAH,F,0,0,0,0,0,4,0
NATASZA,F,0,0,0,0,0,104,0
NATAYAH,F,0,0,0,0,0,3,0
NATE,F,0,3,0,0,0,3,3
NATHALY,F,0,0,0,0,0,3,0
NATHANEAL,M,0,0,3,3,0,31,6
NATHANEL,M,0,0,0,0,0,6,0
NATHAN-LEE,M,0,0,0,0,0,10,0
NATHANUAL,M,0,0,3,0,0,3,3
NATHASHA,F,0,0,0,0,0,7,0
NATHNAEL,M,0,0,0,0,0,6,0
NATNAEL,M,0,0,0,0,4,60,4
NAUFAL,M,0,0,0,0,0,5,0
NAUMAAN,M,0,0,0,0,0,3,0
NAURIS,M,0,0,0,0,0,6,0
NAVA,F,0,0,0,0,0,9,0
NAVAEH,F,0,0,0,0,0,28,0
NAVARRO,M,0,0,0,0,0,3,0
NAVAYA,F,0,0,0,0,0,6,0
NAVAYAH,F,0,0,0,0,0,16,0
NAVEAH,F,0,0,0,0,0,9,0
NAVED,M,0,0,0,0,3,3,3
NAVEEN,F,3,0,0,0,3,45,6
NAVENA,F,0,0,0,0,0,3,0
NAVINA,F,0,0,4,0,0,8,4
NAVINDER,M,3,0,0,0,0,3,3
NAVINDER,F,0,0,0,0,3,3,3
NAVKIRAT,F,0,0,0,0,0,3,0
NAVLEEN,F,0,0,0,0,0,33,0
NAVNEET,M,0,0,0,0,0,12,0
NAVPREET,M,0,3,0,0,0,3,3
NAVREET,F,0,0,0,0,0,28,0
NAVROOP,M,0,0,0,0,0,4,0
NAVTEJ,M,0,0,0,0,0,3,0
NAVYA,F,0,0,0,0,0,135,0
NAWA,F,0,0,0,0,0,3,0
NAWAB,M,0,0,0,0,0,3,0
NAWAF,M,0,0,0,0,0,29,0
NAWAR,F,0,0,0,0,0,4,0
NAWEED,M,0,0,0,0,0,9,0
NAWEL,F,0,0,0,0,0,4,0
NAWFAL,M,0,0,0,0,0,21,0
NAWID,M,0,0,0,0,0,6,0
NAYAH,F,0,0,0,0,0,41,0
NAYEB,M,0,0,0,0,0,3,0
NAYEEMUL,M,0,0,0,0,0,6,0
NAYEF,M,0,0,0,0,0,3,0
NAYEL,M,0,0,0,0,0,23,0
NAYELI,F,0,0,0,0,0,23,0
NAYEM,M,3,0,3,0,0,12,6
NAYEMA,F,0,0,0,0,3,7,3
NAYEN,M,0,0,0,0,0,8,0
NAYHA,F,0,0,0,4,0,13,4
NAYIA,F,0,0,0,0,0,3,0
NAYLAA,F,0,0,0,0,0,5,0
NAYLAH,F,0,0,0,0,0,25,0
NAYLAN,M,0,0,0,0,0,3,0
NAYLEN,M,0,0,0,0,0,3,0
NAYLOR,M,0,0,0,0,0,6,0
NAYM,M,3,0,0,0,0,3,3
NAYMA,F,0,0,0,0,0,6,0
NAYNA,F,0,0,0,0,0,3,0
NAYOMI,F,0,0,0,0,0,14,0
NAYRA,F,0,0,0,0,0,15,0
NAYSA,F,0,0,0,0,0,24,0
NAYSHA,F,0,0,0,0,0,8,0
NAYSHARN,M,0,0,0,0,0,6,0
NAYTE,M,0,0,0,0,0,7,0
NAYYAB,F,0,0,0,3,0,22,3
NAZ,F,0,0,0,0,0,116,0
NAZAHA,F,0,0,0,0,0,3,0
NAZANEEN,F,0,0,0,0,0,7,0
NAZANIN,F,0,0,0,0,0,15,0
NAZARENE,F,0,0,0,0,0,3,0
NAZARIY,M,0,0,0,0,0,3,0
NAZEEFA,F,0,0,0,0,0,3,0
NAZEEFAH,F,0,0,0,0,0,4,0
NAZEEHA,F,0,0,0,0,0,18,0
NAZEERA,F,0,0,0,0,0,3,0
NAZEERAH,F,0,0,0,3,0,3,3
NAZIAH,M,0,0,0,0,0,5,0
NAZIFAH,F,0,0,0,0,0,3,0
NAZIHA,F,0,0,0,0,3,20,3
NAZIMA,F,4,0,0,0,0,7,4
NAZIRAH,F,0,0,3,0,0,13,3
NAZLICAN,F,0,0,0,0,0,10,0
NAZMINA,F,0,3,0,0,0,3,3
NAZMIYE,F,3,0,0,0,0,3,3
NDEY,F,0,0,0,0,3,32,3
NEBI,M,0,0,0,0,0,4,0
NECATI,M,0,0,0,0,0,4,0
NECO,M,0,0,0,0,0,9,0
NECTARIA,F,0,0,0,0,0,14,0
NECTARIE,M,0,0,0,0,0,3,0
NEDAL,M,0,0,0,0,0,3,0
NEDAS,M,0,0,0,0,0,69,0
NEDW,M,0,0,0,0,0,3,0
NEEHA,F,0,0,0,0,0,6,0
NEEKA,F,0,0,0,0,0,3,0
NEEKO,M,0,0,0,0,0,29,0
NEELUM,F,0,3,3,0,0,6,6
NEEMAH,F,0,0,0,0,0,3,0
NEERAV,M,0,0,0,0,0,3,0
NEESA,F,0,0,0,0,0,3,0
NEESON,M,0,0,0,0,0,10,0
NEETI,F,0,0,0,0,0,3,0
NEETU,F,3,0,0,0,0,3,3
NEEV,M,0,0,0,0,0,101,0
NEEV,F,0,0,0,0,0,30,0
NEEVAH,F,0,0,0,0,0,3,0
NEEYA,F,0,0,0,0,0,6,0
NEFELI,F,0,0,0,0,0,59,0
NEFERTARI,F,0,0,0,0,0,16,0
NEFERTITI,F,0,0,0,0,0,3,0
NEGAH,F,0,0,0,0,0,3,0
NEGAR,F,0,0,0,0,0,4,0
NEGIN,F,0,3,0,0,0,9,3
NEHAAN,M,0,0,0,0,0,3,0
NEHAL,M,0,4,0,0,0,17,4
NEHAL,F,0,0,0,0,0,36,0
NEHAN,M,0,0,0,0,0,81,0
NEHARA,F,0,0,0,0,0,3,0
NEHEMIAH,F,0,0,0,0,0,9,0
NEHMIA,M,0,0,0,0,0,3,0
NEIKO,M,0,0,0,0,0,9,0
NEILAN,M,0,0,0,0,0,3,0
NEILESH,M,3,0,0,0,0,3,3
NEILL,M,0,0,0,0,0,3,0
NEIMA,F,0,0,0,0,0,3,0
NEIRIN,M,0,0,0,0,0,18,0
NEITANAS,M,0,0,0,0,0,4,0
NEITAS,M,0,0,0,0,0,12,0
NEITONAS,M,0,0,0,0,0,4,0
NEKITA,F,0,0,0,0,0,3,0
NEKO,M,0,0,0,0,0,3,0
NELIA,F,0,0,0,0,0,7,0
NELLA,F,0,0,0,0,0,169,0
NELLIE-MAE,F,0,0,0,0,0,7,0
NELLIE-RAE,F,0,0,0,0,0,9,0
NELLIE-ROSE,F,0,0,0,0,0,10,0
NELLY,M,0,0,0,0,0,10,0
NELLY-RAE,F,0,0,0,0,0,3,0
NELLY-ROSE,F,0,0,0,0,0,3,0
NEMA,F,0,0,0,0,0,3,0
NEMANJA,M,0,0,0,0,0,8,0
NEMI,F,0,0,0,0,0,3,0
NEMUEL,M,0,0,0,0,0,3,0
NENA,F,0,3,0,0,3,18,6
NENE,F,0,0,0,0,0,11,0
NENYASHA,F,0,0,0,0,0,3,0
NEO,F,0,0,0,0,0,7,0
NEOLA,F,0,0,0,0,0,9,0
NEONA,F,0,0,0,0,0,3,0
NEPHELE,F,0,0,0,0,0,7,0
NEPHTALIE,F,0,0,0,3,0,3,3
NERAYA,F,0,0,0,0,0,3,0
NEREA,F,0,0,0,0,0,29,0
NERGIZ,F,0,0,0,0,0,6,0
NERIA,F,0,0,0,0,0,3,0
NERIAH,M,0,0,0,0,0,10,0
NERILE,F,0,0,0,0,0,3,0
NERINE,F,0,0,0,0,0,3,0
NERISSE,F,0,0,0,0,5,5,5
NERIYA,F,0,0,0,0,0,3,0
NERIYAH,F,0,0,0,0,0,9,0
NERMIN,F,0,0,0,0,0,3,0
NESE,F,0,0,0,0,0,3,0
NESIA,F,0,0,0,0,0,4,0
NESIAH,F,0,0,0,0,0,5,0
NESLIHAN,F,0,0,0,0,0,3,0
NESMA,F,0,0,0,0,0,3,0
NESREEN,F,0,0,0,0,0,3,0
NESRIN,F,0,0,0,0,0,11,0
NESRINE,F,0,0,3,0,0,17,3
NETANEL,M,0,0,0,0,0,18,0
NETANYA,F,0,0,0,0,0,6,0
NETHAN,M,0,0,0,0,3,6,3
NETHRA,F,0,0,0,0,0,19,0
NETRA,F,0,0,0,0,0,8,0
NETTA,F,0,3,0,0,0,9,3
NEVAAN,M,0,0,0,0,0,11,0
NEVAEH,F,0,0,0,0,0,3639,0
NEVAEH,M,0,0,0,0,0,8,0
NEVAEHA,F,0,0,0,0,0,15,0
NEVAEH-FAITH,F,0,0,0,0,0,3,0
NEVAEH-GRACE,F,0,0,0,0,0,21,0
NEVAEH-HOPE,F,0,0,0,0,0,3,0
NEVAEH-LEIGH,F,0,0,0,0,0,7,0
NEVAEH-MAE,F,0,0,0,0,0,16,0
NEVAEH-MAI,F,0,0,0,0,0,22,0
NEVAEH-MARIE,F,0,0,0,0,0,11,0
NEVAEH-RAE,F,0,0,0,0,0,16,0
NEVAEH-ROSE,F,0,0,0,0,0,64,0
NEVAEH-SKYE,F,0,0,0,0,0,6,0
NEVAYA,F,0,0,0,0,0,43,0
NEVAYAH,F,0,0,0,0,0,14,0
NEVEAH,F,0,0,0,0,0,131,0
NEVEN,M,0,0,0,0,0,9,0
NEVEYAH,F,0,0,0,0,0,7,0
NEVIAH,F,0,0,0,0,0,3,0
NEVIE,F,0,0,0,0,0,14,0
NEVIN,F,0,0,0,0,0,3,0
NEVYN,M,0,0,0,0,0,3,0
NEYA,F,0,0,0,3,0,43,3
NEYAH,F,0,0,0,0,0,6,0
NEYHA,F,0,0,0,0,0,3,0
NEYLA,F,0,0,0,0,0,4,0
NEYLAN,M,0,0,0,0,0,3,0
NE-YO,M,0,0,0,0,0,3,0
NEYSA,F,0,0,0,0,0,3,0
NGOC,F,0,3,0,0,3,22,6
NGOZI,F,0,0,0,0,3,30,3
NGOZICHUKWU,F,0,0,0,0,0,6,0
NGUYEN,M,0,0,0,0,0,9,0
NHI,F,0,3,3,0,0,34,6
NHYIRA,F,0,0,0,0,0,20,0
NIAH,M,0,0,0,0,0,15,0
NIALAH,F,0,0,0,0,0,3,0
NIALLE,M,0,0,0,0,0,3,0
NIAMAH,F,0,0,0,0,0,3,0
NIA-MAI,F,0,0,0,0,0,4,0
NIARA,F,0,0,0,0,0,21,0
NIAV,F,0,0,0,0,0,21,0
NIAYA,F,0,0,0,0,0,3,0
NIBODH,M,0,0,0,0,0,3,0
NIBRAS,M,0,0,0,0,0,6,0
NICCI,F,0,0,0,4,0,4,4
NICCO,M,0,0,0,0,0,5,0
NICHA,F,0,0,0,0,0,7,0
NICHELLE,F,0,0,0,0,0,4,0
NICHOLAI,M,0,0,0,0,0,6,0
NICKEISHA,F,0,0,0,0,0,3,0
NICKLAS,M,0,0,0,0,0,3,0
NICKO,M,0,0,0,0,0,4,0
NICKOY,M,0,0,0,0,0,3,0
NICKSON,M,0,0,0,0,3,3,3
NICLAS,M,0,0,0,3,0,6,3
NICODEM,M,0,0,0,0,0,14,0
NICODEMUS,M,0,0,0,0,0,3,0
NICOLA,M,3,0,0,0,0,26,3
NICOLAAS,M,0,0,0,0,0,8,0
NICOLETA,F,0,0,0,0,0,26,0
NICOLINA,F,0,4,3,0,0,7,7
NICOLO,M,3,0,0,0,0,86,3
NICOY,M,0,0,0,0,0,3,0
NIDAA,F,0,0,0,3,0,12,3
NIDHA,F,0,3,0,0,0,6,3
NIEL,M,0,0,0,0,0,3,0
NIEMA,F,0,0,0,0,0,3,0
NIFEMI,F,0,0,0,0,0,4,0
NIHA,F,0,0,0,0,3,26,3
NIHAAL,M,0,0,0,0,0,96,0
NIHAAL,F,0,0,0,0,0,6,0
NIHAD,M,0,0,0,0,0,10,0
NIHAD,F,0,0,0,0,0,9,0
NIHAL,F,0,0,3,0,3,64,6
NIHAN,M,0,0,0,0,0,3,0
NIHAR,M,0,0,0,0,0,3,0
NIHARIKA,F,0,0,0,0,0,43,0
NIK,M,5,0,0,0,0,32,5
NIK,F,0,5,0,0,0,8,5
NIKA,F,0,0,0,4,0,160,4
NIKAN,M,0,0,0,0,0,7,0
NIKAS,M,0,0,0,0,0,11,0
NIKASH,M,0,0,0,0,0,10,0
NIKAYA,F,0,0,0,0,0,3,0
NIKAYLA,F,0,0,0,0,0,4,0
NIKEISHA,F,3,0,0,0,0,17,3
NIKESHA,F,0,0,0,0,0,3,0
NIKET,M,0,3,0,0,0,3,3
NIKI,M,4,3,0,0,0,7,7
NIKIL,M,0,0,0,0,0,10,0
NIKINI,F,0,0,0,0,0,4,0
NIKITAS,M,0,0,0,0,0,3,0
NIKITHA,F,0,0,0,0,0,22,0
NIKIYA,F,0,0,0,0,0,3,0
NIKKALA,F,0,0,0,0,0,5,0
NIKKO,M,0,0,0,0,0,11,0
NIKO,F,0,0,0,0,0,9,0
NIKOL,F,0,0,0,0,0,142,0
NIKOLAJ,M,0,0,0,0,0,9,0
NIKOLASS,M,0,0,0,0,0,4,0
NIKOLAY,M,0,0,0,0,0,54,0
NIKOLETA,F,0,0,0,0,0,5,0
NIKOLETT,F,0,0,0,0,0,6,0
NIKOLETTA,F,0,0,0,0,0,10,0
NIKOLOZ,M,0,0,0,0,0,6,0
NIKOU,F,0,3,0,0,0,3,3
NIKS,M,0,0,0,0,0,17,0
NIKUNJ,M,3,0,0,0,0,9,3
NILAN,M,0,0,0,0,0,3,0
NILANI,F,0,3,0,0,0,3,3
NILAY,F,0,0,0,0,0,7,0
NILE,F,0,0,0,0,0,3,0
NILEEMA,F,4,0,0,0,0,4,4
NILOFAR,F,0,0,0,0,0,4,0
NILOOFAR,F,0,0,0,0,0,3,0
NILSU,F,0,0,0,0,0,3,0
NILUFAR,F,0,0,0,0,0,3,0
NILUFER,F,0,0,0,0,0,3,0
NIMAO,F,0,0,0,0,0,3,0
NIMAT,F,0,0,3,0,3,9,6
NIMRAT,F,0,0,0,0,0,50,0
NIMRATA,F,0,0,0,0,0,3,0
NIMRIT,F,0,0,0,0,0,30,0
NIMRITA,F,0,0,0,0,0,17,0
NIMUE,F,0,0,0,0,0,6,0
NINIOLA,F,0,0,0,0,0,3,0
NINO,F,0,0,0,0,0,11,0
NIOBE,F,0,0,0,0,0,11,0
NIOMIE,F,3,0,0,0,0,3,3
NIR,M,0,0,0,0,0,3,0
NIRA,F,0,0,0,0,0,3,0
NIRAH,F,0,0,0,0,3,3,3
NIRAL,M,0,0,0,4,0,4,4
NIRAN,M,0,5,0,0,0,20,5
NIRANJAN,M,0,0,0,0,0,3,0
NIRBHAY,M,0,0,0,0,0,3,0
NIREL,F,0,0,0,0,0,3,0
NIRMA,F,0,0,0,0,0,3,0
NIRMAL,M,0,0,0,0,3,3,3
NIRMIT,M,0,0,0,0,0,3,0
NIROSHAN,M,0,0,0,3,0,7,3
NIRUJA,F,0,0,0,0,0,6,0
NIRUJAN,M,0,0,0,0,3,7,3
NIRUSHAN,M,0,0,0,0,0,3,0
NIRVAAN,M,0,0,0,0,0,21,0
NIRVAIR,M,0,0,0,0,0,19,0
NIRVAIR,F,0,0,0,0,0,4,0
NIRVAN,M,0,0,0,0,0,30,0
NIRVI,F,0,0,0,0,0,7,0
NISANUR,F,0,0,0,0,0,23,0
NISAR,M,0,0,0,0,0,3,0
NISARG,M,0,0,0,0,0,3,0
NISCHAL,M,0,0,0,0,0,7,0
NISHAAN,M,3,0,0,0,0,93,3
NISHAAT,F,0,0,0,0,3,3,3
NISHAD,M,0,0,0,0,0,3,0
NISHAL,M,0,5,0,0,0,8,5
NISHATH,F,0,3,0,0,0,18,3
NISHCHAL,M,0,0,0,0,0,3,0
NISHIKA,F,0,0,0,0,0,42,0
NISHTA,F,0,0,3,0,0,10,3
NISHTHA,F,0,0,0,0,0,27,0
NISREEN,F,0,0,0,0,0,12,0
NISSI,F,0,0,0,0,0,87,0
NITAI,M,0,0,0,0,0,6,0
NITASHA,F,0,0,0,3,3,30,6
NITHARSAN,M,0,0,0,0,0,3,0
NITHARSHAN,M,0,0,0,0,0,3,0
NITHILA,F,0,0,0,0,0,13,0
NITHIN,M,0,0,0,0,0,36,0
NITHISH,M,0,0,0,0,0,6,0
NITHUSH,M,0,0,0,0,0,5,0
NITHUSHA,F,0,0,0,0,0,4,0
NITHUSHAN,M,0,0,0,0,0,4,0
NITHYA,F,0,0,0,0,0,6,0
NITI,F,0,0,0,0,0,3,0
NITIKA,F,0,0,0,0,0,6,0
NITYA,F,0,0,0,0,0,51,0
NITYA,M,0,0,0,0,0,4,0
NIUSHA,F,0,0,0,0,0,3,0
NIV,M,0,0,0,0,0,3,0
NIVA,F,4,0,0,0,0,34,4
NIVAAN,M,0,0,0,0,0,27,0
NIVAN,M,0,0,0,0,0,4,0
NIVEA,F,0,0,0,0,0,3,0
NIVEDHA,F,0,0,0,0,0,3,0
NIVEN,M,0,0,0,3,3,33,6
NIVETHA,F,0,0,0,0,0,3,0
NIYA,F,0,0,0,0,0,213,0
NIYAH,F,0,0,0,0,3,246,3
NIYAH,M,0,0,0,0,0,6,0
NIYAM,M,0,0,0,0,0,60,0
NIYAN,M,0,0,0,0,0,3,0
NIYAT,F,0,0,0,0,0,6,0
NIYATI,F,0,0,0,0,0,58,0
NIYEMA,F,0,0,0,0,0,3,0
NIYLA,F,0,0,0,0,0,14,0
NIYLAH,F,0,0,0,0,0,9,0
NIZAM,M,0,0,0,3,0,6,3
NIZAMUDDIN,M,4,0,0,0,0,4,4
NIZAMUL,M,0,0,0,3,0,3,3
NIZAR,M,0,0,0,0,5,31,5
NJ,M,0,0,0,0,0,3,0
NJERI,F,0,3,0,0,0,3,3
NKECHI,F,0,0,0,0,0,28,0
NKEMDILIM,F,0,0,0,0,0,4,0
NKOSI,M,0,0,0,0,0,3,0
NMA,F,0,0,0,0,0,20,0
NNAEMEKA,M,0,0,3,3,0,24,6
NNANNA,M,0,0,0,0,0,3,0
NNEOMA,F,0,0,0,0,0,30,0
NOAH,F,0,0,0,0,0,9,0
NOAH-JACK,M,0,0,0,0,0,3,0
NOAH-JAMES,M,0,0,0,0,0,59,0
NOAH-JAY,M,0,0,0,0,0,6,0
NOAH-JOHN,M,0,0,0,0,0,3,0
NOAH-LEE,M,0,0,0,0,0,3,0
NOAM,F,0,0,3,0,0,3,3
NOAMAN,M,0,0,0,0,0,4,0
NOAMI,F,0,0,0,0,0,3,0
NOAR,M,0,0,0,0,0,16,0
NOBEL,F,0,0,0,0,0,4,0
NOE,M,0,0,0,0,0,69,0
NOELA,F,0,0,0,0,0,12,0
NOELANI,F,0,0,0,0,0,8,0
NOELIA,F,0,0,0,0,0,54,0
NOELLE,F,0,0,0,0,3,133,3
NOH,M,0,0,0,0,0,8,0
NOHA,F,0,3,0,0,0,48,3
NOHA,M,0,0,0,0,0,4,0
NOJUS,M,0,0,0,0,0,392,0
NOL,M,0,0,0,0,0,3,0
NOLAH,F,0,0,0,0,0,15,0
NOLAWI,M,0,0,0,0,0,4,0
NOLWENN,F,0,0,0,0,0,3,0
NOMIN,F,0,0,0,0,0,8,0
NOMSA,F,0,0,0,0,0,3,0
NONA,F,0,0,0,0,0,10,0
NOOH,M,0,0,0,0,0,37,0
NOOMI,F,0,0,0,0,0,7,0
NOORAH,F,0,0,0,0,0,12,0
NOOR-AL-AIN,F,0,0,0,0,0,3,0
NOORAN,F,0,0,0,0,3,6,3
NOOR-FATIMA,F,0,0,0,0,0,28,0
NOORIA,F,0,0,0,0,0,17,0
NOORIYA,F,0,0,0,0,0,6,0
NOORIYAH,F,0,0,0,0,0,4,0
NOORJAHAN,F,0,0,0,4,0,19,4
NOORUL,M,0,0,0,0,0,3,0
NOORULAIN,F,0,0,0,0,0,19,0
NOOR-UL-AIN,F,0,0,0,3,0,58,3
NOOR-UL-HUDA,F,0,0,0,0,0,7,0
NOR,F,0,0,0,0,0,6,0
NORAIZ,M,0,0,0,0,0,4,0
NORI,F,0,0,0,0,0,6,0
NORIK,M,0,0,0,0,0,10,0
NORINA,F,0,0,0,0,0,12,0
NORTH,M,0,0,0,0,0,3,0
NOSAKHARE,M,0,0,0,0,0,12,0
NOSHABA,F,0,0,0,0,0,3,0
NOUF,F,0,0,0,0,3,10,3
NOUH,M,0,0,0,0,0,3,0
NOUMAAN,M,0,0,3,3,0,6,6
NOUMAN,M,0,3,0,3,0,23,6
NOUR,M,0,3,0,0,0,65,3
NOURAH,F,0,0,0,0,0,4,0
NOURAN,F,0,0,0,0,0,3,0
NOUREDDINE,M,0,0,0,0,0,3,0
NOURHAN,F,0,0,0,0,0,4,0
NOURIA,F,0,0,0,0,0,3,0
NOURIN,F,3,0,3,0,0,6,6
NOUSHIN,F,3,0,0,0,0,6,3
NOVA,M,0,0,0,0,0,16,0
NOVAH,F,0,0,0,0,0,10,0
NOVAK,M,0,0,0,0,0,19,0
NOVALEE,F,0,0,0,0,0,4,0
NOVELLA,F,0,0,0,0,0,3,0
NOWSHIN,F,0,4,0,0,0,7,4
NOYAN,M,0,0,0,0,0,9,0
NOZOMI,F,0,0,0,3,0,6,3
NTANDOYENKOSI,M,0,0,0,0,0,3,0
NUAYMAH,F,0,0,0,0,0,3,0
NUBAID,M,0,0,0,0,0,13,0
NUBIA,F,0,0,0,0,0,30,0
NUH,M,0,0,0,0,0,107,0
NUHAA,F,0,0,0,0,0,17,0
NUJHAT,F,0,0,0,0,0,6,0
NUMA,F,0,0,3,0,3,42,6
NUMAYR,M,0,0,0,0,0,3,0
NUMRA,F,0,4,0,3,0,7,7
NUO,F,0,0,0,0,0,16,0
NURADIN,M,0,0,0,0,0,19,0
NURAH,F,0,0,0,0,0,10,0
NURAIZ,M,0,0,0,0,0,5,0
NURAN,F,0,0,0,0,0,7,0
NURAY,F,0,0,0,0,0,3,0
NURAZ,M,0,0,0,0,0,7,0
NURDIN,M,0,0,0,0,0,3,0
NUREEN,F,0,0,0,0,0,6,0
NUREIN,M,0,0,0,0,0,6,0
NURETTIN,M,0,4,0,0,0,4,4
NURI,M,0,0,0,0,0,10,0
NURIN,F,0,0,0,0,0,3,0
NURIYA,F,0,0,0,0,0,9,0
NURIYAH,F,0,0,0,0,0,33,0
NURUDDIN,M,0,0,0,0,0,3,0
NUSAIBA,F,0,0,0,0,0,98,0
NUSAIBAH,F,0,0,0,0,0,69,0
NUSAIYBAH,F,0,0,0,0,0,3,0
NUSAYBA,F,3,0,0,0,0,139,3
NUSEYBA,F,0,0,0,0,0,3,0
NUSHRAT,F,0,3,0,0,0,6,3
NUUH,M,0,0,0,0,0,9,0
NUWAIR,M,0,0,0,0,0,3,0
NUWAIRA,F,0,0,0,0,0,4,0
NUZHA,F,0,0,0,0,0,3,0
NYAH,M,0,0,0,0,0,14,0
NYAL,M,0,0,0,3,0,60,3
NYARA,F,0,0,0,0,0,3,0
NYARAI,F,0,0,0,0,0,6,0
NYASIA,F,0,0,0,0,0,10,0
NYEESHA,F,0,0,0,0,0,6,0
NYELA,F,0,0,0,0,0,7,0
NYELLA,F,0,0,0,0,0,3,0
NYEMA,F,0,0,0,0,0,6,0
NYESHA,F,0,0,0,3,3,6,6
NYIAH,F,0,0,0,0,0,3,0
NYIEMA,F,0,0,0,0,0,3,0
NYIMA,F,0,0,0,0,0,28,0
NYIMAH,F,0,0,0,0,0,3,0
NYLAH,F,0,0,0,0,0,436,0
NYLAH-ROSE,F,0,0,0,0,0,12,0
NYLA-RAE,F,0,0,0,0,0,18,0
NYLA-ROSE,F,0,0,0,0,0,24,0
NYLES,M,0,0,0,0,0,6,0
NYNKE,F,0,0,0,0,0,3,0
NYRA,F,0,0,0,3,0,15,3
NYRAH,F,0,0,0,0,0,8,0
NYSHA,F,0,0,0,0,0,8,0
NZA,F,0,0,0,0,0,4,0
OAKLAN,M,0,0,0,0,0,11,0
OAKLEA,F,0,0,0,0,0,3,0
OAKLEE,M,0,0,0,0,0,33,0
OAKLEIGH,M,0,0,0,0,0,37,0
OAKLEN,M,0,0,0,0,0,6,0
OAKLEY-BLUE,M,0,0,0,0,0,3,0
OAKLEY-JAMES,M,0,0,0,0,0,5,0
OAKLY,M,0,0,0,0,0,3,0
OANA,F,0,0,0,0,0,6,0
OBAFEMI,M,0,0,0,0,0,16,0
OBALOLUWA,M,0,0,0,0,0,25,0
OBEHI,F,0,0,0,0,0,16,0
OBERON,M,0,0,0,0,0,6,0
OBIANUJU,F,0,0,0,0,0,7,0
OCEAN-BLU,F,0,0,0,0,0,3,0
OCEANE,F,0,0,0,5,0,66,5
OCEANNA,F,0,0,0,0,0,19,0
OCEANNE,F,3,0,0,0,0,6,3
OCEAN-ROSE,F,0,0,0,0,0,5,0
ODERA,M,0,0,0,0,0,5,0
ODILE,F,0,0,0,0,0,7,0
ODINAKACHUKWU,M,0,0,0,0,0,6,0
ODRIJA,F,0,0,0,0,0,7,0
ODUNAYO,F,0,0,0,0,0,10,0
ODYSSEAS,M,0,0,0,0,0,11,0
OGECHUKWU,F,0,0,0,0,0,7,0
OGHENEBRUME,M,0,0,0,0,0,6,0
OGHENEFEJIRO,F,0,0,0,0,0,6,0
OGHENEMARO,M,0,0,0,0,0,8,0
OGHENEMINE,F,0,0,0,0,0,7,0
OGHENERUKEVWE,F,0,0,0,0,0,6,0
OGHENERUNO,M,0,0,0,0,0,4,0
OGHENETEGA,F,0,0,0,0,0,18,0
OGHOSA,M,0,0,0,0,0,4,0
OGULCAN,M,3,0,3,0,0,12,6
OGUZ,M,0,0,0,0,0,15,0
OHEMAA,F,0,0,0,0,0,26,0
OHENE,M,0,0,0,0,0,7,0
OHENEBA,M,0,0,0,0,0,11,0
OJAS,M,0,0,0,0,0,42,0
OJAY,M,0,0,0,0,0,6,0
OKKES,M,0,0,0,0,0,3,0
OKTAWIAN,M,0,0,0,0,0,6,0
OKTAY,M,0,0,0,0,5,14,5
OLACHI,F,0,0,0,0,0,8,0
OLADAPO,M,0,0,3,0,3,28,6
OLADELE,M,4,0,0,0,0,7,4
OLADIMEJI,M,0,0,3,3,0,25,6
OLADIPO,M,0,0,0,0,0,9,0
OLAEDO,F,0,0,0,0,0,4,0
OLAJUMOKE,F,5,0,0,0,0,17,5
OLAJUWON,M,0,0,0,0,0,14,0
OLAKUNLE,M,0,3,0,0,0,10,3
OLAMILEKAN,M,0,0,0,0,0,22,0
OLAMIPOSI,M,0,0,0,0,0,9,0
OLAN,M,0,0,0,0,0,8,0
OLANREWAJU,M,0,0,0,5,0,64,5
OLAOLUWA,F,0,0,0,0,0,9,0
OLAOLUWAKITAN,M,0,0,0,0,0,6,0
OLASUBOMI,M,0,0,0,0,0,11,0
OLASUBOMI,F,0,0,0,0,0,6,0
OLATOMIWA,M,0,0,0,0,0,11,0
OLATUNJI,M,0,0,4,0,0,7,4
OLAYEMI,F,0,4,0,0,0,7,4
OLAYEMI,M,0,0,0,0,0,10,0
OLAYINKA,F,0,0,3,3,0,37,6
OLEK,M,0,0,0,0,0,7,0
OLENA,F,0,0,0,0,0,13,0
OLESIA,F,0,0,0,0,0,12,0
OLESYA,F,0,0,0,0,0,6,0
OLGIERD,M,0,0,0,0,0,4,0
OLIE,M,0,0,0,0,0,7,0
OLIMPIA,F,0,0,0,0,0,48,0
OLIN,M,0,0,0,0,0,13,0
OLISAEMEKA,M,0,0,0,0,0,20,0
OLIVA,F,0,0,0,0,0,7,0
OLIVEA,F,0,0,0,0,0,10,0
OLIVER-DANIEL,M,0,0,0,0,0,3,0
OLIVER-GEORGE,M,0,0,0,0,0,8,0
OLIVERIS,M,0,0,0,0,0,8,0
OLIVER-JACK,M,0,0,0,0,0,18,0
OLIVER-JAY,M,0,0,0,0,0,10,0
OLIVER-JOHN,M,0,0,0,0,0,13,0
OLIVER-LEE,M,0,0,0,0,0,8,0
OLIVE-ROSE,F,0,0,0,0,0,3,0
OLIVERS,M,0,0,0,0,0,64,0
OLIVIA,M,0,0,0,0,0,3,0
OLIVIA-,F,0,0,0,0,3,6,3
OLIVIA-ANN,F,0,0,0,0,0,6,0
OLIVIA-FAITH,F,0,0,0,0,0,6,0
OLIVIAH,F,0,0,0,0,0,7,0
OLIVIA-HOPE,F,0,0,0,0,0,3,0
OLIVIA-JADE,F,0,0,0,0,0,9,0
OLIVIA-JANE,F,0,0,0,0,0,40,0
OLIVIA-JAYNE,F,0,0,0,0,0,16,0
OLIVIA-JEAN,F,0,0,0,0,0,10,0
OLIVIA-JO,F,0,0,0,0,0,3,0
OLIVIA-LEA,F,0,0,0,0,0,4,0
OLIVIA-LEE,F,0,0,0,0,0,11,0
OLIVIA-LEIGH,F,0,0,0,0,0,49,0
OLIVIA-LILLY,F,0,0,0,0,0,7,0
OLIVIA-LILY,F,0,0,0,0,0,12,0
OLIVIA-MARIE,F,0,0,0,0,0,14,0
OLIVIA-RAE,F,0,0,0,0,0,45,0
OLIVIJA,F,0,0,0,0,0,32,0
OLIWER,M,0,0,0,0,0,82,0
OLIWIA,F,0,0,0,0,0,1718,0
OLLE,M,0,0,0,0,0,6,0
OLLEY,M,0,0,0,0,0,10,0
OLLIE,F,0,0,0,5,0,42,5
OLLIE-JAMES,M,0,0,0,0,0,42,0
OLLIE-JAY,M,0,0,0,0,0,35,0
OLLIE-JOE,M,0,0,0,0,0,6,0
OLLIE-RAY,M,0,0,0,0,0,4,0
OLLY-JAMES,M,0,0,0,0,0,14,0
OLLY-JAY,M,0,0,0,0,0,11,0
OLLY-RAY,M,0,0,0,0,0,3,0
OLSA,F,0,0,0,0,0,7,0
OLSEN,M,0,0,0,0,0,3,0
OLSI,M,0,0,0,0,0,13,0
OLTA,F,0,0,0,0,0,21,0
OLTION,M,0,0,0,0,0,6,0
OLUBUKOLA,F,3,0,0,4,0,7,7
OLUBUNMI,F,0,0,4,3,0,7,7
OLUCHI,F,0,0,0,0,0,58,0
OLUFUNKE,F,3,0,0,4,0,7,7
OLUROTIMI,M,3,0,3,0,0,6,6
OLUSEYI,M,0,3,0,4,0,7,7
OLUSOLA,M,0,0,3,0,0,7,3
OLUTOBI,M,0,0,0,5,0,14,5
OLUWABUKUNMI,M,0,0,0,0,3,7,3
OLUWABUKUNMI,F,0,0,0,0,0,25,0
OLUWADABIRA,F,0,0,0,0,0,4,0
OLUWADARA,F,0,3,0,0,0,60,3
OLUWADARASIMI,F,0,0,0,0,0,135,0
OLUWADARASIMI,M,0,0,0,0,0,50,0
OLUWADEMILADE,F,0,0,0,0,3,87,3
OLUWAFERANMI,F,0,0,0,0,4,37,4
OLUWAFEYIKEMI,F,0,0,0,0,0,17,0
OLUWAFIFEHANMI,F,0,0,0,0,0,6,0
OLUWAFIKAYOMI,F,0,0,0,0,3,17,3
OLUWAFIKUNAYOMI,F,0,0,0,0,0,9,0
OLUWAFISAYOMI,F,0,0,0,0,0,6,0
OLUWAFOLAJIMI,M,0,0,0,0,0,10,0
OLUWAFUNMILAYO,F,0,0,0,0,0,44,0
OLUWAFUNMILOLA,F,0,0,0,0,0,14,0
OLUWAGBEMISOLA,F,0,0,0,0,0,14,0
OLUWAJOMILOJU,M,0,0,0,0,0,36,0
OLUWAJOMILOJU,F,0,0,0,0,0,30,0
OLUWAKANYINSOLA,F,0,0,0,0,0,8,0
OLUWAKAYODE,M,0,3,0,0,0,27,3
OLUWAKOREDE,F,0,0,0,0,0,4,0
OLUWAMAYOMIKUN,M,0,0,0,0,0,11,0
OLUWAMAYOWA,F,0,0,0,3,3,20,6
OLUWAMAYOWA,M,0,0,0,0,0,36,0
OLUWANIFEMI,F,3,0,0,0,0,157,3
OLUWANIFEMI,M,0,0,0,3,0,89,3
OLUWAREMILEKUN,F,0,0,0,0,0,4,0
OLUWASEMILORE,F,0,0,0,0,3,68,3
OLUWASEMILORE,M,0,0,0,0,0,60,0
OLUWASEYIFUNMI,F,0,0,0,0,0,14,0
OLUWASEYIFUNMI,M,0,0,0,0,0,4,0
OLUWASEYITAN,M,0,0,0,0,0,8,0
OLUWASHINAYOMI,M,0,0,0,0,0,6,0
OLUWASHINDARA,F,0,0,0,0,0,4,0
OLUWATAMILORE,F,0,0,0,0,4,171,4
OLUWATENIOLA,F,0,0,0,3,3,70,6
OLUWATIMILEHIN,F,0,0,0,3,0,26,3
OLUWATIMILEYIN,M,4,0,0,0,0,99,4
OLUWATIMILEYIN,F,0,0,0,0,0,10,0
OLUWATISHE,M,0,0,0,0,0,10,0
OLUWATISHE,F,0,0,0,0,0,7,0
OLUWATOFUNMI,F,0,0,0,0,0,47,0
OLUWATOFUNMI,M,0,0,0,0,0,18,0
OLUWATOMI,M,0,0,0,3,0,12,3
OLUWATOMILOLA,F,0,0,0,0,0,20,0
OLUWATONILOBA,M,0,0,0,0,0,4,0
OLUWATOYOSI,F,6,0,0,0,0,22,6
OLUWATOYOSI,M,0,0,0,0,0,8,0
OLUWATUMININU,F,0,3,0,0,0,32,3
OLUWATUNMISE,F,0,0,0,0,0,11,0
OLUWATUNMISE,M,0,0,0,0,0,9,0
OLUWAYEMISI,F,0,0,0,4,0,7,4
OLWYN,F,0,0,3,0,0,26,3
OLY,M,0,0,0,0,0,4,0
OM,M,0,0,0,4,0,263,4
OMAID,M,0,0,0,0,0,3,0
OMAMA,F,0,0,0,0,0,3,0
OMAN,M,0,0,0,0,0,4,0
OMARA,F,3,0,0,0,0,10,3
OMARIAN,M,0,0,0,0,0,13,0
OMARIE,M,0,0,0,0,0,13,0
OMARIO,M,0,0,0,0,0,43,0
OMARION,M,0,0,0,0,0,122,0
OMAYMA,F,0,0,0,0,0,13,0
OMAYR,M,0,0,0,0,0,3,0
OMED,M,0,0,0,0,0,22,0
OMEGA,F,0,0,0,0,0,10,0
OMERA,F,0,0,0,0,0,39,0
OMI,M,0,0,0,0,0,3,0
OMKAR,M,0,0,0,0,0,23,0
OMOBOLAJI,M,0,0,0,0,0,10,0
OMOTAYO,F,0,0,0,0,3,7,3
OMOTAYO,M,0,0,0,0,0,12,0
OMOTOLA,F,0,3,0,0,0,37,3
OMRAN,M,0,0,0,0,0,25,0
ONA,F,0,0,0,0,0,32,0
ONAJITE,F,0,0,0,0,0,4,0
ONDREJ,M,0,0,0,0,0,41,0
ONEIL,M,0,0,0,0,0,8,0
O'NEIL,M,3,0,0,0,0,12,3
O'NEILL,M,0,0,0,0,0,3,0
ONELI,F,0,0,0,0,0,3,0
ONI,F,0,0,0,0,0,4,0
ONIAS,M,0,0,0,0,0,3,0
ONOME,F,0,3,3,0,0,12,6
ONORA,F,0,0,0,0,0,3,0
ONYEBUCHI,F,0,0,0,0,0,4,0
ONYEDIKACHI,M,0,0,0,0,0,6,0
ONYEKACHI,M,0,0,0,0,0,19,0
ONYEKACHI,F,0,0,0,0,0,6,0
ONYEKACHUKWU,F,0,0,0,0,0,6,0
ONYINYECHI,F,0,0,0,0,4,58,4
ONYX,M,0,0,0,0,0,19,0
OPEMIPO,M,0,0,3,0,0,18,3
OPEMIPO,F,0,0,0,0,0,16,0
OPHELIA-ROSE,F,0,0,0,0,0,7,0
OPIE,M,0,0,0,0,0,4,0
OR,M,0,0,0,0,0,3,0
ORA,F,0,0,0,0,0,33,0
ORCHID,F,0,0,0,0,0,3,0
ORELIA,F,0,0,0,0,0,3,0
OREN,F,0,0,0,0,0,3,0
OREOFEOLUWA,F,0,0,0,0,0,6,0
OREST,M,0,0,0,0,0,9,0
ORESTAS,M,0,0,0,0,0,59,0
ORESTIS,M,0,0,0,0,0,12,0
ORFEAS,M,0,0,0,0,0,3,0
ORGES,M,0,0,0,0,0,4,0
ORGESA,F,0,0,0,0,0,3,0
ORGITO,M,0,0,0,0,0,10,0
ORIAH,F,0,0,0,0,0,4,0
ORIAN,M,0,0,0,0,0,3,0
ORIANTHI,F,0,0,0,0,0,3,0
ORIELLA,F,0,0,0,0,0,4,0
ORIELLE,F,0,0,0,0,0,3,0
ORIN,F,0,0,0,0,0,3,0
ORINTA,F,0,0,0,0,0,3,0
ORITSE,M,0,0,0,0,0,8,0
ORLAH,F,0,0,0,0,0,36,0
ORLA-MAE,F,0,0,0,0,0,5,0
ORLAN,M,0,0,0,0,0,9,0
ORLAND,M,0,0,0,0,0,4,0
ORLANDA,F,0,0,0,0,0,9,0
ORLA-RAE,F,0,0,0,0,0,3,0
ORLA-ROSE,F,0,0,0,0,0,23,0
ORLI,F,0,0,0,0,0,53,0
ORLIN,M,0,0,0,0,0,3,0
ORLY,F,0,0,0,0,0,39,0
ORLY,M,0,0,0,0,0,8,0
ORNA,F,0,0,0,0,3,11,3
ORNELA,F,0,0,0,0,6,36,6
ORNELLA,F,0,0,0,0,0,33,0
OROBOSA,M,0,0,0,0,0,3,0
ORRAN,M,0,0,0,0,0,21,0
ORREN,M,0,4,0,0,0,26,4
ORRIE,M,0,0,0,0,0,3,0
ORRY,M,0,0,0,0,0,17,0
ORRYN,M,0,0,0,0,0,3,0
OSAAMA,M,0,3,0,0,0,3,3
OSAHON,M,0,0,0,0,0,12,0
OSAMUDIAMEN,M,0,0,0,0,0,6,0
OSARETIN,M,0,0,0,0,0,3,0
OSARIEMEN,F,0,0,0,0,0,9,0
OSARO,M,0,0,0,0,0,3,0
OSARUGUE,F,0,0,0,0,0,8,0
OSASERE,F,0,0,0,0,0,3,0
OSAYANDE,M,0,0,0,0,0,19,0
OSAZE,M,0,0,0,0,3,21,3
OSAZEE,M,0,0,0,0,0,9,0
OSCA,M,0,0,0,0,0,19,0
OSCAR-GEORGE,M,0,0,0,0,0,5,0
OSCAR-JACK,M,0,0,0,0,0,3,0
OSCAR-JAI,M,0,0,0,0,0,3,0
OSCAR-JAMES,M,0,0,0,0,0,59,0
OSCAR-JAY,M,0,0,0,0,0,13,0
OSCAR-LEE,M,0,0,0,0,0,20,0
OSCAR-THOMAS,M,0,0,0,0,0,3,0
OSEI,M,0,0,0,0,0,16,0
OSGAR,M,0,0,0,0,0,3,0
OSHAE,M,0,0,0,0,0,4,0
O'SHAE,M,0,0,0,0,0,3,0
O'SHAI,M,0,0,0,0,0,3,0
OSHAN,M,0,0,0,0,3,16,3
OSHANE,M,0,0,0,0,0,11,0
O'SHANE,M,0,0,0,0,0,3,0
O'SHAY,M,0,0,0,0,0,9,0
OSHEA,M,0,0,0,0,0,3,0
O'SHEA,M,3,0,0,0,0,50,3
OSHI,M,0,0,0,0,0,3,0
OSHUN,F,0,0,0,0,0,3,0
OSINACHI,M,0,0,0,0,0,4,0
OSKARS,M,0,0,0,0,0,18,0
OSTARA,F,0,0,0,0,0,3,0
OSTEN,M,0,0,0,0,0,3,0
OSTYN,M,0,0,0,0,0,21,0
OTAVIO,M,0,0,0,0,0,3,0
OTHNIEL,M,0,0,0,0,0,97,0
OTILIA,F,0,0,0,0,0,10,0
OTNIEL,M,0,0,0,0,0,3,0
OTSO,M,0,0,0,0,0,3,0
OTTALIE,F,0,0,0,0,0,3,0
OTTAVIO,M,0,0,0,0,0,3,0
OTTILIA,F,0,0,0,0,0,19,0
OTYLIA,F,0,0,0,0,0,40,0
OUMAR,M,0,0,0,0,0,21,0
OUMIE,F,0,0,0,0,0,14,0
OUMOU,F,0,0,0,0,0,22,0
OUSAINOU,M,0,0,0,0,0,4,0
OUSMANE,M,0,0,0,0,0,18,0
OVI,F,0,0,0,0,0,3,0
OVIYA,F,0,0,0,0,0,50,0
OVIYAN,M,0,0,0,0,0,3,0
OWENA,F,0,0,0,0,0,6,0
OWI,M,0,0,0,0,0,7,0
OWURA,M,0,0,0,0,0,8,0
OYINADE,F,0,0,0,0,0,3,0
OYINLOLA,F,0,0,0,0,3,6,3
OZIAS,M,0,0,0,0,0,11,0
OZIOMA,F,0,0,0,0,0,13,0
PA,M,0,4,0,0,0,56,4
PAA,M,0,0,0,0,0,24,0
PAAPA,M,0,0,0,0,0,3,0
PAARTH,M,0,0,0,0,0,23,0
PAAVAN,M,0,0,0,0,3,10,3
PAAVANA,F,0,0,0,0,0,3,0
PAAYAL,F,0,3,0,0,0,3,3
PAGEN,F,0,3,0,0,0,3,3
PAHAL,F,0,0,0,0,0,7,0
PAIGAN,F,0,0,0,0,0,8,0
PAIGE-ROSE,F,0,0,0,0,0,3,0
PAIGTON,F,0,0,0,0,0,3,0
PAIJE,F,0,0,0,0,0,5,0
PAISLEY-GRACE,F,0,0,0,0,0,4,0
PAISLEY-MAI,F,0,0,0,0,0,3,0
PAISLEY-RAE,F,0,0,0,0,0,6,0
PAISLEY-ROSE,F,0,0,0,0,0,3,0
PAITYN,F,0,0,0,0,0,8,0
PAK,M,0,0,0,0,0,3,0
PAKEEZA,F,0,0,0,0,0,7,0
PAL,F,0,0,0,0,0,16,0
PALAK,F,0,0,0,0,0,20,0
PALESA,F,0,0,0,0,0,6,0
PALVI,F,0,0,0,0,0,3,0
PALVINDER,M,0,0,0,0,0,3,0
PALWASHA,F,3,0,0,0,0,33,3
PAMELLA,F,0,0,0,0,0,3,0
PANAV,M,0,0,0,0,0,9,0
PANAYOTIS,M,0,3,0,0,0,3,3
PANIZ,F,0,0,0,0,0,6,0
PANKA,F,0,0,0,0,0,3,0
PANNA,F,0,0,0,0,0,17,0
PANSY,F,0,0,0,0,0,3,0
PANTH,M,0,0,0,0,0,4,0
PAPE,M,0,0,0,0,0,6,0
PARAN,M,0,0,0,3,0,3,3
PAREESA,F,0,0,0,0,0,10,0
PARI,F,3,0,0,0,0,139,3
PARIA,F,0,0,0,0,0,4,0
PARICE,F,4,0,0,3,0,7,7
PARIDHI,F,0,0,0,0,0,9,0
PARIN,M,0,0,0,0,0,23,0
PARINA,F,0,0,0,0,0,14,0
PARINEET,F,0,0,0,0,0,3,0
PARISE,F,5,0,0,0,0,11,5
PARISHAY,F,0,0,0,0,0,5,0
PARISHI,F,0,0,0,0,0,3,0
PARIS-LEIGH,F,0,0,0,0,0,9,0
PARISSA,F,0,0,0,0,0,13,0
PARIZA,F,0,0,0,0,0,10,0
PARKER-JAMES,M,0,0,0,0,0,11,0
PARKER-ROSE,F,0,0,0,0,0,3,0
PARLEEN,F,0,0,0,0,0,3,0
PARMEET,M,0,0,0,0,0,26,0
PARMEET,F,0,0,0,0,0,7,0
PARMIDA,F,0,0,0,0,0,7,0
PARMIS,F,0,0,0,0,0,29,0
PARMVEER,M,0,0,0,0,0,17,0
PARMVIR,M,0,0,0,0,0,3,0
PARNEET,F,0,0,0,0,0,65,0
PARSA,M,0,0,0,0,4,139,4
PARSA,F,0,0,0,0,0,9,0
PARTHA,M,0,0,0,0,0,3,0
PARTHIV,M,0,0,0,0,0,11,0
PARUL,F,0,0,0,4,0,9,4
PARVATHI,F,0,0,0,0,0,4,0
PARVATI,F,0,0,0,0,0,3,0
PARVESH,M,0,0,0,0,0,3,0
PARVEZ,M,0,0,4,0,0,4,4
PARVINA,F,0,0,0,0,0,3,0
PARVINDER,M,0,3,0,0,0,3,3
PARYA,F,0,0,0,0,0,13,0
PARYS,M,0,0,0,0,0,6,0
PATRICE,M,0,4,0,0,0,14,4
PATRICIJA,F,0,0,0,0,0,87,0
PATRICIO,M,0,0,0,0,0,6,0
PATRIKS,M,0,0,0,0,0,18,0
PATRISIA,F,0,0,0,0,0,10,0
PATRYCJA,F,0,0,3,0,0,479,3
PATTI,F,0,0,0,0,0,13,0
PAU,M,0,0,0,0,0,3,0
PAULETTE,F,0,0,3,0,3,6,6
PAUL-JUNIOR,M,0,0,0,0,0,13,0
PAULS,M,0,0,0,0,0,3,0
PAVANI,F,0,0,0,0,0,3,0
PAVANJIT,M,0,3,0,0,0,3,3
PAVANVEER,M,0,0,0,0,0,3,0
PAVANVIR,M,0,3,0,0,0,3,3
PAVENDEEP,M,0,4,0,0,0,4,4
PAVIN,M,0,0,0,0,0,3,0
PAVISHAN,M,0,0,0,0,0,3,0
PAVIT,M,0,0,0,0,0,3,0
PAVITHRA,F,0,0,0,0,0,6,0
PAVLE,M,0,0,0,0,3,12,3
PAVLEEN,F,0,0,0,0,0,15,0
PAVLINA,F,0,0,0,0,0,3,0
PAVLO,M,0,0,0,0,0,4,0
PAVNI,F,0,0,0,0,0,4,0
PAVOL,M,0,0,0,0,0,17,0
PAWEL,M,0,0,0,0,0,331,0
PAYSON,F,0,0,0,0,0,11,0
PAYTON-GRACE,F,0,0,0,0,0,3,0
PAYTON-LEIGH,F,0,0,0,0,0,3,0
PAYVIN,F,0,0,0,0,0,3,0
PAYWAND,M,0,0,0,0,0,3,0
PAZ,F,0,0,0,0,0,4,0
PEACE,M,0,0,0,0,0,22,0
PEARLA,F,0,0,0,0,0,8,0
PEARLE,F,0,0,0,0,0,3,0
PEARSON,M,0,0,0,0,0,3,0
PEDRAM,M,0,0,0,0,0,3,0
PEGGY-MAE,F,0,0,0,0,0,3,0
PEI,F,0,0,0,0,0,19,0
PEI,M,0,0,0,0,0,3,0
PEIGHTON,F,0,0,0,0,0,62,0
PEIQI,F,0,0,0,0,0,3,0
PELAGIA,F,0,0,0,0,0,3,0
PELAYO,M,0,0,0,0,0,3,0
PEMA,F,0,0,0,0,0,5,0
PEMBE,F,3,0,3,0,0,9,6
PENDA,F,0,0,0,0,0,10,0
PENELOPE-ROSE,F,0,0,0,0,0,13,0
PENG,M,0,0,0,0,0,3,0
PENIEL,M,0,0,0,0,0,40,0
PENN,M,0,0,0,0,0,4,0
PENNY-MAE,F,0,0,0,0,0,3,0
PENNY-MAY,F,0,0,0,0,0,3,0
PENNY-ROSE,F,0,0,0,0,0,15,0
PENUEL,M,0,0,0,0,0,3,0
PEPE,M,0,0,0,0,4,15,4
PERAN,M,0,0,3,0,0,3,3
PERDY,F,0,0,0,0,0,8,0
PEREGRIN,M,0,0,0,0,0,3,0
PEREL,F,0,0,0,0,0,8,0
PEREZ,M,4,0,0,0,0,70,4
PEREZ,F,0,0,0,0,0,3,0
PERI,M,0,0,4,0,0,4,4
PERIHAN,F,0,0,0,0,0,4,0
PERLA,F,0,0,0,0,0,88,0
PERLE,F,0,0,0,0,0,3,0
PERNELL,M,3,0,0,0,0,3,3
PERRIE-ROSE,F,0,0,0,0,0,4,0
PERSIS,F,0,0,0,0,0,10,0
PESSY,F,0,0,0,0,0,19,0
PETAL,F,0,0,0,0,0,62,0
PETEK,F,0,0,0,0,4,4,4
PETER-JAMES,M,0,0,0,0,0,7,0
PETER-JUNIOR,M,0,0,0,0,0,7,0
PETR,M,0,0,0,0,0,44,0
PEYTON-LEIGH,F,0,0,0,0,0,6,0
PEYTON-LOUISE,F,0,0,0,0,0,3,0
PEYTON-ROSE,F,0,0,0,0,0,15,0
PHARAOH,M,0,0,0,0,0,7,0
PHARELL,M,0,0,0,0,0,68,0
PHARELLE,M,0,0,0,0,0,5,0
PHARIS,M,0,0,0,0,0,3,0
PHARREN,M,0,0,0,0,0,3,0
PHAT,M,0,0,0,0,0,3,0
PHEBEE,F,0,0,0,0,0,3,0
PHELIM,M,3,0,0,3,0,9,6
PHELIX,M,0,0,0,0,0,4,0
PHENIX,M,0,0,0,0,0,3,0
PHEOBE-ANN,F,0,0,0,0,0,3,0
PHEOBIE,F,0,0,0,0,0,36,0
PHEONIX,F,0,0,0,0,5,50,5
PHEONIX,M,0,0,0,0,0,49,0
PHI,M,0,0,0,0,0,6,0
PHIA,F,0,0,0,0,0,8,0
PHILIPPOS,M,0,0,0,0,0,19,0
PHINEHAS,M,0,0,0,0,0,5,0
PHOEBE-,F,0,0,0,0,0,3,0
PHOEBE-GRACE,F,0,0,0,0,0,53,0
PHOEBE-JANE,F,0,0,0,0,0,6,0
PHOEBE-JAYNE,F,0,0,0,0,0,3,0
PHOEBE-JO,F,0,0,0,0,0,3,0
PHOEBE-LEE,F,0,0,0,0,0,7,0
PHOEBE-LEIGH,F,0,0,0,0,0,18,0
PHOEBE-LOU,F,0,0,0,0,0,3,0
PHOEBE-LOUISE,F,0,0,0,0,0,18,0
PHOEBE-MAE,F,0,0,0,0,0,40,0
PHOEBE-MAI,F,0,0,0,0,0,10,0
PHOEBE-MARIE,F,0,0,0,0,0,8,0
PHOEBE-MAY,F,0,0,0,0,0,13,0
PHOEBE-RAE,F,0,0,0,0,0,11,0
PHOEBE-ROSE,F,0,0,0,0,0,82,0
PHOENIX-ROSE,F,0,0,0,0,0,7,0
PHOENYX,F,0,0,0,0,0,3,0
PHOIBE,F,0,0,0,0,0,3,0
PHYLLIDA,F,4,3,0,0,0,7,7
PIERLUIGI,M,3,0,0,0,0,3,3
PIERSE,M,0,0,0,0,0,3,0
PIERSON,M,0,0,0,0,0,3,0
PIETRA,F,0,0,0,0,0,12,0
PIHU,F,0,0,0,0,0,8,0
PIJUS,M,0,0,0,0,0,50,0
PIO,M,0,0,0,0,0,6,0
PIPER,M,0,0,0,0,0,3,0
PIPER-ROSE,F,0,0,0,0,0,14,0
PIPPA-LEIGH,F,0,0,0,0,0,3,0
PIPPA-LOUISE,F,0,0,0,0,0,3,0
PIPPA-MAE,F,0,0,0,0,0,3,0
PIPPA-ROSE,F,0,0,0,0,0,22,0
PIPPIN,M,0,0,0,0,0,4,0
PIR,M,0,0,0,0,0,3,0
PIRANAVAN,M,0,3,0,0,0,3,3
PIRAVEEN,M,0,0,0,0,0,6,0
PIRAVEENA,F,0,0,0,0,3,3,3
PIRRAN,M,0,0,0,0,0,3,0
PIUS,M,0,0,0,0,0,3,0
PIXI,F,0,0,0,0,0,6,0
PIXIE-BEAU,F,0,0,0,0,0,3,0
PIXIE-BELLE,F,0,0,0,0,0,3,0
PIXIE-LEIGH,F,0,0,0,0,0,5,0
PIXIE-LOU,F,0,0,0,0,0,15,0
PIXIE-MAE,F,0,0,0,0,0,5,0
PIXIE-RAE,F,0,0,0,0,0,7,0
PIXIE-ROSE,F,0,0,0,0,0,8,0
PIYA,F,0,0,0,0,0,64,0
PIYUSH,M,0,3,0,0,0,14,3
PLAMEDI,F,0,0,0,0,0,4,0
PLAMEDI,M,0,0,0,0,0,3,0
PLAMEN,M,0,0,0,0,0,3,0
PLAMENA,F,0,0,0,0,0,3,0
PLATON,M,0,0,0,0,0,8,0
PLUM,F,0,0,0,0,0,7,0
POLA,F,0,0,0,0,0,452,0
POLINA,F,0,0,0,0,3,134,3
POLLIE,F,0,0,3,0,0,11,3
POLLY-MAE,F,0,0,0,0,0,3,0
POLLY-ROSE,F,0,0,0,0,0,3,0
POPI,F,0,0,0,0,0,3,0
POPPIE-ANN,F,0,0,0,0,0,6,0
POPPIE-LEIGH,F,0,0,0,0,0,6,0
POPPIE-MAE,F,0,0,0,0,0,17,0
POPPIE-MAI,F,0,0,0,0,0,6,0
POPPIE-RAE,F,0,0,0,0,0,5,0
POPPIE-ROSE,F,0,0,0,0,0,8,0
POPPY-ANN,F,0,0,0,0,0,39,0
POPPY-ANNE,F,0,0,0,0,0,19,0
POPPY-BELLE,F,0,0,0,0,0,15,0
POPPY-ELIZABETH,F,0,0,0,0,0,3,0
POPPY-ELLA,F,0,0,0,0,0,5,0
POPPY-GRACE,F,0,0,0,0,0,37,0
POPPY-ISABELLA,F,0,0,0,0,0,3,0
POPPY-JANE,F,0,0,0,0,0,10,0
POPPY-JAYNE,F,0,0,0,0,0,3,0
POPPY-JO,F,0,0,0,0,0,29,0
POPPY-LEA,F,0,0,0,0,0,11,0
POPPY-LEE,F,0,0,0,0,0,7,0
POPPY-LEIGH,F,0,0,0,0,0,49,0
POPPY-LOU,F,0,0,0,0,0,11,0
POPPY-LOUISE,F,0,0,0,0,0,50,0
POPPY-MAI,F,0,0,0,0,0,70,0
POPPY-MARIE,F,0,0,0,0,0,14,0
POPPY-RAE,F,0,0,0,0,0,72,0
POPPYROSE,F,0,0,0,0,0,4,0
POPPY-ROSE,F,0,0,0,0,0,214,0
POPPY-SUE,F,0,0,0,0,0,8,0
POPPY-WILLOW,F,0,0,0,0,0,3,0
PORCHA,F,3,0,0,0,0,31,3
PORCHIA,F,0,0,0,0,0,13,0
PORCIA,F,3,3,0,0,0,9,6
PORSCHE-LEIGH,F,0,0,0,0,0,3,0
PORSHA-LEIGH,F,0,0,0,0,0,3,0
PORSHIA,F,0,0,0,0,0,9,0
PORTER,M,0,0,0,0,0,30,0
POSEY,F,0,0,0,0,0,8,0
POSIE,F,0,0,0,0,0,7,0
POSY,F,0,0,0,0,0,73,0
POYRAZ,M,0,0,0,0,0,35,0
PRABDEEP,M,0,3,0,0,0,7,3
PRABH,M,0,0,0,0,0,15,0
PRABH,F,0,0,0,0,0,3,0
PRABHDEEP,M,0,0,3,0,0,33,3
PRABHDEEP,F,0,0,0,0,3,7,3
PRABHGUN,F,0,0,0,0,0,4,0
PRABHGUN,M,0,0,0,0,0,3,0
PRABHJEET,M,3,0,0,0,0,3,3
PRABHKIRAT,F,0,0,0,0,0,3,0
PRABHLEEN,F,0,0,0,0,0,44,0
PRABHNOOR,F,0,0,0,0,0,35,0
PRABHREET,F,0,0,0,0,0,4,0
PRABHROOP,F,0,0,0,0,0,3,0
PRABHVEER,M,0,0,0,0,0,3,0
PRABHVIR,M,0,0,0,0,0,3,0
PRABJOT,F,3,3,0,0,0,14,6
PRABJOT,M,0,0,0,0,3,3,3
PRABLEEN,F,0,0,0,0,0,3,0
PRABVEER,M,0,0,0,0,0,6,0
PRACHI,F,0,0,0,0,0,68,0
PRADEEP,M,0,3,0,0,0,3,3
PRADYUN,M,0,0,0,0,0,3,0
PRAGATI,F,0,0,0,0,0,3,0
PRAISE,F,0,0,0,0,0,189,0
PRAJIN,M,0,0,0,0,0,3,0
PRAJIT,M,0,0,0,0,0,3,0
PRAJNA,F,0,0,0,0,0,9,0
PRAJWAL,M,0,0,0,0,0,9,0
PRAKRITI,F,0,0,0,0,0,21,0
PRANATI,F,0,0,0,0,0,3,0
PRANAVAN,M,0,4,0,0,0,4,4
PRANAVI,F,0,0,0,0,0,40,0
PRANAYA,F,0,0,0,0,0,6,0
PRANAYA,M,0,0,0,0,0,3,0
PRANEEL,M,0,0,0,0,0,23,0
PRANEIL,M,0,0,0,0,0,3,0
PRANESH,M,0,0,0,0,0,15,0
PRANISH,M,0,0,0,0,0,3,0
PRANIT,M,0,0,0,0,0,6,0
PRANITA,F,0,0,0,0,0,3,0
PRANITH,M,0,0,0,0,0,3,0
PRANITHA,F,0,0,0,0,0,3,0
PRANJAL,M,0,0,0,0,0,3,0
PRANSHI,F,0,0,0,0,0,13,0
PRANSHU,M,0,0,0,0,0,14,0
PRAPTI,F,0,0,0,0,0,9,0
PRARTHANA,F,0,0,0,0,0,4,0
PRASANNA,M,0,0,0,3,0,3,3
PRATEEK,M,0,0,0,0,0,4,0
PRATHAM,M,0,0,0,0,0,60,0
PRATHANA,F,0,0,0,0,0,3,0
PRATYUSH,M,0,0,0,0,0,13,0
PRAVEENA,F,0,0,3,0,0,20,3
PRAVEER,M,0,0,0,0,0,3,0
PRAVIN,M,0,0,0,0,5,32,5
PRAVINA,F,0,0,0,0,0,6,0
PRAVLEEN,F,0,0,0,0,0,3,0
PRAYAN,M,0,0,0,0,0,9,0
PRECILIA,F,0,0,0,0,0,3,0
PREESHA,F,0,0,0,0,0,19,0
PREET,M,0,0,0,0,0,51,0
PREETHIKA,F,0,0,0,0,0,3,0
PREETHY,F,0,0,0,0,0,6,0
PREKSHA,F,0,0,0,0,0,3,0
PREMAL,M,0,3,0,3,0,6,6
PRERANA,F,0,0,0,0,0,3,0
PRERNA,F,0,0,0,0,0,3,0
PRESHA,F,0,0,0,0,0,6,0
PRESLAV,M,0,0,0,0,0,6,0
PRESTEN,M,0,0,0,0,0,3,0
PRESTON-JAMES,M,0,0,0,0,0,10,0
PRESTON-LEE,M,0,0,0,0,0,13,0
PRESTYN,M,0,0,0,0,0,3,0
PRETTY,F,0,0,0,0,0,4,0
PREYA,F,0,0,0,0,0,9,0
PREZLEY,M,0,0,0,0,0,4,0
PRICILLA,F,0,0,0,0,0,6,0
PRINCETON,M,0,0,0,0,0,13,0
PRINCEWILL,M,0,0,0,0,0,3,0
PRINCY,F,0,0,0,0,0,11,0
PRISCILLA-ROSE,F,0,0,0,0,0,3,0
PRISH,M,0,0,0,0,0,5,0
PRISHA,F,0,0,0,0,6,351,6
PRITHA,F,0,0,0,0,0,7,0
PRITHVIRAJ,M,0,0,0,0,0,3,0
PRITIKA,F,0,0,0,0,0,44,0
PRITPAL,F,0,0,0,3,0,6,3
PRIYAA,F,0,0,0,0,0,3,0
PRIYAH,F,0,0,0,0,0,12,0
PRIYAM,M,0,0,0,5,0,5,5
PRIYANA,F,0,0,0,0,0,37,0
PRIYANK,M,3,0,0,0,0,3,3
PRIYANSH,M,0,0,0,0,0,18,0
PRIYANSHI,F,0,0,0,0,0,34,0
PRIYANSHU,M,0,0,0,0,0,3,0
PRIYA-ROSE,F,0,0,0,0,0,8,0
PRIYASHA,F,0,0,0,0,0,4,0
PROSPER,M,0,0,0,0,0,47,0
PRUE,F,0,0,0,0,0,4,0
PRUSHA,F,0,0,0,0,0,7,0
PRYCE,M,0,0,0,0,0,10,0
PRYS,M,0,0,0,0,0,4,0
PRZEMYSLAW,M,0,0,0,0,0,44,0
PSALM,F,0,0,0,0,0,3,0
PUJAN,M,0,0,4,0,0,7,4
PUNEET,F,0,0,0,0,0,40,0
PUNIT,M,0,0,4,0,0,9,4
PURAN,M,0,0,0,0,0,3,0
PURDEY,F,0,0,0,0,0,54,0
PURDY,F,0,3,0,0,0,27,3
PURVA,F,0,0,0,0,0,3,0
PURVI,F,0,0,0,0,0,7,0
PUTERI,F,0,0,0,0,0,3,0
PYPER,F,0,0,0,0,0,78,0
QADAR,M,0,0,0,3,0,6,3
QADEER,M,0,0,4,0,0,10,4
QADIR,M,0,3,0,0,0,3,3
QAILAH,F,0,0,0,0,0,3,0
QAIM,M,0,0,0,0,0,6,0
QAMAR,F,0,0,0,0,0,18,0
QASID,M,0,0,0,0,0,3,0
QASSIM,M,0,4,0,0,0,25,4
QASWA,F,0,0,0,0,0,3,0
QAYLAH,F,0,0,0,0,0,15,0
QAYYIM,M,0,0,0,0,0,3,0
QENDRIM,M,0,0,0,3,0,3,3
QI,M,0,0,0,0,0,44,0
QI,F,0,0,0,0,0,9,0
QIAN,F,0,0,0,0,0,6,0
QIAN,M,0,0,0,0,0,3,0
QIAO,F,0,0,0,0,0,3,0
QIN,F,0,0,0,0,0,3,0
QING,F,0,0,0,0,0,13,0
QIRAAT,F,0,0,0,0,0,4,0
QIRAT,F,0,0,0,0,0,37,0
QUANG,M,0,0,3,0,0,3,3
QUASIM,M,0,3,0,0,0,3,3
QUAZI,M,4,0,0,0,0,4,4
QUDSIYAH,F,3,3,0,0,0,25,6
QUDUS,M,0,0,0,0,0,9,0
QUERIDA,F,0,0,0,0,0,3,0
QUIANNA,F,0,0,3,0,0,3,3
QUINCY,F,0,0,0,0,0,17,0
QUSAI,M,0,0,0,0,0,9,0
QUSAY,M,0,0,0,0,0,3,0
QUYNH,F,0,0,0,0,0,9,0
RAABIA,F,0,0,0,6,0,31,6
RAABIAH,F,0,0,0,3,0,21,3
RAABIYA,F,0,0,0,0,0,3,0
RAADHIYA,F,0,0,0,0,0,3,0
RAADHIYAH,F,0,0,0,0,0,3,0
RAADIYA,F,0,0,0,0,0,3,0
RAADIYAH,F,0,0,0,0,0,6,0
RAAFAY,M,0,0,0,0,0,10,0
RAAFE,M,0,0,0,0,0,3,0
RAAFI,M,0,0,0,0,0,9,0
RAAGA,F,0,0,0,0,0,5,0
RAAHI,F,0,0,0,0,0,7,0
RAAHIL,M,0,0,0,0,0,47,0
RAAHIM,M,0,0,0,0,0,28,0
RAAHIMA,F,0,0,0,0,0,6,0
RAAHUL,M,0,0,0,0,0,3,0
RAAID,M,0,0,0,0,0,6,0
RAAINA,F,0,0,0,0,0,10,0
RAAJ,M,0,0,0,0,0,3,0
RAAJAN,M,0,0,0,0,0,24,0
RAAJVEER,M,0,0,0,0,0,4,0
RAAKHI,F,0,0,0,0,0,3,0
RAAM,M,0,0,0,0,0,6,0
RAAMEEN,F,0,0,0,0,0,27,0
RAANIA,F,0,0,0,0,0,3,0
RAANIYA,F,0,0,0,0,0,3,0
RAAYA,F,0,0,0,0,0,3,0
RAAYAN,M,0,0,0,0,0,3,0
RAAZIA,F,0,0,0,0,0,3,0
RAB,M,0,0,0,0,0,6,0
RABAB,F,0,3,0,0,0,26,3
RABAIL,F,0,0,0,0,0,14,0
RABBI,M,0,0,0,0,0,6,0
RABBIA,F,0,4,0,0,0,4,4
RABEEA,F,0,0,0,0,0,7,0
RABEYA,F,0,0,0,0,0,3,0
RABI,M,0,0,0,0,0,6,0
RABIATOU,F,0,0,0,0,0,3,0
RABIHA,F,3,0,3,0,0,6,6
RABINA,F,3,0,0,0,0,3,3
RABIYAH,F,0,0,0,0,5,5,5
RABYA,F,0,0,0,3,0,3,3
RACHAL,F,0,4,3,0,0,7,7
RACHANA,F,0,0,0,0,0,3,0
RACHEL-LOUISE,F,0,0,0,0,0,3,0
RACHIT,M,0,0,0,0,0,3,0
RACHNA,F,0,3,0,0,0,6,3
RACIM,M,0,0,0,0,0,3,0
RACINE,F,3,0,0,0,0,3,3
RADA,F,0,0,0,0,0,4,0
RADHIA,F,0,0,0,0,0,3,0
RADHIYA,F,0,0,0,0,3,14,3
RADI,M,0,0,0,0,0,3,0
RADIKA,F,0,0,0,3,0,3,3
RADIYA,F,0,0,0,0,0,34,0
RADIYAH,F,0,3,0,0,3,69,6
RADLEY,M,0,0,0,0,0,93,0
RADOSLAVA,F,0,0,0,0,0,3,0
RADWA,F,0,0,0,0,0,16,0
RADYAH,F,0,0,0,0,0,3,0
RAE,M,3,0,0,0,0,18,3
RAEA,F,0,0,0,0,0,9,0
RAE-ANN,F,0,0,0,3,0,3,3
RAEANNA,F,0,0,0,0,3,6,3
RAED,M,0,0,0,0,0,34,0
RAEED,M,0,0,0,0,0,4,0
RAEEF,M,0,0,0,0,0,10,0
RA'EES,M,0,0,0,3,0,18,3
RAEESE,M,0,0,0,0,0,6,0
RAEF,M,0,0,0,0,0,88,0
RAEFE,M,0,0,0,0,0,4,0
RAEGAN,M,0,0,3,0,0,34,3
RAEIS,M,0,3,0,0,0,3,3
RAEL,M,0,4,0,0,0,9,4
RAELLE,F,0,0,0,0,0,7,0
RAEM,M,0,0,0,0,0,3,0
RAENA,F,0,0,0,0,0,15,0
RAEPH,M,0,0,0,0,0,3,0
RAEVEN,F,3,0,0,0,0,6,3
RAEYA,F,0,0,0,0,0,58,0
RAFA,M,0,0,0,0,0,23,0
RAFAAN,M,0,0,0,0,0,3,0
RAFAELS,M,0,0,0,0,0,4,0
RAFAN,M,0,0,0,0,0,37,0
RAFAT,M,0,4,0,0,0,10,4
RAFAY,M,0,0,0,3,0,132,3
RAFEE,M,0,0,0,0,0,27,0
RAFEEF,F,0,0,0,0,0,9,0
RAFEH,M,0,0,0,0,0,4,0
RAFEL,M,0,0,0,0,0,6,0
RAFF,M,0,0,0,0,0,7,0
RAFFAELA,F,0,0,3,0,0,3,3
RAFFAELLO,M,0,0,0,0,0,5,0
RAFFEY,M,0,0,0,0,0,4,0
RAFIAT,F,3,0,4,0,0,10,7
RAFID,M,0,0,0,0,0,4,0
RAFIDA,F,0,0,0,0,0,3,0
RAFIF,F,0,0,0,0,0,3,0
RAFIK,M,0,0,0,0,0,18,0
RAFIUL,M,0,0,0,0,0,10,0
RAFSAN,M,0,0,0,0,0,8,0
RAGAD,F,0,0,0,0,0,8,0
RAGAVI,F,0,0,0,0,3,10,3
RAGEN,F,0,0,0,0,3,3,3
RAGHAD,F,0,0,0,0,0,59,0
RAGHIB,M,0,3,0,0,0,3,3
RAGUL,M,0,0,3,0,0,3,3
RAHA,F,0,0,0,0,0,58,0
RAHAAN,M,0,0,0,0,0,6,0
RAHAF,F,0,0,0,0,0,127,0
RAHAIL,M,0,0,0,0,0,3,0
RAHANA,F,0,0,0,0,0,7,0
RAHAND,M,0,0,0,0,0,54,0
RAHATH,M,4,0,0,0,3,10,7
RAHBIA,F,0,3,0,0,0,3,3
RAHEEB,M,3,0,0,0,0,10,3
RAHEEN,F,0,0,0,0,0,6,0
RAHEES,M,0,3,3,0,0,40,6
RAHEESA,F,0,0,3,0,0,3,3
RAHEIM,M,0,0,0,0,0,57,0
RAHEL,F,3,0,0,0,0,33,3
RAHEL,M,0,0,0,0,0,5,0
RAHEMA,F,0,0,0,0,3,3,3
RAHENA,F,4,0,0,0,0,4,4
RAHI,F,0,0,0,0,0,8,0
RAHI,M,0,0,0,0,0,6,0
RAHIB,M,0,3,0,0,0,34,3
RAHID,M,0,3,0,0,0,3,3
RAHIEM,M,0,0,0,0,0,23,0
RAHIIMA,F,0,0,0,0,0,3,0
RAHIL,F,0,0,0,0,0,6,0
RAHIN,M,0,0,3,0,0,3,3
RAHINA,F,0,0,0,0,0,6,0
RAHMAAN,M,0,0,0,0,0,6,0
RAHMAH,F,0,0,0,0,5,111,5
RAHMAT,F,0,0,0,0,0,3,0
RAHMEEN,F,0,0,0,0,0,3,0
RAHMO,F,0,0,0,0,0,3,0
RAHMONE,M,0,0,0,0,0,3,0
RAHWA,F,0,0,0,0,0,3,0
RAIAH,F,0,0,0,0,0,3,0
RAIAN,M,0,0,0,0,0,4,0
RA'ID,M,0,0,0,0,0,8,0
RAIDA,F,0,0,0,0,0,6,0
RAIDAH,F,0,0,0,0,0,7,0
RAIENS,M,0,0,0,0,0,26,0
RAIFAH,F,0,0,0,0,0,4,0
RAIFE,M,3,0,0,0,3,206,6
RAIHA,F,0,0,0,0,0,21,0
RAIMA,F,0,0,3,0,0,86,3
RAIMAH,F,0,0,0,0,0,3,0
RAIMONDS,M,0,0,0,0,0,3,0
RAINER,M,0,3,0,0,0,10,3
RAINEY,F,0,0,0,0,0,9,0
RAISY,F,0,0,0,0,0,7,0
RAIVO,M,0,0,0,0,0,4,0
RAIYA,F,0,0,0,0,0,72,0
RAIYAAN,M,0,0,0,0,0,38,0
RAIYAH,F,0,0,0,0,0,11,0
RAIZEL,F,0,3,0,0,3,13,6
RAIZY,F,0,0,0,0,0,9,0
RAJAB,M,0,0,3,0,0,42,3
RAJAH,M,3,0,0,4,0,7,7
RAJAT,M,0,0,0,0,0,3,0
RAJEN,M,0,0,0,0,5,5,5
RAJI,M,0,0,0,0,0,3,0
RAJIB,M,0,3,0,0,4,10,7
RAJINA,F,0,0,0,3,0,3,3
RAJINDER,F,0,0,0,0,4,4,4
RAJKUMAR,M,0,0,0,0,0,3,0
RAJMINA,F,0,0,4,0,0,4,4
RAJNA,F,0,3,0,0,0,3,3
RAJNEET,F,0,0,3,3,0,6,6
RAJVI,F,0,0,0,0,0,10,0
RAJVINDER,M,3,0,0,0,0,9,3
RAJVIR,F,3,0,0,0,0,21,3
RAJWINDER,F,0,0,0,0,0,8,0
RAKAN,M,0,0,0,0,0,60,0
RAKAYA,F,0,0,0,0,3,3,3
RAKEB,F,0,0,0,0,0,10,0
RAKEEB,M,0,0,0,4,0,11,4
RAKHEE,F,3,4,0,0,0,7,7
RAKHI,F,3,3,0,0,0,15,6
RAKIN,M,0,3,3,0,0,26,6
RAKIYA,F,0,3,0,0,0,10,3
RAKIYAH,F,0,0,0,0,0,3,0
RAKSHA,F,4,0,0,0,0,11,4
RAKSHAN,M,0,0,0,0,0,9,0
RAKSHANA,F,0,0,0,0,0,9,0
RALFIE,M,0,0,0,0,0,72,0
RALFS,M,0,0,0,0,0,58,0
RALIAT,F,0,4,0,0,0,4,4
RALITSA,F,0,0,0,0,0,3,0
RALPHY,M,0,0,0,0,0,235,0
RALPHY-LEE,M,0,0,0,0,0,3,0
RALUCA,F,0,0,0,0,0,34,0
RAMAE,M,0,0,0,0,0,3,0
RAMAH,M,0,0,0,0,3,3,3
RAMAL,M,3,0,0,0,0,3,3
RAMANA,F,0,0,0,5,0,5,5
RAMANI,F,0,0,0,0,3,8,3
RAMARI,M,0,0,0,0,0,3,0
RAMARIO,M,0,0,0,0,0,3,0
RAMARNI,M,0,0,0,0,0,11,0
RAMATOULIE,F,0,0,0,0,0,34,0
RAMATU,F,3,0,0,0,0,3,3
RAMATULAI,F,0,0,0,0,0,9,0
RAMAYA,F,0,0,0,0,0,13,0
RAMEESA,F,0,0,0,0,0,23,0
RAMEESAH,F,0,0,0,0,0,59,0
RAMEEZA,F,0,0,0,0,0,3,0
RAMELL,M,0,0,0,0,0,9,0
RAMELLE,M,0,0,0,0,0,3,0
RAMESHA,F,0,3,0,0,0,8,3
RAMEY,M,0,0,0,0,0,3,0
RAMIA,F,0,0,0,0,0,13,0
RAMIAH,F,0,0,0,0,0,9,0
RAMIAH,M,0,0,0,0,0,4,0
RAMILA,F,0,0,0,0,0,3,0
RAMIN,M,0,0,3,3,0,77,6
RAMINA,F,0,0,0,0,0,6,0
RAMINTA,F,0,0,0,0,0,3,0
RAMIR,M,0,0,0,0,0,9,0
RAMIS,M,0,0,0,0,0,8,0
RAMIYAH,F,0,0,0,0,0,6,0
RAMLAH,F,0,0,0,0,0,36,0
RAMNEEK,F,0,0,0,3,0,43,3
RAMNIK,F,0,0,0,3,0,3,3
RAMSHAH,F,0,0,0,0,3,3,3
RAMTIN,M,0,0,0,0,0,12,0
RAMY,M,0,0,0,0,4,93,4
RAMYA,F,0,0,0,3,0,24,3
RAMYAR,M,0,0,0,0,0,6,0
RANAE,F,0,0,0,3,0,9,3
RANBIR,M,0,0,0,0,0,56,0
RAND,F,0,0,0,0,0,20,0
RANDA,F,3,0,0,0,0,42,3
RANDEEP,F,0,0,0,0,0,3,0
RANEE,F,0,0,0,0,0,3,0
RANEEM,F,3,0,0,0,0,80,3
RANEL,M,0,0,0,0,0,3,0
RANELL,M,0,0,0,0,0,25,0
RA'NELL,M,0,0,0,0,0,12,0
RANI,M,0,0,0,0,0,3,0
RANIYA,F,0,0,0,0,0,74,0
RANIYAH,F,0,0,0,0,0,64,0
RANJEET,M,0,0,3,0,3,9,6
RANJOT,M,0,0,0,0,0,6,0
RANNA,F,0,0,0,0,0,4,0
RANYAH,F,0,0,0,0,0,4,0
RAO,M,0,0,0,0,0,4,0
RAOUF,M,0,0,0,0,0,10,0
RAPHEAL,M,0,0,0,0,0,6,0
RAPHEL,M,0,0,0,0,0,9,0
RAQIB,M,0,0,0,0,0,14,0
RARES,M,0,0,0,0,0,87,0
RARESH,M,0,0,0,0,0,3,0
RAS,M,0,0,0,0,0,6,0
RASA,F,0,0,0,0,0,6,0
RASEEL,F,0,0,0,0,0,8,0
RASHAAD,M,0,3,0,3,0,20,6
RASHANE,M,0,0,0,0,0,3,0
RASHAUN,F,0,3,0,0,0,3,3
RASHAWN,M,0,0,3,0,0,20,3
RASHEDA,F,3,0,3,0,0,9,6
RASHEEDA,F,0,3,0,0,0,9,3
RASHEEDAT,F,0,0,0,0,4,4,4
RASHI,F,0,0,0,3,0,12,3
RASHIKA,F,0,0,0,0,0,3,0
RASHMA,F,0,0,0,3,0,3,3
RASHMIKA,F,0,0,0,0,0,3,0
RASIKA,F,0,0,0,0,0,3,0
RASNA,F,0,3,0,0,0,3,3
RASTISLAV,M,0,0,0,0,0,3,0
RASTY,M,0,0,0,0,0,3,0
RASUL,M,0,0,0,0,0,6,0
RATEEL,F,0,0,0,0,0,11,0
RATU,M,0,0,0,0,0,63,0
RAUMAAN,M,0,0,0,0,0,10,0
RAUNAK,M,0,0,0,0,0,26,0
RAURI,M,0,0,0,0,0,9,0
RAUSHAN,M,0,0,0,0,0,11,0
RAVDEEP,M,0,3,0,0,0,3,3
RAVEEN,M,0,0,0,0,0,6,0
RAVENNA,F,0,0,0,0,0,5,0
RAVJOT,M,0,0,0,0,0,6,0
RAVLEEN,F,0,0,0,0,0,34,0
RAVREET,F,0,0,0,0,0,4,0
RAVZA,F,0,0,0,0,0,3,0
RAWA,M,0,0,0,0,0,34,0
RAWA,F,0,0,0,0,0,3,0
RAWAAN,F,0,0,0,0,0,3,0
RAWAD,M,0,0,0,0,0,3,0
RAWAN,M,0,0,0,0,0,4,0
RAWAND,M,0,0,0,0,0,25,0
RAWAND,F,0,0,0,0,0,3,0
RAWAZ,M,0,0,0,0,0,6,0
RAWDA,F,0,0,0,0,0,7,0
RAWDAH,F,0,0,0,0,0,29,0
RAWDHA,F,0,0,0,0,0,6,0
RAWDON,M,0,0,0,0,0,6,0
RAWEN,M,0,0,0,0,0,15,0
RAWIA,F,0,0,0,0,0,3,0
RAYAAN,M,0,0,3,0,0,610,3
RAYAAN,F,0,0,0,0,0,172,0
RAYAH,F,0,0,3,0,0,114,3
RAYA-MAE,F,0,0,0,0,0,3,0
RAYANA,F,0,0,0,0,0,54,0
RAYANNA,F,0,3,3,0,0,33,6
RAYANSH,M,0,0,0,0,0,7,0
RAYCHEL,F,4,0,0,3,0,7,7
RAYCHELLE,F,3,0,0,0,0,3,3
RAYDAN,M,0,0,0,0,0,3,0
RAYDON,M,0,0,0,0,0,7,0
RAYEES,M,0,0,0,0,0,6,0
RAYEN,M,0,0,0,0,0,44,0
RAYGAN,F,0,0,0,0,0,3,0
RAYHAN,F,0,0,0,0,0,3,0
RAYHANAH,F,0,0,0,0,0,18,0
RAYIRTH,M,0,0,0,0,0,3,0
RAYLAN,M,0,0,0,0,0,12,0
RAYLEIGH,F,0,0,0,0,0,6,0
RAYMON,M,0,0,0,0,0,3,0
RAYN,M,0,0,0,0,0,88,0
RAYN,F,0,0,0,0,0,3,0
RAYNARD,M,0,0,0,0,0,3,0
RAYNE,M,0,0,0,0,0,59,0
RAYNIE,F,0,0,0,0,0,7,0
RAYON,M,5,0,0,0,0,52,5
RAYSA,F,0,0,0,0,0,3,0
RAYSHAWN,M,0,0,0,0,0,3,0
RAYSSA,F,0,0,0,0,0,9,0
RAYVEN,F,0,0,0,0,0,3,0
RAYVON,M,0,0,0,0,0,3,0
RAYYA,F,0,0,0,3,0,74,3
RAYYAAN,M,0,0,0,0,0,157,0
RAYYAAN,F,0,0,0,0,0,3,0
RAYYAH,F,0,0,0,0,0,3,0
RAYYAN,M,3,3,4,14,15,2351,39
RAYYAN,F,0,0,0,0,0,96,0
RAYYANA,F,0,0,0,0,0,4,0
RAZAAN,F,0,0,0,0,0,8,0
RAZANE,F,0,0,0,0,0,3,0
RAZANNE,F,0,0,0,0,0,3,0
RAZEEN,M,0,0,0,3,0,9,3
RAZEENA,F,0,4,0,0,0,4,4
RAZEENAH,F,0,0,0,0,0,7,0
RAZI,M,0,0,0,0,0,9,0
RAZIK,M,0,0,0,0,0,3,0
RAZIKA,F,0,0,3,0,0,3,3
RAZNA,F,0,0,3,0,0,3,3
RAZVAN,M,0,0,0,0,0,44,0
RAZWANA,F,0,5,0,0,0,5,5
RE,M,0,0,0,0,0,6,0
READE,M,0,0,0,3,0,3,3
REAF,M,0,0,0,0,0,5,0
REAGEN,M,5,0,0,0,0,33,5
REAGON,M,0,0,0,0,0,9,0
REAM,F,0,0,0,0,0,6,0
REAN,M,0,0,0,0,0,3,0
REANA,F,0,0,0,3,0,8,3
REANNAH,F,0,3,3,0,0,14,6
REANNAN,F,0,0,0,0,5,5,5
REAVE,M,0,0,0,0,0,3,0
REBBEKAH,F,0,0,4,0,0,4,4
REBECCA-JADE,F,0,0,0,3,0,3,3
REBECCA-MAY,F,3,0,0,0,0,6,3
REBECCA-ROSE,F,0,0,0,0,0,8,0
REBWAR,M,0,0,0,0,0,3,0
RECEP,M,0,0,0,0,0,10,0
REDAS,M,0,0,0,0,0,3,0
REDD,F,0,0,0,0,0,3,0
REDHA,M,0,0,0,0,0,3,0
REDLEY,M,0,0,0,0,0,3,0
REDON,M,0,0,0,0,0,4,0
REDOUANE,M,0,0,0,0,0,3,0
REDVERS,M,0,0,3,0,0,6,3
REE,F,0,0,0,0,0,3,0
REEAN,M,0,0,0,0,0,6,0
REECE-JUNIOR,M,0,0,0,0,0,3,0
REEFE,M,0,0,0,0,0,3,0
REEHA,F,0,0,0,0,0,47,0
REEHAM,F,0,0,0,0,0,12,0
REEHAN,M,0,0,0,0,0,20,0
REENIE,F,0,0,0,0,0,72,0
REESA,F,0,0,0,0,0,6,0
REET,F,0,0,0,0,0,94,0
REETAL,F,0,0,0,0,0,4,0
REEVES,M,0,0,0,0,0,7,0
REEYAH,F,0,0,0,0,0,4,0
REEYAN,M,0,0,0,0,0,23,0
REFAEL,M,0,0,0,0,0,3,0
REFOEL,M,0,0,0,0,0,20,0
REGEN,M,0,0,0,0,3,8,3
REGGIE-JAMES,M,0,0,0,0,0,6,0
REGGIE-JAY,M,0,0,0,0,0,4,0
REGGIE-LEE,M,0,0,0,0,0,27,0
REGGIE-RAY,M,0,0,0,0,0,8,0
REGINAE,F,0,0,0,0,0,3,0
REHAB,F,0,0,0,0,0,13,0
REHAM,F,0,0,5,0,0,63,5
REHANNAH,F,0,0,0,0,0,3,0
REHEEM,M,0,0,0,0,0,6,0
REHEMA,F,0,0,0,0,0,7,0
REHMA,F,0,0,0,0,0,12,0
REHMAAN,M,0,0,0,0,0,7,0
REHMAT,F,0,0,0,0,0,21,0
REHNUMA,F,0,0,0,4,0,11,4
REHOBOTH,M,0,0,0,0,0,8,0
REHOBOTH,F,0,0,0,0,0,3,0
REIAN,M,0,0,0,0,0,7,0
REIGAN,M,0,0,3,0,3,25,6
REIGEN,M,0,0,0,0,0,3,0
REIGHAN,F,0,0,0,0,0,3,0
REILEY,M,0,0,0,0,0,42,0
REILLEY,M,0,0,0,0,0,6,0
REILLY,F,0,0,3,0,0,34,3
REILY,M,0,0,0,0,0,27,0
REINE,F,0,0,0,0,0,6,0
REINIS,M,0,0,0,0,0,4,0
REION,M,0,0,0,0,0,3,0
REISY,F,0,0,0,0,3,50,3
REIVA,F,0,0,0,0,0,4,0
REIYA,F,0,0,0,0,0,3,0
REIZEL,F,0,0,0,0,0,18,0
REIZY,F,0,0,0,0,0,7,0
REJA,F,0,0,0,0,0,3,0
REJAN,M,0,0,0,0,0,7,0
REJUS,M,0,0,0,0,0,30,0
REJWAN,M,0,0,3,0,3,12,6
REJWANA,F,3,0,0,0,0,3,3
REKA,F,0,0,0,0,0,32,0
REKAI,M,0,0,0,0,0,3,0
RE'KAI,M,0,0,0,0,0,3,0
REKAN,M,0,0,0,0,0,3,0
REKAR,M,0,0,0,0,0,4,0
REM,M,0,0,0,0,0,3,0
REMAI,M,0,0,0,0,0,7,0
REMAN,M,0,0,0,0,0,3,0
REMARIO,M,0,0,0,0,0,6,0
REMARNI,M,0,0,0,0,0,9,0
REMAY,M,0,0,0,0,0,4,0
REMAYA,F,0,0,0,0,0,36,0
REMAYAH,F,0,0,0,0,0,6,0
REMAZ,F,0,0,0,0,0,3,0
REMIAH,M,0,0,0,0,0,12,0
REMIAH,F,0,0,0,0,0,6,0
REMIEL,M,0,0,0,0,0,26,0
REMIGIUSZ,M,0,0,0,0,0,28,0
REMI-LEIGH,F,0,0,0,0,0,11,0
REMILEKUN,F,0,0,0,3,0,3,3
REMI-MAE,F,3,0,0,0,0,6,3
REMINGTON,F,0,0,0,0,0,3,0
REMIREZ,M,0,0,0,0,0,3,0
REMI-ROSE,F,0,0,0,0,0,3,0
REMIYAH,F,0,0,0,0,0,3,0
REMO,M,0,0,0,0,0,16,0
RENAEYAH,F,0,0,0,0,0,3,0
RENAIYA,F,0,0,0,0,0,3,0
RENALDAS,M,0,0,0,0,0,6,0
RENAN,M,0,0,0,0,0,5,0
RENARS,M,0,0,0,0,0,12,0
RENAT,M,0,0,0,0,0,3,0
RENATO,M,0,0,0,0,5,62,5
RENAYAH,F,0,0,0,0,0,15,0
RENAYE,F,0,0,0,0,0,16,0
RENDIJS,M,0,0,0,0,0,3,0
RENEL,M,0,0,0,0,0,7,0
RENELLE,F,3,0,0,3,0,9,6
RENELLE,M,0,0,0,0,0,6,0
RENESH,M,0,0,0,0,0,3,0
RENESMAE,F,0,0,0,0,0,37,0
RENESMAI,F,0,0,0,0,0,7,0
RENESMAY,F,0,0,0,0,0,14,0
RENESME,F,0,0,0,0,0,9,0
RENESMEE,F,0,0,0,0,0,99,0
RENEYA,F,0,0,0,0,0,7,0
RENEZMAE,F,0,0,0,0,0,7,0
RENEZMAI,F,0,0,0,0,0,4,0
RENGIN,F,0,0,0,0,0,3,0
RENI,M,0,0,0,0,0,3,0
RENIE,F,0,0,0,0,0,6,0
RENIECE,F,3,0,0,0,0,3,3
RENIS,M,0,0,0,0,0,6,0
RENITA,F,0,0,0,0,0,3,0
RENIYAH,F,0,0,0,0,0,3,0
RENN,F,0,0,0,0,0,3,0
RENNAE,F,0,0,0,0,0,19,0
RENNEL,M,0,0,0,0,0,3,0
RENNIE,M,0,0,0,0,0,3,0
RENWA,M,0,0,0,0,0,4,0
RENZ,M,0,0,0,0,0,3,0
RERELOLUWA,M,0,0,0,0,0,3,0
RESHA,F,0,0,0,0,0,6,0
RESHAM,F,6,0,0,0,0,9,6
RESHAUN,M,0,0,0,0,0,3,0
RESHMI,F,0,0,0,0,0,3,0
RESMA,F,0,0,0,3,0,3,3
RESUL,M,0,0,0,0,0,7,0
RETAAJ,F,0,0,0,0,0,3,0
RETAAL,F,0,0,0,0,0,3,0
RETAJ,F,0,0,0,0,0,58,0
RETAL,F,0,0,0,0,0,18,0
REUBEN-JAMES,M,0,0,0,0,0,9,0
REUBIN,M,0,0,0,0,0,10,0
REVAH,F,0,0,0,0,0,3,0
REWAN,M,0,0,0,0,0,16,0
REXFORD,M,0,0,0,0,0,4,0
REYAAN,M,0,0,0,0,0,34,0
REYAANSH,M,0,0,0,0,0,8,0
REYAN,F,0,0,0,0,3,14,3
REYAN,M,0,0,0,0,0,107,0
REYANA,F,0,0,0,0,0,3,0
REYANNE,F,3,0,0,0,0,3,3
REYANSH,M,0,0,0,0,0,131,0
REYHAN,M,0,0,0,0,0,80,0
REYHANA,F,0,0,0,0,0,50,0
REYNOLD,M,0,0,0,0,0,4,0
REYON,M,0,0,0,0,0,13,0
REYYAN,M,0,0,0,0,0,7,0
RHEMA,M,0,0,0,0,0,17,0
RHIANNA-MAE,F,0,0,0,0,0,3,0
RHIARNA,F,3,0,0,0,0,11,3
RHILEY,M,0,0,0,0,0,124,0
RHITIK,M,0,0,0,0,3,3,3
RHIYA,F,0,0,5,0,0,22,5
RHIYAN,M,0,0,0,0,0,7,0
RHOME,M,0,0,0,0,0,7,0
RHONAN,M,0,0,0,0,0,3,0
RHOSLYN,F,0,0,0,0,0,7,0
RHYANA,F,0,0,0,3,0,9,3
RHYANN,F,0,0,0,0,5,5,5
RHYDER,M,0,0,0,0,0,14,0
RHYLEE,F,0,0,0,0,0,4,0
RHYLEIGH,M,0,0,0,0,0,11,0
RHYLEY,M,0,0,0,0,3,156,3
RHYLIE,M,0,0,0,0,0,42,0
RHYZ,M,0,0,0,0,0,3,0
RIAAN,M,0,0,0,0,0,83,0
RIADEEP,F,0,0,0,0,0,3,0
RIAHANNA,F,0,0,0,0,0,6,0
RIA-MAY,F,0,0,0,0,0,4,0
RIANE,F,0,0,3,0,0,10,3
RIANNAH,F,0,6,0,0,0,28,6
RIBQAH,F,0,0,0,0,0,3,0
RICA,F,0,0,0,0,0,3,0
RICARDA,F,0,0,0,0,0,3,0
RICARDAS,M,0,0,0,0,0,3,0
RICARDS,M,0,0,0,0,0,30,0
RICH,M,0,0,0,0,0,3,0
RICHARDO,M,0,0,0,0,0,6,0
RICHIE-LEE,M,0,0,0,0,0,3,0
RICHY,M,0,0,0,0,0,3,0
RICKARDO,M,0,0,0,0,0,3,0
RICKY-JUNIOR,M,0,0,0,0,0,3,0
RICKYLEE,M,3,0,0,0,0,3,3
RICOH,M,0,0,0,0,0,3,0
RIDA,M,0,0,0,0,4,21,4
RIDAA,F,0,0,0,0,0,6,0
RIDAH,F,0,0,0,0,0,62,0
RIDAS,M,0,0,0,0,0,4,0
RIDHA,M,0,0,0,0,0,12,0
RIDHAAN,M,0,0,0,0,0,15,0
RIDHAM,M,0,0,0,0,0,6,0
RIDHIMA,F,0,0,0,0,0,30,0
RIDWAAN,M,0,0,0,0,3,104,3
RIDWANA,F,0,0,0,0,0,3,0
RIDWANAH,F,0,0,0,0,0,4,0
RIEGAN,M,0,0,0,4,0,10,4
RIELEY,M,0,0,0,0,0,4,0
RIELLE,F,0,0,0,0,0,9,0
RIELY,M,0,0,0,0,0,31,0
RIEN,M,0,0,0,0,0,23,0
RIFA,F,0,0,0,0,0,6,0
RIFAH,F,0,3,0,0,0,9,3
RIFAT,M,0,0,4,0,0,31,4
RIFKI,F,0,0,0,0,0,6,0
RIFKY,F,0,0,0,0,0,23,0
RIGBY,M,0,0,0,0,0,6,0
RIHA,F,0,0,0,0,0,12,0
RIHAAM,F,0,0,0,0,0,8,0
RIHAAN,M,0,0,0,0,0,10,0
RIHAANA,F,0,0,0,0,0,4,0
RIHAB,F,0,0,0,0,0,3,0
RIHAM,F,0,0,0,0,0,74,0
RIHAN,F,0,0,0,0,0,11,0
RIHANAH,F,0,0,0,0,0,3,0
RIHANAT,F,0,0,0,0,0,3,0
RIHANN,F,0,0,0,0,0,16,0
RIHANNA-MAI,F,0,0,0,0,0,5,0
RIHANNE,F,0,0,0,0,0,22,0
RIHARDS,M,0,0,0,0,0,10,0
RIISE,M,0,0,0,0,0,14,0
RIJA,F,0,0,0,5,0,15,5
RIJJA,F,0,0,0,0,0,40,0
RIK,M,0,0,0,0,0,7,0
RIKA,F,0,0,0,0,0,9,0
RIKAYA,F,0,3,0,0,0,3,3
RIKEN,M,3,0,0,0,0,3,3
RIKHIL,M,0,3,0,0,0,10,3
RIKIN,M,5,0,0,0,0,8,5
RIKITA,F,0,0,3,0,0,3,3
RILAN,M,0,0,0,0,0,3,0
RILEE,M,0,0,0,0,0,45,0
RILEIGH,M,0,0,0,0,0,26,0
RILEIGH,F,0,0,0,0,0,26,0
RILEY-,M,0,0,0,0,0,6,0
RILEY-DEAN,M,0,0,0,0,0,6,0
RILEY-GEORGE,M,0,0,0,0,0,3,0
RILEY-J,M,0,0,0,0,0,4,0
RILEY-JACK,M,0,0,0,0,0,15,0
RILEY-JAE,M,0,0,0,0,0,10,0
RILEY-JAI,M,0,0,0,0,0,27,0
RILEY-JAMES,M,0,0,0,0,0,241,0
RILEY-JAY,M,0,0,0,0,0,205,0
RILEY-JOE,M,0,0,0,0,0,50,0
RILEY-JOHN,M,0,0,0,0,0,22,0
RILEY-LEE,M,0,0,0,0,0,38,0
RILEY-MAE,F,0,0,0,0,0,3,0
RILEY-MASON,M,0,0,0,0,0,3,0
RILEY-PAUL,M,0,0,0,0,0,3,0
RILEY-RAY,M,0,0,0,0,0,8,0
RILEY-SCOTT,M,0,0,0,0,0,17,0
RILEY-THOMAS,M,0,0,0,0,0,12,0
RILIND,M,0,0,0,0,3,3,3
RILY,M,0,0,0,0,0,3,0
RIM,F,0,0,0,0,0,30,0
RIMAH,F,0,5,0,0,0,8,5
RIMAS,F,0,0,0,0,0,15,0
RIMI,F,0,0,0,0,0,3,0
RIMON,M,0,0,0,0,0,8,0
RINAD,F,0,0,0,0,0,17,0
RINAH,F,0,0,0,0,0,6,0
RINALDS,M,0,0,0,0,0,3,0
RINESA,F,0,0,0,0,0,21,0
RINI,F,0,0,0,0,0,3,0
RINNAH,F,0,0,0,0,0,6,0
RIOJA,F,0,0,3,0,0,3,3
RIO-JAMES,M,0,0,0,0,0,11,0
RIPA,F,0,0,0,3,0,3,3
RIPLEY,M,0,0,0,0,0,43,0
RIQUELME,M,0,0,0,0,0,7,0
RISAKO,F,3,3,0,0,0,6,6
RISH,M,0,0,0,0,0,3,0
RISHAAN,M,0,0,0,0,0,102,0
RISHAB,M,0,0,0,3,0,53,3
RISHAD,M,0,0,0,0,0,3,0
RISHANA,F,0,0,0,0,0,3,0
RISHANTH,M,0,0,0,0,0,3,0
RISHARN,M,0,0,0,0,0,3,0
RISHAV,M,0,0,0,0,0,6,0
RISHAY,M,0,0,0,0,0,3,0
RISHIKA,F,3,0,3,0,0,107,6
RISHIKESH,M,0,0,0,0,0,21,0
RISHIT,M,0,0,0,0,0,16,0
RISHITA,F,0,0,0,0,0,15,0
RISHITHA,F,0,0,0,0,0,3,0
RISHON,M,0,0,0,0,0,27,0
RITAJ,F,0,0,0,0,0,48,0
RITHIKA,F,0,0,0,0,0,60,0
RITHISH,M,0,0,0,0,0,8,0
RITHWIK,M,0,0,0,0,0,3,0
RITI,F,0,0,0,0,0,12,0
RITISHA,F,0,0,0,0,0,17,0
RITVI,F,0,0,0,0,0,3,0
RITVIK,M,0,0,0,0,0,36,0
RIVAAN,M,0,0,0,0,0,6,0
RIVAH,F,0,0,0,0,0,7,0
RIVAN,M,0,0,0,0,0,27,0
RIVEN,M,0,0,0,0,0,19,0
RIVER-LEIGH,F,0,0,0,0,0,4,0
RIVER-MAE,F,0,0,0,0,0,10,0
RIVER-ROSE,F,0,0,0,0,0,6,0
RIVERS,M,0,4,0,0,0,42,4
RIVIERA,F,0,0,0,0,0,3,0
RIVKY,F,0,0,0,0,0,49,0
RIYAAD,M,0,0,0,0,0,23,0
RIYAAN,M,0,0,0,0,0,55,0
RIYAAN,F,0,0,0,0,0,50,0
RIYADH,M,0,0,0,0,4,136,4
RIYADHUL,M,0,0,0,0,0,3,0
RIYADUL,M,0,0,0,0,0,3,0
RIYAH,F,0,0,0,3,0,61,3
RIYAN,F,0,0,0,0,0,124,0
RIYANA,F,0,0,0,0,0,72,0
RIYANNA,F,0,0,0,0,0,7,0
RIYANSH,M,0,0,0,0,0,3,0
RIYEN,M,0,0,0,0,0,6,0
RIYON,M,0,0,0,0,0,10,0
RIZA,M,0,3,0,3,0,23,6
RIZA,F,0,0,0,0,0,3,0
RJ,M,0,0,0,0,0,7,0
ROAA,F,0,0,0,0,0,7,0
ROARKE,M,0,0,4,0,0,10,4
ROBA,F,0,0,0,0,0,6,0
ROBAT,M,0,0,4,0,0,23,4
ROBERTAS,M,0,0,0,0,0,28,0
ROBERT-LEE,M,0,0,0,0,0,3,0
ROBERTS,M,0,0,0,0,0,74,0
ROBINSON,M,0,0,0,0,0,22,0
ROBLEH,M,0,0,0,0,0,3,0
ROBYN-RAE,F,0,0,0,0,0,3,0
ROC,M,0,0,0,0,0,3,0
ROCCO-LEE,M,0,0,0,0,0,3,0
ROCHAN,M,0,0,0,0,0,4,0
ROCIO,F,0,0,0,0,0,6,0
RODAINA,F,0,0,0,0,0,3,0
RODAS,F,0,0,0,0,0,9,0
RODELA,F,0,0,0,0,0,3,0
RODINA,F,0,0,0,0,0,15,0
ROEL,M,0,0,0,0,0,5,0
ROGEN,M,0,0,0,0,0,3,0
ROGUE,M,0,0,0,0,0,6,0
ROHAM,M,0,0,0,0,0,4,0
ROHANA,F,0,0,0,0,0,7,0
ROHAT,M,0,0,4,0,0,60,4
ROHEEL,M,4,0,3,0,0,7,7
ROHEY,F,0,0,0,0,0,10,0
ROHIL,M,0,0,0,4,0,10,4
ROHINA,F,0,0,0,4,0,4,4
ROHN,M,0,0,0,0,0,3,0
ROI,M,0,0,0,0,0,3,0
ROJ,M,0,0,0,0,0,6,0
ROJA,F,0,0,0,0,0,4,0
ROJAN,F,0,0,0,0,0,4,0
ROJBIN,F,0,0,0,0,0,3,0
ROJIN,F,0,0,0,0,0,129,0
ROJUS,M,0,0,0,0,0,68,0
ROKAYA,F,0,0,0,0,0,13,0
ROLAN,M,0,0,0,0,0,6,0
ROLANDA,F,0,0,0,0,0,3,0
ROLANDO,M,0,0,0,0,0,10,0
ROMA,M,0,0,0,0,0,16,0
ROMAAN,M,0,0,0,0,5,77,5
ROMAEO,M,0,0,0,0,0,7,0
ROMAHN,M,0,0,0,0,0,6,0
ROMAI,M,0,0,0,0,0,3,0
ROMAINE,M,0,0,3,3,0,85,6
ROMAINE,F,0,0,0,3,0,3,3
ROMAIO,M,0,0,0,0,0,6,0
ROMAISA,F,0,0,3,0,0,87,3
ROMAL,M,0,0,0,0,0,3,0
ROMANE,F,0,0,0,3,3,20,6
ROMANI,M,0,0,0,0,0,8,0
ROMANIE,F,0,0,0,0,4,64,4
ROMANII,F,0,0,0,0,0,3,0
ROMAN-JAMES,M,0,0,0,0,0,3,0
ROMAN-LEE,M,0,0,0,0,0,6,0
ROMANN,M,0,0,0,0,0,7,0
ROMANS,M,0,0,0,0,0,3,0
ROMANY-ROSE,F,0,0,0,0,0,4,0
ROMAO,M,0,0,0,0,0,10,0
ROMAR,M,0,0,0,0,0,9,0
ROMAREO,M,0,0,0,0,0,3,0
ROMARI,M,0,0,0,0,0,15,0
ROMARNI,M,0,0,0,0,0,6,0
ROMARNO,M,0,0,0,0,0,7,0
ROMAYA,F,0,0,0,0,0,8,0
ROMAYSA,F,0,0,0,0,0,16,0
ROMEE,F,0,0,0,0,0,8,0
ROMEESA,F,0,0,0,0,0,108,0
ROMELL,M,0,0,0,0,0,34,0
ROMELLE,M,0,0,0,0,0,3,0
ROMELLO,M,4,0,0,0,0,11,4
ROMELO,M,0,0,0,0,0,3,0
ROMEN,M,0,0,0,0,0,4,0
ROMESA,F,0,3,0,0,0,10,3
ROMIE,F,0,0,0,5,0,72,5
ROMIE,M,0,0,0,0,0,6,0
ROMILLIE,F,0,0,0,0,0,3,0
ROMIR,M,0,0,0,0,0,6,0
ROMOLA,F,0,0,0,0,0,3,0
ROMONE,M,0,0,0,0,0,3,0
ROMY,M,0,0,0,0,0,12,0
RONALDAS,M,0,0,0,0,0,8,0
RONALDINHO,M,0,0,0,0,0,7,0
RONAR,M,0,0,0,0,0,3,0
RONAV,M,0,0,0,0,0,33,0
RONAY,F,0,0,0,0,0,4,0
RONDA,F,0,0,0,0,0,3,0
RONEL,M,0,0,0,0,0,27,0
RONELA,F,0,0,0,0,0,5,0
RONELL,M,0,0,0,0,0,8,0
RONICA,F,0,0,0,0,0,4,0
RONIE,F,0,0,0,0,0,4,0
RONIK,M,0,0,0,0,0,4,0
RONIKA,F,0,0,0,0,0,19,0
RONIQUE,F,0,0,0,0,0,6,0
RONN,M,0,0,0,0,0,3,0
RONNELL,M,0,0,0,0,0,3,0
RONNI,M,0,0,0,0,0,22,0
RONNIE-GEORGE,M,0,0,0,0,0,3,0
RONNIE-JAMES,M,0,0,0,0,0,16,0
RONNIE-JAY,M,0,0,0,0,0,7,0
RONNIE-JUNIOR,M,0,0,0,0,0,4,0
RONNIE-LEE,M,0,0,0,0,0,36,0
RONNIE-LEIGH,F,0,0,0,0,0,10,0
RONNIE-MAE,F,0,0,0,0,0,5,0
RONNIE-MAY,F,0,0,0,0,0,8,0
RONNIE-RAY,M,0,0,0,0,0,10,0
RONNIE-ROSE,F,0,0,0,0,0,5,0
RONON,M,0,0,0,0,0,6,0
RONSON,M,0,0,0,0,0,6,0
RONY,M,0,0,0,0,0,3,0
ROOHI,F,0,0,0,0,0,3,0
ROOMANA,F,0,0,0,0,3,3,3
ROOP,M,0,0,0,0,0,14,0
ROOS,F,0,0,0,0,0,5,0
ROPAFADZO,F,0,0,0,0,0,15,0
RORAN,M,0,0,0,0,0,7,0
ROREY,M,0,0,0,0,0,34,0
RORI,F,0,0,0,0,0,4,0
RORY,F,0,0,0,0,0,12,0
RORY-JAMES,M,0,0,0,0,0,3,0
RORY-JAY,M,0,0,0,0,0,3,0
ROSABEL,F,0,0,0,0,0,33,0
ROSA-BELLA,F,0,0,0,0,0,3,0
ROSALEA,F,0,0,0,0,0,21,0
ROSA-LEA,F,0,0,0,0,0,3,0
ROSALEIGH,F,0,0,0,0,0,26,0
ROSA-LEIGH,F,0,0,0,0,0,10,0
ROSALIN,F,0,0,3,4,0,7,7
ROSALINA,F,0,0,0,0,0,35,0
ROSALINDA,F,0,0,0,0,0,9,0
ROSALINE,F,0,0,0,0,0,35,0
ROSALITA,F,0,0,0,0,0,3,0
ROSAMARIA,F,0,0,0,0,0,3,0
ROSARIA,F,0,0,0,0,0,13,0
ROSARIO,F,0,0,0,0,0,7,0
ROSEALIE,F,0,0,0,0,0,3,0
ROSE-ANN,F,0,0,0,0,0,7,0
ROSEANNAH,F,0,0,0,0,0,3,0
ROSE-ANNE,F,0,0,0,0,0,6,0
ROSELEEN,F,0,0,0,0,0,3,0
ROSE-LEIGH,F,0,0,0,0,0,3,0
ROSEMIN,F,0,3,0,0,0,3,3
ROSENA,F,0,0,0,0,0,3,0
ROSENWYN,F,0,0,0,0,0,3,0
ROSHA,F,0,0,0,0,0,8,0
ROSI,F,0,0,0,0,0,3,0
ROSIE-,F,0,0,0,0,0,6,0
ROSIE-ANN,F,0,0,0,0,0,28,0
ROSIE-ANNE,F,3,0,0,3,0,25,6
ROSIE-BELLE,F,0,0,0,0,0,3,0
ROSIE-GRACE,F,0,0,0,0,0,8,0
ROSIE-JANE,F,0,0,0,0,0,13,0
ROSIE-LEA,F,0,0,0,0,0,3,0
ROSIE-LEE,F,0,0,0,0,0,21,0
ROSIELEIGH,F,0,0,0,0,0,6,0
ROSIE-LEIGH,F,0,0,0,0,0,59,0
ROSIE-LOU,F,0,0,0,0,0,3,0
ROSIE-LOUISE,F,0,0,0,0,0,3,0
ROSIE-MAI,F,0,0,0,0,0,67,0
ROSIE-MARIE,F,0,0,0,0,0,17,0
ROSIE-RAE,F,0,0,0,0,0,3,0
ROSSANA,F,0,0,0,0,0,3,0
ROSSELLA,F,0,0,0,0,0,3,0
ROSTISLAV,M,0,0,0,0,0,3,0
ROUMAISSA,F,0,0,0,0,0,3,0
ROUX,F,0,0,0,0,0,26,0
ROWAYDA,F,0,0,0,0,0,3,0
ROXI-LEIGH,F,0,0,0,0,0,4,0
ROXY-LEIGH,F,0,0,0,0,0,8,0
ROYAL,M,0,0,0,0,0,13,0
ROYDON,M,0,0,0,0,0,3,0
ROYEM,M,0,0,0,0,0,3,0
ROZAN,F,0,0,0,0,0,6,0
ROZANA,F,0,0,0,0,0,3,0
ROZH,M,0,0,0,0,0,9,0
ROZY,F,0,0,0,0,0,3,0
RRON,M,0,0,0,0,4,12,4
RUBA,F,0,0,0,0,0,51,0
RUBAAB,F,0,0,0,0,0,3,0
RUBAB,F,0,0,0,0,0,27,0
RUBANI,F,0,0,0,0,0,3,0
RUBEE,F,3,0,0,0,0,70,3
RUBEENA,F,4,3,0,0,0,7,7
RUBENA,F,3,0,3,0,0,6,6
RUBEN-JAMES,M,0,0,0,0,0,7,0
RUBENS,M,0,0,0,0,0,35,0
RUBIA,F,3,0,0,0,0,3,3
RUBIE-LEIGH,F,0,0,0,0,0,19,0
RUBIE-LOUISE,F,0,0,0,0,0,3,0
RUBIE-MAE,F,0,0,0,0,0,27,0
RUBIE-MAI,F,0,0,0,0,0,6,0
RUBIE-MAY,F,0,0,0,0,0,3,0
RUBIE-ROSE,F,0,0,0,0,0,13,0
RUBI-MAE,F,0,0,0,0,0,11,0
RUBI-MAI,F,0,0,0,0,0,3,0
RUBINDER,F,0,0,0,0,0,4,0
RUBY,M,0,0,0,0,0,3,0
RUBY-,F,0,0,0,0,0,28,0
RUBYANN,F,0,0,0,0,0,17,0
RUBY-ANNA,F,0,0,0,0,0,3,0
RUBYANNE,F,0,0,0,0,0,7,0
RUBY-BLU,F,0,0,0,0,0,6,0
RUBY-ELLA,F,0,0,0,0,0,3,0
RUBY-ELLEN,F,0,0,0,0,0,4,0
RUBY-FAITH,F,0,0,0,0,0,3,0
RUBY-JADE,F,0,0,0,0,0,19,0
RUBY-JAI,F,0,0,0,0,0,6,0
RUBY-JANE,F,0,0,0,0,0,46,0
RUBY-JAYNE,F,0,0,0,0,0,21,0
RUBY-JEAN,F,0,0,0,0,0,58,0
RUBY-JO,F,0,0,0,0,0,87,0
RUBY-JUNE,F,0,0,0,0,0,3,0
RUBY-LEA,F,0,0,0,0,0,72,0
RUBYLEE,F,0,0,0,0,0,6,0
RUBY-LEE,F,0,0,0,0,0,75,0
RUBY-LEI,F,0,0,0,0,0,3,0
RUBYLEIGH,F,0,0,0,0,0,9,0
RUBY-LILLY,F,0,0,0,0,0,3,0
RUBY-LOU,F,0,0,0,0,0,99,0
RUBY-LOUISE,F,0,0,0,0,0,104,0
RUBY-MAI,F,0,0,0,0,0,190,0
RUBY-MARIE,F,0,0,0,0,0,46,0
RUBYMAY,F,0,0,0,0,0,3,0
RUBYN,M,0,0,0,0,0,15,0
RUBY-RAE,F,0,0,0,0,0,83,0
RUBYROSE,F,0,0,0,0,0,7,0
RUBY-ROSE,F,0,0,0,0,0,326,0
RUBY-SUE,F,0,0,0,0,0,15,0
RUBY-SUMMER,F,0,0,0,0,0,3,0
RUBY-TUESDAY,F,0,0,0,0,0,6,0
RUBY-VIOLET,F,0,0,0,0,0,3,0
RUCHA,F,0,0,0,0,0,11,0
RUCHEL,F,0,0,3,0,0,12,3
RUCHIKA,F,0,0,0,3,0,3,3
RUDAINA,F,0,0,0,0,0,3,0
RUDHRA,M,0,0,0,0,0,3,0
RUDIE,F,0,0,0,0,0,3,0
RUDINA,F,0,0,0,0,0,3,0
RUDO,F,0,0,0,0,0,6,0
RUDR,M,0,0,0,0,0,4,0
RUDRA,F,0,0,0,0,0,3,0
RUDRAKSH,M,0,0,0,0,0,3,0
RUDRANSH,M,0,0,0,0,0,5,0
RUDWAN,M,0,0,0,0,0,3,0
RUDY,F,0,0,0,0,0,14,0
RUEBAN,M,0,0,0,0,0,19,0
RUEBEN-JAMES,M,0,0,0,0,0,3,0
RUEL,M,0,0,0,0,4,19,4
RUFAEL,M,0,0,0,0,0,4,0
RUFAIDA,F,0,0,0,0,0,8,0
RUFAIDAH,F,0,0,0,0,0,8,0
RUFARO,F,0,0,0,0,0,36,0
RUFARO,M,0,0,0,0,0,3,0
RUFAYDAH,F,0,0,0,0,0,3,0
RUHAB,F,0,0,0,0,0,3,0
RUHAMA,F,0,0,0,0,0,14,0
RUHANI,F,0,0,0,0,0,25,0
RUHEE,F,0,0,0,0,3,6,3
RUHINA,F,0,0,0,0,0,6,0
RUHMA,F,0,0,0,0,0,7,0
RUKAIYAH,F,0,0,0,0,4,4,4
RUKAYAH,F,0,0,0,0,0,9,0
RUKAYAT,F,4,0,0,0,0,17,4
RUKAYYA,F,0,5,0,0,0,8,5
RUKEN,F,0,0,0,0,0,3,0
RUKIYE,F,0,0,0,0,0,6,0
RUKSAAR,F,5,0,0,0,0,5,5
RUMAAN,M,0,3,0,0,0,15,3
RUMAAN,F,0,0,0,0,0,9,0
RUMAANA,F,0,0,3,3,0,6,6
RUMAISAH,F,0,0,0,0,0,34,0
RUMAITHAH,F,0,0,0,0,0,10,0
RUMAN,F,0,0,0,0,0,8,0
RUMANAH,F,4,0,0,3,0,7,7
RUMAYSAA,F,0,0,0,0,0,27,0
RUMAYSAH,F,3,0,0,0,0,146,3
RUMBIDZAI,F,0,0,0,0,0,21,0
RUMEISA,F,0,0,0,0,0,3,0
RUMESA,F,0,0,0,0,0,3,0
RUMEYSA,F,0,0,0,3,0,39,3
RUMI,M,0,0,0,0,0,28,0
RUMMANAH,F,0,0,3,0,0,22,3
RUO,F,0,0,0,0,0,40,0
RUOXI,F,0,0,0,0,0,5,0
RUQAIYYA,F,0,0,0,0,0,6,0
RUQAIYYAH,F,0,0,0,0,3,11,3
RUQIA,F,0,0,0,0,0,10,0
RUQIYAH,F,0,0,0,0,0,9,0
RUQQAYA,F,0,0,0,0,0,6,0
RUQQAYAH,F,0,0,0,0,0,13,0
RUSHANE,M,0,0,0,4,0,17,4
RUSHIKA,F,0,0,0,0,0,5,0
RUSHNA,F,0,0,0,0,0,3,0
RUSNE,F,0,0,0,0,0,35,0
RUSSELL-JAMES,M,0,0,0,0,0,3,0
RUSTAM,M,0,0,0,0,0,30,0
RUT,F,0,0,0,0,0,13,0
RUTENDO,F,0,0,0,0,0,79,0
RUTVI,F,0,0,0,0,0,4,0
RUVARASHE,F,0,0,0,0,0,87,0
RUVIMBO,F,0,0,0,0,0,43,0
RUWAIDAH,F,0,0,0,0,0,5,0
RUWAN,M,0,0,0,0,0,3,0
RUWAYDA,F,0,0,0,0,4,152,4
RUWAYDAH,F,0,0,0,0,0,23,0
RUZENA,F,0,0,0,0,0,3,0
RYAAN,M,0,0,0,0,0,107,0
RYAD,M,0,0,0,0,0,13,0
RYAN,F,0,6,0,0,0,21,6
RYAN-JUNIOR,M,0,0,0,0,0,6,0
RYANLEE,M,0,0,0,0,0,3,0
RYANN,M,3,0,0,0,0,15,3
RYANVEER,M,0,0,0,0,0,3,0
RYDAL,M,0,0,0,0,0,3,0
RYDAN,M,0,0,0,0,0,7,0
RYDEN,M,0,0,0,0,0,42,0
RYDER,M,0,0,4,0,0,512,4
RYELL,M,0,0,0,0,0,4,0
RYEN,M,0,0,0,0,0,3,0
RYHANA,F,0,0,0,0,0,3,0
RYHANNA,F,0,0,0,0,0,17,0
RYLAND,M,4,0,0,0,0,58,4
RYLE,M,0,0,0,0,0,7,0
RYLEA,M,0,0,0,0,0,16,0
RYLEA,F,0,0,0,0,0,13,0
RYLEE,F,0,0,0,0,0,165,0
RYLEE-JAMES,M,0,0,0,0,0,4,0
RYLEE-JAY,M,0,0,0,0,0,5,0
RYLEI,M,0,0,0,0,0,6,0
RYLEI,F,0,0,0,0,0,3,0
RYLEN,M,0,0,0,0,0,14,0
RYLEY,F,3,0,0,3,0,44,6
RYLEY-JAMES,M,0,0,0,0,0,3,0
RYLEY-JAY,M,0,0,0,0,0,3,0
RYLI,M,0,0,0,0,0,3,0
RYLIE,F,0,0,0,0,0,126,0
RYLY,M,0,0,0,0,0,4,0
RYM,F,0,0,0,0,0,19,0
RYNAD,F,0,0,0,0,0,3,0
RYOMA,M,0,0,0,0,0,3,0
RYON,M,0,0,0,0,0,7,0
RYVER,F,0,0,0,0,0,3,0
RYYAN,M,0,0,0,0,0,4,0
SAABIR,M,0,0,0,0,0,48,0
SAABIRIN,F,0,0,0,0,0,3,0
SAACHI,F,0,0,0,3,0,92,3
SAACHI,M,0,0,0,0,0,3,0
SA'AD,M,0,0,5,0,0,90,5
SAADA,F,0,0,0,0,0,11,0
SAADI,M,0,0,0,0,0,8,0
SAADIAH,F,0,3,0,0,0,3,3
SAADIQ,M,0,0,0,0,0,9,0
SAADIYA,F,0,0,0,0,0,8,0
SAAHIBAH,F,0,0,0,0,4,4,4
SAAHIL,M,3,0,3,0,0,124,6
SAAHIR,M,0,0,0,0,3,38,3
SAAHIRAH,F,0,0,0,0,3,3,3
SAAID,M,0,0,0,0,0,3,0
SAAIM,M,0,0,0,0,0,54,0
SAAIMA,F,0,0,0,0,0,6,0
SAAIMAH,F,0,0,0,0,3,16,3
SAAIRAH,F,0,0,0,0,0,8,0
SAAJID,M,0,0,0,0,0,12,0
SAALEHA,F,0,0,0,0,0,9,0
SAALIH,M,0,0,0,0,0,28,0
SAALIHA,F,0,0,0,5,0,106,5
SAAM,M,3,0,0,0,0,43,3
SAAMI,M,0,0,0,0,0,35,0
SAAMIA,F,4,0,0,0,0,17,4
SAAMIR,M,0,0,0,0,0,6,0
SAAMIYA,F,0,0,0,0,0,33,0
SAAMIYAH,F,0,0,0,0,0,8,0
SAAN,M,0,0,0,0,0,3,0
SAANA,F,0,0,0,0,3,3,3
SAANIA,F,3,0,0,0,3,15,6
SAANIYA,F,0,0,0,0,0,7,0
SAANIYAH,F,0,0,0,0,0,3,0
SAANVI,F,0,0,0,0,0,320,0
SAANVIKA,F,0,0,0,0,0,11,0
SAANYA,F,3,0,0,0,0,6,3
SAARAA,F,0,0,3,0,0,3,3
SAARIM,M,0,0,0,0,0,13,0
SAARIYAH,F,0,0,0,0,0,10,0
SAARRAH,F,0,0,0,0,3,3,3
SAATHANA,F,0,0,0,0,0,3,0
SAATHVIK,M,0,0,0,0,0,3,0
SAATVIK,M,0,0,0,0,0,11,0
SAAVAN,M,0,0,3,0,0,17,3
SAAVI,F,0,0,0,0,0,3,0
SAAYA,F,0,0,0,0,0,3,0
SABA,M,0,0,0,0,0,3,0
SABANA,F,3,0,0,0,0,3,3
SABARIN,F,0,0,0,0,0,10,0
SABEEH,M,0,0,0,0,0,17,0
SABEEKA,F,0,0,0,0,0,28,0
SABEELA,F,0,0,4,0,3,7,7
SABEENA,F,0,3,0,0,0,14,3
SABEEQA,F,0,0,0,0,0,5,0
SABEER,M,0,0,0,0,0,3,0
SABEERA,F,0,0,0,0,0,3,0
SABELLA,F,0,0,0,0,0,20,0
SABENA,F,0,6,0,0,0,10,6
SABIAH,F,0,0,0,0,0,6,0
SABIAN,M,3,0,0,0,3,65,6
SABIH,M,0,0,0,0,0,6,0
SABILA,F,0,0,0,0,0,4,0
SABIN,M,0,0,0,0,3,17,3
SABIRIIN,F,0,0,0,0,0,6,0
SABIRIN,F,0,0,0,0,0,57,0
SABIYAH,F,0,0,0,0,0,3,0
SABOOR,M,0,0,0,0,0,10,0
SABRENA,F,0,0,0,0,0,8,0
SABRIIN,F,0,0,0,0,0,3,0
SABRIYA,F,0,0,0,3,0,10,3
SABRIYAH,F,0,0,0,0,0,21,0
SACARIO,M,0,0,0,0,0,3,0
SACHELLE,F,0,0,0,3,0,3,3
SACHIT,M,0,0,0,0,0,4,0
SACHITH,M,0,0,0,0,0,3,0
SACHLEEN,F,0,0,0,0,0,9,0
SACHPREET,F,0,0,0,0,0,6,0
SADA,F,0,0,0,0,0,7,0
SADAN,F,0,0,0,0,0,10,0
SADAQ,M,0,0,0,0,0,3,0
SADAQAT,M,0,0,0,3,0,3,3
SADDIQ,M,0,0,0,0,0,3,0
SADEED,M,0,0,0,0,0,4,0
SADEEL,F,0,0,0,0,0,4,0
SADEEM,F,0,0,0,0,0,3,0
SADEKA,F,5,0,0,0,0,5,5
SADHBH,F,0,0,0,0,0,27,0
SADHIA,F,0,0,0,3,0,3,3
SADIE-GRACE,F,0,0,0,0,0,3,0
SADIE-LEIGH,F,0,0,0,0,0,6,0
SADIE-MAE,F,0,0,0,0,0,13,0
SADIE-MAY,F,0,0,4,0,0,12,4
SADIE-RAE,F,0,0,0,0,0,5,0
SADIE-ROSE,F,0,0,0,0,0,9,0
SADIKUR,M,0,4,0,0,0,4,4
SADIQA,F,0,0,0,3,0,21,3
SADIQAH,F,0,0,0,0,4,21,4
SADIQUL,M,0,3,0,0,0,3,3
SADIQUR,M,0,0,4,0,0,4,4
SADIYYA,F,3,0,0,3,0,6,6
SADUF,F,3,0,0,0,0,3,3
SADYA,F,0,0,0,0,0,5,0
SAE,F,0,3,0,0,0,6,3
SAEEDAH,F,0,0,0,0,0,11,0
SAEEM,M,0,0,0,0,3,6,3
SAEMA,F,0,0,0,0,0,3,0
SAESHA,F,0,0,0,0,0,7,0
SAFA,M,0,0,0,0,0,3,0
SAFAL,M,0,0,0,0,0,25,0
SAFANA,F,0,0,0,3,0,3,3
SAFEENAH,F,0,0,0,0,0,3,0
SAFEERA,F,0,0,0,0,0,3,0
SAFEERAH,F,0,0,0,0,0,14,0
SAFEEYA,F,0,0,0,0,0,8,0
SAFEEYAH,F,0,0,0,0,0,6,0
SAFFAH,F,0,0,0,3,0,100,3
SAFFANAH,F,0,0,0,0,0,10,0
SAFFI,F,0,0,0,0,0,34,0
SAFFIE,F,0,0,0,0,0,35,0
SAFFIRA,F,0,0,0,0,0,4,0
SAFFIRE,F,0,0,0,0,0,34,0
SAFFIYYAH,F,0,0,0,0,0,6,0
SAFHA,F,0,0,0,0,0,6,0
SAFI,M,3,0,0,0,0,57,3
SAFI,F,0,3,0,0,0,24,3
SAFIAH,F,0,3,3,0,0,32,6
SAFIATOU,F,0,0,0,0,0,4,0
SAFIN,M,0,0,0,0,0,6,0
SAFIRE,F,0,0,0,0,0,6,0
SAFIULLAH,M,0,0,0,0,0,20,0
SAFIYAN,M,0,0,0,0,0,3,0
SAFIYO,F,0,0,0,0,0,3,0
SAFOORA,F,0,0,0,0,0,37,0
SAFOORAH,F,0,0,0,0,0,23,0
SAFRAZ,M,0,0,0,0,0,6,0
SAFREEN,F,0,0,0,0,0,12,0
SAFURA,F,0,0,3,0,0,9,3
SAFURAH,F,0,0,0,0,0,3,0
SAFWA,F,0,0,0,0,0,6,0
SAFWANA,F,0,0,0,0,0,7,0
SAFYA,F,0,0,0,0,0,3,0
SAFYAAN,M,3,0,3,0,0,28,6
SAGA,F,0,0,0,0,0,10,0
SAGANA,F,0,0,0,0,0,3,0
SAGE,M,0,0,0,0,0,34,0
SAHA,F,0,0,0,0,0,8,0
SAHAANA,F,0,0,0,0,0,9,0
SAHAD,M,0,0,0,0,0,3,0
SAHAIR,F,0,0,0,0,0,4,0
SAHAJ,M,0,0,0,0,0,24,0
SAHAJDEEP,M,0,0,0,0,0,3,0
SAHAM,F,0,0,0,0,0,6,0
SAHAN,M,0,0,0,0,0,13,0
SAHAND,M,3,0,0,0,0,70,3
SAHARAH,F,0,0,4,0,0,10,4
SAHARSH,M,0,0,0,0,0,6,0
SAHAS,M,0,0,0,0,0,5,0
SAHASRA,F,0,0,0,0,0,56,0
SAHD,M,0,0,0,0,0,4,0
SAHEB,M,0,0,0,0,0,3,0
SAHEEL,M,0,3,0,0,4,10,7
SAHEIM,M,0,0,0,0,0,9,0
SAHEJ,M,0,0,0,0,3,16,3
SAHEJ,F,0,0,0,0,0,13,0
SAHEL,M,0,0,0,0,0,42,0
SAHERA,F,0,0,0,0,5,5,5
SAHIB,F,0,0,0,0,0,30,0
SAHIBAH,F,0,0,0,0,0,3,0
SAHIBDEEP,M,0,0,0,0,0,23,0
SAHIBJEET,M,0,0,0,0,0,3,0
SAHIBJOT,M,0,0,0,0,0,29,0
SAHIBPREET,M,0,0,0,0,0,3,0
SAHIBVEER,M,0,0,0,0,0,3,0
SAHIBVIR,M,0,0,0,0,0,3,0
SAHIBZADA,M,0,0,0,0,0,3,0
SAHIDA,F,0,0,0,0,0,7,0
SAHILL,M,0,0,0,0,0,9,0
SAHIM,M,0,0,0,0,0,7,0
SAHL,M,0,0,0,0,0,19,0
SAHLA,F,0,0,0,0,0,13,0
SAHUR,F,0,0,0,0,0,3,0
SAI,F,0,0,0,0,0,87,0
SAIDAH,F,0,0,0,0,0,10,0
SAIDOU,M,0,0,0,0,0,3,0
SAIEM,M,0,0,0,0,0,3,0
SAIFA,F,0,0,0,0,0,26,0
SAIFAAN,M,0,0,0,0,0,10,0
SAIFALI,M,0,0,3,0,0,3,3
SAIF-ALI,M,0,0,0,0,0,3,0
SAIFAN,M,0,0,0,0,0,84,0
SAIF-ULLAH,M,0,0,0,0,0,9,0
SAIHAAN,M,0,0,0,0,3,61,3
SAIHAJ,M,0,0,0,0,0,11,0
SAIHAJLEEN,F,0,0,0,0,0,4,0
SAIHAN,M,0,0,0,0,0,6,0
SAIHOU,M,0,0,0,0,0,11,0
SAIKOU,M,0,0,0,0,0,19,0
SAILOR,F,0,0,0,0,0,13,0
SAIMON,M,0,0,0,0,0,17,0
SAIMONAS,M,0,0,0,0,0,13,0
SAINA,F,0,0,0,0,0,37,0
SAINABOU,F,0,0,0,0,0,33,0
SAINTHAVI,F,0,0,0,0,0,3,0
SAISH,M,0,0,0,0,0,10,0
SAIYA,F,0,0,0,0,0,34,0
SAIYAM,M,0,0,0,0,0,3,0
SAIYARA,F,0,0,0,0,3,3,3
SAIYEDA,F,0,0,0,0,0,3,0
SAJA,F,0,0,0,0,4,104,4
SAJAL,F,0,0,0,0,0,6,0
SAJANA,F,0,0,0,0,0,12,0
SAJDA,F,0,0,4,0,0,4,4
SAJDAH,F,0,0,0,0,0,3,0
SAJED,M,0,0,0,0,0,13,0
SAJEEV,M,0,0,0,0,0,3,0
SAJIDUR,M,0,0,0,0,0,3,0
SAJITH,M,0,0,0,0,0,6,0
SAJJAN,M,0,0,0,0,0,18,0
SAJMON,M,0,0,0,0,0,9,0
SAJNI,F,0,4,0,0,0,8,4
SAKARIA,M,0,0,0,0,3,17,3
SAKARIYA,M,0,0,3,0,3,60,6
SAKEENAH,F,0,0,0,0,0,37,0
SAKETH,M,0,0,0,0,0,10,0
SAKI,F,0,0,0,4,0,11,4
SAKSHAM,M,0,0,0,0,0,15,0
SAKSHI,F,0,3,0,0,0,33,3
SALAAH,M,0,0,0,0,0,3,0
SALAAR,M,0,0,0,0,0,28,0
SALAHADIN,M,0,0,0,0,0,3,0
SALAHUDDEEN,M,0,0,0,0,0,4,0
SALAHUDDIN,M,0,0,3,0,3,200,6
SALAH-UDDIN,M,0,0,0,0,0,3,0
SALAHUDEEN,M,0,0,0,0,0,64,0
SALAHUDIN,M,0,0,0,0,0,29,0
SALAM,M,0,3,0,0,0,3,3
SALAR,M,0,0,3,0,0,29,3
SALEEHA,F,0,0,0,0,0,10,0
SALEEMA,F,3,4,0,0,0,10,7
SALEEMAH,F,0,0,0,0,0,4,0
SALEHAH,F,0,0,0,0,0,3,0
SALEISHA,F,0,0,0,0,0,5,0
SALEM,F,0,0,0,0,0,24,0
SALENA,F,0,0,0,3,0,38,3
SALHA,F,0,0,0,0,0,7,0
SALIA,F,3,3,0,0,0,6,6
SALIAH,F,3,0,0,0,0,3,3
SALIEU,M,0,0,0,0,0,3,0
SALIMAH,F,0,4,0,0,0,14,4
SALIMATOU,F,0,0,0,0,0,3,0
SALLAH,M,0,0,0,3,0,3,3
SALMAA,F,0,4,0,0,0,7,4
SALMAH,F,0,0,0,0,3,23,3
SALMO,F,0,0,0,0,0,3,0
SALOMEA,F,0,0,0,0,0,6,0
SALOMEIA,F,0,0,0,0,0,3,0
SALOMON,M,0,0,0,0,0,6,0
SALSABEEL,F,0,0,0,0,0,29,0
SALSABIL,F,3,0,0,3,0,39,6
SALUM,M,0,0,0,0,0,3,0
SAMAA,F,0,0,0,0,0,71,0
SAMAAD,M,0,0,0,0,0,9,0
SAMAAH,F,0,0,0,0,0,10,0
SAMAHER,F,0,0,0,3,0,3,3
SAMAIYA,F,0,0,0,0,0,3,0
SAMANA,F,0,0,0,0,0,3,0
SAMANDA,F,0,0,0,0,3,3,3
SAMANTHA-JAYNE,F,6,0,0,0,0,6,6
SAMANVI,F,0,0,0,0,0,9,0
SAMARAH,F,0,0,0,0,0,103,0
SAMARBIR,M,0,0,0,0,0,3,0
SAMARDEEP,M,0,0,0,0,0,4,0
SAMARITEANCA,F,0,0,0,0,0,4,0
SAMARJOT,M,0,0,0,0,0,3,0
SAMARPREET,F,0,0,0,0,0,4,0
SAMARPREET,M,0,0,0,0,0,3,0
SAMARRA,F,0,0,0,0,0,3,0
SAMARVIR,M,0,0,0,0,0,9,0
SAMAY,M,0,0,0,0,0,45,0
SAMAYA,F,0,0,0,3,0,72,3
SAMBA,M,0,0,0,0,0,10,0
SAMBA,F,0,0,0,0,0,3,0
SAMBHAV,M,0,0,0,0,0,3,0
SAMBOR,M,0,0,0,0,0,3,0
SAMED,M,0,0,0,0,0,19,0
SAMEEA,F,0,0,0,0,3,3,3
SAMEEAH,F,0,0,0,0,0,14,0
SAMEED,M,0,3,0,0,0,9,3
SAMEEKSHA,F,0,0,0,0,0,4,0
SAMEEM,M,0,0,0,0,0,7,0
SAMEEN,M,0,0,0,0,0,3,0
SAMEENAH,F,0,0,0,0,0,9,0
SAMEET,M,3,0,3,0,0,6,6
SAMEEYA,F,0,3,0,0,0,7,3
SAMEH,M,0,0,0,4,0,13,4
SAMENA,F,0,0,0,3,0,3,3
SAMER,F,0,0,4,0,0,4,4
SAMERAH,F,3,3,0,0,0,6,6
SAMESH,M,0,0,0,0,0,3,0
SAMET,M,0,0,0,3,0,65,3
SAMEUL,M,0,0,0,0,0,7,0
SAMEYA,F,0,0,0,0,0,14,0
SAMHITHA,F,0,0,0,0,0,6,0
SAMIAT,F,0,0,0,0,0,10,0
SAMIH,M,3,0,0,0,0,49,3
SAMIIRA,F,0,0,0,0,0,17,0
SAMIK,M,0,0,0,0,0,10,0
SAMIKA,F,0,0,0,0,0,6,0
SAMIKSHA,F,0,0,0,0,0,19,0
SAMIM,M,0,0,0,0,0,30,0
SAMIN,F,0,0,0,0,0,6,0
SAMIP,M,0,0,0,0,0,3,0
SAMIT,M,3,0,0,0,0,23,3
SAMI-UL,M,0,0,0,0,0,9,0
SAMIULLAH,M,0,0,0,0,0,50,0
SAMI-ULLAH,M,0,0,0,0,0,3,0
SAMIUR,M,0,0,0,0,3,16,3
SAMM,M,3,0,0,0,0,3,3
SAMMA,F,0,0,0,0,0,8,0
SAMMAN,F,0,0,0,3,0,3,3
SAMMAN,M,0,0,0,0,0,3,0
SAMMAR,F,0,0,0,0,0,6,0
SAMMER,M,0,0,0,0,0,3,0
SAMMIA,F,0,0,0,0,0,3,0
SAMMIE-JO,F,0,0,3,3,0,26,6
SAMMYA,F,0,0,0,3,0,3,3
SAMMYJO,F,0,0,0,3,0,3,3
SAMRAAJ,M,0,0,0,0,0,6,0
SAMRAAT,M,0,0,0,0,0,7,0
SAMRAN,M,3,3,0,0,0,12,6
SAMRAT,M,0,0,0,0,0,14,0
SAMRATH,M,0,0,0,0,0,30,0
SAMRAWIT,F,0,0,0,0,0,7,0
SAMREET,F,0,0,0,0,0,28,0
SAMRIDDHI,F,0,0,0,0,0,6,0
SAMRIDHI,F,0,0,0,0,0,3,0
SAMSAM,F,0,0,0,5,0,47,5
SAMUELA,F,0,0,0,0,0,22,0
SAMUEL-JAMES,M,0,0,5,0,0,21,5
SAMUELL,M,0,3,0,0,0,3,3
SAMUELLA,F,0,0,0,0,0,24,0
SAMVEER,M,0,0,0,0,0,3,0
SAMYAN,M,0,0,0,0,0,3,0
SAMYAR,M,0,0,0,0,0,10,0
SAMYOG,M,0,0,0,0,0,3,0
SAMYUKTHA,F,0,0,0,0,0,21,0
SAN,M,0,0,0,0,0,76,0
SANA,M,0,0,0,0,3,3,3
SANAAH,F,0,0,0,4,0,11,4
SANAD,M,0,0,0,0,0,56,0
SANAIYA,F,0,0,0,0,0,3,0
SANAN,M,0,0,0,0,0,3,0
SANAV,M,0,0,0,0,0,5,0
SANAYA,F,0,0,0,0,0,104,0
SANAYAH,F,0,0,0,0,0,8,0
SANAZ,F,0,0,0,0,0,3,0
SANCHA,F,0,0,4,0,0,14,4
SANCHIT,M,0,0,0,0,0,3,0
SANCIA,F,0,0,0,0,0,12,0
SANDER,M,0,0,0,0,3,33,3
SANDI,F,0,0,0,0,0,12,0
SANDILE,M,0,0,0,0,0,3,0
SANDIP,M,0,5,0,0,0,5,5
SANDIP,F,3,0,0,0,0,3,3
SANDIS,M,0,0,0,0,0,3,0
SANDOR,M,0,0,0,0,0,13,0
SANEESH,M,0,0,0,0,0,3,0
SANEL,M,0,0,0,0,0,3,0
SANEL,F,0,0,0,0,0,3,0
SANEM,F,0,0,0,0,0,3,0
SANG,M,0,0,0,0,0,4,0
SANGAVI,F,0,0,0,0,0,3,0
SANIAH,F,0,0,0,0,0,17,0
SANIHA,F,0,0,0,0,0,3,0
SANIJA,F,0,0,0,0,0,3,0
SANIKA,F,0,0,0,0,0,41,0
SANIL,M,0,0,0,0,0,6,0
SANIYYA,F,0,0,0,0,0,16,0
SANJEEDA,F,0,0,0,0,0,8,0
SANJEET,F,0,0,3,0,0,3,3
SANJEEVAN,M,3,0,3,0,0,18,6
SANJIT,M,0,3,0,0,3,17,6
SANJITH,M,0,0,0,0,0,3,0
SANJOG,M,0,0,0,0,0,3,0
SANJU,M,0,0,0,0,0,3,0
SANKALP,M,0,0,0,0,0,3,0
SANKAVI,F,0,0,0,0,0,6,0
SANNE,F,0,0,0,0,0,9,0
SANSKRITI,F,0,0,0,0,0,12,0
SANTA,F,0,0,0,0,0,6,0
SANTAE,F,0,0,0,0,0,3,0
SANTANA,M,0,0,0,0,5,18,5
SANTANNA,F,0,0,0,0,0,15,0
SANTHIYA,F,0,0,0,0,0,3,0
SANTHOSH,M,0,0,3,0,0,60,3
SANTHYA,F,0,0,0,0,0,3,0
SANTI,M,0,0,0,0,0,8,0
SANTINA,F,0,0,3,0,0,9,3
SANTO,M,0,0,0,0,0,3,0
SANTOS,M,0,0,0,0,0,23,0
SANULI,F,0,0,0,0,0,3,0
SANUSI,M,0,0,0,0,0,3,0
SANUTHI,F,0,0,0,0,0,9,0
SANVI,F,0,0,0,0,0,138,0
SANVIKA,F,0,0,0,0,0,4,0
SANVIR,M,0,0,3,0,0,3,3
SANYAH,F,0,0,0,0,0,3,0
SAOOD,M,0,0,0,0,0,4,0
SAPHINA,F,0,3,0,3,0,12,6
SAPHIR,F,0,0,0,0,0,3,0
SAPHORA,F,0,0,0,0,0,3,0
SAPHYRE,F,0,0,0,0,0,6,0
SAPPHIRE-ROSE,F,0,0,0,0,0,22,0
SARAA,F,0,0,0,0,0,3,0
SARAFINA,F,4,0,0,0,0,10,4
SARAH-,F,0,0,0,0,3,6,3
SARAH-ANNE,F,3,0,3,0,0,12,6
SARAH-BETH,F,3,0,0,0,0,3,3
SARAH-LOU,F,0,0,0,0,0,3,0
SARAH-MAY,F,0,0,0,0,0,6,0
SARAI,F,0,6,0,0,0,141,6
SARAIYA,F,0,0,0,0,0,8,0
SARAIYAH,F,0,0,0,0,0,3,0
SARA-JANE,F,0,5,0,0,0,5,5
SARA-JAYNE,F,3,0,0,0,0,9,3
SARAM,M,0,0,0,0,0,3,0
SARANG,F,0,0,0,0,0,3,0
SARAVANAN,M,0,0,0,0,0,3,0
SARAYAH,F,0,0,0,0,0,34,0
SARAYU,F,0,0,0,0,0,17,0
SARBJEET,M,0,0,0,0,3,3,3
SARBJIT,M,0,0,0,6,0,6,6
SARBJIT,F,0,0,0,0,0,3,0
SARE,F,0,0,0,0,0,7,0
SAREEN,F,0,0,0,0,0,9,0
SAREM,M,0,0,0,0,0,3,0
SARENNA,F,0,0,0,0,0,3,0
SAREYA,F,0,0,0,0,0,4,0
SARIM,M,0,0,0,0,0,191,0
SARINAH,F,0,0,0,0,0,20,0
SARISHA,F,0,0,0,0,0,19,0
SARIYA,F,0,0,0,0,0,19,0
SARIYAH,F,0,0,0,0,0,48,0
SARJAN,M,0,0,0,0,3,9,3
SARJUN,M,0,3,0,0,0,3,3
SARLOTA,F,0,0,0,0,0,9,0
SARLOTE,F,0,0,0,0,0,7,0
SARMAD,M,0,0,0,0,5,47,5
SARO,M,0,0,0,0,0,3,0
SARON,F,0,0,0,0,6,105,6
SAROOP,F,0,0,0,3,0,13,3
SAROSH,F,0,0,0,0,0,4,0
SARP,M,0,0,0,0,0,3,0
SARRAH,F,0,3,0,3,0,26,6
SARRINA,F,0,0,0,0,0,3,0
SARRINAH,F,0,0,0,0,0,138,0
SARTAAJ,M,0,0,0,0,0,10,0
SARTAJ,M,0,0,0,0,0,53,0
SARTHAK,M,0,0,0,0,0,34,0
SARUJAN,M,0,0,0,0,0,10,0
SARUNAS,M,0,0,0,0,0,3,0
SARVAN,M,0,0,0,0,0,4,0
SARVESH,M,0,0,0,0,0,16,0
SARWA,F,0,0,0,0,0,3,0
SARYA,F,0,0,0,0,0,18,0
SASAN,M,0,0,0,0,0,3,0
SASHA-MAE,F,0,0,0,0,0,3,0
SASHI,F,0,0,0,0,0,3,0
SASHKA,F,0,0,0,3,3,6,6
SASHVIN,M,0,0,0,0,0,7,0
SASKA,F,0,0,0,3,0,3,3
SASSI,F,0,0,0,0,0,3,0
SASWIN,M,0,0,0,0,0,7,0
SATBIR,M,0,3,0,0,0,3,3
SATHUSAN,M,0,0,0,0,0,3,0
SATHVIKA,F,0,0,0,0,0,5,0
SATINDER,M,0,0,0,0,0,3,0
SATINE,F,0,0,0,0,0,15,0
SATPAL,M,0,0,3,3,0,6,6
SATPREET,F,0,0,0,0,0,3,0
SATSUKI,F,0,0,0,0,0,4,0
SATVEER,M,0,3,0,3,0,9,6
SATVIR,M,0,0,0,0,0,5,0
SATWINDER,M,0,3,0,0,0,9,3
SATYA,F,0,0,0,0,0,9,0
SATYAM,M,0,0,0,0,0,3,0
SAUDA,F,0,0,0,0,0,18,0
SAUGAT,M,0,0,0,0,0,7,0
SAULE,F,0,0,0,0,0,100,0
SAUMYA,F,0,0,0,0,0,24,0
SAUMYA,M,0,0,0,0,0,3,0
SAVA,F,0,0,0,0,0,7,0
SAVAIN,M,0,0,0,0,0,3,0
SAVAIRA,F,0,0,0,0,0,4,0
SAVAN,F,0,0,0,0,0,3,0
SAVANNAH-GRACE,F,0,0,0,0,0,3,0
SAVANNAH-LEIGH,F,0,0,0,0,0,9,0
SAVANNAH-LOUISE,F,0,0,0,0,0,3,0
SAVANNAH-MAI,F,0,0,0,0,0,4,0
SAVANNAH-RAE,F,0,0,0,0,0,7,0
SAVANNAH-ROSE,F,0,0,0,0,0,56,0
SAVANNA-ROSE,F,0,0,0,0,0,7,0
SAVARNA,F,0,0,0,0,0,3,0
SAVAS,M,0,0,6,0,0,9,6
SAVERAH,F,0,0,0,0,0,7,0
SAVIA,F,0,0,0,0,0,9,0
SAVINA,F,0,0,3,0,0,26,3
SAVIO,M,0,0,0,0,0,52,0
SAVIRA,F,0,0,0,0,0,3,0
SAVO,F,0,0,0,0,0,3,0
SAVRAAJ,M,0,0,0,0,0,3,0
SAVVA,M,0,0,0,0,0,10,0
SAVYA,M,0,0,0,0,0,3,0
SAWAN,M,0,0,0,6,0,6,6
SAWDA,F,0,4,0,0,0,54,4
SAWDAH,F,0,0,0,5,0,67,5
SAWERA,F,0,0,0,0,0,29,0
SAWSAN,F,0,0,0,0,0,23,0
SAYAAM,M,0,0,0,0,0,7,0
SAYAM,M,0,0,0,0,0,16,0
SAYAN,M,0,0,0,0,0,43,0
SAYANA,F,0,0,0,0,0,3,0
SAYDA,F,0,0,0,0,0,8,0
SAYDEE,F,0,0,0,0,0,3,0
SAYEF,M,0,0,0,0,0,3,0
SAYEM,M,0,0,0,0,0,13,0
SAYER,M,0,0,0,0,0,3,0
SAYF,M,0,3,0,0,3,51,6
SAYFUL,M,0,0,0,0,5,10,5
SAYFULLAH,M,0,0,0,0,0,9,0
SAYHAAN,M,0,0,0,0,0,6,0
SAYHAN,M,0,0,0,0,0,50,0
SAYIDA,F,0,0,0,0,0,3,0
SAYIM,M,0,0,0,0,0,3,0
SAYLA,F,0,0,0,0,0,3,0
SAYNAB,F,0,0,0,0,0,44,0
SAYON,M,0,0,0,0,0,3,0
SAYSHA,F,0,0,0,0,0,3,0
SAYYAM,M,0,0,0,0,0,9,0
SAYYEDA,F,0,0,0,0,3,19,3
SAYYID,M,3,0,0,3,0,35,6
SAYYIDA,F,0,0,0,0,0,15,0
SAYYIDAH,F,0,0,0,0,0,22,0
SCARLA,F,0,0,0,0,0,3,0
SCARLET-LOUISE,F,0,0,0,0,0,3,0
SCARLET-ROSE,F,0,0,0,0,0,95,0
SCARLETT-ANN,F,0,0,0,0,0,3,0
SCARLETT-ANNE,F,0,0,0,0,0,3,0
SCARLETTE-ROSE,F,0,0,0,0,0,16,0
SCARLETT-GRACE,F,0,0,0,0,0,23,0
SCARLETT-JADE,F,0,0,0,0,0,3,0
SCARLETT-JANE,F,0,0,0,0,0,3,0
SCARLETT-LEA,F,0,0,0,0,0,3,0
SCARLETT-LEIGH,F,0,0,0,0,0,8,0
SCARLETT-LILLY,F,0,0,0,0,0,8,0
SCARLETT-LILY,F,0,0,0,0,0,6,0
SCARLETT-LOUISE,F,0,0,0,0,0,42,0
SCARLETT-MAE,F,0,0,0,0,0,41,0
SCARLETT-MAI,F,0,0,0,0,0,4,0
SCARLETT-MARIE,F,0,0,0,0,0,26,0
SCARLETT-MAY,F,0,0,0,0,0,19,0
SCARLETT-OLIVIA,F,0,0,0,0,0,7,0
SCARLETT-RAE,F,0,0,0,0,0,24,0
SCARLOTT,F,0,0,0,0,0,16,0
SCHYLER,F,0,0,0,0,0,3,0
SCOTT-LEE,M,0,0,0,0,0,3,0
SE,M,0,0,0,0,0,18,0
SEAN-JUNIOR,M,0,0,0,0,0,3,0
SEANPAUL,M,0,0,0,0,0,6,0
SEAN-PAUL,M,0,0,0,0,0,13,0
SEBA,F,0,0,0,0,0,8,0
SEBASTIAAN,M,3,0,0,0,0,29,3
SEBASTIANS,M,0,0,0,0,0,3,0
SEBASTIAO,M,0,0,0,0,0,8,0
SEBASTION,M,0,0,0,0,0,3,0
SEDANUR,F,0,0,0,0,0,3,0
SEDEF,F,0,0,0,0,0,16,0
SEDONA,F,0,0,0,0,3,10,3
SEELEY,M,0,0,0,0,0,24,0
SEEMAB,F,0,0,0,0,0,3,0
SEENA,F,0,0,0,0,0,3,0
SEERAT,F,0,3,0,0,0,118,3
SEETA,F,0,0,0,0,0,3,0
SEFA,M,0,0,0,0,3,21,3
SEFORA,F,0,0,0,0,4,57,4
SEHAJ,M,0,0,0,0,0,40,0
SEHAJ,F,0,0,0,0,0,37,0
SEHAJDEEP,M,0,0,0,0,0,9,0
SEHAJPREET,F,0,0,0,0,0,19,0
SEHAJPREET,M,0,0,0,0,0,4,0
SEHAJVEER,M,0,0,0,0,0,6,0
SEHAM,F,0,0,0,0,0,10,0
SEHEJ,M,0,0,0,0,0,10,0
SEHEJ,F,0,0,0,0,0,10,0
SEHREEN,F,3,0,0,3,0,6,6
SEIM,M,0,0,0,0,0,3,0
SEIRIAN,F,0,0,0,0,0,6,0
SEKINAT,F,0,0,3,0,0,3,3
SEKOU,M,0,0,0,0,0,34,0
SELAH,F,0,0,0,0,0,7,0
SELAM,F,0,0,0,4,0,10,4
SELASE,M,0,0,0,0,0,3,0
SELCUK,M,3,0,0,0,0,3,3
SELDA,F,0,0,0,0,0,3,0
SELIHOM,F,0,0,0,0,0,18,0
SELIKEM,F,0,0,0,0,0,3,0
SELINAY,F,0,0,0,0,0,4,0
SELORM,M,0,0,0,0,0,10,0
SELVI,F,0,0,0,0,0,11,0
SELWYN,M,0,0,3,0,0,26,3
SEM,M,0,0,0,0,0,15,0
SEMANUR,F,0,0,0,0,0,6,0
SEMHAR,F,0,3,0,0,0,3,3
SEMIRA,F,0,0,0,0,0,13,0
SEN,F,0,0,0,0,0,9,0
SEN,M,0,0,0,0,0,6,0
SENA,M,0,0,0,0,0,22,0
SENADA,F,0,0,0,0,3,3,3
SENARA,F,0,0,3,0,0,29,3
SENAY,M,0,0,0,0,0,21,0
SENEL,F,0,0,0,0,0,11,0
SENEM,F,0,0,0,3,3,10,6
SENER,M,0,3,0,0,0,3,3
SENNAN,M,0,0,0,0,0,3,0
SENNEN,M,0,0,0,0,0,97,0
SENON,M,0,0,0,0,0,6,0
SENTHOORAN,M,3,0,0,0,0,3,3
SENUKA,M,0,0,0,0,0,3,0
SENULI,F,0,0,0,0,0,17,0
SENYO,M,0,0,0,0,0,6,0
SEO,F,0,0,0,0,0,5,0
SEON,M,3,0,0,0,0,9,3
SERAFIM,M,0,0,0,0,0,7,0
SERAIAH,F,0,0,0,0,0,7,0
SERAJ,M,0,0,0,0,0,15,0
SERAN,M,0,0,0,0,0,3,0
SERAPHIM,M,0,0,0,0,0,3,0
SERAYA,F,0,0,0,0,3,39,3
SERAYAH,F,0,0,0,0,0,13,0
SERCAN,M,3,0,0,0,0,9,3
SERDAR,M,0,4,0,0,0,10,4
SEREF,M,0,0,0,0,0,3,0
SEREL,F,0,0,0,0,0,3,0
SERENAH,F,0,0,0,0,0,3,0
SEREN-GRACE,F,0,0,0,0,0,3,0
SEREN-HAF,F,0,0,0,0,0,9,0
SEREN-LOUISE,F,0,0,0,0,0,4,0
SERENNA,F,0,0,0,0,0,100,0
SEREN-RAE,F,0,0,0,0,0,3,0
SEREN-ROSE,F,0,0,0,0,0,6,0
SEREYA,F,0,0,0,0,0,3,0
SERGIU,M,0,0,0,0,0,3,0
SERGIUSZ,M,0,0,0,0,0,3,0
SERI,F,0,0,0,0,0,7,0
SERIAH,F,0,0,0,0,0,3,0
SERIGNE,M,0,0,0,0,0,3,0
SERIN,F,6,0,0,0,0,34,6
SERINE,F,0,0,0,0,0,63,0
SERPIL,F,0,0,3,0,0,3,3
SERRA,F,0,0,0,0,0,8,0
SERREN,F,0,0,0,0,0,8,0
SERYN,F,0,0,0,0,0,33,0
SETAISH,F,0,0,0,0,0,3,0
SETARA,F,0,0,0,0,0,6,0
SETAREH,F,0,0,0,0,0,15,0
SETAYESH,F,0,0,0,0,0,35,0
SETHAN,M,0,0,0,0,0,3,0
SETHUKI,F,0,0,0,0,0,3,0
SEUMAS,M,3,0,0,0,0,3,3
SEVA,M,0,0,0,0,0,3,0
SEVAN,M,0,0,0,0,0,9,0
SEVDA,F,0,3,0,0,0,7,3
SEVE,M,0,0,0,0,0,45,0
SEVEN,F,0,0,0,0,3,6,3
SEVEN,M,0,0,0,0,0,10,0
SEVERIANO,M,0,0,3,0,0,12,3
SEVERYN,M,0,0,0,0,0,3,0
SEVIM,F,0,0,0,3,3,9,6
SEVIN,F,0,0,0,0,0,11,0
SEVVAL,F,0,0,0,0,0,20,0
SEWA,M,0,0,0,0,0,3,0
SEWERYN,M,0,0,0,0,0,56,0
SEYAM,M,0,0,0,0,0,3,0
SEYAR,M,0,0,0,0,0,9,0
SEYDA,F,0,0,0,0,0,9,0
SEYEDEH,F,3,0,0,0,0,3,3
SEYIT,M,0,0,0,0,0,3,0
SEYNABOU,F,0,0,0,0,0,3,0
SEYON,M,0,0,0,0,0,33,0
SEYSHA,F,0,0,0,0,0,6,0
SEZER,M,3,0,0,0,0,9,3
SEZGIN,M,0,0,0,0,0,3,0
SHA,M,0,0,0,0,0,6,0
SHAAHID,M,0,4,0,0,0,10,4
SHAAKIR,M,0,0,0,0,0,10,0
SHAAKIRAH,F,0,0,0,0,0,23,0
SHAAM,M,3,0,0,0,0,3,3
SHAAM,F,0,0,0,0,0,4,0
SHAANA,F,0,4,0,3,0,7,7
SHAANDEEP,F,0,0,0,3,0,3,3
SHAANI,F,0,0,0,0,0,8,0
SHAANPREET,F,0,0,0,0,0,3,0
SHAANTI,F,0,0,0,0,0,4,0
SHAARAV,M,0,0,0,0,0,3,0
SHABAZZ,M,3,0,0,0,3,6,6
SHABIHA,F,0,0,0,0,0,6,0
SHABIR,M,0,3,0,3,0,22,6
SHABNAZ,F,3,0,0,0,0,3,3
SHAD,M,0,0,0,0,3,120,3
SHADA,F,0,0,0,0,0,23,0
SHADAE,F,0,0,0,0,0,26,0
SHADIYA,F,0,0,0,0,0,17,0
SHADMAN,M,0,0,4,0,0,14,4
SHADRACH,M,0,0,0,0,3,51,3
SHADY,M,0,0,0,0,0,4,0
SHAEDON,M,0,0,0,0,0,6,0
SHAELA,F,0,0,0,0,0,3,0
SHAELEIGH,F,0,0,0,0,0,3,0
SHAFA,F,0,0,0,0,0,6,0
SHAFAQ,F,3,3,0,0,0,9,6
SHAFAY,M,0,0,0,0,0,4,0
SHAFAYAT,M,0,0,0,0,0,3,0
SHAFEE,M,0,0,0,0,0,3,0
SHAFI,M,0,0,0,0,0,39,0
SHAFIN,M,0,0,0,0,0,21,0
SHAFIUL,M,0,3,0,0,3,15,6
SHAFIYA,F,0,0,0,0,0,3,0
SHAFQAT,M,3,0,0,0,0,3,3
SHAGANA,F,0,0,0,0,0,16,0
SHAGUFTA,F,0,4,0,0,3,7,7
SHAHAAB,M,0,0,0,0,0,8,0
SHAHAAN,M,0,0,0,0,0,14,0
SHAHAD,F,0,0,0,0,6,104,6
SHAHADOT,M,0,0,0,0,0,3,0
SHAHAN,F,0,0,0,0,0,3,0
SHAHANAZ,F,4,0,0,0,3,7,7
SHAHARA,F,0,4,0,0,0,9,4
SHAHARIAR,M,0,0,0,0,0,3,0
SHAHARYAR,M,0,0,0,0,0,6,0
SHAHED,F,0,0,0,0,0,23,0
SHAHEDA,F,0,0,0,0,0,3,0
SHAHEED,M,3,0,0,0,0,29,3
SHAHEEM,M,0,0,0,0,0,33,0
SHAHEIM,M,0,0,0,0,0,9,0
SHAHEL,M,0,3,0,0,0,3,3
SHAHIDUL,M,0,5,0,0,0,5,5
SHAHIDUR,M,0,3,0,3,0,6,6
SHAHIL,M,0,0,4,0,0,11,4
SHAHINUR,M,4,0,0,0,3,7,7
SHAHIRA,F,0,3,0,0,0,9,3
SHAHIRAH,F,0,0,0,0,0,6,0
SHAHISTA,F,4,0,0,0,0,4,4
SHAHJAHAN,M,0,0,0,3,0,3,3
SHAHLA,F,0,0,0,3,3,28,6
SHAHMEER,M,0,0,0,0,0,56,0
SHAHMIR,M,0,0,0,0,5,15,5
SHAHNAWAZ,M,0,4,0,0,0,10,4
SHAHNOOR,M,0,3,0,0,0,3,3
SHAHNOOR,F,0,0,0,0,0,6,0
SHAHRAM,M,0,0,0,0,0,3,0
SHAHREEN,F,3,0,3,0,0,13,6
SHAHRIA,M,0,0,3,0,0,3,3
SHAHRIN,F,0,0,0,0,3,16,3
SHAHROZ,M,0,0,0,0,0,4,0
SHAHRYAR,M,0,0,0,3,0,6,3
SHAHVEZ,M,0,0,0,0,0,3,0
SHAHWAIZ,M,0,0,0,0,0,8,0
SHAHYAAN,M,0,0,0,0,0,3,0
SHAHYAN,M,0,0,0,0,0,4,0
SHAHZADA,M,0,0,0,0,0,3,0
SHAHZADI,F,0,0,0,0,0,3,0
SHAIANNE,F,0,3,0,0,0,3,3
SHAID,M,3,0,0,0,0,3,3
SHAIDA,F,0,0,0,0,0,6,0
SHAIDEN,M,0,0,0,0,0,9,0
SHAIDON,M,0,0,0,0,0,4,0
SHAIK,M,0,0,0,0,0,3,0
SHAIKH,F,3,0,0,0,0,3,3
SHAIKHA,F,0,0,0,0,0,7,0
SHAILAH,F,0,0,0,0,0,8,0
SHAILAN,M,0,0,0,0,0,10,0
SHAILEE,F,0,3,0,0,0,3,3
SHAILENE,F,0,0,0,0,0,7,0
SHAILI,F,0,0,0,0,3,3,3
SHAIMAA,F,0,3,0,3,0,29,6
SHAINDY,F,0,0,0,0,0,10,0
SHAIVI,F,0,0,0,0,0,3,0
SHAIYA,F,0,0,0,0,0,4,0
SHAIYAN,M,0,0,0,0,0,3,0
SHAIZA,F,0,0,0,0,0,3,0
SHAJAN,M,0,0,0,3,0,3,3
SHAJIDA,F,0,3,0,0,0,7,3
SHAKAI,M,0,0,0,0,4,63,4
SHAKANA,F,0,0,0,0,0,4,0
SHAKAR,M,0,0,4,0,0,4,4
SHAKARA,F,0,0,0,3,0,19,3
SHAKAYLA,F,0,0,0,0,0,17,0
SHAKEAL,M,7,0,0,0,0,7,7
SHAKEEB,M,3,0,4,0,0,7,7
SHAKEELAH,F,0,0,4,0,0,8,4
SHAKEEM,M,3,0,0,0,0,18,3
SHAKEERA,F,0,0,0,0,0,4,0
SHAKEIL,M,0,3,0,4,0,7,7
SHAKEIRA,F,0,0,0,5,0,12,5
SHAKELA,F,0,0,3,0,0,6,3
SHAKINA,F,0,0,0,0,0,6,0
SHAKIRA-LEE,F,0,0,0,0,0,3,0
SHAKIYA,F,0,0,0,0,0,17,0
SHAKIYAH,F,0,0,0,0,0,3,0
SHAKTHI,F,0,0,0,0,0,10,0
SHAKTI,F,0,0,0,0,0,10,0
SHAKYE,M,0,0,0,0,0,8,0
SHAKYRA,F,0,0,0,3,0,16,3
SHALA,F,0,0,0,0,0,3,0
SHALAMAR,F,0,0,0,0,0,3,0
SHALEEN,F,4,0,0,0,0,4,4
SHALEIGH,F,0,3,0,0,0,3,3
SHALEN,F,0,0,0,0,0,3,0
SHALEY,F,0,3,0,0,0,3,3
SHALIKA,F,0,0,0,3,0,3,3
SHALIN,M,0,0,0,0,0,6,0
SHALINA,F,0,3,0,0,0,3,3
SHALIYAH,F,0,0,0,0,0,3,0
SHALONA,F,0,0,0,0,0,3,0
SHAMAL,M,0,0,0,0,0,3,0
SHAMARI,F,0,0,0,0,3,6,3
SHAMARI,M,0,0,0,0,0,26,0
SHAMAYA,F,0,0,0,0,0,6,0
SHAMEEL,M,0,3,0,0,0,6,3
SHAMEENA,F,0,0,0,0,0,6,0
SHAMEER,M,0,0,0,0,0,10,0
SHAMEKA,F,3,0,0,0,0,3,3
SHAMEL,M,0,0,0,0,4,4,4
SHAMELIA,F,0,0,0,0,0,3,0
SHAMEN,M,0,0,3,0,0,3,3
SHAMIA,F,0,0,0,0,5,23,5
SHAMIAH,F,0,0,0,0,0,7,0
SHAMIN,M,0,0,0,0,4,4,4
SHAMIRAH,F,0,0,0,0,0,3,0
SHAMISO,F,0,0,0,0,0,57,0
SHAMITA,F,0,0,0,0,0,3,0
SHAMIYA,F,0,0,0,0,0,15,0
SHAMLA,F,0,0,0,0,0,6,0
SHAMMAH,M,0,0,0,0,0,9,0
SHAMMAH,F,0,0,0,0,0,7,0
SHAMMAI,M,0,0,0,0,0,9,0
SHAMMAS,M,0,0,0,0,0,3,0
SHAMOYA,F,0,0,0,0,0,6,0
SHAMS,M,0,3,3,0,0,26,6
SHAMSHER,M,0,0,0,0,5,12,5
SHAMSUL,M,4,3,0,0,0,7,7
SHAMYA,F,0,0,0,0,0,3,0
SHAMYLA,F,3,0,0,0,0,3,3
SHANAAYA,F,0,0,0,0,0,3,0
SHANAIA,F,0,0,0,0,0,3,0
SHANAIYA,F,0,0,0,0,0,21,0
SHANAIYAH,F,0,0,0,0,0,3,0
SHANAN,F,0,0,0,3,0,8,3
SHANARA,F,0,0,4,0,0,7,4
SHANAY,M,0,0,0,0,0,3,0
SHANAYAH,F,0,0,0,0,0,14,0
SHANECE,F,0,0,3,0,0,3,3
SHANEEKA,F,0,0,0,0,0,3,0
SHANEEL,M,0,0,0,3,0,3,3
SHANEEN,F,3,0,0,0,0,3,3
SHANEI,F,0,0,0,0,0,6,0
SHANEIL,M,0,0,4,0,0,4,4
SHANEIL,F,0,0,0,0,0,12,0
SHANE-JUNIOR,M,0,0,0,0,0,3,0
SHANEKA,F,0,0,0,0,0,7,0
SHANELA,F,0,0,0,0,0,3,0
SHANELLA,F,3,0,0,0,0,3,3
SHANEQUA,F,0,0,0,0,0,12,0
SHANESE,F,0,0,3,0,0,15,3
SHANESSA,F,0,0,0,0,0,11,0
SHANETTE,F,0,0,3,0,0,3,3
SHANEYA,F,0,0,4,0,0,4,4
SHANEZ,F,0,0,0,0,0,3,0
SHANG,F,0,0,0,0,0,3,0
SHANII,F,0,0,0,0,0,3,0
SHANISHA,F,0,0,0,0,0,3,0
SHANITA,F,0,3,0,0,0,6,3
SHANIYAH,F,0,0,0,0,0,76,0
SHANJIDA,F,0,0,3,0,0,6,3
SHANLEIGH,F,0,0,0,0,0,6,0
SHANLEY,M,0,0,0,0,0,6,0
SHANNAE,F,0,0,4,0,0,17,4
SHANNAI,F,0,0,0,0,0,13,0
SHANNARA,F,4,0,0,0,0,4,4
SHANNELL,F,0,0,0,0,3,6,3
SHANNELLE,F,0,6,0,0,0,12,6
SHANNI,F,0,0,0,0,0,9,0
SHANNON-,F,0,0,0,0,0,6,0
SHANNYN,F,0,0,0,0,0,6,0
SHANTA,F,0,3,0,0,0,3,3
SHANTANA,F,0,0,0,0,0,3,0
SHANTAYA,F,0,0,0,0,0,14,0
SHANTIA,F,0,0,0,0,3,6,3
SHANUM,F,0,0,0,0,0,22,0
SHANVI,F,0,0,0,0,0,7,0
SHANYA,F,0,0,0,0,5,67,5
SHANYAH,F,0,0,0,0,0,6,0
SHANYCE,F,0,0,0,3,3,9,6
SHANZAY,F,0,0,0,0,0,126,0
SHANZE,F,0,0,0,0,0,8,0
SHANZEY,F,0,0,0,0,0,3,0
SHAPLA,F,4,0,0,0,0,4,4
SHAQUAN,M,0,3,0,0,0,34,3
SHAQUIELLE,M,0,4,0,0,0,4,4
SHAQUIL,M,0,4,3,0,0,7,7
SHARAD,M,0,0,0,0,0,6,0
SHARAE,F,0,0,0,0,0,7,0
SHARAF,M,0,0,0,0,0,10,0
SHARAI,F,0,0,0,0,0,3,0
SHARAINE,F,0,0,0,3,0,3,3
SHARAN,F,0,0,0,0,5,36,5
SHARAN,M,0,0,0,0,0,19,0
SHARANJEET,F,0,0,0,0,0,3,0
SHARANYA,F,0,0,0,0,3,39,3
SHARAYA,F,0,0,0,0,0,3,0
SHARDAI,F,0,0,0,0,5,17,5
SHARDONAY,F,0,0,0,0,0,14,0
SHARDONNAY,F,0,0,0,0,0,24,0
SHAREE,F,0,3,0,0,0,3,3
SHAREEF,M,0,0,0,3,0,33,3
SHAREEFAH,F,0,0,0,4,0,4,4
SHARIA,F,0,0,0,0,0,9,0
SHARIAH,F,0,3,0,0,0,17,3
SHARINA,F,0,0,0,0,0,4,0
SHARIQA,F,0,3,0,0,0,3,3
SHARISSE,F,0,0,3,0,0,3,3
SHARIYAH,F,0,0,0,0,0,8,0
SHARJEEL,M,0,5,0,0,0,20,5
SHARLEE,F,0,0,0,0,0,6,0
SHARLEEZ,F,0,0,0,0,0,17,0
SHARLIE,F,0,0,0,0,0,4,0
SHARMA,F,0,5,0,0,0,5,5
SHARMAKE,M,0,0,0,0,0,11,0
SHARMEEN,F,0,0,3,3,0,6,6
SHARMEL,F,0,0,0,0,0,6,0
SHARNAE,F,0,0,5,0,0,10,5
SHARNAI,F,0,4,0,0,0,4,4
SHARNEE,F,0,3,0,0,4,7,7
SHARNELL,F,0,0,3,0,0,3,3
SHARNTAY,F,0,0,0,0,0,7,0
SHARONDEEP,F,4,0,0,0,0,7,4
SHARONJEET,F,0,3,0,0,0,3,3
SHARONJIT,F,0,3,0,3,0,6,6
SHAROZ,M,0,3,0,0,0,3,3
SHARUJAN,M,0,0,0,0,0,6,0
SHARUKESH,M,0,0,0,0,0,3,0
SHARUN,M,0,0,0,0,0,3,0
SHARUSAN,M,0,0,0,0,0,3,0
SHARVIL,M,0,0,0,0,0,3,0
SHARVIN,M,0,0,0,0,0,4,0
SHARWIN,M,0,0,0,0,0,9,0
SHASHANK,M,0,0,0,0,0,19,0
SHASHWAT,M,0,0,0,0,0,6,0
SHASMEEN,F,0,0,0,0,0,29,0
SHATHA,F,0,0,0,0,0,3,0
SHAUL,M,0,0,0,0,0,6,0
SHAUNAK,M,0,0,0,0,0,10,0
SHAUNEE,F,5,0,0,0,0,5,5
SHAUNEY,F,5,0,0,0,0,5,5
SHAUNPAUL,M,0,0,0,0,0,3,0
SHAURYA,M,0,0,0,0,0,164,0
SHAVON,F,0,0,0,0,0,3,0
SHAVONNE,F,3,3,0,0,0,14,6
SHAWAIZ,M,0,0,0,0,0,24,0
SHAWANA,F,0,0,0,0,0,9,0
SHAWNNA,F,0,0,0,0,0,3,0
SHAYA,M,0,0,3,0,3,59,6
SHAYA,F,0,0,0,3,0,152,3
SHAYAH,F,0,0,0,0,0,27,0
SHAYANA,F,0,0,0,0,0,26,0
SHAYANN,F,0,0,0,0,0,3,0
SHAYANNA,F,0,0,0,0,0,3,0
SHAYANNE,F,0,0,0,0,0,13,0
SHAYDA,F,3,0,0,0,0,3,3
SHAYDEN,M,0,0,0,0,6,189,6
SHAYDN,M,0,0,0,0,0,4,0
SHAYDON,M,0,0,0,0,0,67,0
SHAYEN,M,0,0,0,0,0,25,0
SHAYLAH,F,0,0,0,0,0,56,0
SHAYLA-LOUISE,F,0,0,0,0,0,3,0
SHAYLA-MAE,F,0,0,0,0,0,7,0
SHAYLA-MAI,F,0,0,0,0,0,9,0
SHAYLA-MAY,F,0,0,0,0,0,3,0
SHAYLA-RAE,F,0,0,0,0,0,6,0
SHAYLEA,F,0,0,0,3,0,6,3
SHAYLEI,F,0,0,0,0,0,6,0
SHAYLEY,F,0,0,0,0,3,28,3
SHAYLON,M,0,0,0,0,0,12,0
SHAYMAA,F,0,3,0,0,0,42,3
SHAYNI,F,0,0,0,0,0,9,0
SHAYNIE,F,0,0,4,0,0,32,4
SHAYON,M,0,0,0,0,0,51,0
SHAYYAN,M,0,0,0,0,0,6,0
SHAZA,F,0,0,0,0,0,6,0
SHAZAAD,M,0,3,0,0,0,3,3
SHAZAIN,M,0,0,0,0,0,19,0
SHAZAN,M,0,3,0,0,0,7,3
SHAZANA,F,0,0,0,3,0,10,3
SHAZEDA,F,3,0,4,0,0,7,7
SHAZIB,M,0,0,0,0,0,3,0
SHAZIDA,F,0,0,4,0,0,4,4
SHAZIL,M,0,0,0,0,4,29,4
SHAZMA,F,3,0,0,0,0,3,3
SHAZNEY,F,0,0,0,4,3,7,7
SHEANI,F,0,0,0,0,0,6,0
SHEERAN,M,0,0,0,0,0,4,0
SHEETAL,F,0,0,3,0,0,3,3
SHEEZA,F,0,0,0,0,0,4,0
SHEHAB,M,0,0,0,0,0,3,0
SHEHBAZ,M,0,3,0,0,0,3,3
SHEHNAZ,F,3,0,0,0,0,7,3
SHEHREEN,F,0,0,0,0,0,3,0
SHEHROZ,M,0,0,0,0,0,6,0
SHEHROZE,M,0,0,0,0,0,6,0
SHEHZADI,F,0,0,0,0,0,3,0
SHEIK,F,0,0,0,0,0,9,0
SHEIKA,F,0,3,0,0,0,3,3
SHEIKHAH,F,0,0,3,0,0,3,3
SHEIL,M,0,0,0,0,3,3,3
SHEIMA,F,0,0,0,0,0,7,0
SHEINA,F,0,4,0,0,0,4,4
SHEINDEL,F,0,0,0,0,0,16,0
SHEINDY,F,0,0,0,0,0,78,0
SHEK,M,0,0,0,0,0,6,0
SHEKERA,F,0,0,0,3,0,3,3
SHEKH,M,0,0,0,0,0,7,0
SHEKHINAH,F,0,0,0,0,0,4,0
SHEKINA,F,0,0,0,0,0,7,0
SHEKIRA,F,0,3,0,0,0,3,3
SHEKU,M,3,0,0,0,0,3,3
SHELAH,F,0,0,0,3,0,3,3
SHELAN,F,0,0,0,0,0,4,0
SHELBY,M,0,3,3,0,0,23,6
SHELBY-LEA,F,0,0,0,0,0,6,0
SHELBY-LEIGH,F,0,0,0,0,0,12,0
SHELBY-LOUISE,F,0,0,0,0,0,3,0
SHELBY-ROSE,F,0,0,0,0,0,5,0
SHELLBIE,F,0,6,0,0,0,6,6
SHEMA,F,3,3,0,0,0,6,6
SHEMAIAH,F,0,0,0,0,3,24,3
SHEMAIAH,M,0,0,0,0,0,10,0
SHEMAR,M,0,0,0,0,5,42,5
SHEMIAH,M,0,0,0,0,0,3,0
SHEN,M,0,0,0,0,0,16,0
SHENA,F,0,0,3,0,0,3,3
SHENAE,F,0,3,3,0,0,42,6
SHENAI,F,0,0,3,0,0,53,3
SHENALI,F,0,0,0,0,0,3,0
SHENAY,F,0,3,0,0,0,51,3
SHENAYA,F,0,0,0,0,3,24,3
SHENAZ,F,0,0,3,0,0,6,3
SHENEECE,F,3,0,0,0,0,3,3
SHENEL,F,0,0,4,3,0,7,7
SHENELL,F,0,0,0,0,0,3,0
SHENIECE,F,3,0,4,0,0,7,7
SHENIKA,F,0,3,3,0,0,9,6
SHENIQUA,F,0,0,0,0,3,3,3
SHENIYA,F,0,0,0,0,0,3,0
SHENNAI,F,0,0,0,0,0,6,0
SHERAE,F,4,0,0,0,0,4,4
SHERALEE,F,4,0,0,0,0,4,4
SHERALYN,F,3,0,0,0,0,3,3
SHEREENA,F,0,0,5,0,0,14,5
SHERICA,F,0,0,0,0,0,3,0
SHERIDEN,F,3,0,3,0,0,6,6
SHERIECE,F,0,3,0,0,0,3,3
SHERIFAT,F,0,0,0,0,0,3,0
SHERIKA,F,0,0,0,0,0,9,0
SHERIN,F,0,0,0,0,0,3,0
SHERINA,F,0,0,5,0,0,12,5
SHERINE,F,0,0,0,3,3,16,6
SHERISE,F,3,0,0,3,0,26,6
SHERISSE,F,0,0,0,0,0,3,0
SHERLYN,F,0,0,0,0,0,4,0
SHERRIDAN,F,0,0,0,3,0,3,3
SHERYAAR,M,0,0,0,0,0,7,0
SHEVA,F,0,0,0,0,0,11,0
SHEVANI,F,5,0,0,0,0,5,5
SHEVONNE,F,3,0,0,0,0,3,3
SHEY,M,0,0,0,0,0,17,0
SHEYA,F,0,0,0,0,0,3,0
SHEYLA,F,0,0,0,0,0,7,0
SHEZA,F,0,0,0,0,0,105,0
SHI,F,0,0,0,0,3,87,3
SHIA,F,0,0,0,0,0,20,0
SHIALA,F,0,3,0,0,0,3,3
SHIANA,F,0,0,0,0,0,6,0
SHIANE,F,3,0,0,0,0,3,3
SHIANNA,F,0,0,0,0,0,27,0
SHIFAA,F,0,0,0,0,3,36,3
SHIFAH,F,0,0,0,0,0,6,0
SHIFAN,M,0,0,0,0,0,3,0
SHIFFA,F,0,0,0,0,0,6,0
SHIFRAH,F,0,0,0,3,0,3,3
SHIHAAB,M,0,0,0,0,0,3,0
SHIKANA,F,0,0,0,0,0,3,0
SHIKHA,F,0,0,0,0,0,9,0
SHIKIRA,F,0,0,0,0,4,11,4
SHILA,F,0,0,0,0,0,3,0
SHILAH,F,0,0,0,0,0,18,0
SHILO,M,0,0,0,0,0,8,0
SHILO,F,0,0,0,0,0,4,0
SHIN,M,0,3,0,0,0,3,3
SHINA,F,0,0,0,0,0,6,0
SHINADE,F,3,0,0,0,0,25,3
SHINE,F,0,0,0,0,0,3,0
SHINEAD,F,0,0,0,0,0,8,0
SHINELLE,F,0,0,0,5,0,5,5
SHINGO,M,3,0,0,0,0,3,3
SHINJI,M,0,0,0,0,0,3,0
SHION,M,0,0,0,0,0,4,0
SHIORI,F,0,0,0,0,0,3,0
SHIR,F,3,0,0,0,0,3,3
SHIREENA,F,0,0,0,0,0,3,0
SHIREL,F,0,0,0,0,0,3,0
SHIRI,F,0,0,0,3,0,6,3
SHIRON,M,0,0,0,0,0,3,0
SHIVAAN,M,0,0,0,0,0,5,0
SHIVAANSH,M,0,0,0,0,0,3,0
SHIVALI,F,0,3,3,0,0,22,6
SHIVANA,F,0,0,0,3,0,3,3
SHIVANSH,M,0,0,0,0,0,40,0
SHIVANSHI,F,0,0,0,0,0,7,0
SHIVEN,M,0,3,0,0,0,110,3
SHIVESH,M,0,0,0,0,0,16,0
SHIVIKA,F,0,0,0,0,0,7,0
SHIVRAJ,M,0,3,0,0,0,31,3
SHIVUM,M,0,0,4,0,0,4,4
SHIYA,F,0,0,0,0,0,19,0
SHIYI,F,0,0,0,0,0,3,0
SHIYING,F,0,0,0,0,0,3,0
SHIZA,F,0,0,0,0,0,71,0
SHK,M,0,0,0,0,0,5,0
SHKELQIM,M,0,0,0,3,0,3,3
SHKO,M,0,0,0,0,0,24,0
SHLOIMY,M,0,0,0,0,0,27,0
SHLOK,M,0,0,0,0,0,105,0
SHLOME,M,0,0,0,0,0,6,0
SHMIEL,M,0,0,0,0,0,9,0
SHNEUR,M,0,0,0,0,0,13,0
SHOAN,M,0,0,0,0,0,3,0
SHOHEB,M,0,3,0,0,0,3,3
SHOIAB,M,0,0,0,3,0,3,3
SHOIB,M,0,3,0,3,0,6,6
SHOLA,M,0,0,0,0,0,3,0
SHOLAH,F,0,0,0,0,0,3,0
SHOLOM,M,0,0,0,4,0,47,4
SHON,M,0,0,3,0,0,19,3
SHONI,F,0,0,0,0,0,8,0
SHONTAY,F,0,0,0,0,0,3,0
SHONTELLE,F,4,0,0,0,0,17,4
SHORIF,M,0,0,0,0,0,6,0
SHOSHONE,F,0,0,3,0,0,3,3
SHOURYA,M,0,0,0,0,0,15,0
SHPETIM,M,0,0,3,0,0,3,3
SHRADDHA,F,0,0,0,0,0,12,0
SHRAGA,M,0,0,0,0,0,13,0
SHRAVAN,M,0,0,0,0,0,25,0
SHRAVYA,F,0,0,0,0,0,6,0
SHRAY,M,0,0,0,0,0,11,0
SHRAYA,F,0,0,0,0,0,7,0
SHREYAN,M,0,0,0,3,0,35,3
SHREYANSH,M,0,0,0,0,0,9,0
SHREYAS,M,0,0,3,0,0,105,3
SHREYASH,M,0,0,0,0,0,3,0
SHRI,M,0,0,0,0,0,3,0
SHRI,F,0,0,0,0,0,3,0
SHRIA,F,0,0,0,0,0,8,0
SHRIHAN,M,0,0,0,0,0,15,0
SHRIKA,F,0,0,0,0,0,3,0
SHRINA,F,4,0,0,0,0,14,4
SHRIRAM,M,0,0,0,0,0,4,0
SHRISHTI,F,0,0,0,0,0,10,0
SHRISTI,F,0,0,0,0,0,8,0
SHRIYAN,M,0,0,0,0,0,13,0
SHRIYANS,M,0,0,0,0,0,7,0
SHRUTHI,F,0,3,0,0,0,53,3
SHU,F,0,0,0,0,0,33,0
SHUAB,M,0,0,0,0,0,3,0
SHU'AIB,M,0,0,0,0,0,3,0
SHUBH,M,0,0,0,0,3,30,3
SHUBHAM,M,0,0,0,0,3,26,3
SHUEB,M,0,0,0,0,3,3,3
SHUGRI,F,0,0,0,0,0,6,0
SHUHAIB,M,0,0,3,0,0,3,3
SHUHAN,M,0,0,3,0,0,13,3
SHUHEB,M,0,4,0,0,0,4,4
SHUHEDA,F,0,0,0,0,0,3,0
SHUJA,M,0,0,0,0,0,6,0
SHUJAAT,M,0,0,0,0,3,3,3
SHUKRI,F,6,0,0,0,0,85,6
SHULAMIS,F,4,0,0,0,0,10,4
SHULAMIT,F,0,0,0,0,0,8,0
SHULEM,M,0,0,0,3,0,49,3
SHUMAILA,F,0,0,0,0,0,10,0
SHUMAYA,F,0,0,0,0,0,4,0
SHUME,F,0,4,0,0,0,4,4
SHUMENA,F,0,0,0,0,3,3,3
SHUMON,M,0,5,0,0,0,5,5
SHURAIM,M,0,0,0,0,0,20,0
SHURMA,F,0,0,0,3,0,3,3
SHWAN,M,0,3,0,0,0,15,3
SHY,F,0,0,0,0,0,3,0
SHYAN,F,0,0,0,0,3,35,3
SHYAN,M,0,0,0,0,0,18,0
SHYANE,F,0,0,0,0,0,3,0
SHYANNA,F,0,0,0,0,0,22,0
SHYE,F,0,0,0,0,0,12,0
SHYLAH,F,0,0,0,0,0,102,0
SHYLA-ROSE,F,0,0,0,0,0,3,0
SHYLOH,F,0,0,0,0,0,13,0
SHYMA,F,3,0,0,0,0,6,3
SHYNE,M,0,0,0,0,0,10,0
SHYON,M,0,0,0,0,0,7,0
SHYRA,F,3,0,0,0,0,7,3
SI,F,0,0,5,0,0,72,5
SI,M,0,0,0,0,3,23,3
SIAANA,F,0,0,0,0,0,8,0
SIAKA,M,0,0,0,0,0,6,0
SIAM,M,0,3,0,3,0,70,6
SIAN,M,0,0,0,0,0,9,0
SIAN-LOUISE,F,3,0,0,0,0,3,3
SIAN-MARIE,F,0,0,3,0,0,3,3
SIARAH,F,0,0,0,0,0,3,0
SIAVASH,M,0,0,0,0,0,4,0
SIBEAL,F,0,0,0,0,0,3,0
SIBELLA,F,0,0,0,0,0,18,0
SIBUSISO,M,0,0,0,0,0,4,0
SIBYLLA,F,0,0,0,0,0,7,0
SIDAL,F,0,0,0,0,0,4,0
SIDARTH,M,0,0,0,0,0,6,0
SIDDARTH,M,0,0,0,3,0,24,3
SIDDH,M,0,0,0,0,0,4,0
SIDDHANTH,M,0,0,0,0,0,6,0
SIDDIQ,M,0,0,0,0,0,14,0
SIDDIQAH,F,0,3,3,0,0,12,6
SIDI,M,0,0,0,0,0,4,0
SIDIQ,M,0,0,0,0,0,4,0
SIDNEE,F,0,0,0,0,0,3,0
SIDONA,F,0,0,0,0,0,4,0
SIDONIA,F,0,0,0,0,0,3,0
SIDRATUL,F,0,0,0,0,0,4,0
SIEANNA,F,0,0,0,0,0,15,0
SIEM,M,0,0,0,0,0,11,0
SIENNA-BEAU,F,0,0,0,0,0,7,0
SIENNA-FAITH,F,0,0,0,0,0,3,0
SIENNA-GRACE,F,0,0,0,0,0,32,0
SIENNAH,F,0,0,0,0,0,10,0
SIENNA-JANE,F,0,0,0,0,0,3,0
SIENNA-LEA,F,0,0,0,0,0,3,0
SIENNA-LEE,F,0,0,0,0,0,7,0
SIENNA-LEIGH,F,0,0,0,0,0,51,0
SIENNA-LILLY,F,0,0,0,0,0,10,0
SIENNA-LILY,F,0,0,0,0,0,9,0
SIENNA-LOUISE,F,0,0,0,0,0,21,0
SIENNA-MAE,F,0,0,0,0,0,92,0
SIENNA-MAI,F,0,0,0,0,0,46,0
SIENNA-MARIE,F,0,0,0,0,0,29,0
SIENNA-MAY,F,0,0,0,0,0,53,0
SIENNE,F,0,0,0,0,0,3,0
SIERA,F,0,0,0,0,0,3,0
SIERRA-MAE,F,0,0,0,0,0,3,0
SIEW,F,0,0,0,0,3,3,3
SIGNE,F,0,0,0,0,0,3,0
SIHAAM,F,0,0,0,0,3,93,3
SIHAN,M,0,0,0,0,0,4,0
SILAN,F,3,3,0,0,0,48,6
SILKA,F,0,0,0,0,0,9,0
SILKE,F,3,0,0,0,3,18,6
SILVAN,M,0,0,0,0,0,3,0
SILVESTER,M,0,0,0,0,0,3,0
SILVIO,M,0,0,0,0,0,11,0
SILVIU,M,0,0,0,0,0,3,0
SIMAN,F,0,0,0,0,0,3,0
SIMAO,M,0,0,0,0,0,49,0
SIMAR,M,0,0,0,0,0,15,0
SIMARDEEP,F,3,0,0,0,0,6,3
SIMARJIT,F,0,0,0,0,0,6,0
SIMARPREET,F,0,0,0,0,0,39,0
SIMAS,M,0,0,0,0,0,56,0
SIMAY,F,0,0,0,0,0,11,0
SIMBARASHE,M,0,0,0,0,0,86,0
SIMER,F,0,0,0,0,0,4,0
SIMONAS,M,0,0,0,0,0,38,0
SIMRANDEEP,M,5,0,0,0,0,5,5
SIMRANJEET,M,4,0,0,0,0,12,4
SIMRANJIT,M,0,0,3,3,0,6,6
SIMRATH,F,0,3,0,0,0,13,3
SIMREET,F,0,0,0,0,0,28,0
SIMRITA,F,0,0,0,0,0,9,0
SIN,F,0,0,0,0,0,3,0
SINA,F,0,0,0,3,0,31,3
SINADE,F,0,0,0,0,0,6,0
SINAED,F,0,0,0,0,0,3,0
SINE,F,0,0,0,0,0,8,0
SINI,F,0,0,0,0,0,3,0
SINMILOLUWA,F,0,0,0,0,0,3,0
SINTIJA,F,0,0,0,0,0,3,0
SIOUXSIE,F,0,0,0,3,0,6,3
SIPHO,M,0,0,0,0,0,6,0
SIR,M,0,0,0,0,0,13,0
SIRA,F,0,0,0,0,0,24,0
SIRAAD,F,0,0,0,0,0,3,0
SIRAD,F,3,0,0,0,0,3,3
SIRAH,F,0,0,0,3,0,11,3
SIRAT,F,0,0,0,0,0,5,0
SIRENA,F,0,0,0,0,0,27,0
SIRENNA,F,0,0,0,0,0,3,0
SIRINE,F,0,0,0,0,0,63,0
SISANDA,F,0,0,0,0,0,3,0
SISLEY,F,0,0,0,0,0,3,0
SISSI,F,0,0,0,0,0,3,0
SISSY,F,0,0,0,0,0,23,0
SITARA,F,0,3,0,0,0,36,3
SIU,M,0,0,0,0,0,7,0
SIU,F,0,0,0,0,0,6,0
SIVAKUMAR,M,0,0,0,0,0,6,0
SIVAN,M,0,0,0,0,0,5,0
SIXTEN,M,0,0,0,0,0,3,0
SIYAA,F,0,0,0,0,0,3,0
SIYAAM,M,0,0,0,0,0,12,0
SIYANA,F,0,0,0,0,0,168,0
SIYANI,F,0,0,0,0,0,3,0
SIYANNA,F,0,0,0,0,0,10,0
SIYAR,M,0,0,0,0,0,32,0
SIYARA,F,0,0,0,0,0,3,0
SIYONA,F,0,0,0,0,0,70,0
SIYU,F,0,0,0,0,0,4,0
SIYUAN,M,0,0,0,0,0,3,0
SKARLET,F,0,0,0,0,0,20,0
SKARLETT,F,0,0,0,0,0,46,0
SKYANN,F,0,0,0,0,0,3,0
SKY-BLUE,F,0,0,0,0,0,6,0
SKYE-ANN,F,0,0,0,0,0,6,0
SKYELA,F,0,0,0,0,0,13,0
SKYELAH,F,0,0,0,0,0,3,0
SKYE-LEIGH,F,0,0,0,0,0,7,0
SKYE-LILY,F,0,0,0,0,0,7,0
SKYE-LOUISE,F,0,0,0,0,0,77,0
SKYE-MARIE,F,0,0,0,0,0,53,0
SKYE-ROSE,F,0,0,0,0,0,15,0
SKYIE,F,0,0,0,0,0,3,0
SKYLA-GRACE,F,0,0,0,0,0,6,0
SKYLAH-MAE,F,0,0,0,0,0,3,0
SKYLAH-RAE,F,0,0,0,0,0,5,0
SKYLAH-ROSE,F,0,0,0,0,0,16,0
SKYLA-JAE,F,0,0,0,0,0,3,0
SKYLA-JAI,F,0,0,0,0,0,6,0
SKYLA-LEIGH,F,0,0,0,0,0,5,0
SKYLA-LILLY,F,0,0,0,0,0,3,0
SKYLA-LOUISE,F,0,0,0,0,0,9,0
SKYLA-MAE,F,0,0,0,0,0,38,0
SKYLA-MAI,F,0,0,0,0,0,31,0
SKYLA-MARIE,F,0,0,0,0,0,3,0
SKYLA-MAY,F,0,0,0,0,0,19,0
SKYLAR,M,0,0,0,0,0,20,0
SKYLA-RAE,F,0,0,0,0,0,29,0
SKYLAR-LEIGH,F,0,0,0,0,0,3,0
SKYLAR-LOUISE,F,0,0,0,0,0,3,0
SKYLAR-MAE,F,0,0,0,0,0,13,0
SKYLAR-MAI,F,0,0,0,0,0,13,0
SKYLAR-MAY,F,0,0,0,0,0,7,0
SKYLA-ROSE,F,0,0,0,0,0,104,0
SKYLAR-RAE,F,0,0,0,0,0,13,0
SKYLAR-ROSE,F,0,0,0,0,0,31,0
SKYLER-ANN,F,0,0,0,0,0,3,0
SKYLER-GRACE,F,0,0,0,0,0,3,0
SKYLER-MAI,F,0,0,0,0,0,3,0
SKYLER-RAE,F,0,0,0,0,0,4,0
SKYLER-ROSE,F,0,0,0,0,0,16,0
SKY-LOUISE,F,0,0,0,0,0,12,0
SKYLYN,F,0,0,0,0,0,3,0
SKYRAH,F,0,0,0,0,0,25,0
SKYY,F,0,0,0,0,0,3,0
SLOKA,F,0,0,0,0,0,3,0
SMARAN,M,0,0,0,0,0,7,0
SMAYAN,M,0,0,0,0,0,6,0
SMILTE,F,0,0,0,0,0,86,0
SMIT,M,0,0,0,0,0,3,0
SMITH,M,0,0,0,0,0,20,0
SMRITI,F,0,0,0,0,5,21,5
SNEH,M,0,0,0,0,0,4,0
SNEZANA,F,0,0,0,0,0,4,0
SNIGDHA,F,0,0,0,0,0,12,0
SOCHIMA,F,0,0,0,0,0,4,0
SOFIA-GRACE,F,0,0,0,0,0,14,0
SOFIAH,F,0,0,0,0,4,32,4
SOFIA-LILLY,F,0,0,0,0,0,7,0
SOFIA-LOUISE,F,0,0,0,0,0,6,0
SOFIA-MAE,F,0,0,0,0,0,7,0
SOFIA-MARIE,F,0,0,0,0,0,3,0
SOFIA-MAY,F,0,0,0,0,0,3,0
SOFIA-ROSE,F,0,0,0,0,0,64,0
SOFIJA,F,0,0,0,0,0,232,0
SOFIYAH,F,0,0,0,0,0,32,0
SOFIYYA,F,0,0,0,0,0,3,0
SOFYA,F,0,0,0,0,0,26,0
SOHAAN,M,0,0,0,0,0,4,0
SOHAM,M,0,0,0,0,0,104,0
SOHANA,F,0,0,0,0,0,38,0
SOHAYB,M,0,0,0,0,0,7,0
SOHINI,F,0,3,0,0,0,3,3
SOHNA,F,0,0,0,0,0,3,0
SOHRAB,M,3,0,0,0,0,35,3
SOHUM,M,0,0,0,0,0,11,0
SOKAINA,F,0,3,0,0,0,3,3
SOL,F,0,0,0,0,0,15,0
SOLA,F,0,0,0,0,0,4,0
SOLANA,F,0,0,0,0,0,10,0
SOLANGE,F,0,0,0,0,4,29,4
SOLARA,F,0,0,0,0,0,5,0
SOLEN,F,0,0,0,0,0,3,0
SOLIMAN,M,0,0,0,0,0,3,0
SOLIN,F,0,0,0,0,0,7,0
SOLIYANA,F,0,0,0,0,0,10,0
SOLLIE,M,0,0,0,0,0,3,0
SOLLY,M,0,0,0,0,0,12,0
SOLOMIA,F,0,0,0,0,0,7,0
SOLYANA,F,0,0,0,0,0,15,0
SOMAIYA,F,0,0,0,0,0,6,0
SOMAN,F,0,0,0,0,0,3,0
SOMAYA,F,0,3,3,0,0,109,6
SOMAYAH,F,0,0,0,0,0,6,0
SOMAYYA,F,0,4,0,0,0,4,4
SOMMA,F,0,0,0,3,0,6,3
SOMTOCHUKWU,M,0,0,0,0,0,40,0
SOMYA,F,0,0,0,0,0,3,0
SONAH,F,3,0,0,0,0,3,3
SONAKSHI,F,0,0,0,0,0,11,0
SONAM,M,0,0,6,0,0,6,6
SONAY,F,3,0,0,0,0,3,3
SONI,M,0,0,0,0,0,7,0
SONI,F,0,0,0,0,0,3,0
SONIQUE,F,0,0,0,0,0,6,0
SONNA,F,0,0,0,0,0,3,0
SONNY-JAMES,M,0,0,0,0,0,3,0
SONNY-LEE,M,0,0,0,0,0,18,0
SONNY-RAY,M,0,0,0,0,0,3,0
SOORYA,M,0,0,0,0,0,3,0
SOPHIA-GRACE,F,0,0,0,0,0,60,0
SOPHIA-JADE,F,0,0,0,0,0,3,0
SOPHIA-LEIGH,F,0,0,0,0,0,15,0
SOPHIA-LILY,F,0,0,0,0,0,8,0
SOPHIA-LOUISE,F,0,0,0,0,0,24,0
SOPHIA-MAE,F,0,0,0,0,0,24,0
SOPHIA-MAI,F,0,0,0,0,0,10,0
SOPHIA-MARIE,F,0,0,0,0,0,20,0
SOPHIA-MAY,F,0,0,0,0,0,20,0
SOPHIA-RAE,F,0,0,0,0,0,7,0
SOPHIA-ROSE,F,0,0,0,0,0,144,0
SOPHIAT,F,0,0,0,0,0,3,0
SOPHIE-,F,0,0,0,0,3,17,3
SOPHIEANN,F,0,3,0,0,0,3,3
SOPHIE-ELLA,F,0,0,0,0,0,10,0
SOPHIE-ELLEN,F,0,0,0,0,0,3,0
SOPHIE-GRACE,F,0,0,0,0,0,15,0
SOPHIE-JADE,F,0,0,0,0,0,3,0
SOPHIE-LAUREN,F,0,0,0,3,0,3,3
SOPHIE-LEA,F,0,0,0,0,3,3,3
SOPHIE-LEE,F,0,0,0,0,0,19,0
SOPHIE-MAI,F,0,0,0,0,0,28,0
SOPHIE-MARIA,F,0,0,0,0,0,4,0
SOPHIE-RAE,F,0,0,0,0,0,6,0
SOPHIYA,F,0,0,0,0,0,32,0
SORA,F,0,3,0,3,0,29,6
SORA,M,0,0,0,0,0,6,0
SORAIA,F,0,0,0,0,0,44,0
SORAIYA,F,0,0,0,0,0,50,0
SORAIYAH,F,0,0,0,0,0,3,0
SORAYAH,F,0,0,0,0,0,47,0
SORENNA,F,0,0,0,0,0,3,0
SORIAH,F,0,0,0,0,0,13,0
SORINA,F,0,0,0,0,0,3,0
SORIYA,F,0,0,0,0,0,3,0
SORIYAH,F,0,0,0,0,0,15,0
SOROSH,M,0,0,0,0,0,3,0
SOROUSH,M,0,3,0,0,0,12,3
SOSAN,F,0,0,0,0,0,10,0
SOTERIS,M,0,0,0,0,0,3,0
SOTIRIA,F,0,0,0,0,0,3,0
SOTIRIOS,M,0,0,0,0,0,3,0
SOUAD,F,0,0,0,0,3,8,3
SOUFIAN,M,0,0,0,0,0,11,0
SOUFIANE,M,0,0,0,0,0,3,0
SOULEYMANE,M,0,0,0,0,0,7,0
SOUMAYA,F,0,0,3,0,0,36,3
SOUMEYA,F,0,0,0,0,0,6,0
SOUMIA,F,3,0,3,0,0,24,6
SOUMYA,F,0,0,0,0,0,18,0
SOURISH,M,0,0,0,0,0,3,0
SOWMIYA,F,0,0,0,0,0,3,0
SOZ,F,0,0,0,0,0,3,0
SPARKLE,F,0,0,0,0,0,3,0
SPARSH,M,0,0,0,0,0,11,0
SPARSHA,F,0,0,0,0,0,3,0
SPENCER,F,0,0,0,0,0,3,0
SREE,F,0,0,0,0,0,3,0
SREENIDHI,F,0,0,0,0,0,3,0
SREEYA,F,0,0,0,0,0,3,0
SREYA,F,0,0,3,0,0,30,3
SRI,M,0,0,0,0,0,36,0
SRI,F,0,0,0,0,0,28,0
SRIHAN,M,0,0,0,0,0,9,0
SRIHARI,M,0,0,0,0,0,3,0
SRIJAN,M,0,0,0,0,0,3,0
SRIKAR,M,0,0,0,0,0,3,0
SRINIDHI,F,0,0,0,0,0,3,0
SRINIKA,F,0,0,0,0,0,14,0
SRINITHI,F,0,0,0,0,0,3,0
SRIRAM,M,0,0,0,0,0,29,0
SRISHA,F,0,0,0,0,0,3,0
SRISHTI,F,0,0,0,0,0,44,0
SRITHARAN,M,0,0,0,0,0,3,0
SRIYA,F,0,0,0,0,0,41,0
SRIYAN,M,0,0,0,0,0,4,0
SRULI,M,0,0,0,0,0,15,0
SRULY,M,0,0,0,0,0,9,0
STACEY,M,0,4,3,0,0,7,7
STACEY-LEIGH,F,3,0,0,0,0,3,3
STACY,M,3,0,0,0,0,3,3
STAISHA,F,0,4,0,0,0,4,4
STAMFORD,M,0,0,0,0,0,3,0
STANISLAS,M,0,0,0,0,0,3,0
STANLEIGH,M,0,0,0,0,0,3,0
STANLEY-JAMES,M,0,0,0,0,0,3,0
STANLIE,M,0,0,0,0,0,5,0
STAR,M,0,0,0,0,0,6,0
STARLAH,F,0,0,0,0,0,3,0
STARLET,F,0,0,0,0,0,3,0
STARLETT,F,0,0,0,0,0,3,0
STARZIA,F,0,0,0,0,0,3,0
STAVROULLA,F,0,0,0,0,0,3,0
STEED,M,0,0,0,0,0,6,0
STEELE,M,0,0,0,0,0,7,0
STEFFANI,F,3,0,0,0,3,6,6
STELLAN,M,0,0,0,0,0,33,0
STEPAN,M,0,0,0,0,0,9,0
STEPHANI,F,0,3,0,0,0,3,3
STEPHANIA,F,3,0,0,0,3,15,6
STEPHY,F,0,0,0,0,0,6,0
STEVIE-JO,F,0,3,0,0,0,3,3
STEVIE-LEA,F,0,0,3,0,0,3,3
STEVIE-LEE,M,0,0,0,0,0,6,0
STEVIE-MAE,F,0,0,0,0,0,4,0
STEVIE-MAY,F,0,0,0,0,0,6,0
STEVIE-RAE,F,0,0,3,0,0,6,3
STEVIE-ROSE,F,0,0,0,0,0,3,0
STINA,F,0,0,0,0,0,18,0
STORY,F,0,0,0,0,0,3,0
STOYAN,M,0,0,0,0,0,4,0
STRAWBERRY,F,0,0,0,0,0,3,0
STUTI,F,0,0,0,0,0,28,0
STYLIANOS,M,0,0,0,0,0,3,0
SU,F,0,0,4,0,0,59,4
SUAAD,F,0,0,0,0,0,11,0
SUADA,F,0,0,0,0,0,9,0
SUAREZ,M,0,0,0,0,0,3,0
SUBAH,F,0,0,0,0,0,3,0
SUBAIR,M,0,0,0,0,0,4,0
SUBAITA,F,0,0,0,0,0,5,0
SUBER,M,0,0,0,0,0,9,0
SUBHA,F,0,0,3,0,3,6,6
SUBHANA,F,0,0,0,0,0,50,0
SUBIKSHA,F,0,0,0,0,0,13,0
SUBRINA,F,0,3,0,0,0,6,3
SUDAYS,M,0,0,0,0,0,3,0
SUDEN,F,0,0,0,0,0,3,0
SUDENAZ,F,0,0,0,0,0,43,0
SUDEYS,M,0,0,0,0,0,3,0
SUDIKSHA,F,0,0,0,0,0,6,0
SUEDA,F,0,0,0,0,0,6,0
SUFIYA,F,0,0,0,0,0,10,0
SUFIYAAN,M,0,3,0,0,0,51,3
SUFIYAH,F,0,0,3,0,0,3,3
SUGA,F,0,0,0,0,0,3,0
SUHAAN,M,0,0,0,0,0,63,0
SUHAANA,F,0,0,0,0,0,6,0
SUHAANI,F,0,0,0,0,0,5,0
SUHAN,M,0,0,0,0,0,12,0
SUHAS,M,0,0,0,0,0,3,0
SUHAVI,F,0,0,0,0,0,3,0
SUHAYLA,F,0,0,0,0,3,90,3
SUHAYLAH,F,0,3,0,0,0,22,3
SUHAYMA,F,0,0,0,0,0,3,0
SUHAYMAH,F,0,0,0,0,0,3,0
SUHEERA,F,0,0,0,0,0,6,0
SUHEIB,M,0,0,0,0,0,3,0
SUHEL,M,3,0,0,3,0,6,6
SUHEYB,M,0,0,0,0,0,23,0
SUHEYLA,F,0,0,0,0,0,11,0
SUJAL,M,0,0,0,0,0,15,0
SUJANA,F,0,0,0,0,0,3,0
SUJAY,M,0,0,0,0,0,14,0
SUJITH,M,0,0,0,0,0,6,0
SUJOOD,F,0,0,0,0,0,3,0
SUK,F,3,0,0,0,0,3,3
SUKAINAH,F,0,0,0,0,0,3,0
SUKAYNA,F,0,0,0,0,0,27,0
SUKAYNAH,F,0,0,0,0,0,3,0
SUKEY,F,0,0,0,0,0,7,0
SUKHI,F,0,0,0,0,0,3,0
SUKHJEET,M,0,0,4,0,0,4,4
SUKHJINDER,M,0,0,4,0,0,4,4
SUKHJINDER,F,3,0,0,0,0,3,3
SUKHJOT,M,0,0,0,0,0,13,0
SUKHJOT,F,0,0,0,0,0,3,0
SUKHLEEN,F,0,0,0,0,0,12,0
SUKHMAN,M,0,0,0,0,0,50,0
SUKHMAN,F,0,0,0,0,0,35,0
SUKHPAL,M,0,0,3,4,0,7,7
SUKHPREET,M,0,0,3,3,0,18,6
SUKHRAJ,F,0,0,0,0,0,13,0
SUKHVEER,F,3,0,0,3,0,20,6
SUKHVINDER,M,0,0,4,0,0,4,4
SUKHWINDER,M,0,4,0,0,0,7,4
SUKPREET,F,0,0,0,0,3,3,3
SUKVINDER,F,0,0,4,0,0,4,4
SULAF,F,0,0,0,0,0,6,0
SULAIMON,M,0,0,0,0,0,4,0
SULDAN,M,0,0,0,0,0,3,0
SULE,F,0,0,0,0,3,3,3
SULEEKHA,F,0,0,0,0,0,3,0
SULEKHA,F,0,0,3,0,3,13,6
SULEMAAN,M,0,5,0,0,0,14,5
SULIAMAN,M,0,0,0,0,0,4,0
SULIEMAN,M,0,0,0,0,0,13,0
SULIMAAN,M,0,0,0,3,0,3,3
SUM,F,0,0,0,0,0,3,0
SUMA,F,0,0,0,0,0,4,0
SUMAH,F,0,4,0,0,0,4,4
SUMAIA,F,0,0,0,0,0,26,0
SUMAIR,M,3,0,0,0,0,6,3
SUMAIRAA,F,0,0,0,0,0,15,0
SUMAIRAH,F,0,0,0,0,0,3,0
SUMAIYYA,F,0,0,0,0,0,9,0
SUMAIYYAH,F,0,0,0,0,0,6,0
SUMAYIA,F,0,0,0,0,0,3,0
SUMAYO,F,0,0,0,0,0,26,0
SUMAYRA,F,0,0,0,0,0,3,0
SUMBAL,F,4,0,0,0,3,7,7
SUMBUL,F,3,0,3,0,0,6,6
SUMEDH,M,0,0,0,0,0,3,0
SUMEHRA,F,0,0,0,0,0,8,0
SUMENA,F,4,0,0,0,0,4,4
SUMEYYE,F,3,0,0,0,0,23,3
SUMI,F,0,0,0,0,0,3,0
SUMIYAH,F,0,0,0,0,3,7,3
SUMIYYAH,F,3,0,3,0,0,12,6
SUMMAH,F,0,5,0,0,0,70,5
SUMMAIYA,F,0,0,0,0,0,3,0
SUMMA-LOUISE,F,0,0,0,0,0,3,0
SUMMAN,F,0,0,4,0,0,7,4
SUMMAYA,F,0,3,0,3,0,125,6
SUMMAYYAH,F,0,0,0,0,0,38,0
SUMMER-,F,0,0,0,0,0,9,0
SUMMER-GRACE,F,0,0,0,0,0,30,0
SUMMER-JADE,F,0,0,0,0,0,19,0
SUMMER-JANE,F,0,0,0,0,0,8,0
SUMMER-JAYE,F,0,0,0,0,0,3,0
SUMMER-JAYNE,F,0,0,0,0,0,10,0
SUMMER-JO,F,0,0,0,0,0,4,0
SUMMER-LEE,F,0,0,0,0,0,10,0
SUMMERLEIGH,F,0,0,0,0,0,4,0
SUMMER-LILLY,F,0,0,0,0,0,15,0
SUMMER-LILY,F,0,0,0,0,0,19,0
SUMMER-MAE,F,0,0,0,0,0,45,0
SUMMER-MAI,F,0,0,0,0,0,33,0
SUMMER-MARIE,F,0,0,0,0,0,27,0
SUMMER-MAY,F,0,0,0,0,0,40,0
SUMMER-RAE,F,0,0,0,0,0,53,0
SUMMER-RAY,F,0,0,0,0,0,4,0
SUMMER-ROSE,F,0,0,0,0,0,488,0
SUMMER-WILLOW,F,0,0,0,0,0,3,0
SUMRAH,F,0,0,0,3,0,3,3
SUNDEEP,F,3,0,0,0,0,3,3
SUNDHAS,F,0,3,0,0,0,3,3
SUNEET,F,0,0,3,0,0,3,3
SUNEHRA,F,0,0,0,0,0,3,0
SUNI,M,0,0,0,0,0,8,0
SUNIA,F,0,3,0,0,0,3,3
SUNILA,F,0,0,3,0,0,3,3
SUNIYA,F,0,0,3,0,0,3,3
SUNJAY,M,4,0,0,0,0,4,4
SUNNI,F,0,0,4,0,0,14,4
SUNNI,M,3,0,0,0,0,33,3
SUNRAJ,M,0,3,0,0,0,3,3
SUNVEER,M,0,0,0,0,0,6,0
SUNVIR,M,0,0,0,0,0,3,0
SUNYA,F,3,0,0,0,0,12,3
SUPRIYA,F,0,0,5,0,0,40,5
SURABHI,F,0,0,0,0,0,8,0
SURAFEL,M,0,0,0,0,0,3,0
SURAH,F,0,0,0,0,0,3,0
SURAIYAH,F,0,0,0,0,0,20,0
SURANNE,F,0,0,0,0,0,111,0
SURAYAH,F,0,0,0,0,0,18,0
SURAYYA,F,0,0,0,0,0,34,0
SURAYYAH,F,0,0,0,0,0,3,0
SUREENA,F,0,0,0,0,0,3,0
SUREN,M,0,0,0,0,0,9,0
SURESH,M,0,0,3,0,0,6,3
SUREYA,F,0,0,0,0,0,46,0
SUREYYA,F,0,0,0,0,0,3,0
SURIA,F,0,0,0,0,0,31,0
SURIAH,F,0,0,0,0,0,3,0
SURIYA,M,0,0,0,0,0,3,0
SURIYAH,F,0,0,0,0,0,9,0
SURJEET,M,3,0,0,0,0,3,3
SURRAYA,F,0,0,0,0,0,5,0
SURRAYAH,F,0,0,0,0,0,12,0
SURUTHI,F,0,0,0,0,0,3,0
SURYA,M,0,0,0,0,0,64,0
SURYANSH,M,0,0,0,0,0,3,0
SUSHANT,M,0,0,0,0,0,5,0
SUSHMITA,F,0,0,4,0,0,4,4
SUTHARSAN,M,0,0,0,0,3,12,3
SUVAN,M,0,0,0,0,0,9,0
SUVETHA,F,0,0,0,0,0,3,0
SUVI,F,0,0,0,0,0,3,0
SUWAYDA,F,0,0,0,0,0,30,0
SUWETHA,F,0,0,0,0,0,3,0
SUWEYDA,F,0,0,0,0,0,10,0
SUYASH,M,0,0,0,0,0,7,0
SUYEN,M,0,0,0,0,0,3,0
SUYOG,M,0,0,0,0,0,7,0
SUZANA,F,0,0,0,0,0,33,0
SUZIE-MAY,F,0,0,0,0,0,4,0
SVANA,F,0,0,0,0,0,6,0
SVARA,F,0,0,0,0,0,14,0
SVEA,F,0,0,0,0,0,6,0
SVEVA,F,0,0,0,0,0,3,0
SWALEY,M,0,0,0,0,0,10,0
SWARA,F,0,0,0,0,0,56,0
SWARAN,M,0,0,0,0,0,3,0
SWARUP,M,0,0,0,0,0,3,0
SWATHI,F,0,0,0,0,3,9,3
SWATI,F,0,3,0,0,0,6,3
SWAY,F,0,0,0,0,0,10,0
SWAYAM,M,0,0,0,0,0,23,0
SWAYLEY,M,0,0,0,0,0,19,0
SWAYZE,M,0,0,0,0,0,4,0
SWETA,F,3,0,0,0,0,3,3
SWETHA,F,0,0,0,4,0,28,4
SWITHIN,M,0,0,0,0,0,3,0
SWYN,F,0,0,0,0,0,10,0
SY,M,0,0,0,0,0,4,0
SYAM,M,3,0,0,0,0,6,3
SYAN,M,0,0,4,0,0,26,4
SYANNE,F,0,0,0,0,0,3,0
SYDNEY-MAE,F,0,0,0,0,0,4,0
SYDNEY-RAE,F,0,0,0,0,0,9,0
SYDNEY-ROSE,F,0,0,0,0,0,24,0
SYDONIE,F,0,0,3,0,0,3,3
SYEDAH,F,0,0,0,0,0,23,0
SYEDUL,M,0,0,0,0,0,3,0
SYEED,M,3,0,0,0,0,3,3
SYENNA,F,0,0,0,0,0,10,0
SYESHA,F,0,0,0,0,0,18,0
SYKE,F,0,0,0,0,0,4,0
SYLAR,M,0,0,0,0,0,8,0
SYLVAIN,M,3,0,0,0,0,6,3
SYLWESTER,M,0,0,0,0,0,12,0
SYLWIA,F,0,0,0,0,0,28,0
SYMA,F,0,0,0,0,4,11,4
SYMON,M,3,0,0,0,0,8,3
SYNA,F,0,0,0,0,0,12,0
SYONA,F,0,0,0,0,0,3,0
SYRAH,F,3,0,0,3,0,20,6
SYRENA,F,0,0,0,0,0,15,0
SYRIAH,F,0,0,0,0,0,6,0
SYRINE,F,0,0,0,0,0,3,0
SZE,F,0,0,0,0,3,6,3
T.,M,0,0,0,0,0,9,0
T.J.,M,0,3,0,0,0,6,3
TAAHA,M,0,0,3,0,0,75,3
TAAHIR,M,0,0,3,3,0,17,6
TAAHIRA,F,0,0,0,0,0,15,0
TAALIA,F,0,0,0,0,0,5,0
TAALIAH,F,0,0,0,0,0,23,0
TAALIB,M,0,0,0,0,3,3,3
TAALIYAH,F,0,0,0,0,0,3,0
TAANISH,M,0,0,0,0,0,3,0
TAANIYA,F,0,0,0,0,0,6,0
TAARA,F,0,0,0,0,0,4,0
TAASEEN,M,0,0,0,0,3,13,3
TAAVI,M,0,0,0,0,0,3,0
TABAN,F,0,0,0,0,0,6,0
TABASAM,F,4,0,0,0,0,4,4
TABASOM,F,0,0,0,0,0,9,0
TABASSAM,F,0,3,0,0,0,3,3
TABBITHA,F,0,0,0,0,0,3,0
TABINA,F,0,0,0,0,0,7,0
TABINDA,F,0,0,0,0,0,3,0
TABITA,F,0,0,0,0,0,37,0
TACY,F,0,0,0,0,0,3,0
TADAS,M,0,0,0,0,0,34,0
TADEAS,M,0,0,0,0,0,5,0
TADEUSZ,M,0,0,0,0,0,58,0
TADISA,M,0,0,0,0,0,3,0
TADISA,F,0,0,0,0,0,3,0
TADIWA,M,0,0,0,0,5,91,5
TADIWA,F,0,0,0,0,0,48,0
TADIWANASHE,M,0,0,0,0,0,77,0
TADIWANASHE,F,0,0,0,0,0,20,0
TAE,F,0,0,0,0,0,15,0
TAEGAN,M,0,0,0,0,0,4,0
TAEJA,F,0,0,0,0,0,3,0
TAEJAH,F,0,0,0,0,0,38,0
TAEJON,M,0,0,0,0,0,6,0
TAELAN,M,0,0,0,0,0,3,0
TAEO,M,0,0,0,0,0,3,0
TAESHA,F,0,0,0,0,0,3,0
TAEVON,M,0,0,0,0,0,3,0
TAEYA,F,0,0,0,0,0,18,0
TAEYON,M,0,0,0,0,0,3,0
TAFADZWA,M,0,0,0,0,0,42,0
TAFADZWA,F,0,0,0,0,0,16,0
TAFARA,M,0,0,0,0,0,60,0
TAFARA,F,0,0,0,0,0,17,0
TAFHEEM,M,0,0,0,0,0,3,0
TAFIDA,F,0,0,0,0,0,3,0
TAHA,F,0,0,0,0,0,3,0
TAHAA,M,0,0,0,0,0,3,0
TAHAANI,F,0,0,0,0,0,3,0
TAHAR,M,0,0,0,0,0,3,0
TAHEED,M,0,0,0,0,0,3,0
TAHEEM,M,0,0,0,0,0,56,0
TAHEIM,M,0,0,0,0,0,3,0
TAHERAH,F,0,0,0,0,0,3,0
TAHIA,F,0,3,0,0,0,42,3
TAHIRUL,M,0,0,0,0,0,4,0
TAHIRY,F,0,0,0,0,0,3,0
TAHIYAT,F,0,0,0,0,0,12,0
TAHIYYA,F,0,0,0,0,0,6,0
TAHLA,F,0,0,0,0,0,3,0
TAHLEAH,F,0,0,0,0,0,12,0
TAHLIAH,F,0,0,0,0,0,6,0
TAHLIA-ROSE,F,0,0,0,0,0,3,0
TAHLIL,M,0,0,3,0,0,3,3
TAHLIYA,F,0,0,0,0,0,10,0
TAHMEED,M,0,0,0,0,0,43,0
TAHMIDUL,M,3,3,0,0,0,13,6
TAHMID-UR,M,0,0,3,0,0,3,3
TAHMIMA,F,0,0,0,0,0,3,0
TAHMIN,F,0,0,0,4,3,10,7
TAHMOOR,M,0,3,0,0,0,3,3
TAHRIM,F,0,0,0,0,0,3,0
TAHRIN,F,0,0,0,0,0,8,0
TAHSEEN,M,0,0,0,0,3,47,3
TAHSIN,M,0,0,0,3,0,78,3
TAHSINA,F,0,0,0,0,3,9,3
TAHURA,F,0,0,0,0,0,3,0
TAHYA,F,0,0,0,0,0,6,0
TAIAH,F,0,0,0,0,0,6,0
TAIANNE,F,0,0,0,0,0,3,0
TAIDEN,M,0,0,0,0,0,8,0
TAIF,F,0,0,0,0,0,4,0
TAIGAN,F,0,0,0,0,0,19,0
TAIGAN,M,0,0,0,0,0,9,0
TAIGEN,F,0,0,0,0,0,5,0
TAIJA,F,0,0,0,0,0,33,0
TAIJAH,F,0,0,0,0,0,43,0
TAILAH,F,0,0,0,0,0,3,0
TAILOR,M,0,0,0,0,0,20,0
TAIM,M,0,0,0,0,0,36,0
TAIMA,F,0,0,0,0,0,3,0
TAIN,M,0,0,0,0,3,3,3
TAINA,F,0,0,0,0,0,28,0
TAIO,M,0,0,0,0,0,185,0
TAION,M,0,0,0,0,0,4,0
TAIRA,F,0,0,0,0,0,6,0
TAIS,F,0,0,0,0,0,6,0
TAISIA,F,0,0,0,0,0,21,0
TAISIJA,F,0,0,0,0,0,12,0
TAISIYA,F,0,0,0,0,0,7,0
TAIT,F,0,0,0,0,0,4,0
TAIYAB,M,0,0,0,0,0,6,0
TAIYAH,F,0,0,0,0,0,20,0
TAIYBA,F,0,0,0,0,4,7,4
TAIYO,M,0,0,0,0,0,5,0
TAIYON,M,0,0,0,0,0,6,0
TAJAUN,M,0,0,0,0,0,3,0
TAJAY,M,0,0,0,0,0,21,0
TAJINDER,F,0,0,4,0,0,7,4
TAJMINA,F,0,0,0,3,0,3,3
TAJUS,M,0,0,0,0,0,123,0
TAJVEER,M,0,0,0,0,0,3,0
TAJWAR,M,0,0,0,0,3,6,3
TAKIA,F,0,0,0,0,0,6,0
TAKIRA,F,0,0,0,0,0,6,0
TAKISHA,F,5,0,0,0,0,5,5
TAKIYAH,F,0,0,0,3,0,15,3
TAKONDWA,M,0,0,0,0,0,4,0
TAKSH,M,0,0,0,0,0,6,0
TAKUDZWA,M,0,0,0,0,0,74,0
TAKUDZWANASHE,M,0,0,0,0,0,6,0
TAKUMA,M,0,0,0,0,0,3,0
TAKUNDA,M,0,0,0,0,0,60,0
TAKWA,F,0,0,0,0,0,7,0
TAL,F,0,3,0,0,0,10,3
TALAH,F,0,0,0,0,0,10,0
TALAHA,M,0,0,0,0,0,3,0
TALAN,M,0,4,0,0,0,86,4
TALANA,F,0,0,0,0,0,3,0
TALAT,M,0,0,3,0,0,3,3
TALAYAH,F,0,0,0,0,0,10,0
TALEA,F,0,0,0,0,0,11,0
TALEB,M,0,0,0,0,0,3,0
TALEEN,F,0,0,0,0,0,48,0
TALEIGHA,F,0,0,0,0,0,7,0
TALEISHA,F,0,0,0,0,0,3,0
TALEKA,F,0,0,0,0,0,3,0
TALESHA,F,3,0,0,0,0,3,3
TALEYA,F,0,0,0,0,0,6,0
TALHAA,M,0,0,0,0,0,3,0
TALIAH-ROSE,F,0,0,0,0,0,3,0
TALIA-LEE,F,0,0,0,0,0,3,0
TALIA-MAE,F,0,0,0,0,0,3,0
TALIA-ROSE,F,0,0,0,0,0,33,0
TALIB,M,0,0,0,0,0,26,0
TALIKA,F,0,0,0,0,0,6,0
TALIN,M,0,0,0,0,0,12,0
TALIN,F,0,0,0,0,0,4,0
TALINA,F,0,0,0,0,0,3,0
TALIS,M,0,0,0,0,0,13,0
TALIS,F,0,0,0,0,0,3,0
TALISE,F,0,0,0,0,0,9,0
TALISKA,F,0,0,0,0,0,3,0
TALITA,F,3,0,0,0,0,11,3
TALIYAH,F,0,0,4,0,0,385,4
TALIYAH-ROSE,F,0,0,0,0,0,3,0
TALLAN,M,0,0,0,0,0,3,0
TALLEN,M,0,0,0,0,3,3,3
TALLIAH,F,0,0,0,0,0,28,0
TALLIE,F,0,0,0,0,0,37,0
TALLIYAH,F,0,0,0,0,0,3,0
TALLULAH-BELLE,F,0,0,0,0,0,51,0
TALLULAH-BLU,F,0,0,0,0,0,3,0
TALLULAH-MAE,F,0,0,0,0,0,3,0
TALLULAH-RAE,F,0,0,0,0,0,3,0
TALLULAH-ROSE,F,0,0,0,0,0,25,0
TALLY,F,0,0,0,0,0,34,0
TALOR,F,0,7,0,0,0,7,7
TALULLAH,F,0,0,0,0,0,56,0
TALYN,M,0,0,0,0,0,16,0
TAMAN,M,0,0,0,0,0,10,0
TAMANNAH,F,0,0,0,0,4,7,4
TAMARI,M,0,0,0,0,0,3,0
TAMARI,F,0,0,0,0,0,3,0
TAMARIN,F,0,0,3,0,0,3,3
TAMASIN,F,0,3,0,0,0,6,3
TAMAY,M,0,0,0,0,0,3,0
TAMAYA,F,0,0,0,0,0,6,0
TAMEEMA,F,0,0,0,0,0,4,0
TAMEENA,F,4,0,0,0,0,4,4
TAMEIKA,F,0,0,0,0,3,3,3
TAMEIRA,F,0,0,0,0,0,3,0
TAMEKAH,F,0,0,3,0,0,3,3
TAMIAH,F,0,0,0,0,0,27,0
TAMIE,F,0,0,0,0,3,3,3
TAMIEKA,F,3,0,0,0,0,3,3
TAMIERA,F,0,0,0,0,0,3,0
TAMILA,F,0,0,0,0,0,3,0
TAMIMA,F,0,0,0,0,3,28,3
TAMIMAH,F,0,0,0,0,0,6,0
TAMIR,M,3,0,3,0,0,50,6
TAMIYA,F,0,0,0,3,0,36,3
TAMIYAH,F,0,0,0,0,0,12,0
TAMJEED,M,0,0,0,0,0,10,0
TAMLA,F,0,0,3,0,3,9,6
TAMLIN,F,0,3,0,0,0,3,3
TAMLIN,M,0,0,0,0,0,6,0
TAMMARA,F,5,0,0,0,0,5,5
TAMMIN,F,0,0,0,0,0,11,0
TAMMYLEE,F,0,0,3,0,0,3,3
TAMMY-LEIGH,F,0,0,0,0,0,3,0
TAMOOR,M,0,0,0,3,0,6,3
TAMRA,F,0,0,0,0,0,3,0
TAMRYN,F,0,0,0,0,0,3,0
TAMSEEL,M,0,0,0,0,0,3,0
TAMYKA,F,5,0,0,0,0,5,5
TAMZEN,F,0,0,0,0,0,7,0
TAMZID,M,0,0,0,0,0,3,0
TAMZINE,F,0,0,0,0,0,9,0
TAN,M,0,0,0,0,0,6,0
TANA,F,0,0,0,0,0,26,0
TANA,M,0,0,0,0,0,17,0
TANAE,F,0,0,0,0,0,9,0
TANAIYA,F,0,0,0,0,0,11,0
TANATSWA,M,0,0,0,0,0,39,0
TANAV,M,0,0,0,0,0,6,0
TANAYAH,F,0,0,0,0,0,19,0
TANBEER,M,0,0,0,0,0,8,0
TANCREDI,M,0,0,0,0,0,3,0
TANEM,F,0,0,0,0,0,21,0
TANESHIA,F,0,0,3,0,0,3,3
TANGINA,F,3,3,0,0,0,6,6
TANIAH,F,0,0,0,0,0,3,0
TANIELA,M,0,0,0,0,0,3,0
TANIESHA,F,0,0,0,0,0,24,0
TANIM,M,0,0,3,0,0,10,3
TANIMA,F,0,0,0,0,0,4,0
TANISHKA,F,0,0,0,0,0,73,0
TANISHQ,M,0,0,0,0,0,15,0
TANISI,F,0,0,0,0,0,6,0
TANISKA,F,0,0,0,0,0,3,0
TANITOLUWA,F,0,0,0,0,0,20,0
TANITOLUWA,M,0,0,0,0,0,3,0
TANIYAH,F,0,0,0,0,0,14,0
TANJIM,M,0,0,0,0,0,8,0
TANJUM,F,0,0,3,0,0,3,3
TANMAY,M,0,0,0,0,0,32,0
TANNA,F,0,3,0,0,0,6,3
TANNIKA,F,0,0,0,0,0,4,0
TANREET,F,0,0,0,0,0,3,0
TANSIE,F,0,0,0,0,0,12,0
TANUJ,M,0,0,0,0,0,3,0
TANUSH,M,0,0,0,0,0,55,0
TANUSHA,F,0,0,0,0,0,5,0
TANUSHKA,F,0,0,0,0,0,15,0
TANUSHRI,F,0,0,0,0,0,3,0
TANVEE,F,0,0,0,0,0,3,0
TANVIKA,F,0,0,0,0,0,3,0
TANVIR,F,0,0,0,0,0,17,0
TANYARADZWA,F,0,0,0,4,0,78,4
TANYSHA,F,3,0,0,0,0,3,3
TANZEEL,F,0,0,0,0,0,6,0
TANZEELAH,F,0,0,3,0,0,3,3
TANZIA,F,0,0,0,0,0,8,0
TANZIMA,F,0,0,0,0,3,6,3
TAO,F,0,0,0,0,3,6,3
TAOFEEK,M,0,0,0,0,0,3,0
TAONA,M,0,0,0,0,0,6,0
TAPIWA,M,0,0,0,0,0,60,0
TAPIWANASHE,M,0,0,0,0,0,37,0
TAPIWANASHE,F,0,0,0,0,0,6,0
TAQI,M,0,0,0,0,0,9,0
TAQIYA,F,0,0,0,0,0,3,0
TAQIYAH,F,0,0,0,0,0,21,0
TAQWA,F,0,0,0,0,0,76,0
TAQWAA,F,0,0,0,0,0,12,0
TARAJI,F,0,0,0,0,0,3,0
TARAK,M,0,0,0,0,0,3,0
TARANA,F,3,0,0,0,0,3,3
TARANEH,F,0,0,0,0,0,4,0
TARANJEET,F,0,0,0,0,0,8,0
TARANJIT,F,0,0,3,0,0,12,3
TARANVEER,M,0,0,0,0,0,73,0
TARANVIR,F,0,0,0,0,0,3,0
TARAOLUWA,F,0,0,0,0,0,20,0
TAREEQ,M,0,0,0,3,0,6,3
TAREN,M,0,3,0,0,3,20,6
TAREN,F,0,0,0,0,0,7,0
TAREQ,M,0,5,0,0,0,34,5
TARIAN,M,0,3,0,0,0,15,3
TARIAN,F,0,0,0,0,0,6,0
TARICK,M,0,0,0,0,0,4,0
TARIKA,F,0,0,0,0,0,6,0
TARIN,M,0,0,5,0,0,5,5
TARINA,F,0,0,3,3,0,13,6
TARINI,F,0,0,0,0,0,4,0
TARIRO,F,0,0,0,0,0,30,0
TARIRO,M,0,0,0,0,0,3,0
TARJA,F,0,0,0,0,0,6,0
TARKA,M,0,0,0,0,0,3,0
TARLIA,F,0,0,0,0,0,24,0
TARN,M,0,0,0,0,0,13,0
TARNYA,F,4,0,0,0,0,7,4
TAROOB,F,0,0,0,0,0,3,0
TARQUIN,M,3,0,0,0,0,9,3
TARRAN,F,0,0,0,3,0,3,3
TARRELL,M,0,0,0,0,0,3,0
TARREN,F,3,0,0,0,0,3,3
TARRICK,M,0,0,0,0,0,3,0
TARRIN,M,0,0,0,0,0,15,0
TASANEE,F,0,0,0,0,0,3,0
TASARLA,F,3,0,0,0,0,3,3
TASFIAH,F,0,0,0,0,0,9,0
TASFIYAH,F,0,0,0,0,0,3,0
TASHAN,F,0,3,0,0,0,3,3
TASHANI,F,0,0,0,0,0,3,0
TASHANNA,F,0,0,0,3,0,3,3
TASHARN,M,0,3,0,0,0,6,3
TASHAUN,M,0,3,0,0,0,10,3
TASHAUNA,F,0,0,0,0,0,3,0
TASHFEEN,M,0,0,0,0,0,3,0
TASHFIA,F,0,0,0,0,0,3,0
TASHI,M,0,0,0,3,0,12,3
TASHI,F,0,0,0,0,0,4,0
TASHIF,M,0,0,0,0,0,3,0
TASHINGA,M,0,0,0,0,0,14,0
TASHON,M,3,0,0,3,0,6,6
TASHVI,F,0,0,0,0,0,7,0
TASKEEN,F,0,0,0,0,0,6,0
TASKIA,F,0,0,0,0,0,4,0
TASLEEM,F,3,3,0,0,0,6,6
TASLIM,M,0,3,0,0,0,3,3
TASMINE,F,4,0,0,0,0,7,4
TASMIYA,F,0,0,0,0,0,13,0
TASMYN,F,0,5,0,0,0,5,5
TASNEEMA,F,0,0,0,0,3,3,3
TASNEM,F,0,0,0,0,0,9,0
TASNIAH,F,0,0,0,0,0,7,0
TASNIIM,F,0,0,0,0,0,19,0
TASNIMAH,F,0,0,0,0,0,25,0
TASNUVA,F,0,0,0,0,0,3,0
TASSIA,F,0,0,0,0,0,6,0
TASSNEEM,F,3,0,0,0,0,3,3
TATENDA,M,0,0,0,3,0,100,3
TATENDA,F,0,0,0,0,0,78,0
TATHAN,M,0,0,0,0,0,3,0
TATIANNA,F,0,0,0,0,0,12,0
TATIYANA,F,0,0,0,0,0,6,0
TATSUYA,M,0,3,0,0,3,6,6
TATUM,M,0,0,0,0,0,16,0
TATYANNA,F,0,0,0,0,0,3,0
TAU,M,0,0,0,0,0,3,0
TAUFIQ,M,0,0,0,0,0,3,0
TAUHID,M,0,0,0,0,0,3,0
TAURAS,M,0,0,0,0,0,17,0
TAUSIF,M,0,0,0,3,0,12,3
TAUTVYDAS,M,0,0,0,0,0,4,0
TAVION,M,0,0,0,0,0,3,0
TAVISHA,F,0,0,0,0,0,6,0
TAVLEEN,F,0,0,0,0,0,33,0
TAVNEET,F,0,0,0,0,0,3,0
TAVON,M,4,0,0,0,0,9,4
TAVONGA,M,0,0,0,0,0,11,0
TAWAB,M,0,0,0,0,0,3,0
TAWAN,M,0,0,0,0,0,4,0
TAWANA,M,0,0,0,0,0,63,0
TAWANANYASHA,F,0,0,0,0,0,32,0
TAWANANYASHA,M,0,0,0,0,0,18,0
TAWANASHE,M,0,0,0,0,0,3,0
TAWANDA,M,3,3,0,0,0,38,6
TAWFEEQ,M,0,0,0,0,0,4,0
TAWFIQ,M,0,0,0,0,0,26,0
TAWHID,M,0,0,0,0,0,127,0
TAWHIDA,F,0,0,0,0,0,10,0
TAWHIDUL,M,0,0,0,0,0,7,0
TAWONGA,M,0,0,0,0,0,6,0
TAWQEER,M,0,0,0,0,3,3,3
TAWQIR,M,0,0,0,0,0,9,0
TAWSEEF,M,0,0,0,0,0,14,0
TAWSIF,M,0,0,0,0,0,3,0
TAYABA,F,0,4,0,0,0,7,4
TAYA-LEIGH,F,0,0,0,0,0,3,0
TAYA-LOUISE,F,0,0,0,0,0,6,0
TAYA-MAE,F,0,0,0,0,0,3,0
TAYA-MAI,F,0,0,0,0,0,3,0
TAYAN,M,0,0,0,0,0,18,0
TAYANA,F,0,0,0,0,0,43,0
TAYAR,F,0,0,3,0,0,3,3
TAYDEN,M,0,0,0,0,0,47,0
TAYE,F,0,0,0,0,4,14,4
TAYEB,M,3,0,0,0,0,20,3
TAYEBA,F,0,0,3,0,3,30,6
TAYEEBA,F,0,0,0,0,0,12,0
TAYEM,M,0,0,0,0,0,7,0
TAYEN,M,0,0,0,0,0,3,0
TAYEN,F,0,0,0,0,0,3,0
TAYER,F,0,0,0,0,0,12,0
TAYFUN,M,0,0,3,0,0,6,3
TAYGAN,F,0,0,0,0,0,3,0
TAYHA,F,0,0,0,0,0,27,0
TAYIA,F,0,0,0,0,0,12,0
TAYIBAH,F,0,0,0,0,5,66,5
TAYJA,F,0,0,0,0,0,12,0
TAYJAH,F,0,0,0,0,0,22,0
TAYLA-ANN,F,0,3,0,0,0,3,3
TAYLAH-MAE,F,0,0,0,0,0,3,0
TAYLAH-ROSE,F,0,0,0,0,0,3,0
TAYLA-JADE,F,0,0,0,3,0,20,3
TAYLA-JO,F,0,0,0,0,0,3,0
TAYLA-LEIGH,F,0,0,0,0,0,8,0
TAYLA-MAE,F,0,0,0,0,0,29,0
TAYLA-MAI,F,0,0,0,0,0,13,0
TAYLA-MAY,F,0,0,0,0,0,6,0
TAYLA-RAE,F,0,0,0,0,0,25,0
TAYLA-ROSE,F,0,0,0,0,0,15,0
TAYLEN,M,0,0,0,0,0,87,0
TAYLIN,F,0,0,0,0,0,4,0
TAYLON,M,0,0,0,3,0,61,3
TAYLOR-,F,0,0,0,0,3,7,3
TAYLOR-,M,0,0,0,0,0,3,0
TAYLOR-GRACE,F,0,0,0,0,0,15,0
TAYLOR-JACK,M,0,0,0,0,0,3,0
TAYLOR-JAKE,M,0,0,0,0,0,3,0
TAYLOR-JANE,F,0,3,3,0,0,34,6
TAYLOR-JAY,F,0,0,0,0,0,10,0
TAYLOR-JOE,M,0,0,0,0,0,6,0
TAYLOR-LOUISE,F,0,0,0,0,0,15,0
TAYLOR-MAE,F,0,0,0,0,0,53,0
TAYLOR-MAI,F,0,0,0,0,0,16,0
TAYLOR-MAY,F,0,0,0,0,0,48,0
TAYLOR-PAIGE,F,0,0,0,0,0,3,0
TAYLOR-RAE,F,0,0,0,0,0,22,0
TAYLOR-ROSE,F,0,0,0,0,0,34,0
TAYLUN,M,0,0,0,0,0,3,0
TAYM,M,0,0,0,0,0,34,0
TAYMA,F,0,0,0,0,0,14,0
TAYMIYAH,F,0,0,0,0,0,3,0
TAYMIYYAH,F,0,0,0,0,0,10,0
TAYMOUR,M,0,0,0,0,0,3,0
TAYMUR,M,0,0,0,0,0,6,0
TAYNE,M,0,0,0,4,3,10,7
TAYON,M,0,0,0,0,0,51,0
TAYSHAUN,M,0,0,0,0,0,13,0
TAYSHAWN,M,0,0,0,0,0,3,0
TAYSHIA,F,0,0,0,0,0,15,0
TAYSHON,M,0,0,0,0,0,3,0
TAYSIA,F,0,0,0,0,0,15,0
TAYSIR,M,0,0,0,0,0,4,0
TAYSON,M,0,0,0,0,0,7,0
TAYT,M,0,0,0,0,0,4,0
TAYTE,M,5,0,0,0,0,71,5
TAYTE,F,0,0,0,0,0,18,0
TAYTEN,M,0,0,0,0,0,6,0
TAYUB,M,0,3,3,0,0,19,6
TAYVON,M,0,0,0,0,0,14,0
TAYYABAH,F,0,0,0,0,6,9,6
TAYYBA,F,0,0,0,0,4,4,4
TAYYBAH,F,0,0,0,0,0,4,0
TAYYEBA,F,0,4,0,0,0,25,4
TAY-YIBAH,F,0,0,0,0,0,4,0
TAZANNA,F,0,0,0,0,0,3,0
TAZEEM,M,0,0,0,0,0,4,0
TAZIM,M,0,0,0,0,0,3,0
TAZKIA,F,0,0,0,0,0,42,0
TAZKIYA,F,0,0,0,0,0,3,0
TAZKIYAH,F,0,0,0,0,0,4,0
TAZMINE,F,0,0,0,0,0,3,0
TAZMYN,F,0,0,0,5,0,5,5
TEAGAN,M,0,0,0,0,0,52,0
TEALA,F,0,0,0,0,0,3,0
TEALE,F,0,0,0,0,0,6,0
TEAN,F,0,3,0,3,0,11,6
TEAN,M,0,0,0,0,0,6,0
TEANA,F,0,0,0,0,0,3,0
TEAR,F,0,0,0,0,0,3,0
TEDD,M,0,0,0,0,0,4,0
TEDDI,M,0,0,0,0,0,36,0
TEDDI,F,0,0,0,0,0,21,0
TEDDIE,F,0,0,0,0,0,33,0
TEDDIE-JAMES,M,0,0,0,0,0,4,0
TEDDY-JACK,M,0,0,0,0,0,3,0
TEDDY-JAMES,M,0,0,0,0,0,34,0
TEDDY-JAY,M,0,0,0,0,0,6,0
TEDDY-JOHN,M,0,0,0,0,0,6,0
TEDDY-LEE,M,0,0,0,0,0,13,0
TEDDY-RAY,M,0,0,0,0,0,13,0
TEE,M,0,0,0,0,0,19,0
TEEGAN,M,0,0,0,0,0,41,0
TEEGAN-LEIGH,F,0,0,0,0,0,12,0
TEESHA,F,0,0,0,0,0,21,0
TEEYA,F,0,0,0,0,0,13,0
TEGA,M,0,0,0,0,0,3,0
TEGAN-LEIGH,F,0,0,0,0,0,10,0
TEGAN-LOUISE,F,0,0,0,0,0,3,0
TEGAN-MARIE,F,0,0,0,0,0,7,0
TEGBIR,M,0,0,0,0,0,3,0
TEGH,M,0,0,0,0,0,32,0
TEGHBIR,M,0,0,0,0,0,3,0
TEGHVEER,M,0,0,0,0,0,3,0
TEGID,M,0,0,0,0,0,4,0
TEGWYN,F,0,0,0,0,3,3,3
TEHANI,F,0,0,0,0,0,3,0
TEHILA,F,0,0,0,0,0,15,0
TEHILLA,F,0,0,0,0,0,38,0
TEHILLAH,F,0,0,0,0,0,37,0
TEHMEENA,F,4,0,0,0,0,4,4
TEHMINA,F,0,0,3,0,0,3,3
TEHMOOR,M,0,0,3,0,0,3,3
TEHMUR,M,0,0,0,0,0,4,0
TEIFI,M,0,0,0,0,0,21,0
TEIGAN,M,0,0,0,0,0,13,0
TEIGE,M,0,0,0,3,0,3,3
TEIGHLOR,F,5,0,0,0,0,5,5
TEIGUE,M,0,0,0,0,0,6,0
TEILO,M,0,0,3,0,0,76,3
TEIRA,F,0,0,0,0,0,3,0
TEIYA,F,0,0,0,0,0,3,0
TEJA,F,0,3,0,0,3,182,6
TEJAH,F,0,0,0,0,0,3,0
TEJASVI,F,0,0,0,0,0,12,0
TEJINDER,M,0,0,0,0,0,15,0
TEJPAL,M,0,3,0,0,0,3,3
TEJVEER,M,0,0,0,0,0,18,0
TEJVIR,M,0,0,0,0,0,17,0
TELIA,F,0,0,0,0,3,10,3
TELISHA,F,0,5,0,0,0,29,5
TELMO,M,0,0,0,0,0,3,0
TELVIN,M,0,0,0,0,0,3,0
TEMESGEN,M,0,0,0,0,0,3,0
TEMI,F,0,0,0,0,0,6,0
TEMIA,F,0,0,0,0,0,3,0
TEMIDAYO,M,0,3,0,0,0,43,3
TEMIDIRE,F,0,0,0,0,0,8,0
TEMIDIRE,M,0,0,0,0,0,6,0
TEMILADE,F,0,0,3,0,0,29,3
TEMILAYO,F,0,0,0,0,0,19,0
TEMILOLA,F,0,3,0,3,0,49,6
TEMISAN,F,0,0,0,0,0,6,0
TEMOOR,M,0,3,0,0,0,3,3
TEMPERENCE,F,0,0,0,0,0,3,0
TEMUULEN,M,0,0,0,0,0,4,0
TENAYA,F,0,0,0,0,0,13,0
TENDAI,F,0,0,0,0,0,12,0
TENDAYI,M,0,0,0,0,0,3,0
TENDEKAI,M,0,0,0,0,0,3,0
TENDO,M,0,0,0,0,0,4,0
TENECIA,F,0,0,0,0,0,3,0
TENIOLA,M,0,0,0,0,0,10,0
TENNILLE,F,0,4,0,0,0,4,4
TENNYSON,M,0,0,0,0,0,41,0
TENULI,F,0,0,0,0,0,3,0
TEODORO,M,0,0,0,0,0,11,0
TEOFILO,M,0,0,0,0,0,3,0
TEOMAN,M,0,0,0,0,0,31,0
TEONIE,F,0,0,0,0,0,3,0
TEQUAN,M,0,0,0,0,0,14,0
TEQUILLA,F,0,0,0,0,3,3,3
TERELLE,M,0,0,3,0,0,3,3
TERENA,F,3,0,0,0,0,3,3
TERINA,F,0,0,4,0,0,4,4
TERRIANN,F,0,0,0,0,0,3,0
TERRY,F,0,0,0,0,0,3,0
TERRY-JAMES,M,0,0,0,0,0,3,0
TERRY-JUNIOR,M,0,0,0,0,0,3,0
TERVEL,M,0,0,0,0,0,3,0
TESHA,F,0,0,0,0,0,8,0
TESLIM,M,0,0,0,0,0,9,0
TESLIMAT,F,0,0,0,0,0,3,0
TESSY,F,0,0,0,0,0,3,0
TEYAH,F,0,0,0,0,0,56,0
TEYANA,F,0,0,0,0,0,37,0
TEYANNA,F,0,0,0,0,0,9,0
TEYEN,M,0,0,0,0,0,4,0
TEYHA,F,0,0,0,0,0,3,0
TEYMOUR,M,0,0,0,0,0,4,0
TEYONA,F,0,0,0,0,0,3,0
THABANI,M,0,0,0,0,0,10,0
THABISILE,F,0,0,0,0,0,12,0
THABISO,M,0,0,0,0,0,17,0
THABISO,F,0,0,0,0,0,3,0
THAHERA,F,5,0,0,0,0,11,5
THAHIA,F,0,0,0,0,0,7,0
THAHIRA,F,0,0,0,0,0,3,0
THAIBA,F,0,0,0,3,3,16,6
THAILA,F,0,0,0,0,0,72,0
THAISA,F,0,0,0,0,0,3,0
THALEIA,F,0,0,0,0,0,12,0
THALHA,M,0,0,0,0,0,3,0
THALIA-ROSE,F,0,0,0,0,0,3,0
THAMEENA,F,3,0,0,0,0,6,3
THAMINAH,F,0,0,0,4,0,12,4
THANAA,F,0,0,0,0,0,7,0
THANDISWA,F,0,0,0,0,0,3,0
THANDIWE,F,3,0,0,0,3,82,6
THANDO,M,0,0,0,0,0,12,0
THANDO,F,0,0,0,0,0,9,0
THANH,F,0,3,0,0,0,6,3
THANISHA,F,0,0,0,0,0,18,0
THANUSAN,M,0,0,0,0,0,6,0
THANUSH,M,0,0,0,0,0,7,0
THANUSHAN,M,0,0,0,0,0,10,0
THANUSHKA,F,0,0,0,0,0,6,0
THANUSKA,F,0,0,0,0,0,3,0
THANYA,F,0,0,3,0,0,9,3
THAO,F,0,0,4,0,0,4,4
THARAN,M,0,0,0,0,0,6,0
THARANYA,F,0,0,0,0,0,6,0
THARSHAN,M,0,0,0,0,0,3,0
THARSIKA,F,0,0,0,0,0,3,0
THARUSHI,F,0,0,0,0,0,6,0
THASHVIN,M,0,0,0,0,0,3,0
THASNIM,F,0,0,0,0,0,4,0
THATCHER,M,0,0,0,0,0,4,0
THATO,M,0,0,0,0,0,8,0
THAYA,F,0,0,0,0,0,3,0
THE,M,0,0,0,4,0,11,4
THEA-MAE,F,0,0,0,0,0,4,0
THEA-ROSE,F,0,0,0,0,0,28,0
THEERTHA,F,0,0,0,0,0,3,0
THEHAN,M,0,0,0,0,0,12,0
THEMBA,M,0,0,0,0,0,12,0
THENUK,M,0,0,0,0,0,3,0
THEODORE-JAMES,M,0,0,0,0,0,3,0
THEO-GEORGE,M,0,0,0,0,0,3,0
THEO-JACK,M,0,0,0,0,0,3,0
THEO-JAMES,M,0,0,0,0,0,39,0
THEO-JOHN,M,0,0,0,0,0,3,0
THEOLA,F,0,0,0,0,0,3,0
THEONA,F,0,0,0,0,0,3,0
THEONI,F,0,0,0,0,0,3,0
THEO-PAUL,M,0,0,0,0,0,3,0
THEOPHANIA,F,0,0,0,0,0,3,0
THEOPHILE,M,0,0,0,0,0,3,0
THERESIA,F,0,0,0,0,0,3,0
THIAN,M,0,0,0,0,0,15,0
THIEN,M,0,0,3,0,0,6,3
THIERNO,M,0,0,0,0,0,16,0
THIERRA,F,0,0,0,0,0,3,0
THIJS,M,0,0,0,0,0,7,0
THIRA,F,0,0,0,0,0,3,0
THIRZA,F,0,0,0,0,0,4,0
THISBE,F,0,0,0,0,0,4,0
THIVEN,M,0,0,0,0,0,5,0
THIVIYA,F,0,0,0,5,0,11,5
THIVYA,F,0,0,0,3,0,17,3
THIVYAN,M,0,0,0,0,0,6,0
THIYA,F,0,0,0,0,0,12,0
THOMAS-HENRY,M,0,0,0,0,0,3,0
THOMAS-JOHN,M,0,0,0,0,0,15,0
THOMAS-JUNIOR,M,0,0,0,0,0,4,0
THOMPSON,M,0,0,0,0,3,6,3
THOMSON,M,0,0,0,0,0,6,0
THORBEN,M,0,0,0,0,0,3,0
THORIN,M,0,0,0,0,0,26,0
THORNE,M,0,0,0,0,0,11,0
THORNTON,M,0,0,0,0,0,3,0
THU,F,3,0,3,0,0,22,6
THURAYA,F,0,0,0,0,0,14,0
THURAYYA,F,0,0,0,0,0,3,0
THURSTON,M,0,3,0,3,0,27,6
THY,F,0,0,0,0,0,3,0
THYRA,F,0,0,0,0,0,15,0
TIA-,F,0,0,0,0,0,6,0
TIAAMII,F,0,0,0,0,0,12,0
TIAAN,M,0,0,0,0,0,12,0
TIA-ANN,F,0,0,0,0,0,6,0
TIA-GRACE,F,0,0,0,0,0,3,0
TIALEIGH,F,0,0,0,0,0,3,0
TIAM,M,0,0,0,0,0,18,0
TIA-MAI,F,0,0,0,0,0,37,0
TIA-MARIA,F,0,0,0,0,0,3,0
TIA-MARIE,F,0,0,3,0,0,35,3
TIA-MAY,F,0,0,0,0,0,48,0
TIAMI,F,0,0,0,0,0,9,0
TIAMII,F,0,0,0,0,0,9,0
TIAMO,F,0,0,0,0,0,3,0
TIANAH,F,0,0,0,0,0,51,0
TIANA-LEIGH,F,0,0,0,0,0,18,0
TIANA-MAI,F,0,0,0,0,0,12,0
TIANA-MARIE,F,0,0,0,0,0,3,0
TIANA-ROSE,F,0,0,0,0,0,23,0
TIANE,F,0,0,0,0,0,3,0
TIANEE,F,0,0,0,0,0,5,0
TIANI,F,0,0,0,5,0,67,5
TIANIE,F,0,0,0,0,0,13,0
TIANNA-LEIGH,F,0,0,0,0,0,15,0
TIANNA-MAI,F,0,0,0,0,0,23,0
TIANNA-MARIE,F,0,0,0,0,0,15,0
TIANNA-MAY,F,0,0,0,0,0,16,0
TIANNA-ROSE,F,0,0,0,0,0,25,0
TIANNI,F,0,0,0,0,0,8,0
TIANO,M,0,0,0,0,0,3,0
TIANYI,M,0,0,0,0,0,3,0
TIA-RAE,F,0,0,0,0,0,25,0
TIARAH,F,0,0,0,0,0,7,0
TIARA-LEIGH,F,0,0,0,0,0,3,0
TIARAOLUWA,F,0,0,0,0,0,13,0
TIARN,F,0,0,0,0,0,3,0
TIARNI,F,0,0,0,0,0,48,0
TIARNNA,F,0,0,0,0,0,3,0
TIARRA,F,0,0,0,0,0,3,0
TIA-SKYE,F,0,0,0,0,0,3,0
TIAUNNA,F,0,0,0,6,0,6,6
TIAYANA,F,0,0,0,0,0,3,0
TIBA,F,0,0,0,0,0,3,0
TIBYAN,F,0,0,0,0,0,3,0
TIDA,F,0,0,0,0,0,12,0
TIEGAN,M,0,3,0,0,0,3,3
TIEGHAN,F,0,0,0,0,0,9,0
TIEN,F,0,0,0,0,0,15,0
TIERA,F,3,0,3,0,0,6,6
TIEREN,M,0,0,0,0,0,3,0
TIERNEY,M,0,0,0,0,0,4,0
TIERNI,F,0,0,0,0,3,3,3
TIERNIE,F,0,0,0,0,0,3,0
TIERNY,F,0,0,0,0,0,3,0
TIERRA,F,0,0,0,0,0,43,0
TIESHA,F,0,0,0,0,0,9,0
TIFANI,F,0,0,0,0,0,3,0
TIFEOLUWA,F,0,0,0,0,0,9,0
TIFFANEY,F,0,0,0,0,0,4,0
TIFFANY-MARIE,F,0,0,0,0,0,3,0
TIFFANY-ROSE,F,0,0,0,0,0,30,0
TIGER-LILLY,F,0,0,0,0,0,15,0
TIGER-LILY,F,0,0,0,0,0,59,0
TIGER-ROSE,F,0,0,0,0,0,3,0
TIHANA,F,0,0,0,0,0,3,0
TIHANNA,F,0,0,0,0,0,30,0
TIIA,F,0,0,0,0,0,3,0
TIJA,F,0,0,0,0,0,32,0
TIJAN,M,0,0,0,3,0,35,3
TIJANA,F,0,0,0,0,4,30,4
TIJANI,M,0,0,0,0,0,6,0
TIJEN,F,0,0,0,0,0,3,0
TILAK,M,4,0,0,0,0,34,4
TILEAH,F,0,0,0,0,0,9,0
TILI,F,0,0,0,0,0,3,0
TILISA,F,0,0,0,0,0,3,0
TILISHA,F,0,0,0,4,0,11,4
TILLEIGH,F,0,0,0,0,0,7,0
TILLIAH,F,0,0,0,0,0,6,0
TILLIE-MAE,F,0,0,0,0,0,89,0
TILLIE-MAI,F,0,0,0,0,0,25,0
TILLIE-MAY,F,0,0,0,0,0,20,0
TILLIE-ROSE,F,0,0,0,0,0,36,0
TILLY-,F,0,0,0,0,0,8,0
TILLY-ANN,F,0,0,0,0,0,41,0
TILLY-ANNE,F,0,0,0,0,0,25,0
TILLY-GRACE,F,0,0,0,0,0,13,0
TILLY-JO,F,0,0,0,0,0,4,0
TILLY-LOU,F,0,0,0,0,0,6,0
TILLY-LOUISE,F,0,0,0,0,0,10,0
TILLYMAE,F,0,0,0,0,0,12,0
TILLY-MAI,F,0,0,0,0,0,64,0
TILLY-MARIE,F,0,0,0,0,0,19,0
TILLY-RAE,F,0,0,0,0,0,34,0
TILLYROSE,F,0,0,0,0,0,12,0
TILLY-ROSE,F,0,0,0,0,0,162,0
TIMARA,F,6,0,0,0,0,6,6
TIMEA,F,0,0,0,0,0,71,0
TIMEEA,F,0,0,0,0,0,13,0
TIMI,M,0,0,0,0,0,3,0
TIMILEHIN,M,0,0,0,0,0,11,0
TIMILEYIN,M,0,0,0,0,0,10,0
TIMO,M,0,0,0,3,0,84,3
TIMOFEJ,M,0,0,0,0,0,7,0
TIMOTEI,M,0,0,0,0,0,40,0
TIMOTEJ,M,0,0,0,0,0,3,0
TIMOTHEE,M,0,0,0,0,0,49,0
TIMUCIN,M,0,0,0,0,0,7,0
TIMURS,M,0,0,0,0,0,15,0
TINARA,F,0,0,0,0,0,12,0
TINASHE,F,0,3,0,0,0,60,3
TINAYA,F,0,0,0,0,0,4,0
TINAYE,M,0,0,0,0,0,26,0
TING,F,0,0,0,0,0,14,0
TING,M,0,0,0,0,0,3,0
TINOTENDA,M,0,0,0,0,0,88,0
TINOTENDA,F,0,0,0,0,0,54,0
TIOLUWANI,M,0,0,0,0,0,4,0
TIONA,F,0,0,0,0,0,35,0
TIONI,F,0,0,0,0,0,3,0
TIPPI,F,0,0,0,0,0,55,0
TIRA,F,0,0,0,4,0,22,4
TIRAN,M,0,0,0,0,0,6,0
TIRATH,M,0,0,0,3,0,9,3
TIREE,F,0,0,0,0,0,3,0
TIRENIOLUWA,F,0,0,0,0,0,18,0
TIRENIOLUWA,M,0,0,0,0,0,7,0
TIRIAN,F,3,0,0,0,0,3,3
TIRION,M,0,0,0,0,0,3,0
TIRTH,M,0,0,0,0,0,15,0
TIRZAH,F,0,0,0,3,0,31,3
TISA,F,0,0,0,0,0,3,0
TISHAAN,M,0,0,0,0,0,3,0
TISHAN,M,0,0,0,0,0,6,0
TISHANA,F,0,0,0,0,0,6,0
TISHAUN,M,0,0,0,0,0,3,0
TISYA,F,0,0,0,0,0,12,0
TITAS,M,0,0,0,0,0,75,0
TITO,M,0,0,0,0,0,13,0
TITOBILOLUWA,M,0,0,0,0,0,3,0
TITOBILOLUWA,F,0,0,0,0,0,3,0
TITOBIOLUWA,M,0,0,0,0,0,6,0
TIVON,M,0,0,0,0,0,3,0
TIWALADE,F,0,0,0,0,0,3,0
TIWALOLA,F,0,0,0,0,0,3,0
TIWALOLUWA,F,0,0,0,0,0,4,0
TIYAH,F,0,0,0,0,0,9,0
TIYANAH,F,0,0,0,0,0,3,0
TIYANNA,F,0,4,0,0,0,26,4
TIYARA,F,0,0,0,0,0,3,0
TIYEN,M,0,0,0,0,0,3,0
TIZIANO,M,0,0,0,0,0,3,0
TJ,M,0,0,0,3,0,214,3
TJAY,M,0,0,3,0,0,95,3
T'KEYAH,F,0,0,0,0,0,3,0
TOBA,F,0,0,0,0,0,10,0
TOBE,M,0,0,0,0,0,3,0
TOBENNA,M,0,0,0,0,0,51,0
TOBENNA,F,0,0,0,0,0,3,0
TOBI,F,0,0,0,0,0,15,0
TOBIA,M,0,0,0,0,0,7,0
TOBIAH,M,0,0,0,4,0,56,4
TOBIASZ,M,0,0,0,0,0,168,0
TOBIE,F,0,0,0,0,0,4,0
TOBILOBA,M,0,0,0,0,0,23,0
TOBY-JAMES,M,0,0,0,0,0,28,0
TODOR,M,0,0,0,0,0,9,0
TOHEED,M,0,0,0,0,4,29,4
TOHURA,F,0,0,0,0,0,3,0
TOLA,F,0,0,0,0,0,59,0
TOLEEN,F,0,0,0,0,0,6,0
TOLUNAY,M,0,0,0,3,0,3,3
TOLUWALOPE,M,3,0,0,3,0,12,6
TOLUWANI,F,0,0,0,3,3,59,6
TOLUWANIMI,M,0,0,0,0,0,51,0
TOMA,F,0,0,0,0,0,16,0
TOMEK,M,0,0,0,4,0,11,4
TOMI-LEE,M,0,0,0,0,0,3,0
TOMIWA,M,0,0,0,0,0,20,0
TOMMI,F,0,0,0,0,0,3,0
TOMMIE-LEE,M,0,0,0,0,0,27,0
TOMMY,F,0,3,0,0,0,3,3
TOMMY-DEAN,M,0,0,0,0,0,3,0
TOMMY-J,M,0,0,0,0,0,3,0
TOMMY-JACK,M,0,0,0,0,0,3,0
TOMMY-JAI,M,0,0,0,0,0,4,0
TOMMY-JAMES,M,0,0,0,0,0,46,0
TOMMY-JAY,M,0,0,4,0,0,81,4
TOMMY-JO,M,0,0,0,0,0,3,0
TOMMY-JOHN,M,0,0,0,0,0,9,0
TOMMY-JUNIOR,M,0,0,0,0,0,3,0
TOMMY-RAY,M,0,0,0,0,0,15,0
TOMS,M,0,0,0,0,0,46,0
TONI,M,3,0,0,3,0,25,6
TONI-ANN,F,0,0,3,3,0,44,6
TONI-LEA,F,0,0,0,0,0,15,0
TONI-MAY,F,0,0,0,0,0,6,0
TONIS,M,0,0,0,0,0,7,0
TONY-JUNIOR,M,0,0,0,0,0,10,0
TOOBA,F,0,0,0,0,0,56,0
TOPRAK,M,0,0,0,0,0,51,0
TOPSY,F,0,0,0,0,0,6,0
TORAH,F,0,0,0,0,0,6,0
TOREN,M,0,3,0,0,0,37,3
TOREY,F,0,0,0,0,0,21,0
TORIA,F,0,0,0,0,3,18,3
TORI-LEIGH,F,0,3,0,3,0,41,6
TORR,M,0,0,0,0,0,4,0
TORRANCE,F,0,0,0,0,0,8,0
TORREN,M,0,0,0,0,0,6,0
TORRES,M,0,0,0,0,0,13,0
TORRI,F,0,0,0,0,0,31,0
TORRIE,F,0,0,0,0,0,27,0
TORRIN,M,0,3,3,0,0,57,6
TORY,F,0,0,0,3,0,9,3
TORY,M,3,0,0,0,0,6,3
TORYN,M,0,0,0,0,0,15,0
TOSIA,F,0,0,0,0,0,15,0
TOULA,F,0,0,0,0,0,18,0
TOURE,M,0,0,0,0,0,16,0
TOVA,F,0,0,0,0,0,59,0
TOVE,F,0,0,0,0,0,11,0
TOYIN,M,0,0,0,0,0,3,0
TRAN,F,0,0,0,0,0,3,0
TRANG,F,0,0,0,0,0,8,0
TRAVAE,M,0,0,0,0,0,3,0
TRAVIS-JAMES,M,0,0,0,0,0,3,0
TRAVIS-LEE,M,0,0,0,0,0,8,0
TRAVON,M,0,0,0,0,0,3,0
TRAYVON,M,6,0,0,0,0,27,6
TRENYCE,F,0,0,0,0,0,7,0
TRESIAH,M,0,0,0,0,0,3,0
TREVELL,M,0,0,0,0,0,4,0
TREVIN,M,0,0,0,0,0,3,0
TREVYN,F,0,3,0,0,0,3,3
TREYDEN,M,0,0,0,0,0,3,0
TREYNAE,M,0,0,0,3,0,3,3
TREYON,M,0,0,0,0,0,4,0
TREYSON,M,0,0,0,0,0,3,0
TRIANA,F,0,0,0,0,0,3,0
TRIANNA,F,0,0,0,0,0,12,0
TRINGA,F,0,0,0,0,0,3,0
TRINITI,F,0,0,0,0,0,14,0
TRINITY,M,0,0,0,0,0,7,0
TRINITY-ROSE,F,0,0,0,0,0,3,0
TRINNITY,F,0,0,0,0,0,3,0
TRINNY,F,0,0,0,0,0,6,0
TRISHAN,M,0,0,0,0,0,15,0
TRISHANA,F,0,0,0,0,0,6,0
TRISHUL,M,4,0,0,0,0,4,4
TRISTAN-JAMES,M,0,0,0,0,0,10,0
TRISTAN-LEE,M,0,0,0,0,0,12,0
TRIUMPH,F,0,0,0,0,0,6,0
TRU,F,0,0,0,0,0,68,0
TRU,M,0,0,0,0,0,9,0
TRULIE,F,0,0,0,0,0,4,0
TRUONG,M,0,0,0,0,0,6,0
TRUPTI,F,0,0,0,0,0,3,0
TRYFAN,M,0,0,0,0,0,9,0
TRYPHAENA,F,0,0,0,0,0,12,0
TRYPHENA,F,0,3,0,0,0,13,3
TSEHAY,F,0,0,0,0,0,3,0
TSELMUUN,F,0,0,0,0,0,12,0
TSERING,F,0,0,0,0,0,3,0
TSION,F,0,0,0,0,0,4,0
TSITSI,F,0,0,0,0,0,3,0
TSUKI,F,0,0,0,0,0,3,0
TSVETAN,M,0,0,0,0,0,3,0
TUCHE,F,0,0,0,0,0,3,0
TUDUR,M,0,0,3,3,0,13,6
TUGBA,F,0,0,0,0,3,10,3
TUHEED,M,0,0,0,0,0,4,0
TUI,F,0,0,0,0,0,9,0
TULEAH,F,0,0,0,0,0,6,0
TULEEN,F,0,0,0,0,0,3,0
TULIN,F,0,0,0,0,0,6,0
TULISA-MARIE,F,0,0,0,0,0,12,0
TULISA-MAY,F,0,0,0,0,0,12,0
TULISA-ROSE,F,0,0,0,0,0,3,0
TULISHA,F,0,0,0,0,0,59,0
TULLULAH,F,0,0,0,0,0,20,0
TULULAH,F,0,0,0,0,0,3,0
TUMELO,M,0,0,0,0,0,6,0
TUNISHA,F,3,0,0,0,0,6,3
TUPPENCE,F,0,0,0,0,0,9,0
TURAAB,M,0,0,0,0,0,3,0
TURAYA,F,0,0,0,0,0,3,0
TURKI,M,0,0,0,0,0,3,0
TUSHAR,M,0,0,0,0,0,35,0
TUULI,F,0,0,0,0,0,3,0
TUVIA,M,0,0,0,0,0,3,0
TVISHA,F,0,0,0,0,0,33,0
TWIN,M,0,0,0,0,0,3,0
TWINKLE,F,0,0,0,0,0,10,0
TWISHA,F,0,0,0,0,0,13,0
TY,F,0,0,0,0,0,7,0
TYA,F,0,3,0,3,0,25,6
T'YANNA,F,0,3,0,0,0,3,3
TYANNE,F,0,0,0,0,0,18,0
TYBERIUS,M,0,0,0,0,0,3,0
TYDAN,M,0,0,0,0,0,3,0
TYDE,M,0,0,0,0,0,3,0
TYEE,M,0,0,0,0,0,16,0
TYEISHA,F,0,0,0,0,0,3,0
TYELER,M,0,0,0,0,3,3,3
TYGA,M,0,0,0,0,0,3,0
TYGAN,F,0,0,0,0,0,3,0
TYHAN,M,0,0,0,0,0,3,0
TYI,M,0,0,0,0,0,3,0
TYLAH,M,0,3,0,3,0,38,6
TYLEN,M,0,0,0,0,0,12,0
TYLER-,M,0,0,0,0,0,6,0
TYLER-DEAN,M,0,3,0,0,0,6,3
TYLER-JACK,M,0,0,0,0,0,21,0
TYLER-JACOB,M,0,0,0,0,0,6,0
TYLER-JAI,M,0,0,0,0,0,27,0
TYLER-JAKE,M,0,0,0,0,0,7,0
TYLERJAY,M,0,0,0,0,0,3,0
TYLER-JOE,M,0,0,0,0,0,33,0
TYLER-JOHN,M,0,0,0,0,0,72,0
TYLER-LEE,M,0,0,0,0,3,86,3
TYLER-RAY,M,0,0,0,0,0,6,0
TYLER-RHYS,M,0,0,0,0,0,8,0
TYLER-SCOTT,M,0,0,0,0,0,7,0
TYLISHA,F,0,0,0,0,0,3,0
TYLO,M,0,0,0,0,0,3,0
TYLON,M,0,0,0,0,0,4,0
TYMOTEUSZ,M,0,0,0,0,0,291,0
TYNESHA,F,0,0,0,3,0,6,3
TYNISHA,F,0,0,0,0,0,4,0
TYR,M,0,0,0,0,0,9,0
TYRAE,M,0,0,0,0,0,6,0
TYREACE,M,0,0,0,0,0,3,0
TYREAK,M,0,0,0,0,0,3,0
TYREASE,M,0,0,0,0,3,6,3
TYRECK,M,0,0,0,0,0,3,0
TY-REECE,M,0,0,0,0,0,4,0
TYREEQ,M,0,0,0,0,0,3,0
TYREES,M,0,0,0,0,0,14,0
TYREISS,M,0,0,0,5,0,5,5
TYRESE,F,0,0,5,0,0,5,5
TYRHYS,M,0,0,0,0,0,54,0
TYRIECE,M,0,0,0,0,3,9,3
TYRIEK,M,0,0,0,0,0,3,0
TYRUS,M,0,0,0,3,0,36,3
TYSHA,F,0,0,0,0,0,6,0
TYSHAUN,M,0,0,0,0,0,3,0
TYUS,M,0,0,5,0,0,5,5
TZE,M,0,0,0,0,0,3,0
TZIPORA,F,0,0,0,0,0,9,0
TZIPORAH,F,0,0,0,0,3,12,3
TZIPPORA,F,0,0,0,0,0,4,0
TZIPPORAH,F,3,0,0,0,0,34,3
TZIPPY,F,0,0,0,0,0,3,0
TZIREL,F,0,0,0,0,0,14,0
TZVI,M,0,0,0,0,4,109,4
UBAIDAH,M,0,0,0,0,0,7,0
UBAIDULLAH,M,0,0,0,4,0,63,4
UBAY,M,0,0,0,0,0,4,0
UBAYD,M,0,0,0,0,0,116,0
UBAYDAH,M,0,0,0,0,0,13,0
UBAYDULLAH,M,0,0,0,0,0,54,0
UBHAY,M,0,0,0,0,0,6,0
UCHE,M,0,0,0,0,0,4,0
UCHECHI,F,0,0,0,0,0,10,0
UCHENNA,F,0,4,0,0,3,10,7
UDAY,M,0,0,0,0,0,25,0
UDAYSAH,F,0,0,0,0,0,3,0
UDIT,M,0,0,0,0,0,6,0
UDONNA,M,0,0,0,0,0,3,0
UFUK,M,0,3,3,0,0,6,6
UGBAD,F,0,0,0,0,0,3,0
UGNE,F,0,0,0,0,0,141,0
UGO,M,0,0,0,0,0,6,0
UGOCHI,F,0,0,0,0,0,21,0
UGONNA,F,0,0,0,0,0,15,0
UGURCAN,M,0,0,0,0,0,3,0
UJALA,F,0,0,0,0,0,3,0
UJJWAL,M,0,0,0,0,0,3,0
ULAS,M,0,0,0,0,5,29,5
ULJANA,F,0,0,0,0,0,3,0
ULYANA,F,0,0,0,0,0,13,0
UM,F,0,0,0,0,0,3,0
UMAAMAH,F,0,0,0,0,0,7,0
UMAAN,M,0,0,0,0,0,9,0
UMAH,F,0,3,0,0,0,6,3
UMAIMA,F,0,3,0,3,0,171,6
UMAIRAH,F,0,0,0,0,0,25,0
UMAIYA,F,0,0,0,0,0,3,0
UMAIYAH,F,0,0,0,0,0,6,0
UMAIYYAH,F,0,0,0,0,0,7,0
UMAIZA,F,0,0,0,0,0,227,0
UMANG,M,0,0,0,3,0,6,3
UMAR-FAROOQ,M,0,0,0,0,0,3,0
UMAYA,F,0,0,0,0,0,18,0
UMAYAH,F,0,0,0,0,0,34,0
UMAYER,M,0,0,0,0,0,3,0
UMAYMA,F,0,0,0,0,0,97,0
UMAYNAH,F,0,0,0,0,0,26,0
UMAYRAH,F,0,0,0,0,0,53,0
UMAYYA,F,0,0,0,0,0,10,0
UMAYYAH,F,0,0,0,0,0,136,0
UMBERTO,M,0,0,0,0,0,3,0
UME-HABIBA,F,0,0,0,0,0,3,0
UMESH,M,0,0,0,0,0,3,0
UMI,F,0,0,0,0,4,24,4
UMIKA,F,0,0,0,0,0,14,0
UMM,F,0,3,0,0,0,39,3
UMMA,F,3,0,0,0,0,6,3
UMMAY,F,3,0,0,3,0,22,6
UMMAYAH,F,0,0,0,0,0,29,0
UMMAYYAH,F,0,0,0,0,0,88,0
UMMEHAANI,F,0,0,0,0,0,12,0
UMME-HAANI,F,0,0,0,0,0,3,0
UMME-HABIBA,F,0,0,0,0,0,16,0
UMM-E-HABIBA,F,0,0,0,0,0,12,0
UMME-HABIBAH,F,0,0,0,0,0,3,0
UMMEHANI,F,0,0,0,0,0,3,0
UMME-HANI,F,0,0,0,0,0,3,0
UMM-E-HANI,F,0,0,0,0,0,8,0
UMMU,F,0,0,0,0,0,4,0
UMU,F,0,0,0,0,0,3,0
UMUTCAN,M,0,0,0,0,0,6,0
UNAI,M,0,0,0,0,0,6,0
UNAIS,M,0,0,0,0,0,59,0
UNAISA,F,0,0,0,0,0,23,0
UNATHI,M,0,0,0,0,0,13,0
UNAYS,M,0,0,0,0,3,28,3
UNAYSA,F,0,0,0,0,0,15,0
UNAYSAH,F,0,0,0,0,0,101,0
UNNATI,F,0,0,0,0,0,6,0
UPASANA,F,0,0,0,0,0,3,0
UQBAH,M,0,0,0,0,0,9,0
URAV,M,0,0,0,0,0,3,0
URBAN,M,0,0,0,0,0,3,0
UREEBA,F,0,0,0,0,0,3,0
URIJAH,M,0,0,0,0,0,6,0
URTE,F,0,0,0,0,0,94,0
URWA,F,0,0,0,0,0,71,0
URWAH,F,0,0,3,0,3,49,6
URWAH,M,0,0,0,0,0,6,0
USAAMA,M,0,3,0,0,0,3,3
USHA,F,0,0,0,0,0,6,0
USHER,M,0,0,0,0,0,23,0
USSAMA,M,0,0,3,0,0,3,3
USWAH,F,0,0,0,0,0,19,0
UTKARSH,M,0,0,0,0,0,3,0
UTKU,M,0,0,0,0,0,10,0
UWAYS,M,0,0,0,0,3,12,3
UYIOSA,M,0,0,0,0,0,17,0
UZOAMAKA,F,0,4,0,0,0,4,4
VAANI,F,0,0,0,0,0,37,0
VAANIKA,F,0,0,0,0,0,3,0
VAANYA,F,0,0,0,0,0,3,0
VADIM,M,0,0,0,0,0,39,0
VAHIN,M,0,0,0,0,0,3,0
VAHINI,F,0,0,0,0,0,9,0
VAIBHAV,M,0,0,0,0,0,21,0
VAIBHAVI,F,0,0,0,0,0,15,0
VAIDEHI,F,0,0,0,0,0,28,0
VAINAVI,F,0,0,0,0,0,3,0
VAISHNAV,M,0,0,0,0,0,3,0
VAISHNAVI,F,4,0,0,0,0,105,4
VAISHVI,F,0,0,0,0,0,3,0
VAKKAS,M,0,0,0,0,0,3,0
VALANKA,F,0,0,0,0,0,3,0
VALERIJA,F,0,0,0,0,0,47,0
VALERIO,M,0,0,0,0,0,10,0
VALERY,F,0,0,0,0,0,11,0
VALTERS,M,0,0,0,0,0,3,0
VAMIKA,F,0,0,0,0,0,4,0
VAN,F,0,0,0,0,0,12,0
VANCE,M,0,0,0,0,0,3,0
VANDA,F,0,0,0,0,0,15,0
VANEEZA,F,0,0,0,0,0,28,0
VANSH,M,0,0,0,0,0,142,0
VANSHI,F,0,0,0,0,0,12,0
VANSHIKA,F,0,0,0,0,0,67,0
VARANDEEP,M,0,0,0,0,0,3,0
VARIN,F,0,0,0,0,0,16,0
VARINDER,M,0,0,0,0,0,3,0
VARISHA,F,0,0,0,0,0,16,0
VARNIKA,F,0,0,0,0,0,3,0
VARSHA,F,0,3,0,0,3,91,6
VARSHAA,F,0,0,0,0,0,3,0
VARSHAN,M,0,0,0,0,0,3,0
VARVARA,F,0,0,0,0,0,15,0
VASILISA,F,0,0,0,0,0,8,0
VAYUN,M,0,0,0,0,0,5,0
VED,M,0,0,0,0,0,142,0
VEDANSH,M,0,0,0,0,0,7,0
VEDANSHI,F,0,0,0,0,0,16,0
VEDANTH,M,0,0,0,0,0,7,0
VEDAT,M,0,0,0,0,0,3,0
VEDH,M,0,0,0,0,0,3,0
VEDIKA,F,0,0,0,0,0,57,0
VEERA,F,0,0,0,0,0,43,0
VEERAJ,M,0,0,0,0,0,10,0
VEERAN,M,0,0,0,0,0,40,0
VEERPARTAP,M,0,0,0,0,0,4,0
VEGAS,M,0,0,0,3,0,6,3
VEJAS,M,0,0,0,0,0,10,0
VELI,M,0,0,0,0,0,6,0
VELIZAR,M,0,0,0,0,0,6,0
VENA,F,0,0,0,0,0,6,0
VENBA,F,0,0,0,0,0,4,0
VENERA,F,0,0,0,0,0,6,0
VENESA,F,0,0,0,0,0,4,0
VENISHA,F,0,0,0,0,3,20,3
VENKATA,M,0,0,0,3,0,24,3
VENYA,F,0,0,0,0,0,18,0
VERON,M,0,0,0,0,3,25,3
VESTINA,F,0,0,0,0,0,12,0
VEYRON,M,0,0,0,0,0,3,0
VIAAN,M,0,0,0,0,0,105,0
VIALLI,M,0,0,0,0,0,6,0
VIAN,M,0,0,0,0,0,20,0
VIANA,F,0,0,0,0,0,14,0
VIANNA,F,0,0,0,0,0,16,0
VIANNE,F,0,0,0,0,0,14,0
VIBHA,F,0,0,0,0,0,11,0
VIBHUTI,F,4,0,0,0,0,4,4
VICENZO,M,0,0,0,0,0,3,0
VICTORINE,F,0,0,0,0,0,4,0
VIDHAN,M,0,0,0,0,0,3,0
VIDHUN,M,0,0,0,0,0,3,0
VIDHYA,F,0,0,0,0,0,15,0
VIDISHA,F,0,0,0,0,0,9,0
VIDUR,M,0,0,0,3,0,6,3
VIDYA,F,4,0,0,0,0,31,4
VIERA,F,0,0,0,0,0,7,0
VIGAN,M,0,0,0,3,0,3,3
VIHA,F,0,0,0,0,0,7,0
VIHAAN,M,0,0,0,0,0,336,0
VIHAN,M,0,0,0,0,0,29,0
VIHANA,F,0,0,0,0,0,8,0
VIKASNI,F,0,0,0,0,0,3,0
VIKITA,F,0,0,0,0,3,6,3
VIKRAMJIT,M,0,0,0,0,0,6,0
VIKRANT,M,0,0,0,0,0,9,0
VIKTORAS,M,0,0,0,0,0,4,0
VIKTORIJA,F,0,0,0,0,0,206,0
VIKTORS,M,0,0,0,0,0,4,0
VILIAM,M,0,0,0,0,0,5,0
VILLADS,M,0,0,0,0,0,3,0
VILLO,F,0,0,0,0,0,3,0
VILTE,F,0,0,0,0,0,160,0
VIMBAI,F,0,0,0,0,0,9,0
VIMBAINASHE,F,0,0,0,0,0,4,0
VINA,F,0,0,0,0,0,35,0
VINAYAK,M,0,0,0,0,0,11,0
VINCENTAS,M,0,0,0,0,0,8,0
VINDA,F,0,0,0,0,0,3,0
VINEETH,M,0,0,0,0,0,3,0
VINIT,M,0,0,0,0,0,3,0
VINITA,F,3,0,0,0,0,6,3
VINNEY,M,0,0,0,0,0,6,0
VINNIE-LEE,M,0,0,0,0,0,10,0
VINOD,M,0,0,0,0,0,3,0
VINSON,M,0,0,0,0,0,7,0
VINUDI,F,0,0,0,0,0,6,0
VINUK,M,0,0,0,0,0,3,0
VIOLET-GRACE,F,0,0,0,0,0,4,0
VIOLET-MAE,F,0,0,0,0,0,3,0
VIOLET-MAY,F,0,0,0,0,0,29,0
VIOLET-ROSE,F,0,0,0,0,0,63,0
VIOLETT,F,0,0,0,0,0,3,0
VIOLETTA,F,0,0,0,0,0,59,0
VIONA,F,0,0,0,0,0,4,0
VIRA,F,0,0,0,0,0,4,0
VIRAAJ,M,0,0,0,0,0,53,0
VIRAAT,M,0,0,0,0,0,4,0
VIRAG,F,0,0,0,0,0,4,0
VIRAN,M,0,0,0,3,0,13,3
VIRAT,M,0,0,0,0,0,28,0
VISHA,F,0,0,0,0,0,3,0
VISHAKHA,F,0,0,0,0,0,6,0
VISHAN,M,0,0,0,0,0,10,0
VISHESH,M,0,0,0,0,0,3,0
VISHRUTH,M,0,0,0,0,0,7,0
VISHVA,F,0,0,0,0,0,16,0
VISHVA,M,0,0,0,0,0,8,0
VISHWA,M,0,0,0,0,0,3,0
VISHWA,F,0,0,0,0,0,3,0
VISMAY,M,0,0,0,0,0,3,0
VITHURAN,M,0,0,0,0,0,3,0
VITHUSAN,M,0,0,0,0,0,12,0
VITHUSHA,F,0,0,3,0,0,21,3
VITHUSHAN,M,0,3,0,0,3,24,6
VITORIA,F,0,0,0,0,0,19,0
VIVA,F,0,0,3,0,0,19,3
VIVAN,M,0,0,0,0,0,39,0
VIVI,F,0,0,0,0,0,11,0
VIVIAN,M,0,0,0,0,0,10,0
VIVIANNA,F,0,0,0,0,0,10,0
VIYA,F,0,0,0,0,0,21,0
VIYAAN,M,0,0,0,0,0,11,0
VIYAN,M,0,0,0,0,0,28,0
VIYAN,F,0,0,0,0,0,22,0
VLADIMIRS,M,0,0,0,0,0,3,0
VLADISLAVS,M,0,0,0,0,0,3,0
VLADYSLAV,M,0,0,0,0,0,3,0
VLERA,F,0,0,0,0,0,18,0
VOLVY,M,0,0,0,0,0,3,0
VRAJ,M,0,0,0,0,0,37,0
VRINDA,F,0,0,0,0,0,45,0
VRISHA,F,0,0,0,0,0,3,0
VRISHANK,M,0,0,0,0,0,3,0
VRISHIN,M,0,0,0,0,0,3,0
VRISHTI,F,0,0,0,0,0,3,0
VRITI,F,0,0,0,0,0,12,0
VRITIKA,F,0,0,0,0,0,4,0
VRUNDA,F,0,0,0,0,0,6,0
VRUSHTI,F,0,0,0,0,0,3,0
VSEVOLOD,M,0,0,0,0,0,3,0
VU,M,0,0,0,0,0,8,0
VUK,M,0,0,0,0,0,4,0
VUKASIN,M,0,0,0,0,0,3,0
VUONG,M,0,0,0,0,0,3,0
VY,F,0,0,3,0,0,36,3
VYAN,M,0,0,0,0,0,17,0
VYOM,M,0,0,0,0,0,39,0
VYTAUTAS,M,0,0,0,0,0,3,0
VYTE,F,0,0,0,0,0,4,0
VYTIS,M,0,0,0,0,0,3,0
WAAD,F,0,0,0,0,0,16,0
WAAIL,M,0,0,0,0,0,3,0
WAARIS,M,0,0,0,0,0,3,0
WAASIL,M,0,0,0,0,0,3,0
WADAAN,M,0,0,0,0,0,3,0
WADAN,M,0,0,0,0,0,3,0
WADE,F,0,0,0,0,0,3,0
WADI,M,0,0,0,0,0,3,0
WAEL,M,0,0,0,0,0,41,0
WAFAA,F,0,0,0,0,0,23,0
WAFI,M,0,0,0,0,0,21,0
WAFIQ,M,0,0,0,0,0,9,0
WAGMA,F,0,0,0,0,0,3,0
WAHAAB,M,3,0,0,0,0,6,3
WAHAJ,M,0,0,0,0,3,16,3
WAHHAJ,M,0,0,0,0,0,9,0
WAHIBAH,F,0,0,0,0,0,3,0
WAHIDAH,F,0,0,0,0,0,3,0
WAHIDUL,M,4,0,0,0,0,4,4
WAHIDUR,M,3,0,3,0,0,12,6
WAIL,M,0,0,0,3,0,9,3
WAIS,M,0,0,0,0,0,6,0
WAIZ,M,0,0,0,0,0,10,0
WAJAAHAT,M,0,0,0,0,0,3,0
WAJEEH,M,0,0,0,0,0,3,0
WAJEEHA,F,0,0,0,0,5,67,5
WAJIHA,F,0,0,0,5,0,92,5
WAJIHAH,F,0,4,0,0,0,46,4
WALAA,F,0,0,0,0,0,4,0
WALED,M,0,0,0,0,0,3,0
WALIULLAH,M,0,0,0,0,0,3,0
WALIYAH,F,0,0,0,0,0,11,0
WANA,F,0,0,0,0,0,3,0
WANESSA,F,0,0,0,0,0,9,0
WANG,M,0,3,0,0,3,6,6
WANIA,F,0,0,0,0,0,145,0
WANIYA,F,0,0,0,0,0,65,0
WAREESHA,F,0,0,0,0,0,74,0
WARISHA,F,0,0,0,0,0,22,0
WARISHAH,F,0,0,0,0,0,4,0
WARNAKULASURIYA,M,0,0,0,0,0,3,0
WARVAN,M,0,0,0,0,0,3,0
WARVIN,F,0,0,0,0,0,3,0
WASAN,F,0,0,0,0,0,3,0
WASAY,M,0,0,0,0,0,3,0
WASI,M,0,0,0,0,0,22,0
WASIB,M,0,0,0,0,0,3,0
WASIQ,M,0,0,0,0,0,4,0
WASSIM,M,0,0,0,0,4,110,4
WATEEN,F,0,0,0,0,0,6,0
WAYLON,M,0,0,0,0,0,12,0
WEAAM,F,0,0,0,0,0,3,0
WEAM,F,0,0,0,0,0,3,0
WEN,M,0,4,0,0,0,94,4
WENTWORTH,M,0,0,0,0,0,7,0
WEST,M,0,0,0,0,0,7,0
WIAM,F,0,0,0,0,0,7,0
WICTORIA,F,0,0,0,0,0,18,0
WIDAD,F,0,0,0,0,0,11,0
WIKTORIA,F,0,0,0,0,0,1211,0
WILDAN,M,0,0,0,0,0,12,0
WILLAM,M,0,0,0,0,0,3,0
WILLIAM-JAMES,M,0,0,0,0,0,3,0
WILLLIAM,M,0,0,0,0,0,3,0
WILLOW-ANNE,F,0,0,0,0,0,3,0
WILLOW-GRACE,F,0,0,0,0,0,43,0
WILLOW-MAE,F,0,0,0,0,0,23,0
WILLOW-MAI,F,0,0,0,0,0,8,0
WILLOW-MAY,F,0,0,0,0,0,9,0
WILLOW-RAE,F,0,0,0,0,0,13,0
WILLS,M,0,0,0,0,0,6,0
WINNER,F,0,0,0,0,0,15,0
WINNER,M,0,0,0,0,0,4,0
WINTA,F,0,0,0,0,0,15,0
WINTER-ROSE,F,0,0,0,0,0,32,0
WIOLETTA,F,0,0,0,0,0,3,0
WISSAL,F,0,0,0,0,0,3,0
WOLFE,M,0,0,0,0,0,10,0
WOLFIE,M,0,0,0,0,0,4,0
WOODIE,M,0,0,0,0,0,3,0
WREN,M,0,0,0,0,0,47,0
WYNN,M,0,0,0,0,0,14,0
WYNNE,M,0,0,0,0,0,3,0
WYNTER,F,0,0,0,0,0,88,0
WYNTER,M,0,0,0,0,0,4,0
WYNTER-ROSE,F,0,0,0,0,0,11,0
WYSTAN,M,0,0,0,0,0,3,0
XABIER,M,0,0,0,0,0,4,0
XANNA,F,0,0,0,0,0,3,0
XANTE,F,0,0,0,0,0,6,0
XANTHIA,F,0,0,0,0,0,6,0
XARIA,F,0,0,0,0,0,6,0
XAVERY,M,0,0,0,0,0,3,0
XAVIA,F,0,0,3,0,0,9,3
XAVIAN,M,0,0,0,0,0,11,0
XAVIAR,M,0,0,0,0,0,4,0
XAVIERA,F,0,0,0,0,0,7,0
XAVIERE,F,0,0,0,0,0,3,0
XAVION,M,0,0,0,0,0,3,0
XAWERY,M,0,0,0,0,0,4,0
XHESIKA,F,0,0,0,3,3,10,6
XHOANA,F,0,0,0,0,0,3,0
XIANA,F,0,0,0,0,0,3,0
XIENNA,F,0,0,0,0,0,3,0
XIMENA,F,0,0,0,0,0,4,0
XING,M,0,0,0,0,0,11,0
XINYAN,F,0,0,0,0,0,3,0
XINYI,F,0,0,0,0,0,27,0
XIOMARA,F,0,0,0,0,0,15,0
XUE,F,0,0,0,0,0,26,0
XYLIA,F,0,0,0,0,0,7,0
XYLO,M,0,0,0,0,0,3,0
XZANDER,M,0,0,0,0,0,3,0
XZAVIER,M,0,0,0,0,0,23,0
YA,F,0,0,0,0,3,47,3
YAA,F,0,3,3,0,0,54,6
YAACOV,M,0,0,0,0,0,6,0
YAAMEEN,M,0,0,0,0,0,7,0
YAARA,F,0,0,0,0,0,3,0
YAASIN,M,0,0,0,0,0,8,0
YAASIR,M,0,0,0,0,0,58,0
YACIN,M,0,0,0,0,0,3,0
YACOUB,M,0,0,0,3,0,50,3
YACOV,M,0,0,0,0,0,5,0
YACQUB,M,0,0,0,0,0,56,0
YAD,M,0,0,0,0,0,123,0
YADAV,M,0,0,0,0,0,3,0
YADAVI,F,0,0,0,0,0,3,0
YAEL,M,0,0,0,0,0,6,0
YAFI,M,0,0,0,0,0,9,0
YAFIET,M,0,0,0,0,0,3,0
YAGIZ,M,0,0,0,0,0,6,0
YAHHYA,M,0,0,0,0,0,3,0
YAHIA,M,0,0,0,4,0,75,4
YAHIYA,M,0,0,0,0,0,17,0
YAHVI,F,0,0,0,0,0,14,0
YAHYAA,M,0,0,5,0,0,67,5
YAIR,M,3,0,0,0,0,18,3
YAIZA,F,0,3,0,0,0,6,3
YAKIRA,F,0,0,0,0,0,20,0
YAKOB,M,0,0,0,0,0,3,0
YAKOUB,M,0,0,0,0,0,15,0
YAKSH,M,0,0,0,0,0,3,0
YAKUP,M,0,0,0,0,0,17,0
YALDA,F,0,0,0,0,0,76,0
YALIN,M,0,0,0,0,0,3,0
YALINA,F,0,0,0,0,0,3,0
YAMA,M,0,0,0,0,0,3,0
YAMAN,M,0,0,0,0,0,22,0
YAMEN,M,0,0,0,0,0,20,0
YAMIKANI,M,0,0,0,0,0,3,0
YAMINA,F,0,0,0,5,0,33,5
YAMINAH,F,0,0,0,0,0,13,0
YAMINI,F,0,0,0,0,0,5,0
YAMNA,F,0,0,0,0,0,3,0
YAMUR,F,0,0,0,0,0,3,0
YAN,F,3,0,0,0,3,77,6
YANET,F,0,0,0,0,0,9,0
YANG,M,0,0,0,0,0,15,0
YANG,F,0,0,0,0,0,9,0
YANI,M,0,0,0,0,0,9,0
YANKY,M,0,0,0,0,0,9,0
YAO,M,0,0,0,0,0,4,0
YAPHET,M,0,0,0,0,0,6,0
YAPRAK,F,0,0,0,0,0,3,0
YAQEEN,M,0,0,0,0,0,17,0
YAQOOB,M,3,0,0,3,0,140,6
YA'QUB,M,0,0,0,0,0,4,0
YAQUUB,M,0,0,0,0,0,3,0
YARAN,F,0,0,0,0,0,18,0
YARAN,M,0,0,0,0,0,6,0
YARED,M,0,0,0,0,0,9,0
YARON,M,0,0,0,0,0,4,0
YAROSLAV,M,0,0,0,0,0,16,0
YAROSLAVA,F,0,0,0,0,0,3,0
YASA,M,0,0,0,0,0,3,0
YASEER,M,0,0,0,0,0,16,0
YASEN,M,0,0,0,0,0,4,0
YASHA,M,0,0,0,0,0,4,0
YASHAR,M,3,0,0,0,0,6,3
YASHAS,M,0,0,0,0,0,3,0
YASHFA,F,0,0,0,0,0,39,0
YASHFEEN,F,0,0,0,0,0,3,0
YASHI,F,0,0,0,0,0,17,0
YASHIKA,F,0,0,0,0,0,44,0
YASHIL,M,0,0,0,0,3,3,3
YASHITA,F,0,0,0,0,0,3,0
YASHNA,F,0,0,0,0,0,7,0
YASHNI,F,0,0,0,0,0,3,0
YASHRAJ,M,0,0,0,0,0,31,0
YASHUA,M,0,0,0,0,0,6,0
YASHVI,F,0,0,0,0,0,117,0
YASHVIR,M,0,0,0,0,0,3,0
YASHWANTH,M,0,0,0,0,0,3,0
YASIIN,M,0,0,0,0,0,11,0
YASINE,M,0,0,0,0,0,4,0
YASIRA,F,0,0,0,0,0,12,0
YASIRAH,F,0,0,0,0,0,16,0
YASMEENAH,F,0,0,0,0,0,3,0
YASMEN,F,0,0,0,0,0,7,0
YASMYN,F,0,0,0,3,0,9,3
YASNA,F,0,0,0,0,0,35,0
YASRA,F,0,0,0,0,0,3,0
YASSEEN,M,0,3,0,0,0,18,3
YASSIN,F,0,0,0,0,0,14,0
YATHARTH,M,0,0,0,0,0,4,0
YAVOR,M,0,0,0,0,0,11,0
YAVUZ,M,0,0,0,0,0,10,0
YAYA,M,0,0,0,0,0,10,0
YAYRA,F,0,0,0,0,0,3,0
YAZAN,M,0,0,0,0,3,123,3
YAZDAN,M,0,0,0,0,0,10,0
YAZEN,M,0,0,0,0,0,14,0
YAZMINA,F,0,0,0,0,0,6,0
YAZMYN,F,0,0,0,0,0,6,0
YE,M,0,0,0,0,0,4,0
YEA,F,0,0,0,0,0,6,0
YEHUDIS,F,0,0,0,0,3,32,3
YEKCAN,M,0,0,0,0,0,3,0
YEKTA,M,0,0,0,0,0,6,0
YELDA,F,3,0,0,0,0,3,3
YEMAYA,F,0,3,0,3,0,6,6
YENA,F,0,0,0,0,0,3,0
YESHA,F,0,0,0,0,0,3,0
YESHAYA,M,0,0,0,0,0,18,0
YESHUA,M,0,0,3,0,0,20,3
YESSINE,M,0,0,0,0,0,3,0
YESTIN,M,0,0,0,0,0,6,0
YEZEN,M,0,0,0,0,0,3,0
YICHEN,M,0,0,0,0,0,14,0
YIDEL,M,0,0,0,0,0,6,0
YIFAN,M,0,0,0,0,0,4,0
YILDIZ,F,0,0,0,0,0,12,0
YILIN,F,0,0,0,0,0,9,0
YISRAEL,M,0,0,0,0,4,26,4
YITIAN,M,0,0,0,0,0,3,0
YITZCHAK,M,0,0,0,4,0,11,4
YITZI,M,0,0,0,0,0,12,0
YIU,M,0,0,0,0,0,4,0
YIXIN,F,0,0,0,0,0,6,0
YIYANG,M,0,0,0,0,0,3,0
YIYI,F,0,0,0,0,0,3,0
YLLI,M,0,0,0,3,0,15,3
YLLKA,F,0,0,0,0,0,12,0
YLVA,F,0,0,0,0,0,20,0
YNES,F,0,0,0,0,0,4,0
YNEZ,F,0,0,0,0,0,6,0
YOANA,F,0,0,0,0,0,41,0
YOCHANAN,M,0,0,0,0,0,3,0
YOHANA,F,0,0,0,0,0,6,0
YOKO,F,0,0,0,0,0,3,0
YONA,M,0,0,0,0,0,13,0
YONA,F,0,0,0,0,0,13,0
YONAEL,M,0,0,0,0,0,3,0
YONAH,M,0,0,0,4,0,35,4
YONG,M,0,0,0,0,0,26,0
YONG,F,0,0,0,0,0,3,0
YONI,M,0,0,0,0,0,43,0
YOONIS,M,0,0,0,3,0,20,3
YOONSUNG,M,0,0,0,0,0,3,0
YOONUS,M,0,0,0,0,0,3,0
YOOSUF,M,0,0,0,0,3,26,3
YORDAN,M,0,0,0,0,0,8,0
YORI,M,0,0,0,0,0,3,0
YOSAN,F,0,0,0,0,0,17,0
YOSHI,M,0,0,0,0,0,10,0
YOSHUA,M,0,0,0,0,0,14,0
YOSIF,M,0,0,0,0,0,10,0
YOSRA,F,0,0,0,0,0,3,0
YOSSI,M,0,0,0,3,0,63,3
YOSYAS,M,0,0,0,0,0,3,0
YOTAM,M,0,0,0,0,0,13,0
YOU,F,0,0,0,0,0,12,0
YOU,M,0,0,0,0,0,6,0
YOUMNA,F,0,0,0,0,0,10,0
YOUNAS,M,0,4,0,0,0,19,4
YOUNESS,M,0,0,0,3,0,14,3
YOURI,M,0,0,0,0,0,3,0
YOUSF,M,0,0,0,0,0,3,0
YOUSHA,M,0,0,0,0,0,6,0
YOUSSOUF,M,0,0,0,0,0,6,0
YSELLA,F,0,0,0,3,0,29,3
YTHAN,M,0,0,0,0,0,3,0
YUAN,F,0,0,0,0,0,6,0
YUCHEN,M,0,0,0,0,0,8,0
YUE,M,0,0,0,0,0,6,0
YUEL,M,0,0,0,0,0,3,0
YUG,M,0,0,0,0,0,84,0
YUGAN,M,0,0,0,0,0,6,0
YUGO,M,0,0,0,0,0,3,0
YUHAN,F,0,0,0,0,0,4,0
YUK,F,0,0,0,0,4,4,4
YUKA,F,0,0,0,0,0,10,0
YUKAI,M,0,0,0,0,0,3,0
YUKI,M,0,0,3,0,0,19,3
YUKTA,F,0,0,0,0,0,3,0
YUKTI,F,0,0,0,0,0,3,0
YUL,M,0,0,0,0,3,3,3
YUMA,F,0,0,0,0,0,4,0
YUMNAA,F,0,0,0,0,0,6,0
YUMNAH,F,0,0,0,0,0,18,0
YUN,M,3,0,0,0,0,24,3
YUNES,M,0,0,0,0,0,6,0
YUNIS,M,0,0,0,0,4,117,4
YUSAIRAH,F,0,0,0,0,0,19,0
YUSAYRAH,F,0,0,0,0,0,8,0
YUSHA,M,0,0,0,0,0,115,0
YUSHUA,M,0,0,0,0,0,6,0
YUSRAH,F,0,0,3,0,0,56,3
YUSSRA,F,0,0,0,0,0,14,0
YUSUPHA,M,3,0,0,0,0,13,3
YUTIKA,F,0,0,0,0,0,4,0
YUTO,M,0,0,0,0,0,9,0
YUTONG,F,0,0,0,0,0,11,0
YUUKI,M,4,0,3,0,0,10,7
YUUSUF,M,0,0,0,0,0,6,0
YUV,M,0,0,0,0,0,9,0
YUVAL,M,0,0,0,0,0,13,0
YUVAN,M,0,0,0,0,0,61,0
YUVEN,M,0,0,0,0,0,3,0
YUVIKA,F,0,0,0,0,0,3,0
YUVIN,M,0,0,0,0,0,6,0
YUVRAAJ,M,0,0,0,0,0,56,0
YUXIN,F,0,0,0,0,0,21,0
YVA,F,0,0,0,0,0,4,0
YVAINE,F,0,0,0,0,0,59,0
YVAN,M,0,0,0,3,3,12,6
YVI,F,0,0,0,0,0,3,0
YZABELLA,F,0,0,0,0,0,9,0
ZAAFIR,M,0,0,0,0,0,3,0
ZAAHID,M,0,0,0,3,0,13,3
ZAAHIRAH,F,0,0,0,0,0,3,0
ZAAMIN,M,0,0,0,0,0,6,0
ZAARA,F,0,0,0,0,0,576,0
ZAARAH,F,0,0,0,0,0,11,0
ZAARIYA,F,0,0,0,0,0,12,0
ZABIAN,M,0,0,0,0,0,3,0
ZABIR,M,0,0,0,0,0,3,0
ZABIULLAH,M,0,0,0,0,0,4,0
ZACARIA,M,0,0,0,3,0,3,3
ZACARIAH,M,0,0,0,0,0,29,0
ZACARIAS,M,0,0,0,0,0,12,0
ZACCAI,M,0,0,0,0,0,14,0
ZACCARIA,M,0,0,0,0,0,6,0
ZACCARY,M,0,0,0,0,0,3,0
ZACHARIYA,M,0,0,0,0,0,52,0
ZACHARIYAH,M,0,0,0,0,0,4,0
ZACHARYA,M,0,0,0,0,0,6,0
ZACHORY,M,0,0,0,0,0,6,0
ZACKARI,M,0,0,0,0,0,6,0
ZACKARIA,M,0,0,0,0,3,54,3
ZACKARIYA,M,0,0,0,0,0,89,0
ZACKARIYAH,M,0,0,0,0,0,6,0
ZACKARYA,M,0,0,0,0,0,3,0
ZADIE,F,0,0,0,0,0,70,0
ZAEEMAH,F,0,0,0,0,0,4,0
ZAFAR,M,4,0,0,0,0,39,4
ZAFIAH,F,0,0,0,0,0,3,0
ZAFIR,M,0,0,0,0,5,41,5
ZAFIRA,F,0,0,0,0,3,19,3
ZAFRAAN,M,0,0,0,3,0,3,3
ZAHA,F,0,0,0,0,0,9,0
ZAHAR,M,0,0,0,0,0,3,0
ZAHED,M,0,0,0,0,0,6,0
ZAHEDA,F,3,0,0,0,0,3,3
ZAHEED,M,3,0,0,3,0,6,6
ZAHEEN,M,0,0,0,0,0,11,0
ZAHEEN,F,0,0,0,0,0,11,0
ZAHEERA,F,0,0,0,0,0,13,0
ZAHER,M,0,0,0,0,0,4,0
ZAHI,M,0,0,0,0,0,34,0
ZAHIA,F,0,0,0,0,0,10,0
ZAHIL,M,0,0,0,0,0,4,0
ZAHIN,F,0,0,0,0,0,3,0
ZAHIYA,F,0,0,0,0,0,3,0
ZAHRAN,M,0,0,0,0,0,10,0
ZAI,M,0,0,0,0,0,9,0
ZAIB,M,0,0,0,0,0,9,0
ZAIBAA,F,0,0,0,0,0,37,0
ZAIB-UN-NISA,F,0,0,0,0,0,3,0
ZAIDA,F,0,0,0,0,0,23,0
ZAIDAAN,M,0,0,0,0,0,6,0
ZAIDAN,M,0,0,0,0,3,63,3
ZAIDE,M,0,0,0,0,0,6,0
ZAIDEN,M,0,0,0,0,0,92,0
ZAIGHAM,M,3,0,0,0,0,6,3
ZAIIN,M,0,0,0,0,0,3,0
ZAIL,M,0,0,0,0,0,3,0
ZAILA,F,0,0,0,0,0,3,0
ZAIM,M,0,3,0,0,0,62,3
ZAIMA,F,0,0,0,0,0,49,0
ZAIMAH,F,0,0,0,0,0,3,0
ZAIN-ALI,M,0,0,0,0,0,3,0
ZAINIB,F,0,0,0,0,0,6,0
ZAINISH,F,0,0,0,0,0,3,0
ZAINUD-DEEN,M,0,0,0,0,0,7,0
ZAINUDDIN,M,0,0,0,0,0,4,0
ZAINUDIN,M,0,0,0,0,0,3,0
ZAIN-UL,M,0,0,3,0,0,18,3
ZAIN-UL-ABIDIN,M,0,0,0,0,3,3,3
ZAIRAH,F,0,0,0,0,4,39,4
ZAIYAN,M,0,0,0,0,0,17,0
ZAKAI,M,0,0,0,0,0,54,0
ZAKAR,M,0,0,0,0,3,9,3
ZAKAREE,M,0,0,0,0,0,3,0
ZAKAREEYA,M,0,0,0,0,0,8,0
ZAKAREYA,M,0,0,0,0,0,4,0
ZAKARIAS,M,0,0,0,0,3,11,3
ZAKARIE,M,0,0,3,0,0,11,3
ZAKARIYAH,M,0,3,0,0,0,216,3
ZAKARIYYAH,M,0,0,0,0,0,29,0
ZAKARYA,M,4,0,0,0,0,42,4
ZAKEE,M,0,0,3,0,0,12,3
ZAKER,M,0,0,0,3,0,3,3
ZAKERIA,M,0,3,0,0,0,10,3
ZAKERIYA,M,0,0,0,0,0,3,0
ZAKHARY,M,0,0,0,0,0,10,0
ZAKHIA,F,0,0,0,3,0,3,3
ZAKIAH,M,0,0,0,0,0,14,0
ZAKIRAH,F,0,0,0,0,0,74,0
ZAKIY,M,0,0,0,0,0,3,0
ZAKKAI,M,0,0,0,0,0,3,0
ZAKKARY,M,0,0,0,0,0,15,0
ZAKKI,M,0,0,0,0,0,3,0
ZAKKIYAH,F,0,0,0,0,0,3,0
ZAKRIA,M,0,0,0,0,0,27,0
ZAKRIYA,M,0,0,0,0,0,49,0
ZAKWAN,M,0,0,0,0,0,12,0
ZAKY,M,0,0,0,0,0,14,0
ZALAAN,M,0,0,0,0,0,3,0
ZALAN,M,0,0,0,0,0,32,0
ZALEKHA,F,0,0,0,0,0,3,0
ZALMEN,M,0,0,0,0,0,3,0
ZAM,F,0,0,0,0,0,6,0
ZAMAAN,M,0,0,0,0,0,6,0
ZAMIL,M,0,0,0,0,0,6,0
ZAMIN,M,0,0,0,0,0,15,0
ZAN,M,0,3,0,0,3,21,6
ZANA,M,0,0,0,0,0,14,0
ZANAIRA,F,0,0,0,0,0,3,0
ZANDILE,F,0,0,0,0,0,6,0
ZANDRA,F,0,0,0,0,0,6,0
ZANEB,F,0,0,4,0,0,4,4
ZANELE,F,0,0,0,0,0,3,0
ZANERA,F,0,0,0,4,0,4,4
ZANETA,F,0,0,0,0,0,38,0
ZANETTA,F,0,0,0,0,0,3,0
ZANIAH,F,0,0,0,0,0,9,0
ZANIYAH,F,0,0,0,0,0,8,0
ZANTHE,F,0,0,0,0,0,10,0
ZANYAR,M,0,0,0,0,0,4,0
ZARAAH,F,0,0,0,0,0,4,0
ZARAAN,M,0,0,0,0,0,5,0
ZARAAR,M,0,0,0,0,0,3,0
ZARA-JANE,F,0,0,0,0,3,3,3
ZARAK,M,0,0,0,0,0,19,0
ZARA-LOUISE,F,3,0,0,3,0,9,6
ZARAR,M,0,0,0,0,0,15,0
ZARA-ROSE,F,0,0,0,0,0,15,0
ZAREENAH,F,0,0,0,0,0,27,0
ZAREESH,F,0,0,0,0,0,3,0
ZARENA,F,0,0,0,0,0,3,0
ZARGHAM,M,0,0,0,0,0,3,0
ZARI,F,0,0,0,0,0,12,0
ZARIA,F,0,0,0,3,3,102,6
ZARIAH,F,0,0,0,0,0,55,0
ZARIF,M,0,0,0,0,0,51,0
ZARIFA,F,0,0,0,0,0,3,0
ZARIFAH,F,0,0,0,0,0,4,0
ZARINE,F,0,0,0,0,0,10,0
ZARISH,F,0,0,3,0,0,25,3
ZARIYA,F,0,0,0,0,0,64,0
ZARIYAH,F,0,0,0,0,0,15,0
ZARKA,F,0,3,0,0,3,6,6
ZARMEEN,F,0,0,0,0,0,5,0
ZAROON,M,0,0,0,0,0,21,0
ZARQA,F,0,4,0,0,0,14,4
ZARQAA,F,0,0,3,0,0,3,3
ZARRA,F,0,0,0,0,0,4,0
ZARRAR,M,0,0,0,0,0,23,0
ZARTASHA,F,0,3,0,0,0,6,3
ZARYAAB,M,0,0,0,0,0,3,0
ZARYAB,M,0,3,0,0,0,32,3
ZAVANNAH,F,0,0,0,0,0,4,0
ZAVIAN,M,0,0,0,0,0,17,0
ZAVIAR,M,0,0,0,0,0,3,0
ZAVIERA,F,0,0,0,0,0,3,0
ZAVION,M,0,0,0,0,0,6,0
ZAVIYAR,M,0,0,0,0,0,37,0
ZAYAAN,M,0,0,0,0,0,400,0
ZAYAH,F,0,0,0,0,0,13,0
ZAYANA,F,0,0,0,0,0,3,0
ZAYBA,F,0,0,0,3,0,67,3
ZAYDAAN,M,0,0,0,0,0,9,0
ZAYDAN,M,0,0,0,0,0,124,0
ZAYED,M,0,0,0,0,4,86,4
ZAYLEN,M,0,0,0,0,0,3,0
ZAYLIE,F,3,0,0,0,0,3,3
ZAYNUB,F,0,0,0,3,0,30,3
ZAYN-UL-ABIDIN,M,0,0,0,0,3,3,3
ZAYON,M,0,0,0,0,0,3,0
ZAYVIER,M,0,0,0,0,0,3,0
ZAYYAAN,M,0,0,0,0,0,9,0
ZDENEK,M,0,0,0,0,0,7,0
ZE,M,0,0,0,0,0,54,0
ZEBULUN,M,0,0,0,0,0,10,0
ZEDAN,M,0,0,0,0,0,4,0
ZEDEKIAH,M,0,0,0,0,0,12,0
ZEEDAN,M,0,0,0,0,0,3,0
ZEENIA,F,0,0,0,0,0,3,0
ZEEYA,F,0,0,0,0,0,12,0
ZEHNA,F,0,0,0,0,0,25,0
ZEINEB,F,0,0,0,0,0,3,0
ZEKAI,M,0,0,0,0,0,6,0
ZEKERIYA,M,0,0,0,0,0,6,0
ZEKIAH,M,0,0,0,0,0,3,0
ZELAH,F,0,0,0,0,0,13,0
ZELIA,F,0,0,0,0,0,4,0
ZELIE,F,0,0,3,0,0,31,3
ZELIG,M,0,0,0,0,0,4,0
ZELIHA,F,0,0,0,0,0,31,0
ZELINA,F,0,0,0,0,3,3,3
ZEMIRA,F,0,0,0,0,0,3,0
ZEMIRAH,F,0,0,0,0,0,20,0
ZENAH,F,0,0,0,3,0,3,3
ZENAT,F,0,0,0,0,0,6,0
ZENAYAH,F,0,0,0,0,0,3,0
ZENDEN,M,0,0,0,0,0,3,0
ZENITH,M,0,0,0,0,0,3,0
ZENIYAH,F,0,0,0,0,0,3,0
ZENNON,M,0,0,0,0,0,3,0
ZENNOR,F,0,0,3,3,0,36,6
ZENTE,M,0,0,0,0,0,4,0
ZEPHAN,M,0,0,0,0,0,72,0
ZEPHANIAH,F,0,0,0,0,0,3,0
ZEPHYRUS,M,0,0,0,0,0,4,0
ZERDA,F,0,0,0,0,0,25,0
ZEREN,F,0,0,0,0,0,17,0
ZERIN,F,0,0,0,0,0,10,0
ZERINA,F,0,0,0,0,0,11,0
ZERISH,F,0,0,0,0,0,3,0
ZETENY,M,0,0,0,0,0,7,0
ZETHAN,M,0,0,0,0,0,3,0
ZEVA,F,0,0,0,0,0,21,0
ZEVI,M,0,0,0,0,0,31,0
ZEYAD,M,4,0,0,0,0,80,4
ZEYAN,M,0,0,0,0,0,3,0
ZEYD,M,0,0,0,0,0,12,0
ZEYN,M,0,0,0,0,0,8,0
ZEYNA,F,0,0,0,0,0,3,0
ZEYNAH,F,0,0,0,0,4,4,4
ZEYNEB,F,0,0,0,0,0,9,0
ZHAO,M,0,0,0,0,0,4,0
ZHE,M,0,0,0,0,0,6,0
ZHEN,M,0,0,0,0,0,38,0
ZHEN,F,0,0,0,0,0,4,0
ZHI,M,0,0,0,3,3,198,6
ZHI,F,0,0,0,0,0,101,0
ZHIR,M,0,0,0,0,0,6,0
ZHIXIN,F,0,0,0,0,0,4,0
ZHIYAN,F,0,0,0,0,0,4,0
ZHONG,M,0,0,0,0,0,3,0
ZHUO,M,0,0,0,0,0,9,0
ZHWAN,F,0,0,0,0,0,3,0
ZHYAR,M,0,0,0,0,0,3,0
ZI,M,0,0,0,0,0,216,0
ZI,F,0,0,0,0,0,214,0
ZIAH,F,0,0,0,0,0,26,0
ZIAN,F,0,0,0,0,0,9,0
ZIANA,F,0,3,0,0,0,29,3
ZIANI,M,0,0,0,0,0,3,0
ZIANNA,F,0,0,0,0,0,15,0
ZIANNE,F,0,0,0,0,0,10,0
ZIDAAN,M,0,0,0,0,0,58,0
ZIENNA,F,0,0,0,0,0,14,0
ZIHAN,M,0,0,0,0,0,19,0
ZIHENG,M,0,0,0,0,0,4,0
ZIKORA,F,0,0,0,0,0,6,0
ZIKORA,M,0,0,0,0,0,3,0
ZIKRA,F,0,0,0,0,0,98,0
ZIKRAH,F,0,0,0,0,0,10,0
ZIKRIYA,M,0,0,0,0,0,3,0
ZILLAH,F,0,3,0,0,0,3,3
ZIMAL,F,0,0,0,0,0,50,0
ZINAB,F,0,0,0,0,0,3,0
ZINACHIDI,F,0,0,0,0,0,3,0
ZINAR,M,0,0,0,0,0,4,0
ZINAT,F,0,0,0,0,0,4,0
ZINEDDINE,M,0,0,0,0,0,3,0
ZINHLE,F,0,0,0,0,0,6,0
ZINNEERAH,F,0,0,0,0,0,13,0
ZIONA,F,0,0,0,0,0,8,0
ZIPPORAH,F,3,0,3,0,0,53,6
ZIQRA,F,0,0,0,0,0,3,0
ZIRUI,M,0,0,0,0,0,3,0
ZIRWA,F,0,0,0,0,0,14,0
ZISSY,F,0,0,0,0,0,7,0
ZIVA,F,0,0,0,0,0,229,0
ZIVAH,F,0,0,0,0,0,11,0
ZIXIN,F,0,0,0,0,0,14,0
ZIXUAN,M,0,0,0,0,0,13,0
ZIYA,M,0,0,0,0,0,17,0
ZIYAAD,M,3,0,0,0,0,89,3
ZIYAAN,M,0,0,0,0,0,15,0
ZIYAN,M,0,0,0,0,0,32,0
ZIYAN,F,0,0,0,0,0,4,0
ZLATY,F,0,0,0,0,0,4,0
Z'MARI,M,0,0,0,0,0,3,0
ZOAIB,M,0,0,0,0,0,3,0
ZOBIYA,F,0,0,0,0,0,3,0
ZOE-ANN,F,3,0,0,0,0,9,3
ZOE-LEIGH,F,0,0,3,0,0,6,3
ZOE-MARIE,F,3,0,0,0,0,6,3
ZOHAA,F,0,0,0,0,0,4,0
ZOHAAN,M,0,0,0,0,0,10,0
ZOHAIR,M,0,0,0,0,0,63,0
ZOHAL,F,0,0,0,0,4,64,4
ZOHHA,F,0,0,0,0,0,9,0
ZOHIB,M,0,3,0,4,0,10,7
ZOHRAH,F,0,0,0,0,0,9,0
ZOI,F,0,0,0,0,0,3,0
ZOJA,F,0,0,0,0,0,35,0
ZONA,F,0,0,3,0,0,6,3
ZONAIN,M,0,0,0,0,0,3,0
ZONAIRA,F,0,0,0,0,0,4,0
ZONERA,F,0,0,0,0,0,3,0
ZORAN,M,0,0,0,3,0,24,3
ZORAVAR,M,0,0,0,0,0,19,0
ZORAWAR,M,0,0,0,0,0,54,0
ZOSHA,F,0,0,0,0,0,6,0
ZOSIA,F,0,0,0,0,0,105,0
ZSA,F,0,0,0,0,0,3,0
ZSIGMOND,M,0,0,0,0,0,3,0
ZSOFIA,F,0,0,0,0,0,47,0
ZUBAIDA,F,3,0,0,0,0,79,3
ZUBAYDA,F,0,0,0,0,0,13,0
ZUBAYR,M,0,0,3,0,0,108,3
ZUBEDA,F,0,0,3,0,0,10,3
ZUBEIR,M,0,0,0,0,0,3,0
ZUBER,M,0,0,0,0,0,3,0
ZUBEYDE,F,0,0,0,0,0,3,0
ZUBIA,F,0,5,0,0,0,9,5
ZUBIN,M,3,0,0,0,0,43,3
ZUHAA,F,0,0,0,0,0,9,0
ZUHAIRA,F,0,0,0,0,0,3,0
ZUHAIRAH,F,0,0,0,0,0,3,0
ZUHAL,F,0,0,0,0,0,24,0
ZUHAYB,M,0,0,0,0,0,9,0
ZUHEYB,M,0,0,0,0,0,3,0
ZUHRA,F,0,0,0,0,0,39,0
ZUHUR,F,0,0,0,0,0,11,0
ZUKHRUF,F,0,0,0,0,0,3,0
ZULAIKA,F,0,0,0,0,0,11,0
ZULAIKHAA,F,0,0,0,0,0,4,0
ZULAL,F,0,0,0,0,0,3,0
ZULAYKHA,F,0,0,3,0,0,73,3
ZULEIKHA,F,4,0,0,0,0,23,4
ZULEYHA,F,0,0,0,0,0,11,0
ZULFA,F,4,0,0,0,0,4,4
ZULFIKAR,M,0,0,0,4,0,4,4
ZULFIQAR,M,0,0,0,0,0,10,0
ZULKARNAIN,M,0,0,0,0,0,3,0
ZULQARNAIN,M,3,0,0,0,0,38,3
ZUNAID,M,0,3,0,0,0,3,3
ZUNAIR,M,0,0,0,0,0,6,0
ZUNAIRAH,F,0,0,0,0,0,445,0
ZUNDUS,F,0,0,0,0,0,3,0
ZUNERA,F,3,0,0,0,0,21,3
ZURIEL,M,0,0,0,0,0,93,0
ZURIEL,F,0,0,0,0,0,44,0
ZUVA,F,0,0,0,0,0,3,0
ZUWENA,F,0,0,0,0,0,3,0
ZUZA,F,0,0,0,0,0,9,0
ZUZIA,F,0,0,0,0,0,9,0
ZYAH,M,0,0,0,0,0,3,0
ZYAN,M,0,0,0,0,0,40,0
ZYANA,F,0,0,0,0,0,20,0
ZYLA,F,0,0,0,0,0,3,0
ZYLUS,M,0,0,0,0,0,3,0
ZYMAL,F,0,0,0,0,0,21,0
ZYNAB,F,0,0,0,3,0,3,3
ZYNAH,F,0,0,0,0,0,35,0
ZYON,M,0,0,0,0,0,27,0
ZYRA,F,0,0,0,0,0,26,0
ZYVA,F,0,0,0,0,0,11,0
