NAME,gender,count,90sCount,AdjustedCount
-------,F,4,4,0
---------,F,4,4,4
A,M,71,0,24
A.J.,M,6,3,6
AABAN,M,97,0,32
AABID,M,28,8,28
AADARSH,M,11,0,4
AADEN,M,18,0,6
AADESH,M,4,0,1
AADHAM,M,9,0,3
AADHAV,M,14,0,5
AADHIRA,F,4,0,1
AADHYA,F,95,0,32
AADI,M,154,0,51
AADIL,M,545,154,545
OENONE,F,3,0,1
OGHENEFEGA,F,3,0,1
OGHENERUNO,F,3,0,1
OGHENETEJIRI,M,3,0,1
OGHOSA,F,3,0,1
OHANA,F,3,0,1
OJASVI,F,3,0,1
OKECHUKWU,M,3,0,1
OKIKIOLA,M,3,0,1
OKTAWIA,F,3,0,1
OLABISI,F,3,0,1
OLADAYO,M,3,0,1
OLAITAN,F,3,0,1
OLAREWAJU,M,3,0,1
OLASENI,M,3,0,1
OLATUNBOSUN,M,3,0,1
OLENKA,F,3,0,1
OLORUNTOBA,M,3,0,1
OLUFUNMILOLA,F,3,0,1
OLUMUYIWA,M,3,0,1
OLUTOMILOLA,F,3,0,1
OLUWABUSAYOMI,F,3,0,1
OLUWADAMILARE,F,3,0,1
OLUWADAMILOJU,M,3,0,1
OLUWADAMISI,M,3,0,1
OLUWADOLAPO,F,3,0,1
OLUWADUNMININU,F,3,0,1
OLUWADUROTIMI,F,3,0,1
OLUWAFIKAYO,M,3,0,1
OLUWAFIKUNMI,M,3,0,1
OLUWAFOLABOMI,M,3,0,1
OLUWAFUNTAN,M,3,0,1
OLUWAJUWONLO,M,3,0,1
OLUWALAYOMI,F,3,0,1
OLUJIMI,M,6,0,2
OLUWAFIKAYOMI,M,5,0,2
JABARI,M,44,3,44
JABED,M,22,9,22
JABER,M,32,11,32
JABEZ,M,51,8,51
JAINIL,M,24,0,8
JAIPAL,M,22,6,22
JAIPREET,F,48,8,48
JAKIA,F,19,7,19
JAKIR,M,15,15,15
JAISON,M,26,3,26
JAIVEER,M,119,0,40
JAIVIR,M,6,0,2
JAIDE,F,59,28,59
JAIDEEP,M,75,8,75
JABIR,M,145,21,145
JAMAR,M,64,10,64
JAMARI,M,83,0,28
JAMARL,M,8,8,8
JAGDEEP,M,97,58,97
JAGJEET,M,36,10,36
JAGJIT,M,24,24,24
JAIMIN,M,60,35,60
JAIMINI,F,34,24,34
JAGRAJ,M,83,23,83
JAGROOP,M,32,14,32
JAGVIR,M,14,6,14
JAHAN,M,62,20,62
JAHANARA,F,11,7,11
JAHANGIR,M,26,18,26
JAHANZEB,M,18,10,18
JAHED,M,39,26,39
JAHEDUR,M,3,3,3
JABRAAN,M,9,9,9
JABRIL,M,85,0,28
OLUWAJOBA,M,5,0,2
OLUWAJUWON,M,5,0,2
OLUWATENIOLA,M,6,0,2
OLUWATOMIWA,F,6,0,2
OMOLAYO,F,6,0,2
OBAIDULLAH,M,3,0,1
OBIAJULU,M,3,0,1
OBIORA,M,3,0,1
ODAFE,M,3,0,1
OSAYUWAMEN,F,3,0,1
ODELYA,F,3,0,1
ODUNAYO,M,3,0,1
OLUWALONIMI,M,3,0,1
OLUWAMUYIWA,M,3,0,1
OLUWASIJIBOMI,M,3,0,1
OLUWASOLA,F,3,0,1
OLUWATARAMISORE,F,3,0,1
OLUWATENIAYO,M,3,0,1
OLUWATISE,M,3,0,1
OLUWATOBA,M,3,0,1
OLUWATUMININU,M,3,0,1
OLUYEMI,M,3,0,1
OLWETHU,F,3,0,1
OLWETHU,M,3,0,1
OMISHA,F,3,0,1
OMOTOLA,M,3,0,1
OMOTOLANI,F,3,0,1
OMOWONUOLA,F,3,0,1
ONOSETALE,M,3,0,1
ONYINYE,F,3,0,1
AADIT,M,45,0,15
AADITYA,M,103,6,103
AADVIK,M,12,0,4
AADYA,F,107,0,36
AADYA,M,7,0,2
AAEESHA,F,18,0,6
AAFIA,F,58,0,19
AAFIYA,F,26,0,9
AAFIYAH,F,49,0,16
AAFREEN,F,52,0,17
AAFRIN,F,9,0,3
AAHAAN,M,3,0,1
AAHAD,M,9,0,3
AAHAN,M,28,0,9
AAHANA,F,54,0,18
AAHIL,M,443,0,148
AAHNA,F,14,0,5
AAILA,F,99,0,33
AAILYAH,F,3,0,1
AAIMA,F,96,0,32
AAINA,F,9,0,3
AAIRA,F,104,0,35
AAIRAH,F,91,0,30
AAISHA,F,615,101,615
AA'ISHA,F,6,0,2
AAISHAH,F,234,39,234
AA'ISHAH,F,18,6,18
AAIZA,F,51,0,17
AAIZAH,F,21,0,7
AAJAY,M,3,0,1
AAKARSH,M,3,0,1
AAKASH,M,104,47,104
AAKIF,M,10,0,3
AAKIFA,F,17,0,6
AAKIFAH,F,148,23,148
AAKRITI,F,3,0,1
AALA,F,44,3,44
AALAA,F,12,0,4
AALAYA,F,3,0,1
AALAYAH,F,56,0,19
AALEAH,F,3,0,1
AALEEN,F,6,0,2
AALEIGHA,F,10,0,3
AALEYAH,F,131,0,44
AALIA,F,296,43,296
AALIAH,F,165,21,165
AALIM,M,10,0,3
AALIMAH,F,22,0,7
AALISHA,F,16,3,16
AALIYA,F,511,61,511
AALIYAAN,M,3,0,1
AALIYAH,F,7275,568,7275
AALIYAH-JADE,F,4,0,1
AALIYAH-LOUISE,F,3,0,1
AALIYAH-MAE,F,10,0,3
AALIYAH-MAI,F,3,0,1
AALIYAH-MARIE,F,3,0,1
AALIYAH-MAY,F,9,0,3
AALIYAH-ROSE,F,37,0,12
AALIYAN,M,15,0,5
AALIYHA,F,33,0,11
AALLIYAH,F,3,0,1
AALYA,F,7,0,2
AALYAH,F,3,0,1
AALYIAH,F,6,0,2
AAMAL,F,8,0,3
AAMAN,M,13,7,13
AAMANEE,F,15,0,5
AAMANI,F,34,0,11
AAMAR,M,6,3,6
AAMAYA,F,7,0,2
AAMENA,F,109,33,109
AAMENAH,F,61,17,61
AAMER,M,17,0,6
AAMIL,M,15,0,5
AAMILAH,F,125,0,42
AAMINA,F,970,115,970
AAMINAH,F,1523,146,1523
AAMIR,M,544,210,544
AAMIRA,F,101,9,101
AAMIRAH,F,157,42,157
AAMIYAH,F,3,0,1
AAMNA,F,402,68,402
AAMNAH,F,61,7,61
AANA,F,3,0,1
AANAV,M,4,0,1
AANAY,M,3,0,1
AANAYA,F,8,0,3
AANCHAL,F,11,0,4
AANIA,F,41,0,14
AANIKA,F,10,0,3
AANIS,M,3,0,1
AANISAH,F,59,38,59
AANISHA,F,3,0,1
AANIYA,F,31,0,10
AANIYAH,F,34,0,11
AANVI,F,6,0,2
AANYA,F,522,8,522
AAQIB,M,136,22,136
AAQIL,M,36,0,12
AARA,F,43,0,14
AARABI,F,7,0,2
AARADHYA,F,71,0,24
AARAIZ,M,3,0,1
AARALYN,F,3,0,1
AARANI,F,10,0,3
AARATHANA,F,3,0,1
AARAV,M,1058,0,353
AAREN,M,27,4,27
AAREZ,M,13,0,4
AARIA,F,49,0,16
AARIAH,F,10,0,3
AARIAN,M,50,0,17
AARIANA,F,10,0,3
AARIB,M,45,0,15
AARIC,M,3,0,1
AARIF,M,25,10,25
AARIFA,F,3,0,1
AARIFAH,F,68,7,68
AARIKA,F,12,0,4
AARIN,M,26,0,9
AARINI,F,6,0,2
AARIS,M,4,0,1
AARISH,M,25,0,8
AARISHA,F,3,0,1
AARIT,M,5,0,2
AARIV,M,17,0,6
AARIYA,F,77,0,26
AARIYAH,F,10,0,3
AARIYAN,M,61,0,20
AARIZ,M,365,0,122
AARNA,F,147,0,49
AARNAV,M,77,0,26
AARO,M,3,0,1
AAROHI,F,53,0,18
AARON-JAY,M,7,0,2
AARONJIT,M,3,3,3
AARON-JOHN,M,3,0,1
AARON-JUNIOR,M,10,0,3
AARON-LEE,M,3,3,3
AARONVEER,M,14,7,14
AAROON,M,12,6,12
AARSH,M,3,0,1
AARTHI,F,7,4,7
AARUHI,F,3,0,1
AARUN,M,46,17,46
AARUSAN,M,3,0,1
AARUSH,M,327,0,109
AARUSHI,F,115,0,38
AARVI,F,23,0,8
AARVIN,M,7,0,2
AARYA,F,312,0,104
AARYA,M,45,0,15
AARYAHI,F,3,0,1
AARYAN,M,818,6,818
AARYANA,F,3,0,1
AARYANNA,F,3,0,1
AARYAV,M,13,0,4
AARYN,M,6,0,2
AARYUN,M,3,0,1
AARYZ,M,3,0,1
AARZO,F,3,0,1
AARZOO,F,29,10,29
AARZU,F,6,0,2
AASHA,F,35,3,35
AASHI,F,80,0,27
AASHIKA,F,13,0,4
AASHIR,M,66,5,66
AASHISH,M,25,3,25
AASHIYANA,F,3,0,1
AASHMAN,M,3,0,1
AASHNA,F,66,3,66
AASHNI,F,30,6,30
AASHRITHA,F,4,0,1
AASHRIYA,F,3,0,1
AASHVI,F,24,0,8
AASIA,F,56,8,56
AASIF,M,6,0,2
AASIM,M,107,21,107
AASIYA,F,160,21,160
AASIYAH,F,305,35,305
AASTHA,F,19,0,6
AATHAVAN,M,7,0,2
AATHAVI,F,3,0,1
AATHIRA,F,4,0,1
AATHISH,M,3,0,1
AATIF,M,51,18,51
AATIFA,F,3,0,1
AATIKA,F,31,6,31
AATIKAH,F,58,11,58
AATIQA,F,8,0,3
AATIQAH,F,11,3,11
AATISH,M,4,4,4
AAVA,F,16,0,5
AAVAI,M,4,0,1
AAVISH,M,3,0,1
AAVNI,F,4,0,1
AAVYA,F,8,0,3
AAYA,F,46,0,15
AAYAAN,M,38,0,13
AAYAH,F,78,0,26
AAYAN,M,935,0,312
AAYANA,F,10,0,3
AAYANSH,M,15,0,5
AAYAT,F,177,0,59
AAYATH,F,4,0,1
AAYDEN,M,6,0,2
AAYESHA,F,14,3,14
AAYLA,F,34,0,11
AAYLIAH,F,3,0,1
AAYMA,F,3,0,1
AAYRA,F,6,0,2
AAYRAH,F,3,0,1
AAYSHA,F,12,0,4
AAYUSH,M,242,11,242
AAYUSHI,F,35,0,12
AAYZA,F,4,0,1
AAZAN,M,3,0,1
AAZEEN,F,7,0,2
ABA,F,9,3,9
ABAAN,M,67,0,22
ABAAS,M,28,13,28
ABAGAEL,F,4,4,4
ABAIGEAL,F,3,0,1
ABAN,M,32,0,11
ABANOUB,M,3,3,3
ABBAAS,M,27,6,27
ABBASS,M,3,3,3
ABBEE,F,6,6,6
ABBEYGAYLE,F,4,4,4
ABBEY-LEIGH,F,8,0,3
ABBEY-LOUISE,F,3,3,3
ABBIE-GAIL,F,4,4,4
ABBIEGAYLE,F,3,3,3
ABBIE-GAYLE,F,3,3,3
ABBIE-GRACE,F,3,0,1
ABBIE-JAI,F,3,0,1
ABBIE-JANE,F,3,0,1
ABBIE-LEA,F,3,0,1
ABBIE-LEE,F,4,4,4
ABBIELOUISE,F,3,3,3
ABBIE-MAI,F,6,0,2
ABBI-LEIGH,F,4,0,1
ABBI-LOUISE,F,3,0,1
ABBI-MAE,F,3,0,1
ABBYGAEL,F,3,0,1
ABBYGAYLE,F,6,6,6
ABBY-MAY,F,3,0,1
ABD,M,137,16,137
ABDAAL,M,3,0,1
ABDALRAHMAN,M,10,0,3
ABDARAHMAN,M,3,0,1
ABDELAZIZ,M,3,0,1
ABDELKADER,M,4,0,1
ABDELKARIM,M,6,3,6
ABDELLAH,M,29,0,10
ABDELMALEK,M,9,0,3
ABDELMOUMEN,M,3,0,1
ABDELRAHIM,M,3,0,1
ABDELRAHMANE,M,3,0,1
ABDERAHMAN,M,11,0,4
ABDERAHMANE,M,4,0,1
ABDERRAHMAN,M,3,0,1
ABDERRAHMANE,M,4,0,1
ABDIASIS,M,3,0,1
ABDIAZIZ,M,43,8,43
ABDIFATAH,M,69,9,69
ABDIHAFID,M,11,0,4
ABDIHAKIM,M,24,8,24
ABDIHAMID,M,11,0,4
ABDIKADIR,M,7,0,2
ABDIKARIM,M,48,3,48
ABDIKARIN,M,6,0,2
ABDIKHALIQ,M,6,0,2
ABDILADIF,M,4,0,1
ABDILAHI,M,21,0,7
ABDILLAHI,M,53,8,53
ABDIMAJID,M,12,0,4
ABDIMAJIID,M,3,0,1
ABDIMALIK,M,99,7,99
ABDINASIR,M,62,13,62
ABDINUR,M,3,0,1
ABDIQANI,M,26,0,9
ABDIRAHIIM,M,3,0,1
ABDIRAHIM,M,77,3,77
ABDIRAHMAAN,M,7,0,2
ABDIRASHID,M,35,3,35
ABDIRAZAQ,M,3,0,1
ABDIRISAK,M,3,0,1
ABDIRISAQ,M,22,6,22
ABDIRIZAK,M,29,3,29
ABDISALAM,M,15,0,5
ABDISAMAD,M,25,0,8
ABDISHAKUR,M,43,4,43
ABDIWAHAB,M,3,0,1
ABDIWAHID,M,3,0,1
ABDIWALI,M,3,3,3
ABDOU,M,41,15,41
ABDOUL,M,34,0,11
ABDOULAYE,M,17,0,6
ABDOULIE,M,87,6,87
ABDOULLAH,M,3,0,1
ABDOURAHMAN,M,10,0,3
ABDU,M,19,5,19
ABDUALLAH,M,6,0,2
ABDUL-,M,19,0,6
ABDULA,M,12,0,4
ABDULAAHI,M,8,0,3
ABDULAH,M,26,9,26
ABDULAHAD,M,22,0,7
ABDUL-AHAD,M,35,0,12
ABDULAHI,M,271,23,271
ABDULAI,M,15,0,5
ABDULALEEM,M,3,0,1
ABDUL-ALEEM,M,3,0,1
ABDULAZEEZ,M,19,3,19
ABDUL-AZEEZ,M,24,15,24
ABDULAZIZ,M,289,34,289
ABDUL-AZIZ,M,49,14,49
ABDUL-BAASIT,M,3,0,1
ABDULBASIT,M,35,3,35
ABDUL-BASIT,M,3,0,1
ABDULFATAH,M,3,0,1
ABDUL-HAADI,M,17,0,6
ABDULHADI,M,63,0,21
ABDUL-HADI,M,51,0,17
ABDULHAKEEM,M,15,0,5
ABDUL-HAKEEM,M,38,3,38
ABDULHAKIM,M,20,3,20
ABDUL-HAKIM,M,6,0,2
ABDULHALIM,M,3,0,1
ABDULHAMEED,M,8,0,3
ABDULHAMID,M,11,4,11
ABDUL-HANNAN,M,6,0,2
ABDUL-HASEEB,M,3,3,3
ABDULILAH,M,3,0,1
ABDULKADER,M,3,0,1
ABDULKADIR,M,119,22,119
ABDULKAREEM,M,30,0,10
ABDUL-KAREEM,M,29,3,29
ABDULKARIM,M,52,10,52
ABDUL-KARIM,M,6,3,6
ABDULKHALIQ,M,3,0,1
ABDULLAAH,M,73,8,73
ABDULLAAHI,M,10,0,3
ABDULLAHI,M,793,94,793
ABDULLATEEF,M,9,0,3
ABDUL-LATEEF,M,9,0,3
ABDULLATIF,M,7,4,7
ABDULLOH,M,3,0,1
ABDULMAJEED,M,9,0,3
ABDULMAJID,M,26,0,9
ABDULMALEK,M,3,0,1
ABDULMALIK,M,150,10,150
ABDUL-MALIK,M,55,3,55
ABDUL-MANNAN,M,3,0,1
ABDUL-MATEEN,M,3,0,1
ABDUL-MOMIN,M,5,0,2
ABDUL-MUIZ,M,3,0,1
ABDUL-NASIR,M,3,3,3
ABDULQADIR,M,60,0,20
ABDUL-QADIR,M,4,0,1
ABDUL-QAYYUM,M,3,0,1
ABDULRAHEEM,M,65,4,65
ABDUL-RAHEEM,M,96,9,96
ABDULRAHIM,M,78,12,78
ABDUL-RAHIM,M,24,0,8
ABDUL-RAHMAN,M,146,19,146
ABDULREHMAN,M,31,0,10
ABDUL-REHMAN,M,16,0,5
ABDULSALAM,M,29,0,10
ABDULSAMAD,M,36,0,12
ABDUL-SAMAD,M,10,3,10
ABDUL-SAMI,M,18,0,6
ABDUL-WAHAAB,M,6,0,2
ABDULWAHAB,M,51,6,51
ABDUL-WAHAB,M,3,0,1
ABDULWAHHAB,M,3,0,1
ABDUL-WAHHAB,M,12,0,4
ABDULWAHID,M,5,0,2
ABDUL-WASAY,M,3,0,1
ABDUR,M,534,56,534
ABDURAHEEM,M,3,0,1
ABDURAHIM,M,3,0,1
ABDURAHMAN,M,311,31,311
ABDUR-RAFAY,M,3,0,1
ABDURRAHEEM,M,55,0,18
ABDUR-RAHEEM,M,103,5,103
ABDURRAHIM,M,10,3,10
ABDUR-RAHIM,M,12,3,12
ABDURRAHMAAN,M,64,3,64
ABDUR-RAHMAAN,M,75,7,75
ABDURRAHMAN,M,462,28,462
ABDUR-RAHMAN,M,355,34,355
ABDURREHMAN,M,15,0,5
ABDUR-REHMAN,M,34,6,34
ABDUS,M,106,24,106
ABDUSALAM,M,3,0,1
ABDUSSALAM,M,7,0,2
ABDUSSAMAD,M,3,0,1
ABDUS-SAMAD,M,19,0,6
ABDUS-SAMI,M,7,0,2
ABEDA,F,15,12,15
ABEED,M,3,3,3
ABEEDA,F,13,0,4
ABEEDAH,F,3,0,1
ABEEHA,F,160,0,53
ABEEL,M,3,0,1
ABEER,F,89,6,89
ABEER,M,35,0,12
ABEERA,F,123,0,41
ABEERAH,F,33,0,11
ABELA,F,3,0,1
ABELLA,F,11,0,4
ABEN,M,3,0,1
ABENA,F,146,27,146
ABENEZER,M,7,0,2
ABENI,F,6,0,2
ABHAY,M,146,8,146
ABHI,M,27,0,9
ABHIA,F,3,0,1
ABHIJAY,M,8,0,3
ABHIJEET,M,22,7,22
ABHIJIT,M,3,0,1
ABHIJITH,M,3,0,1
ABHIJOT,M,27,0,9
ABHIMANYU,M,16,0,5
ABHINAV,M,177,13,177
ABHIRAJ,M,32,0,11
ABHIRAM,M,38,0,13
ABHIRAMI,F,3,0,1
ABHISHEK,M,125,41,125
ABIA,F,88,0,29
ABIBAT,F,3,3,3
ABID,M,388,98,388
ABIDA,F,433,120,433
ABIDAH,F,73,10,73
ABIDEEN,M,3,0,1
ABIDEMI,F,3,0,1
ABIDUL,M,7,4,7
ABIDUR,M,54,19,54
ABIE,M,12,3,12
ABIEL,M,11,0,4
ABIEYUWA,F,3,0,1
ABIGAIL-LOUISE,F,6,0,2
ABIGAIL-ROSE,F,17,0,6
ABIGEL,F,18,0,6
ABIHA,F,169,0,56
ABIJAH,M,3,0,1
ABIJOT,M,3,0,1
ABILASH,M,9,0,3
ABI-LEIGH,F,16,0,5
ABILENE,F,3,0,1
ABI-LOUISE,F,10,0,3
ABI-MAE,F,3,0,1
ABIMBOLA,M,4,0,1
ABINA,F,10,0,3
ABINAASH,M,3,0,1
ABINASH,M,25,3,25
ABINAYA,F,86,3,86
ABINAYAN,M,3,0,1
ABINESH,M,12,0,4
ABIODUN,F,3,0,1
ABIODUN,M,9,6,9
ABIOLA,M,27,6,27
ABIONA,F,3,0,1
ABIRA,F,39,4,39
ABIRAJ,M,3,0,1
ABIRAMY,F,6,0,2
ABISAN,M,11,0,4
ABISHA,F,84,0,28
ABISHAI,M,3,0,1
ABISHAKE,M,3,0,1
ABISHAN,M,49,0,16
ABISHEK,M,22,0,7
ABISOYE,F,3,3,3
ABITHA,F,7,0,2
ABITHAN,M,3,0,1
ABIYA,F,3,0,1
ABIZER,M,5,0,2
ABLA,F,3,0,1
ABNER,M,19,0,6
ABOU,M,3,0,1
ABOUBACAR,M,20,0,7
ABOUBAKAR,M,6,0,2
ABRA,F,3,0,1
ABRAAR,F,3,0,1
ABRAAR,M,21,13,21
ABRAHIM,M,48,9,48
ABRAR,F,78,7,78
ABRAR,M,137,37,137
ABRIANNA,F,17,0,6
ABRIEL,M,4,0,1
ABRIELLA,F,6,0,2
ABRIELLE,F,18,0,6
ABRISH,F,28,0,9
ABSAR,M,11,3,11
ABSHIR,M,18,0,6
ABUBACARR,M,19,0,6
ABUBAKAR,M,560,60,560
ABU-BAKAR,M,35,7,35
ABUBAKARR,M,7,4,7
ABUBAKER,M,75,8,75
ABUBAKKAR,M,4,0,1
ABUBAKR,M,354,37,354
ABU-BAKR,M,210,23,210
ABU-HURAIRA,M,6,0,2
ABUHURAIRAH,M,3,0,1
ABUKAR,M,23,9,23
ABUL,M,129,68,129
ABU-SUFYAN,M,3,0,1
ABUZAR,M,13,0,4
ABYAAN,M,8,0,3
ABYAD,M,3,0,1
ABYAN,F,26,3,26
ABYAN,M,99,0,33
ABYGAYLE,F,3,3,3
ACE,F,3,0,1
ACELYA,F,48,8,48
ACER,F,3,0,1
ACER,M,168,18,168
ACHILLE,M,7,0,2
ACHINTYA,M,7,0,2
ACHRAF,M,3,3,3
ACHSA,F,3,0,1
ACHSAH,F,5,0,2
ACKEEM,M,7,0,2
ADA,M,27,0,9
ADAAM,M,20,3,20
ADABELLE,F,3,0,1
ADAH,F,33,0,11
ADALIA,F,19,0,6
ADALIE,F,3,0,1
ADALIND,F,7,0,2
ADALINE,F,21,0,7
ADALYN,F,41,0,14
ADALYNN,F,15,0,5
ADAMA,M,15,0,5
ADAMAS,M,50,0,17
ADA-MAY,F,11,0,4
ADAM-JAMES,M,3,0,1
ADAM-JUNIOR,M,13,0,4
ADAMO,M,3,0,1
ADAMS,M,12,0,4
ADAN,F,43,0,14
ADANA,F,9,0,3
ADAOBI,F,11,0,4
ADAORA,F,51,0,17
ADAR,F,3,0,1
ADA-ROSE,F,15,0,5
ADARSH,M,66,10,66
ADAS,M,45,0,15
ADAUGO,F,11,0,4
ADAYA,F,4,0,1
ADDAI,M,3,0,1
ADDAM,M,16,12,16
ADDIE,F,10,0,3
ADDIEN,F,3,0,1
ADDIENA,F,9,0,3
ADDILYN,F,7,0,2
ADDIS,M,3,0,1
ADDISYN,F,3,0,1
ADDYSON,F,20,0,7
ADDYSON,M,3,0,1
ADE,M,3,0,1
ADEA,F,36,0,12
ADEANA,F,3,0,1
ADEBISI,F,3,0,1
ADEBOLA,F,28,0,9
ADEBOLA,M,9,0,3
ADEBOWALE,M,25,0,8
ADEBOYE,M,3,0,1
ADEDAMOLA,M,64,14,64
ADEDAPO,M,11,7,11
ADEDAYO,F,7,4,7
ADEDAYO,M,25,8,25
ADEDEJI,M,21,3,21
ADEDOLAPO,F,9,0,3
ADEDOTUN,M,9,3,9
ADEDOYIN,F,17,3,17
ADEDOYIN,M,3,0,1
ADEE,M,3,0,1
ADEEB,M,172,48,172
ADEEBA,F,193,56,193
ADEELA,F,75,29,75
ADEEM,M,3,0,1
ADEEN,F,3,0,1
ADEEN,M,6,0,2
ADEENA,F,201,12,201
ADEESA,F,3,3,3
ADEEVA,F,6,0,2
ADEKEMI,F,7,7,7
ADEKUNLE,M,20,11,20
ADELEKE,M,3,0,1
ADELYN,F,37,0,12
ADELYNN,F,11,0,4
ADEMAYOWA,M,3,3,3
ADEMIDE,F,3,0,1
ADEN,F,19,0,6
ADENA,F,7,4,7
ADEOLA,M,12,6,12
ADEOLU,M,6,0,2
ADEOLUWA,M,35,6,35
ADEREMI,M,3,0,1
ADERINSOLA,F,37,3,37
ADERYN,F,29,0,10
ADESEWA,F,17,0,6
ADESH,M,14,0,5
ADESOLA,F,25,4,25
ADESUWA,F,33,3,33
ADETAYO,M,6,0,2
ADETOKUNBO,M,45,0,15
ADETOLA,F,13,6,13
ADETOLA,M,12,6,12
ADETOMIWA,M,4,0,1
ADETOUN,F,4,0,1
ADEWONUOLA,F,6,0,2
ADEWUNMI,F,10,3,10
ADEYEMI,M,18,3,18
ADHAVAN,M,3,0,1
ADHEEM,M,3,0,1
ADHEEN,M,3,0,1
ADHIRA,F,6,0,2
ADHIRAJ,M,4,0,1
ADHNAN,M,6,3,6
ADHRIT,M,28,0,9
ADHVAITH,M,3,0,1
ADHYA,F,27,0,9
ADIAN,M,8,0,3
ADIBAH,F,5,0,2
ADIEL,F,7,0,2
ADIEL,M,15,0,5
ADIFAAH,F,3,0,1
ADILSON,M,3,3,3
ADIN,M,36,0,12
ADIRA,F,4,0,1
ADISA,M,3,0,1
ADISON,M,38,0,13
ADIT,M,38,4,38
ADITH,M,3,0,1
ADITHI,F,15,0,5
ADITHYA,M,63,0,21
ADITRI,F,13,0,4
ADIVA,F,4,0,1
ADIY,M,18,0,6
ADIYA,F,3,0,1
ADIYAAN,M,3,0,1
ADIYAN,M,33,0,11
ADJA,F,6,0,2
ADLANE,M,3,0,1
ADN,F,13,0,4
ADOM,M,10,0,3
ADOMAS,M,97,0,32
ADONA,F,3,0,1
ADONAI,F,4,0,1
ADONAI,M,43,0,14
ADONAY,M,16,0,5
ADONIJAH,M,11,0,4
ADORA,F,65,0,22
ADRIA,F,31,0,10
ADRIAAN,M,6,0,2
ADRIAN,F,3,0,1
ADRIANAS,M,7,0,2
ADRIANS,M,77,0,26
ADRIATIK,M,3,0,1
ADRIEL,F,13,0,4
ADRIELLE,F,10,0,3
ADRIJA,F,58,0,19
ADRIJANA,F,10,0,3
ADRIJUS,M,33,0,11
ADRIKA,F,3,0,1
ADRIN,M,3,0,1
ADRINA,F,26,0,9
ADRITA,F,3,0,1
ADSHAYAN,M,3,0,1
ADUNOLA,F,3,0,1
ADVAIT,M,26,0,9
ADVAITA,F,4,0,1
ADVAITH,M,32,0,11
ADVAY,M,37,0,12
ADVIT,M,3,0,1
ADVITH,M,6,0,2
ADYA,F,18,0,6
ADYAAN,M,30,0,10
ADYAN,M,409,0,136
AEDDAN,M,16,0,5
AEESHA,F,3,0,1
AEISHA,F,8,3,8
AELA,F,67,3,67
AELFRED,M,6,6,6
AELLA,F,5,0,2
AEMAN,F,3,0,1
AEMELIA,F,18,3,18
AENEAS,M,3,0,1
AEON,M,3,0,1
AERIS,F,43,0,14
AERON,F,9,6,9
AERONA,F,3,0,1
AERYN,F,292,6,292
AESON,M,4,0,1
AEVA,F,23,0,8
AEVAH,F,3,0,1
AEYSHA,F,22,3,22
AFAAF,F,3,0,1
AFAAN,M,12,0,4
AFAF,F,7,0,2
AFAN,M,18,0,6
AFAQ,M,3,0,1
AFEEF,M,10,0,3
AFEEFA,F,16,6,16
AFET,F,4,4,4
AFFAAN,M,22,0,7
AFFAF,F,3,0,1
AFFAN,M,200,0,67
AFFIA,F,3,0,1
AFIQ,M,3,0,1
AFIRA,F,3,0,1
AFIZAH,F,31,0,10
AFJOL,M,3,3,3
AFNAAN,F,20,0,7
AFNAAN,M,3,0,1
AFNAN,M,54,3,54
AFOLARIN,M,3,0,1
AFRAA,F,14,3,14
AFRAZ,M,22,0,7
AFRIKA,F,6,3,6
AFRINA,F,4,0,1
AFRUZA,F,3,0,1
AFSAH,F,13,3,13
AFSAR,M,6,6,6
AFSARA,F,6,6,6
AFSEEN,F,3,0,1
AFSHANA,F,4,4,4
AGAM,M,22,0,7
AGAMDEEP,M,4,0,1
AGAMJOT,F,4,0,1
AGAMJOT,M,10,0,3
AGAMPREET,M,7,0,2
AGAMVEER,M,3,0,1
AGAPE,F,4,0,1
AGASTYA,M,63,0,21
AGATHE,F,33,6,33
AGHA,M,29,0,10
AGIM,M,3,0,1
AGIT,M,10,6,10
AGNE,F,11,0,4
AGNESE,F,13,0,4
AGNIESZKA,F,47,0,16
AGON,M,6,3,6
AGOTA,F,11,0,4
AGUSTIN,M,21,0,7
AHAAN,M,45,0,15
AHAANA,F,3,0,1
AHAN,M,24,0,8
AHANA,F,65,0,22
AHARAN,M,3,0,1
AHCENE,M,3,0,1
AHDIA,F,3,0,1
AHEED,M,4,0,1
AHIL,M,24,0,8
AHLAAM,F,61,0,20
AHLAAN,F,3,0,1
AHLAN,F,3,0,1
AHMADOU,M,4,0,1
AHMAD-RAZA,M,3,0,1
AHMED-RAZA,M,7,0,2
AHMER,M,9,6,9
AHNAF,M,99,0,33
AHREN,M,36,4,36
AHSAAN,M,9,3,9
AHSANUL,M,10,3,10
AHSEN,M,18,0,6
AHTSHAM,M,3,3,3
AHUVA,F,4,0,1
AHYAAN,M,39,0,13
AHYAN,M,169,0,56
AI,F,15,3,15
AIA,F,4,0,1
AIDAAN,M,4,0,1
AIDAH,F,15,0,5
AIDAN-JAMES,M,3,0,1
AIDAS,M,17,0,6
AIDEL,F,6,0,2
AIDEN-JAMES,M,31,0,10
AIDEN-JAY,M,11,0,4
AIDEN-LEE,M,15,0,5
AIDON,M,24,6,24
AIDY,F,12,0,4
AIDY,M,9,0,3
AIDYN,M,27,0,9
AIFE,F,3,0,1
AIHAM,M,5,0,2
AIKA,F,19,0,6
AIKAM,M,3,0,1
AIKATERINI,F,16,0,5
AIKEN,M,11,0,4
AIKO,F,29,3,29
AILAH,F,27,0,9
AILAN,M,3,0,1
AILANI,F,3,0,1
AILBE,M,57,0,19
AILBHE,F,36,6,36
AILIE,F,22,3,22
AILLA,F,64,0,21
AIMAH,F,3,0,1
AIMAL,F,20,0,7
AIMAL,M,3,0,1
AIMAR,M,9,0,3
AIMEE-,F,6,0,2
AIMEE-GRACE,F,18,0,6
AIMEE-JANE,F,8,0,3
AIMEE-JAYNE,F,3,0,1
AIMEE-JO,F,7,0,2
AIMEE-LEA,F,9,0,3
AIMEE-LEE,F,39,0,13
AIMEE-MAE,F,3,0,1
AIMEE-MAY,F,9,0,3
AIMEE-ROSE,F,37,0,12
AIMIEE,F,6,3,6
AIMUN,F,3,3,3
AIN,F,3,0,1
AINA,F,73,6,73
AINARA,F,9,0,3
AINHOA,F,15,0,5
AINI,F,18,0,6
AINSLEIGH,M,3,3,3
AINSLIE,F,4,4,4
AINSLIE,M,3,0,1
AIRA,F,61,0,20
AIRAH,F,6,0,2
AIREN,M,7,0,2
AIRI,F,3,0,1
AIRIDAS,M,25,0,8
AIRLIE,F,9,3,9
AIRON,M,23,0,8
AIRONAS,M,62,0,21
AISA,F,7,0,2
AISA,M,3,0,1
AISEA,M,3,0,1
A'ISHA,F,78,4,78
AISHATU,F,3,0,1
AISHI,F,6,0,2
AISHLEEN,F,5,0,2
AISHPREET,F,6,0,2
AISLEYNE,F,6,0,2
AISOSA,F,23,0,8
AISOSA,M,3,0,1
AISSA,M,3,0,1
AISSATA,F,7,0,2
AISTIS,M,20,0,7
AISWARYA,F,3,0,1
AISYA,F,3,3,3
AISYAH,F,12,3,12
AITANA,F,27,0,9
AITOR,M,4,4,4
AIVA,F,169,0,56
AIVAH,F,29,0,10
AIVARAS,M,5,0,2
AIVA-ROSE,F,4,0,1
AIYA,F,86,6,86
AIYAAN,M,4,0,1
AIYAN,M,6,0,2
AIYANAH,F,4,0,1
AIYANNA,F,37,0,12
AIYAT,F,6,0,2
AIYAZ,M,7,0,2
AIYESHA,F,13,4,13
AIYLA,F,183,0,61
AIYLAH,F,12,0,4
AIYUSH,M,3,0,1
AIYZA,F,9,0,3
AIYZAH,F,3,0,1
AIZAH,F,856,0,285
AIZZA,F,6,0,2
AJ,M,201,0,67
AJAI,M,73,6,73
AJAN,M,21,0,7
AJANTHAN,M,3,0,1
A-JAY,M,70,0,23
AJAZ,M,3,3,3
AJESH,M,3,0,1
AJHAR,M,6,6,6
AJIBOLA,M,6,0,2
AJLA,F,23,0,8
AJOONI,F,24,0,8
AJUS,M,6,0,2
AJWA,F,163,0,54
AJWAD,M,30,0,10
AJWAH,F,6,0,2
AKAAL,M,51,0,17
AKAALDEEP,M,3,0,1
AKACHUKWU,M,7,0,2
AKAI,M,17,0,6
AKAIN,M,7,0,2
AKAL,M,3,0,1
AKAM,M,29,0,10
AKAN,M,3,0,1
AKANE,F,3,3,3
AKANKSHA,F,18,0,6
AKAR,M,7,0,2
AKARI,F,3,0,1
AKARSH,M,7,0,2
AKASHDEEP,M,9,0,3
AKASYA,F,16,0,5
AKAY,M,8,0,3
AKAYLA,F,4,0,1
AKAYSHA,F,3,3,3
AKBER,M,3,0,1
AKEAL,M,6,3,6
AKEELA,F,12,3,12
AKEELAH,F,51,0,17
AKEIN,M,11,0,4
AKEIRA,F,7,0,2
AKEISHA,F,7,0,2
AKEMI,F,4,0,1
AKHEEL,M,3,0,1
AKHIRA,F,3,0,1
AKHLAQ,M,4,4,4
AKHSA,F,3,0,1
AKI,F,6,0,2
AKI,M,3,0,1
AKIA,M,3,0,1
AKIDA,F,3,0,1
AKIERA,F,3,0,1
AKIESHA,F,3,0,1
AKIFA,F,5,0,2
AKIFAH,F,43,0,14
AKIKUR,M,3,0,1
AKINA,F,3,3,3
AKINLOLU,M,3,0,1
AKINOLA,M,9,3,9
AKINTAYO,M,7,0,2
AKINTOMIWA,M,3,3,3
AKINYEMI,M,3,3,3
AKIO,M,3,0,1
AKIRAH,F,8,0,3
AKITO,M,6,0,2
AKOREDE,M,18,0,6
AKOS,M,12,0,4
AKRITI,F,6,0,2
AKSAA,F,3,3,3
AKSAYAN,M,4,0,1
AKSEL,M,64,0,21
AKSH,M,21,0,7
AKSHA,F,10,0,3
AKSHAJ,M,42,0,14
AKSHAN,M,8,0,3
AKSHANA,F,16,0,5
AKSHARA,F,144,0,48
AKSHARAA,F,7,0,2
AKSHARAN,M,7,0,2
AKSHAT,M,55,0,18
AKSHATA,F,3,0,1
AKSHATH,M,3,0,1
AKSHAYA,F,141,0,47
AKSHAYAA,F,6,0,2
AKSHAYAH,F,3,0,1
AKSHAYAN,M,52,0,17
AKSHAYE,M,4,4,4
AKSHAYEN,M,5,0,2
AKSHIT,M,4,0,1
AKSHITA,F,46,0,15
AKSHITH,M,11,0,4
AKVILE,F,36,0,12
AKWASI,M,17,3,17
ALA,F,58,4,58
ALA,M,3,3,3
ALA'A,F,9,3,9
ALAE,F,11,0,4
ALAGIE,M,6,0,2
ALAHNA,F,7,0,2
ALAIA,F,130,0,43
ALAIA-MAI,F,3,0,1
ALAIBA,F,3,0,1
ALAIKA,F,3,0,1
ALAINE,F,3,0,1
ALAIYA,F,27,0,9
ALAIYAH,F,9,0,3
ALAIYNA,F,3,0,1
ALAIZA,F,19,0,6
ALAM,M,20,0,7
ALAMEEN,M,3,0,1
AL-AMEEN,M,38,0,13
AL-AMIN,M,72,6,72
ALANA-MAE,F,6,0,2
ALANA-RAE,F,3,0,1
ALANA-ROSE,F,24,0,8
ALANAS,M,13,0,4
ALAND,M,168,0,56
ALANI,F,72,0,24
ALANIA,F,9,0,3
ALANNAH-MAE,F,4,0,1
ALANNAH-ROSE,F,3,0,1
ALANOOD,F,3,0,1
ALANS,M,3,0,1
ALANYAH,F,3,0,1
ALARIK,M,3,0,1
ALARNAH,F,20,0,7
ALARNI,F,3,0,1
ALARNIE,F,4,0,1
ALASIA,F,4,0,1
ALATHEA,F,3,0,1
ALAURA,F,4,0,1
ALAYAH-MAE,F,3,0,1
ALAYAH-ROSE,F,3,0,1
ALAYLA,F,12,0,4
ALAYNAH,F,26,0,9
ALAYSIA,F,22,0,7
ALAZAR,M,6,0,2
ALBANE,F,3,0,1
ALBANO,M,3,0,1
ALBARA,M,8,0,3
ALBARAA,M,14,0,5
ALBA-ROSE,F,6,0,2
ALBATOOL,F,3,0,1
ALBE,M,3,0,1
ALBEE,M,11,0,4
ALBERTINE,F,11,0,4
ALBEY,M,21,0,7
ALBIE-JAMES,M,5,0,2
ALBIE-JAY,M,4,0,1
ALBIE-LEE,M,3,0,1
ALBORZ,M,3,0,1
ALDION,M,3,0,1
ALEACIA,F,3,3,3
ALEAHA,F,17,3,17
ALEANA,F,3,0,1
ALECHANDRO,M,3,0,1
ALECK,M,6,3,6
ALECSANDER,M,3,0,1
ALEEA,F,6,3,6
ALEEAH,F,25,0,8
ALEECIA,F,3,0,1
ALEEHA,F,46,0,15
ALEEMAH,F,70,6,70
ALEENAH,F,41,0,14
ALEESHBA,F,3,0,1
ALEEYA,F,57,0,19
ALEEYAH,F,58,3,58
ALEEZAH,F,65,0,22
ALEEZAY,F,17,0,6
ALEGRA,F,3,0,1
ALEGRIA,F,3,0,1
ALEHANDRO,M,4,0,1
ALEIA,F,16,0,5
ALEIAH,F,4,0,1
ALEIGHA-MAE,F,3,0,1
ALEIGHSHA,F,6,3,6
ALEIYA,F,3,0,1
ALEKH,M,3,0,1
ALEKS,M,170,0,57
ALEKSA,F,29,0,10
ALEKSA,M,6,0,2
ALEKSANDRAS,M,24,0,8
ALEKSANDRS,M,51,0,17
ALEKSAS,M,17,0,6
ALEKSEI,M,26,0,9
ALEKSEJ,M,3,0,1
ALEKSEJS,M,8,0,3
ALEKSEY,M,14,0,5
ALEKSI,M,13,4,13
ALEKSIA,F,9,0,3
ALEKSIS,M,7,0,2
ALEKSS,M,27,0,9
ALEKSY,M,21,0,7
ALEM,M,3,0,1
ALEMA,F,3,3,3
ALEND,M,9,0,3
ALENNA,F,3,0,1
ALENS,M,3,0,1
ALES,M,5,0,2
ALESHA-MAE,F,3,0,1
ALESHA-MARIE,F,3,0,1
ALESIO,M,9,0,3
ALESKA,F,3,0,1
ALESSA,F,77,0,26
ALESSYA,F,3,0,1
ALETA,F,3,0,1
ALETHEIA,F,12,0,4
ALETHIA,F,4,0,1
ALETTA,F,8,0,3
ALEV,F,7,0,2
ALEXAH,F,3,0,1
ALEXA-LEIGH,F,3,0,1
ALEXA-MAE,F,14,0,5
ALEXA-MAY,F,7,0,2
ALEXANDER-JAMES,M,22,0,7
ALEXANDR,M,35,0,12
ALEXANDRINA,F,13,3,13
ALEXA-ROSE,F,30,0,10
ALEXAS,F,3,0,1
ALEXAVIER,M,7,0,2
ALEXCIA,F,71,0,24
ALEXEY,M,58,0,19
ALEXIAH,F,11,0,4
ALEXIA-LEIGH,F,3,0,1
ALEXIA-MAE,F,14,0,5
ALEXIA-MAY,F,7,0,2
ALEXIA-ROSE,F,3,0,1
ALEXIE,M,3,0,1
ALEXINE,F,3,0,1
ALEXIOS,M,7,0,2
ALEXIS-JADE,F,3,0,1
ALEXIS-LEIGH,F,6,0,2
ALEXIS-LOUISE,F,4,0,1
ALEXIS-MAE,F,24,0,8
ALEXIS-MARIE,F,4,0,1
ALEXIS-MAY,F,6,0,2
ALEXIS-ROSE,F,23,0,8
ALEXIYA,F,4,0,1
ALEX-JAMES,M,20,0,7
ALEX-JAY,M,3,0,1
ALEX-JUNIOR,M,3,0,1
ALEXSANDER,M,3,0,1
ALEXSANDRA,F,16,0,5
ALEXSI,F,3,0,1
ALEXSIS,F,20,0,7
ALEXXA,F,3,0,1
ALEXY,M,6,0,2
ALEXYS,F,15,0,5
ALEXZANDRA,F,4,0,1
ALEYAH,F,73,4,73
ALFEE,M,11,0,4
ALFEY,M,16,0,5
ALFFI,M,27,0,9
ALFFIE,M,3,0,1
ALFIE-,M,6,0,2
ALFIE-DEAN,M,3,0,1
ALFIEE,M,3,0,1
ALFIE-GEORGE,M,50,0,17
ALFIE-J,M,7,0,2
ALFIE-JACK,M,94,0,31
ALFIE-JAI,M,34,0,11
ALFIE-JAY,M,187,0,62
ALFIE-JOHN,M,73,0,24
ALFIE-JOSEPH,M,3,0,1
ALFIE-JUNIOR,M,3,0,1
ALFIE-RAY,M,40,0,13
ALFIE-RYAN,M,3,0,1
ALFIE-THOMAS,M,17,0,6
ALFIE-WILLIAM,M,3,0,1
ALFIN,M,3,0,1
ALHAGIE,M,3,0,1
ALHAJI,M,42,4,42
ALHASAN,M,6,0,2
ALHASSAN,M,15,0,5
ALHENA,F,23,3,23
ALIAA,F,3,3,3
ALIABBAS,M,3,3,3
ALI-ABBAS,M,3,0,1
ALIAKBAR,M,3,0,1
ALI-AKBAR,M,8,3,8
ALIANA,F,71,0,24
ALIANNA,F,14,0,5
ALIANNAH,F,3,0,1
ALIAS,M,14,4,14
ALICE-JANE,F,6,0,2
ALICE-MAE,F,22,3,22
ALICE-MARIE,F,3,0,1
ALICE-MAY,F,36,3,36
ALICIA-GRACE,F,4,0,1
ALICIA-MAE,F,10,0,3
ALICIA-MARIE,F,3,0,1
ALICIA-MAY,F,15,0,5
ALICIA-ROSE,F,18,0,6
ALIE,M,3,0,1
ALIEA,F,3,3,3
ALIENA,F,9,0,3
ALIENOR,F,13,3,13
ALIF,M,33,0,11
ALIFA,F,22,0,7
ALIHA,F,33,6,33
ALIHAN,M,4,0,1
ALI-HASSAN,M,3,0,1
ALIJAH,M,51,0,17
ALIKI,F,24,3,24
ALILA,F,7,0,2
ALILAH,F,3,0,1
ALILIA,F,3,0,1
ALIMAT,F,3,0,1
ALIN,F,16,0,5
ALIN,M,29,0,10
ALINAH,F,36,0,12
ALINNA,F,3,0,1
ALIONA,F,56,0,19
ALIOU,M,3,0,1
ALIOUNE,M,9,0,3
ALI-RAZA,M,6,3,6
ALIREZA,M,20,6,20
ALISAH,F,3,0,1
ALISAN,M,3,0,1
ALISHAA,F,3,0,1
ALISHABA,F,14,0,5
ALISHA-LEIGH,F,3,0,1
ALISHA-MAE,F,6,0,2
ALISHA-MAI,F,17,0,6
ALISHA-MAY,F,28,0,9
ALISHA-ROSE,F,3,0,1
ALISHBAH,F,134,0,45
ALISHEA,F,6,6,6
ALISHER,M,3,0,1
ALISHMA,F,3,0,1
ALISHYA,F,13,3,13
ALISIJA,F,3,0,1
ALISINA,M,7,0,2
ALISIYA,F,9,0,3
ALISSA-MAE,F,3,0,1
ALISSE,F,4,0,1
ALISSIYA,F,3,0,1
ALISSYA,F,3,0,1
ALISTAR,M,4,0,1
ALISYA,F,6,0,2
ALIVIAH,F,3,0,1
ALIVIA-LEIGH,F,3,0,1
ALIVIA-ROSE,F,12,0,4
ALIYAAN,M,43,0,14
ALIYAH-MAE,F,3,0,1
ALIYAH-ROSE,F,3,0,1
ALIYAN,M,52,0,17
ALIYANA,F,10,0,3
ALIYAT,F,4,0,1
ALIYE,F,15,0,5
ALIYHA,F,10,3,10
ALIYU,M,9,0,3
ALIYYA,F,3,0,1
ALIYZA,F,4,0,1
ALIZ,F,19,0,6
ALIZAH,F,183,0,61
ALIZA-MAE,F,3,0,1
ALIZAY,F,31,0,10
ALIZE,F,40,3,40
ALIZEE,F,27,3,27
ALIZEH,F,36,6,36
ALIZEY,F,3,0,1
ALJAWHARA,F,3,0,1
ALJAWHARAH,F,3,0,1
ALKA,F,3,3,3
ALLA,F,33,3,33
ALLAM,M,3,0,1
ALLANAH-ROSE,F,3,0,1
ALLANYA,F,4,0,1
ALLAYA,F,3,0,1
ALLAYAH,F,12,0,4
ALLE,F,3,0,1
ALLEAH,F,22,5,22
ALLENA,F,6,3,6
ALLEX,F,4,4,4
ALLEYAH,F,22,4,22
ALLIA,F,6,0,2
ALLIAH,F,19,0,6
ALLIANA,F,3,0,1
ALLICIA,F,10,6,10
ALLISIA,F,3,0,1
ALLISSIA,F,14,0,5
ALLIYA,F,9,0,3
ALLYA,F,3,0,1
ALLYSA,F,14,0,5
ALLYSIA,F,12,0,4
ALLYSSA,F,40,6,40
ALLYSSIA,F,4,0,1
ALMAAN,M,3,0,1
ALMAMY,M,3,0,1
ALMAN,M,25,0,8
ALMAS,M,9,0,3
ALMAZ,F,3,0,1
ALMEER,M,6,0,2
ALMEERA,F,4,0,1
ALMINA,F,16,0,5
ALOK,M,3,0,1
ALOKA,F,3,0,1
ALOMA,F,3,0,1
ALONA,F,17,3,17
ALONIAB,M,3,0,1
ALONZO,M,41,0,14
ALORA,F,26,0,9
ALP,M,51,5,51
ALPEREN,M,25,0,8
ALPHA,F,3,0,1
ALPHA,M,138,0,46
ALPHONS,M,3,0,1
ALPHY,M,3,0,1
ALREEM,F,3,0,1
ALROY,M,3,0,1
ALSTON,M,3,0,1
ALTAF,M,13,0,4
ALTAN,M,10,0,3
ALTAY,M,18,0,6
ALTEO,M,4,0,1
ALTIN,M,13,0,4
ALTINA,F,14,0,5
ALUNA,F,27,0,9
ALURA,F,3,0,1
ALUSINE,M,11,0,4
ALVA,F,34,4,34
ALVAN,M,3,0,1
ALVAR,M,6,0,2
ALVEENA,F,57,0,19
ALVEERA,F,4,0,1
ALVEY,M,6,0,2
ALVI,M,21,0,7
ALVIA,F,13,0,4
ALVIE,M,18,0,6
ALVIRA,F,8,0,3
ALVIS,M,8,0,3
ALVY,M,6,0,2
ALVYN,M,3,0,1
ALWALEED,M,6,0,2
ALWIN,M,23,0,8
ALY,M,38,5,38
ALYAH,F,21,0,7
ALYAN,M,63,0,21
ALYANA,F,18,0,6
ALYANNA,F,18,0,6
ALYAS,M,7,0,2
AL-YASA,M,3,0,1
ALYCEE,F,4,0,1
ALYDIA,F,14,0,5
ALYESHA,F,33,4,33
ALYIA,F,3,0,1
ALYIAH,F,6,3,6
ALYISSIA,F,4,0,1
ALYNA,F,12,0,4
ALYONA,F,3,0,1
ALYRA,F,3,0,1
ALYSCIA,F,6,0,2
ALYSE,F,31,3,31
ALYSHEA,F,3,3,3
ALYSS,F,7,0,2
ALYSSA-JADE,F,3,0,1
ALYSSA-MAE,F,31,0,10
ALYSSA-MAY,F,14,0,5
ALYSSA-ROSE,F,31,0,10
ALYSSE,F,9,3,9
ALYSSIA-MAE,F,4,0,1
ALYSSYA,F,4,0,1
ALYVIA,F,29,0,10
ALYZA,F,41,0,14
ALYZAH,F,8,0,3
ALZAHRA,F,3,0,1
ALZBETA,F,12,3,12
AMAAIMA,F,4,0,1
AMAANA,F,21,0,7
AMAANAH,F,43,0,14
AMAANI,M,9,0,3
AMAAYA,F,25,0,8
AMAAZ,M,3,0,1
AMABEL,F,41,6,41
AMABELLE,F,6,0,2
AMAD,M,44,6,44
AMADEO,M,6,0,2
AMADEUSZ,M,12,0,4
AMADOU,M,97,3,97
AMAIAH,F,10,0,3
AMAIMA,F,10,0,3
AMAIRA,F,56,0,19
AMAIRAH,F,12,0,4
AMAIYA,F,104,0,35
AMAIYAH,F,40,0,13
AMAKA,F,12,0,4
AMALA,F,38,0,13
AMALEA,F,3,0,1
AMALEE,F,28,0,9
AMALEIGH,F,3,0,1
AMALI,F,15,0,5
AMALIAH,F,3,0,1
AMALIE-ROSE,F,3,0,1
AMALYA,F,22,0,7
AMAMA,F,3,0,1
AMANAH,F,159,0,53
AMANAT,F,8,0,3
AMANDIP,M,3,3,3
AMANIE,F,3,3,3
AMANITA,F,3,0,1
AMANIYA,F,3,0,1
AMANJEET,F,3,3,3
AMANJEET,M,3,3,3
AMANJIT,M,6,0,2
AMANJOT,F,27,4,27
AMANN,M,3,3,3
AMANRAJ,M,3,3,3
AMANULLAH,M,3,0,1
AMANVIR,M,27,6,27
AMANY,F,11,0,4
AMAR,F,37,0,12
AMARA,M,17,0,6
AMARACHUKWU,F,30,0,10
AMARA-ROSE,F,3,0,1
AMARE,M,45,0,15
AMAREE,M,3,0,1
AMARIA,F,6,0,2
AMARIAH,F,99,0,33
AMARIE,F,14,0,5
AMARIE,M,9,0,3
AMARII,M,39,0,13
AMARIO,M,5,0,2
AMARION,M,26,0,9
AMARISA,F,9,0,3
AMARISE,F,3,0,1
AMARISSA,F,25,0,8
AMARIYAH,F,3,0,1
AMARJEET,M,3,3,3
AMARJOT,M,10,3,10
AMARLEEN,F,4,0,1
AMARLIA,F,3,0,1
AMARN,M,10,4,10
AMARO,M,3,0,1
AMARPREET,M,3,3,3
AMARRI,M,3,3,3
AMARU,M,48,4,48
AMARVIR,M,7,3,7
AMARYLLIS,F,22,3,22
AMATUL,F,3,0,1
AMAURI,M,3,0,1
AMAURY,M,17,0,6
AMAY,M,17,0,6
AMAYAH,F,242,0,81
AMAYA-RAE,F,3,0,1
AMAYA-ROSE,F,12,0,4
AMAYRA,F,7,0,2
AMAZIAH,M,5,0,2
AMAZON,F,7,0,2
AMBER-,F,6,0,2
AMBER-GRACE,F,3,0,1
AMBER-JO,F,3,0,1
AMBER-LEA,F,9,3,9
AMBERLEIGH,F,25,6,25
AMBERLIE,F,3,0,1
AMBER-LILLY,F,8,0,3
AMBER-MAE,F,20,3,20
AMBER-MAY,F,37,0,12
AMBER-RAE,F,13,0,4
AMBIYA,F,3,0,1
AMBRE,F,18,3,18
AMBUR,F,4,0,1
AMEALIA,F,18,0,6
AMED,M,13,0,4
AMEDEEA,F,3,0,1
AMEELA,F,6,0,2
AMEELAH,F,4,0,1
AMEELIA,F,23,0,8
AMEERAT,F,5,0,2
AMEESHA,F,8,0,3
AMEILA,F,38,0,13
AMEILIA,F,77,0,26
AMEIRA,F,75,0,25
AMEL,M,3,0,1
AMELA,F,38,0,13
AMELEA,F,8,0,3
AMELEAH,F,6,0,2
AMELI,F,3,0,1
AMELIA-,F,13,0,4
AMELIA-ALICE,F,3,0,1
AMELIA-ANN,F,7,0,2
AMELIA-ANNE,F,9,0,3
AMELIA-BROOKE,F,6,0,2
AMELIA-ELIZABETH,F,3,0,1
AMELIA-FAITH,F,21,0,7
AMELIA-FAYE,F,3,0,1
AMELIA-HOPE,F,3,0,1
AMELIAH-ROSE,F,3,0,1
AMELIA-JADE,F,29,0,10
AMELIA-JAYDE,F,4,0,1
AMELIA-JAYNE,F,88,0,29
AMELIA-JEAN,F,6,0,2
AMELIA-JO,F,6,0,2
AMELIA-LEE,F,4,0,1
AMELIA-LEIGH,F,28,0,9
AMELIA-LILLIE,F,25,0,8
AMELIA-LILY,F,200,0,67
AMELIA-LOUISE,F,32,0,11
AMELIA-MAE,F,149,0,50
AMELIA-MAI,F,48,0,16
AMELIA-MARIE,F,20,0,7
AMELIA-MAY,F,117,0,39
AMELIA-PAIGE,F,3,0,1
AMELIA-RAE,F,41,0,14
AMELIA-SKYE,F,7,0,2
AMELIE-GRACE,F,6,0,2
AMELIE-MAE,F,6,0,2
AMELIE-MAI,F,3,0,1
AMELIE-ROSE,F,75,0,25
AMELIJA,F,117,0,39
AMELINA,F,3,0,1
AMELIO,M,3,0,1
AMELIYAH,F,15,0,5
AMELJA,F,3,0,1
AMELLE,F,80,0,27
AMELLIA,F,136,3,136
AMELLIE,F,3,0,1
AMELYA,F,27,0,9
AMEN,F,33,0,11
AMEN,M,68,0,23
AMENZE,F,3,0,1
AMERAH,F,25,3,25
AMERIA,F,3,0,1
AMERIE,F,43,0,14
AMEYA,F,111,0,37
AMEYA,M,6,0,2
AMEZ,F,4,0,1
AMEZ,M,3,0,1
AMIA,F,145,0,48
AMIAH,F,93,3,93
AMIAS,M,7,0,2
AMICA,F,3,0,1
AMICIA,F,8,0,3
AMICIE,F,4,0,1
AMID,M,12,0,4
AMIDAT,F,3,0,1
AMIEE-LEIGH,F,14,0,5
AMIEE-LOUISE,F,3,0,1
AMIEL,M,33,0,11
AMIE-LEE,F,9,0,3
AMIELEIGH,F,4,0,1
AMIE-LEIGH,F,33,0,11
AMIELIA,F,5,0,2
AMIERA,F,29,0,10
AMII,F,28,5,28
AMIIN,M,29,0,10
AMIIR,M,6,0,2
AMIIRA,F,80,0,27
AMILA,F,52,0,17
AMILEA,F,4,0,1
AMILEAH,F,3,0,1
AMILEIGH,F,6,0,2
AMI-LEIGH,F,19,0,6
AMILIE,F,58,0,19
AMILLIA,F,29,3,29
AMILLIE,F,13,0,4
AMILY,F,23,0,8
AMILYA,F,5,0,2
AMIMA,F,53,3,53
AMINE,F,18,0,6
AMINOOR,M,4,0,1
AMINTA,F,3,0,1
AMIRA-ROSE,F,3,0,1
AMIRAT,F,20,0,7
AMISA,F,3,0,1
AMISH,M,22,6,22
AMISHI,F,7,0,2
AMITA,F,12,3,12
AMITAI,M,10,0,3
AMITIS,F,3,0,1
AMITOJ,M,6,0,2
AMIYAH,F,306,0,102
AMIYAH-ROSE,F,3,0,1
AMJED,M,3,0,1
AMMAARA,F,10,6,10
AMMAL,F,7,0,2
AMMAN,F,9,6,9
AMNEEK,F,3,0,1
AMNEET,F,22,0,7
AMOGH,M,28,0,9
AMOL,M,4,0,1
AMON,M,30,0,10
AMOR,F,4,0,1
AMORE,F,34,0,11
AMORY,M,10,0,3
AMOUR,F,18,0,6
AMOY,F,4,0,1
AMOYA,F,6,0,2
AMRAH,F,6,0,2
AMRAIZ,M,3,0,1
AMRAJ,M,18,6,18
AMREECE,F,10,0,3
AMREENA,F,6,6,6
AMREETA,F,19,3,19
AMRIA,F,14,0,5
AMRINA,F,3,3,3
AMRINDER,M,6,0,2
AMRITHA,F,7,0,2
AMRITPAL,F,6,3,6
AMRITPREET,F,3,0,1
AMRO,M,13,3,13
AMROM,M,11,0,4
AMTUL,F,23,3,23
AMULYA,F,6,0,2
AMY-,F,6,0,2
AMYA,F,39,0,13
AMYAH,F,31,0,10
AMY-ANN,F,3,0,1
AMYE,F,18,3,18
AMY-GRACE,F,20,0,7
AMY-JADE,F,6,6,6
AMYLIA,F,17,0,6
AMY-LOU,F,14,0,5
AMYLOUISE,F,12,3,12
AMYMA,F,3,0,1
AMY-MARIE,F,3,3,3
AMYRA,F,39,0,13
AMY-RAE,F,6,0,2
AMYRAH,F,31,0,10
AMZA,M,3,3,3
AN,F,93,0,31
AN,M,13,0,4
ANAAYA,F,66,0,22
ANAAYAH,F,11,0,4
ANAB,F,22,0,7
ANABELA,F,38,0,13
ANABETH,F,4,0,1
ANABIA,F,168,0,56
ANABIAH,F,3,0,1
ANABIYA,F,9,0,3
ANAE,F,23,0,8
ANAELLE,F,33,0,11
ANAGHA,F,27,0,9
ANAHI,F,3,0,1
ANAHID,F,3,0,1
ANAI,F,17,0,6
ANAIA,F,86,0,29
ANAIAH,M,4,0,1
ANAIKA,F,13,0,4
ANAISE,F,11,0,4
ANAISHA,F,10,0,3
ANAIS-ROSE,F,3,0,1
ANAIYAH,F,115,0,38
ANALEISE,F,3,0,1
ANALUCIA,F,3,0,1
ANA-LUCIA,F,10,0,3
ANAM,M,3,0,1
ANAMARIA,F,41,0,14
ANA-MARIA,F,51,0,17
ANAMTA,F,12,0,4
ANAND,F,5,0,2
ANANDA,F,10,4,10
ANANDA,M,6,3,6
ANANDI,F,3,0,1
ANANNYA,F,3,0,1
ANANT,M,15,3,15
ANANTH,M,3,0,1
ANANYAA,F,6,0,2
ANARA,F,23,0,8
ANASHE,F,56,0,19
ANASHE,M,19,0,6
ANA-SOFIA,F,4,0,1
ANASTASIYA,F,25,0,8
ANASTAZJA,F,206,0,69
ANATOLE,M,17,0,6
ANAUM,F,47,0,16
ANAY,M,195,3,195
ANAYAA,F,3,0,1
ANAYAH,F,697,3,697
ANAYS,F,10,0,3
ANBAR,F,3,3,3
ANCA,F,7,0,2
ANDA,F,9,0,3
ANDALEEB,F,6,0,2
ANDIA,F,3,0,1
ANDILE,F,3,0,1
ANDILE,M,24,0,8
ANDOR,M,4,0,1
ANDRA,F,85,3,85
ANDRAS,M,28,0,9
ANDREANA,F,3,0,1
ANDREANNA,F,4,0,1
ANDREEA,F,227,0,76
ANDREJ,M,89,6,89
ANDREJA,F,75,0,25
ANDREJS,M,6,0,2
ANDRE-JUNIOR,M,3,0,1
ANDREW-JAMES,M,14,0,5
ANDREW-JOHN,M,3,0,1
ANDREW-JUNIOR,M,19,0,6
ANDREYA,F,7,3,7
ANDRI,M,5,0,2
ANDRIA,M,3,0,1
ANDRIES,M,7,0,2
ANDRINA,F,6,0,2
ANDRIY,M,12,3,12
ANDROMEDA,F,4,0,1
ANDROULLA,F,3,0,1
ANDUENA,F,3,0,1
ANDZELIKA,F,28,0,9
ANE,F,6,0,2
ANEA,F,3,0,1
ANEEK,M,8,0,3
ANEEKAH,F,5,0,2
ANEEKHA,F,3,3,3
ANEET,F,3,0,1
ANEEYA,F,3,0,1
ANEIRA,F,150,4,150
ANEISHA,F,14,0,5
ANEL,M,3,0,1
ANELA,F,12,0,4
ANELIA,F,8,0,3
ANELISE,F,12,0,4
ANES,M,62,0,21
ANESA,F,43,6,43
ANESH,M,3,0,1
ANESHKA,F,6,0,2
ANESS,M,5,0,2
ANESSA,F,7,0,2
ANESU,F,66,0,22
ANESU,M,68,0,23
ANETTA,F,3,0,1
ANETTE,F,4,0,1
ANEYA,F,48,0,16
ANFISA,F,3,0,1
ANGELE,F,3,0,1
ANGELEE,F,10,0,3
ANGELEEN,F,9,0,3
ANGELENE,F,6,0,2
ANGEL-GRACE,F,9,0,3
ANGELI,F,31,0,10
ANGELIA,F,3,0,1
ANGELIC,F,3,0,1
ANGELICA-ROSE,F,3,0,1
ANGELIE,F,34,0,11
ANGELIN,F,4,0,1
ANGELISE,F,4,0,1
ANGEL-LEIGH,F,37,0,12
ANGEL-LOUISE,F,27,0,9
ANGEL-MAE,F,26,0,9
ANGEL-MAI,F,7,0,2
ANGEL-MARIE,F,32,0,11
ANGEL-MAY,F,29,0,10
ANGELPREET,F,7,0,2
ANGELUS,M,17,0,6
ANGELYN,F,3,0,1
ANGLIA,F,6,3,6
ANH,M,87,3,87
ANHAD,M,10,0,3
ANHAR,F,3,0,1
ANHAR,M,3,3,3
ANI,F,73,3,73
ANIAH,F,55,0,18
ANIESHA,F,3,3,3
ANIK,M,31,0,10
ANIKAH,F,13,6,13
ANIKET,M,33,0,11
ANILAH,F,3,3,3
ANINA,F,12,0,4
ANIQ,M,42,0,14
ANIQUE,F,7,0,2
ANIQUE,M,3,0,1
ANIR,M,3,0,1
ANIRUDDHA,M,4,0,1
ANIS,F,15,3,15
ANISHKA,F,57,0,19
ANISIA,F,22,0,7
ANISS,M,3,0,1
ANISUR,M,6,0,2
ANITHA,F,6,3,6
ANITRA,F,3,0,1
ANIV,M,3,0,1
ANIYAH,F,411,0,137
ANIYAH-ROSE,F,4,0,1
ANIZA,F,3,0,1
ANJALEE,F,27,6,27
ANJAY,M,4,0,1
ANJE,F,3,0,1
ANJELI,F,7,3,7
ANJELINA,F,4,0,1
ANJESA,F,3,0,1
ANJIKA,F,3,0,1
ANJLEE,F,3,3,3
ANJOLA,F,16,0,5
ANJOLAOLUWA,M,14,0,5
ANJU,F,5,0,2
ANKE,F,3,0,1
ANKUSH,M,18,6,18
ANNA-,F,3,0,1
ANNA-BELLA,F,8,0,3
ANNABELLA-ROSE,F,3,0,1
ANNABELLE-ROSE,F,20,0,7
ANNABEL-ROSE,F,3,0,1
ANNAH,F,29,6,29
ANNAIYA,F,3,0,1
ANNAIYAH,F,4,0,1
ANNAKAY,F,3,0,1
ANNALEASE,F,7,0,2
ANNALEECE,F,6,0,2
ANNALEESE,F,17,0,6
ANNALENA,F,3,0,1
ANNA-LENA,F,3,0,1
ANNA-LISA,F,3,3,3
ANNA-LISE,F,3,0,1
ANNALISSE,F,6,0,2
ANNA-LUCIA,F,11,0,4
ANNALYSE,F,25,6,25
ANNAMAE,F,11,0,4
ANNA-MAI,F,4,0,1
ANNAMAY,F,3,3,3
ANNAN,M,3,3,3
ANNANYA,F,3,0,1
ANNAROSE,F,3,0,1
ANNAS,M,49,3,49
ANNA-SOPHIA,F,29,0,10
ANNAYAH,F,51,0,17
ANNELI,F,36,3,36
ANNELIES,F,11,6,11
ANNELLE,F,3,0,1
ANNES,F,3,0,1
ANNESHA,F,3,0,1
ANNETTA,F,3,3,3
ANNIA,F,35,6,35
ANNIAH,F,4,0,1
ANNICA,F,3,0,1
ANNIE-GRACE,F,6,0,2
ANNIE-LOUISE,F,7,0,2
ANNIE-MAI,F,16,0,5
ANNIE-MARIE,F,3,0,1
ANNIE-RAE,F,6,0,2
ANNIJA,F,7,0,2
ANNISSA,F,12,6,12
ANNIYA,F,10,0,3
ANNMARIA,F,19,0,6
ANNMARY,F,13,0,4
ANNORA,F,8,0,3
ANNY,F,11,0,4
ANNYS,F,3,3,3
ANOJAN,M,3,0,1
ANOKH,M,3,0,1
ANOKHI,F,7,3,7
ANONA,F,3,3,3
ANOOP,F,13,3,13
ANOOSH,F,9,0,3
ANOOSHA,F,24,4,24
ANORA,F,6,0,2
ANOSHA,F,11,0,4
ANOTIDA,M,3,0,1
ANOTIDAISHE,M,9,0,3
ANOTIDASHE,M,3,0,1
ANOUAR,M,3,0,1
ANOUSCHKA,F,3,3,3
ANOUSH,F,3,0,1
ANOUSH,M,3,0,1
ANQI,F,3,0,1
ANRAJ,M,3,0,1
ANS,M,38,0,13
ANSAAR,M,3,0,1
ANSAH,F,3,0,1
ANSAM,F,3,0,1
ANSELM,M,12,0,4
ANSH,M,270,0,90
ANSHARAH,F,6,0,2
ANSHDEEP,M,3,0,1
ANSHI,F,11,0,4
ANSHIKA,F,49,0,16
ANSHITA,F,3,0,1
ANSHPREET,M,3,0,1
ANSHU,F,4,0,1
ANSHU,M,3,0,1
ANSHUL,M,16,0,5
ANSHVEER,M,4,0,1
ANTANAS,M,3,0,1
ANTARA,F,13,3,13
ANTHONY-JAMES,M,26,0,9
ANTHONY-JOHN,M,4,0,1
ANTHONY-JUNIOR,M,3,0,1
ANTIGONI,F,4,0,1
ANTONETTE,F,3,3,3
ANTONIA-MARIA,F,3,0,1
ANTONIE,M,3,0,1
ANTONIN,M,33,0,11
ANTONIOS,M,24,3,24
ANTONIS,M,15,0,5
ANTOSIA,F,3,0,1
ANTWAN,M,17,0,6
ANTWON,M,9,0,3
ANUAR,M,3,0,1
ANUJA,F,9,0,3
ANUJAN,M,3,0,1
ANUJIN,F,8,0,3
ANUKSHA,F,3,0,1
ANUOLUWA,F,22,0,7
ANUOLUWA,M,4,0,1
ANURAG,M,3,0,1
ANUREET,F,29,0,10
ANUSH,F,3,0,1
ANUSH,M,34,0,11
ANUSHAN,M,7,0,2
ANUSHREE,F,4,0,1
ANUSHRI,F,8,0,3
ANVAY,M,3,0,1
ANVIKA,F,14,0,5
ANVITA,F,29,0,10
ANVITHA,F,12,0,4
ANWAAR,M,8,0,3
ANWAR,F,3,3,3
ANWESHA,F,4,0,1
ANWITA,F,9,0,3
ANXHELA,F,9,6,9
ANYAH,F,35,3,35
ANYA-ROSE,F,9,0,3
ANYSHA,F,3,0,1
ANYSIA,F,6,0,2
ANYSSA,F,3,0,1
ANZA,F,3,0,1
ANZAL,F,7,0,2
ANZAR,M,23,3,23
ANZILA,F,3,0,1
AOIBHINN,F,32,0,11
AOIFE-ROSE,F,12,0,4
AOKI,F,4,0,1
AOLANI,F,3,3,3
AOUN,M,3,0,1
APARNA,F,24,0,8
APHINA,F,3,0,1
APHRODITE,F,6,0,2
APISAN,M,3,0,1
APISHA,F,3,0,1
APOLLINE,F,29,0,10
APOLLON,M,3,0,1
APPLE,F,10,0,3
APRIL-LOUISE,F,3,3,3
APRIL-ROSE,F,30,3,30
AQEIL,M,3,0,1
AQILAH,F,3,0,1
AQSAA,F,6,3,6
AQUA,F,3,0,1
AQUEELAH,F,5,0,2
AQUILA,F,8,0,3
ARA,F,30,0,10
ARA,M,52,0,17
ARABA,F,3,0,1
ARABEL,F,16,0,5
ARABELLA-GRACE,F,3,0,1
ARABELLA-ROSE,F,12,0,4
ARADHANA,F,15,0,5
ARADHYA,F,28,0,9
ARAF,M,19,0,6
ARAFA,F,6,0,2
ARAFAAT,M,3,0,1
ARAFAH,F,17,0,6
ARAFATH,M,28,0,9
ARAGORN,M,3,0,1
ARAIYA,F,10,0,3
ARAIZ,M,7,0,2
ARALIYA,F,3,0,1
ARAM,M,88,4,88
ARAMIDE,F,10,0,3
ARAMIS,M,11,0,4
ARANDIP,M,3,3,3
ARANI,F,3,0,1
ARANJIT,M,4,4,4
ARANN,M,9,0,3
ARANVEER,M,6,0,2
ARAOLUWA,F,11,0,4
ARAS,M,143,0,48
ARAV,M,148,0,49
ARAVIND,M,15,0,5
ARAYAH,F,34,0,11
ARAZ,M,19,0,6
ARBA,F,3,0,1
ARBAS,M,3,3,3
ARBELLA,F,3,0,1
ARBESA,F,4,4,4
ARBI,M,7,0,2
ARBRI,M,7,0,2
ARBY,M,3,0,1
ARCHEE,M,7,0,2
ARCHEY,M,24,0,8
ARCHI,M,29,0,10
ARCHIE-JAI,M,4,0,1
ARCHIE-JAY,M,21,0,7
ARCHIE-JOE,M,4,0,1
ARCHIE-JOHN,M,6,0,2
ARCHIE-LEIGH,M,3,0,1
ARCHIE-RAY,M,11,0,4
ARCHISHA,F,6,0,2
ARCHIT,M,20,3,20
ARCHITA,F,3,0,1
ARCHNA,F,3,3,3
ARCHY,M,137,3,137
ARDAN,M,9,0,3
ARDI,M,32,0,11
ARDIT,M,35,6,35
ARDITA,F,6,3,6
AREEBAH,F,204,0,68
AREECE,M,3,0,1
AREEF,M,3,0,1
AREEFA,F,9,0,3
AREEHA,F,3,0,1
AREEN,F,58,0,19
AREEN,M,27,0,9
AREENA,F,23,0,8
AREESA,F,22,0,7
AREESHA,F,224,0,75
AREEZ,M,37,0,12
AREEZA,F,3,0,1
AREL,M,18,0,6
ARELLA,F,20,0,7
ARENA,F,10,0,3
ARESHA,F,6,0,2
ARETAS,M,4,0,1
ARETHA,F,10,0,3
ARETI,F,4,0,1
AREYA,F,12,0,4
AREZ,M,17,0,6
ARFAH,F,23,0,8
ARFATH,M,3,0,1
ARFON,M,10,4,10
ARGJENT,M,4,0,1
ARHAA,F,3,0,1
ARHAAM,M,3,0,1
ARHAAN,M,66,0,22
ARHAN,M,20,0,7
ARI,F,4,0,1
ARIAANA,F,3,0,1
ARIADNA,F,46,0,15
ARIADNI,F,6,3,6
ARIAL,F,4,0,1
ARIAM,F,31,0,10
ARIA-MAE,F,4,0,1
ARIANAH,F,6,0,2
ARIANA-ROSE,F,3,0,1
ARIANNAH,F,4,0,1
ARIANNA-ROSE,F,3,0,1
ARIARNA,F,21,0,7
ARIA-ROSE,F,23,0,8
ARIAS,M,4,0,1
ARIB,M,23,0,8
ARIBELLA,F,3,0,1
ARIE,M,14,3,14
ARIEN,F,3,0,1
ARIEN,M,7,0,2
ARIENNA,F,3,0,1
ARIETA,F,3,0,1
ARIETTA,F,6,0,2
ARIFUR,M,3,0,1
ARIHAAN,M,3,0,1
ARIHANNA,F,3,0,1
ARIHANT,M,4,0,1
ARIJA,F,3,0,1
ARIJIELE,F,3,0,1
ARIJUS,M,81,0,27
ARIK,M,4,0,1
ARIKA,F,7,0,2
ARIN,F,46,0,15
ARINI,F,4,0,1
ARINOLA,F,3,0,1
ARINZE,M,20,0,7
ARINZECHUKWU,M,4,0,1
ARIO,M,16,0,5
ARIOLA,F,3,0,1
ARION,M,96,3,96
ARIONA,F,3,0,1
ARIOS,M,3,0,1
ARIQ,M,6,3,6
ARISA,F,86,6,86
ARISTOTELIS,M,6,0,2
ARITA,F,3,0,1
ARIUS,M,7,0,2
ARIV,M,6,0,2
ARIYA,M,9,0,3
ARIYAAN,M,6,0,2
ARIYAH,F,46,0,15
ARIYAH-ROSE,F,3,0,1
ARIYAN,M,194,0,65
ARIYANA,F,73,0,24
ARIZ,M,60,0,20
ARJAY,M,3,0,1
ARJEN,M,45,0,15
ARJIN,F,9,0,3
ARJON,M,6,0,2
ARJUNA,M,14,4,14
ARJUNAN,M,6,0,2
ARJUNVEER,M,9,0,3
ARKA,M,6,0,2
ARKADIUSZ,M,48,0,16
ARKADY,M,3,0,1
ARKAN,M,17,0,6
ARKIN,M,5,0,2
ARLANDRIA,F,5,0,2
ARLA-ROSE,F,3,0,1
ARLEIGH,M,3,0,1
ARLETTE,F,6,0,2
ARLEY,M,189,0,63
ARLEYA,F,3,0,1
ARLI,M,10,0,3
ARLIA,F,19,0,6
ARLIE,F,3,0,1
ARLO,F,3,0,1
ARLOW,M,23,0,8
ARLOWE,M,4,0,1
ARMAAN,F,3,0,1
ARMAANI,F,7,0,2
ARMANDA,F,12,0,4
ARMANDAS,M,170,0,57
ARMANDEEP,M,5,0,2
ARMANDS,M,10,0,3
ARMANIE,F,3,0,1
ARMANJ,M,3,0,1
ARMANN,M,3,0,1
ARMARNI,F,15,3,15
ARMARNI,M,6,0,2
ARMEEN,F,3,0,1
ARMEL,M,10,0,3
ARMELLE,F,3,0,1
ARMEND,M,9,0,3
ARMINA,F,28,0,9
ARMINAS,M,70,0,23
ARMITA,F,10,0,3
ARMON,M,4,4,4
ARNA,F,22,0,7
ARNAS,M,149,0,50
ARNELA,F,4,0,1
ARNEZ,M,6,0,2
ARNI,M,9,0,3
ARNICA,F,6,0,2
ARNIKA,F,4,0,1
ARNIS,M,6,0,2
ARNISA,F,9,0,3
ARNIT,M,3,0,1
ARNOLDAS,M,4,0,1
AROHA,F,9,0,3
AROHI,F,10,0,3
AROLD,M,3,0,1
ARONAS,M,159,0,53
ARONDEEP,M,4,4,4
AROOBA,F,6,0,2
AROOSH,F,91,0,30
AROOSH,M,4,0,1
AROOSHA,F,3,0,1
ARORA,F,3,0,1
AROS,M,13,0,4
AROZ,M,6,0,2
ARPAN,F,4,0,1
ARPAN,M,18,0,6
ARPIT,M,6,0,2
ARPITA,F,16,3,16
ARQAM,M,9,0,3
ARRIA,F,5,0,2
ARRIANA,F,13,0,4
ARRIANNA,F,9,0,3
ARRISON,M,3,0,1
ARRON-JUNIOR,M,3,0,1
ARSAL,M,18,0,6
ARSEMA,F,38,0,13
ARSEN,M,16,0,5
ARSENE,M,4,0,1
ARSENIJ,M,3,0,1
ARSENIY,M,7,0,2
ARSH,F,6,0,2
ARSH,M,92,0,31
ARSHA,F,4,0,1
ARSHAAN,M,9,0,3
ARSHAN,M,49,0,16
ARSHDEEP,F,3,0,1
ARSHDEEP,M,34,4,34
ARSHEEN,F,3,0,1
ARSHI,F,28,0,9
ARSHIA,F,85,0,28
ARSHIA,M,36,0,12
ARSHIDA,F,3,0,1
ARSHIYA,F,65,0,22
ARSHMAN,M,20,0,7
ARSHPREET,F,39,0,13
ARSHVEER,M,4,0,1
ARTA,F,29,3,29
ARTA,M,3,0,1
ARTAN,M,15,0,5
ARTEMAS,M,3,0,1
ARTEMIJS,M,4,0,1
ARTEMIS,M,8,0,3
ARTEMISIA,F,4,0,1
ARTEMIY,M,3,0,1
ARTEMY,M,4,0,1
ARTH,M,4,0,1
ARTHAV,M,3,0,1
ARTHI,F,3,0,1
ARTHUR-GEORGE,M,3,0,1
ARTHUR-JAMES,M,14,0,5
ARTHUR-JOHN,M,4,0,1
ARTI,M,4,0,1
ARTIN,M,127,0,42
ARTINA,F,4,0,1
ARTIOLA,F,4,0,1
ARTIOM,M,33,0,11
ARTIS,M,12,0,4
ARTJOM,M,30,0,10
ARTJOMS,M,32,0,11
ARTO,M,5,0,2
ARTURAS,M,10,0,3
ARTURS,M,63,0,21
ARTYOM,M,14,0,5
ARUBAH,F,3,0,1
ARUJ,F,6,0,2
ARUJAN,M,3,0,1
ARUL,M,3,0,1
ARUNA,F,28,6,28
ARUNA,M,3,0,1
ARUNAS,M,4,0,1
ARUNJIT,M,3,3,3
ARUNVEER,M,12,3,12
ARUNVIR,M,6,3,6
ARUSH,M,64,0,21
ARUSHA,F,7,0,2
ARUSHAN,M,11,0,4
ARUSHI,F,84,0,28
ARVAN,M,3,0,1
ARVI,M,5,0,2
ARVID,M,6,0,2
ARWAA,F,45,0,15
ARWAH,F,6,0,2
ARWAND,M,6,0,2
ARWENNA,F,3,0,1
ARWIN,M,17,0,6
ARYAAN,M,243,3,243
ARYAHI,F,3,0,1
ARYAM,F,23,0,8
ARYANA,F,175,4,175
ARYANNA,F,57,0,19
ARYAV,M,20,0,7
ARYAVEER,M,6,0,2
ARYAZ,M,3,0,1
ARYE,M,3,0,1
ARYIA,F,4,0,1
ARYN,M,3,0,1
ARYO,M,16,0,5
ARZAAN,M,3,0,1
ARZHIN,M,3,0,1
ARZO,F,10,0,3
ASA,F,6,0,2
ASAAD,M,6,0,2
AS'AD,M,6,0,2
ASADULLAH,M,33,3,33
ASAF,M,10,4,10
ASAIAH,M,5,0,2
ASAL,F,31,0,10
ASAN,M,6,3,6
ASANTE,F,10,0,3
ASANTE,M,17,0,6
ASAPH,M,14,0,5
ASAR,M,3,0,1
ASARU,M,3,0,1
ASBAH,F,21,0,7
ASEDA,M,3,0,1
ASEEB,M,6,3,6
ASEEL,F,166,0,55
ASEEL,M,19,6,19
ASEEM,M,13,3,13
ASEES,F,37,0,12
ASEL,F,6,0,2
ASENAT,F,4,0,1
ASENATH,F,7,0,2
ASER,M,12,0,4
ASFIYA,F,3,0,1
ASGER,M,3,0,1
ASHAAN,M,13,3,13
ASHAI,M,3,0,1
ASHALINA,F,42,0,14
ASHAN,M,56,6,56
ASHANA,F,24,0,8
ASHANI,F,46,4,46
ASHANTA,F,4,0,1
ASHANTAE,F,7,0,2
ASHANTAY,F,13,0,4
ASHANTE,F,41,6,41
ASHANTIA,F,4,0,1
ASHANTI-LEIGH,F,3,0,1
ASHARN,M,6,3,6
ASHARNA,F,6,0,2
ASHAY,M,3,0,1
ASHAYA,F,9,0,3
ASHAYLA,F,3,0,1
ASHAZ,M,92,0,31
ASHBIE,F,3,0,1
ASHDEEP,F,6,0,2
ASHDEN,M,132,0,44
ASHEKA,F,6,6,6
ASHI,F,3,0,1
ASHIK,M,6,0,2
ASHIM,M,3,0,1
ASHIRA,F,48,3,48
ASHITA,F,3,0,1
ASHIYA,F,7,0,2
ASHKAN,M,34,3,34
ASHLAN,M,3,0,1
ASHLEI,F,12,0,4
ASH-LEIGH,F,3,0,1
ASHLEIGH-ANN,F,6,0,2
ASHLEIGH-ANNE,F,3,0,1
ASHLEIGH-MAY,F,4,0,1
ASHLEIGH-PAIGE,F,4,4,4
ASHLEIGH-ROSE,F,6,0,2
ASHLEY-JAMES,M,7,0,2
ASHLEY-JUNIOR,M,7,0,2
ASHLEYNE,F,3,0,1
ASHLIEGH,F,7,0,2
ASHLY,F,6,0,2
ASHLYNNE,F,10,0,3
ASHMAAN,M,3,0,1
ASHMEET,F,26,0,9
ASHMEET,M,7,0,2
ASHMI,F,16,0,5
ASHMIT,M,8,0,3
ASHMITA,F,10,0,3
ASHMITHA,F,3,0,1
ASHON,M,7,0,2
ASHPREET,F,28,0,9
ASHRIEL,F,3,0,1
ASHTEN,F,3,0,1
ASHTEN,M,4,0,1
ASHTON-JAMES,M,41,0,14
ASHTON-JAY,M,12,0,4
ASHTON-LEE,M,66,0,22
ASHTON-THOMAS,M,3,0,1
ASHTYN,F,6,0,2
ASHTYN,M,3,0,1
ASHVATH,M,6,0,2
ASHVEEN,M,3,0,1
ASHVEER,M,31,0,10
ASHVI,F,3,0,1
ASHVIKA,F,23,0,8
ASHVINA,F,3,0,1
ASHVINI,F,33,3,33
ASHVIR,M,3,0,1
ASHWAQ,F,15,0,5
ASHWATH,M,7,0,2
ASHWIKA,F,7,0,2
ASHWINA,F,12,0,4
ASHWYN,M,17,3,17
ASIAH,F,36,3,36
ASIA'H,F,5,0,2
ASID,M,3,3,3
ASIER,M,3,0,1
ASIFA,F,14,4,14
ASIL,F,4,0,1
ASIL,M,24,0,8
ASILA,F,7,0,2
ASIMINA,F,3,0,1
ASIN,F,4,0,1
ASIR,M,6,0,2
ASIYE,F,6,0,2
ASJAD,M,14,0,5
ASMARA,F,26,3,26
ASMIN,F,75,0,25
ASMITA,F,28,4,28
ASMITHA,F,20,0,7
ASNA,F,17,0,6
ASPEN,M,20,6,20
ASRAA,F,3,0,1
ASRAF,M,3,3,3
ASSEM,M,7,0,2
ASSIATOU,F,3,0,1
ASSISI,F,3,3,3
ASSIYA,F,6,0,2
ASSIYAH,F,3,0,1
ASSMA,F,3,0,1
ASSUMPTA,F,4,4,4
ASSUNTA,F,3,0,1
ASTA,F,18,0,6
ASTALA,F,4,0,1
ASTEN,F,3,3,3
ASTERA,F,10,0,3
ASTHA,F,7,0,2
ASTIJUS,M,3,0,1
ASTON-JAMES,M,9,0,3
ASTON-JAY,M,7,0,2
ASTON-LEE,M,12,0,4
ASTYN,M,5,0,2
ASVIN,M,12,0,4
ASWINI,F,6,0,2
ATA,M,87,4,87
ATAKAN,M,21,0,7
ATAL,M,26,0,9
ATALIAH,F,3,0,1
ATANAS,M,6,0,2
ATARA,F,23,0,8
ATARAH,F,31,0,10
ATAS,M,8,0,3
ATEEB,M,30,4,30
ATEEQA,F,10,3,10
ATENA,F,3,0,1
ATES,M,17,0,6
ATHALIA,F,25,0,8
ATHALIE,F,3,0,1
ATHAN,M,34,0,11
ATHANASIA,F,3,0,1
ATHARV,M,75,0,25
ATHARVA,M,58,0,19
ATHAVAN,M,11,0,4
ATHIRA,F,3,0,1
ATHIYA,F,3,0,1
ATHUL,M,3,0,1
ATHULYA,F,3,0,1
ATIAH,F,3,3,3
ATIFAH,F,11,0,4
ATIKSH,M,7,0,2
ATINA,F,3,0,1
ATINUKE,F,35,6,35
ATIQ,M,3,0,1
ATIQA,F,25,0,8
ATIYYA,F,3,3,3
ATO,M,4,4,4
ATQIYA,F,4,0,1
ATRINA,F,4,0,1
ATSUSHI,M,3,3,3
ATTA,M,12,0,4
ATTIA,F,10,3,10
ATTICA,F,3,0,1
ATTIF,M,3,3,3
AUBERON,M,22,5,22
AUBIN,M,9,0,3
AUBREE-ROSE,F,3,0,1
AUBREY-ROSE,F,3,0,1
AUDE,F,3,0,1
AUDEN,F,3,0,1
AUDIE,M,6,3,6
AUDRA,F,10,0,3
AUDREE,F,3,0,1
AUDRINA,F,17,0,6
AUGUSTE,M,10,0,3
AUGUSTINA,F,7,0,2
AUGUSTINAS,M,3,0,1
AUGUSTO,M,3,0,1
AUKSE,F,36,0,12
AULON,M,4,4,4
AULONA,F,10,0,3
AUM,M,90,0,30
AUN,M,22,0,7
AURALIA,F,4,0,1
AURAYA,F,12,0,4
AUREA,F,6,0,2
AUREJA,F,19,0,6
AURELA,F,17,0,6
AURELIEN,M,28,0,9
AURELIJA,F,3,0,1
AURELIUS,M,23,0,8
AURI,F,3,0,1
AURIOL,F,3,3,3
AURORA-MAE,F,3,0,1
AURORA-MAY,F,3,0,1
AURORA-ROSE,F,22,0,7
AURYN,M,51,6,51
AUSAR,M,3,0,1
AUSTEJA,F,194,0,65
AUSTINE,F,3,0,1
AUSTIN-JAMES,M,10,0,3
AUTUM,F,13,0,4
AUTUMN-GRACE,F,3,0,1
AUTUMN-LILY,F,16,0,5
AUTUMN-ROSE,F,92,0,31
AUTUMN-WILLOW,F,3,0,1
AUZAIR,M,9,3,9
AVA-,F,21,0,7
AVAANI,F,115,3,115
AVA-ANN,F,3,0,1
AVA-BELLE,F,9,0,3
AVA-BLU,F,3,0,1
AVA-ELIZABETH,F,7,0,2
AVA-FAITH,F,7,0,2
AVAH,F,183,0,61
AVAH-ROSE,F,4,0,1
AVAIAH,F,3,0,1
AVAIYA,F,4,0,1
AVAIYAH,F,3,0,1
AVA-JADE,F,17,0,6
AVA-JAI,F,6,0,2
AVA-JANE,F,40,0,13
AVA-JAYNE,F,20,0,7
AVA-JEAN,F,3,0,1
AVA-JO,F,3,0,1
AVA-LEA,F,7,0,2
AVALEE,F,4,0,1
AVA-LEE,F,8,0,3
AVA-LEI,F,3,0,1
AVALEIGH,F,15,0,5
AVA-LILLIE,F,14,0,5
AVA-LILLY,F,66,0,22
AVA-LILY,F,127,0,42
AVALINE,F,8,0,3
AVA-LOUISE,F,104,0,35
AVALYN,F,36,0,12
AVA-MAE,F,476,0,159
AVA-MAI,F,180,0,60
AVA-MARIA,F,3,0,1
AVA-MARIE,F,155,0,52
AVA-MAY,F,193,0,64
AVAN,F,6,0,2
AVAN,M,7,0,2
AVANA,F,8,0,3
AVANEESH,M,20,0,7
AVA-NICOLE,F,10,0,3
AVANISH,M,9,0,3
AVANNAH,F,3,0,1
AVANTHIKA,F,5,0,2
AVANTIKA,F,35,0,12
AVAR,M,4,0,1
AVA-RAE,F,83,0,28
AVA-RAI,F,3,0,1
AVARNI,F,16,0,5
AVAROSE,F,3,0,1
AVA-ROSE,F,702,0,234
AVA-RUBY,F,3,0,1
AVA-SKYE,F,3,0,1
AVA-SOPHIA,F,12,0,4
AVA-VIOLET,F,3,0,1
AVAYA,F,47,0,16
AVAYAH,F,26,0,9
AVEAH,F,5,0,2
AVEEN,F,19,4,19
AVEER,M,42,0,14
AVELINA,F,3,0,1
AVELINE,F,36,0,12
AVELYN,F,15,0,5
AVEN,F,8,0,3
AVEN,M,16,0,5
AVENA,F,3,0,1
AVERIE,F,28,0,9
AVESTA,F,12,0,4
AVEY,F,3,0,1
AVI,F,3,0,1
AVIA,F,46,0,15
AVIAH,F,10,0,3
AVIANA,F,38,0,13
AVIANNA,F,15,0,5
AVIDAN,M,7,0,2
AVIELA,F,3,0,1
AVIGDOR,M,14,0,5
AVIGHNA,M,3,0,1
AVIJOT,M,6,0,2
AVIK,M,30,0,10
AVIKA,F,19,0,6
AVIN,F,12,0,4
AVIN,M,12,0,4
AVINA,F,23,0,8
AVINAASH,M,5,0,2
AVIRAJ,M,28,0,9
AVIRAL,M,5,0,2
AVISH,M,3,0,1
AVISHA,F,6,3,6
AVISHAI,M,12,0,4
AVISHI,F,3,0,1
AVIV,F,3,0,1
AVIV,M,6,0,2
AVIYA,F,11,0,4
AVLEEN,F,126,0,42
AVNEE,F,3,0,1
AVNEET,M,15,3,15
AVNER,M,7,0,2
AVNISH,F,3,3,3
AVNISH,M,11,3,11
AVNOOR,F,13,0,4
AVRAJ,M,24,0,8
AVREET,F,14,0,5
AVROHAM,M,3,0,1
AVRUM,M,3,0,1
AVRUMI,M,7,0,2
AVTAR,M,15,6,15
AVY,F,11,0,4
AVYA,F,4,0,1
AVYAAN,M,11,0,4
AVYAN,M,21,0,7
AVYANNA,F,3,0,1
AVYUKT,M,27,0,9
AVYUKTH,M,6,0,2
AWA,F,154,3,154
AWAAB,M,6,0,2
AWAB,M,68,0,23
AWAD,M,18,0,6
AWATIF,F,3,0,1
AWENA,F,4,0,1
AWIN,F,7,0,2
AWS,M,15,0,5
AWSTIN,M,5,0,2
AWWAB,M,7,0,2
AWWAL,M,11,0,4
AXELLE,F,19,6,19
AYAA,F,11,0,4
AYAAN,M,4342,0,1447
AYAANA,F,201,0,67
AYAANAH,F,3,0,1
AYAANSH,M,13,0,4
AYAAT,F,118,0,39
AYAAT,M,6,0,2
AYAAZ,M,38,3,38
AYAD,M,22,0,7
AYAKA,F,23,6,23
AYANAH,F,31,0,10
AYANDA,F,46,0,15
AYANDA,M,9,0,3
AYANE,F,11,0,4
AYANFEOLUWA,M,4,0,1
AYANNAH,F,3,0,1
AYANO,F,3,0,1
AYANSH,M,16,0,5
AYAT,M,4,0,1
AYATH,F,4,0,1
AYCA,F,9,0,3
AYCAN,F,6,0,2
AYCE,M,3,0,1
AYDA,F,328,5,328
AYDA-GRACE,F,3,0,1
AYDA-ROSE,F,3,0,1
AYDENN,M,3,0,1
AYDN,M,3,0,1
AYDON,M,38,3,38
AYE,F,4,0,1
AYEASHA,F,3,3,3
AYELA,F,13,0,4
AYESH,F,4,0,1
AYET,F,3,0,1
AYEZA,F,96,0,32
AYHAM,M,82,0,27
AYHAN,M,33,6,33
AYHEM,M,3,0,1
AYIA,F,6,0,2
AYIANA,F,10,0,3
AYISHAH,F,39,0,13
AYKUT,M,3,3,3
AYLA-GRACE,F,5,0,2
AYLAH,F,76,0,25
AYLA-JADE,F,3,0,1
AYLA-LOUISE,F,6,0,2
AYLA-MAE,F,11,0,4
AYLA-MAI,F,3,0,1
AYLA-MAY,F,15,0,5
AYLAN,M,12,0,4
AYLAR,F,11,0,4
AYLA-RAE,F,3,0,1
AYLA-ROSE,F,23,0,8
AYLEEN,F,11,0,4
AYLESHA,F,6,0,2
AYLINE,F,3,0,1
AYMA,F,12,0,4
AYMAAN,M,54,0,18
AYMARA,F,3,0,1
AYMEE,F,13,0,4
AYMEN,F,33,0,11
AYMERIC,M,3,0,1
AYMIE,F,3,0,1
AYMIRA,F,3,0,1
AYNA,F,3,0,1
AYNI,F,6,0,2
AYNUR,F,7,0,2
AYO,M,9,0,3
AYOBAMI,F,17,3,17
AYOKUNLE,M,23,5,23
AYOKUNMI,F,6,0,2
AYOKUNMI,M,7,0,2
AYOMIPO,M,4,0,1
AYOMIPOSI,F,7,0,2
AYOMIPOSI,M,7,0,2
AYON,M,3,0,1
AYONA,F,3,0,1
AYONITEMI,M,3,0,1
AYOOB,M,31,6,31
AYOOLA,F,6,3,6
AYOOLUWA,F,10,0,3
AYOOLUWA,M,25,3,25
AYOTOMIWA,M,4,0,1
AYRAH,F,28,0,9
AYRAN,M,3,3,3
AYSA,F,9,3,9
AYSEGUL,F,25,3,25
AYSEM,F,3,0,1
AYSER,M,3,0,1
AYSHAH,F,128,4,128
AYSHEA,F,6,6,6
AYSU,F,30,0,10
AYTEN,F,6,6,6
AYUSHMA,F,6,0,2
AYUUB,M,163,3,163
AYVA,F,319,0,106
AYVAH,F,30,0,10
AYVA-MAE,F,3,0,1
AYVA-ROSE,F,3,0,1
AYYAAN,M,3,0,1
AYYAN,M,209,0,70
AYYASH,M,3,0,1
AYYAT,F,3,0,1
AYYOUB,M,9,3,9
AYZAH,F,34,0,11
AZAELIA,F,6,0,2
AZAHLIA,F,3,0,1
AZAI,M,7,0,2
AZAIAH,M,23,0,8
AZAL,F,3,0,1
AZALIA,F,18,0,6
AZALIAH,F,7,0,2
AZAN,M,179,6,179
AZANIA,F,4,0,1
AZARI,M,7,0,2
AZARIAH,F,106,5,106
AZAT,M,3,0,1
AZEALIA,F,3,0,1
AZEEMA,F,6,3,6
AZEEMAH,F,6,3,6
AZEEN,F,3,0,1
AZEEZAH,F,8,0,3
AZEEZAT,F,13,3,13
AZFAR,M,3,3,3
AZHAAN,M,9,0,3
AZHAAR,F,6,0,2
AZHAR,F,3,3,3
AZIB,M,3,3,3
AZIMA,F,24,4,24
AZITA,F,3,0,1
AZIYAH,M,3,0,1
AZIZE,F,3,0,1
AZKA,F,89,4,89
AZLAAN,M,36,0,12
AZMA,F,8,0,3
AZMAT,M,11,3,11
AZMEENA,F,3,3,3
AZMEER,M,3,0,1
AZRAF,M,3,0,1
AZRAH,F,9,0,3
AZRIEL,F,3,0,1
AZUOLAS,M,17,0,6
AZURA,F,34,6,34
AZWA,F,6,0,2
AZZA,F,3,0,1
AZZAH,F,4,0,1
AZZAM,M,23,0,8
AZZURRA,F,13,0,4
BAABA,F,3,0,1
BAANI,F,14,0,5
BAASIT,M,3,3,3
BABA,M,3,0,1
BABAFEMI,M,3,0,1
BABAN,M,3,0,1
BABER,M,3,3,3
BABETTE,F,4,0,1
BABUCARR,M,3,0,1
BADAL,M,3,0,1
BADAR,M,16,4,16
BADE,F,4,0,1
BADRIYA,F,4,0,1
BAE,F,3,0,1
BAE,M,3,0,1
BAFFOUR,M,6,0,2
BAHADAR,M,3,0,1
BAHAND,M,3,0,1
BAHARA,F,16,0,5
BAHEER,M,4,0,1
BAHEZ,M,4,0,1
BAHISHT,F,3,0,1
BAHJA,F,42,3,42
BAHOZ,M,3,0,1
BAI,M,21,0,7
BAIDEN,M,3,0,1
BAILEA,F,12,0,4
BAILEY-ANNE,F,3,0,1
BAILEY-JAY,M,40,0,13
BAILEY-JOE,M,3,0,1
BAILEY-LEE,M,16,0,5
BAILEY-MAE,F,16,0,5
BAILEY-MAI,F,9,0,3
BAILEY-MAY,F,15,0,5
BAILEY-RAE,F,63,0,21
BAILEY-RAE,M,17,0,6
BAILEY-RAY,M,20,0,7
BAILEY-ROSE,F,10,0,3
BAILIN,M,4,0,1
BAILY,F,3,0,1
BAKARI,M,6,0,2
BAKARY,M,23,0,8
BAKER,M,19,0,6
BAKHTIYAR,M,3,3,3
BAKIR,M,3,3,3
BAKO,M,3,0,1
BAKR,M,4,4,4
BALAAL,M,3,3,3
BALAJI,M,3,0,1
BALAZS,M,28,0,9
BALBIR,M,3,3,3
BALE,M,4,0,1
BALEN,M,11,0,4
BALIAN,M,10,0,3
BALINT,M,17,0,6
BALJEET,F,3,3,3
BALJINDER,F,4,4,4
BALJIT,F,10,4,10
BALJIT,M,3,0,1
BALJOT,M,3,0,1
BALLAL,M,6,6,6
BALPREET,F,9,3,9
BALQEES,F,4,0,1
BALRAM,M,4,4,4
BALROOP,M,3,0,1
BALSAM,F,3,0,1
BALTEJ,M,4,0,1
BALVEER,M,6,0,2
BAM,M,7,0,2
BANAN,F,3,0,1
BANE,M,11,0,4
BANEEN,F,8,0,3
BANEET,F,6,0,2
BANI,F,20,0,7
BANSARI,F,3,0,1
BANSI,F,6,3,6
BANSRI,F,3,3,3
BANUJAN,M,3,0,1
BAO,F,13,0,4
BAO,M,20,0,7
BAQIR,M,6,0,2
BARAA,F,7,0,2
BARAA,M,13,0,4
BARAKAH,F,21,0,7
BARAKAT,F,10,0,3
BARBORA,F,55,0,18
BARCLEY,M,6,0,2
BAREEN,F,6,0,2
BAREERA,F,48,6,48
BAREERAH,F,69,0,23
BAREZ,M,3,0,1
BARIMA,M,3,0,1
BARIN,F,27,0,9
BARIRA,F,3,0,1
BARIRAH,F,19,0,6
BARNES,M,14,0,5
BARTLOMIEJ,M,213,0,71
BARTON,M,6,6,6
BARTOSZ,M,706,0,235
BARUCH,M,17,0,6
BARUN,M,3,0,1
BARZAN,M,6,0,2
BASAK,F,10,0,3
BASEM,M,3,0,1
BASHAR,M,28,0,9
BASMAH,F,14,0,5
BASMALA,F,18,0,6
BASRA,F,3,0,1
BASSIM,M,3,0,1
BATOUL,F,14,0,5
BATUHAN,M,68,5,68
BATUL,F,17,3,17
BATYA,F,32,0,11
BAVISHA,F,3,0,1
BAVITA,F,4,4,4
BAVLEEN,F,3,0,1
BAVNEET,F,3,0,1
BAWAN,M,69,0,23
BAWAR,M,4,0,1
BAWER,M,4,0,1
BAY,M,90,0,30
BAYA,F,17,3,17
BAYDEN,M,44,0,15
BAYE,F,15,0,5
BAYE,M,4,0,1
BAYLEA,F,14,6,14
BAYLEIGH-MAE,F,4,0,1
BAYLEN,M,11,0,4
BAYRAM,M,16,3,16
BEATRISA,F,3,0,1
BEAUDEN,M,25,0,8
BEAU-LILY,F,4,0,1
BECKS,M,3,0,1
BEDIRHAN,M,27,0,9
BEDRAN,M,3,0,1
BEE,F,19,0,6
BEENISH,F,6,3,6
BEGW,F,22,0,7
BEHESHTA,F,10,0,3
BEHRAM,M,6,0,2
BEHZAD,M,17,0,6
BEILA,F,3,0,1
BEILY,F,3,0,1
BEJNA,F,9,0,3
BEKI,F,3,3,3
BEKIM,M,3,3,3
BELA,M,9,0,3
B'ELANNA,F,3,0,1
BELEN,F,16,6,16
BELIEVE,M,3,0,1
BELINAY,F,40,0,13
BELLA-ANN,F,3,0,1
BELLA-BEAU,F,7,0,2
BELLA-GRACE,F,19,0,6
BELLA-JADE,F,3,0,1
BELLA-LOUISE,F,44,0,15
BELLA-MAI,F,44,0,15
BELLA-MARIA,F,3,0,1
BELLA-MARIE,F,37,0,12
BELLANGE,F,3,0,1
BELLA-RAE,F,47,0,16
BELLA-RENEE,F,3,0,1
BELLAROSE,F,4,0,1
BELLA-ROSE,F,450,0,150
BENAIAH,M,53,3,53
BENARD,M,7,0,2
BENAZIR,F,3,0,1
BENDE,M,3,0,1
BENDEGUZ,M,5,0,2
BENEAMIN,M,7,0,2
BENEDEK,M,24,0,8
BENEDETTA,F,3,0,1
BENEDICT,F,6,0,2
BENHUR,M,3,0,1
BENIAH,M,3,0,1
BENIAMIN,M,106,0,35
BENJAMIM,M,6,0,2
BENJAMINE,M,6,0,2
BENJAMIN-JAMES,M,4,0,1
BENJIMIN,M,9,0,3
BENJY,M,18,0,6
BENTE,F,3,0,1
BENTLEE,M,3,0,1
BENTLY,M,4,0,1
BENYAMEEN,M,6,0,2
BENZION,M,7,3,7
BERAT,M,163,0,54
BERAY,F,3,0,1
BERCEM,F,3,0,1
BERDAN,M,47,3,47
BERENIKA,F,3,0,1
BERES,M,3,0,1
BERHAN,M,3,0,1
BERI,F,3,0,1
BERIL,F,14,0,5
BERIN,F,3,0,1
BERITAN,F,17,0,6
BERKIN,M,16,0,5
BERNA,F,6,6,6
BERRIN,F,3,0,1
BERZAN,M,29,0,10
BESIAN,M,4,0,1
BESIANA,F,3,0,1
BESTE,F,3,0,1
BETANIA,F,23,0,8
BETHANY-,F,3,0,1
BETHANY-MAI,F,3,0,1
BETHANY-MARIE,F,3,0,1
BETHANY-MAY,F,6,0,2
BETHANY-PAIGE,F,3,0,1
BETHINN,F,3,3,3
BETIM,M,3,3,3
BETSI,F,92,0,31
BETSY-BLU,F,3,0,1
BETSY-BO,F,3,0,1
BETSY-LOU,F,3,0,1
BETSY-MAE,F,15,0,5
BETSY-MAY,F,3,0,1
BETSY-RAE,F,8,0,3
BETSY-ROSE,F,14,0,5
BETTE,F,10,0,3
BETTY-LOU,F,4,0,1
BETTY-MAY,F,3,0,1
BETTY-ROSE,F,3,0,1
BETUEL,M,3,0,1
BETZALEL,M,12,0,4
BEVIN,F,5,0,2
BEVIN,M,4,0,1
BEXLEY,F,3,0,1
BEYLA,F,4,0,1
BEYONCE,F,113,0,38
BEYZA,F,103,3,103
BEYZANUR,F,3,0,1
BEZALEL,M,6,0,2
BEZAWIT,F,6,0,2
BHADRA,F,3,0,1
BHAIRAVI,F,3,3,3
BHARATH,M,3,0,1
BHARGAV,M,17,3,17
BHARGAVI,F,6,0,2
BHAVAN,F,3,0,1
BHAVAN,M,7,3,7
BHAVANA,F,3,0,1
BHAVANDEEP,M,6,6,6
BHAVDEEP,M,3,0,1
BHAVEN,M,3,0,1
BHAVI,F,4,0,1
BHAVISH,M,3,0,1
BHAVISHYA,F,3,0,1
BHAVJOT,M,3,0,1
BHAVNA,F,12,3,12
BHAVNEET,F,38,6,38
BHAVYA,F,59,0,20
BHAVYA,M,51,0,17
BHOOMI,F,14,0,5
BHUVAN,M,4,0,1
BHUVI,F,3,0,1
BIAGIO,M,3,0,1
BIANCA-MARIA,F,3,0,1
BIBIANA,F,31,0,10
BIDDY,F,3,0,1
BIJAN,M,9,3,9
BIJOU,F,11,0,4
BIKRAM,M,6,3,6
BIKRAMJIT,M,3,3,3
BILAN,F,41,6,41
BILAWAL,M,11,0,4
BILGE,F,4,0,1
BILLI,M,9,0,3
BILLIE-,F,3,0,1
BILLIE-ANN,F,6,3,6
BILLIE-ANNE,F,3,3,3
BILLIE-JANE,F,3,3,3
BILLIE-JOE,M,8,0,3
BILLIE-LEIGH,F,8,0,3
BILLIE-LOUISE,F,3,0,1
BILLIE-MAE,F,42,4,42
BILLIE-MAI,F,13,0,4
BILLIE-MARIE,F,9,3,9
BILLYBOB,M,3,0,1
BILLY-DEAN,M,12,3,12
BILLY-GEORGE,M,3,0,1
BILLY-JAY,M,36,0,12
BILLY-JOHN,M,3,0,1
BILLYLEE,M,3,0,1
BILLYRAY,M,3,0,1
BILQEES,F,13,0,4
BILQIS,F,33,0,11
BINA,F,11,0,4
BINAL,F,3,3,3
BINDI,F,4,0,1
BING,F,7,0,2
BING,M,3,0,1
BINIAM,M,3,0,1
BINKY,F,15,0,5
BINYAMEEN,M,53,3,53
BIPASHA,F,6,3,6
BIRRAH,F,3,0,1
BISHAN,M,4,0,1
BISOLA,F,6,0,2
BITA,F,3,0,1
BITANIA,F,9,0,3
BIVON,M,3,0,1
BLADEN,M,31,5,31
BLAIDD,M,3,0,1
BLAIKE,M,4,0,1
BLAKELEY,M,4,0,1
BLAKELY,M,39,0,13
BLAYDEN,M,3,0,1
BLAYKE,M,26,0,9
BLAYN,M,3,0,1
BLAYZE,F,3,3,3
BLAYZE,M,32,0,11
BLAZEJ,M,84,0,28
BLEN,F,7,0,2
BLEND,M,10,0,3
BLENDA,F,3,0,1
BLENDI,M,3,0,1
BLERIM,M,3,3,3
BLERON,M,7,3,7
BLERTON,M,7,0,2
BLIMA,F,30,0,10
BLIMI,F,72,0,24
BLIN,M,3,0,1
BLINA,F,3,0,1
BLOUSEY,F,3,0,1
BLOUSIE,F,3,0,1
BLUBELLE,F,7,0,2
BLU-BELLE,F,3,0,1
BLYSS,F,3,0,1
BOADICEA,F,8,0,3
BOBBI,M,130,0,43
BOBBIE-JADE,F,3,3,3
BOBBIE-LEE,M,3,0,1
BOBBIE-MAE,F,10,0,3
BOBBIE-ROSE,F,4,0,1
BOBBI-LEIGH,F,10,0,3
BOBBI-LOU,F,3,0,1
BOBBI-MAE,F,6,0,2
BOBBI-MARIE,F,3,0,1
BOBBI-ROSE,F,8,0,3
BOBBY-DEAN,M,3,0,1
BOBBY-GEORGE,M,11,0,4
BOBBY-JACK,M,36,0,12
BOBBY-JAI,M,8,0,3
BOBBY-JAMES,M,34,0,11
BOBBY-JAY,M,22,0,7
BOBBY-JO,F,9,3,9
BOBBYJOE,M,3,0,1
BOBBY-JOHN,M,5,0,2
BOBBY-LEE,M,133,0,44
BOBBY-RAY,M,34,0,11
BOBI,M,42,0,14
BODIE,F,4,0,1
BOGLARKA,F,6,0,2
BOHAN,M,12,0,4
BOHEN,M,3,0,1
BOJIDAR,M,4,0,1
BOLUWATIFE,F,96,4,96
BOLUWATIFE,M,98,4,98
BON,M,15,0,5
BONNI,F,19,0,6
BONNIE-BLU,F,3,0,1
BONNIE-BLUE,F,10,0,3
BONNIE-LEIGH,F,21,0,7
BONNIE-LOU,F,12,0,4
BONNIE-LOUISE,F,6,0,2
BONNIE-MAE,F,32,0,11
BONNIE-MAI,F,3,0,1
BONNIE-MARIE,F,7,0,2
BONNIE-MAY,F,28,0,9
BONNIE-RAE,F,19,0,6
BONNIE-ROSE,F,28,0,9
BORA,F,14,0,5
BORA,M,31,0,10
BORAN,M,78,0,26
BORIL,M,3,0,1
BORISLAV,M,16,0,5
BORYS,M,240,0,80
BOSHRA,F,3,0,1
BOTAN,M,22,0,7
BOTOND,M,26,0,9
BOUCHRA,F,10,0,3
BOUDICCA,F,10,0,3
BOUX,F,11,0,4
BOW,F,131,0,44
BOW,M,8,0,3
BOWDEN,M,3,0,1
BOWE,F,6,0,2
BOWE,M,4,0,1
BOWIE,F,10,0,3
BOYAN,M,19,0,6
BOZENA,F,4,4,4
BOZHIDARA,F,4,0,1
BRADEY,M,3,0,1
BRADLEY-JAMES,M,8,0,3
BRADLEY-JOHN,M,4,0,1
BRADYN,M,12,0,4
BRAE,F,3,0,1
BRAEDAN,M,19,0,6
BRAEDEN,M,133,4,133
BRAEDYN,M,14,0,5
BRAELYN,F,3,0,1
BRAELYN,M,3,0,1
BRAHIM,M,3,0,1
BRAIAN,M,3,0,1
BRAIDAN,M,7,0,2
BRAIDEN-LEE,M,3,0,1
BRAIDON,M,38,0,13
BRAIDY,F,3,0,1
BRAIDY,M,25,3,25
BRAIENS,M,8,0,3
BRAITH,M,3,0,1
BRAJAN,M,54,0,18
BRAJEN,M,3,0,1
BRAMLEY,M,5,0,2
BRANDEN-LEE,M,8,0,3
BRANDON-JAMES,M,10,0,3
BRANDON-LEIGH,M,6,0,2
BRANON,M,3,0,1
BRANSON,M,3,0,1
BRAULIO,M,3,0,1
BRAXSON,M,3,0,1
BRAXSTON,M,3,0,1
BRAY,F,3,0,1
BRAYAN,M,79,0,26
BRAYDEN-LEE,M,11,0,4
BRAYDN,M,16,0,5
BRAYEN,M,9,0,3
BRAYLAN,M,3,0,1
BRAYLEIGH,F,3,0,1
BRAYLEN,M,11,0,4
BRAYLIN,M,5,0,2
BRAYLON,M,12,0,4
BRAYSON,M,3,0,1
BREAGH,F,3,0,1
BRECKIN,M,3,0,1
BREEANNA,F,14,0,5
BREEYA,F,7,0,2
BREEZE,M,3,0,1
BREINDEL,F,3,0,1
BREINDY,F,16,0,5
BRENTLEY,M,3,0,1
BRESHNA,F,3,0,1
BREYA,F,10,0,3
BREYANA,F,3,0,1
BREYANNA,F,3,0,1
BREYDON,M,3,0,1
BRIALLEN,F,3,0,1
BRIANIE,F,3,0,1
BRIANNA-LEIGH,F,3,0,1
BRIANY,F,12,0,4
BRIAR-ROSE,F,14,0,5
BRIDE,F,6,3,6
BRIDIE-LEIGH,F,4,0,1
BRIELLA,F,33,0,11
BRIER,F,5,0,2
BRIHANNA,F,41,0,14
BRIJESH,M,10,0,3
BRILEY,F,10,0,3
BRILEY,M,23,0,8
BRIN,M,3,0,1
BRINDA,F,3,0,1
BRINLEY,F,3,0,1
BRISEIS,F,5,0,2
BRISHNA,F,3,0,1
BRISHTI,F,3,0,1
BRITANIA,F,10,0,3
BRITANNI,F,3,3,3
BRITENY,F,6,3,6
BRITHANY,F,3,0,1
BRODEE,F,6,0,2
BRODEY,F,3,0,1
BRODIE-LEE,M,14,0,5
BRODY-LEE,M,22,0,7
BROGAN-LEE,M,4,0,1
BROGUN,M,3,0,1
BROMLEY,F,3,0,1
BRONTIE,F,6,0,2
BROOKE-AMELIA,F,3,0,1
BROOKE-ELISE,F,3,0,1
BROOKE-LEA,F,3,0,1
BROOKE-LEIGH,F,35,0,12
BROOKE-LOUISE,F,21,0,7
BROOKELYN,F,14,3,14
BROOKE-LYN,F,4,0,1
BROOKE-LYNN,F,3,0,1
BROOKE-MARIE,F,15,0,5
BROOKE-ROSE,F,3,0,1
BROOKLAN,M,3,0,1
BROOKLYN-LEE,M,3,0,1
BROOKLYN-MAI,F,3,0,1
BROOKLYNNE,F,12,0,4
BROOKLYN-ROSE,F,3,0,1
BROOKS,M,10,0,3
BRUK,M,8,0,3
BRUNELLA,F,3,0,1
BRYANY,F,19,6,19
BRYCE,F,11,0,4
BRYDON,M,15,0,5
BRYLEE,F,10,0,3
BRYLEIGH,F,6,0,2
BRYNA,F,3,0,1
BRYNLEE,M,4,0,1
BUCKLEY,M,8,0,3
BUDDIE,M,9,0,3
BUDDUG,F,12,6,12
BUKHARI,M,10,0,3
BULUT,M,7,0,2
BUNTY,F,3,0,1
BUPE,F,3,0,1
BURCIN,F,3,0,1
BURHAAN,M,23,0,8
BURHANUDDIN,M,55,3,55
BURTON,M,11,0,4
BUSBY,M,10,0,3
BUSHRAA,F,9,0,3
BUSHRAH,F,10,0,3
BYREN,M,3,0,1
C,M,45,0,15
CACEY,F,32,0,11
CADANCE,F,7,0,2
CADE,F,3,0,1
CADEE,F,34,0,11
CADEL,M,17,0,6
CADEN,F,19,0,6
CADEN-JAMES,M,3,0,1
CADEN-LEE,M,3,0,1
CADHLA,F,9,0,3
CADIE-LEIGH,F,8,0,3
CADI-MAI,F,3,0,1
CADON,M,6,0,2
CADYN,M,14,0,5
CAE,M,3,0,1
CAEDAN,M,13,0,4
CAEDMON,M,4,0,1
CAEDYN,M,3,0,1
CAELA,F,7,0,2
CAELAB,M,3,0,1
CAELI,F,3,0,1
CAELYN,F,41,0,14
CAETANO,M,4,0,1
CAGAN,M,26,0,9
CAGDAS,M,9,3,9
CAHAL,M,9,6,9
CAHILL,M,4,0,1
CAI,F,15,3,15
CAIA,F,70,3,70
CAIAN,M,62,0,21
CAID,M,7,0,2
CAIDE,M,4,0,1
CAIDENCE,F,13,0,4
CAIDEN-JAMES,M,3,0,1
CAIDEN-LEE,M,10,0,3
CAIDON,M,26,0,9
CAILA,F,20,0,7
CAILIN,M,3,0,1
CAIRON,M,126,5,126
CAISHA,F,5,0,2
CAISON,M,22,0,7
CAITIE,F,9,0,3
CAITLIN-JO,F,3,0,1
CAITLIN-MAE,F,4,0,1
CAITLIN-MARIE,F,3,0,1
CAITLIN-ROSE,F,22,0,7
CAITLYN-ROSE,F,3,0,1
CAIYA,F,3,0,1
CALEB-JAMES,M,9,0,3
CALEESI,F,4,0,1
CALI,M,4,0,1
CALIA,F,9,0,3
CALIANA,F,3,0,1
CALICO,F,3,0,1
CALIN,M,39,0,13
CALINA,F,3,0,1
CALISSA,F,9,0,3
CALIX,M,8,0,3
CALIXTE,M,3,0,1
CALLIA,F,45,0,15
CALLIE-MAE,F,14,0,5
CALLIE-MAI,F,6,0,2
CALLIE-MAY,F,9,0,3
CALLIE-RAE,F,3,0,1
CALLIE-ROSE,F,11,0,4
CALLIUM,M,3,0,1
CALLON,M,3,3,3
CALLUM-JAMES,M,42,0,14
CALLUM-JAY,M,11,0,4
CALLUM-JOHN,M,7,0,2
CALLY,M,6,6,6
CALOGERO,M,9,3,9
CALON,M,15,0,5
CALVERT,M,3,0,1
CALVYN,M,3,0,1
CALYB,M,3,0,1
CAMARAN,M,3,0,1
CAMARI,M,8,0,3
CAMDEN,F,3,0,1
CAMEREN,F,3,0,1
CAMEREN,M,19,4,19
CAMERON-JAY,M,7,0,2
CAMERON-LEE,M,31,0,10
CAMI-LEIGH,F,3,0,1
CAMI-LI,F,5,0,2
CAMILLE,M,18,3,18
CAMILO,M,60,3,60
CAMRYN,M,11,0,4
CANAN,F,9,6,9
CANDEECE,F,3,0,1
CANDELA,F,6,0,2
CANDI,F,3,3,3
CANDIDA,F,3,3,3
CANDISE,F,3,0,1
CARAH,F,10,0,3
CARA-JANE,F,3,0,1
CARA-LEIGH,F,3,0,1
CARA-LOUISE,F,14,0,5
CARA-MAE,F,3,0,1
CARA-MAI,F,3,0,1
CARA-ROSE,F,3,0,1
CAREN,F,9,3,9
CARI-ANN,F,3,3,3
CARIDEE,F,3,0,1
CARIN,F,3,0,1
CARINE,F,13,3,13
CARINNA,F,3,0,1
CARISMA,F,3,0,1
CARLISA,F,3,0,1
CARLISHA,F,6,6,6
CARLISLE,M,22,0,7
CARL-JAMES,M,3,0,1
CARL-JUNIOR,M,7,0,2
CARLSON,M,9,0,3
CARLY-ANNE,F,3,3,3
CARLY-JANE,F,3,0,1
CARLY-RAE,F,3,0,1
CARLY-ROSE,F,5,0,2
CARMELITA,F,3,0,1
CARMELLA,F,92,4,92
CARMELLE,F,11,0,4
CARMINA,F,12,0,4
CARNELL,M,12,0,4
CARNEY,M,6,0,2
CAROLA,F,3,3,3
CAROLYNE,F,3,0,1
CARRINA,F,6,3,6
CARSEN,M,25,0,8
CARSON,F,8,0,3
CARSON-JAMES,M,3,0,1
CARSON-LEE,M,3,0,1
CARSTEN,M,11,0,4
CARTER,F,3,0,1
CARTER-JAE,M,4,0,1
CARTER-JAMES,M,33,0,11
CARTER-JAY,M,7,0,2
CARTER-LEE,M,12,0,4
CARTIER,M,3,0,1
CARVER,M,3,0,1
CARY,F,3,0,1
CARYN,F,8,0,3
CAS,M,3,0,1
CASEN,M,8,0,3
CASEY-,F,3,0,1
CASEY-ANN,F,3,0,1
CASEY-JAMES,M,4,0,1
CASEY-JAY,M,3,0,1
CASEY-JAYNE,F,7,3,7
CASEY-JO,F,28,4,28
CASEY-LEA,F,9,6,9
CASEYLEE,F,5,0,2
CASEY-LEE,F,31,3,31
CASEYLEIGH,F,8,0,3
CASEY-LOUISE,F,3,0,1
CASEY-MAE,F,42,0,14
CASEY-MAI,F,16,0,5
CASEY-MARIE,F,11,0,4
CASEY-MAY,F,50,0,17
CASEY-RAE,F,3,0,1
CASI,F,69,0,23
CASIANA,F,3,0,1
CASIE-LEIGH,F,7,0,2
CASIM,M,3,3,3
CASON,M,54,0,18
CASSADY,F,6,0,2
CASSIDIE,F,3,0,1
CASSIDY-ROSE,F,4,0,1
CASSIE-ANN,F,3,3,3
CASSIE-LEIGH,F,3,0,1
CASSIE-MAI,F,4,0,1
CASSIEN,M,3,0,1
CASSIOPEIA,F,29,0,10
CASTRO,M,3,0,1
CATALEYA,F,66,0,22
CATALIN,M,9,0,3
CATELYNN,F,3,0,1
CATHARINA,F,3,0,1
CATTALEYA,F,3,0,1
CATTLEYA,F,22,0,7
CAUA,M,7,0,2
CAULEY,M,21,0,7
CAVELL,M,47,0,16
CAYA,F,6,0,2
CAYAN,M,16,0,5
CAYCE,F,4,0,1
CAYCE,M,3,0,1
CAYCEE,F,6,0,2
CAYCIE,F,3,0,1
CAYDAN,M,43,0,14
CAYDENCE,F,29,0,10
CAYDEN-JAMES,M,9,0,3
CAYDEN-JAY,M,3,0,1
CAYDEN-LEE,M,3,0,1
CAYDIE,F,3,0,1
CAYDN,M,9,0,3
CAYENNE,F,3,0,1
CAYLAN,M,61,3,61
CAYLE,M,7,0,2
CAYLEE,F,38,0,13
CAYLEN,M,41,0,14
CAYLIN,F,7,0,2
CAYLON,M,6,0,2
CAYNE,M,9,6,9
CAYO,M,6,0,2
CAYSIE,F,7,0,2
CAYSON,M,82,0,27
CAYTLIN,F,3,0,1
CE,F,3,0,1
CEBRAIL,M,3,0,1
CEDAR,M,3,0,1
CEDRI,M,3,0,1
CEE,M,3,3,3
CEE-JAY,F,3,3,3
CEE-JAY,M,19,4,19
CEI,M,3,3,3
CEIAN,M,16,0,5
CEJAY,F,3,3,3
CEJAY,M,4,0,1
CELAL,M,3,3,3
CELENA,F,10,0,3
CELSEY,F,26,6,26
CELTON,M,3,0,1
CELVIN,M,3,3,3
CEMALIYE,F,3,3,3
CEMILE,F,13,4,13
CEMLYN,M,8,0,3
CEMRE,F,28,0,9
CENGIZ,M,20,6,20
CENGIZHAN,M,6,3,6
CEPHAS,M,3,0,1
CERI-ANNE,F,6,3,6
CERINE,F,12,0,4
CERYS-ANN,F,3,0,1
CESCA,F,3,0,1
CESUR,M,3,0,1
CET,F,3,0,1
CETIN,M,4,0,1
CEYHAN,M,17,6,17
CEYHUN,M,12,4,12
CEYLA,F,3,0,1
CEZARA,F,3,0,1
CHAAYA,F,4,0,1
CHACE,F,6,6,6
CHADWICK,M,3,0,1
CHAHAT,F,24,0,8
CHAICE,M,9,0,3
CHAIMA,F,3,0,1
CHAISE,M,70,3,70
CHAITANYA,M,12,0,4
CHAITRA,F,3,0,1
CHAIYA,F,3,0,1
CHALLIS,M,3,3,3
CHAM,F,3,0,1
CHAMPAGNE,F,3,0,1
CHANADE,F,6,0,2
CHANAE,F,46,0,15
CHANAH,F,3,0,1
CHANAIS,F,6,0,2
CHANAN,M,3,0,1
CHANAY,F,26,6,26
CHANAYA,F,4,0,1
CHANAYE,F,3,0,1
CHAND,F,9,3,9
CHANDA,F,4,4,4
CHANDANI,F,14,6,14
CHANDON,F,3,0,1
CHANDRESH,M,3,3,3
CHANDRIKA,F,3,3,3
CHANIEL,M,4,0,1
CHANIQUE,F,6,0,2
CHANIYA,F,9,0,3
CHANNING,M,51,0,17
CHANPREET,F,4,0,1
CHANSE,M,4,0,1
CHANTA,F,3,3,3
CHANTILLY,F,12,0,4
CHANYA,F,6,0,2
CHARAN,F,3,0,1
CHARAN,M,34,3,34
CHARDAE,F,17,5,17
CHARDAI,F,3,0,1
CHARDANNAY,F,3,0,1
CHARDAY,F,7,7,7
CHARDENAY,F,6,0,2
CHARDONAI,F,3,0,1
CHARDONAY,F,57,3,57
CHARDONNAI,F,3,0,1
CHARDONNAY,F,463,3,463
CHARICE,F,6,3,6
CHARISMA,F,66,6,66
CHARISSA,F,39,5,39
CHARL,M,6,0,2
CHARLES-JUNIOR,M,3,0,1
CHARLEY-JADE,F,3,0,1
CHARLEY-JO,F,12,3,12
CHARLEY-MAE,F,32,0,11
CHARLEY-MARIE,F,3,3,3
CHARLEY-MAY,F,6,0,2
CHARLEY-RAE,F,3,0,1
CHARLEY-ROSE,F,14,0,5
CHARLI,M,35,0,12
CHARLI-ANNE,F,9,0,3
CHARLIE-,F,3,3,3
CHARLIEANN,F,3,0,1
CHARLIE-CRAIG,M,3,0,1
CHARLIE-DEAN,M,6,0,2
CHARLIEE,F,9,0,3
CHARLIEGH,F,6,3,6
CHARLIE-J,M,3,0,1
CHARLIE-JACK,M,38,0,13
CHARLIE-JADE,F,6,3,6
CHARLIE-JAY,M,80,0,27
CHARLIE-JOE,M,44,0,15
CHARLIE-JOHN,M,17,0,6
CHARLIE-JUNIOR,M,4,0,1
CHARLIE-MAE,F,29,0,10
CHARLIE-MAI,F,6,0,2
CHARLIE-MARIE,F,7,3,7
CHARLIE-MAY,F,41,0,14
CHARLIE-RAE,F,7,0,2
CHARLIE-ROSE,F,24,0,8
CHARLINA,F,3,0,1
CHARLINE,F,9,6,9
CHARLISE,F,10,0,3
CHARLOTTA,F,3,0,1
CHARLOTTE-ANN,F,9,6,9
CHARLOTTE-MARIE,F,3,3,3
CHARLYN,F,3,0,1
CHARNAE,F,3,0,1
CHARNE,F,3,3,3
CHARNEL,F,3,3,3
CHARNIE,F,7,3,7
CHARVI,F,51,0,17
CHASEY,M,7,0,2
CHASKA,M,3,3,3
CHAVE,F,3,0,1
CHAVI,F,66,6,66
CHAVY,F,3,0,1
CHAWAN,F,4,0,1
CHAYCE,F,6,3,6
CHAYCE,M,84,0,28
CHAYDEN,M,4,0,1
CHAYE,F,13,3,13
CHAYIM,M,6,0,2
CHAYLA,F,3,0,1
CHAYSE,M,123,0,41
CHAYTON,M,32,0,11
CHEICK,M,3,0,1
CHELSEA-MAI,F,3,0,1
CHELSEA-MAY,F,11,3,11
CHELSEY-MAY,F,3,0,1
CHENAE,F,9,0,3
CHENAY,F,13,3,13
CHENAYA,F,3,0,1
CHENAYE,F,4,0,1
CHENE,F,3,0,1
CHENI,F,8,0,3
CHENILLE,F,29,3,29
CHENOA,F,11,3,11
CHERAE,F,3,3,3
CHEREE,F,3,3,3
CHERIDAN,F,3,3,3
CHERIECE,F,3,3,3
CHERNICE,F,3,3,3
CHERNO,M,9,0,3
CHERRY-LEIGH,F,3,0,1
CHERRY-ROSE,F,3,0,1
CHESKEL,M,4,0,1
CHET,M,3,0,1
CHETNA,F,3,3,3
CHEVY,F,3,0,1
CHEYA,F,4,0,1
CHEYANNA,F,3,0,1
CHHAYA,F,12,3,12
CHIA,F,4,0,1
CHIAGOZIEM,M,9,0,3
CHIAMANDA,F,3,0,1
CHIANNA,F,10,4,10
CHIBUEZE,M,32,0,11
CHIBUIKEM,M,27,0,9
CHIBUZO,M,4,0,1
CHICO,M,3,0,1
CHIDERA,F,121,3,121
CHIDERA,M,55,0,18
CHIDIEBUBE,M,3,0,1
CHIDIMA,F,3,0,1
CHIDINDU,M,4,0,1
CHIDINMA,F,66,6,66
CHIDOZIE,M,3,0,1
CHIDUMEBI,F,3,0,1
CHIEDZA,F,51,0,17
CHIEF,M,3,0,1
CHIEMEKA,M,3,0,1
CHIEMENA,M,3,0,1
CHIGOZIRIM,M,4,0,1
CHIKA,M,3,0,1
CHIKAIMA,F,3,0,1
CHIKAMSO,F,10,0,3
CHIKEZIE,M,3,0,1
CHIMA,M,26,0,9
CHIMAMANDA,F,62,0,21
CHIMAOBIM,M,3,0,1
CHIME,M,3,0,1
CHINAZA,F,24,0,8
CHINEDUM,F,3,0,1
CHINEDUM,M,29,6,29
CHINELO,F,23,3,23
CHINEMELUM,M,3,0,1
CHINEMEREM,F,3,0,1
CHINENYE,F,45,5,45
CHINMAYI,F,10,0,3
CHINONYE,F,3,0,1
CHINONYELUM,F,4,0,1
CHINONYEREM,F,3,0,1
CHINUA,M,9,0,3
CHINYERE,F,21,4,21
CHIONE,F,3,0,1
CHIRAAG,M,6,6,6
CHIZARAM,F,79,0,26
CHIZITARA,F,3,0,1
CHLOE-,F,24,4,24
CHLOEE,F,18,5,18
CHLOE-GRACE,F,4,0,1
CHLOE-JO,F,7,0,2
CHLOE-LEE,F,3,0,1
CHLOE-MAI,F,35,0,12
CHLOE-NICOLE,F,3,0,1
CHLOE-PAIGE,F,3,0,1
CHLOE-RAE,F,3,0,1
CHLOE-SOPHIA,F,3,0,1
CHRA,F,3,0,1
CHRIS-JUNIOR,M,3,0,1
CHRISTALLA,F,6,6,6
CHRISTEN,F,9,6,9
CHRISTEN,M,3,0,1
CHRISTIANAH,F,6,0,2
CHRISTO,M,55,0,18
CHRISTOFER,M,3,0,1
CHRISTON,M,4,0,1
CHRISTOPH,M,16,6,16
CHRISTOPHER-JAMES,M,27,0,9
CHRISTOPHER-JAY,M,3,0,1
CHRISTOPHER-JUNIOR,M,11,0,4
CHRYSTELLE,F,3,3,3
CHUKWUDUBEM,M,16,0,5
CHUKWUDUMEBI,F,8,0,3
CHUKWUEBUKA,M,43,0,14
CHUKWUMA,M,29,3,29
CHUNG,M,6,6,6
CHYAN,F,4,0,1
CHYANN,F,3,0,1
CHYANNA,F,3,0,1
CHYENNE,F,8,0,3
CHYNA-ROSE,F,11,0,4
CIA,F,9,0,3
CIANN,F,3,0,1
CIAR,F,6,6,6
CIARA-LEIGH,F,14,0,5
CIARNA,F,3,0,1
CIEANNA,F,3,0,1
CIEL,F,3,0,1
CIENA,F,7,0,2
CIENNA-ROSE,F,9,0,3
CIEREN,M,3,3,3
CIERRA,F,9,0,3
CIGDEM,F,4,4,4
CINAR,M,167,0,56
CION,M,3,0,1
CIRA,F,43,6,43
CIRAN,M,9,0,3
CIRON,M,3,0,1
CISSY,F,9,0,3
CIVAN,M,6,0,2
CIYA,F,6,0,2
CJ,F,4,0,1
CJ,M,106,3,106
CJAY,M,32,0,11
C-JAY,M,63,3,63
CLAITON,M,3,3,3
CLANCY,F,3,0,1
CLARABELLE,F,16,0,5
CLARA-ROSE,F,17,0,6
CLARKE,F,3,0,1
CLEMMIE,F,7,0,2
CLEON,M,6,0,2
CLEONA,F,19,0,6
CLIRIM,M,3,3,3
COADY,F,3,0,1
COAST,M,3,0,1
COBEY,M,205,0,68
COBY-JAMES,M,16,0,5
COBY-JAY,M,14,0,5
COBY-LEE,M,10,0,3
COBY-RAY,M,3,0,1
CODEE,F,3,0,1
CODEI,M,4,0,1
CODEN,M,24,0,8
CODEY-LEE,M,3,0,1
CODIE-JAMES,M,7,0,2
CODIE-LEIGH,F,16,0,5
CODY-JAMES,M,29,0,10
CODY-JAY,M,43,0,14
CODY-RAY,M,3,0,1
COHAN-JAY,M,3,0,1
COLBEY,M,19,0,6
COLBY-LEE,M,4,0,1
COLETON,M,10,0,3
COLEY,F,3,0,1
COLEY,M,8,0,3
CONCETTA,F,3,3,3
CONIE,F,3,0,1
CONLEY,M,9,0,3
CONN,M,10,3,10
CONNAH,F,3,3,3
CONNER-LEE,M,3,0,1
CONNI,F,3,0,1
CONNIE-LEIGH,F,13,0,4
CONNIE-LOUISE,F,6,0,2
CONNIE-MAI,F,4,0,1
CONNIE-MARIE,F,3,0,1
CONNIE-RAE,F,14,0,5
CONNOR,F,4,4,4
CONNOR-JAMES,M,60,0,20
CONNOR-JAY,M,18,0,6
CONNOR-JOE,M,3,0,1
CONNORLEE,M,3,3,3
CONOR-JAMES,M,3,0,1
CONSTANCA,F,3,0,1
CONSTANDINA,F,3,3,3
CONSTANTIA,F,6,0,2
CONSTANTINA,F,21,0,7
CONSTANTINO,M,20,0,7
COOPER,F,13,0,4
CORAL-ANNE,F,3,0,1
CORA-LEIGH,F,6,0,2
CORA-MAE,F,3,0,1
CORA-RAE,F,3,0,1
CORBON,M,9,0,3
CORDE,M,5,0,2
COREN,F,4,4,4
COREY-JAY,M,35,3,35
COREY-LEE,M,77,0,26
COREY-LEIGH,M,3,0,1
COREY-TAYLOR,M,3,0,1
CORRADO,M,9,0,3
CORREN,F,5,5,5
CORRON,M,3,3,3
CORTEZ,M,30,0,10
CORUM,M,6,0,2
COSETTE,F,5,0,2
COSKUN,M,7,7,7
COSMIN,M,29,0,10
COSMOS,M,3,0,1
COSTA,M,3,0,1
COSTANTINO,M,6,0,2
COSTANZA,F,5,0,2
COSTAS,M,7,0,2
COULTON,M,3,0,1
COURTENAY,M,5,5,5
COURTNEY-,F,3,0,1
COURTNEY-JAYNE,F,4,0,1
COURTNEY-JO,F,3,3,3
COURTNEY-LEA,F,3,0,1
COURTNEY-MAE,F,3,0,1
COURTNEY-MAY,F,17,0,6
COURTNI,F,4,4,4
COURTNY,F,8,3,8
COVE,M,3,0,1
COVEY,M,10,0,3
CRAIG-JUNIOR,M,6,0,2
CREW,M,6,0,2
CREWE,M,4,0,1
CRIMEA,M,6,0,2
CRIMSON,F,3,0,1
CRINA,F,3,0,1
CRISTAL,F,39,6,39
CRISTELLE,F,3,0,1
CRISTIANA,F,48,6,48
CROSBY,M,10,0,3
CROYDE,M,16,0,5
CRUE,M,6,0,2
CRUISE,M,6,0,2
CRUIZ,M,11,0,4
CRUIZE,M,6,0,2
CRUZ,F,3,0,1
CRUZE,M,32,0,11
CRYSTA,F,3,3,3
CRYSTABEL,F,3,0,1
CRYSTAL-ROSE,F,17,0,6
CRYSTEL,F,3,0,1
CRYSTELLE,F,3,0,1
CSABA,M,10,0,3
CSENGE,F,24,0,8
CUMA,M,3,0,1
CURTLY,M,3,3,3
CUSHLA,F,7,0,2
CYAN,M,7,0,2
CYANNA,F,3,0,1
CYD,F,3,0,1
CYPRIAN,M,131,0,44
CYPRIEN,M,4,0,1
CYRAN,M,7,0,2
CYRINE,F,7,0,2
CYRON,M,10,0,3
CYRYL,M,3,0,1
D,M,3,0,1
D',M,7,0,2
DA,F,3,0,1
DAAN,M,3,0,1
DAANIA,F,53,0,18
DAANIYA,F,9,0,3
DAANIYAL,M,7,0,2
DAANYA,F,55,0,18
DABAN,M,3,0,1
DACIAN,M,7,0,2
DACRE,M,3,0,1
DAEJON,M,3,0,1
DAEVON,M,3,0,1
DAFFYD,M,3,0,1
DAFFYDD,M,8,0,3
DAFI,M,3,0,1
DAFINA,F,4,0,1
DAFNE,F,7,0,2
DAFYD,M,3,3,3
DAGIM,M,3,0,1
DAHA,M,3,0,1
DAHABO,F,3,0,1
DAHAT,M,3,0,1
DAHEN,M,30,0,10
DAHNISH,M,3,3,3
DAIANA,F,46,0,15
DAIJA,F,7,0,2
DAIJON,M,19,0,6
DAIM,M,3,0,1
DAIMON,M,4,0,1
DAISEE,F,3,0,1
DAISHA,F,28,4,28
DAISI,F,25,3,25
DAISIE-MAE,F,69,0,23
DAISIE-MAI,F,11,0,4
DAISIE-MAY,F,8,0,3
DAISIE-RAE,F,3,0,1
DAISY-,F,31,0,10
DAISY-ANN,F,29,0,10
DAISY-ANNE,F,10,0,3
DAISY-BEAU,F,11,0,4
DAISY-BELLE,F,15,0,5
DAISY-BO,F,3,0,1
DAISY-BOO,F,10,0,3
DAISY-GRACE,F,44,0,15
DAISY-JADE,F,3,0,1
DAISY-JANE,F,20,0,7
DAISY-JAYNE,F,8,0,3
DAISY-LEA,F,17,0,6
DAISY-LEE,F,7,0,2
DAISY-LOU,F,43,0,14
DAISY-LOUISE,F,17,0,6
DAISY-MARIE,F,19,0,6
DAISYMAY,F,19,0,6
DAISY-RAE,F,54,0,18
DAISY-ROSE,F,44,0,15
DAISY-SUE,F,3,0,1
DAITHI,M,9,0,3
DAITON,M,60,0,20
DAIYA,F,4,0,1
DAIYAAN,M,24,0,8
DAIYAN,M,41,0,14
DAIZIE,F,3,0,1
DAJAN,M,3,0,1
DAJANA,F,9,0,3
DAJUAN,M,3,0,1
DAKARAI,M,20,0,7
DAKOTAH,F,3,0,1
DAKOTA-ROSE,F,3,0,1
DAKSH,M,125,0,42
DAKSHA,F,9,0,3
DALANDA,F,3,0,1
DALEEP,M,3,0,1
DALHA,M,4,0,1
DALI,F,18,3,18
DALI,M,9,0,3
DALILAH,F,3,0,1
DALISHA,F,4,0,1
DALIYA,F,7,0,2
DALIYAH,F,3,0,1
DALJINDER,F,3,3,3
DALJIT,F,4,0,1
DALJIT,M,6,3,6
DALLAN,M,3,3,3
DALRAJ,M,3,3,3
DALVINDER,M,6,3,6
DALZIEL,M,7,0,2
DAMANDEEP,M,3,0,1
DAMANPREET,F,3,0,1
DAMANVEER,M,3,0,1
DAMARAE,M,4,0,1
DAMARI,M,82,0,27
DAMARIO,M,23,0,8
DAMARION,M,3,0,1
DAMARISA,F,7,0,2
DAMARLEY,M,3,0,1
DAMARNI,M,9,0,3
DAMEER,M,4,0,1
DAMEON,M,4,0,1
DAMIA,F,3,3,3
DAMIANA,F,3,0,1
DAMIANO,M,8,0,3
DAMIKA,F,3,3,3
DAMILARE,M,7,0,2
DAMIR,M,40,0,13
DAMITA,F,3,0,1
DANA,M,26,0,9
DANAI,M,7,0,2
DANAIL,M,4,0,1
DANAIT,F,7,0,2
DANANN,M,3,0,1
DANAR,M,24,0,8
DANE,F,3,0,1
DANEEL,M,6,0,2
DANEEN,F,53,0,18
DANEIL,M,6,3,6
DANEL,M,3,0,1
DANER,M,3,0,1
DANETTE,F,3,0,1
DANIAH,F,7,0,2
DANIEL-JOSEPH,M,3,0,1
DANIEL-JUNIOR,M,19,0,6
DANIELS,M,147,0,49
DANII,F,3,3,3
DANIIL,M,114,0,38
DANIILS,M,7,0,2
DANIL,M,50,0,17
DANILA,M,42,0,14
DANIS,M,10,0,3
DANITA,F,22,3,22
DANIYA,F,99,3,99
DANIYAH,F,56,4,56
DANNAN,F,4,0,1
DANNAN,M,3,0,1
DANNI,M,3,3,3
DANNIEL,M,9,6,9
DANNII-LEIGH,F,3,0,1
DANNI-MARIE,F,3,0,1
DANNISH,M,3,0,1
DANNON,F,4,4,4
DANNY-JAMES,M,4,0,1
DANNY-JAY,M,9,0,3
DANNY-JOE,M,3,0,1
DANNY-JUNIOR,M,6,0,2
DANNYLEE,M,11,0,4
DANSON,M,3,0,1
DANTAE,M,36,0,12
DANTAY,M,8,0,3
DANTE,F,9,6,9
DANUSH,M,3,0,1
DANUSHAN,M,3,0,1
DANUT,M,3,0,1
DANUTA,F,3,0,1
DANVEER,M,9,0,3
DANY,M,26,0,9
DANYAH,F,4,0,1
DANYAR,M,22,0,7
DANYEL,M,10,4,10
DANYL,M,77,0,26
DANYLO,M,11,0,4
DAOOD,M,3,3,3
DAOUDA,M,3,0,1
DAPHNA,F,4,0,1
DAQUAN,M,3,0,1
DARASIMI,F,7,0,2
DARASIMI,M,3,0,1
DARCEY,M,28,0,9
DARCEY-LEE,F,3,0,1
DARCEY-LEIGH,F,20,0,7
DARCEY-MAE,F,37,0,12
DARCEY-MAI,F,19,0,6
DARCEY-MAY,F,30,0,10
DARCEY-RAE,F,12,0,4
DARCEY-ROSE,F,29,0,10
D'ARCIE,F,3,3,3
DARCIE-BEAU,F,3,0,1
DARCIE-GRACE,F,4,0,1
DARCIE-JANE,F,3,0,1
DARCIE-JO,F,4,0,1
DARCIE-LEA,F,3,0,1
DARCIE-LEIGH,F,36,0,12
DARCIE-LOUISE,F,9,0,3
DARCIE-MAI,F,48,0,16
DARCIE-MARIE,F,3,0,1
DARCIE-MAY,F,25,0,8
DARCIE-RAE,F,56,0,19
DARCIE-ROSE,F,76,0,25
DARCI-LEIGH,F,3,0,1
DARCI-MAE,F,3,0,1
DARCI-MAI,F,6,0,2
DARCI-MAY,F,6,0,2
DARCI-RAE,F,3,0,1
DARCI-ROSE,F,3,0,1
DARCY-ANN,F,3,0,1
DARCY-ELLA,F,3,0,1
DARCY-LEIGH,F,35,0,12
DARCY-MAE,F,76,0,25
DARCY-MAI,F,12,0,4
DARCY-MAY,F,42,0,14
DARCY-RAE,F,16,0,5
DARCY-ROSE,F,21,0,7
DAREEN,F,18,0,6
DAREEN,M,18,0,6
DAREK,M,6,0,2
DARELL,M,6,0,2
DAREN,M,76,5,76
DARIANA,F,3,0,1
DARIJA,F,43,0,14
DARIM,M,4,0,1
DARIN,F,3,0,1
DARINA,F,67,3,67
DARINE,F,3,0,1
DARINKA,F,3,0,1
DARION,F,6,6,6
DARIQ,M,3,0,1
DARIS,M,25,0,8
DARISHA,F,3,0,1
DARIUSH,M,36,6,36
DARIUSZ,M,50,4,50
DARIYA,F,13,0,4
DARIYAN,M,6,0,2
DARJA,F,16,0,5
DARLA-RAE,F,3,0,1
DARLINGTON,M,4,0,1
DARO,M,9,0,3
DARON,M,18,3,18
DARRYLL,M,3,3,3
DARRYN,M,9,0,3
DARSH,M,198,0,66
DARSHANA,F,3,3,3
DARSHI,F,3,0,1
DARSHINI,F,3,0,1
DARVIN,M,6,0,2
DARWIN,F,3,0,1
DARWYN,M,6,0,2
DARYAN,M,48,0,16
DARYLE,M,3,3,3
DARYN,M,8,0,3
DASH,M,6,0,2
DASHAWN,M,3,0,1
DASHIEL,M,15,0,5
DASHIELL,M,94,0,31
DASIA,F,17,0,6
DASTAN,M,53,0,18
DAUDA,M,3,0,1
DAVANTE,M,4,0,1
DAVENA,F,3,3,3
DAVI,M,118,0,39
DAVIA,F,6,3,6
DAVIDA,F,17,0,6
DAVIDAS,M,3,0,1
DAVID-JAMES,M,19,0,6
DAVID-JUNIOR,M,7,0,2
DAVIDS,M,28,0,9
DAVIDSON,M,3,0,1
DAVIES,M,6,0,2
DAVIN,F,3,0,1
DAVINDER,F,6,6,6
DAVIT,M,11,0,4
DAVON,M,7,0,2
DAVONTAE,M,6,0,2
DAVONTE,M,10,0,3
DAVUT,M,4,0,1
DAWDA,M,9,0,3
DAWID,M,1375,5,1375
DAWIT,M,33,6,33
DAWOUD,M,70,0,23
DA-XIA,F,3,0,1
DAXTON,M,11,0,4
DAYA,F,257,6,257
DAYA,M,35,4,35
DAYAAN,M,11,0,4
DAYAL,M,9,0,3
DAYAN,M,16,0,5
DAYANA,F,41,0,14
DAYLA,F,3,0,1
DAYLEY,M,3,0,1
DAYNTON,M,5,0,2
DAYSHA,F,4,0,1
DAYSHAUN,M,3,0,1
DAYSIE,F,3,0,1
DAYTONA,F,7,4,7
DAYYAAN,M,3,0,1
DAYYAN,M,77,0,26
DE',M,3,0,1
DEAGAN,M,6,0,2
DEAGO,M,3,0,1
DEAH,F,6,0,2
DEAKAN,M,3,0,1
DEAKEN,M,12,0,4
DE'ANDRE,M,30,0,10
DEANGELO,M,12,0,4
DE'ANGELO,M,3,0,1
DEAN-JUNIOR,M,3,0,1
DEBA,F,3,0,1
DECHLAN,M,4,0,1
DECLAN-JAMES,M,8,0,3
DECLEN,M,18,6,18
DECON,M,3,0,1
DEDAN,M,6,0,2
DEEA,F,6,0,2
DEEBA,F,13,0,4
DEEDEE,F,7,0,2
DEEHAN,M,3,0,1
DEEJAY,M,23,4,23
DEE-JAY,M,3,0,1
DEEKSHA,F,17,0,6
DEELAN,M,12,3,12
DEEM,F,4,0,1
DEEMA,F,46,3,46
DEEPESH,M,3,3,3
DEEPTI,F,4,0,1
DEEQA,F,18,0,6
DEESHAN,M,3,0,1
DEETYA,F,25,0,8
DEEVA,F,13,6,13
DEEYA,F,117,0,39
DEEYAN,M,15,0,5
DEFNE,F,73,0,24
DEIMANTAS,M,57,0,19
DEIMANTE,F,80,0,27
DEINA,F,16,0,5
DEINAS,M,7,0,2
DEITRICK,M,3,0,1
DEIVID,M,9,0,3
DEIVIDS,M,36,0,12
DEIVYDAS,M,6,0,2
DEJAH,F,11,0,4
DEJANA,F,3,0,1
DEJANAE,F,6,0,2
DEJAY,M,6,0,2
DEJEAN,M,20,5,20
DEJON,M,24,3,24
DEKOTA,F,29,0,10
DELAL,F,11,0,4
DELAN,M,28,0,9
DELANA,F,3,0,1
DELARA,F,11,0,4
DELCIA,F,4,0,1
DELFINA,F,13,3,13
DELILA,F,30,0,10
DELILAH-MAE,F,4,0,1
DELILAH-MAY,F,3,0,1
DELILAH-RAE,F,4,0,1
DELILAH-ROSE,F,33,0,11
DELINA,F,114,0,38
DELISHA,F,54,0,18
DELLAN,M,3,0,1
DELNA,F,6,0,2
DELON,M,3,0,1
DELSA,F,4,0,1
DELTA,F,86,0,29
DELUN,F,3,0,1
DELYLAH,F,3,0,1
DEMA,F,8,0,3
DEMANI,M,4,0,1
DEMAR,M,19,0,6
DEMARI,M,47,0,16
DEMARNI,M,4,0,1
DEMEE,F,3,3,3
DEMET,F,9,3,9
DEMETRIA,F,7,4,7
DEMI-,F,47,0,16
DEMIAN,M,13,0,4
DEMI-ANN,F,9,0,3
DEMI-ANNE,F,3,0,1
DEMID,M,11,0,4
DEMIE-LEIGH,F,6,3,6
DEMI-ELISE,F,3,0,1
DEMII,F,12,0,4
DEMI-JADE,F,3,0,1
DEMILADE,F,10,0,3
DEMI-LEI,F,6,0,2
DEMI-LOU,F,8,0,3
DEMI-MAE,F,34,0,11
DEMI-MAI,F,28,0,9
DEMI-MAY,F,41,0,14
DEMI-NICOLE,F,3,0,1
DEMIR,M,82,3,82
DEMIRA,F,8,0,3
DEMI-RAE,F,30,0,10
DEMI-ROSE,F,48,0,16
DEMISHA,F,3,3,3
DEMITRIUS,M,3,0,1
DEN,M,3,0,1
DENAE,F,15,0,5
DENAS,M,71,0,24
DENAYA,F,4,0,1
DENELLE,F,3,0,1
DENES,M,3,0,1
DENIA,F,3,0,1
DENICE,F,4,0,1
DENIEL,M,12,0,4
DENIM,F,9,0,3
DENISS,M,14,0,5
DENLEY,M,55,0,18
DENNA,F,11,0,4
DENNI,M,8,0,3
DENNISON,M,3,0,1
DENUM,M,3,0,1
DENVA,F,12,3,12
DENYS,M,11,0,4
DENZIEL,M,3,0,1
DENZYL,M,3,0,1
DEONA,F,5,0,2
DEONDRE,M,20,0,7
DEONNE,F,12,0,4
DEONTAE,M,4,0,1
DEONTE,M,6,0,2
DEQUAN,M,6,0,2
DERAN,M,3,0,1
DEREN,M,28,6,28
DERIN,F,55,0,18
DERIN,M,85,0,28
DERON,M,54,0,18
DERRAN,M,9,3,9
DERREN,F,4,4,4
DERRYN,M,22,4,22
DESCHANEL,M,3,3,3
DESEAN,M,6,0,2
DESERAE,F,3,0,1
DESHAAN,M,3,0,1
DESHAN,M,7,0,2
DESHANE,M,3,0,1
DESHAUN,M,60,6,60
DE'SHAUN,M,3,0,1
DESHAWN,M,73,0,24
DESHNA,F,3,0,1
DESHON,M,4,0,1
DESIRE,M,13,0,4
DESPINA,F,23,5,23
DES'REE,F,3,3,3
DESTAN,M,3,0,1
DESTANY,F,3,0,1
DESTIN,M,13,0,4
DESTINA,F,20,0,7
DESTINE,F,3,0,1
DESTINEY,F,42,0,14
DESTINIE,F,24,3,24
DESTINY,M,103,0,34
DESTINY-MAI,F,6,0,2
DESTINY-MARIE,F,3,0,1
DESTINY-MAY,F,11,0,4
DESTINY-RAE,F,3,0,1
DESTINY-ROSE,F,9,0,3
DETROY,M,3,0,1
DEVA,F,9,3,9
DEVAK,M,3,0,1
DEVAM,M,13,0,4
DEVANG,M,6,6,6
DEVANSH,M,70,0,23
DEVANSHI,F,31,3,31
DEVARN,M,3,0,1
DEVARSH,M,11,0,4
DEVAUNTE,M,3,3,3
DEVI,F,24,0,8
DEVINDER,M,6,6,6
DEVINE,F,19,0,6
DEVISHA,F,3,3,3
DEVLYN,F,3,0,1
DEVLYN,M,3,0,1
DEVNA,F,3,0,1
DEVOIRY,F,14,0,5
DEVONDRE,M,3,0,1
DEVONTA,M,4,0,1
DEVONTAE,M,81,6,81
DEVONTAI,M,6,0,2
DEVONTAY,M,17,0,6
DEVORA,F,24,0,8
DEVRAJ,M,53,0,18
DEVRIM,M,41,5,41
DEVUN,M,11,3,11
DEVYAN,M,3,0,1
DEVYN,F,12,5,12
DEVYN,M,29,0,10
DEWAN,F,10,6,10
DEWAYNE,M,7,3,7
DEX,M,25,0,8
DEXI,F,3,0,1
DEXIE,F,11,0,4
DEXTER-JAMES,M,3,0,1
DEYA,F,58,0,19
DEYAAN,M,6,0,2
DEYAN,M,22,0,7
DEYANA,F,9,0,3
DHAANI,F,3,0,1
DHAIRYA,M,45,0,15
DHALIA,F,6,0,2
DHANANJAY,M,6,0,2
DHANI,F,3,0,1
DHANI,M,20,0,7
DHANIAL,M,3,3,3
DHANISHTA,F,3,0,1
DHANIYAL,M,4,0,1
DHANRAJ,M,8,0,3
DHANUSH,M,17,0,6
DHANVEER,M,3,0,1
DHANVI,F,36,0,12
DHANYA,F,30,3,30
DHANYAAL,M,24,6,24
DHARAM,M,82,4,82
DHARAMVEER,M,3,0,1
DHARM,M,3,0,1
DHARMA,M,3,0,1
DHARMESH,M,3,3,3
DHARMIK,M,10,0,3
DHARSHAN,M,7,0,2
DHARSHINI,F,6,3,6
DHARUN,M,3,0,1
DHAVAN,M,3,0,1
DHAVINA,F,3,0,1
DHAYA,F,18,0,6
DHEEN,M,3,0,1
DHEER,M,13,0,4
DHEERAN,M,3,0,1
DHEVAN,M,3,0,1
DHIAAN,M,16,0,5
DHIAN,M,59,0,20
DHILLAN,M,13,6,13
DHILON,M,3,3,3
DHIR,M,6,0,2
DHIRAJ,M,14,4,14
DHIYA,F,91,0,30
DHIYAN,M,21,0,7
DHOHA,F,3,0,1
DHRISH,M,6,0,2
DHRITI,F,75,0,25
DHRIYA,F,8,0,3
DHRUTI,F,32,6,32
DHRUVA,F,3,0,1
DHRUVA,M,18,0,6
DHRUVAN,M,7,0,2
DHRUVIKA,F,6,0,2
DHRUVIN,M,7,0,2
DHRUVISHA,F,3,3,3
DHUHA,F,9,3,9
DHVANI,F,9,0,3
DHWANI,F,26,0,9
DHYAAN,M,16,0,5
DHYAN,M,86,0,29
DHYANA,F,41,0,14
DHYANI,F,32,0,11
DHYEY,M,16,0,5
DHYLAN,M,34,5,34
DIA,F,126,0,42
DIAKO,M,7,0,2
DIALLO,M,3,0,1
DIAMOND,M,42,0,14
DIAN,F,3,0,1
DIAN,M,21,0,7
DIANDRE,M,3,0,1
DIANTE,M,3,0,1
DIAR,M,36,0,12
DIAVIAN,F,6,6,6
DIAZ,M,37,0,12
DIBA,F,17,0,6
DIBORA,F,3,0,1
DICKSON,M,3,3,3
DICLE,F,7,0,2
DIELLZA,F,12,6,12
DIEZEL,M,20,0,7
DIHAIN,M,6,0,2
DIHEIN,M,6,0,2
DIJA,F,4,0,1
DIJLE,F,14,0,5
DIKSHA,F,6,0,2
DILA,F,41,0,14
DILAKSHAN,M,4,0,1
DILAKSHIKA,F,3,0,1
DILANA,F,3,0,1
DILANAS,M,34,0,11
DILANI,F,3,3,3
DILANS,M,6,0,2
DILAY,F,9,0,3
DILEEP,M,6,3,6
DILEM,F,3,3,3
DILEN,M,10,4,10
DILETA,F,3,0,1
DILHAN,M,7,0,2
DILIP,M,8,5,8
DILJOT,M,6,0,2
DILLAN,F,3,0,1
DILLION,M,27,6,27
DILLON,F,6,0,2
DILLY,F,16,0,5
DILPREET,M,18,0,6
DILRAAJ,M,3,0,1
DILREET,F,3,0,1
DILSHAAN,M,12,0,4
DILSHAN,M,10,0,3
DILVEER,M,10,3,10
DILWAR,M,7,7,7
DIMITRA,F,20,3,20
DIMITRIJE,M,7,0,2
DINARA,F,11,0,4
DINARI,M,4,0,1
DINEL,M,3,0,1
DINI,F,6,0,2
DINIS,M,24,0,8
DINITHI,F,3,0,1
DINUK,M,3,0,1
DINUKI,F,3,0,1
DIONDRE,M,3,0,1
DIONIS,M,7,0,2
DIONISIO,M,6,0,2
DIONTAE,M,6,0,2
DIONTE,M,6,0,2
DIORA,F,21,0,7
DIPALI,F,6,3,6
DIPIKA,F,4,0,1
DIPSON,M,5,0,2
DIQUAN,M,4,4,4
DIREN,M,8,0,3
DISA,F,3,3,3
DISHAAN,M,4,0,1
DISHAN,M,7,0,2
DISHITA,F,8,0,3
DITA,F,12,0,4
DITI,F,4,0,1
DIVAM,M,7,0,2
DIVESH,M,6,3,6
DIVIJ,M,3,0,1
DIVIN,M,7,0,2
DIVINA,F,41,4,41
DIVINE,M,200,0,67
DIVISHA,F,3,0,1
DIVIT,M,5,0,2
DIVJOT,F,3,0,1
DIVJOT,M,3,0,1
DIVYA,M,3,0,1
DIVYAM,M,3,0,1
DIVYAN,M,9,0,3
DIVYANSH,M,7,0,2
DIVYANSHI,F,4,0,1
DIVYESH,M,6,0,2
DIWAN,M,3,0,1
DIXIE-MAE,F,3,0,1
DIYA,M,3,0,1
DIYAAN,M,18,0,6
DIYAKO,M,10,0,3
DIYAN,M,99,0,33
DIYANA,F,53,0,18
DIYANAH,F,51,0,17
DIYARI,M,11,0,4
DJ,M,9,3,9
DJAMILA,F,9,3,9
DJELLONA,F,3,0,1
DJELLZA,F,3,0,1
DJIBRIL,M,29,0,10
DJIMON,M,3,0,1
DJUNA,F,3,0,1
D'MARCO,M,6,0,2
D'MARI,M,6,0,2
DMITRIJ,M,10,0,3
DMITRIJS,M,10,0,3
DMITRIY,M,17,0,6
DMITRY,M,30,0,10
DOAA,F,23,0,8
DOGUS,M,4,4,4
DOHYUN,M,3,0,1
DOLAPO,F,6,3,6
DOLCE,F,78,0,26
DOLCEE,F,6,0,2
DOLCEY,F,6,0,2
DOLCI,F,13,0,4
DOLCIE-LOU,F,3,0,1
DOLCIE-MAE,F,10,0,3
DOLCIE-MAI,F,3,0,1
DOLCIE-MAY,F,3,0,1
DOLCIE-RAE,F,3,0,1
DOLLIE-MAE,F,7,0,2
DOLLIE-MAI,F,6,0,2
DOLLIE-RAE,F,5,0,2
DOLLIE-ROSE,F,11,0,4
DOLLY-ANN,F,3,0,1
DOLLYANNA,F,3,0,1
DOLLY-ANNA,F,3,0,1
DOLLY-MAE,F,38,0,13
DOLLY-MAI,F,3,0,1
DOLLY-MARIE,F,9,0,3
DOLLY-MAY,F,38,0,13
DOLLY-RAE,F,11,0,4
DOLLY-ROSE,F,49,0,16
DOMANIC,M,53,3,53
DOMANTAS,M,79,0,26
DOMAS,M,166,0,55
DOMENIKS,M,3,0,1
DOMINIC-JOHN,M,3,0,1
DOMINIKAS,M,16,0,5
DOMINIKS,M,49,0,16
DOMINION,M,11,0,4
DOMINYKA,F,42,0,14
DOMINYKAS,M,337,0,112
DONAE,F,3,0,1
DONAEO,M,10,0,3
DONART,M,3,3,3
DONAT,M,3,3,3
DONATA,F,3,0,1
DONATAS,M,13,0,4
DONATELLO,M,3,0,1
DONATO,M,9,3,9
DONAVON,M,6,0,2
DONDU,F,6,0,2
DONE,F,3,0,1
DONELLA,F,3,0,1
DONG,M,13,3,13
DONI,M,3,0,1
DONIEL,M,5,0,2
DONNCHA,M,7,0,2
DONTA,M,3,0,1
DONTAYE,M,3,0,1
DORINA,F,32,0,11
DORKA,F,3,0,1
DORNA,F,3,3,3
DORON,M,3,0,1
DOROTA,F,46,0,15
DOROTTYA,F,3,0,1
DORRELL,M,3,0,1
DORRIAN,M,3,0,1
DORUK,M,31,0,10
DOTTI,F,6,0,2
DOTTIE-MAE,F,3,0,1
DOTTY-ROSE,F,3,0,1
DOUAA,F,21,0,7
DOUNIA,F,17,6,17
DOVAS,M,3,0,1
DOVI,M,6,0,2
DOVIDAS,M,6,0,2
DOVYDAS,M,160,0,53
DOYINSOLA,F,3,3,3
DRAE,M,15,0,5
DRAGAN,M,6,3,6
DRAGOS,M,26,0,9
DRAKE,M,254,0,85
DRASHTI,F,3,0,1
DRAVID,M,9,0,3
DRENUSHA,F,3,3,3
DREY,M,50,6,50
DREYA,F,3,0,1
DRIN,M,33,6,33
DRINA,F,3,0,1
DRISHTI,F,27,0,9
DRISS,M,6,3,6
DRITI,F,3,0,1
DRU,F,9,0,3
DRUE,M,6,3,6
DRUSILLA,F,3,0,1
DRUV,M,3,0,1
DRYSTAN,M,4,0,1
D'SHAUN,M,6,0,2
DUANE-LEE,M,3,0,1
DUARTE,M,28,0,9
DUBEM,M,3,0,1
DUC,M,10,0,3
DUHA,F,73,0,24
DULCE,F,7,0,2
DULCIMA,F,3,0,1
DUMITRU,M,8,0,3
DUNIA,F,10,0,3
DURGA,F,6,0,2
DURIEL,M,3,0,1
DURMUS,M,3,0,1
DURRE,F,3,0,1
DUSTY,F,38,0,13
DUWA,F,6,0,2
DUY,M,10,4,10
DVITI,F,3,0,1
DWIJ,M,9,0,3
DWYNWEN,F,3,0,1
DYA,F,3,0,1
DYAKO,M,9,0,3
DYANI,F,6,0,2
DYLAN-JAMES,M,95,0,32
DYLAN-JOHN,M,7,0,2
DYLAN-LEE,M,9,0,3
DYLANN,M,6,0,2
DYLAN-RHYS,M,3,0,1
DYLAN-THOMAS,M,3,0,1
DYLIS,F,3,0,1
DYNASTY,F,8,0,3
DZESIKA,F,13,0,4
DZIFA,F,3,0,1
DZIUGAS,M,21,0,7
EADEE,F,6,0,2
EADEN,F,3,0,1
EADEN,M,6,0,2
EADIE-ROSE,F,3,0,1
EADY,F,12,0,4
EALAF,F,3,0,1
EARTHA,F,7,0,2
EASA,M,62,0,21
EASAH,M,4,0,1
EASHA,F,17,0,6
EASHAR,M,4,0,1
EASHEN,M,3,0,1
EASHER,M,3,0,1
EASON,M,81,0,27
EATHEN,M,6,0,2
EAVAN,F,13,0,4
EAVIE,F,37,0,12
EBADUR,M,3,0,1
EBAN,M,99,3,99
EBANIE,F,3,0,1
EBBEN,M,9,0,3
EBON,M,29,0,10
EBONEE,F,19,4,19
EBONIE-MAI,F,3,0,1
EBONIE-ROSE,F,3,0,1
EBONNIE,F,63,6,63
EBONY-,F,11,0,4
EBONY-GRACE,F,32,0,11
EBONY-JADE,F,4,0,1
EBONY-LEIGH,F,4,0,1
EBONY-LOUISE,F,3,0,1
EBONY-MAE,F,30,3,30
EBONY-MAI,F,13,0,4
EBONY-MAY,F,16,0,5
EBONY-RAE,F,4,0,1
EBRAHEEM,M,3,0,1
EBRAR,F,10,0,3
EBRIMA,M,95,3,95
EBUBECHI,M,4,0,1
EBUBECHUKWU,M,41,0,14
EBUWA,F,3,0,1
EBYAN,F,4,0,1
ECATERINA,F,29,0,10
ECENAZ,F,3,0,1
ECRIN,F,69,0,23
ECTOR,M,3,0,1
EDAN,F,3,0,1
EDAS,M,10,0,3
EDDIE-JAMES,M,3,0,1
EDE,F,9,0,3
EDEE,F,52,0,17
EDEN-LEIGH,F,3,0,1
EDEN-LILY,F,3,0,1
EDEN-MAE,F,4,0,1
EDEN-RAE,F,6,0,2
EDEY,F,3,0,1
EDGARAS,M,15,0,5
EDGARS,M,6,0,2
EDI,F,8,0,3
EDI,M,25,0,8
EDIE-BELLE,F,3,0,1
EDIE-MAE,F,17,0,6
EDIE-MAY,F,14,0,5
EDIE-ROSE,F,23,0,8
EDIJS,M,3,0,1
EDIN,M,19,0,6
EDION,M,3,0,1
EDIS,M,11,0,4
EDITA,F,3,0,1
EDITH-ROSE,F,6,0,2
EDLYN,F,12,0,4
EDOM,F,3,0,1
EDONA,F,37,6,37
EDOSA,M,3,0,1
EDUARDA,F,11,0,4
EDUARDS,M,8,0,3
EDVARD,M,3,0,1
EDVARDAS,M,30,0,10
EDVARDS,M,22,0,7
EDVINAS,M,53,0,18
EDYN,F,4,0,1
EDYTA,F,14,0,5
EDYTH,F,7,0,2
EDYTHE,F,3,0,1
EEDIE,F,3,0,1
EEMAAN,F,51,0,17
EEMAN,F,42,0,14
EESAH,M,147,4,147
EESHAL,F,9,0,3
EESHAN,M,25,0,8
EESSA,M,15,0,5
EETHAN,M,3,0,1
EEVA,F,23,0,8
EEVIE,F,41,0,14
EFAZ,M,6,0,2
EFE,M,231,4,231
EFETOBORE,M,3,0,1
EFEZINO,M,3,0,1
EFFIA,F,3,0,1
EFFIE-ROSE,F,3,0,1
EFIA,F,6,0,2
EFOSA,M,28,0,9
EFRAIM,M,37,0,12
EFRAN,M,3,0,1
EFRATA,F,21,0,7
EFREM,M,3,0,1
EFREN,M,7,0,2
EFSA,F,3,0,1
EFTELYA,F,3,0,1
EFUA,F,6,3,6
EGE,M,63,0,21
EGHOSA,M,22,3,22
EGYPT,F,3,0,1
EGZONA,F,4,4,4
EHAAN,M,19,0,6
EHAB,M,18,3,18
EHAN,M,114,0,38
EHSANUL,M,3,0,1
EHSEN,M,13,3,13
EHTESHAM,M,14,4,14
EHTISHAM,M,3,0,1
EIDAN,M,4,0,1
EIDANAS,M,4,0,1
EIDEN,M,6,0,2
EIDENAS,M,7,0,2
EIDY,F,3,0,1
EIFA,F,4,0,1
EIJAZ,M,3,0,1
EILAH,F,16,0,5
EILIR,F,3,0,1
EILIYA,F,3,0,1
EILIYAH,F,326,0,109
EILY,F,10,0,3
EIMANTAS,M,53,0,18
EIMILE,F,3,0,1
EINION,M,3,0,1
EINORAS,M,3,0,1
EIREN,F,3,0,1
EIRI,F,3,0,1
EIRIANWEN,F,3,0,1
EIRINI,F,8,0,3
EIRY,F,15,0,5
EIRYN,F,4,0,1
EIRYS,F,10,0,3
EISAA,M,6,0,2
EISAH,M,25,0,8
EITA,M,8,0,3
EITO,M,4,0,1
EIVA,F,21,0,7
EIVISSA,F,12,0,4
EJAZ,M,46,0,15
EJIRO,M,3,0,1
EJONA,F,3,0,1
EKAM,F,81,0,27
EKAM,M,165,0,55
EKAMDEEP,F,3,0,1
EKAMJEET,M,6,0,2
EKAMJIT,M,7,0,2
EKAMJOT,F,27,0,9
EKAMJOT,M,30,0,10
EKAMPREET,F,21,0,7
EKAMPREET,M,9,0,3
EKAMVEER,M,23,0,8
EKANSH,M,3,0,1
EKATERINI,F,6,0,2
EKENE,M,14,0,5
EKHUM,F,3,0,1
EKIN,F,27,4,27
EKIN,M,60,3,60
EKKAM,F,4,0,1
EKLAVYA,M,3,0,1
EKNOOR,F,18,0,6
EKOW,M,11,0,4
EKRAM,F,6,0,2
EKREM,M,9,3,9
EKTORAS,M,6,0,2
EL,F,4,0,1
ELAAF,F,6,0,2
ELADA,F,3,0,1
ELAF,F,52,0,17
ELAH,F,6,0,2
ELAHA,F,18,0,6
ELAI,M,4,0,1
ELA-MAI,F,3,0,1
ELANAH,F,7,0,2
ELANAS,M,3,0,1
ELANAZ,F,3,0,1
ELANO,M,5,0,2
ELANORE,F,4,0,1
ELANUR,F,76,0,25
ELARNA,F,9,0,3
ELAURA,F,4,0,1
ELAY,F,3,0,1
ELAYA,F,3,0,1
ELAYAH,F,9,0,3
ELBIE,M,4,0,1
ELCHONON,M,15,3,15
ELDAD,M,3,0,1
ELDANA,F,73,0,24
ELDAR,M,3,0,1
ELDEN,M,38,0,13
ELDIN,M,3,0,1
ELEA,F,40,3,40
ELEAH,F,13,0,4
ELEANOR-MAE,F,12,0,4
ELEANOR-MAY,F,4,0,1
ELEANOR-ROSE,F,37,3,37
ELECIA,F,3,0,1
ELEENA,F,59,0,20
ELEEZA,F,35,0,12
ELEFTHERIA,F,15,3,15
ELEIGH,F,4,0,1
ELEINA,F,3,0,1
ELEIYAH,F,3,0,1
ELEKTRA,F,169,0,56
ELELTA,F,3,0,1
ELENA-MAE,F,3,0,1
ELENA-MAY,F,3,0,1
ELENA-ROSE,F,6,0,2
ELENE,F,15,0,5
ELENIE,F,3,0,1
ELEONOR,F,22,4,22
ELEORA,F,53,0,18
ELESA,F,3,0,1
ELETTRA,F,3,0,1
ELEXA,F,31,0,10
ELEXIA,F,25,0,8
ELEXIE,F,3,0,1
ELEXIS,F,65,0,22
ELEXUS,F,14,0,5
ELEYANA,F,3,0,1
ELFIDA,F,3,0,1
ELFREDA,F,10,0,3
ELHAAM,M,3,0,1
ELHAM,M,40,0,13
ELIA,M,41,0,14
ELIAH,F,9,0,3
ELIAKIM,M,4,0,1
ELIAM,M,3,0,1
ELIANAH,F,12,0,4
ELIANNA,F,134,0,45
ELIANNE,F,30,0,10
ELIASZ,M,3,0,1
ELIAV,M,3,0,1
ELICA,F,3,0,1
ELIDA,F,12,0,4
ELIEL,M,12,0,4
ELIESE,F,3,0,1
ELIFNAZ,F,7,0,2
ELIFSU,F,6,0,2
ELIH,M,6,0,2
ELIJA,F,86,0,29
ELIJA,M,9,0,3
ELIJAH,F,9,0,3
ELIJAH-JAMES,M,8,0,3
ELIJAH-MOSES,M,3,0,1
ELI-JAMES,M,5,0,2
ELIJAS,M,12,0,4
ELIJUS,M,39,0,13
ELIKEM,F,6,0,2
ELIKEM,M,7,0,2
ELIM,F,32,0,11
ELIM,M,8,0,3
ELINAM,F,4,0,1
ELINE,F,30,3,30
ELIOENAI,M,3,0,1
ELIONA,F,9,0,3
ELIOT,F,6,0,2
ELISEI,M,86,0,29
ELISEO,M,5,0,2
ELISHA-MAI,F,3,0,1
ELISHA-MARIE,F,7,4,7
ELISHA-MAY,F,3,0,1
ELISHEBA,F,11,3,11
ELISHKA,F,4,0,1
ELISSA-MAE,F,3,0,1
ELITSA,F,7,0,2
ELIYA,M,3,0,1
ELIYAH,F,55,0,18
ELIYAH,M,3,0,1
ELIYANA,F,3,0,1
ELIZABELLA,F,17,0,6
ELIZABETA,F,22,3,22
ELIZABETE,F,60,0,20
ELIZABETH-ANN,F,3,0,1
ELIZABETH-GRACE,F,3,0,1
ELIZABETH-MAY,F,6,0,2
ELIZA-GRACE,F,13,0,4
ELIZA-JANE,F,13,3,13
ELIZA-LILLY,F,3,0,1
ELIZA-LILY,F,4,0,1
ELIZA-LOUISE,F,3,0,1
ELIZA-MAE,F,39,0,13
ELIZA-MAI,F,10,0,3
ELIZA-MAY,F,18,0,6
ELIZA-RAE,F,12,0,4
ELIZA-ROSE,F,54,0,18
ELIZAVETA,F,108,4,108
ELJAY,M,20,0,7
ELJON,M,6,0,2
ELKAN,M,6,0,2
ELKANAH,M,6,0,2
ELLA-,F,52,3,52
ELLA-ANN,F,3,0,1
ELLA-ANNE,F,3,0,1
ELLA-BROOKE,F,13,0,4
ELLA-FAITH,F,6,0,2
ELLAH,F,84,6,84
ELLAINA,F,3,0,1
ELLA-JADE,F,55,0,18
ELLA-JAI,F,7,0,2
ELLA-JANE,F,62,3,62
ELLA-JAY,F,11,0,4
ELLA-JAYNE,F,29,0,10
ELLA-JEAN,F,6,0,2
ELLA-JO,F,6,0,2
ELLA-JOY,F,3,0,1
ELLA-KATE,F,3,0,1
ELLA-LEIGH,F,12,0,4
ELLALOUISE,F,12,0,4
ELLAMAE,F,68,4,68
ELLA-MAI,F,335,4,335
ELLA-MARIA,F,4,0,1
ELLA-NICOLE,F,3,0,1
ELLARA,F,3,0,1
ELLA-RAE,F,122,0,41
ELLA-RAI,F,3,0,1
ELLARIA,F,3,0,1
ELLAROSE,F,42,0,14
ELLA-RUBY,F,3,0,1
ELLA-SOPHIA,F,4,0,1
ELLE-,F,3,0,1
ELLEA,F,6,3,6
ELLEAH,F,12,0,4
ELLE-ANN,F,3,0,1
ELLEANNA,F,3,0,1
ELLECE,F,3,0,1
ELLEIGH,F,39,6,39
ELLEISHA,F,3,0,1
ELLE-LEIGH,F,3,0,1
ELLEMAE,F,7,0,2
ELLE-MAI,F,86,3,86
ELLEMAY,F,40,0,13
ELLENER,F,3,0,1
ELLENIE,F,9,0,3
ELLEN-ROSE,F,3,0,1
ELLERY,F,3,0,1
ELLESSIA,F,3,0,1
ELLEXIS,F,3,0,1
ELLIAH,F,12,0,4
ELLIE-,F,148,5,148
ELLIE-ANNA,F,14,0,5
ELLIEANNE,F,3,0,1
ELLIE-BROOKE,F,3,0,1
ELLIE-GRACE,F,149,0,50
ELLIE-J,F,4,0,1
ELLIE-JAI,F,9,0,3
ELLIE-JEAN,F,21,0,7
ELLIE-KAY,F,6,0,2
ELLIE-LEIGH,F,40,4,40
ELLIE-LOU,F,3,0,1
ELLIEMAI,F,23,0,8
ELLIE-MAII,F,3,0,1
ELLIE-MAYE,F,3,0,1
ELLIE-NICOLE,F,3,0,1
ELLIE-PAIGE,F,14,0,5
ELLIEROSE,F,5,0,2
ELLIESHA,F,6,6,6
ELLIE-SUE,F,6,0,2
ELLIETTE,F,12,0,4
ELLI-MAE,F,21,0,7
ELLI-MAI,F,20,0,7
ELLIN,F,18,0,6
ELLINA,F,20,3,20
ELLIOT-JAMES,M,3,0,1
ELLIOTT,F,55,0,18
ELLIOTTE,F,29,0,10
ELLIOTT-JAMES,M,6,0,2
ELLIS-JAMES,M,4,0,1
ELLIS-JAY,M,9,0,3
ELLISON,F,49,3,49
ELLISS,M,6,6,6
ELLISSIA,F,74,4,74
ELLIVIA,F,7,0,2
ELLIYA,F,4,0,1
ELLIYAH,F,4,0,1
ELLIZA,F,7,0,2
ELLOUISA,F,3,0,1
ELLSA,F,3,0,1
ELLSEY,F,3,0,1
ELLYANA,F,3,0,1
ELLYCIA,F,3,0,1
ELLY-MAE,F,3,0,1
ELLYSHA,F,17,6,17
ELLYSSA,F,3,0,1
ELMAS,F,3,0,1
ELMEDINA,F,4,0,1
ELMI,M,6,0,2
ELMORE,M,7,0,2
ELNA,F,7,0,2
ELNATHAN,M,69,0,23
ELNAZ,F,21,0,7
ELOAH,F,3,0,1
ELODIE-MAE,F,3,0,1
ELODIE-ROSE,F,4,0,1
ELOGHOSA,F,16,0,5
ELOGHOSA,M,3,0,1
ELOHOR,F,3,0,1
ELOI,M,5,0,2
ELOISE-MAE,F,3,0,1
ELORA-ROSE,F,3,0,1
ELORM,F,4,0,1
ELOUAN,M,3,0,1
ELSABETH,F,3,0,1
ELSA-GRACE,F,3,0,1
ELSA-MAE,F,10,0,3
ELSA-MAI,F,3,0,1
ELSA-MAY,F,8,0,3
ELSA-ROSE,F,23,0,8
ELSE,F,3,0,1
ELSEA,F,3,0,1
ELSEE,F,5,0,2
ELSEY,F,20,0,7
ELSIE-ANN,F,5,0,2
ELSIE-ANNE,F,6,0,2
ELSIE-BELLE,F,5,0,2
ELSIE-GRACE,F,7,0,2
ELSIE-JANE,F,7,0,2
ELSIE-JEAN,F,6,0,2
ELSIE-LEIGH,F,11,0,4
ELSIE-LOU,F,17,0,6
ELSIE-LOUISE,F,9,0,3
ELSIEMAE,F,3,0,1
ELSIE-MAI,F,64,0,21
ELSIE-MARIE,F,9,0,3
ELSIE-MAY,F,236,0,79
ELSIE-RAE,F,34,0,11
ELSIE-ROSE,F,118,0,39
ELSIE-VIOLET,F,3,0,1
ELSY,F,20,0,7
ELTON,M,66,5,66
ELULA,F,4,0,1
ELVI,F,12,0,4
ELVIN,F,6,0,2
ELVY,F,3,0,1
ELVY,M,6,0,2
ELYA,F,26,0,9
ELYA,M,4,0,1
ELYAN,M,16,0,5
ELYANA,F,41,0,14
ELYES,M,14,0,5
ELYN,F,6,0,2
ELYNOR,F,3,3,3
ELYON,F,3,0,1
ELYOTT,M,3,0,1
ELYSA,F,25,0,8
ELYSIE,F,3,0,1
ELYSTAN,M,3,0,1
ELYZA,F,58,4,58
ELZA,F,62,3,62
ELZBIETA,F,26,0,9
ELZE,F,38,0,13
EMAAD,M,47,0,16
EMAAN,M,16,0,5
EMAANI,F,3,0,1
EMALEE,F,7,4,7
EMALEIGH,F,3,3,3
EMALIE,F,3,0,1
EMANI,F,13,4,13
EMANUELE,M,31,0,10
EMANUELLA,F,21,0,7
EMANUELLE,F,6,0,2
EMARI,M,3,0,1
EMAYA,F,9,0,3
EMBER-ROSE,F,3,0,1
EMDADUL,M,6,3,6
EMDADUR,M,6,6,6
EMEE,F,10,0,3
EMEFA,F,10,3,10
EMEILIA,F,12,0,4
EMEKA,M,38,6,38
EMELI,F,129,0,43
EMELIA-GRACE,F,9,0,3
EMELIAH,F,6,0,2
EMELIA-MAE,F,3,0,1
EMELIA-ROSE,F,55,0,18
EMELY,F,39,4,39
EMELYN,F,3,0,1
EMERITA,F,5,0,2
EMESE,F,14,0,5
EMIEL,M,3,0,1
EMIELIA,F,5,0,2
EMIE-ROSE,F,4,0,1
EMIKA,F,6,0,2
EMILEA,F,9,0,3
EMILEE-ROSE,F,3,0,1
EMI-LEIGH,F,4,0,1
EMILEO,M,3,0,1
EMILI,F,81,0,27
EMILIA-GRACE,F,9,0,3
EMILIA-MAE,F,4,0,1
EMILIAN,M,45,0,15
EMILIANA,F,54,3,54
EMILIA-RAE,F,3,0,1
EMILIA-ROSE,F,58,0,19
EMILIE-GRACE,F,3,0,1
EMILIE-JANE,F,3,0,1
EMILIE-MAE,F,4,0,1
EMILIE-MAY,F,5,0,2
EMILIE-ROSE,F,36,0,12
EMILIJA,F,567,4,567
EMILIJUS,M,32,0,11
EMILIOS,M,3,0,1
EMILIYA,F,20,0,7
EMILJA,F,3,0,1
EMILS,M,36,0,12
EMILY-,F,6,3,6
EMILYA,F,3,0,1
EMILY-ANNE,F,13,4,13
EMILY-ELIZABETH,F,8,0,3
EMILY-GRACE,F,140,0,47
EMILY-MAI,F,30,0,10
EMILY-MARIE,F,11,0,4
EMILY-PAIGE,F,9,0,3
EMILYROSE,F,13,4,13
EMIMA,F,4,0,1
EMIRCAN,M,6,0,2
EMIRHAN,M,80,0,27
EMIS,F,3,0,1
EMMA-,F,7,0,2
EMMA-GRACE,F,3,0,1
EMMALEE,F,7,4,7
EMMALISE,F,3,0,1
EMMALYN,F,4,0,1
EMMA-MARIE,F,7,0,2
EMMA-MAY,F,6,0,2
EMMAN,F,26,4,26
EMMANOUIL,M,9,0,3
EMMANUAL,M,3,0,1
EMMAUNEL,M,3,0,1
EMMERSON,F,6,0,2
EMMIE-GRACE,F,3,0,1
EMMIE-LEIGH,F,19,0,6
EMMIE-LOU,F,29,0,10
EMMIE-LOUISE,F,3,0,1
EMMIE-MAE,F,20,0,7
EMMIE-MAY,F,3,0,1
EMMIE-RAE,F,11,0,4
EMMIE-ROSE,F,45,0,15
EMMI-LOU,F,3,0,1
EMMI-LOUISE,F,3,0,1
EMMYLOU,F,34,4,34
EMMY-LOU,F,7,0,2
EMMY-RAE,F,5,0,2
EMNA,F,5,0,2
EMNET,F,7,0,2
EMOGENE,F,3,0,1
EMON,M,9,0,3
EMORY,M,6,0,2
EMPRESS,F,16,0,5
EMY-LEIGH,F,3,0,1
EMYLIA,F,6,0,2
EN,F,9,0,3
EN,M,7,0,2
ENAAYA,F,6,0,2
ENAIYA,F,3,0,1
ENAMUL,M,7,7,7
ENARA,F,6,0,2
ENAYAH,F,32,0,11
ENDI,M,3,0,1
ENDIJA,F,3,0,1
ENDIJS,M,14,0,5
ENEA,F,3,0,1
ENEA,M,15,0,5
ENEIDA,F,3,0,1
ENFYS,F,85,3,85
ENGIN,M,10,3,10
ENGJELL,M,3,0,1
ENIJA,F,16,0,5
ENIKO,F,4,0,1
ENIOLUWA,F,3,0,1
ENITAN,F,3,0,1
ENKI,M,3,0,1
ENNIO,M,9,0,3
ENO,M,3,0,1
ENOCK,M,6,0,2
ENOH,M,4,0,1
ENORA,F,6,0,2
ENOSH,M,3,0,1
ENRIC,M,5,0,2
ENRIK,M,3,0,1
ENSAR,M,35,0,12
ENXI,F,4,0,1
ENYA-GRACE,F,3,0,1
ENZA,F,6,0,2
ENZI,M,6,0,2
EPHIE,F,4,0,1
EPHRA,M,3,0,1
EPHRAM,M,6,0,2
EPHRATA,F,4,0,1
EPHREM,M,3,0,1
EPHRON,M,3,0,1
EPONINE,F,10,3,10
EPPIE,F,7,0,2
ERA,F,81,0,27
ERALD,M,3,0,1
ERALDA,F,3,0,1
ERALDO,M,3,3,3
ERAN,F,13,6,13
ERAN,M,29,6,29
ERBLIN,M,7,3,7
ERCAN,M,3,3,3
ERDEM,M,79,4,79
ERDI,M,34,0,11
EREN,F,22,6,22
ERENCAN,M,6,0,2
ERGI,M,16,0,5
ERGYS,M,3,0,1
ERI,M,6,3,6
ERIANA,F,4,0,1
ERICA-ROSE,F,3,0,1
ERIKO,M,3,0,1
ERIKS,M,8,0,3
ERIM,M,7,0,2
ERIN-,F,6,0,2
ERIND,M,9,0,3
ERIN-GRACE,F,5,0,2
ERIN-LEIGH,F,3,0,1
ERIN-LILY,F,3,0,1
ERIN-LOUISE,F,11,0,4
ERIN-MAE,F,25,0,8
ERIN-MAI,F,3,0,1
ERIN-MARIE,F,4,0,1
ERIN-MAY,F,6,0,2
ERINOLUWA,M,3,0,1
ERIN-ROSE,F,55,0,18
ERIOLUWA,F,14,0,5
ERIS,M,78,0,26
ERISELDA,F,3,0,1
ERJONA,F,4,0,1
ERLA,F,4,0,1
ERLANDAS,M,3,0,1
ERLIS,M,3,0,1
ERLISA,F,3,0,1
ERMAN,M,3,0,1
ERMELA,F,3,0,1
ERMIAS,M,3,0,1
ERMINA,F,10,0,3
ERMIR,M,6,0,2
ERMIRA,F,6,0,2
ERNESTAS,M,22,0,7
ERNESTINA,F,3,0,1
ERNESTINE,F,3,0,1
ERNESTO,M,48,0,16
ERNESTS,M,9,0,3
ERONA,F,19,0,6
ERRAN,F,9,0,3
ERRYN,F,15,6,15
ERSA,F,9,0,3
ERSAN,M,6,6,6
ERSIN,M,3,0,1
ERTAN,M,6,3,6
ERVA,F,22,0,7
ERVINAS,M,10,0,3
ERYK,M,411,0,137
ERYKA,F,29,6,29
ERYL,F,3,3,3
ERYS,F,3,0,1
ERZA,F,56,6,56
ESAA,M,20,0,7
ESAAH,M,3,0,1
ESAAM,M,3,0,1
ESAH,M,92,0,31
ESAMAE,F,6,0,2
ESAMAI,F,3,0,1
ESDRAS,M,6,0,2
ESELD,F,3,0,1
ESENGUL,F,3,0,1
ESEOGHENE,F,26,3,26
ESEOGHENE,M,3,0,1
ESEOSA,F,32,0,11
ESEOSA,M,6,0,2
ESER,M,3,0,1
ESEY,M,3,0,1
ESHAA,F,15,0,5
ESHAAL,F,494,0,165
ESHAAN,M,290,0,97
ESHAH,F,6,0,2
ESHAL,F,720,0,240
ESHANA,F,21,0,7
ESHANI,F,31,0,10
ESHAR,F,3,0,1
ESHIKA,F,15,0,5
ESHITA,F,9,0,3
ESI,F,12,3,12
ESILA,F,16,0,5
ESIN,F,36,4,36
ESINAM,F,4,0,1
ESLEM,F,17,0,6
ESMAE-GRACE,F,3,0,1
ESMAE-ROSE,F,43,0,14
ESMAI-ROSE,F,14,0,5
ESMANUR,F,21,0,7
ESMEA,F,3,0,1
ESMEE-LOUISE,F,4,0,1
ESMEE-ROSE,F,23,0,8
ESME-JADE,F,3,0,1
ESME-LOUISE,F,5,0,2
ESME-MARIE,F,4,0,1
ESME-RAE,F,5,0,2
ESME-ROSE,F,77,0,26
ESMIA,F,3,0,1
ESOSA,F,37,3,37
ESPEN,F,3,0,1
ESPEN,M,31,0,10
ESPERANCE,F,3,0,1
ESPERANZA,F,6,0,2
ESRAA,F,9,0,3
ESROM,M,23,0,8
ESSAH,M,9,0,3
ESSAM,M,19,0,6
ESSAN,M,3,0,1
ESSENCE,F,13,0,4
ESSEY,M,3,0,1
ESSI,F,3,0,1
ESSIA,F,3,0,1
ESTERA,F,111,0,37
ESTON,M,3,0,1
ESTRELA,F,3,0,1
ESTYN,M,6,0,2
ETAIN,F,3,0,1
ETAN,M,4,0,1
ETANA,F,63,0,21
ETANAS,M,3,0,1
ETHAN-JACK,M,3,0,1
ETHAN-JAMES,M,94,0,31
ETHAN-JAY,M,9,0,3
ETHAN-LEE,M,46,0,15
ETHEM,M,3,0,1
ETHNI,F,3,0,1
ETHYN,M,31,0,10
ETINOSA,F,4,0,1
ETINOSA,M,11,0,4
ETTA-MAE,F,6,0,2
ETTORE,M,9,0,3
EULALIE,F,4,0,1
EUN,F,15,0,5
EUN,M,4,0,1
EVAAN,M,6,0,2
EVA-BELLE,F,7,0,2
EVAH,F,22,0,7
EVA-JANE,F,7,0,2
EVA-JEAN,F,6,0,2
EVA-LEIGH,F,5,0,2
EVA-LILY,F,36,0,12
EVALIN,F,3,0,1
EVALINA,F,41,0,14
EVA-LOUISE,F,32,0,11
EVALYN,F,413,0,138
EVALYNE,F,3,0,1
EVALYNN,F,41,0,14
EVALYNNE,F,7,0,2
EVA-MAI,F,45,0,15
EVA-MARIA,F,13,0,4
EVA-MAY,F,92,0,31
EVANA,F,64,0,21
EVANAS,M,35,0,12
EVANGELENE,F,3,0,1
EVANGELIA,F,32,0,11
EVANI,F,16,0,5
EVANIA,F,13,0,4
EVANN,M,19,0,6
EVANNA,F,59,0,20
EVANNE,F,3,3,3
EVANTHE,F,3,0,1
EVANTHIA,F,6,0,2
EVA-RAE,F,16,0,5
EVA-SOPHIA,F,4,0,1
EVAYA,F,3,0,1
EVEA,F,3,0,1
EVEE,F,59,0,20
EVEIE,F,45,0,15
EVELEEN,F,16,0,5
EVELIA,F,3,0,1
EVELIEN,F,3,0,1
EVELLYN,F,3,0,1
EVELYNA,F,4,0,1
EVELYN-GRACE,F,16,0,5
EVELYN-MAE,F,4,0,1
EVELYN-MAY,F,9,0,3
EVELYNN-ROSE,F,3,0,1
EVELYN-ROSE,F,86,0,29
EVEN,M,3,0,1
EVERLIE,F,8,0,3
EVERT,M,3,0,1
EVIA,F,16,0,5
EVIANA,F,6,0,2
EVIE-,F,21,0,7
EVIE-ANN,F,11,0,4
EVIE-ANNE,F,4,0,1
EVIE-BELLE,F,5,0,2
EVIE-BLOSSOM,F,3,0,1
EVIEE,F,80,0,27
EVIE-FAITH,F,3,0,1
EVIE-HOPE,F,3,0,1
EVIE-JADE,F,3,0,1
EVIE-JAE,F,3,0,1
EVIE-JAI,F,7,0,2
EVIE-JANE,F,25,0,8
EVIE-JAYNE,F,9,0,3
EVIE-JEAN,F,23,0,8
EVIE-LEA,F,9,0,3
EVIE-LEE,F,23,0,8
EVIE-LEIGH,F,160,0,53
EVIE-LILLY,F,3,0,1
EVIE-LOU,F,14,0,5
EVIE-LOUISE,F,86,0,29
EVIE-LYNN,F,4,0,1
EVIE-MAE,F,688,0,229
EVIE-MAI,F,321,0,107
EVIE-MARIA,F,3,0,1
EVIE-MARIE,F,72,0,24
EVIE-MAY,F,339,0,113
EVIE-RAE,F,93,0,31
EVIE-SUE,F,3,0,1
EVIE-WILLOW,F,3,0,1
EVIIE,F,3,0,1
EVIJA,F,4,0,1
EVIN,M,43,0,14
EVINA,F,5,0,2
EVISSA,F,3,0,1
EVLYNN,F,15,0,5
EVNI,F,3,0,1
EVON,M,3,0,1
EVONY,F,9,0,3
EVREN,M,69,0,23
EVRON,M,3,0,1
EVVIE,F,6,0,2
EVYN,M,30,0,10
EWA,F,170,0,57
EWAOLUWA,F,9,0,3
EWELINA,F,46,0,15
EWOMAZINO,F,3,0,1
EWURA,F,3,0,1
EXAUCE,F,6,0,2
EXAUCE,M,35,0,12
EXAUCEE,F,6,0,2
EXCEL,F,10,0,3
EXCEL,M,3,0,1
EXCELLENT,M,3,0,1
EYAD,M,118,3,118
EYAL,M,13,0,4
EYHAB,M,3,0,1
EYLA,F,14,0,5
EYLEM,F,11,0,4
EYLUL,F,125,0,42
EYMAN,M,3,0,1
EYMEN,M,35,0,12
EYOB,M,11,0,4
EYOEL,M,6,0,2
EYRA,F,3,0,1
EYRAH,F,3,0,1
EYSAN,F,15,0,5
EYSHA,F,3,0,1
EYTAN,M,20,0,7
EYTHAN,M,13,0,4
EYUB,M,3,0,1
EYVA,F,3,0,1
EZAAN,M,32,0,11
EZAN,M,3,0,1
EZANA,M,33,0,11
EZARA,F,16,3,16
EZECHIEL,M,3,0,1
EZEL,F,31,0,10
EZEL,M,64,0,21
EZINNE,F,7,0,2
EZMAE,F,129,0,43
EZMAE-ROSE,F,3,0,1
EZRAE,F,3,0,1
EZRAH,F,8,0,3
EZZAH,F,66,0,22
FAA'IZAH,F,3,0,1
FAAKHIR,M,9,0,3
FAARIHA,F,3,0,1
FAATIMA-ZAHRA,F,3,0,1
FAAZ,M,14,0,5
FABEHA,F,8,0,3
FABIOLA,F,24,3,24
FABION,M,3,0,1
FABLE,F,3,0,1
FABLIHA,F,3,3,3
FABRICE,M,9,3,9
FADEELAH,F,3,0,1
FADEL,M,3,0,1
FADIA,F,9,0,3
FADIL,M,59,0,20
FADILA,F,11,0,4
FADIMA,F,3,0,1
FADWA,F,10,3,10
FADZAI,F,17,0,6
FAELAN,M,6,0,2
FAEZA,F,10,0,3
FAEZAH,F,3,0,1
FAFA,F,9,0,3
FAHEMA,F,10,6,10
FAHIMAH,F,25,3,25
FAHIMUL,M,6,6,6
FAHIZA,F,11,4,11
FAHMEDA,F,4,0,1
FAHMI,M,18,3,18
FAHMID,M,15,3,15
FAHMIDAH,F,8,0,3
FAHMINA,F,6,6,6
FAHREN,M,3,0,1
FAHRIN,F,3,3,3
FAHTIMA,F,13,0,4
FAI,F,9,3,9
FAIGA,F,3,0,1
FAIGY,F,58,5,58
FAIHA,F,8,0,3
FAIMA,F,5,0,2
FAIQ,M,22,3,22
FAIQA,F,24,3,24
FAITHE,F,6,0,2
FAITHIA,F,3,0,1
FAITH-LOUISE,F,16,0,5
FAITH-MARIE,F,20,0,7
FAITH-ROSE,F,3,0,1
FAIYAZ,M,43,6,43
FAJAR,F,79,0,26
FAJER,F,21,0,7
FAJR,F,105,0,35
FALAK,M,15,0,5
FALAN,F,3,3,3
FALAQ,F,148,5,148
FALEN,F,3,0,1
FALIHA,F,11,0,4
FALISHA,F,53,0,18
FALLON,M,26,0,9
FALLYN,F,7,0,2
FALON,F,22,0,7
FAMKE,F,8,0,3
FANTASIA,F,11,0,4
FANUEL,M,3,0,1
FARAI,F,4,0,1
FARAI,M,57,4,57
FARAJ,M,7,0,2
FARAN,M,51,6,51
FARDIN,M,27,3,27
FARDOWSA,F,58,5,58
FAREEDA,F,18,0,6
FAREEDAH,F,63,0,21
FAREEDAT,F,7,0,2
FAREEN,F,3,3,3
FAREENA,F,3,0,1
FAREES,M,3,0,1
FAREN,M,3,0,1
FARES,M,112,3,112
FARHAAD,M,6,0,2
FARHANAH,F,16,3,16
FARIAH,F,51,4,51
FARIDAT,F,25,0,8
FARIDEH,F,5,0,2
FARINA,F,6,0,2
FARISHA,F,6,0,2
FARIYA,F,27,3,27
FARIYAH,F,3,0,1
FARIZ,M,3,0,1
FARKHAN,M,3,0,1
FARMAN,M,6,0,2
FARNAZ,F,4,4,4
FARON,F,6,0,2
FAROUK,M,51,5,51
FAROUQ,M,19,6,19
FARRADEH,F,3,0,1
FARRAN,M,36,0,12
FARREL,M,3,0,1
FARRELL,F,4,4,4
FARRIN,F,3,0,1
FARRON,F,3,0,1
FARRON,M,43,0,14
FARRUKH,M,6,3,6
FARRYL,F,3,0,1
FARRYN,F,5,0,2
FARTUN,F,10,0,3
FARWA,F,47,0,16
FARWAH,F,27,3,27
FARYAAL,F,20,0,7
FARYN,F,6,0,2
FARZAD,M,22,0,7
FARZAN,M,24,3,24
FARZEEN,F,10,6,10
FASEEHA,F,20,3,20
FASIHA,F,6,0,2
FATAMA,F,7,3,7
FATEEMA,F,10,0,3
FATEH,M,62,4,62
FATHIA,F,62,0,21
FATHIMAH,F,9,0,3
FATHIYA,F,13,0,4
FATHMA,F,11,0,4
FATIHAH,F,20,0,7
FATIMAHZAHRA,F,3,0,1
FATIMAH-ZAHRA,F,25,0,8
FATIMAH-ZAHRAH,F,3,0,1
FATIMAT,F,6,3,6
FATIMATOU,F,4,0,1
FATIMA-TUZ-ZAHRA,F,4,0,1
FATIMA-ZAHRA,F,26,0,9
FATIN,F,6,3,6
FATMAH,F,3,0,1
FATMANUR,F,8,0,3
FATMATA,F,58,4,58
FATOS,F,9,3,9
FATOUMATA,F,161,6,161
FATOUMATTA,F,45,0,15
FATUMATA,F,14,0,5
FAUNA,F,3,0,1
FAUSTA,F,43,0,14
FAUSTAS,M,46,0,15
FAUSTE,F,3,0,1
FAUSTINA,F,11,0,4
FAUSTINE,F,4,0,1
FAUSTO,M,3,0,1
FAUSTYNA,F,6,0,2
FAUVE,F,4,4,4
FAUZAN,M,13,0,4
FAUZIAH,F,3,0,1
FAVOR,F,4,0,1
FAWAAZ,M,9,0,3
FAWAD,M,68,4,68
FAWWAZ,M,62,4,62
FAWZAAN,M,3,0,1
FAWZAN,M,10,0,3
FAWZIYA,F,3,0,1
FAYAAZ,M,9,0,3
FAYED,M,6,6,6
FAYE-LOUISE,F,12,0,4
FAYE-MARIE,F,3,0,1
FAYEZ,M,24,5,24
FAYHA,F,59,0,20
FAYOLA,F,3,3,3
FAYROUZ,F,3,0,1
FAYTHE,F,5,0,2
FAYYAD,M,7,0,2
FAYYAZ,M,18,0,6
FAYZAAN,M,12,0,4
FAYZAN,M,82,3,82
FAZAAN,M,3,3,3
FAZAN,M,18,3,18
FAZEEL,M,3,3,3
FAZIL,M,11,0,4
FEBE,F,19,0,6
FEBIN,M,3,0,1
FEDOR,M,10,0,3
FEDORA,F,13,0,4
FEHZAAN,M,11,3,11
FEI,F,4,0,1
FEIGY,F,86,5,86
FEISAL,M,3,0,1
FEIVEL,M,6,3,6
FELESHA,F,3,3,3
FELICITAS,F,6,0,2
FELICITY-MAY,F,3,0,1
FELICITY-ROSE,F,15,0,5
FELICJA,F,6,0,2
FELIKS,M,57,0,19
FELISHA,F,13,4,13
FENIL,M,3,0,1
FENNELLA,F,3,0,1
FEODOR,M,3,0,1
FERAH,F,3,3,3
FERAS,M,14,3,14
FERDAWS,M,8,0,3
FERDIA,M,3,0,1
FERDOUS,F,6,3,6
FERDOUS,M,3,0,1
FERDOUSI,F,7,3,7
FERDOWS,M,3,0,1
FERENC,M,6,0,2
FERHAN,M,9,0,3
FERHAT,M,20,4,20
FERIDE,F,3,0,1
FERIEL,F,6,0,2
FEROZE,M,3,3,3
FERRELL,M,3,0,1
FESTUS,M,6,0,2
FEVEN,F,3,0,1
FEYISAYO,F,3,0,1
FEYNMAN,M,4,0,1
FEYSAL,M,4,0,1
FEYZA,F,21,0,7
FEZA,F,3,0,1
FEZHAN,M,3,3,3
FFYON,F,7,7,7
FFYONA,F,6,6,6
FIAZA,F,6,3,6
FIDA,F,6,0,2
FIDA,M,3,0,1
FIDAH,M,3,0,1
FIIFI,M,9,0,3
FIKRET,M,3,0,1
FILIPP,M,3,0,1
FILIPPOS,M,17,0,6
FILIPS,M,3,0,1
FILLIP,M,3,0,1
FILMON,M,3,3,3
FILSAN,F,38,3,38
FILZA,F,42,4,42
FINA,F,3,0,1
FINJA,F,5,0,2
FINLEY-J,M,3,0,1
FINNICK,M,7,0,2
FINNLEE,M,7,0,2
FINNLEIGH,M,3,0,1
FION,F,3,0,1
FIRAZ,M,5,0,2
FIROZA,F,3,0,1
FISNIK,M,9,3,9
FITZGERALD,M,4,0,1
FITZROY,M,7,0,2
FIYINFOLUWA,M,27,0,9
FIYINFUNOLUWA,F,3,0,1
FIZAA,F,4,0,1
FIZAAN,M,23,0,8
FIZAN,M,34,0,11
FIZZA,F,136,5,136
FIZZAH,F,125,5,125
FLO,F,113,0,38
FLOELLA,F,12,0,4
FLORENCE-MAY,F,7,0,2
FLORENCE-ROSE,F,8,0,3
FLORENCIA,F,14,0,5
FLORENTIA,F,7,0,2
FLORENTINA,F,26,0,9
FLORENTINE,F,16,0,5
FLORIA,F,4,0,1
FLORIANA,F,17,0,6
FLORINA,F,8,0,3
FLORIS,M,3,0,1
FLORYN,F,6,0,2
FLOSSIE,F,18,0,6
FODAY,M,10,0,3
FOLABOMI,F,4,0,1
FOLARIN,M,10,0,3
FORBES,M,12,6,12
FOREST,F,3,3,3
FORID,M,3,3,3
FOUAD,M,17,0,6
FOWZIA,F,24,5,24
FOYEZ,M,3,3,3
FOYZUL,M,5,5,5
FRAIDA,F,3,0,1
FRAIYA,F,9,0,3
FRAN,M,25,0,8
FRANCA,F,3,0,1
FRANCESCA-ROSE,F,4,0,1
FRANCIE,M,10,0,3
FRANCISZEK,M,604,0,201
FRANCK,M,12,0,4
FRANEK,M,79,0,26
FRANKA,F,7,0,2
FRANKE,M,3,0,1
FRANKEE,F,76,0,25
FRANKEE,M,31,0,10
FRANKEY,M,39,0,13
FRANKI,M,34,0,11
FRANKIE-ANN,F,3,0,1
FRANKIE-DEAN,M,3,0,1
FRANKIEE,F,3,0,1
FRANKIE-GEORGE,M,9,0,3
FRANKIE-J,M,4,0,1
FRANKIE-JAMES,M,24,0,8
FRANKIE-JANE,F,3,0,1
FRANKIE-JAY,F,4,0,1
FRANKIE-JAY,M,27,0,9
FRANKIE-JO,F,3,0,1
FRANKIE-JOE,M,31,0,10
FRANKIE-JOHN,M,3,0,1
FRANKIE-LEA,F,8,0,3
FRANKIE-LEE,F,12,0,4
FRANKIE-LEE,M,95,3,95
FRANKIE-LEIGH,F,71,0,24
FRANKIE-LOUISE,F,6,0,2
FRANKIE-MAE,F,18,0,6
FRANKIE-MAI,F,12,0,4
FRANKIE-MARIE,F,9,0,3
FRANKIE-MAY,F,15,0,5
FRANKIE-RAE,F,20,0,7
FRANKIE-RAE,M,3,0,1
FRANKIE-RAY,M,4,0,1
FRANKIE-ROSE,F,20,0,7
FRANKII,F,6,0,2
FRANKO,M,15,0,5
FRANTISEK,M,26,0,9
FRANZISKA,F,16,6,16
FRAYAH,F,38,0,13
FRAYER,F,31,3,31
FRAZEY,F,3,0,1
FREA,F,11,3,11
FREDDI,M,47,0,16
FREDDIE-GEORGE,M,4,0,1
FREDDIE-JAMES,M,37,0,12
FREDDIE-JAY,M,24,0,8
FREDDIE-JOE,M,16,0,5
FREDDIE-JOHN,M,3,0,1
FREDDIE-LEE,M,55,0,18
FREDDIE-RAY,M,10,0,3
FREDDY-JAMES,M,3,0,1
FREDDY-LEE,M,3,0,1
FREDI,M,16,0,5
FREEMAN,M,10,0,3
FREIDY,F,28,4,28
FREIJA,F,19,0,6
FRESHTA,F,17,0,6
FREYA-ANN,F,6,0,2
FREYA-ANNE,F,4,0,1
FREYA-LEIGH,F,13,0,4
FREYA-LILLY,F,4,0,1
FREYA-LILY,F,3,0,1
FREYA-LOUISE,F,45,0,15
FREYA-MAE,F,59,0,20
FREYA-MAI,F,29,0,10
FREYA-MARIE,F,12,0,4
FREYA-MAY,F,32,0,11
FREYA-ROSE,F,103,0,34
FREYJA-ROSE,F,3,0,1
FRIEDERIKE,F,3,0,1
FRIEDY,F,3,0,1
FRISHTA,F,6,0,2
FRUZSINA,F,3,0,1
FRYDERYK,M,31,0,10
FUAAD,M,7,0,2
FUCHSIA,F,16,0,5
FUNMILAYO,F,6,0,2
FUNMILOLA,F,3,0,1
FUZAIL,M,6,0,2
FYN,M,22,0,7
FYNLAY,M,50,0,17
FYNLEE,M,17,0,6
FYNNLEY,M,77,0,26
FYODOR,M,3,0,1
GABIA,F,22,0,7
GABIJA,F,345,0,115
GABRIAL,M,14,0,5
GABRIELIS,M,20,0,7
GABRIELLA-ROSE,F,3,0,1
GABRIELS,M,41,0,14
GAD,M,7,0,2
GADI,M,4,0,1
GAEL,M,69,0,23
GAELLE,F,12,0,4
GAETANO,M,4,0,1
GAGAN,F,10,3,10
GAGANPREET,F,6,6,6
GAGANPREET,M,3,3,3
GAJA,F,31,0,10
GAL,M,4,0,1
GALIA,F,8,0,3
GALINA,F,3,0,1
GALLA,F,3,0,1
GALLAGHER,M,7,0,2
GALVIN,M,3,0,1
GAMAL,M,6,3,6
GAMAR,F,3,0,1
GANEVE,F,5,0,2
GANGA,F,6,0,2
GARANCE,F,10,0,3
GARGI,F,11,0,4
GARREN,M,3,0,1
GAURI,F,75,0,25
GAURIKA,F,4,0,1
GAUTAM,M,46,0,15
GAUTHAM,M,31,0,10
GAVAN,M,10,0,3
GAVRIELLA,F,3,0,1
GAVYN,M,3,3,3
GAYA,F,4,0,1
GAYATHIRI,F,3,3,3
GAYATHRI,F,27,0,9
GAYATRI,F,20,4,20
GAZI,M,10,0,3
GBEMISOLA,F,6,0,2
GBOLAHAN,M,14,0,5
GEDALIA,M,4,0,1
GEDALYA,M,4,0,1
GEDEON,M,17,0,6
GEDIMINAS,M,6,0,2
GEET,F,19,0,6
GEETIKA,F,4,0,1
GELILA,F,15,0,5
GEM,F,7,0,2
GEM,M,20,6,20
GENA,F,7,7,7
GENEVE,F,3,0,1
GENEZA,F,3,0,1
GENNARO,M,15,0,5
GENSON,M,3,0,1
GENTA,F,4,0,1
GENTIAN,M,3,3,3
GENTIANA,F,6,3,6
GENTRIT,M,12,4,12
GEO,M,15,0,5
GEORG,M,3,0,1
GEORGEE,F,3,0,1
GEORGE-HENRY,M,3,0,1
GEORGE-JAMES,M,6,0,2
GEORGE-WILLIAM,M,3,0,1
GEORGEY,M,10,0,3
GEORGIA-GRACE,F,20,0,7
GEORGIA-MAI,F,25,3,25
GEORGIA-RAE,F,10,0,3
GEORGIE-ANN,F,4,0,1
GEORGIE-LEE,F,3,0,1
GEORGIE-LEE,M,4,0,1
GEORGIE-LEIGH,F,13,0,4
GEORGIE-MAE,F,27,0,9
GEORGIE-MAI,F,3,0,1
GEORGIE-MAY,F,24,0,8
GEORGIE-RAE,F,9,0,3
GEORGIE-ROSE,F,7,0,2
GEORGIY,M,9,0,3
GEORGY,M,16,0,5
GEORJA,F,6,3,6
GEOVANNA,F,6,0,2
GEOVANNI,M,7,0,2
GERARDAS,M,6,0,2
GERASIMOS,M,3,0,1
GERGANA,F,11,0,4
GERGELY,M,3,0,1
GERGO,M,15,0,5
GERI,M,3,0,1
GERRAN,M,3,0,1
GERSHON,M,17,0,6
GERSON,M,3,0,1
GERTIE,F,4,0,1
GESSICA,F,7,4,7
GETHEN,M,3,0,1
GEVORG,M,3,0,1
GHADA,F,3,3,3
GHADEER,F,3,0,1
GHAFOOR,M,3,3,3
GHALA,F,4,0,1
GHANIA,F,14,3,14
GHANIM,M,3,0,1
GHASSAN,M,10,0,3
GHEORGHE,M,15,0,5
GHINA,F,5,0,2
GHITA,F,4,0,1
GHULAM,F,11,3,11
GHYLL,M,7,0,2
GIAAN,M,12,0,4
GIANMARCO,M,4,0,1
GIANNIS,M,4,0,1
GIANPAOLO,M,3,0,1
GIBRIL,M,59,0,20
GILDA,F,5,0,2
GILLAN,M,5,0,2
GILLEN,M,3,0,1
GILLY,M,6,0,2
GINTARE,F,6,0,2
GIOIA,F,8,0,3
GIORGIANA,F,3,0,1
GIOVANNY,M,3,0,1
GIPSY,F,3,0,1
GIRAY,M,3,0,1
GITEL,F,3,0,1
GIVERNY,F,9,3,9
GIYA,F,11,0,4
GJERGJ,M,3,0,1
GLAIN,F,13,0,4
GLODI,M,7,0,2
GLODY,M,10,3,10
GLORIJA,F,3,0,1
GODA,F,168,0,56
GODSON,M,9,0,3
GOKAY,M,3,3,3
GOKCE,F,4,0,1
GOKDENIZ,M,3,0,1
GOKUL,M,3,0,1
GOKULAN,M,3,3,3
GOLAM,M,4,0,1
GOLDEN,M,6,0,2
GONZALO,M,10,0,3
GORGIA,F,4,0,1
GORKEM,M,3,0,1
GOURAV,M,3,0,1
GOURI,F,6,0,2
GOUTHAM,M,3,0,1
GOVINDER,M,4,4,4
GOWRI,F,6,0,2
GOWTHAM,M,3,0,1
GRACE,M,3,0,1
GRACEE,F,6,0,2
GRACE-ELIZABETH,F,13,0,4
GRACE-KELLY,F,3,0,1
GRACE-LEIGH,F,6,0,2
GRACE-LILY,F,12,0,4
GRACE-LOUISE,F,28,0,9
GRACELYN,F,33,0,11
GRACE-MARIE,F,19,0,6
GRACE-MAY,F,6,0,2
GRACE-OLIVIA,F,7,0,2
GRACE-ROSE,F,3,0,1
GRACEY,F,255,4,255
GRACEY-MAI,F,3,0,1
GRACEY-MAY,F,10,0,3
GRACI,F,26,0,9
GRACIANA,F,3,0,1
GRACIE-,F,6,0,2
GRACIE-ANN,F,26,0,9
GRACIE-ANNE,F,21,0,7
GRACIE-BELLE,F,3,0,1
GRACIE-JANE,F,39,0,13
GRACIE-JAYNE,F,9,0,3
GRACIE-JEAN,F,4,0,1
GRACIE-JO,F,21,0,7
GRACIELA,F,11,0,4
GRACIE-LEA,F,31,0,10
GRACIELLA,F,11,0,4
GRACIE-LOU,F,79,0,26
GRACIE-LOUISE,F,25,0,8
GRACIE-MAI,F,345,0,115
GRACIE-MARIE,F,10,0,3
GRACIEMAY,F,3,0,1
GRACIE-RAE,F,37,0,12
GRACIE-ROSE,F,91,0,30
GRADI,M,18,3,18
GRADY,F,3,3,3
GRAICE,F,3,0,1
GRANTAS,M,27,0,9
GRAY,M,115,0,38
GRAYCIE,F,7,0,2
GRAYDON,M,9,0,3
GRAYSEN,M,12,0,4
GRAYSON,M,1208,0,403
GRAZIA,F,3,0,1
GREATNESS,M,3,0,1
GREER,F,9,6,9
GREGORIO,M,8,0,3
GREJSI,F,6,0,2
GRETCHEN,F,26,0,9
GREY,M,12,0,4
GREYSEN,M,3,0,1
GREYSON,M,148,0,49
GRIFFYDD,M,21,0,7
GRIGORIOS,M,3,0,1
GRIGORIY,M,3,0,1
GRISHMA,F,3,0,1
GRISMA,F,3,0,1
GRZEGORZ,M,86,0,29
GULAY,F,10,3,10
GULEED,M,4,0,1
GULIZAR,F,3,0,1
GULLU,F,4,0,1
GULRAIZ,M,3,3,3
GULSAH,F,3,3,3
GULUSTAN,F,8,0,3
GULUZAR,F,4,0,1
GUNEET,F,60,6,60
GUNEET,M,3,0,1
GUNES,F,6,0,2
GUNEY,M,60,6,60
GUNNAR,M,19,0,6
GUNREET,F,7,0,2
GUNVEER,M,3,0,1
GURAMRIT,M,3,0,1
GURANSH,M,6,0,2
GURBANI,F,19,0,6
GURBIR,M,7,7,7
GURCHETAN,M,3,3,3
GURDEEP,F,6,6,6
GURDIT,M,36,6,36
GUREKAM,M,3,0,1
GURFATEH,M,31,0,10
GURJAS,M,10,0,3
GURJEET,F,12,6,12
GURJEEVAN,F,5,0,2
GURJIT,F,4,4,4
GURJOT,F,26,0,9
GURJOT,M,66,0,22
GURJYOT,F,3,0,1
GURKAN,M,9,3,9
GURKIRAT,F,27,0,9
GURMAAN,M,12,0,4
GURMAN,F,3,0,1
GURMAN,M,47,0,16
GURMEET,M,6,6,6
GURMINDER,M,5,5,5
GURNAIK,M,5,5,5
GURNAM,M,3,0,1
GURNEET,M,3,0,1
GURNEK,M,11,0,4
GURNOOR,F,87,0,29
GURNOOR,M,79,0,26
GURPRIYA,F,3,0,1
GURRAJ,M,7,0,2
GURREET,F,3,0,1
GURSAHEJ,M,3,0,1
GURSAHIB,M,35,0,12
GURSEERAT,F,19,0,6
GURSEHAJ,M,9,0,3
GURSEV,M,4,0,1
GURSHAAN,F,7,0,2
GURSHAAN,M,81,0,27
GURSHARAN,M,12,0,4
GURSIMAR,F,13,0,4
GURSIRAT,F,10,0,3
GURTAAJ,M,4,0,1
GURTAJ,M,32,0,11
GURTARAN,M,15,0,5
GURVEEN,F,25,5,25
GURVEER,F,6,0,2
GUSTAF,M,6,0,2
GUSTAVS,M,45,0,15
GUSTAW,M,18,0,6
GUSTE,F,89,0,30
GUVEN,M,6,6,6
GVIDAS,M,7,0,2
GWENO,F,3,0,1
GYAAN,M,4,0,1
GYAN,M,27,0,9
GYPSEY,F,7,0,2
GYPSIE,F,18,3,18
GYPSY-MAY,F,3,0,1
GYPSY-ROSE,F,3,0,1
GYTIS,M,6,0,2
HAAD,M,6,0,2
HAADI,M,126,0,42
HAADIA,F,29,0,10
HAADIYAH,F,109,3,109
HAAFIZAH,F,27,5,27
HAAJAR,F,28,0,9
HAAJIRAH,F,56,3,56
HAALA,F,15,0,5
HAALAH,F,13,0,4
HAANA,F,3,0,1
HAANI,M,3,0,1
HAANIA,F,38,0,13
HAANIAH,F,17,0,6
HAANIYA,F,54,0,18
HAANIYAH,F,30,0,10
HAARISAH,F,22,3,22
HAARITH,M,35,3,35
HAASHIR,M,39,0,13
HAASINI,F,3,0,1
HAAWA,F,3,0,1
HAAZIQ,M,50,3,50
HABEEL,M,9,0,3
HABEN,F,3,0,1
HABEN,M,3,0,1
HABIBAT,F,6,0,2
HABIBUL,M,3,0,1
HABIBULLAH,M,17,0,6
HABIIBA,F,6,0,2
HABON,F,3,0,1
HABOON,F,3,0,1
HADAR,F,3,0,1
HADARA,F,3,0,1
HADASA,F,3,0,1
HADASSA,F,83,5,83
HADDIE,F,3,0,1
HADDIJATOU,F,6,3,6
HADDON,M,3,0,1
HADDYJATOU,F,12,0,4
HADEAL,F,3,0,1
HADEE,M,3,0,1
HADEED,M,16,0,5
HADEEQAH,F,10,3,10
HADID,M,10,0,3
HADIJA,F,15,0,5
HADIJATOU,F,3,0,1
HADIKA,F,6,3,6
HADIL,F,28,0,9
HADIQAH,F,21,4,21
HADIS,M,3,0,1
HADIYYAH,F,9,0,3
HADIZA,F,6,3,6
HADJA,F,9,0,3
HADJER,F,22,0,7
HADLEE,M,4,0,1
HADLEIGH,F,4,0,1
HADLEY-JAMES,M,3,0,1
HADY,M,9,0,3
HADYA,F,48,0,16
HAFEEZA,F,29,6,29
HAFEEZAH,F,6,3,6
HAFEZA,F,3,0,1
HAFIZ,M,48,3,48
HAFIZUR,M,9,3,9
HAFSHA,F,4,0,1
HAFSO,F,3,0,1
HAFSSA,F,3,0,1
HAFWEN,F,10,0,3
HAFZAH,F,4,0,1
HAI,F,4,0,1
HAIDEN,F,6,0,2
HAIDER-ALI,M,18,0,6
HAIDYN,M,4,0,1
HAIKA,F,3,3,3
HAIKAL,M,3,0,1
HAILA,F,3,0,1
HAILEE,F,15,0,5
HAILIE-JADE,F,17,0,6
HAILLIE,F,3,0,1
HAIMI,F,3,0,1
HAIQAH,F,3,0,1
HAISAM,M,3,0,1
HAITHEM,M,3,0,1
HAIZEA,F,3,0,1
HAJARAH,F,20,0,7
HAJERAH,F,3,0,1
HAJIR,F,3,0,1
HAJR,F,3,0,1
HAKIMA,F,7,0,2
HALAH,F,3,3,3
HALAINA,F,3,3,3
HALE,F,4,0,1
HALEEMA-SADIA,F,3,0,1
HALEEMAT,F,3,0,1
HALENA,F,7,3,7
HALIA,F,10,0,3
HALIE,F,3,0,1
HALIMA-SADIA,F,4,0,1
HALIMAT,F,26,4,26
HALIMO,F,12,0,4
HALIT,M,11,0,4
HALIYAH,F,14,0,5
HALIYAT,F,6,0,2
HALLA,F,26,0,9
HALLEE,F,12,0,4
HALLE-MAE,F,30,0,10
HALLE-MAI,F,3,0,1
HALLE-RAE,F,9,0,3
HALLE-ROSE,F,11,0,4
HALLEY,F,3,0,1
HALLIE-GRACE,F,7,0,2
HALLIE-MAE,F,47,0,16
HALLIE-MAI,F,9,0,3
HALLIE-MARIE,F,3,0,1
HALLIE-MAY,F,13,0,4
HALLIE-RAE,F,17,0,6
HALLIE-ROSE,F,28,0,9
HAMASA,F,3,0,1
HAMD,M,13,0,4
HAMDAAN,M,52,3,52
HAMDAH,F,3,0,1
HAMDAN,M,153,4,153
HAMDI,M,9,3,9
HAMDY,M,3,0,1
HAMEDA,F,6,3,6
HAMEEDA,F,22,0,7
HAMEEDAH,F,14,0,5
HAMEEM,M,9,0,3
HAMIDULLAH,M,3,0,1
HAMIM,M,41,0,14
HAMIMA,F,9,0,3
HAMIZ,M,3,0,1
HAMMAM,M,13,0,4
HAMMED,M,9,3,9
HAMOOD,M,4,0,1
HAN,F,41,0,14
HANADI,F,3,0,1
HANAIYA,F,3,0,1
HANAN,M,34,4,34
HANASA,F,26,0,9
HANAYA,F,18,0,6
HANEEF,M,34,3,34
HANEET,F,4,0,1
HANFA,F,52,0,17
HANFAA,F,9,3,9
HANG,F,4,4,4
HANGA,F,6,0,2
HANIEL,F,3,0,1
HANIEL,M,18,0,6
HANIKA,F,3,0,1
HANIN,F,47,4,47
HANIYAH,F,165,0,55
HANIYYA,F,3,0,1
HANIYYAH,F,29,0,10
HANNAA,F,13,3,13
HANNES,M,19,3,19
HANNI,F,3,0,1
HANNIBAL,M,3,0,1
HANNIEL,M,6,0,2
HANNIYA,F,4,0,1
HANNO,M,3,0,1
HANO,M,26,0,9
HANSAH,F,3,0,1
HANSHIKA,F,4,0,1
HANSIKA,F,30,0,10
HANSINI,F,3,0,1
HANSON,M,46,0,15
HANY,F,11,0,4
HANZ,M,3,0,1
HANZALA,M,53,0,18
HANZLAH,M,3,0,1
HAO,F,3,0,1
HAO,M,172,6,172
HAORAN,M,3,0,1
HAOXUAN,M,3,0,1
HAOYU,M,3,0,1
HAQEEM,M,3,3,3
HARAJAN,M,3,0,1
HARAM,F,16,0,5
HARAS,M,11,3,11
HARBINDER,M,3,3,3
HARBOR,F,4,0,1
HARBOUR,F,4,0,1
HARDIK,M,4,0,1
HARDIT,M,3,0,1
HAREEM,F,323,0,108
HAREEM,M,3,0,1
HAREENA,F,3,3,3
HAREER,F,3,0,1
HAREL,M,3,0,1
HARESH,M,42,3,42
HARETH,M,3,0,1
HARFATEH,M,6,0,2
HARGUN,F,71,0,24
HARIHARAN,M,3,0,1
HARIN,M,7,0,2
HARINE,F,3,0,1
HARISA,F,12,0,4
HARISAH,F,15,3,15
HARISAN,M,3,3,3
HARISHAN,M,19,0,6
HARISS,M,12,0,4
HARISSON,M,3,0,1
HARIT,M,4,0,1
HARITA,F,3,0,1
HARITHA,F,7,0,2
HARIZ,M,20,0,7
HARJAAP,M,3,0,1
HARJAP,M,3,0,1
HARJAS,F,3,0,1
HARJAS,M,35,0,12
HARJEET,F,10,0,3
HARJINDER,F,3,3,3
HARJIVAN,M,3,0,1
HARJODH,M,3,0,1
HARJOTH,F,3,3,3
HARJOVAN,M,3,0,1
HARJUN,M,3,0,1
HARJYOT,M,3,0,1
HARKEERAT,M,12,3,12
HARKIERAN,M,3,3,3
HARKIRAT,F,36,0,12
HARKRISHAN,M,9,0,3
HARLA,F,6,0,2
HARLEA,F,11,0,4
HARLEI,F,3,0,1
HARLEIGH-MAE,F,3,0,1
HARLEIGH-MAI,F,3,0,1
HARLEIGH-RAE,F,5,0,2
HARLEM,F,6,0,2
HARLEY-DEAN,M,3,0,1
HARLEY-JACK,M,8,0,3
HARLEY-JAE,M,10,0,3
HARLEY-JAI,M,20,0,7
HARLEY-JAMES,M,129,0,43
HARLEY-JOE,M,42,0,14
HARLEY-JOHN,M,6,0,2
HARLEY-LEE,M,14,0,5
HARLEY-MAE,F,8,0,3
HARLEY-MAY,F,4,0,1
HARLEY-OWEN,M,3,0,1
HARLEY-QUINN,F,8,0,3
HARLEY-RAE,F,7,0,2
HARLEY-RAE,M,3,0,1
HARLEY-RAY,M,29,0,10
HARLEY-REECE,M,3,0,1
HARLEY-ROSE,F,33,0,11
HARLI,F,38,0,13
HARLI,M,19,0,6
HARLIE-ROSE,F,4,0,1
HARLIN,F,3,0,1
HARLOE,F,3,0,1
HARLOW-ROSE,F,4,0,1
HARLUN,M,3,0,1
HARLY,M,28,0,9
HARLYN,F,5,0,2
HARLYN,M,26,0,9
HARMAAN,M,4,0,1
HARMAN,F,58,0,19
HARMANDEEP,M,6,0,2
HARMANI,F,44,0,15
HARMANJIT,M,6,0,2
HARMANNAT,F,3,0,1
HARMANPREET,F,16,3,16
HARMANPREET,M,13,3,13
HARMONEY,F,3,0,1
HARMONI,F,71,0,24
HARMONIE-ROSE,F,3,0,1
HARMONY-GRACE,F,9,0,3
HARMONY-ROSE,F,33,0,11
HARNAIK,M,4,4,4
HARNAM,M,12,0,4
HARNEET,M,3,0,1
HARNOOP,F,3,0,1
HARNOOR,F,57,0,19
HAROLDAS,M,10,0,3
HARON,M,41,0,14
HARPER-GRACE,F,17,0,6
HARPER-JANE,F,3,0,1
HARPER-JO,F,3,0,1
HARPER-LEE,F,7,0,2
HARPER-LEIGH,F,26,0,9
HARPER-LILLY,F,14,0,5
HARPER-LILY,F,12,0,4
HARPER-LOUISE,F,9,0,3
HARPER-MAE,F,22,0,7
HARPER-MAI,F,9,0,3
HARPER-MAY,F,3,0,1
HARPER-RAE,F,35,0,12
HARPER-ROSE,F,107,0,36
HARPER-WILLOW,F,3,0,1
HARPRIYA,F,8,0,3
HARRAJ,M,3,3,3
HARRI,F,16,6,16
HARRIET-ROSE,F,4,0,1
HARRIETTA,F,6,0,2
HARRIS,F,3,3,3
HARRISEN,M,3,0,1
HARRISH,M,22,0,7
HARRISON-BLAKE,M,3,0,1
HARRISON-JAMES,M,19,0,6
HARRISON-LEE,M,20,0,7
HARRISSON,M,35,6,35
HARROOP,M,3,0,1
HARRY-DAVID,M,3,0,1
HARRY-GEORGE,M,10,0,3
HARRY-JACK,M,6,0,2
HARRY-JAY,M,16,0,5
HARRY-JOE,M,7,0,2
HARRY-JOHN,M,6,0,2
HARRY-LEE,M,46,0,15
HARRYSON,M,24,3,24
HARSAHIB,M,9,0,3
HARSEERAT,F,14,0,5
HARSHA,F,6,3,6
HARSHAAN,M,24,0,8
HARSHAL,M,14,4,14
HARSHAN,M,4,0,1
HARSHARAN,F,9,0,3
HARSHDEEP,M,6,0,2
HARSHI,F,3,0,1
HARSHIKA,F,9,0,3
HARSHINI,F,52,0,17
HARSHITA,F,42,0,14
HARSHITH,M,7,0,2
HARSHITHA,F,4,0,1
HARSHIV,M,14,3,14
HARSHNI,F,6,0,2
HARSHVEER,M,4,0,1
HARSIMAR,F,10,0,3
HARSIMRAT,F,15,6,15
HARSIRAT,F,4,0,1
HARSUKH,M,3,0,1
HARTEJ,M,12,3,12
HARUNA,F,7,4,7
HARUTO,M,3,0,1
HARUUN,M,21,0,7
HARVEE,M,14,0,5
HARVEEN,M,3,3,3
HARVEER,F,3,0,1
HARVEY-DEAN,M,3,0,1
HARVEY-GEORGE,M,3,0,1
HARVEY-JACK,M,6,0,2
HARVEY-JAI,M,8,0,3
HARVEY-JAY,M,83,0,28
HARVEY-JOE,M,13,0,4
HARVEYLEE,M,5,0,2
HARVEY-LEIGH,M,6,0,2
HARVEY-RAY,M,3,0,1
HARVI,M,38,0,13
HARVIE,F,4,0,1
HARVIND,M,3,3,3
HARVY,M,13,0,4
HARYAN,M,3,0,1
HASAAM,M,3,3,3
HASANA,F,6,0,2
HASANAH,F,6,0,2
HASANAIN,M,13,3,13
HASANAT,F,11,0,4
HASANAYN,M,3,0,1
HASEEBAH,F,3,0,1
HASEENAH,F,14,6,14
HASENAT,F,4,0,1
HASHAAM,M,15,0,5
HASHMAT,M,4,0,1
HASHMEET,M,3,0,1
HASHVEER,M,3,0,1
HASIBAH,F,8,0,3
HASIFA,F,6,0,2
HASIM,M,10,0,3
HASIN,M,14,3,14
HASINAH,F,17,5,17
HASINI,F,29,0,10
HASNAA,F,3,3,3
HASNAH,F,3,0,1
HASNATH,M,3,3,3
HASNAYN,M,3,0,1
HASRET,F,3,0,1
HASSAM,M,14,4,14
HASTI,F,54,0,18
HASTIN,M,3,0,1
HASTY,F,8,0,3
HASTYAR,M,3,0,1
HATEM,M,3,0,1
HATTY,F,32,0,11
HAVA,F,21,0,7
HAVAL,M,3,0,1
HAVANAH,F,8,0,3
HAVANNAH,F,15,0,5
HAVEN,F,13,0,4
HAVEN,M,10,0,3
HAVIN,F,124,0,41
HAVISHA,F,4,0,1
HAVVA,F,17,3,17
HAWAA,F,51,0,17
HAWABIBI,F,4,0,1
HAWAH,F,14,0,5
HAWANATU,F,3,0,1
HAWDAM,M,3,0,1
HAWRAA,F,4,0,1
HAWWAA,F,29,0,10
HAWWAH,F,10,0,3
HAWYS,F,9,3,9
HAYAA,F,32,0,11
HAYAAN,M,44,3,44
HAYAAT,F,17,0,6
HAYAH,F,40,3,40
HAYAL,F,3,0,1
HAYAN,M,22,0,7
HAYAT,M,3,0,1
HAYDEE,F,6,0,2
HAYDEN-JAMES,M,18,0,6
HAYDEN-LEE,M,12,0,4
HAYES,M,9,0,3
HAYET,F,8,0,3
HAYFA,F,33,3,33
HAYLA,F,3,0,1
HAYLEA,F,3,3,3
HAYLEN,F,3,0,1
HAYLEY-JADE,F,16,0,5
HAYLEY-MARIE,F,3,3,3
HAYSAM,M,3,0,1
HAYTHEM,M,6,0,2
HAYWOOD,M,3,0,1
HAYYA,F,3,0,1
HAYYAAN,M,33,0,11
HAYYAN,M,171,4,171
HAZAR,M,11,3,11
HAZE,M,7,0,2
HAZEL-GRACE,F,6,0,2
HAZEM,M,15,0,5
HAZIM,M,25,0,8
HAZIQAH,F,18,0,6
HAZIRAH,F,3,0,1
HAZRAT,M,3,0,1
HE,M,4,0,1
HEALEY,M,11,0,4
HEAVEN,M,20,0,7
HEAVENLEIGH,F,3,3,3
HEBAH,F,20,0,7
HEBRON,F,3,0,1
HEDAYA,F,4,0,1
HEDDWYN,M,3,0,1
HEDI,F,3,0,1
HEDY,F,7,4,7
HEEBA,F,19,0,6
HEELA,F,46,0,15
HEER,F,93,0,31
HEERA,F,19,0,6
HEERAL,F,3,3,3
HEET,M,9,0,3
HEEYA,F,17,0,6
HEIDI-GRACE,F,3,0,1
HEIDI-LEIGH,F,10,0,3
HEIDI-LOU,F,4,0,1
HEIDI-MAE,F,10,0,3
HEIDI-MAY,F,7,0,2
HEIDI-RAE,F,3,0,1
HEIDI-ROSE,F,22,0,7
HEITOR,M,6,0,2
HEJA,F,3,0,1
HEJAN,F,3,0,1
HEJRAN,M,6,0,2
HELAN,F,8,0,3
HELI,F,13,0,4
HELIA,F,12,0,4
HELLA,F,8,0,3
HELOISA,F,3,0,1
HEMAN,M,3,0,1
HEMANI,F,22,4,22
HEMANYA,F,3,0,1
HEMEN,M,3,0,1
HEMI,F,6,0,2
HEMIL,M,3,0,1
HEMISHA,F,3,0,1
HEMMA,F,9,3,9
HEND,F,3,0,1
HENDERSON,M,12,0,4
HENG,M,3,0,1
HENI,F,4,0,1
HENIL,M,20,0,7
HENLEE,M,7,0,2
HENLEIGH,M,3,0,1
HENLEY,F,9,0,3
HENLEY-JAMES,M,4,0,1
HENLEY-JOHN,M,3,0,1
HENLI,M,4,0,1
HENLIE,M,7,0,2
HENLY,M,13,0,4
HENNESSEY,M,3,0,1
HENNESSY,F,8,0,3
HENNIE,F,10,0,3
HENNY,F,65,0,22
HENOC,M,13,0,4
HENOS,M,20,0,7
HENRICK,M,3,0,1
HENRIJS,M,7,0,2
HENRY-JAY,M,3,0,1
HENRY-JOHN,M,6,0,2
HENRYK,M,69,0,23
HENRY-LEE,M,3,0,1
HENRY-THOMAS,M,3,0,1
HENSON,M,25,0,8
HERAN,F,4,0,1
HERKUS,M,34,0,11
HERMARNI,F,4,0,1
HERMELA,F,57,0,19
HERMOINE,F,10,0,3
HERMON,F,9,0,3
HERSHEL,M,30,0,10
HERSHI,M,7,0,2
HERSHY,M,58,3,58
HERSI,M,3,0,1
HERVE,M,3,0,1
HESPER,F,3,0,1
HET,M,33,0,11
HETANSH,M,3,0,1
HETI,F,9,0,3
HETTIE-MAY,F,3,0,1
HETVI,F,32,0,11
HEULYN,M,3,0,1
HEVIN,F,25,0,8
HEW,M,8,0,3
HEWAD,M,10,0,3
HEYABEL,F,3,0,1
HEYAM,F,3,0,1
HEYAN,M,8,0,3
HEYDON,M,4,0,1
HEZEKIAH,M,130,3,130
HEZRON,M,9,0,3
HIBAAQ,F,9,3,9
HIBATULLAH,F,34,0,11
HICHEM,M,3,0,1
HIDAAYAH,F,6,0,2
HIDAYAH,F,82,0,27
HIDEAKI,M,3,0,1
HIFZAH,F,15,3,15
HIJAAB,F,6,0,2
HIJAB,F,36,0,12
HIKMA,F,9,0,3
HIKMAH,F,22,0,7
HIKMAT,F,7,0,2
HILAL,F,39,3,39
HILAL,M,32,0,11
HILLA,F,3,0,1
HILLEL,M,10,3,10
HIMA,F,3,0,1
HIMANSHU,M,15,0,5
HIMAT,M,14,5,14
HIMMAT,M,101,6,101
HINAA,F,3,0,1
HINDA,F,43,6,43
HINDI,F,3,0,1
HINDY,F,96,4,96
HIRAD,M,4,0,1
HIRAH,F,140,4,140
HIROTO,M,9,0,3
HIS,M,3,0,1
HISSAN,M,6,0,2
HITANSH,M,3,0,1
HIU,F,7,0,2
HIVAY,F,3,0,1
HIVDA,F,21,0,7
HIYA,F,38,0,13
HIYAB,F,10,0,3
HIYABEL,F,7,0,2
HIYAM,F,9,0,3
HO,F,7,4,7
HOANG,F,4,0,1
HODON,F,7,4,7
HOI,M,3,3,3
HOK,M,3,0,1
HOLI,F,3,0,1
HOLLAND,M,3,0,1
HOLLEE,F,9,0,3
HOLLIANNE,F,3,0,1
HOLLIE-ANN,F,35,3,35
HOLLIE-GRACE,F,13,0,4
HOLLIE-JANE,F,4,0,1
HOLLIE-JO,F,9,0,3
HOLLIE-LOUISE,F,25,0,8
HOLLIE-MAI,F,54,0,18
HOLLIE-RAE,F,4,0,1
HOLLIE-ROSE,F,75,4,75
HOLLIS,F,3,0,1
HOLLIS,M,7,0,2
HOLLYE,F,8,0,3
HOLLY-GRACE,F,9,0,3
HOLLY-JAYNE,F,3,0,1
HOLLY-JO,F,9,3,9
HOLLY-MAI,F,13,0,4
HOLLYMAY,F,6,0,2
HOLLY-MAY,F,91,5,91
HOLY,F,33,0,11
HOLY,M,4,0,1
HOMAIRA,F,4,4,4
HOMAYRA,F,3,3,3
HON,M,3,3,3
HONEY-BELLE,F,3,0,1
HONEY-LEIGH,F,10,0,3
HONEY-LOU,F,3,0,1
HONEY-LOUISE,F,3,0,1
HONEY-MAE,F,40,0,13
HONEY-MAI,F,13,0,4
HONEY-MARIE,F,3,0,1
HONEY-MAY,F,27,0,9
HONEY-RAE,F,10,0,3
HONEY-ROSE,F,78,0,26
HONEYSUCKLE,F,12,0,4
HONG,F,9,0,3
HONI,F,3,0,1
HONIA,F,6,0,2
HONIE,F,13,0,4
HONORA,F,6,0,2
HONORIA,F,11,0,4
HONYA,F,13,0,4
HOODA,F,3,3,3
HOODO,F,6,0,2
HOOPER,M,3,0,1
HOOR,F,30,0,10
HOORAIN,F,69,0,23
HOORIA,F,163,0,54
HOORIYA,F,163,0,54
HOORIYAH,F,24,0,8
HOPE,M,21,0,7
HOPE-ELIZABETH,F,3,0,1
HOPE-LOUISE,F,4,0,1
HORIA,F,3,0,1
HORIA,M,4,0,1
HOSAAM,M,3,3,3
HOSAM,M,6,3,6
HOSANA,F,3,0,1
HOSEA,M,27,0,9
HOSNA,F,37,0,12
HOSSAM,M,6,3,6
HOU,M,3,0,1
HOURIA,F,3,0,1
HOUSSAM,M,3,3,3
HREHAAN,M,4,0,1
HRIAN,M,4,0,1
HRIDAAN,M,3,0,1
HRIDAY,M,32,0,11
HRIDAYA,M,3,0,1
HRIDHAAN,M,20,0,7
HRISHA,F,3,0,1
HRISHIKESH,M,10,0,3
HRISTO,M,22,0,7
HRITHIK,M,37,0,12
HRITHIKA,F,3,0,1
HRITIKA,F,7,0,2
HUBERTAS,M,3,0,1
HUD,M,16,0,5
HUDAA,F,3,0,1
HUDAIFAH,M,6,3,6
HUDAYFA,M,14,0,5
HUDAYFAH,M,7,0,2
HUDAYFI,M,3,0,1
HUDEYFA,M,15,0,5
HUDHAIFA,M,21,0,7
HUDHAIFAH,M,14,0,5
HUDHAYFA,M,11,0,4
HUDHAYFAH,M,62,5,62
HUDSON,F,3,0,1
HUFSA,F,6,0,2
HUFSAH,F,3,3,3
HUGAS,M,5,0,2
HUKAM,M,8,0,3
HUMAAM,M,4,4,4
HUMAH,F,3,0,1
HUMAIMA,F,6,0,2
HUMAIR,M,7,3,7
HUMAM,M,3,0,1
HUMARA,F,9,3,9
HUMAYD,M,20,0,7
HUMAYL,M,58,0,19
HUMAYRAH,F,88,3,88
HUMEIRA,F,7,0,2
HUMERAH,F,6,0,2
HUMEYRA,F,3,0,1
HUMIRA,F,3,0,1
HUMMERA,F,3,3,3
HUMNAH,F,31,3,31
HUMYRA,F,4,0,1
HUNNI,F,25,0,8
HUNNIE,F,64,0,21
HUNNY,F,17,0,6
HUNOR,M,25,0,8
HUNTER,F,9,0,3
HUNTER-JAMES,M,7,0,2
HUNTER-RAY,M,3,0,1
HUNTER-ROSE,F,3,0,1
HURAIN,F,10,0,3
HURAIRA,M,3,0,1
HURAIRAH,M,13,0,4
HURIA,F,7,0,2
HURIYYAH,F,17,0,6
HURREM,F,3,0,1
HURSH,M,3,0,1
HUSAAM,M,35,0,12
HUSAINA,F,7,0,2
HUSAYN,M,117,6,117
HUSNAH,F,10,0,3
HUSNAYN,M,7,0,2
HUSNEIN,M,3,3,3
HUSNI,M,3,0,1
HUSSEN,M,6,0,2
HUSSIEN,M,23,0,8
HUSSIN,M,3,0,1
HUSSNA,F,3,0,1
HUZAIR,M,3,0,1
HUZAYFA,M,12,0,4
HUZAYFAH,M,40,6,40
HUZAYL,M,4,0,1
HYAB,F,3,0,1
HYAB,M,3,0,1
HYLTON,M,4,0,1
IACOB,M,4,0,1
IACOV,M,29,0,10
IANA,F,3,0,1
IANNA,F,3,0,1
IARA,F,39,0,13
IARLA,M,3,0,1
IASHA,F,7,7,7
IASMINA,F,19,0,6
IASON,M,10,0,3
IBAAD,M,46,0,15
IBAD,M,5,0,2
IBADAH,F,3,0,1
IBBIE,F,3,0,1
IBRAAHIM,M,11,0,4
IBRAHEM,M,8,0,3
IBRAHIIM,M,12,0,4
IBRAHIMA,M,29,0,10
IBTIHAAL,F,3,0,1
IBTIHAJ,F,3,0,1
IBTISAAM,F,14,0,5
IBTISAM,M,3,0,1
IBTISSAM,F,3,0,1
IBUKUNOLUWA,M,35,0,12
ICE,M,3,3,3
ICY,F,3,0,1
IDAL,F,4,0,1
IDALIA,F,3,0,1
IDAN,M,10,0,3
IDARA,F,3,0,1
IDDO,M,6,0,2
IDEN,M,23,0,8
IDO,M,10,0,3
IDRISSA,M,6,0,2
IEASHA,F,6,6,6
IEAUN,M,23,6,23
IEESHA,F,13,0,4
IEISHA,F,3,0,1
IESA,M,18,3,18
IESHAA,F,6,0,2
IFAT,F,4,0,1
IFE,F,3,0,1
IFEANYI,M,11,0,4
IFEANYICHUKWU,M,33,3,33
IFECHUKWUDE,M,6,0,2
IFEDAYO,M,3,0,1
IFEOLUWAPO,M,3,3,3
IFETAYO,F,3,0,1
IFRAZ,M,14,3,14
IFSAH,F,3,3,3
IFTEKAR,M,3,3,3
IFTEKHAR,M,4,0,1
IFTIKAR,M,3,3,3
IFUNANYA,F,8,0,3
IFUNANYACHUKWU,F,5,0,2
IFZAH,F,3,0,1
IHAB,M,7,0,2
IHINOSEN,F,3,0,1
IHSAN,F,17,0,6
IHTESHAM,M,13,0,4
IIYLA,F,3,0,1
IJAAZ,M,6,0,2
IJAH,M,3,3,3
IKECHI,M,3,3,3
IKECHUKWUKA,M,3,0,1
IKEMEFUNA,M,3,0,1
IKEOLUWA,F,3,3,3
IKER,M,30,0,10
IKHLAAS,F,15,0,5
IKHLAAS,M,3,0,1
IKJOT,M,3,0,1
IKPONMWOSA,M,14,0,5
IKRAAM,F,25,0,8
IKRAAN,F,9,0,3
IKRANUR,F,3,0,1
ILAH,F,12,0,4
ILAI,M,9,0,3
ILAKKIYA,F,3,0,1
ILANAH,F,3,0,1
ILANI,F,6,0,2
ILA-ROSE,F,3,0,1
ILAY,M,3,0,1
ILEANA,F,30,0,10
ILERIOLUWA,F,6,0,2
ILERIOLUWA,M,6,0,2
ILESH,M,3,0,1
ILHAAM,F,41,4,41
ILHAAN,F,34,0,11
ILHAM,M,16,0,5
ILHAN,M,47,0,16
ILIAN,M,9,0,3
ILIANNA,F,3,0,1
ILIE,M,7,0,2
ILIJA,M,3,3,3
ILINA,F,3,0,1
ILINCA,F,32,0,11
ILIR,M,6,0,2
ILIRIAN,M,3,0,1
ILISHA,F,6,0,2
ILITHYIA,F,17,0,6
ILIYAN,M,3,0,1
ILIYANA,F,3,0,1
ILIZA,F,3,0,1
ILJA,M,23,0,8
ILKAY,F,3,0,1
ILLAN,M,6,0,2
ILLANA,F,3,0,1
ILLEANA,F,3,0,1
ILLIANNA,F,3,0,1
ILLIYEEN,F,4,0,1
ILMA,F,31,0,10
ILWAAD,F,9,0,3
ILWAD,F,21,0,7
ILYAN,M,6,0,2
ILYANA,F,50,0,17
ILYAZ,M,3,0,1
IMA,F,11,3,11
IMAAM,M,3,0,1
IMAM,M,34,4,34
IMAMA,F,9,0,3
IMAMAH,F,3,0,1
IMANA,F,6,6,6
IMANI-ROSE,F,4,0,1
IMANUEL,M,3,0,1
IMANY,F,3,0,1
IMARAH,F,6,0,2
IMARI,F,6,0,2
IMARNIE,F,8,0,3
IMDAD,M,6,0,2
IMILIA,F,3,0,1
IMISIOLUWA,F,12,0,4
IMMANUELLA,F,10,0,3
IMMIE,F,12,0,4
IMMY,F,9,0,3
IMOGEN-GRACE,F,16,0,5
IMOGEN-HOPE,F,3,0,1
IMOGEN-LEIGH,F,4,0,1
IMOGEN-LOUISE,F,8,0,3
IMOGEN-MAE,F,3,0,1
IMOGEN-MAI,F,3,0,1
IMRANA,F,3,0,1
IMRANUL,M,3,3,3
IMRE,M,3,0,1
IMTITHAL,F,3,0,1
IMTIYAAZ,M,11,3,11
INAAYAH,F,230,0,77
INAIYAH,F,3,0,1
INAYAA,F,3,0,1
INAYAAH,F,3,0,1
INAYAT,F,6,0,2
INAYAT,M,53,3,53
INCI,F,10,0,3
INDAH,F,6,0,2
INDEE,F,3,0,1
INDEG,F,3,0,1
INDERJEET,F,3,0,1
INDERJEET,M,11,3,11
INDI,M,33,0,11
INDIAH,F,44,3,44
INDIA-LEIGH,F,3,0,1
INDIA-MAE,F,3,0,1
INDIE,M,72,0,24
INDIE-LEIGH,F,3,0,1
INDIE-MAE,F,13,0,4
INDIE-MAI,F,8,0,3
INDIE-MAY,F,3,0,1
INDIE-RAE,F,25,0,8
INDIO,M,14,0,5
INDI-RAE,F,14,0,5
INDI-ROSE,F,26,0,9
INDIYAH,F,3,0,1
INDIYA-ROSE,F,3,0,1
INDRA,M,31,0,10
INDYANA,F,6,0,2
INDY-ROSE,F,4,0,1
INESH,M,6,0,2
INESS,F,3,0,1
INESSA,F,3,0,1
INGE,F,3,0,1
INIOLUWA,M,42,0,14
INKA,F,46,0,15
INNAYAH,F,40,0,13
INSHAAL,M,3,3,3
INSHIRAH,F,12,0,4
INSIYA,F,16,3,16
INSIYAH,F,4,0,1
INTI,M,4,0,1
INTISAAR,F,3,0,1
INTISAR,F,54,0,18
IOANE,M,3,0,1
IOLE,F,3,0,1
IOLI,F,4,0,1
IONEL,M,7,0,2
IONI,F,3,3,3
IONUT,M,69,0,23
IOWA,F,3,0,1
IPTISAM,F,3,0,1
IQLAAS,F,3,0,1
IRAH,F,3,0,1
IRAJ,F,45,3,45
IREMIDE,M,4,0,1
IREMSU,F,3,0,1
IRENOSEN,F,3,0,1
IREOLUWA,M,21,0,7
IRETOMIWA,M,6,0,2
IRFA,F,12,0,4
IRHA,F,31,0,10
IRHAA,F,12,0,4
IRIE,F,13,0,4
IRIM,F,3,3,3
IRINI,F,6,0,2
IRIS-ROSE,F,6,0,2
IRMAK,F,84,0,28
IRSAH,F,8,0,3
IRSHAAD,M,4,0,1
IRTAZA,M,12,0,4
IRTIZA,M,9,0,3
IRUNDEEP,F,3,3,3
ISAA,M,43,0,14
ISAAC-JAMES,M,20,0,7
ISAAH,M,7,0,2
ISABEAU,F,34,0,11
ISABELE,F,8,0,3
ISABELLA-GRACE,F,60,0,20
ISABELLAH,F,3,0,1
ISABELLA-MAE,F,31,0,10
ISABELLA-MAI,F,12,0,4
ISABELLA-MAY,F,27,0,9
ISABELLA-PAIGE,F,3,0,1
ISABELLA-RAE,F,3,0,1
ISABELLE-GRACE,F,4,0,1
ISABELLE-MAE,F,3,0,1
ISABELLE-ROSE,F,51,0,17
ISABEL-ROSE,F,5,0,2
ISAC,M,69,0,23
ISACC,M,12,0,4
ISAHAK,M,3,0,1
ISAHAQ,M,3,0,1
ISAIA,M,9,0,3
ISAIAS,M,4,0,1
ISAQ,M,3,0,1
ISATA,F,16,0,5
ISAURA,F,3,0,1
ISCHIA,F,3,0,1
ISEABAIL,F,3,3,3
ISEBELLE,F,3,0,1
ISHAA,F,35,0,12
ISHAAC,M,6,0,2
ISHAAL,F,69,0,23
ISHAANI,F,22,0,7
IS'HAAQ,M,43,0,14
IS-HAAQ,M,12,0,4
ISHAH,F,17,0,6
ISHAK,M,71,4,71
ISHAL,F,7,0,2
ISHANVI,F,12,0,4
IS'HAQ,M,25,0,8
ISHAQUE,M,6,6,6
ISHARA,F,3,0,1
ISHE,M,11,0,4
ISHEANESU,M,8,0,3
ISHFAQ,M,6,3,6
ISHIKA,F,208,4,208
ISHITHA,F,3,0,1
ISHKA,F,3,0,1
ISHMAM,M,10,6,10
ISHMEAL,M,3,3,3
ISHMEET,F,31,0,10
ISHMEET,M,5,0,2
ISHNEET,F,4,0,1
ISHPREET,F,12,0,4
ISHRAQ,M,32,3,32
ISHRAT,M,3,0,1
ISHVEER,M,7,0,2
ISHYA,F,3,0,1
ISIL,F,10,0,3
ISIOMA,F,14,0,5
ISLA-,F,4,0,1
ISLA-BEAU,F,5,0,2
ISLA-BELLE,F,11,0,4
ISLA-FAITH,F,3,0,1
ISLAH,F,34,0,11
ISLA-JADE,F,3,0,1
ISLA-LILY,F,3,0,1
ISLA-MAI,F,75,0,25
ISLA-MARIE,F,14,0,5
ISLA-RAI,F,3,0,1
ISMAA,F,4,0,1
ISMAAEEL,M,38,5,38
ISMAA'EEL,M,7,7,7
ISMA'EEL,M,20,3,20
ISMAILA,M,11,0,4
ISMAT,F,19,0,6
ISOBELA,F,7,0,2
ISOBELLA-MAE,F,3,0,1
ISOBEL-ROSE,F,4,0,1
ISRAA,F,224,6,224
ISRAH,F,51,6,51
ISREAL,M,21,0,7
ISSABEL,F,13,0,4
ISSABELLA,F,152,4,152
ISSAH,M,26,0,9
ISSE,M,3,0,1
ISSEY,M,3,0,1
ISSOBELLA,F,3,0,1
ISSOBELLE,F,3,0,1
ISYLA,F,3,0,1
ISZAC,M,6,0,2
ITA,F,13,0,4
ITAI,M,28,0,9
ITAMAR,M,9,0,3
ITEOLUWAKISHI,F,3,0,1
ITHSHAM,M,7,7,7
ITSHAM,M,3,3,3
IULIA,F,37,0,12
IULIAN,M,12,0,4
IULIANA,F,3,0,1
IUSTIN,M,40,0,13
IUSTINA,F,4,0,1
IVAAN,M,9,0,3
IVANAH,F,3,0,1
IVANDRO,M,3,0,1
IVAYLA,F,8,0,3
IVAYLO,M,6,0,2
IVELIN,M,3,0,1
IVEN,M,3,0,1
IVET,F,3,0,1
IVETA,F,17,0,6
IVEY,F,22,0,7
IVIE-ROSE,F,4,0,1
IVON,F,4,0,1
IVON,M,3,0,1
IVORY-ROSE,F,3,0,1
IVY-ANN,F,3,0,1
IVY-BELLE,F,5,0,2
IVY-ELIZABETH,F,3,0,1
IVY-GRACE,F,34,0,11
IVY-JANE,F,4,0,1
IVY-JEAN,F,3,0,1
IVY-LEIGH,F,26,0,9
IVY-MAE,F,71,0,24
IVY-MAI,F,13,0,4
IVY-MARIE,F,12,0,4
IVY-MAY,F,59,0,20
IVY-RAE,F,27,0,9
IVY-ROSE,F,205,0,68
IWINOSA,M,7,0,2
IWONA,F,3,0,1
IYA,F,14,0,5
IYAAD,M,5,0,2
IYAAN,M,3,0,1
IYAAS,M,3,0,1
IYAAZ,M,17,0,6
IYAH,F,4,0,1
IYANA,F,35,3,35
IYANLA,F,3,3,3
IYANNA,F,19,0,6
IYANU,M,3,0,1
IYANUOLUWA,F,39,3,39
IYANUOLUWA,M,17,0,6
IYAS,M,4,0,1
IYAZ,M,20,3,20
IYLA-GRACE,F,7,0,2
IYLAH-MAE,F,5,0,2
IYLAH-ROSE,F,3,0,1
IYLA-MAI,F,3,0,1
IYLA-MAY,F,3,0,1
IYLA-RAE,F,8,0,3
IYLA-ROSE,F,29,0,10
IYMAN,M,3,0,1
IYRA,F,10,0,3
IYZA,F,3,0,1
IZAAZ,M,7,7,7
IZABELE,F,39,0,13
IZABELLA-GRACE,F,3,0,1
IZABELLA-ROSE,F,8,0,3
IZACK,M,27,3,27
IZAIYAH,M,3,0,1
IZAN,M,16,0,5
IZARA,F,3,0,1
IZARRA,F,3,0,1
IZAYAH,M,23,0,8
IZAZUL,M,3,0,1
IZHAAN,M,7,0,2
IZHAAR,M,3,0,1
IZHAN,M,7,0,2
IZNA,F,22,0,7
IZNAH,F,3,0,1
IZOBELLA,F,27,0,9
IZUCHUKWU,M,7,0,2
IZYAAN,M,8,0,3
IZYAN,M,26,0,9
IZZABEL,F,23,0,8
IZZABELL,F,9,0,3
IZZABELLE,F,76,0,25
IZZAH,F,190,4,190
IZZAK,M,4,0,1
IZZAT,M,3,0,1
IZZEY,F,3,0,1
IZZIE-MAE,F,7,0,2
IZZOBELLA,F,3,0,1
IZZY-MAE,F,9,0,3
IZZY-MAI,F,4,0,1
J.,M,3,3,3
JAABIR,M,21,6,21
JAAD,M,3,0,1
JAAN,M,38,4,38
JAANA,F,3,0,1
JAANVI,F,28,0,9
JAAZIAH,M,6,0,2
JABAR,M,3,3,3
JABBAR,M,14,4,14
JABE,M,6,3,6
JABEEN,F,6,3,6
JABOU,F,3,0,1
JABRAN,M,9,3,9
JABREEL,M,6,0,2
JABRIIL,M,6,0,2
JACCOB,M,7,0,2
JACE,F,6,6,6
JACEE,F,15,0,5
JACELYN,F,3,0,1
JACEY,M,48,0,16
JACEY-LEIGH,F,3,0,1
JACEY-MAE,F,3,0,1
JACHIN,M,3,0,1
JACIE,F,55,6,55
JACINDA,F,6,0,2
JACINTO,M,3,0,1
JACK-DANIEL,M,10,0,3
JACK-DEAN,M,4,0,1
JACKIR,M,3,3,3
JACK-JAMES,M,84,0,28
JACK-JUNIOR,M,10,0,3
JACK-RYAN,M,3,0,1
JACKSON-JAMES,M,19,0,6
JACKSON-LEE,M,3,0,1
JACK-THOMAS,M,6,0,2
JACKY,F,3,3,3
JACOBE,M,7,0,2
JACOB-GEORGE,M,4,0,1
JACOBI,F,3,0,1
JACOB-JACK,M,3,0,1
JACOB-JAMES,M,95,0,32
JACOB-JAY,M,5,0,2
JACOB-JOHN,M,8,0,3
JACOB-JOSEPH,M,3,0,1
JACOB-LEE,M,35,0,12
JACOBO,M,3,0,1
JACOB-SCOTT,M,3,0,1
JACOBY,M,78,0,26
JACOPO,M,29,3,29
JACSON,M,12,0,4
JACUB,M,31,0,10
JACY,F,26,0,9
JACY,M,50,0,17
JADAH,F,9,3,9
JADAINE,M,3,0,1
JADA-ROSE,F,6,0,2
JADEAN,F,6,6,6
JADEEN,F,7,7,7
JADE-LEE,F,3,3,3
JADEN-JAMES,M,4,0,1
JADEN-LEE,M,3,0,1
JADEY,F,3,3,3
JADIEL,M,3,0,1
JADORE,M,3,0,1
J'ADORE,F,3,0,1
JADWIGA,F,3,0,1
JADYN,F,64,0,21
JADYN,M,74,3,74
JAEDA,F,62,0,21
JAEDAN,M,16,0,5
JAEDEN,F,8,0,3
JAEDYN,M,17,0,6
JAEL,M,4,0,1
JAELA,F,3,0,1
JAELEN,M,15,0,5
JAELLE,F,3,0,1
JAELYN,F,10,0,3
JAFER,M,3,0,1
JAFFAR,M,23,6,23
JAGAN,M,9,0,3
JAGAT,M,3,0,1
JAGDEEP,F,4,4,4
JAGDEV,M,9,3,9
JAGGER,M,29,0,10
JAGJEEVAN,M,8,4,8
JAGJIT,F,4,4,4
JAGJOT,M,9,0,3
JAGPAL,M,6,0,2
JAGPREET,M,3,0,1
JAGTAR,M,15,6,15
JAGVEER,M,29,3,29
JAHAAN,M,10,0,3
JAHAN,F,3,0,1
JAHANZAIB,M,3,0,1
JAHARI,M,16,0,5
JAHAZIEL,M,12,0,4
JAHDEL,M,11,0,4
JAHDELL,M,3,0,1
JAHEEM,M,49,0,16
JAHI,M,3,0,1
JAHIDA,F,6,3,6
JAHIDUL,M,6,3,6
JAHIDUR,M,4,4,4
JAHIEM,M,84,0,28
JAHIME,M,3,0,1
JAHIN,F,3,0,1
JAHIR,M,6,3,6
JAHKAI,M,20,0,7
JAHKYE,M,3,0,1
JAHLEEL,M,10,0,3
JAHMAI,M,62,3,62
JAHMAINE,M,3,0,1
JAHMALI,M,4,0,1
JAHMANI,M,3,0,1
JAHMAR,M,35,4,35
JAHMARI,M,65,0,22
JAHMARNI,M,5,0,2
JAHMEL,M,9,5,9
JAHMENE,M,8,0,3
JAHMIAH,M,9,3,9
JAHNAE,F,3,0,1
JAHNAI,M,6,0,2
JAHNAVI,F,37,4,37
JAHNAY,F,3,3,3
JAHNAYAH,F,3,0,1
JAHNI,M,3,0,1
JAHNIAH,F,3,0,1
JAHNVI,F,22,0,7
JAHNYAH,F,11,0,4
JAHREL,M,7,0,2
JAHRELL,M,6,0,2
JAHROME,M,3,0,1
JAHSIAH,M,36,0,12
JAHVANI,M,3,0,1
JAHVARN,M,3,0,1
JAHVARNI,M,3,0,1
JAHVEL,M,7,0,2
JAHVON,M,6,0,2
JAHVONTE,M,3,0,1
JAHZARA,F,52,0,17
JAHZARAH,F,3,0,1
JAHZIAH,M,72,0,24
JAIA,F,62,0,21
JAICE,M,6,0,2
JAICEE,F,12,0,4
JAICOB,M,26,0,9
JAID,F,7,7,7
JAIDAH,F,6,0,2
JAIDAN,F,3,0,1
JAIDAN-LEE,M,3,0,1
JAIDEEP,F,3,0,1
JAIDEN-JAMES,M,19,0,6
JAIDEN-LEE,M,36,0,12
JAIDEV,M,35,0,12
JAIDIE,F,9,0,3
JAIDYN,F,3,0,1
JAIDYN,M,66,0,22
JAIGO,M,3,0,1
JAI-JAI,M,8,0,3
JAIK,M,4,4,4
JAILA,F,3,0,1
JAILAN,M,3,0,1
JAILEN,M,11,0,4
JAILON,M,3,0,1
JAIMA,F,3,0,1
JAIMAL,M,6,3,6
JAIMAN,M,10,0,3
JAIMEE,M,3,3,3
JAIMEE-LEE,F,3,0,1
JAIME-LEA,F,7,0,2
JAIME-LOUISE,F,3,0,1
JAIMES,M,3,3,3
JAIMESON,M,7,0,2
JAINABA,F,60,3,60
JAINAM,M,3,0,1
JAINEEL,M,4,0,1
JAINI,F,3,3,3
JAIRAJ,M,75,3,75
JAIRUS,M,41,0,14
JAISAL,M,6,3,6
JAISEN,M,3,0,1
JAISEY,F,4,0,1
JAISHA,F,6,0,2
JAISHNA,F,3,0,1
JAITON,M,4,0,1
JAIVAL,M,6,0,2
JAIVEN,M,12,0,4
JAIVIN,M,3,0,1
JAIVON,M,4,0,1
JAIVYN,M,3,0,1
JAIYA,F,140,4,140
JAIYAN,M,6,0,2
JAIYANA,F,38,0,13
JAIYDEN,M,3,0,1
JAIYEOLA,F,3,3,3
JAIYEOLA,M,4,0,1
JAKE-JAMES,M,4,0,1
JAKE-JUNIOR,M,4,0,1
JAKE-LEE,M,6,0,2
JAKEY,M,17,3,17
JAKK,M,15,0,5
JAKKE,M,3,3,3
JALAAL,M,3,0,1
JALE,F,6,6,6
JALEEL,M,41,3,41
JALEES,M,3,0,1
JALIA,F,6,0,2
JALIL,M,35,3,35
JALILA,F,4,0,1
JALILAH,F,3,0,1
JALIYAH,F,6,0,2
JAMA,M,22,0,7
JAMAI,M,17,0,6
JAMAICA,F,3,3,3
JAMAIMA,F,3,0,1
JAMALI,M,6,3,6
JAMALL,M,4,0,1
JAMALLE,M,3,3,3
JAMANI,M,3,0,1
JAMARIO,M,3,0,1
JAMARLEY,M,4,0,1
JAMAUL,M,4,0,1
JAMAYNE,M,3,3,3
JAMEE,F,3,0,1
JAMEE,M,3,3,3
JAMEIL,M,7,0,2
JAMELA,F,12,3,12
JAMELAH,F,5,5,5
JAMELL,M,6,3,6
JAMESDEAN,M,8,0,3
JAMES-DEAN,M,31,0,10
JAMES-JOHN,M,7,0,2
JAMES-JUNIOR,M,22,0,7
JAMES-LEE,M,13,0,4
JAMES-THOMAS,M,3,0,1
JAMIA,F,9,0,3
JAMIAH,M,21,0,7
JAMIE-,F,18,0,6
JAMIE-DEAN,M,3,0,1
JAMIE-JOHN,M,4,0,1
JAMIE-JUNIOR,M,12,0,4
JAMIE-LEI,F,3,0,1
JAMIE-SCOTT,M,3,0,1
JAMIKA,F,3,0,1
JAMILIA,F,3,0,1
JAMIN,M,7,0,2
JAMINA,F,3,3,3
JAMISON,M,33,0,11
JAMIUL,M,4,4,4
JAMMAL,M,9,0,3
JANADE,F,3,3,3
JANADE,M,7,4,7
JA'NAE,F,3,0,1
JANAH,F,6,0,2
JANAI,F,33,0,11
JANAI,M,4,0,1
JANAK,M,4,4,4
JANAN,F,29,6,29
JANANI,F,65,6,65
JANAT,F,42,0,14
JANAV,M,3,0,1
JANAVI,F,6,3,6
JANAYA,F,54,0,18
JANAYAH,F,6,0,2
JANEETA,F,11,0,4
JANEL,F,12,0,4
JANELL,F,21,0,7
JANETTE,F,9,0,3
JANGEER,M,3,3,3
JANI,M,3,0,1
JANIA,F,3,0,1
JANIAH,F,20,0,7
JANIKA,F,6,0,2
JANIS,M,15,0,5
JANISHA,F,9,3,9
JANIYA,F,13,0,4
JANIYAH,F,20,0,7
JANKA,F,9,0,3
JAN-MICHAEL,M,3,0,1
JANNAI,M,4,0,1
JANNATPREET,F,3,0,1
JANNATUN,F,6,0,2
JANNEKE,F,12,6,12
JANNI,M,3,3,3
JANOSHAN,M,3,0,1
JANSI,F,3,0,1
JANUJAN,M,3,0,1
JANUSH,M,3,0,1
JANUSHA,F,3,0,1
JANUSHAN,M,6,0,2
JANUSZ,M,7,4,7
JANYA,F,14,0,5
JANZEN,M,3,3,3
JAPHET,M,6,6,6
JAPHETH,M,29,0,10
JAPJI,F,52,0,17
JAPJIT,F,3,0,1
JAPMAN,M,4,0,1
JAPNEET,F,19,0,6
JAPNOOR,F,12,0,4
JAPNOOR,M,3,0,1
JAPVEER,M,3,0,1
JAQUAN,M,30,0,10
JARA,F,3,0,1
JARED-JAMES,M,3,0,1
JAREL,M,3,0,1
JARELL,M,49,0,16
JAREN,M,11,0,4
JARET,M,4,0,1
JARI,M,6,0,2
JARIN,F,7,7,7
JARIYAH,M,4,0,1
JARNO,M,3,0,1
JAROM,M,3,0,1
JAROME,M,8,0,3
JAROSLAVA,F,3,0,1
JAROSLAW,M,3,0,1
JARREN,M,5,5,5
JARRON,M,6,6,6
JARYD,M,6,3,6
JAS,F,3,3,3
JAS,M,11,6,11
JASBIR,F,3,3,3
JASE,M,145,3,145
JASEENA,F,3,0,1
JASEMIN,F,3,0,1
JASEY,F,7,0,2
JASHAN,M,46,4,46
JASHANDEEP,M,14,0,5
JASHANPREET,M,12,0,4
JASIA,F,9,3,9
JASIAH,M,40,0,13
JASIEL,M,9,0,3
JASIKA,F,3,0,1
JASIM,M,78,6,78
JASIR,M,7,0,2
JASJEET,F,3,0,1
JASJOT,F,3,0,1
JASJOT,M,3,0,1
JASKARN,M,9,6,9
JASKEERAT,F,10,0,3
JASKEERAT,M,15,0,5
JASKIRAN,M,3,3,3
JASKIRAT,F,53,3,53
JASKIRAT,M,55,6,55
JASKIRIT,F,3,0,1
JASKIRIT,M,6,0,2
JASLENE,F,13,0,4
JASLYN,F,13,3,13
JASMIA,F,3,0,1
JASMINE-JADE,F,6,3,6
JASMINE-LEIGH,F,7,0,2
JASMINE-ROSE,F,38,0,13
JASMINKA,F,9,0,3
JASMIRA,F,3,0,1
JASMYNE,F,43,6,43
JASNOOR,F,25,0,8
JASNOOR,M,16,0,5
JASON-JAMES,M,3,0,1
JASON-JUNIOR,M,12,0,4
JASPA,M,3,0,1
JASPAR,M,22,0,7
JASPRIT,M,3,3,3
JASPRIYA,F,3,3,3
JASRAH,F,6,0,2
JASREEN,F,3,0,1
JASREET,F,12,0,4
JASROOP,F,7,0,2
JASSER,M,3,0,1
JASSICA,F,3,0,1
JASSIM,M,10,0,3
JASTIN,M,6,0,2
JASVEEN,F,30,6,30
JASVEER,M,33,6,33
JASVINDER,F,11,6,11
JASVINDER,M,9,3,9
JASVIR,M,5,5,5
JASWANT,M,5,5,5
JATHUSAN,M,6,0,2
JATHUSHA,F,3,0,1
JATHUSHAN,M,17,0,6
JAVAD,M,3,3,3
JAVAE,M,9,0,3
JAVAID,M,3,3,3
JAVANI,M,3,0,1
JAVANNI,M,8,0,3
JAVANTE,M,7,0,2
JAVARI,M,9,0,3
JAVARN,M,20,0,7
JAVARNE,M,3,0,1
JAVARNI,M,6,0,2
JAVAUGHN,M,3,0,1
JAVAUN,M,4,0,1
JAVEL,M,3,0,1
JAVELL,M,19,0,6
JAVENE,F,3,0,1
JAVERIAH,F,3,0,1
JAVERIYA,F,10,0,3
JAVI,M,3,0,1
JAVIN,M,3,0,1
JAVINA,F,3,0,1
JAVINE,F,35,0,12
JAVION,M,3,0,1
JAVONE,M,3,0,1
JAVONTAE,M,3,0,1
JAVONTE,M,7,0,2
JAWAHER,F,3,3,3
JAWAIRIYA,F,9,3,9
JAWARIA,F,24,6,24
JAWDAN,M,9,0,3
JAWERIA,F,31,0,10
JAWERIYA,F,3,0,1
JAXEN,M,74,0,25
JAXON-JAMES,M,18,0,6
JAXON-JOHN,M,3,0,1
JAXON-LEE,M,4,0,1
JAXSON,M,877,0,292
JAXX,M,74,0,25
JAXXON,M,29,0,10
JAY-,M,3,0,1
JAYAH,F,47,3,47
JAYANA,F,4,0,1
JAYANI,F,23,0,8
JAYANNA,F,10,0,3
JAYANT,M,3,3,3
JAYCE,F,3,0,1
JAYCEE,M,29,0,10
JAYCEE-LEE,F,3,0,1
JAYCEE-LEIGH,F,24,0,8
JAYCEE-MAE,F,7,0,2
JAYCEN,M,6,0,2
JAYCEON,M,11,0,4
JAYCEY,F,6,0,2
JAYCI,F,4,0,1
JAYCIE-LEIGH,F,3,0,1
JAYD,F,3,3,3
JAY-D,M,3,0,1
JAYDAH,F,16,0,5
JAYDAN,F,10,0,3
JAYDAN-LEE,M,4,0,1
JAYDEE,M,42,0,14
JAY-DEE,M,11,0,4
JAYDEEN,F,7,4,7
JAYDEN-CRUZ,M,3,0,1
JAYDEN-JAMES,M,150,0,50
JAYDEN-JAY,M,3,0,1
JAYDEN-JOHN,M,19,0,6
JAYDEN-LEIGH,M,9,0,3
JAYDEN-LEWIS,M,12,0,4
JAYDEN-PAUL,M,3,0,1
JAYDEV,M,10,0,3
JAYDINE,F,6,3,6
JAYDON,F,9,5,9
JAYDYN,F,3,0,1
JAYDYN,M,41,3,41
JAYEN,M,64,0,21
JAYGO,M,10,0,3
JAYIN,M,4,0,1
JAY-J,M,44,0,15
JAY-JAMES,M,3,0,1
JAYJAY,M,98,0,33
JAY-JUNIOR,M,7,0,2
JAYK,M,3,0,1
JAYKOB,M,6,0,2
JAYKUB,M,3,0,1
JAYLA,F,181,0,60
JAYLAH,F,28,0,9
JAYLA-MAI,F,3,0,1
JAYLAN,F,12,3,12
JAYLAN,M,213,5,213
JAYLEA,F,9,0,3
JAYLEE,F,32,6,32
JAYLEE,M,17,0,6
JAY-LEE,M,23,0,8
JAYLEEN,F,3,0,1
JAYLEIGH,F,55,6,55
JAYLEN,F,4,0,1
JAYLIN,M,3,0,1
JAYLON,M,75,0,25
JAYMEE,M,13,4,13
JAYME-LEE,F,3,0,1
JAYME-LEIGH,F,16,0,5
JAYMES,M,48,6,48
JAYMIE-LEE,F,3,0,1
JAYMIE-LEIGH,F,39,6,39
JAYMIE-LOUISE,F,3,0,1
JAYMI-LEIGH,F,3,0,1
JAYMZ,M,7,0,2
JAYNI,F,6,3,6
JAYON,M,17,0,6
JAYQUAN,M,6,0,2
JAYRAJ,M,22,0,7
JAYRON,M,9,0,3
JAYSEN,M,11,0,4
JAYVEER,M,21,0,7
JAYVEN,M,16,0,5
JAYVION,M,5,0,2
JAYVIR,M,3,0,1
JAYVON,M,30,6,30
JAZARA,F,3,0,1
JAZIAH,M,49,0,16
JAZIB,M,49,5,49
JAZIBA,F,9,0,3
JAZIEL,M,3,0,1
JAZLEEN,F,6,0,2
JAZLYN,F,36,0,12
JAZZLYN,F,3,0,1
JAZZMYN,F,12,0,4
JEAN-,M,11,0,4
JEANA,F,13,0,4
JEANELLE,F,23,0,8
JEBA,F,3,3,3
JEDAIAH,M,12,0,4
JEDEDIAH,M,15,0,5
JEDIAH,F,3,0,1
JEDIDAH,F,13,0,4
JEDIDIAH,F,3,0,1
JEDRZEJ,M,6,0,2
JEEL,F,3,0,1
JEEL,M,3,0,1
JEENA,F,18,4,18
JEET,M,50,0,17
JEEVA,F,7,0,2
JEEVAT,F,3,0,1
JEEVEN,M,9,6,9
JEEVIKA,F,25,0,8
JEEVUN,M,9,0,3
JEEYA,F,55,0,18
JEGORS,M,3,0,1
JEHAD,M,6,0,2
JEHAN,F,9,3,9
JEHAN,M,13,0,4
JEHIEL,M,6,0,2
JEHOVANI,M,3,0,1
JEHU,M,13,0,4
JEKABS,M,3,0,1
JELIZAVETA,F,3,0,1
JEMEMAH,F,6,0,2
JEMI,F,6,0,2
JEMIAH,M,7,3,7
JEMINI,F,4,4,4
JEMMIMA,F,3,3,3
JEMUEL,M,16,0,5
JENADE,F,6,0,2
JENAN,F,23,0,8
JENAY,F,4,0,1
JENAYA,F,21,0,7
JENEBA,F,3,0,1
JENELL,F,6,0,2
JENIA,F,3,0,1
JENICA,F,6,0,2
JENICE,F,3,0,1
JENIL,M,13,0,4
JENIN,F,10,0,3
JENINE,F,3,3,3
JENISH,M,6,0,2
JENISHA,F,58,4,58
JENITA,F,6,0,2
JENNA-LEIGH,F,3,3,3
JENNA-LOUISE,F,7,0,2
JENNAYA,F,6,0,2
JENNICA,F,3,0,1
JENNIFER-ROSE,F,4,0,1
JENNIKA,F,3,0,1
JENSEN-JAMES,M,13,0,4
JENSON-JAMES,M,57,0,19
JENSON-JAY,M,12,0,4
JENSON-LEE,M,29,0,10
JEORGE,M,22,0,7
JEORGIE,F,6,0,2
JERAHMEEL,M,3,0,1
JERAMIAH,M,7,0,2
JERED,M,4,0,1
JERELL,M,11,6,11
JEREMI,M,59,0,20
JEREMIASZ,M,30,0,10
JEREMIH,M,4,0,1
JERIEL,M,5,0,2
JERIMIAH,M,3,0,1
JERMAYNE,M,3,0,1
JERMIAH,M,3,0,1
JEROEN,M,6,3,6
JERONE,M,6,6,6
JERREL,M,6,0,2
JERSEY-LOU,F,3,0,1
JERSEY-RAE,F,4,0,1
JERSI,F,3,0,1
JERUSALEM,F,3,0,1
JERZIE,F,12,0,4
JERZY,M,27,0,9
JESCA,F,7,3,7
JESHAN,M,3,0,1
JESHUA,M,15,0,5
JESHURUN,M,14,0,5
JESIAH,M,41,0,14
JESIKA,F,37,0,12
JESLIN,F,6,0,2
JESLYN,F,36,0,12
JESSA,F,15,0,5
JESSALYN,F,7,4,7
JESSAMIE,F,6,3,6
JESSAMYN,F,6,6,6
JESSECA,F,3,0,1
JESSE-JAMES,M,76,0,25
JESSE-JOE,M,3,0,1
JESSE-LEE,M,15,0,5
JESSENIA,F,20,0,7
JESSEY,F,4,0,1
JESSI,M,3,0,1
JESSIAH,M,3,3,3
JESSICA-,F,9,0,3
JESSICA-JAY,F,3,0,1
JESSICA-JAYNE,F,15,0,5
JESSICA-LEA,F,6,0,2
JESSICA-LEE,F,13,0,4
JESSICA-LILLY,F,8,0,3
JESSICA-LILY,F,20,0,7
JESSICA-MARIE,F,9,3,9
JESSICA-PAIGE,F,4,0,1
JESSICA-TAYLOR,F,3,0,1
JESSIE-ANNE,F,3,0,1
JESSIE-JAMES,M,3,0,1
JESSIE-LEE,F,8,0,3
JESSIE-MAE,F,47,0,16
JESSIE-MAI,F,7,0,2
JESSIE-MAY,F,36,3,36
JESSIE-ROSE,F,7,0,2
JESSYCA,F,10,4,10
JESTON,M,4,0,1
JESUTOFUNMI,F,3,0,1
JET,F,5,0,2
JETMIR,M,4,4,4
JETON,M,3,0,1
JETSON,M,12,0,4
JETT,F,9,0,3
JETTA,F,3,0,1
JEVAUGHN,M,14,3,14
JEVIN,M,3,0,1
JEWELL,F,9,0,3
JEYHAN,M,3,0,1
JEYLAN,F,4,0,1
JEYLAN,M,6,0,2
JEZIAH,M,20,0,7
JEZREEL,M,4,0,1
JHANAE,F,3,0,1
JHANE,F,3,3,3
JHANVI,F,26,0,9
JHENE,F,12,0,4
JHNELLE,F,6,0,2
JHON,M,3,3,3
JIAH,F,3,0,1
JIAHAO,M,3,0,1
JIAHUI,F,3,0,1
JIAN,M,58,6,58
JIANNA,F,9,0,3
JIAWEI,M,3,0,1
JIAYI,F,16,0,5
JIAYI,M,3,0,1
JIBRAAN,M,20,3,20
JIBRAEEL,M,50,0,17
JIBRAEL,M,25,0,8
JIBRAIL,M,9,0,3
JIBREEL,M,119,4,119
JIBRIEL,M,9,0,3
JIBRIIL,M,9,3,9
JIE,F,3,0,1
JIE,M,23,0,8
JIHAAN,F,3,0,1
JIHAD,M,27,13,27
JIHAN,F,23,0,8
JIHAN,M,13,0,4
JIMENA,F,17,0,6
JIMMY-DEAN,M,4,0,1
JIMMY-JAMES,M,3,0,1
JIMMY-JOE,M,3,0,1
JIMMY-LEE,M,29,0,10
JIMMY-RAY,M,3,0,1
JINA,F,8,0,3
JINAL,F,14,4,14
JINAN,F,47,0,16
JINAY,M,3,0,1
JING,M,62,0,21
JIREH,F,3,0,1
JIREH,M,14,0,5
JIRI,M,21,0,7
JISHNU,M,20,0,7
JITEN,M,7,7,7
JITESH,M,9,6,9
JIVIN,M,3,0,1
JIVRAJ,M,9,0,3
JIYAAD,M,3,3,3
JIYAN,M,39,0,13
JIYANA,F,3,0,1
JJ,M,90,0,30
J-JAY,M,22,0,7
J'NAI,F,3,0,1
JOAH,M,46,0,15
JOAL,M,3,0,1
JOANI,F,3,0,1
JO-ANNA,F,3,3,3
JOANNAH,F,3,0,1
JOBAN,M,62,0,21
JOBEY,M,37,0,12
JOBI,M,12,0,4
JOCCOAA,F,3,3,3
JOCELIN,F,3,0,1
JOCELYNE,F,12,0,4
JOCHEBED,F,12,0,4
JODEN,M,4,0,1
JODENE,F,3,0,1
JODH,M,14,4,14
JODIE-ANN,F,7,4,7
JODIE-MAE,F,3,0,1
JODI-LEIGH,F,4,0,1
JOEL,F,3,3,3
JOE-LEWIS,M,3,0,1
JOELI,F,3,0,1
JOELIE,F,6,0,2
JOEN,M,3,0,1
JOESPH,M,12,5,12
JOEY-JAMES,M,23,0,8
JOEY-JAY,M,3,0,1
JOEY-LEE,M,17,0,6
JOHAAN,M,3,0,1
JOHANA,F,13,3,13
JOHANAN,M,3,0,1
JOHANNAH,F,27,6,27
JOHARA,F,7,0,2
JOHB,M,3,0,1
JOHIRUL,M,4,4,4
JOHN-,M,3,0,1
JOHNBOY,M,5,0,2
JOHN-FRANCIS,M,3,0,1
JOHNIE,M,6,0,2
JOHN-JACK,M,3,0,1
JOHNJAMES,M,9,0,3
JOHNJOE,M,3,0,1
JOHN-JUNIOR,M,40,0,13
JOHNLEE,M,3,0,1
JOHN-MICHAEL,M,4,0,1
JOHNNY-LEE,M,6,0,2
JOHN-PATRICK,M,6,0,2
JOHNPAUL,M,56,0,19
JOHN-RILEY,M,3,0,1
JOHN-ROBERT,M,3,0,1
JOHN-TERRY,M,3,0,1
JOHN-THOMAS,M,3,0,1
JOHNWILLIAM,M,3,0,1
JOHNY,M,27,0,9
JOIA,F,3,0,1
JOIE,M,6,0,2
JOKUBAS,M,108,0,36
JOLAN,M,10,3,10
JOLANTA,F,3,0,1
JOLE,M,6,0,2
JOLEE,F,12,0,4
JO-LEIGH,F,3,0,1
JOLEON,M,3,0,1
JOLON,M,4,4,4
JOMANA,F,10,0,3
JONA,F,26,0,9
JONA,M,22,0,7
JONAH-JAMES,M,3,0,1
JONAID,M,3,3,3
JONAN,M,6,0,2
JONASZ,M,13,0,4
JONATAN,M,34,0,11
JONATHAN-JAMES,M,3,0,1
JONEL,M,6,0,2
JONELLE,F,41,5,41
JONES,M,23,0,8
JONI,M,11,0,4
JONIE,F,3,0,1
JON-JAMES,M,10,0,3
JONO,M,3,0,1
JONPAUL,M,10,3,10
JONTE,M,9,0,3
JOO,F,3,3,3
JOOD,F,42,0,14
JOORY,F,12,0,4
JORAM,M,3,0,1
JORAWAR,M,33,5,33
JORDACHE,M,3,3,3
JORDAINE,M,6,0,2
JORDANE,M,4,4,4
JORDAN-JUNIOR,M,3,0,1
JORDANLEE,M,6,3,6
JORDAN-REECE,M,3,3,3
JORDELLE,F,3,0,1
JORDIE,F,3,0,1
JORDIN,F,6,3,6
JORDINA,F,3,3,3
JORE,F,3,0,1
JORGA,F,3,0,1
JORGE,F,6,6,6
JORGI,F,15,0,5
JORGIE-LEA,F,3,0,1
JORGIE-LEIGH,F,8,0,3
JORGIE-MAE,F,6,0,2
JORGIE-MAI,F,4,0,1
JORGIE-MAY,F,3,0,1
JORGIE-RAE,F,3,0,1
JORGIE-ROSE,F,4,0,1
JORGINA,F,3,0,1
JORIS,M,60,0,20
JORJ,M,3,0,1
JORJA-LEIGH,F,3,0,1
JORJA-MAE,F,8,0,3
JORJA-ROSE,F,3,0,1
JORJI,F,3,0,1
JORJIE,F,14,0,5
JORY,F,8,0,3
JOSEPHA,F,8,0,3
JOSEPHINA,F,34,4,34
JOSEPH-JACK,M,3,0,1
JOSEPH-JAMES,M,26,0,9
JOSEPH-JOHN,M,7,0,2
JOSEPH-JUNIOR,M,3,0,1
JOSEY,M,3,0,1
JOSHIKA,F,10,0,3
JOSHIM,M,6,0,2
JOSHKUN,M,6,0,2
JOSHUA-DAVID,M,6,0,2
JOSHUA-JAY,M,10,0,3
JOSHUA-JOHN,M,3,0,1
JOSHUA-JUNIOR,M,3,0,1
JOSHUA-LEWIS,M,3,0,1
JOSHVEER,M,10,0,3
JOSHWA,M,4,0,1
JOSIA,F,3,0,1
JOSIAS,M,29,0,10
JOSIE-LEA,F,3,0,1
JOSIE-LEIGH,F,24,6,24
JOSIE-MAE,F,7,0,2
JOSIE-MARIE,F,4,0,1
JOSIE-MAY,F,20,0,7
JOSLYN,F,14,0,5
JOSS,F,38,0,13
JOSSELIN,F,3,0,1
JOSUA,M,3,0,1
JOSUAH,M,4,4,4
JOSUHA,M,3,0,1
JOUD,F,21,0,7
JOUD,M,3,0,1
JOUDY,F,3,0,1
JOUMANA,F,7,0,2
JOVANI,M,25,0,8
JOVANNI,M,14,0,5
JOVANNY,M,3,0,1
JOVAWN,M,3,0,1
JOVEN,M,14,0,5
JOVIE,F,33,0,11
JOVITA,F,27,0,9
JOVUN,M,4,0,1
JOWAN,F,4,0,1
JOWITA,F,21,0,7
JOYA,F,22,6,22
JOYCELYN,F,16,0,5
JOYNUL,M,6,6,6
JOZEFINA,F,7,0,2
JOZEPH,M,8,0,3
JOZIAH,M,50,0,17
JUANNA,F,3,0,1
JUBAL,M,3,0,1
JUBEDA,F,3,3,3
JUBEL,M,3,0,1
JUBER,M,3,3,3
JUDI,M,3,0,1
JUDYTA,F,38,0,13
JUEL,M,9,0,3
JUELS,M,3,0,1
JUELZ,M,8,0,3
JUHEL,M,5,5,5
JUHENA,F,4,4,4
JUI,F,3,0,1
JUJHAR,M,88,6,88
JULEKHA,F,3,3,3
JULEN,M,9,0,3
JULIANE,F,3,0,1
JULIANO,M,9,0,3
JULIDE,F,3,0,1
JULIETTA,F,23,0,8
JULIJA,F,38,0,13
JULIUSZ,M,34,0,11
JULLIAN,M,3,0,1
JUMA,F,3,3,3
JUMAIMAH,F,51,0,17
JUMAINA,F,7,4,7
JUMAINAH,F,10,0,3
JUMAN,F,3,0,1
JUMARA,F,3,0,1
JUMAYMAH,F,23,0,8
JUNA,F,9,0,3
JUNAD,M,3,3,3
JUNAED,M,3,3,3
JUNAINA,F,6,0,2
JUNAYNAH,F,3,0,1
JUNG,F,3,0,1
JUNHAO,M,3,0,1
JUNIOR-JAMES,M,13,0,4
JUNIOR-JAY,M,15,0,5
JUNO,M,7,0,2
JUPITER,M,17,0,6
JURAJ,M,10,0,3
JUSTAS,M,54,0,18
JUSTIN-JAMES,M,3,0,1
JUSTIN-LEE,M,6,0,2
JUSTYNA,F,61,0,20
JUVAN,M,3,0,1
JUVERIA,F,4,0,1
JUVRAJ,M,9,0,3
JUWAIRIA,F,20,0,7
JUWAIRIYA,F,42,3,42
JUWAIRYAH,F,3,0,1
JUWAIRYYAH,F,3,0,1
JUWARIYAH,F,65,0,22
JUWAYRIA,F,12,3,12
JUWAYRIAH,F,19,3,19
JUWAYRIYA,F,52,0,17
JUWAYRIYYA,F,3,0,1
JUWAYRIYYAH,F,3,0,1
JUWERIA,F,7,0,2
JUWERIYA,F,9,0,3
JUWEYRIYA,F,3,0,1
JWANA,F,6,0,2
JYE,M,23,4,23
JYOTSNA,F,3,0,1
J'ZIAH,M,3,0,1
K,F,19,0,6
KAAMIL,M,49,0,16
KAAMILAH,F,11,3,11
KAASHVI,F,3,0,1
KAAVIYA,F,3,0,1
KAAVYA,F,39,0,13
KAAYA,F,7,0,2
KAAYAN,M,3,0,1
KABE,M,3,0,1
KABILAN,M,3,0,1
KABIRA,F,3,3,3
KABISHA,F,4,0,1
KABISHAN,M,3,0,1
KABISHAYAN,M,4,0,1
KACE,M,5,0,2
KACEE,M,3,0,1
KACEY-,F,3,0,1
KACEY-ANN,F,6,0,2
KACEY-JADE,F,3,0,1
KACEY-JANE,F,6,0,2
KACEY-JO,F,17,0,6
KACEY-LEA,F,5,0,2
KACEY-LEE,F,18,0,6
KACEYLEIGH,F,3,0,1
KACEY-LEIGH,F,189,0,63
KACEY-LOUISE,F,8,0,3
KACEY-MAE,F,40,0,13
KACEY-MAI,F,22,0,7
KACEY-MARIE,F,11,0,4
KACEY-MAY,F,40,0,13
KACI,M,68,4,68
KACIE,M,14,0,5
KACIE-ANN,F,3,0,1
KACIE-JO,F,3,0,1
KACIE-LEA,F,3,0,1
KACIE-LEE,F,3,0,1
KACIE-LEIGH,F,121,0,40
KACIE-LOUISE,F,3,0,1
KACIE-MAE,F,41,0,14
KACIE-MAI,F,23,0,8
KACIE-MARIE,F,6,0,2
KACIE-MAY,F,30,0,10
KACIE-ROSE,F,3,0,1
KACI-JANE,F,3,0,1
KACI-JO,F,7,0,2
KACI-LEA,F,9,0,3
KACI-LEE,F,7,0,2
KACI-LEI,F,3,0,1
KACI-LEIGH,F,121,0,40
KACI-LOUISE,F,10,0,3
KACI-MAE,F,23,0,8
KACI-MAI,F,37,0,12
KACI-MARIE,F,3,0,1
KACI-MAY,F,10,0,3
KACY,M,14,0,5
KACY-LEIGH,F,6,0,2
KACY-MAY,F,3,0,1
KADDY,F,7,0,2
KADE,F,3,0,1
KADEE,F,51,0,17
KADEER,M,3,0,1
KADEJA,F,7,0,2
KADELL,M,3,3,3
KADENCE,F,86,0,29
KADEN-JAMES,M,3,0,1
KADESHA,F,4,4,4
KADEY-LEIGH,F,3,0,1
KADIAN,F,3,0,1
KADIAN,M,3,0,1
KADIATOU,F,19,0,6
KADIATU,F,6,0,2
KADIDIA,F,3,0,1
KADIDJA,F,3,0,1
KADIE-LEA,F,3,0,1
KADIE-LEE,F,6,0,2
KADIE-LEI,F,3,0,1
KADIELEIGH,F,3,0,1
KADIE-LEIGH,F,74,0,25
KADIE-MAE,F,8,0,3
KADIE-MAY,F,6,0,2
KADIJAH,F,51,5,51
KADIJAT,F,6,6,6
KADIJATU,F,3,0,1
KADI-LEIGH,F,7,0,2
KADIN,M,22,0,7
KADIZA,F,6,6,6
KADMIEL,M,8,0,3
KADON,M,20,0,7
KADRA,F,6,0,2
KADY-LEA,F,3,0,1
KADY-LEIGH,F,22,0,7
KADYN,M,74,0,25
KAE,M,6,3,6
KAEDAN,M,11,0,4
KAEDE,F,14,0,5
KAEDEN,M,206,0,69
KAEDON,M,25,0,8
KAEDYN,M,23,0,8
KAELAH,F,16,0,5
KAELAM,M,3,0,1
KAELI,F,3,3,3
KAELIE,F,3,0,1
KAELIN,F,28,0,9
KAELIN,M,34,0,11
KAELON,M,7,0,2
KAELUN,M,3,0,1
KAELYN,F,121,0,40
KAEMON,M,6,0,2
KAESHA,F,6,3,6
KAESON,M,11,0,4
KAETLYN,F,6,0,2
KAEYA,F,7,0,2
KAFIA,F,3,3,3
KAGAN,M,25,6,25
KAGE,M,6,0,2
KAH,F,3,0,1
KAH,M,6,3,6
KAHAN,M,3,0,1
KAHEESHA,F,3,0,1
KAHIL,M,8,0,3
KAHINA,F,3,0,1
KAHLAN,F,97,3,97
KAHLEN,F,38,0,13
KAHLIA,F,9,0,3
KAHLIL,M,16,0,5
KAIA,M,11,0,4
KAIAH,F,21,3,21
KAIAN,M,66,0,22
KAIANNA,F,3,0,1
KAICEE,F,3,0,1
KAICEY,F,10,0,3
KAIDA,F,14,0,5
KAIDAN,M,248,6,248
KAIDEE,F,34,0,11
KAIDEN,F,12,0,4
KAIDENCE,F,34,0,11
KAIDEN-JAMES,M,5,0,2
KAIDEN-JAY,M,3,0,1
KAIDEN-LEE,M,67,0,22
KAIDEN-SCOTT,M,4,0,1
KAIDI,F,21,0,7
KAIDIE,F,25,0,8
KAIDYN,F,3,0,1
KAIDYN,M,48,0,16
KAIE,M,30,0,10
KAIEN,M,15,0,5
KAIESHA,F,10,3,10
KAII,M,23,3,23
KAI-JAMES,M,17,0,6
KAIL,M,6,3,6
KAILAH,F,45,0,15
KAILAM,M,7,7,7
KAILANI,F,9,0,3
KAILAS,M,7,0,2
KAILASH,M,23,0,8
KAILEB,M,38,0,13
KAILIB,M,6,0,2
KAILIN,M,3,0,1
KAILLUM,M,9,0,3
KAILON,M,4,0,1
KAILUB,M,6,0,2
KAILUN,M,7,0,2
KAIM,M,9,0,3
KAIMANA,F,3,3,3
KAI-MCKENZIE,M,3,0,1
KAIMEN,M,3,3,3
KAINA,F,3,0,1
KAINEN,M,6,0,2
KAIO,M,12,0,4
KAIOH,M,3,0,1
KAION,M,6,0,2
KAIRAH,F,18,0,6
KAIRAN,M,145,3,145
KAIRAV,M,25,0,8
KAIREECE,M,3,0,1
KAI-REECE,M,14,0,5
KAIRELL,M,7,0,2
KAIREN,M,27,0,9
KAIRESE,M,3,0,1
KAIROS,M,7,0,2
KAIRYN,M,6,0,2
KAISAAN,M,21,0,7
KAISAR,M,6,6,6
KAISEY,F,28,6,28
KAISIE,F,7,0,2
KAISON,M,127,0,42
KAITIE,F,6,0,2
KAITLIN-LOUISE,F,3,0,1
KAITLIN-ROSE,F,3,0,1
KAITLYNE,F,7,0,2
KAITLYN-MARIE,F,8,0,3
KAITLYNNE,F,17,0,6
KAITLYN-ROSE,F,13,0,4
KAIYA,M,28,0,9
KAIYAH,F,63,0,21
KAIYEN,M,6,0,2
KAIYON,M,13,0,4
KAIZ,M,3,0,1
KAIZAR,M,3,0,1
KAJAN,M,9,3,9
KAJETAN,M,162,0,54
KAJUS,M,424,0,141
KALANI,F,12,0,4
KALANI,M,22,0,7
KALAYA,F,11,0,4
KALDEN,M,3,0,1
KALEA,F,8,0,3
KALEAH,F,3,0,1
KALEBH,M,6,3,6
KALEE,F,6,3,6
KALEESI,F,20,0,7
KALEISHA,F,20,3,20
KALEL,M,104,0,35
KAL-EL,M,116,0,39
KALESHA,F,6,3,6
KALIA,F,44,0,15
KALIAH,F,19,0,6
KALICE,F,3,0,1
KALICIA,F,3,0,1
KALID,M,33,3,33
KALIE,F,7,3,7
KALIF,M,3,3,3
KALIFA,F,6,6,6
KALIN,M,12,0,4
KALINA,F,166,4,166
KALISA,F,7,0,2
KALISI,F,3,0,1
KALISTA,F,16,0,5
KALIYAH,F,131,4,131
KALKIDAN,F,5,0,2
KALLAI,M,9,0,3
KALLE,M,9,0,3
KALLEL,M,4,0,1
KALLIA,F,9,0,3
KALLIOPI,F,6,0,2
KALLIS,M,6,0,2
KALLON,M,5,5,5
KALO,M,6,0,2
KALONICE,F,3,0,1
KALONJI,M,5,0,2
KALOYAN,M,38,0,13
KALP,M,4,0,1
KALSUM,F,3,0,1
KALTHUM,F,3,0,1
KALTRINA,F,3,3,3
KALU,M,3,0,1
KALUP,M,3,0,1
KALVYN,M,3,0,1
KALYA,F,3,0,1
KALYAN,M,16,0,5
KALYANI,F,15,3,15
KALYN,F,6,0,2
KAM,M,3,0,1
KAMA,F,6,3,6
KAMAI,M,13,0,4
KAMALDEEP,F,6,6,6
KAMALDEEP,M,6,3,6
KAMALI,M,41,4,41
KAMALJEET,F,3,3,3
KAMALPREET,F,7,7,7
KAMALPREET,M,3,0,1
KAMANI,M,43,0,14
KAMARAN,M,7,0,2
KAMARI,M,210,0,70
KAMARIA,F,6,0,2
KAMARION,M,3,0,1
KAMARL,M,19,4,19
KAMARLEY,M,16,0,5
KAMARLI,M,6,0,2
KAMARNI,M,45,0,15
KAMAYA,F,9,0,3
KAMDEN,M,7,0,2
KAMEA,F,3,0,1
KAMEELA,F,3,0,1
KAMEL,M,12,6,12
KAMELIA,F,16,0,5
KAMERAN,M,22,0,7
KAMESHA,F,4,0,1
KAMI,F,11,0,4
KAMIAH,F,12,0,4
KAMILIA,F,6,0,2
KAMILIS,M,4,0,1
KAMILLA,F,70,3,70
KAMIRA,F,3,3,3
KAMIRAH,F,3,0,1
KAMIYA,F,15,0,5
KAMIYAH,F,22,0,7
KAMREN,M,42,3,42
KAM'RON,M,3,0,1
KAMRUN,M,9,3,9
KAMRYN,F,6,0,2
KAMRYN,M,6,0,2
KAMSI,F,8,0,3
KAMSI,M,6,0,2
KAMSIYOCHI,M,3,0,1
KAMSIYOCHUKWU,F,37,0,12
KAMSIYOCHUKWU,M,43,0,14
KAMURAN,M,3,3,3
KAMYA,F,4,0,1
KAMYAR,M,4,0,1
KANA,F,10,4,10
KANAAN,M,3,0,1
KANAKO,F,3,3,3
KANAV,M,32,0,11
KANDI,F,3,0,1
KANG,M,8,0,3
KANHAIYA,M,3,0,1
KANI,F,62,0,21
KANI,M,10,4,10
KANIHA,F,3,0,1
KANISH,M,10,0,3
KANISHK,M,25,0,8
KANISHKA,F,47,0,16
KANITA,F,3,0,1
KANIZ,F,3,0,1
KANNA,F,3,0,1
KANNAN,M,4,0,1
KANO,M,3,0,1
KANON,F,3,0,1
KANWAR,M,3,0,1
KANY,F,13,0,4
KANYA,F,6,0,2
KANYA,M,3,0,1
KANYE,M,134,0,45
KANYINSOLA,F,6,0,2
KANZA,F,3,0,1
KANZAH,F,6,0,2
KAORI,F,3,0,1
KAPILAN,M,3,0,1
KARAGH,F,3,0,1
KARALEE,F,3,0,1
KARA-LEIGH,F,25,3,25
KARAMBA,M,3,0,1
KARAMDEEP,F,3,0,1
KARAMDEEP,M,3,0,1
KARAMJEET,F,8,0,3
KARAMJEET,M,3,0,1
KARAMJIT,M,6,6,6
KARAMVEER,F,3,0,1
KARAMVIR,M,9,3,9
KARAN,F,7,0,2
KARANBIR,M,3,0,1
KARANDEEP,F,6,6,6
KARANJEET,M,3,3,3
KARANJIT,F,4,4,4
KARANJOT,M,6,3,6
KARAS,M,3,0,1
KARDEL,M,3,0,1
KARDELL,M,4,0,1
KARDO,M,11,0,4
KAREEN,F,8,0,3
KARELL,M,6,0,2
KAREM,M,7,0,2
KARENJIT,F,3,3,3
KARHA,F,5,5,5
KARHYS,F,3,3,3
KARI,M,3,0,1
KARIKALAN,M,3,0,1
KARILE,F,3,0,1
KARINE,F,9,6,9
KARIS,M,3,0,1
KARISH,M,3,0,1
KARISHA,F,18,3,18
KARLENE,F,3,0,1
KARLINA,F,4,0,1
KARLIS,M,18,0,6
KARLO,M,22,3,22
KARLOS,M,42,6,42
KARMA,M,3,0,1
KARMAN,M,19,0,6
KARMANI,M,6,0,2
KARMANJOT,M,3,0,1
KARMEL,F,12,0,4
KARMELLA,F,4,0,1
KARNA,M,3,0,1
KARNAN,M,3,0,1
KARNYE,M,8,0,3
KARO,M,6,0,2
KAROLINE,F,11,0,4
KAROLIS,M,66,0,22
KARRAN,M,10,6,10
KARRERA,F,6,0,2
KARRI,F,3,0,1
KARRIGAN,F,3,3,3
KARRINA,F,3,3,3
KARSEN,M,15,0,5
KARSON,M,166,0,55
KARTA,M,3,0,1
KARTAR,M,61,0,20
KARTEL,M,19,0,6
KARTHI,M,3,0,1
KARTHIK,M,66,0,22
KARTHIKA,F,3,0,1
KARTHIKEYA,M,6,0,2
KARUM,M,28,6,28
KASANDRA,F,7,0,2
KASE,M,3,0,1
KASEN,M,34,0,11
KASEY-LEE,F,7,0,2
KASEY-LEIGH,F,44,0,15
KASEY-MAE,F,8,0,3
KASEY-MAY,F,4,0,1
KASHAAN,M,6,0,2
KASHAF,F,55,0,18
KASHAI,M,3,0,1
KASHAN,M,29,0,10
KASHANE,M,3,3,3
KASHAUN,M,3,3,3
KASHEF,M,4,0,1
KASHI,M,3,0,1
KASHIFA,F,6,0,2
KASHISH,F,82,0,27
KASHMALA,F,39,4,39
KASHVI,F,85,0,28
KASHVIN,M,4,0,1
KASI,F,17,3,17
KASIAH,F,3,0,1
KASIAN,M,3,0,1
KASIB,M,3,0,1
KASIE,M,6,3,6
KASJAN,M,22,0,7
KASON,M,132,0,44
KASRA,M,88,0,29
KASSA,M,3,0,1
KASSAM,M,6,6,6
KASSEM,M,4,0,1
KASSIAH,F,3,0,1
KASSIDY,M,10,0,3
KASTHURI,F,3,3,3
KASTURI,F,3,3,3
KASUMI,F,7,0,2
KATA,F,3,0,1
KATALEA,F,6,0,2
KATALEJA,F,9,0,3
KATALEYA,F,13,0,4
KATALIA,F,3,0,1
KATALIN,F,7,0,2
KATALINA,F,64,6,64
KATAN,F,3,0,1
KATANA,F,36,3,36
KATAYA,F,3,0,1
KATEE,F,3,0,1
KATE-LYN,F,3,0,1
KATELYND,F,4,4,4
KATELYNE,F,21,3,21
KATE-LYNN,F,10,0,3
KATELYNNE,F,24,4,24
KATELYN-ROSE,F,3,0,1
KATHAN,M,18,0,6
KATHARYN,F,3,3,3
KATHERINA,F,10,0,3
KATHERYNE,F,3,3,3
KATHIR,M,3,0,1
KATHLEEN-MARIE,F,4,0,1
KATHRIN,F,3,0,1
KATHRINA,F,3,3,3
KATIE-,F,30,3,30
KATIEANN,F,3,0,1
KATIEANNE,F,3,3,3
KATIE-GRACE,F,9,0,3
KATIE-JO,F,38,3,38
KATIE-LEA,F,6,0,2
KATIE-LEE,F,26,4,26
KATIELEIGH,F,12,0,4
KATIE-LOU,F,7,0,2
KATIELOUISE,F,6,0,2
KATIE-MAI,F,17,0,6
KATINKA,F,23,3,23
KATISHA,F,3,3,3
KATLAN,F,3,3,3
KATREENA,F,3,0,1
KATRYNA,F,3,3,3
KATY-LEE,F,3,0,1
KATY-LEIGH,F,3,0,1
KATY-MAY,F,4,0,1
KAUA,M,3,0,1
KAUAN,M,13,0,4
KAUSAR,F,21,4,21
KAUSHIK,M,3,0,1
KAVALI,M,3,0,1
KAVALLI,M,6,0,2
KAVARI,M,3,0,1
KAVARN,M,4,0,1
KAVARNI,M,3,0,1
KAVEEN,M,9,0,3
KAVEER,M,8,0,3
KAVEETA,F,3,0,1
KAVEH,M,4,0,1
KAVEL,M,10,3,10
KAVELL,M,23,0,8
KAVELLE,M,3,0,1
KAVEN,M,40,3,40
KAVI,F,11,0,4
KAVINA,F,12,3,12
KAVINAYAN,M,3,0,1
KAVIR,M,4,0,1
KAVISH,M,82,0,27
KAVISHA,F,25,4,25
KAVISHAN,M,3,0,1
KAVIYA,F,17,0,6
KAVLEEN,F,3,0,1
KAVNEET,F,6,0,2
KAVYA,F,168,3,168
KAVYA,M,25,0,8
KAWTAR,F,7,0,2
KAY,M,22,0,7
KAYAAN,M,59,0,20
KAYAH,F,79,0,26
KAYAHAN,M,8,0,3
KAYAL,F,10,0,3
KAYAL,M,4,0,1
KAYAN,F,3,0,1
KAYANA,F,8,0,3
KAYANN,F,3,0,1
KAYANNA,F,7,0,2
KAYANNE,F,3,3,3
KAYCE,M,6,0,2
KAYCEE-LEIGH,F,26,0,9
KAYCEE-MAI,F,3,0,1
KAYCEE-MAY,F,3,0,1
KAYCI,F,90,0,30
KAYCIE-LEIGH,F,8,0,3
KAYCIE-MARIE,F,3,0,1
KAYD,M,7,0,2
KAYDA,F,11,0,4
KAYDAN,M,188,0,63
KAYDANCE,F,6,0,2
KAYDEE-LEIGH,F,22,0,7
KAYDEN,F,40,0,13
KAYDEN-JAMES,M,42,0,14
KAYDEN-JAY,M,24,0,8
KAYDEN-JOHN,M,3,0,1
KAYDEN-LEE,M,98,0,33
KAYDEN-SCOTT,M,3,0,1
KAYDEY,F,3,0,1
KAYDI,F,101,6,101
KAYDIAN,F,3,0,1
KAYDIE,F,97,4,97
KAYDIE-LEIGH,F,12,0,4
KAYDI-LEIGH,F,3,0,1
KAYDIN,M,14,0,5
KAYDN,M,85,0,28
KAYDON-JAY,M,3,0,1
KAYDY,F,6,0,2
KAYEL,M,3,0,1
KAYEN,M,18,0,6
KAYENAT,F,3,0,1
KAYETAN,M,7,0,2
KAYHAN,M,58,0,19
KAYIN,M,15,0,5
KAYLAB,M,3,0,1
KAYLA-LEIGH,F,3,0,1
KAYLA-LOUISE,F,10,0,3
KAYLA-MAE,F,59,0,20
KAYLA-MAI,F,28,0,9
KAYLA-MARIE,F,19,0,6
KAYLA-MAY,F,31,0,10
KAYLAN,F,30,0,10
KAYLANI,F,3,0,1
KAYLA-ROSE,F,48,0,16
KAYLEB,M,151,3,151
KAYLEEN,F,13,0,4
KAYLEI,F,7,0,2
KAYLEIGH-MARIE,F,9,6,9
KAYLEIGH-MAY,F,9,0,3
KAYLEIGH-ROSE,F,3,0,1
KAYLIA,F,9,0,3
KAYLIB,M,19,4,19
KAYLIN,M,4,0,1
KAYLLA,F,3,0,1
KAYLLUM,M,3,0,1
KAYLN,M,3,0,1
KAYLON,M,57,3,57
KAYLUB,M,19,0,6
KAYLUN,M,27,4,27
KAYLYN,F,64,6,64
KAYN,M,9,0,3
KAYNA,F,14,3,14
KAYNAAT,F,21,3,21
KAYNAN,M,9,0,3
KAYNATH,F,9,6,9
KAYNEN,M,6,0,2
KAYO,M,7,0,2
KAYON,M,23,0,8
KAYORI,F,3,0,1
KAYRA,F,98,0,33
KAYRA,M,73,0,24
KAYSAAN,M,3,0,1
KAYSAH,F,7,0,2
KAYSAN,M,137,0,46
KAYSEN,M,20,0,7
KAYSER,M,3,0,1
KAYSEY,F,38,6,38
KAYSHIA,F,3,0,1
KAYSI,F,3,0,1
KAYTE,F,10,3,10
KAYTEE,F,10,0,3
KAYTI,F,13,4,13
KAYTIE,F,40,6,40
KAYTON,M,6,0,2
KAYVAN,M,3,0,1
KAYWAN,M,3,0,1
KAYZIA,F,6,0,2
KAZEEM,M,12,0,4
KAZIAH,M,3,0,1
KAZIMIERZ,M,9,0,3
KC,M,14,0,5
K-CI,M,10,4,10
KE,F,50,0,17
KEAH,M,3,3,3
KEAIRA,F,6,0,2
KEAL,M,6,3,6
KEALA,F,3,0,1
KEALEN,M,4,0,1
KEANAH,F,3,0,1
KEANDRE,M,3,0,1
KEANNE,F,12,6,12
KEANON,M,7,0,2
KEANUN,M,3,3,3
KEAON,M,6,0,2
KEAREN,M,3,3,3
KEARNA,F,6,3,6
KEARNO,M,9,0,3
KEATEN,M,17,0,6
KEATON-LEE,M,3,0,1
KEAUNA,F,3,3,3
KEAVA,F,4,0,1
KEAVIE,F,45,6,45
KEBBA,M,47,0,16
KEBRON,M,3,0,1
KEDUS,M,6,0,2
KEEAN,M,71,5,71
KEEGAN-LEE,M,11,0,4
KEEHAN,M,3,0,1
KEELAN,F,6,3,6
KEELEA,F,6,0,2
KEELEE,F,11,0,4
KEELEN,M,15,5,15
KEELEY-ANN,F,3,3,3
KEELEY-MAE,F,3,0,1
KEELEY-ROSE,F,13,0,4
KEELIA,F,3,0,1
KEELIN,M,7,0,2
KEENON,M,3,3,3
KEERAT,F,69,3,69
KEERAT,M,27,4,27
KEERATH,F,3,0,1
KEERIT,F,4,0,1
KEERON,M,6,3,6
KEERTAN,M,7,3,7
KEERTHANA,F,33,4,33
KEERTHI,F,6,0,2
KEERTHIKA,F,4,0,1
KEES,M,6,3,6
KEETAN,M,7,0,2
KEEVAH,F,30,0,10
KEEVI,F,3,0,1
KEEVIE,F,17,0,6
KEEVY,F,3,0,1
KEEYA,F,11,0,4
KEEYAN,M,29,0,10
KEHARA,F,3,0,1
KEI,F,3,3,3
KEIANA,F,20,0,7
KEIANNA,F,17,0,6
KEIARA,F,21,0,7
KEIARAH,F,3,0,1
KEIDEN,M,7,0,2
KEIGHAN,M,4,0,1
KEILANA,F,8,0,3
KEIRAH,F,22,5,22
KEIRA-LEA,F,14,0,5
KEIRA-LEE,F,14,0,5
KEIRALEIGH,F,3,0,1
KEIRA-LEIGH,F,200,0,67
KEIRA-LOUISE,F,44,0,15
KEIRA-MAE,F,19,0,6
KEIRA-MAI,F,11,0,4
KEIRA-MARIE,F,9,0,3
KEIRA-MAY,F,12,0,4
KEIRA-ROSE,F,10,0,3
KEIRRA,F,6,6,6
KEIRRAN,M,4,4,4
KEIRYN,M,3,0,1
KEISI,F,15,0,5
KEITA,M,3,0,1
KEITIJA,F,17,0,6
KEITON,M,22,0,7
KEIYAN,M,3,0,1
KEIYONA,F,3,0,1
KEJAUN,M,3,0,1
KEKELI,M,4,0,1
KELCEE,F,3,0,1
KELDA,F,14,3,14
KELDON,M,11,0,4
KELHAM,M,6,6,6
KELI,F,7,3,7
KELIA,F,3,0,1
KELISA,F,8,0,3
KELISHA,F,73,3,73
KELLA,F,3,3,3
KELLAN,F,3,3,3
KELLE,F,3,3,3
KELLEN,F,6,6,6
KELLEY,M,6,0,2
KELLI,M,3,0,1
KELLIANNE,F,3,0,1
KELLIE-ANN,F,3,0,1
KELLIE-MARIE,F,3,0,1
KELLIN,M,7,0,2
KELLIS,F,29,5,29
KELLSEY,F,3,0,1
KELLUM,M,6,0,2
KELLY-LOUISE,F,6,3,6
KELSA,F,6,3,6
KELSEI,F,3,0,1
KELSEY-,F,3,0,1
KELSEY-JO,F,9,0,3
KELSEY-LOUISE,F,3,0,1
KELSEY-MAE,F,13,0,4
KELSEY-MAI,F,12,0,4
KELSEY-MAY,F,16,0,5
KELSEY-RAE,F,3,0,1
KELSIE-ANN,F,4,0,1
KELSIE-LEIGH,F,19,0,6
KELSIE-MAE,F,10,0,3
KELSIE-MAI,F,3,0,1
KELSIE-MARIE,F,3,0,1
KELSIE-MAY,F,3,0,1
KELSIE-ROSE,F,3,0,1
KELSTON,M,3,0,1
KELYAN,M,9,0,3
KELYN,M,6,0,2
KEMANI,M,3,0,1
KEMANIE,M,3,0,1
KEMARI,M,19,0,6
KEMI,M,3,0,1
KEMIYAH,F,3,0,1
KEMUEL,M,14,0,5
KENADIE,F,13,0,4
KENAI,M,14,0,5
KENAYA,F,21,0,7
KENAYAH,F,6,0,2
KENDA,F,3,0,1
KENDAN,M,3,0,1
KENDON,M,6,0,2
KENDYL,F,4,0,1
KENECHI,M,11,0,4
KENEIL,M,3,0,1
KENENNA,M,3,0,1
KENIA,F,4,0,1
KENLEE,M,3,0,1
KENLEY,F,4,0,1
KENLEY,M,94,0,31
KENNA,M,3,0,1
KENNADIE,F,7,3,7
KENNEDI,F,25,4,25
KENNIE,M,12,0,4
KENO,M,3,0,1
KENON,M,3,0,1
KENSHIRO,M,4,0,1
KENSI,F,50,0,17
KENSIE,F,15,0,5
KENSLEY,M,3,0,1
KENYAH,F,8,5,8
KENYA-ROSE,F,3,0,1
KENYON,M,17,0,6
KENZEE,M,3,0,1
KENZIE-J,M,3,0,1
KENZIE-JAMES,M,12,0,4
KENZIE-JAY,M,24,0,8
KENZIE-LEE,M,87,0,29
KENZY,F,19,0,6
KENZY,M,66,0,22
KEONA,F,84,3,84
KEONI,F,3,0,1
KEONI,M,26,0,9
KERALA,F,3,0,1
KERAN,M,7,0,2
KEREECE,F,3,0,1
KERENA,F,9,6,9
KERIA,F,4,0,1
KERIAN,M,13,3,13
KERI-ANN,F,6,3,6
KERIANNE,F,3,3,3
KERI-ANNE,F,3,3,3
KERIN,F,7,4,7
KERISS,F,3,0,1
KERNIUS,M,4,0,1
KERR,M,15,3,15
KERRIANN,F,6,3,6
KERRIN,F,15,6,15
KERRON,M,3,3,3
KERRY-LEE,F,3,0,1
KERVIN,M,8,0,3
KESAR,F,9,0,3
KESAVAN,M,3,0,1
KESHAN,M,6,0,2
KESHAUN,M,3,0,1
KESHAVA,M,3,3,3
KESHAVI,F,5,0,2
KESHAWN,M,9,0,3
KESHET,F,3,0,1
KESHIKA,F,15,3,15
KESHINI,F,7,0,2
KESHVI,F,6,0,2
KESSER,M,3,0,1
KESSIA,F,23,0,8
KESSIE,F,3,0,1
KETIA,F,11,0,4
KETIJA,F,3,0,1
KETRIN,F,11,0,4
KETZIAH,F,3,0,1
KEVA,F,10,0,3
KEVELL,M,3,0,1
KEVELLE,M,3,0,1
KEVEN,M,24,0,8
KEVINA,F,6,0,2
KEVINAS,M,118,0,39
KEVINS,M,37,0,12
KEVON,M,34,0,11
KEVSER,F,6,6,6
KEWAN,M,3,0,1
KEWIN,M,3,0,1
KEXIN,F,4,0,1
KEYAAN,M,435,0,145
KEYAH,F,10,0,3
KEYANA,F,13,0,4
KEYANNA,F,38,0,13
KEYARA,F,15,0,5
KEYARNA,F,6,3,6
KEYLAN,M,21,0,7
KEYLEE,F,12,3,12
KEYLEY,F,3,0,1
KEYON,M,81,0,27
KEYON'DRE,M,3,0,1
KEYONTE,F,3,0,1
KEYRA,F,19,0,6
KEYSHA,F,27,3,27
KEYSHAWN,M,3,0,1
KEYSHIA,F,22,0,7
KEZ,M,6,3,6
KEZI,F,3,0,1
KEZIAH,M,10,0,3
KEZZIA,F,6,6,6
KHAALID,M,43,3,43
KHADAR,M,48,3,48
KHADEEM,M,3,0,1
KHADEJAH,F,13,0,4
KHADEJIA,F,3,3,3
KHADEZA,F,3,3,3
KHADIDJA,F,27,0,9
KHADIGA,F,3,3,3
KHADIIJA,F,3,0,1
KHADIJAH,F,2786,259,2786
KHADIJHA,F,4,0,1
KHADIJO,F,3,0,1
KHADIZAH,F,4,0,1
KHAILA,F,7,3,7
KHAIRA,F,72,0,24
KHAIRAH,F,45,0,15
KHAIRO,M,3,0,1
KHAIRUL,M,3,3,3
KHAIRUN,F,3,3,3
KHALAM,M,16,0,5
KHALEB,M,3,0,1
KHALEDA,F,4,4,4
KHALEEQ,M,6,3,6
KHALEEQA,F,3,3,3
KHALEESI,F,201,0,67
KHALEL,M,3,0,1
KHALEN,M,4,0,1
KHALI,F,3,0,1
KHALIA,F,23,0,8
KHALIDA,F,20,3,20
KHALIFAH,M,11,0,4
KHALILAH,F,20,3,20
KHALIQ,M,8,0,3
KHALIS,M,35,0,12
KHALISA,F,55,0,18
KHALISHA,F,13,0,4
KHALIYA,F,3,0,1
KHALIYAH,F,3,0,1
KHAMAL,M,3,0,1
KHAMANI,M,34,0,11
KHAMARI,M,12,0,4
KHAMARNI,M,10,0,3
KHANDAKER,M,3,0,1
KHANDOKAR,M,3,0,1
KHANH,M,7,0,2
KHANSAA,F,6,0,2
KHANYA,F,6,0,2
KHANYISILE,F,9,0,3
KHAQAN,M,7,0,2
KHARA,F,13,3,13
KHATEEB,M,15,5,15
KHATIJAH,F,15,6,15
KHATTAB,M,22,0,7
KHAULAH,F,3,0,1
KHAVAR,M,4,4,4
KHAWLA,F,48,3,48
KHAWLAH,F,48,0,16
KHAYA,F,23,6,23
KHAYA,M,42,0,14
KHAYAL,M,7,4,7
KHAYAN,M,3,0,1
KHAYDEN,M,7,0,2
KHAYLA,F,10,0,3
KHAYRA,F,3,0,1
KHAYRAH,F,25,0,8
KHAYRI,M,3,0,1
KHAYYAM,M,3,0,1
KHAZEEMA,F,3,0,1
KHEA,F,3,0,1
KHI,M,13,3,13
KHIAH,F,3,0,1
KHIAN,M,70,4,70
KHIANA,F,26,0,9
KHIANNA,F,39,0,13
KHIARA,F,32,0,11
KHIRAD,F,14,0,5
KHIVI,F,12,0,4
KHIYA,F,9,0,3
KHIYAN,M,3,0,1
KHIZRA,F,22,6,22
KHLOEY,F,3,0,1
KHOLA,F,3,0,1
KHOURTNEY,F,3,0,1
KHRISH,M,4,0,1
KHRISHA,F,7,0,2
KHUBAIB,M,34,6,34
KHUBAYB,M,4,0,1
KHULAN,F,3,0,1
KHULUD,F,10,0,3
KHUSBU,F,8,0,3
KHUSHALI,F,12,6,12
KHUSHBOO,F,15,6,15
KHUSHPREET,F,16,0,5
KHUSI,F,3,0,1
KHUZAYMAH,M,3,0,1
KHWAISH,F,3,0,1
KHY,M,16,3,16
KHYA,F,12,3,12
KHYAN,M,49,0,16
KHYANNA,F,3,0,1
KHYATI,F,21,4,21
KHYBER,M,3,0,1
KHYE,M,51,5,51
KHYLA,F,25,0,8
KHYLAN,M,14,0,5
KHYRA,F,52,0,17
KHYRAN,M,14,0,5
KHYREE,M,6,0,2
KHYREN,M,6,0,2
KHYRON,M,6,0,2
KIAAN,M,121,0,40
KIAH,M,39,6,39
KIAHNA,F,21,0,7
KIA-LEIGH,F,3,0,1
KIA-LOUISE,F,4,0,1
KIAM,M,22,4,22
KIA-MAI,F,4,0,1
KIA-MARIE,F,3,0,1
KIANAH,F,3,0,1
KIANE,M,13,0,4
KIANI,F,15,3,15
KIAN-JAMES,M,24,0,8
KIAN-JAY,M,3,0,1
KIAN-LEE,M,42,0,14
KIANNAH,F,17,0,6
KIANNE,F,38,6,38
KIANO,M,13,0,4
KIARAH,F,63,0,21
KIARA-LEIGH,F,15,0,5
KIARA-MAY,F,3,0,1
KIARN,M,8,0,3
KIARNO,M,6,0,2
KIA-ROSE,F,3,0,1
KIARRAH,F,3,0,1
KIAS,M,8,3,8
KIDA,F,3,0,1
KIDUS,M,37,3,37
KIEANNA,F,15,3,15
KIEARNA,F,3,0,1
KIEFFER,M,6,6,6
KIELA,F,3,0,1
KIENNA,F,21,0,7
KIER,F,12,3,12
KIERA-LOUISE,F,25,0,8
KIERA-MAE,F,11,0,4
KIERA-MAY,F,7,0,2
KIERANLEE,M,3,0,1
KIERAN-LEE,M,18,0,6
KIERA-ROSE,F,4,0,1
KIERAT,F,12,0,4
KIERON-LEE,M,3,0,1
KIERYN,M,10,0,3
KIKELOMO,F,3,0,1
KIKO,M,3,0,1
KILA,F,3,0,1
KIMANI,F,14,0,5
KIMARA,F,16,0,5
KIMARNI,M,9,0,3
KIMAYA,F,75,0,25
KIMIKO,F,8,0,3
KIMIYA,F,25,3,25
KIMMI,F,10,0,3
KIMMY,F,17,0,6
KIMORA-LEE,F,6,0,2
KINAN,M,23,0,8
KINCSO,F,3,0,1
KINGA,F,303,0,101
KINGDAVID,M,3,0,1
KING-DAVID,M,9,0,3
KINGSLEIGH,M,3,0,1
KINGSON,M,3,0,1
KINJAL,F,20,6,20
KINLEE,M,3,0,1
KINLEY,F,18,0,6
KINLEY,M,23,0,8
KINNARI,F,3,0,1
KINVARA,F,3,0,1
KINZA,M,3,0,1
KINZAH,F,15,3,15
KIPRAS,M,7,0,2
KIRA-LEIGH,F,18,0,6
KIRANA,F,3,0,1
KIRANDIP,F,4,4,4
KIRA-NERYS,F,6,6,6
KIRANI,M,5,0,2
KIRANJOT,F,12,0,4
KIRA-ROSE,F,3,0,1
KIRAT,F,31,0,10
KIRILL,M,108,0,36
KIRILLS,M,6,0,2
KIRILS,M,3,0,1
KIRPA,F,25,0,8
KIRSTY-LOUISE,F,6,3,6
KIRSTY-MARIE,F,6,6,6
KIRTHANA,F,3,0,1
KIRUBEL,M,10,0,3
KIRUTHIKA,F,3,0,1
KISA,F,9,0,3
KISAN,M,4,0,1
KISANET,F,3,0,1
KISHAAN,M,4,0,1
KISHANA,F,3,0,1
KISHANI,F,3,0,1
KISHON,M,10,3,10
KISHOR,M,6,0,2
KISHORE,M,6,0,2
KISMAT,F,4,0,1
KISWA,F,11,0,4
KISWAH,F,3,0,1
KITAI,M,7,0,2
KITTI,F,16,0,5
KITTO,M,3,0,1
KITTY-ROSE,F,21,0,7
KIVA,F,12,0,4
KIVANC,M,5,0,2
KIY,M,3,0,1
KIYAAN,M,68,0,23
KIYANNA,F,27,0,9
KIYANSH,M,3,0,1
KIYARA,F,16,0,5
KIYARNA,F,3,0,1
KIYLA,F,14,0,5
KIYON,M,8,0,3
KIYRA,F,26,0,9
KIZZI,F,28,5,28
K-JAY,M,3,0,1
KLAIDAS,M,32,0,11
KLAIDI,M,5,0,2
KLAJDI,M,12,3,12
KLAUDIE,F,3,0,1
KLAUDIJA,F,21,0,7
KLAUDIJUS,M,7,0,2
KLAUDIUSZ,M,15,0,5
KLAVS,M,3,0,1
KLEDI,M,3,0,1
KLEIO,F,12,0,4
KLEO,M,10,0,3
KLEON,M,6,0,2
KLESTI,M,3,0,1
KLEVISA,F,6,3,6
KNOX,M,48,0,16
KOA,M,47,0,16
KOAN,M,7,0,2
KOBAN,M,18,0,6
KOBBY,M,4,0,1
KOBEE,M,10,0,3
KOBEN,M,41,0,14
KOBEY,M,95,0,32
KOBEY-JAMES,M,3,0,1
KOBI,F,3,0,1
KOBIE,F,3,0,1
KOBIE-LEE,M,9,0,3
KOBI-JAMES,M,4,0,1
KOBI-JAY,M,6,0,2
KOBINA,M,9,0,3
KOBY-LEE,M,6,0,2
KODA,M,26,0,9
KODEE,M,5,0,2
KODEY,M,81,0,27
KODY-LEE,M,3,0,1
KOHAN,M,22,0,7
KOHANA,F,3,0,1
KOHEI,M,6,0,2
KOHEN,M,83,0,28
KOHINOOR,F,3,0,1
KOHKI,M,3,3,3
KOJI,M,6,0,2
KOKI,M,3,0,1
KOKO,F,23,0,8
KOLADE,M,6,6,6
KOLBE,M,3,0,1
KOLBI,M,3,0,1
KOLBIE,M,6,0,2
KOLI,M,3,0,1
KOLOS,M,3,0,1
KOLTON,M,14,0,5
KOMALPREET,F,3,0,1
KONA,M,3,3,3
KONAIN,F,5,0,2
KONAIN,M,3,0,1
KONAN,M,3,0,1
KONNAH,M,3,0,1
KONNAR,M,3,3,3
KONSTANTIN,M,77,6,77
KONSTANTINA,F,4,0,1
KONSTANTINOS,M,96,6,96
KONSTANTY,M,15,0,5
KOOPER,M,16,0,5
KORAH,F,3,0,1
KORAN,F,3,3,3
KORBAN,M,88,0,29
KORBIN,M,46,0,15
KORBON,M,3,0,1
KORBY,M,3,0,1
KORBYN,M,53,0,18
KORDEL,M,3,0,1
KORDELIA,F,3,0,1
KORDIAN,M,34,0,11
KOREDE,M,3,0,1
KOREN,M,10,0,3
KOREY,F,3,0,1
KORNEL,M,154,0,51
KORNELIJA,F,30,0,10
KORNELIJUS,M,6,0,2
KORNELIUSZ,M,21,0,7
KORTNEY,F,11,0,4
KORYN,F,3,0,1
KOSHAN,M,5,0,2
KOSISOCHUKWU,F,40,0,13
KOSISOCHUKWU,M,34,0,11
KOSMA,M,10,0,3
KOSTAS,M,9,0,3
KOTA,M,7,0,2
KOTRYNA,F,63,0,21
KOURTNIE,F,4,0,1
KOUSHIK,M,3,0,1
KOVAN,M,17,0,6
KRASIMIR,M,7,0,2
KRISHANG,M,12,0,4
KRISHANTH,M,3,0,1
KRISHAY,M,10,0,3
KRISHI,F,10,0,3
KRISHI,M,7,0,2
KRISHIKA,F,10,0,3
KRISHIV,M,53,0,18
KRISHNI,F,15,0,5
KRISHTI,F,3,0,1
KRISIA,F,8,0,3
KRISIYA,F,6,0,2
KRISMA,F,3,0,1
KRISTAPS,M,13,0,4
KRISTELLE,F,3,0,1
KRISTERS,M,54,0,18
KRISTIA,F,3,0,1
KRISTIAAN,M,4,0,1
KRISTIANS,M,59,0,20
KRISTIYAN,M,17,0,6
KRISTIYANA,F,3,0,1
KRISTJAN,M,8,0,3
KRISTOF,M,44,0,15
KRISTOFERS,M,35,0,12
KRISTON,M,7,3,7
KRISTUPAS,M,111,0,37
KRISTYNA,F,31,0,10
KRISZTIAN,M,4,0,1
KRIT,M,3,0,1
KRITHIKA,F,7,0,2
KRITI,F,33,0,11
KRITIKA,F,42,0,14
KRITTIKA,F,9,0,3
KRIYA,F,29,0,10
KRON,M,3,0,1
KRRISH,M,67,0,22
KRUZ,M,43,0,14
KRYSPIN,M,23,0,8
KRYSTAL-ROSE,F,9,0,3
KRYSTEL,F,7,0,2
KRYSTOF,M,10,0,3
KSAWIER,M,62,0,21
KSENIJA,F,45,0,15
KSENIYA,F,9,0,3
KSHAF,F,3,0,1
KT,F,16,0,5
KUDAKWASHE,M,47,6,47
KUDUS,M,3,0,1
KUDZAI,F,10,0,3
KUDZAI,M,15,0,5
KULDIP,M,3,0,1
KULRAJ,M,9,6,9
KULREET,F,3,0,1
KULTHUM,F,35,0,12
KULVEER,M,6,3,6
KUMARAN,M,3,3,3
KUMARI,F,6,3,6
KUMAYL,M,25,0,8
KUNAAL,M,3,3,3
KUNASHE,M,11,0,4
KUNDAI,M,3,0,1
KUNJ,M,8,0,3
KUNWAR,M,3,0,1
KUPRA,F,3,0,1
KURTISS,M,3,3,3
KURUN,M,7,0,2
KUSHI,F,36,0,12
KUZEY,M,89,0,30
KWEKU,M,34,6,34
KYA,M,33,0,11
KYAAN,M,6,0,2
KYAH,M,10,3,10
KYALL,M,3,3,3
KYAN,F,8,0,3
KYANA,F,40,0,13
KYANN,F,11,0,4
KYANN,M,6,0,2
KYARNA,F,9,5,9
KYAS,M,3,0,1
KYDAN,M,13,0,4
KYDEN,M,130,0,43
KYDON,M,23,0,8
KYE,F,6,3,6
KYEA,F,3,0,1
KYEDEN,M,3,0,1
KYEISHA,F,13,0,4
KYE-JAMES,M,3,0,1
KYEL,M,6,3,6
KYELAN,M,26,0,9
KYELL,M,3,0,1
KYEN,M,5,0,2
KYERAN,M,32,4,32
KYERON,M,45,0,15
KYESHA,F,43,6,43
KYIAH,F,3,0,1
KYIAN,M,11,0,4
KYISHA,F,7,0,2
KYLAH-ROSE,F,3,0,1
KYLA-JADE,F,3,0,1
KYLA-JO,F,3,0,1
KYLA-LEIGH,F,3,0,1
KYLA-MAE,F,21,0,7
KYLA-MAI,F,11,0,4
KYLA-MAY,F,11,0,4
KYLAN-JAI,M,3,0,1
KYLAR,M,3,0,1
KYLA-RAE,F,5,0,2
KYLA-ROSE,F,36,0,12
KYLEN,M,71,0,24
KYLIAN,M,3,0,1
KYLO,M,25,0,8
KYLON,M,6,0,2
KYLUM,M,3,0,1
KYLUN,M,4,0,1
KYMANI,F,9,0,3
KY'MANI,M,6,0,2
KY-MANI,M,49,0,16
KYMARA,F,3,3,3
KYMARI,M,7,0,2
KYMARNI,M,45,0,15
KYMORA,F,10,0,3
KYMRAN,F,3,0,1
KYNAAT,F,6,6,6
KYOMIE,F,3,3,3
KYON,M,43,0,14
KYPROS,M,4,0,1
KYRAH-LEIGH,F,3,0,1
KYRA-LEA,F,3,0,1
KYRALEIGH,F,3,0,1
KYRA-LOUISE,F,12,0,4
KYRA-MAE,F,7,0,2
KYRA-MAI,F,12,0,4
KYRA-MAY,F,3,0,1
KYRAN-LEE,M,4,0,1
KYRA-ROSE,F,6,0,2
KYRECE,M,3,3,3
KYREE,M,31,0,10
KYREECE,M,95,0,32
KYREESE,M,14,0,5
KYREL,M,14,0,5
KYRELLE,M,4,0,1
KYRENE,F,3,0,1
KYRESE,M,86,3,86
KYRHYS,M,4,0,1
KYRI,F,7,0,2
KYRIAKI,F,9,6,9
KYRIAKOS,M,17,0,6
KYRIAN,M,3,0,1
KYRIE,M,42,3,42
KYRIQUE,M,3,0,1
KYRON-JAMES,M,6,0,2
KYRON-LEE,M,6,0,2
KYROS,M,10,0,3
KYRUN,M,24,0,8
KYRUS,M,3,0,1
KYSON,M,104,0,35
KYTE,M,3,0,1
KYZA,M,4,0,1
KYZER,M,16,0,5
LA',F,6,0,2
LAAIBA,F,62,0,21
LAAIBAH,F,479,0,160
LAAIQAH,F,6,0,2
LAANA,F,7,0,2
LAARNI,F,3,0,1
LAASYA,F,18,0,6
LABAN,M,3,0,1
LABEEB,M,25,0,8
LABEEBA,F,9,0,3
LABEEBAH,F,13,0,4
LABEENA,F,3,0,1
LABEEQA,F,7,0,2
LABIBAH,F,45,3,45
LACEE,F,86,3,86
LACEE-MAE,F,3,0,1
LACEIGH,F,4,0,1
LACEY-,F,23,0,8
LACEY-ANN,F,28,0,9
LACEY-ANNE,F,24,0,8
LACEY-DEE,F,3,0,1
LACEY-GRACE,F,24,0,8
LACEY-JADE,F,19,0,6
LACEY-JAE,F,3,0,1
LACEY-JAI,F,13,0,4
LACEY-JANE,F,57,0,19
LACEY-JAY,F,18,0,6
LACEY-JAYNE,F,34,0,11
LACEY-JO,F,55,0,18
LACEY-KAY,F,3,0,1
LACEY-LEA,F,3,0,1
LACEY-LEE,F,20,0,7
LACEY-LEIGH,F,121,0,40
LACEY-LOU,F,56,0,19
LACEY-LOUISE,F,60,0,20
LACEYMAE,F,4,0,1
LACEY-MAI,F,307,0,102
LACEY-MARIE,F,77,0,26
LACEYMAY,F,13,0,4
LACEY-MAY,F,438,0,146
LACEY-MAYE,F,3,0,1
LACEY-RAE,F,58,0,19
LACEY-RAI,F,4,0,1
LACEY-ROSE,F,65,0,22
LACEY-SUMMER,F,3,0,1
LACHLANN,M,9,0,3
LACIE-ANN,F,3,0,1
LACIE-ANNE,F,6,0,2
LACIEE,F,19,0,6
LACIE-JAI,F,5,0,2
LACIE-JANE,F,4,0,1
LACIE-JAYNE,F,4,0,1
LACIE-LEIGH,F,27,0,9
LACIE-LOU,F,11,0,4
LACIE-LOUISE,F,12,0,4
LACIE-MAE,F,199,0,66
LACIE-MAI,F,161,0,54
LACIE-MARIE,F,15,0,5
LACIE-MAY,F,94,0,31
LACIE-RAE,F,11,0,4
LACIE-ROSE,F,23,0,8
LACI-MAE,F,14,0,5
LACI-MAI,F,21,0,7
LACY-MAE,F,4,0,1
LACY-MAY,F,4,0,1
LADA,F,3,0,1
LADINA,F,3,3,3
LAEL,F,21,0,7
LAEL,M,4,0,1
LAELIA,F,4,0,1
LAETICIA,F,10,4,10
LAGAN,M,3,0,1
LAHAN,M,3,0,1
LAHNA,F,17,0,6
LAHNI,F,6,0,2
LAI,F,9,5,9
LAIA,F,27,0,9
LAIBAA,F,3,0,1
LAIBAAH,F,3,0,1
LAIBAH,F,333,0,111
LAICE,F,3,0,1
LAICEE,F,42,0,14
LAICEY,F,56,3,56
LAICIE,F,4,0,1
LAIGAN,M,6,0,2
LAIHA,F,3,0,1
LAIKE,M,3,0,1
LAIKEN,M,3,0,1
LAILAA,F,38,3,38
LAILA-GRACE,F,22,0,7
LAILA-MAE,F,56,0,19
LAILA-MAI,F,70,0,23
LAILA-MARIE,F,4,0,1
LAILA-MAY,F,24,0,8
LAILAND,M,4,0,1
LAILA-RAE,F,16,0,5
LAILA-ROSE,F,75,0,25
LAILY,F,6,0,2
LAIMA,F,4,0,1
LAINEE,F,15,0,5
LAINEY-RAE,F,17,0,6
LAINY,F,6,0,2
LAIQA,F,24,3,24
LAIQAH,F,35,3,35
LAISON,M,7,0,2
LAITEN,M,5,0,2
LAITHAN,M,7,0,2
LAITON,M,148,0,49
LAITYN,M,3,0,1
LAIYA,F,12,0,4
LAIYAH,F,3,0,1
LAIYBA,F,13,0,4
LAIYLA,F,6,0,2
LAKAI,M,24,0,8
LA'KAI,M,3,0,1
LAKAYA,F,3,0,1
LAKE,F,11,0,4
LAKE,M,72,3,72
LAKEIYA,F,3,3,3
LAKELAN,M,3,0,1
LAKEN,M,34,0,11
LAKHAI,M,3,0,1
LAKHAN,M,4,0,1
LAKHVEER,F,4,0,1
LAKHVINDER,M,3,3,3
LAKIESHA,F,10,4,10
LAKITA,F,4,0,1
LAKSH,M,75,0,25
LAKSHA,F,6,0,2
LAKSHAN,M,6,0,2
LAKSHANA,F,21,0,7
LAKSHAY,M,3,0,1
LAKSHMAN,M,3,0,1
LAKSHYA,F,7,0,2
LAKSHYA,M,20,0,7
LALE,F,25,3,25
LALI,F,3,0,1
LALITA,F,73,5,73
LALITHA,F,3,0,1
LAM,F,3,0,1
LAMA,F,39,0,13
LAMAAR,M,3,3,3
LAMAISAH,F,14,0,5
LAMAR,F,132,0,44
LAMARI,M,3,0,1
LAMBROS,M,3,0,1
LAMEK,M,15,0,5
LAMIAH,F,19,0,6
LAMINE,M,14,0,5
LAMISA,F,44,3,44
LAMISHA,F,7,4,7
LAMIYA,F,22,0,7
LAMIYAH,F,3,0,1
LAMONT,M,6,6,6
LAMYA,F,76,4,76
LANAE,F,11,0,4
LANAH,F,47,0,16
LANAI,F,6,0,2
LANAIS,F,3,0,1
LANA-MAE,F,3,0,1
LANA-MAY,F,3,0,1
LANA-ROSE,F,8,0,3
LANAYA,F,21,0,7
LANDER,M,6,0,2
LANELLE,F,3,0,1
LANI,M,4,0,1
LANIA,F,31,0,10
LANIE,F,69,0,23
LANIYA,F,4,0,1
LANIYAH,F,6,0,2
LANO,F,40,0,13
LANO,M,3,0,1
LANRE,M,3,0,1
LANY,F,3,0,1
LANYA,F,72,0,24
LANZ,M,4,0,1
LAQUISHA,F,3,3,3
LAQUITA,F,3,3,3
LARAE,F,7,0,2
LA'RAE,F,10,0,3
LARA-JADE,F,3,0,1
LARA-MAE,F,6,0,2
LARA-MAY,F,5,0,2
LARANYA,F,6,0,2
LARA-ROSE,F,8,0,3
LARAYA,F,3,0,1
LARAYB,F,3,0,1
LAREEN,F,20,0,7
LARELL,M,3,0,1
LARENA,F,3,0,1
LARENZ,M,6,3,6
LARENZO,M,6,0,2
LARIA,F,3,0,1
LARIN,F,15,0,5
LARIYA,F,3,0,1
LARK,F,6,0,2
LARKIN,F,6,0,2
LARKIN,M,3,0,1
LARNI,F,16,0,5
LAROSA,F,6,0,2
LA-ROSA,F,3,0,1
LARSON,M,22,0,7
LARSSON,M,26,0,9
LARYSA,F,3,0,1
LARYSSA,F,7,0,2
LAS,M,22,0,7
LASHA,F,3,0,1
LASHAE,F,38,3,38
LASHAI,F,6,6,6
LASHAN,F,3,3,3
LASHANA,F,8,0,3
LASHANNA,F,3,3,3
LASHARN,F,6,3,6
LASHARN,M,3,0,1
LASHARNA,F,3,3,3
LASHARNE,F,3,3,3
LASHAWN,F,3,0,1
LASHAWN,M,10,3,10
LASHAYA,F,7,0,2
LASON,M,3,0,1
LASYA,F,3,0,1
LATALIA,F,3,0,1
LATANYA,F,10,3,10
LATASIA,F,3,0,1
LATAYA,F,77,0,26
LATAYAH,F,10,0,3
LATEEF,M,20,0,7
LATEEFA,F,9,0,3
LATEEFAH,F,3,0,1
LATEEFAT,F,9,0,3
LATEEN,F,3,0,1
LATEESHA,F,3,0,1
LATHANIEL,M,3,3,3
LATHEN,M,3,0,1
LATHUSAN,M,4,0,1
LATHUSHAN,M,3,0,1
LA'TIA,F,3,0,1
LATIFAT,F,3,0,1
LATIN,F,3,0,1
LATINA,F,3,0,1
LATITIA,F,13,6,13
LATIYA,F,3,3,3
LATONIA,F,9,3,9
LATRELL,M,70,4,70
LATRELLE,M,3,0,1
LAUMA,F,7,0,2
LAURA-,F,3,0,1
LAURA-JO,F,3,3,3
LAURE,F,9,3,9
LAUREN,M,3,3,3
LAURENA,F,6,0,2
LAURENE,F,5,0,2
LAUREN-MAE,F,3,0,1
LAURENNE,F,6,6,6
LAURENTIU,M,5,0,2
LAURETTA,F,25,6,25
LAURIANNE,F,3,3,3
LAURICE,F,3,3,3
LAURYNAS,M,16,0,5
LAVA,F,28,0,9
LAVAND,M,3,0,1
LAVAYAH,F,4,0,1
LAVEAH,F,3,0,1
LAVEEN,F,3,0,1
LAVEEZA,F,3,3,3
LAVELLE,F,6,0,2
LAVELLE,M,6,0,2
LAVIA,F,3,0,1
LAVIN,F,73,0,24
LAVIN,M,4,0,1
LAWA,M,6,0,2
LAWAN,M,21,0,7
LAWAND,M,96,0,32
LAWE,M,10,0,3
LAWEN,M,9,0,3
LAWI,M,42,0,14
LAWIE,M,3,0,1
LAWIN,M,25,0,8
LAWRANCE,M,9,6,9
LAWREN,F,3,3,3
LAWY,M,23,0,8
LAXMAN,M,3,0,1
LAXMI,F,33,4,33
LAXMITHA,F,3,0,1
LAXSHAN,M,3,0,1
LAYAAL,F,3,0,1
LAYAAN,F,24,0,8
LAYAD,M,4,0,1
LAYAH,F,63,3,63
LAYAL,F,67,3,67
LAYALI,F,9,0,3
LAYAN,F,200,0,67
LAYANA,F,13,0,4
LAYANAH,F,3,0,1
LAYANNE,F,3,0,1
LAYBA,F,24,0,8
LAYBAH,F,9,0,3
LAYCEE,F,92,0,31
LAYCEE-MAE,F,3,0,1
LAYCI,F,7,0,2
LAYCIE,F,128,0,43
LAYDEN,M,13,0,4
LAYKE,M,6,0,2
LAYKEN,M,3,0,1
LAYLAA,F,10,3,10
LAYLA-ANN,F,8,0,3
LAYLA-ANNE,F,3,0,1
LAYLA-BEAU,F,4,0,1
LAYLA-BELLE,F,3,0,1
LAYLA-FAYE,F,3,0,1
LAYLA-GRACE,F,114,0,38
LAYLAH-ROSE,F,3,0,1
LAYLA-JADE,F,33,0,11
LAYLA-JAI,F,15,0,5
LAYLA-JANE,F,38,0,13
LAYLA-JAY,F,12,0,4
LAYLA-JAYNE,F,18,0,6
LAYLA-JEAN,F,3,0,1
LAYLA-LEIGH,F,14,0,5
LAYLA-LOUISE,F,45,0,15
LAYLA-MARIE,F,39,0,13
LAYLA-MAY,F,167,0,56
LAYLAN,M,37,0,12
LAYLANI,F,3,0,1
LAYLA-RAE,F,67,0,22
LAYLA-ROSE,F,342,0,114
LAYLEN,M,31,0,10
LAYLIE,F,3,0,1
LAYLON,M,3,0,1
LAYNEE,F,8,0,3
LAYNI,F,6,0,2
LAYNIE,F,64,0,21
LAYSON,M,7,0,2
LAYTAN,M,3,0,1
LAYTEN,M,11,0,4
LAYTH,M,150,6,150
LAYTHAM,M,3,0,1
LAYTON-JAMES,M,24,0,8
LAYTON-JAY,M,12,0,4
LAYTON-JOHN,M,3,0,1
LAYTON-LEE,M,23,0,8
LAYYAH,F,8,0,3
LAYYANAH,F,4,0,1
LAYYINAH,F,3,0,1
LAZAR,M,28,0,9
LAZER,M,15,0,5
LAZO,M,20,0,7
LE,F,34,6,34
LEA,M,3,0,1
LEAH-ANN,F,3,0,1
LEAH-GRACE,F,13,0,4
LEAH-JADE,F,3,0,1
LEAH-JANE,F,4,0,1
LEAH-LOUISE,F,18,0,6
LEAH-MAI,F,28,0,9
LEAH-MAY,F,52,0,17
LEAH-PAIGE,F,6,0,2
LEAH-ROSE,F,87,0,29
LEALAN,M,5,0,2
LEALAND,M,43,0,14
LEA-MARIE,F,3,0,1
LEANAH,F,4,0,1
LEANDRE,M,12,0,4
LE-ANN,F,3,0,1
LEANORA,F,4,0,1
LEARA,F,3,0,1
LEARNA,F,17,3,17
LEASHA,F,18,3,18
LEATITIA,F,3,0,1
LEAYA,F,6,0,2
LEBAN,M,3,0,1
LEDA,F,12,0,4
LEDIANA,F,6,0,2
LEDIO,M,3,0,1
LEDION,M,61,0,20
LEDJON,M,3,0,1
LEDLEY,M,10,0,3
LEEA,F,6,0,2
LEEAH,F,4,0,1
LEEAM,M,6,3,6
LEE-ANN,F,7,4,7
LEEANNA,F,9,3,9
LEEGAN,M,3,0,1
LEE-JAMES,M,3,0,1
LEEJAY,M,30,0,10
LEE-JAY,M,9,0,3
LEE-JUNIOR,M,17,0,6
LEELAH,F,12,0,4
LEELA-MAE,F,3,0,1
LEELAN,M,74,0,25
LEELA-ROSE,F,8,0,3
LEELOO,F,6,3,6
LEEMA,F,3,3,3
LEEN,F,172,6,172
LEENAH,F,15,0,5
LEEON,M,6,0,2
LEESA,F,3,0,1
LEEVI,M,40,4,40
LEEYAH,F,6,0,2
LEHA,F,3,0,1
LEHAT,M,10,0,3
LEI,F,7,0,2
LEI,M,17,0,6
LEIAM,M,3,0,1
LEIANA,F,15,0,5
LEIANNA,F,4,0,1
LEIARNA,F,14,0,5
LEIGHAH,F,3,3,3
LEIGHA-LOUISE,F,3,0,1
LEIGHARNA,F,3,0,1
LEIGHLA,F,46,0,15
LEIGHLAN,M,17,0,6
LEIGHLAND,M,16,0,5
LEIGHTON,F,15,0,5
LEIGHTON-JAMES,M,40,0,13
LEIGHTON-LEE,M,3,0,1
LEILA-GRACE,F,13,0,4
LEILAH-MAE,F,3,0,1
LEILA-MAE,F,25,0,8
LEILA-MAI,F,9,0,3
LEILA-MARIE,F,3,0,1
LEILA-MAY,F,10,0,3
LEILAN,M,16,0,5
LEILAND,M,40,0,13
LEILA-RAE,F,4,0,1
LEILA-ROSE,F,48,0,16
LEILIA,F,3,0,1
LEINA,F,18,6,18
LEIRE,F,3,0,1
LEISA,F,3,0,1
LEIYA,F,3,0,1
LEIYAH,F,7,0,2
LEJA,F,184,0,61
LEJLA,F,33,3,33
LEKAI,M,8,0,3
LEKISHA,F,7,0,2
LELAH,F,3,0,1
LELAINA,F,3,3,3
LELAN,M,65,0,22
LELAND-JAMES,M,6,0,2
LELANI,F,6,0,2
LELIA,F,21,0,7
LELIE,F,6,0,2
LEMAR,F,3,0,1
LEMARI,M,3,0,1
LEMMY,M,6,0,2
LEMUELLA,F,4,0,1
LEN,M,12,0,4
LENAE,F,14,0,5
LENA-MARIE,F,6,0,2
LENAY,F,8,0,3
LENAYA,F,7,0,2
LENAYAH,F,5,0,2
LENI,M,12,0,4
LENIA,F,6,0,2
LENINA,F,3,3,3
LENISHA,F,3,0,1
LENKA,F,72,3,72
LENNART,M,6,0,2
LENNI,F,20,0,7
LENNI,M,51,0,17
LENNIE,F,57,6,57
LENNY,F,3,0,1
LENORA,F,6,0,2
LENORE,F,3,0,1
LENOX,F,3,0,1
LENY,M,3,0,1
LEO-JAI,M,3,0,1
LEO-JAMES,M,72,0,24
LEO-JAY,M,29,0,10
LEO-JOHN,M,10,0,3
LEOLA,F,49,0,16
LEOM,M,3,3,3
LEONAH,F,3,3,3
LEONARDA,F,3,0,1
LEONARDAS,M,15,0,5
LEONARDS,M,3,0,1
LEONAS,M,8,0,3
LEONDRE,M,8,0,3
LEONELA,F,3,0,1
LEONELL,M,3,0,1
LEONID,M,17,0,6
LEONIT,M,3,0,1
LEON-JAMES,M,12,0,4
LEON-JUNIOR,M,3,0,1
LEONORE,F,3,0,1
LEONY,F,3,3,3
LEO-RILEY,M,3,0,1
LEOS,M,3,0,1
LEOTRIM,M,3,0,1
LERA,F,6,0,2
LERATO,F,7,0,2
LERON,M,11,0,4
LERONE,M,6,0,2
LESEDI,F,15,0,5
LESEDI,M,9,0,3
LESHAE,F,3,0,1
LESHAY,F,18,0,6
LESLEY,M,9,0,3
LETEISHA,F,3,0,1
LETESHA,F,3,0,1
LETICIJA,F,4,0,1
LETISIA,F,3,0,1
LETIZIA,F,26,0,9
LETO,M,10,0,3
LETRELL,M,3,0,1
LETTI,F,16,0,5
LETTICE,F,12,0,4
LETTIE,F,83,0,28
LEUAN,M,37,0,12
LEUL,M,6,0,2
LEUSA,F,6,0,2
LEV,M,80,3,80
LEVAEH,F,5,0,2
LEVAN,M,29,0,10
LEVANA,F,25,0,8
LEVEN,M,17,0,6
LEVENTE,M,76,0,25
LEVIE,M,3,0,1
LEVII,M,6,0,2
LEVI-JAMES,M,27,0,9
LEVI-JAY,M,10,0,3
LEVINA,F,9,0,3
LEVISON,M,8,0,3
LEWA,F,6,0,2
LEWAN,F,29,0,10
LEWIS-JAMES,M,27,0,9
LEWIS-JAY,M,7,0,2
LEWIS-JOHN,M,3,0,1
LEWIS-JUNIOR,M,3,0,1
LEWIS-LEE,M,13,0,4
LEWISS,M,6,6,6
LEWY,M,31,0,10
LEWYN,M,5,0,2
LEXCI,F,3,0,1
LEXI,M,6,0,2
LEXI-,F,10,0,3
LEXI-ANN,F,52,0,17
LEXI-ANNE,F,28,0,9
LEXIE-,F,6,0,2
LEXIE-ANN,F,6,0,2
LEXIE-ANNE,F,3,0,1
LEXIE-GRACE,F,13,0,4
LEXIE-JADE,F,3,0,1
LEXIE-JANE,F,3,0,1
LEXIE-JAY,F,3,0,1
LEXIE-JAYNE,F,6,0,2
LEXIE-JO,F,3,0,1
LEXIE-LEIGH,F,50,0,17
LEXI-ELISE,F,3,0,1
LEXIE-LOU,F,17,0,6
LEXIE-LOUISE,F,36,0,12
LEXIE-MAI,F,65,0,22
LEXIE-MARIE,F,20,0,7
LEXIE-MAY,F,72,0,24
LEXIE-RAE,F,25,0,8
LEXIE-ROSE,F,37,0,12
LEXI-GRACE,F,48,0,16
LEXII,F,99,0,33
LEXII-MAE,F,7,0,2
LEXII-MAY,F,3,0,1
LEXI-J,F,5,0,2
LEXI-JADE,F,32,0,11
LEXI-JAE,F,4,0,1
LEXI-JAI,F,13,0,4
LEXI-JANE,F,33,0,11
LEXI-JAY,F,6,0,2
LEXI-JAYNE,F,24,0,8
LEXI-JEAN,F,4,0,1
LEXI-JO,F,35,0,12
LEXI-LEA,F,13,0,4
LEXI-LEE,F,16,0,5
LEXI-LEI,F,3,0,1
LEXILEIGH,F,3,0,1
LEXI-LEIGH,F,135,0,45
LEXI-LOU,F,56,0,19
LEXI-LOUISE,F,111,0,37
LEXI-MARIE,F,66,0,22
LEXI-PAIGE,F,3,0,1
LEXI-RAE,F,74,0,25
LEXI-ROSE,F,130,0,43
LEXIS,F,50,0,17
LEXIS,M,4,0,1
LEXI-SKYE,F,3,0,1
LEXON,M,3,0,1
LEXSIE,F,7,0,2
LEXTON,M,3,0,1
LEXX,M,18,0,6
LEXXI,F,39,0,13
LEXXIE,F,40,0,13
LEYAH,F,62,0,21
LEYLA-MAE,F,3,0,1
LEYLA-MAY,F,3,0,1
LEYLAN,M,64,0,21
LEYLA-ROSE,F,11,0,4
LEYLI,F,11,0,4
LEYNA,F,61,0,20
LEYO,M,4,0,1
LEYON,M,3,0,1
LEZMA,F,3,0,1
LIABA,F,84,0,28
LIABAH,F,24,0,8
LIALA,F,6,0,2
LIA-MARIE,F,3,0,1
LIAM-JAMES,M,14,0,5
LIAM-JAY,M,4,0,1
LIAM-JUNIOR,M,3,0,1
LIANAH,F,3,0,1
LIANG,M,9,0,3
LIANI,F,12,0,4
LIANIE,F,3,0,1
LIARA,F,70,0,23
LIARNA,F,32,0,11
LIA-ROSE,F,9,0,3
LIAS,M,9,3,9
LIAT,F,3,0,1
LIBA,F,93,0,31
LIBAAN,M,15,0,5
LIBAH,F,17,0,6
LIBBIE-MAE,F,4,0,1
LIBBY-,F,4,0,1
LIBBY-ANN,F,3,0,1
LIBBY-ANNE,F,12,0,4
LIBBY-GRACE,F,9,0,3
LIBBY-JANE,F,3,0,1
LIBBY-JO,F,17,0,6
LIBBY-LEIGH,F,3,0,1
LIBBY-LOUISE,F,17,0,6
LIBBY-MAE,F,60,0,20
LIBBY-MAI,F,38,0,13
LIBBY-MARIE,F,8,0,3
LIBBY-MAY,F,60,0,20
LIBBY-RAE,F,6,0,2
LIBBY-ROSE,F,70,0,23
LIBERTIE,F,7,3,7
LIBERTY,M,4,0,1
LIBERTY-GRACE,F,6,0,2
LIBERTY-MAE,F,3,0,1
LIBERTY-ROSE,F,14,0,5
LIBI,F,37,3,37
LIBY,F,3,0,1
LIDA,F,24,0,8
LIDYA,F,33,0,11
LIEF,M,3,0,1
LIENNA,F,18,0,6
LIEPA,F,104,0,35
LIESEL,F,22,0,7
LIESL,F,26,0,9
LIGIA,F,13,0,4
LIIBAAN,M,6,3,6
LIIBAN,M,15,5,15
LIJA,F,6,0,2
LIJAH,M,3,0,1
LIL,F,3,0,1
LILAH-GRACE,F,8,0,3
LILAH-MAE,F,14,0,5
LILAH-MAI,F,3,0,1
LILAH-MAY,F,3,0,1
LILAH-RAE,F,9,0,3
LILAH-ROSE,F,45,0,15
LILA-MAE,F,10,0,3
LILANI,F,7,0,2
LILA-ROSE,F,48,0,16
LILEE,F,41,0,14
LILEIGH,F,6,0,2
LILIAH,F,29,0,10
LILIA-MAE,F,6,0,2
LILIANE,F,39,0,13
LILI-ANN,F,4,0,1
LILIAN-ROSE,F,4,0,1
LILIA-ROSE,F,7,0,2
LILIBET,F,3,0,1
LILIELLA,F,3,0,1
LILI-ELLA,F,4,0,1
LILIE-MAE,F,6,0,2
LILI-GRACE,F,3,0,1
LILI-HAF,F,3,0,1
LILIJA,F,27,0,9
LILIJANA,F,17,0,6
LILIMAE,F,3,3,3
LILIMAI,F,6,0,2
LILI-MAI,F,74,0,25
LILIMAY,F,3,0,1
LILI-MAY,F,25,0,8
LILIROSE,F,3,0,1
LILI-ROSE,F,10,0,3
LILIYA,F,62,0,21
LILJA,F,44,0,15
LILJANA,F,3,0,1
LILLANI,F,3,0,1
LILLE,F,3,0,1
LILLEE,F,51,0,17
LILLEE-MAE,F,3,0,1
LILLEIGH,F,4,0,1
LILLEY-MAE,F,3,0,1
LILLEY-MAY,F,3,0,1
LILLEY-ROSE,F,3,0,1
LILLIAH,F,43,0,14
LILLI-ANN,F,23,0,8
LILLIANNE,F,27,0,9
LILLI-ANNE,F,6,0,2
LILLIARNA,F,9,0,3
LILLIA-ROSE,F,3,0,1
LILLIE-,F,18,0,6
LILLIE-ANN,F,70,0,23
LILLIE-ANNA,F,10,0,3
LILLIE-ANNE,F,52,0,17
LILLIE-BELLE,F,3,0,1
LILLIE-ELLA,F,7,0,2
LILLIE-GRACE,F,84,0,28
LILLIE-JAI,F,3,0,1
LILLIE-JANE,F,6,0,2
LILLIE-JAYNE,F,6,0,2
LILLIE-JO,F,20,0,7
LILLIELLA,F,9,0,3
LILLI-ELLA,F,6,3,6
LILLIE-LOUISE,F,7,0,2
LILLIEMAE,F,15,0,5
LILLIEMAI,F,4,0,1
LILLIE-MARIE,F,25,0,8
LILLIEMAY,F,7,0,2
LILLIE-PAIGE,F,3,0,1
LILLIE-RAE,F,50,0,17
LILLIEROSE,F,4,0,1
LILLI-GRACE,F,15,0,5
LILLIMAE,F,7,0,2
LILLI-MAE,F,131,0,44
LILLIMAI,F,6,0,2
LILLI-MAI,F,96,0,32
LILLIMAY,F,4,0,1
LILLI-MAY,F,24,0,8
LILLI-RAE,F,3,0,1
LILLIROSE,F,7,0,2
LILLY-,F,40,0,13
LILLYA,F,17,0,6
LILLYAN,F,3,0,1
LILLYANA,F,37,0,12
LILLYANN,F,57,0,19
LILLYANNA,F,85,0,28
LILLY-ANNA,F,53,0,18
LILLYANNE,F,37,3,37
LILLYARNA,F,10,0,3
LILLY-BEAU,F,8,0,3
LILLYBELLE,F,6,0,2
LILLY-BELLE,F,19,0,6
LILLY-BOW,F,3,0,1
LILLYELLA,F,6,0,2
LILLY-ELLA,F,112,0,37
LILLY-FAYE,F,3,0,1
LILLYGRACE,F,4,0,1
LILLY-JADE,F,10,0,3
LILLY-JANE,F,44,0,15
LILLY-JAYNE,F,19,0,6
LILLY-JEAN,F,9,0,3
LILLY-JO,F,47,0,16
LILLY-LOUISE,F,37,0,12
LILLYMAE,F,67,0,22
LILLYMAI,F,8,0,3
LILLY-MARIE,F,71,0,24
LILLYMAY,F,131,0,44
LILLY-PAIGE,F,3,0,1
LILLY-RAE,F,80,0,27
LILLY-RAY,F,3,0,1
LILLYROSE,F,70,0,23
LILLY-SUE,F,44,0,15
LILO,F,3,0,1
LILOU,F,53,0,18
LILWEN,F,9,0,3
LILY,M,3,0,1
LILY-,F,117,4,117
LILYA,F,108,0,36
LILYAH,F,3,0,1
LILYAN,F,22,3,22
LILYANN,F,49,0,16
LILY-BEAU,F,6,0,2
LILY-BELLE,F,55,0,18
LILYBETH,F,26,0,9
LILY-BETH,F,66,0,22
LILY-BO,F,3,0,1
LILY-ELLA,F,190,0,63
LILY-EVE,F,12,0,4
LILY-FAITH,F,8,0,3
LILY-FAYE,F,6,0,2
LILY-GRACE,F,471,0,157
LILY-HOPE,F,3,0,1
LILY-JADE,F,18,0,6
LILY-JANE,F,65,0,22
LILY-JAY,F,13,0,4
LILY-JAYNE,F,42,0,14
LILY-JEAN,F,17,0,6
LILY-JO,F,70,0,23
LILY-JOY,F,3,0,1
LILY-KATE,F,9,0,3
LILY-LEE,F,3,0,1
LILYMAE,F,95,0,32
LILY-MAYE,F,3,0,1
LILY-PAIGE,F,3,0,1
LILY-RAE,F,135,0,45
LILY-RAI,F,7,0,2
LILYROSE,F,76,0,25
LILY-SUE,F,77,0,26
LIMARA,F,6,3,6
LIN,M,20,0,7
LINAH,F,3,0,1
LINARDS,M,3,0,1
LINCOLN-JAMES,M,13,0,4
LINCOLN-JAY,M,3,0,1
LINCON,M,39,0,13
LINDA-MARIE,F,3,0,1
LINEYSHA,F,3,0,1
LINH,F,36,6,36
LINK,M,14,0,5
LINKIN,M,6,0,2
LINKOLN,M,13,0,4
LINKON,M,11,0,4
LINO,M,11,0,4
LINXI,F,3,0,1
LINXI,M,3,0,1
LIO,M,5,0,2
LIOR,F,3,0,1
LIOR,M,22,0,7
LIPA,M,6,0,2
LIRA,F,9,0,3
LIRAN,M,3,0,1
LIS,M,6,0,2
LISHANA,F,3,0,1
LISHANI,F,6,0,2
LISSA,F,3,0,1
LISSI,F,6,0,2
LISSIA,F,3,0,1
LISSIE,F,23,0,8
LISSY,F,16,0,5
LISTON,M,3,0,1
LITIA,F,3,0,1
LITISHA,F,3,0,1
LIUTAURAS,M,6,0,2
LIVA,F,7,0,2
LIVI,F,78,0,26
LIVIAH,F,5,0,2
LIVIANA,F,3,0,1
LIVIJA,F,4,0,1
LIVINIA,F,27,0,9
LIVIO,M,8,0,3
LIVIU,M,4,0,1
LIVIYA,F,3,0,1
LIVLEEN,F,7,0,2
LIVVIE,F,88,0,29
LIVVY,F,243,6,243
LIWIA,F,39,0,13
LIWSI,F,22,0,7
LIYAA,F,4,0,1
LIYAANA,F,31,0,10
LIYAANAH,F,8,0,3
LIYAN,F,13,0,4
LIYANA,F,715,0,238
LIYANAH,F,24,0,8
LIYANNA,F,4,0,1
LIYARA,F,3,0,1
LIYBA,F,33,0,11
LIYBAH,F,6,0,2
LIYLA,F,3,0,1
LIYLAH,F,4,0,1
LIZE,F,3,0,1
LIZZI,F,3,0,1
LJ,M,19,0,6
L-JAY,M,9,0,3
LJILJANA,F,3,0,1
LLAYTON,M,15,0,5
LLEU,M,9,0,3
LLEW,M,26,0,9
LLIAN,F,13,0,4
LMAR,F,3,0,1
L'MAR,M,3,3,3
LOAY,M,3,0,1
LOCHIE,M,10,0,3
LOCHLEN,M,3,0,1
LOCKE,M,10,0,3
LOCKIE,M,22,0,7
LOCKLYN,M,3,0,1
LOCRYN,M,11,0,4
LOEN,F,3,0,1
LOGAN-JACK,M,9,0,3
LOGAN-JAI,M,3,0,1
LOGAN-JAMES,M,102,0,34
LOGAN-JAY,M,61,0,20
LOGAN-JOHN,M,17,0,6
LOGAN-KAI,M,3,0,1
LOGAN-LEE,M,82,0,27
LOGAN-REECE,M,3,0,1
LOGAN-THOMAS,M,7,0,2
LOGON,M,10,0,3
LOHAN,F,21,0,7
LOHAN,M,30,0,10
LOHITH,M,9,0,3
LOHLA,F,6,0,2
LOJAIN,F,14,0,5
LOK,F,6,0,2
LOLA-,F,7,0,2
LOLA-BELLE,F,43,0,14
LOLA-BROOKE,F,5,0,2
LOLADE,F,3,0,1
LOLA-FAITH,F,11,0,4
LOLAH,F,48,0,16
LOLA-JADE,F,16,0,5
LOLA-JAI,F,7,0,2
LOLA-JANE,F,11,0,4
LOLA-JAY,F,3,0,1
LOLA-JAYNE,F,4,0,1
LOLA-JEAN,F,3,0,1
LOLA-JO,F,14,0,5
LOLA-LEIGH,F,3,0,1
LOLA-LOUISE,F,33,0,11
LOLA-MAI,F,131,0,44
LOLA-MARIE,F,27,0,9
LOLA-MIA,F,3,0,1
LOLA-RAE,F,87,0,29
LOLA-ROSE,F,494,0,165
LOLA-SUE,F,3,0,1
LOLLA,F,7,0,2
LOLLIE,F,26,0,9
LOLLY,F,16,0,5
LOMAX,M,3,0,1
LONA,F,41,0,14
LONAN,M,11,0,4
LONDON,M,50,0,17
LONDRA,F,3,0,1
LONDYN,F,3,0,1
LONG,M,16,0,5
LONNIE,F,9,0,3
LORAINE,F,7,0,2
LORALYE,F,3,0,1
LORAN,M,4,0,1
LORDINA,F,22,0,7
LOREEN,F,7,0,2
LORELLA,F,9,0,3
LORENT,M,3,0,1
LORENZ,M,40,6,40
LORESA,F,3,0,1
LORETA,F,29,0,10
LORIANA,F,3,0,1
LORIE,F,3,0,1
LORIEN,M,3,0,1
LORINA,F,12,0,4
LORINE,F,3,0,1
LORIS,F,8,0,3
LORISSA,F,3,0,1
LORRELLE,F,3,0,1
LORRENA,F,3,0,1
LOTANNA,F,12,0,4
LOTANNA,M,10,0,3
LOTFI,M,7,0,2
LOTTA,F,75,0,25
LOTTIE-BELLE,F,3,0,1
LOTTIE-GRACE,F,3,0,1
LOTTIE-LEIGH,F,3,0,1
LOTTIE-LOU,F,10,0,3
LOTTIE-LOUISE,F,6,0,2
LOTTIE-MAE,F,54,0,18
LOTTIE-MAI,F,15,0,5
LOTTIE-MARIE,F,3,0,1
LOTTIE-MAY,F,24,0,8
LOTTIE-RAE,F,17,0,6
LOTTIE-ROSE,F,46,0,15
LOU,F,27,0,9
LOU,M,6,3,6
LOUANNA,F,41,0,14
LOU-ANNA,F,3,0,1
LOUAY,M,18,0,6
LOUCA,M,20,0,7
LOUEE,M,3,3,3
LOUEN,M,3,0,1
LOUGHLIN,M,6,0,2
LOUIE-GEORGE,M,3,0,1
LOUIE-JAMES,M,10,0,3
LOUIE-JAY,M,23,0,8
LOUIE-JOHN,M,3,0,1
LOUISA-MAE,F,4,0,1
LOUISA-MAY,F,9,0,3
LOUISA-ROSE,F,3,0,1
LOUISIANA,F,18,0,6
LOUIS-JAMES,M,6,0,2
LOUIX,M,67,4,67
LOUJAIN,F,3,0,1
LOUKA,M,14,0,5
LOUKIA,F,3,0,1
LOULA,F,11,0,4
LOULIA,F,3,0,1
LOULOU,F,25,4,25
LOU-LOU,F,3,3,3
LOURENCO,M,34,3,34
LOURENS,M,3,0,1
LOUSHA,F,3,0,1
LOVELEEN,F,26,0,9
LOVELL,F,6,0,2
LOVELLA,F,4,0,1
LOVELY,F,8,0,3
LOVINA,F,3,0,1
LOVISA,F,3,0,1
LOWAN,F,8,0,3
LOWAN,M,37,0,12
LOWE,F,3,0,1
LOWENA,F,39,6,39
LOWIS,F,3,0,1
LOXY,F,3,0,1
LOYD,M,21,4,21
LOZA,F,14,0,5
L'RAE,F,4,0,1
L'SHAE,F,13,0,4
LUAY,M,39,0,13
LU'AY,M,4,0,1
LUBABA,F,7,4,7
LUBABAH,F,13,0,4
LUBELIHLE,F,6,0,2
LUBOMIR,M,4,0,1
LUBOS,M,3,0,1
LUCAH,M,18,0,6
LUCAIS,M,3,0,1
LUCA-JAMES,M,17,0,6
LUCA-JAY,M,12,0,4
LUCAS-JACK,M,3,0,1
LUCAS-JAMES,M,99,0,33
LUCAS-JAY,M,17,0,6
LUCAS-JOHN,M,10,0,3
LUCAS-KAI,M,3,0,1
LUCAS-LEE,M,9,0,3
LUCAS-SCOTT,M,4,0,1
LUCCA,F,11,4,11
LUCCAS,M,3,0,1
LUCCIA,F,15,0,5
LUCEA,F,6,0,2
LUCIA-ROSE,F,4,0,1
LUCIE-ANN,F,4,0,1
LUCIE-ANNE,F,3,0,1
LUCIE-JO,F,8,0,3
LUCIE-LOU,F,3,0,1
LUCIE-MAE,F,38,0,13
LUCIE-MAI,F,6,0,2
LUCIE-MAY,F,13,0,4
LUCIENNA,F,6,0,2
LUCIE-ROSE,F,6,0,2
LUCIJA,F,3,0,1
LUCI-JO,F,6,0,2
LUCILE,F,22,4,22
LUCINE,F,3,0,1
LUCIO,M,71,0,24
LUCION,M,3,0,1
LUCJA,F,97,0,32
LUCJAN,M,13,0,4
LUCREZIA,F,28,3,28
LUCY-,F,8,0,3
LUCYANN,F,9,6,9
LUCYANNA,F,3,0,1
LUCY-JO,F,82,0,27
LUCY-LEIGH,F,6,0,2
LUCY-LOU,F,23,0,8
LUCY-LOUISE,F,6,0,2
LUCY-MAI,F,31,0,10
LUCY-MARIE,F,20,6,20
LUCYNA,F,5,0,2
LUCY-RAE,F,3,0,1
LUCY-ROSE,F,42,0,14
LUDMILA,F,4,0,1
LUDOVICA,F,4,0,1
LUEN,M,6,0,2
LUENA,F,6,0,2
LUEY,M,39,0,13
LUIE,M,29,0,10
LUIZA,F,194,6,194
LUIZE,F,21,0,7
LUJAINE,F,4,0,1
LUJANE,F,10,0,3
LUJAYN,F,25,0,8
LUKAH,M,7,0,2
LUKE-JAMES,M,3,0,1
LUKE-JUNIOR,M,8,0,3
LUKEN,M,3,0,1
LUKMAAN,M,7,0,2
LUKNE,F,32,0,11
LUKRECIA,F,3,0,1
LUKRECIJA,F,10,0,3
LUKRECJA,F,3,0,1
LUKUS,M,26,0,9
LUL,F,6,3,6
LULABELLE,F,8,0,3
LULA-BELLE,F,3,0,1
LULAH,F,21,0,7
LULIA,F,20,0,7
LULLAH,F,9,0,3
LULUA,F,3,0,1
LULYA,F,6,0,2
LULYANA,F,3,0,1
LUNA-BELLE,F,3,0,1
LUNA-MAE,F,10,0,3
LUNA-MAI,F,3,0,1
LUNA-MAY,F,7,0,2
LUNA-ROSE,F,33,0,11
LUNASHA,F,3,0,1
LUNED,F,22,6,22
LUNNA,F,3,0,1
LUO,F,3,0,1
LUQA,M,3,0,1
LURA,F,3,0,1
LUSIA,F,8,0,3
LUSIANA,F,5,0,2
LUTFI,M,3,3,3
LUTFIYA,F,3,0,1
LUTFIYAH,F,3,0,1
LUTHANDO,M,3,0,1
LUUK,M,6,0,2
LUUL,F,10,4,10
LUV,M,3,0,1
LUX,M,11,0,4
LUXMI,F,3,0,1
LUYANDA,M,10,0,3
LUZ,F,9,0,3
LWANDLE,F,3,0,1
L'WREN,F,7,0,2
LWSI,F,19,0,6
LYA,F,19,0,6
LYAH,F,3,0,1
LYAN,F,3,0,1
LYARA,F,3,0,1
LYAS,M,3,0,1
LYBAH,F,131,4,131
LYCIA,F,8,0,3
LYDIA-GRACE,F,14,0,5
LYDIA-MAE,F,36,0,12
LYDIA-MAY,F,20,0,7
LYES,M,3,0,1
LYLA-BELLE,F,3,0,1
LYLA-GRACE,F,44,0,15
LYLAH-ROSE,F,14,0,5
LYLA-MAE,F,35,0,12
LYLA-MAI,F,10,0,3
LYLA-MAY,F,26,0,9
LYLA-RAE,F,24,0,8
LYLA-ROSE,F,133,0,44
LYLIE,F,8,0,3
LYNCOLN,M,9,0,3
LYNCON,M,11,0,4
LYRA-MAE,F,4,0,1
LYRA-MAY,F,3,0,1
LYRA-ROSE,F,8,0,3
LYRIC,M,23,0,8
LYUBOV,F,3,0,1
LYVIA,F,40,0,13
LYZA,F,21,0,7
M,M,11,0,4
MA,F,3,0,1
MAAB,F,16,0,5
MAAHI,F,100,0,33
MAAHIN,M,15,0,5
MAAHIR,M,56,0,19
MAAHIRA,F,7,0,2
MAAHIRAH,F,33,0,11
MAAHNOOR,F,20,0,7
MAAHUM,F,6,0,2
MAAIDA,F,13,0,4
MAAIKE,F,6,0,2
MAALI,F,3,0,1
MAALIK,M,31,3,31
MAALIKAH,F,6,0,2
MAAME,F,190,29,190
MAAN,M,7,0,2
MAANAS,M,10,0,3
MAANAV,M,31,3,31
MAANSI,F,6,0,2
MAANVI,F,15,0,5
MAANYA,F,42,0,14
MAARIA,F,294,92,294
MAARIAH,F,46,15,46
MAARIYA,F,482,81,482
MAARIYAAH,F,21,11,21
MAARIYAH,F,721,228,721
MAARYA,F,108,36,108
MAAYA,F,31,0,10
MAAYAN,F,16,0,5
MAAZ,M,133,13,133
MA'AZ,M,6,0,2
MAAZIN,M,6,0,2
MABELLE,F,30,0,10
MABINTY,F,6,0,2
MABLI,F,175,4,175
MABON,M,111,0,37
MACARA,F,3,0,1
MACARIO,M,6,0,2
MACAULEE,M,6,6,6
MACAULEY,F,3,3,3
MACAULLAY,M,3,3,3
MACAULLEY,M,9,6,9
MACAWLEY,M,3,3,3
MACAYLA,F,19,0,6
MACCAULEY,M,3,3,3
MACEE,F,19,0,6
MACEN,M,13,0,4
MACENZIE,M,13,0,4
MACEO,M,27,0,9
MACEY-JANE,F,3,0,1
MACEY-JAYNE,F,6,0,2
MACEY-JO,F,8,0,3
MACEY-LEA,F,5,0,2
MACEY-LEE,F,12,0,4
MACEY-LEIGH,F,87,0,29
MACEY-LOU,F,4,0,1
MACEY-MAE,F,14,0,5
MACEY-MAY,F,12,0,4
MACEY-RAE,F,13,0,4
MACEY-ROSE,F,15,0,5
MACHAELA,F,3,3,3
MACHEDA,M,3,0,1
MACIE-ANN,F,3,0,1
MACIE-ANNE,F,3,0,1
MACIEJ,M,482,0,161
MACIE-JANE,F,3,0,1
MACIE-JAY,F,7,0,2
MACIE-JO,F,4,0,1
MACIEK,M,20,0,7
MACIE-LEA,F,18,0,6
MACIE-LEE,F,9,0,3
MACIE-LOU,F,14,0,5
MACIE-LOUISE,F,16,0,5
MACIE-MAE,F,39,0,13
MACIE-MAI,F,6,0,2
MACIE-MARIE,F,5,0,2
MACIE-MAY,F,7,0,2
MACIE-RAE,F,27,0,9
MACIE-ROSE,F,17,0,6
MACI-GRACE,F,3,0,1
MACI-JAI,F,5,0,2
MACI-LEA,F,6,0,2
MACI-LEIGH,F,13,0,4
MACI-MAE,F,4,0,1
MACI-MARIE,F,3,0,1
MACI-RAE,F,6,0,2
MACKAI,M,17,0,6
MACKAYLA,F,7,0,2
MACKENSIE,F,4,0,1
MACKENSIE,M,3,0,1
MACKENZI,F,14,0,5
MACKENZI,M,7,0,2
MACKENZIE-LEE,M,6,0,2
MACKENZIE-LEIGH,F,3,0,1
MACKENZY,M,14,0,5
MACKINLEY,M,22,0,7
MACKLIN,M,3,0,1
MACKY,M,3,0,1
MACLAREN,M,3,3,3
MACS,M,23,0,8
MACY-GRACE,F,3,0,1
MACY-JO,F,3,0,1
MACY-LEE,F,3,0,1
MACY-LEIGH,F,20,0,7
MACY-MAE,F,3,0,1
MACY-RAE,F,4,0,1
MACY-ROSE,F,6,0,2
MADALIN,M,9,0,3
MADALINA,F,30,0,10
MADALYNN,F,6,0,2
MADAR,M,3,0,1
MADARA,F,14,0,5
MADDALENE,F,3,0,1
MADDALYN,F,3,0,1
MADDELINE,F,7,0,2
MADDIE-LEIGH,F,6,0,2
MADDIE-MAI,F,3,0,1
MADDIE-MAY,F,6,0,2
MADDIE-ROSE,F,12,0,4
MADDISEN,F,3,0,1
MADDISON-GRACE,F,13,0,4
MADDISON-LEE,F,3,0,1
MADDISON-LEIGH,F,25,0,8
MADDISON-MAE,F,16,0,5
MADDISON-MAI,F,7,0,2
MADDISON-MAY,F,3,0,1
MADDISON-RAE,F,4,0,1
MADDISON-ROSE,F,26,0,9
MADDISYN,F,12,0,4
MADDIX,M,3,0,1
MADDYSON,F,49,3,49
MADEEHAH,F,17,6,17
MADEENAH,F,4,0,1
MADELEINA,F,6,0,2
MADELENA,F,6,0,2
MADELYNN,F,10,0,3
MADHAV,M,66,0,22
MADHAVI,F,3,0,1
MADHIA,F,3,3,3
MADHVI,F,6,6,6
MADI,F,52,0,17
MADIAH,F,6,3,6
MADILYN,F,53,0,18
MADINAH,F,112,0,37
MADISEN,F,11,0,4
MADISON-GRACE,F,3,0,1
MADISON-LEIGH,F,30,0,10
MADISON-MAE,F,6,0,2
MADISON-MAY,F,3,0,1
MADISON-ROSE,F,20,0,7
MADISYN,F,118,0,39
MADIYAH,F,32,0,11
MADIYYAH,F,6,0,2
MADLYN,F,3,0,1
MADOKA,F,3,3,3
MADONA,F,3,0,1
MADOX,M,7,0,2
MADS,M,3,3,3
MAEBY,F,4,0,1
MAEDA,F,6,0,2
MAEEN,F,3,0,1
MAEESHA,F,39,3,39
MAEGHAN,F,7,0,2
MAELA,F,3,0,1
MAELEIGH,F,3,0,1
MAELIE,F,10,0,3
MAELLYS,F,3,0,1
MAELONA,F,9,3,9
MAELY,F,4,0,1
MAEMI,F,3,0,1
MAESHA,F,21,0,7
MAESIE,F,3,0,1
MAESON,M,15,0,5
MAEYA,F,9,0,3
MAEZIE,F,3,0,1
MAFALDA,F,24,0,8
MAGALI,F,3,0,1
MAGEN,F,4,0,1
MAGGIE-ANN,F,3,0,1
MAGGIE-JO,F,4,0,1
MAGGIE-MAE,F,42,0,14
MAGGIE-MAY,F,61,0,20
MAGGIE-ROSE,F,11,0,4
MAGNOLIA,F,12,0,4
MAH,F,14,0,5
MAHAAN,M,17,0,6
MAHADEV,M,3,0,1
MAHADO,F,3,0,1
MAHAK,F,18,3,18
MAHALA,F,20,0,7
MAHALIA,F,94,24,94
MAHAMAD,M,29,3,29
MAHAMARAKKALAGE,F,3,0,1
MAHAMED,M,297,50,297
MAHAMEDAMIN,M,3,0,1
MAHAMMAD,M,60,26,60
MAHAMMED,M,178,36,178
MAHAMOOD,M,3,0,1
MAHAMOUD,M,6,3,6
MAHAMUD,M,29,7,29
MAHAN,M,6,3,6
MAHANOOR,F,19,3,19
MAHATHI,F,14,0,5
MAHATHY,F,3,0,1
MAHAVEER,M,3,0,1
MAHAZ,M,6,3,6
MAHBEER,M,9,0,3
MAHBIR,M,3,0,1
MAHBOOB,M,6,6,6
MAHBUB,M,33,17,33
MAHBUBA,F,58,18,58
MAHBUBUL,M,3,3,3
MAHBUBUR,M,6,6,6
MAHD,M,31,0,10
MAHDEE,M,3,3,3
MAHDIA,F,40,3,40
MAHDIYAH,F,27,3,27
MAHDIYYAH,F,18,7,18
MAHDY,M,6,0,2
MAHE,M,4,0,1
MAHEE,F,3,0,1
MAHEE,M,9,0,3
MAHEEMA,F,9,0,3
MAHEEN,M,11,0,4
MAHEER,M,20,0,7
MAHEERA,F,33,0,11
MAHEK,F,351,6,351
MAHEMA,F,9,3,9
MAHENOOR,F,6,0,2
MAHERA,F,31,0,10
MAHESH,M,38,32,38
MAHFOOZ,M,4,0,1
MAHFUJ,M,3,0,1
MAHFUJUR,M,3,0,1
MAHFUZ,M,71,21,71
MAHFUZA,F,81,35,81
MAHFUZAH,F,19,4,19
MAHFUZUR,M,39,14,39
MAHI,F,394,0,131
MAHI,M,20,0,7
MAHIA,F,19,0,6
MAHIB,M,3,0,1
MAHIBA,F,8,0,3
MAHIBAH,F,25,0,8
MAHID,M,41,13,41
MAHIDA,F,12,6,12
MAHIDUL,M,9,0,3
MAHIKA,F,62,6,62
MAHIM,M,13,0,4
MAHIN,F,11,0,4
MAHIN,M,82,10,82
MAHINUR,M,4,0,1
MAHIR,M,572,61,572
MAHIRA,F,264,22,264
MAHIRAH,F,70,0,23
MAHIRUL,M,13,0,4
MAHISHA,F,53,14,53
MAHITH,M,3,0,1
MAHITHA,F,4,0,1
MAHIYA,F,54,3,54
MAHJABEEN,F,12,3,12
MAHJABIN,F,29,9,29
MAHLA,F,3,0,1
MAHLET,F,3,0,1
MAHLI,M,3,0,1
MAHLIA,F,14,0,5
MAHMUD,M,71,10,71
MAHMUDA,F,74,35,74
MAHMUDUL,M,7,0,2
MAHMUT,M,33,6,33
MAHNAZ,F,29,3,29
MAHNI,F,3,0,1
MAH-NOOR,F,7,7,7
MAHNUR,F,12,0,4
MAHO,F,3,0,1
MAHOMED,M,48,30,48
MAHRA,F,4,0,1
MAHRIA,F,10,7,10
MAHRIN,F,3,0,1
MAHROSH,F,85,0,28
MAHRUKH,F,68,10,68
MAHRUS,M,11,0,4
MAHSA,F,25,3,25
MAHTAB,F,3,0,1
MAHTAB,M,3,0,1
MAHUM,F,140,21,140
MAHVEEN,F,30,0,10
MAHVESH,F,3,3,3
MAHVISH,F,3,0,1
MAHWISH,F,15,6,15
MAIA-GRACE,F,3,0,1
MAIAH,F,28,3,28
MAIA-ROSE,F,17,0,6
MAICEE,F,15,0,5
MAICEY-LEIGH,F,3,0,1
MAICI,F,3,0,1
MAICIE-LEE,F,3,0,1
MAICIE-RAE,F,3,0,1
MAIDA,F,188,4,188
MAIDAH,F,65,0,22
MAIDIE,F,10,0,3
MAIESHA,F,6,0,2
MAIKA,F,3,0,1
MAIKLS,M,7,0,2
MAILA,F,7,0,2
MAILE,F,18,3,18
MAILEE,F,3,0,1
MAILEY,F,11,0,4
MAILI,F,3,3,3
MAILIE,F,3,0,1
MAILY,F,13,0,4
MAIMOONA,F,107,11,107
MAIMOONAH,F,46,20,46
MAIMOUNA,F,23,0,8
MAIMUNAH,F,15,0,5
MAIRAH,F,25,0,8
MAIRIN,F,3,0,1
MAIRWEN,F,9,0,3
MAIS,F,11,0,4
MAISAH,F,9,0,3
MAISAM,M,7,0,2
MAISARA,F,7,0,2
MAISARAH,F,9,0,3
MAISEE,F,22,0,7
MAISEY-JANE,F,3,0,1
MAISEY-LEIGH,F,23,0,8
MAISEY-RAE,F,3,0,1
MAISEY-ROSE,F,4,0,1
MAISHAH,F,8,0,3
MAISI,F,6,0,2
MAISIE-,F,3,0,1
MAISIE-ANN,F,20,0,7
MAISIE-ANNE,F,15,0,5
MAISIE-GRACE,F,56,0,19
MAISIE-JADE,F,4,0,1
MAISIE-JAE,F,3,0,1
MAISIE-JAY,F,6,0,2
MAISIE-JAYNE,F,38,0,13
MAISIE-JEAN,F,3,0,1
MAISIE-JO,F,18,0,6
MAISIE-LEA,F,14,0,5
MAISIE-LEE,F,25,0,8
MAISIE-LOU,F,29,0,10
MAISIE-LOUISE,F,15,0,5
MAISIE-MAE,F,44,0,15
MAISIE-MAI,F,18,0,6
MAISIE-MARIE,F,3,0,1
MAISIE-MAY,F,37,0,12
MAISIE-RAE,F,55,0,18
MAISIE-ROSE,F,57,0,19
MAISIE-SUE,F,3,0,1
MAISON-LEE,M,3,0,1
MAISY-ANN,F,3,0,1
MAISY-GRACE,F,6,0,2
MAISY-JANE,F,19,0,6
MAISY-JAYNE,F,3,0,1
MAISY-LEIGH,F,29,0,10
MAISY-LOUISE,F,3,0,1
MAISY-MAE,F,4,0,1
MAISY-MAY,F,16,0,5
MAISY-RAE,F,3,0,1
MAISY-ROSE,F,7,0,2
MAITA,F,7,0,2
MAITE,F,4,0,1
MAITHAM,M,3,0,1
MAITHILI,F,3,0,1
MAITRI,F,5,0,2
MAIVISH,F,3,3,3
MAIWEN,F,3,0,1
MAIYAH,F,28,0,9
MAIZA,F,8,0,3
MAIZAH,F,7,0,2
MAIZE,F,3,0,1
MAIZEE,F,33,0,11
MAIZEY,F,159,4,159
MAIZI,F,19,0,6
MAIZIE-GRACE,F,3,0,1
MAIZIE-LEIGH,F,8,0,3
MAIZIE-MAE,F,6,0,2
MAIZIE-ROSE,F,3,0,1
MAJD,M,36,0,12
MAJED,M,20,14,20
MAJEDA,F,12,8,12
MAJEED,M,14,3,14
MAJHARUL,M,3,0,1
MAJID,M,161,42,161
MAJIDA,F,27,3,27
MAJIDAH,F,6,0,2
MAJKA,F,77,0,26
MAJUS,M,69,0,23
MAKAAY,M,6,0,2
MAKAEEL,M,3,0,1
MAKAELA,F,6,0,2
MAKAI,M,206,5,206
MAKAIL,M,3,0,1
MAKAILA,F,12,0,4
MAKAIO,M,4,0,1
MAKANA,F,6,0,2
MAKANAKA,F,43,0,14
MAKAR,M,15,0,5
MAKARI,M,4,0,1
MAKARIOS,M,3,0,1
MAKATENDEKA,F,3,0,1
MAKEBA,F,3,0,1
MAKEL,M,3,0,1
MAKENA,F,11,0,4
MAKENNA,F,30,0,10
MAKENZI,F,12,0,4
MAKENZY,F,6,0,2
MAKENZY,M,6,0,2
MAKHAN,M,4,4,4
MAKHI,M,11,0,4
MAKISHA,F,3,0,1
MAKITA,F,4,4,4
MAKKIYAH,F,3,0,1
MAKOMBORERO,M,3,0,1
MAKS,M,74,0,25
MAKSIMILIAN,M,10,0,3
MAKSIMS,M,52,0,17
MAKSYMILIAN,M,963,3,963
MAKYLA,F,13,0,4
MALAAK,F,49,0,16
MALAEKA,F,29,0,10
MALAIKHA,F,4,0,1
MALAIQA,F,3,0,1
MALAKEY,M,3,0,1
MALAKHAI,M,3,0,1
MALAKHI,M,42,0,14
MALAKIA,M,3,0,1
MALAKYE,M,66,0,22
MALALA,F,19,0,6
MALALAI,F,6,0,2
MALAN,F,4,0,1
MALAYA,F,51,0,17
MALAYAH,F,12,0,4
MALAYEKA,F,117,0,39
MALAYKA,F,26,0,9
MALAYSIA,F,3,0,1
MALAZ,F,8,0,3
MALCOM,M,7,0,2
MALEA,F,3,0,1
MALEAH,F,38,0,13
MALEEHA,F,503,48,503
MALEEHAH,F,159,33,159
MALEEK,M,76,10,76
MALEEKA,F,83,9,83
MALEEKAH,F,40,0,13
MALEHA,F,10,3,10
MALEIKA,F,3,0,1
MALEK,F,11,0,4
MALEKA,F,3,0,1
MALEN,F,6,0,2
MALENA,F,62,0,21
MALGORZATA,F,83,0,28
MALI,M,48,0,16
MALIA,F,188,0,63
MALIAH,F,34,0,11
MALIAKA,F,20,0,7
MALICA,F,3,0,1
MALICK,M,87,6,87
MALIE,F,4,0,1
MALIHAH,F,6,0,2
MALIK,F,3,0,1
MALIKHA,F,3,0,1
MALIKI,M,36,0,12
MALIKYE,M,9,0,3
MALIN,F,27,0,9
MALINA,F,58,6,58
MALINI,F,9,6,9
MALIQ,M,30,0,10
MALISA,F,3,0,1
MALISE,F,3,0,1
MALIYA,F,25,0,8
MALIYAH,F,128,0,43
MALIYKA,F,15,0,5
MALK,F,3,0,1
MALKI,F,12,0,4
MALKIT,M,6,6,6
MALLAK,F,3,0,1
MALLIE,F,12,0,4
MALLIKA,F,27,0,9
MALLK,F,3,0,1
MALLY,F,3,0,1
MALLY,M,15,0,5
MALO,M,27,0,9
MALONE,M,6,0,2
MALOU,F,9,0,3
MALVIKA,F,11,0,4
MALVINA,F,22,0,7
MALYKA,F,40,0,13
MALYUN,F,3,0,1
MAM,F,3,3,3
MAM,M,3,0,1
MAMADI,M,6,0,2
MAMADOU,M,86,0,29
MAMADU,M,8,0,3
MAME,F,17,0,6
MAMOON,M,12,3,12
MAMOONA,F,9,6,9
MAMOUDOU,M,3,0,1
MAMTA,F,3,3,3
MAMUN,M,9,3,9
MAMUNA,F,6,6,6
MAMUNUR,M,6,6,6
MAN,F,23,7,23
MAN,M,56,23,56
MANA,F,38,6,38
MANAAL,F,166,9,166
MANAHAL,F,20,0,7
MANAHEL,F,6,0,2
MANAHIL,F,321,3,321
MANAL,F,364,33,364
MANAN,M,43,0,14
MANAR,F,128,15,128
MANAS,M,35,0,12
MANASA,F,22,0,7
MANASI,F,14,3,14
MANASSE,F,6,0,2
MANASSE,M,4,0,1
MANASSEH,M,47,0,16
MANASVI,F,27,0,9
MANAT,F,7,0,2
MANAV,M,266,24,266
MANAVI,F,3,0,1
MANDANA,F,4,0,1
MANDEEP,F,119,61,119
MANDEEP,M,118,68,118
MANDIP,F,4,4,4
MANDIP,M,9,3,9
MANDIPA,F,3,0,1
MANDISA,F,19,0,6
MANEESHA,F,7,4,7
MANEET,F,7,0,2
MANEET,M,9,0,3
MANEL,F,51,0,17
MANESH,M,3,3,3
MANESHA,F,3,0,1
MANH,M,3,3,3
MANICHE,M,4,0,1
MANIKA,F,17,11,17
MANINDER,F,6,6,6
MANINDER,M,18,12,18
MANIT,M,3,0,1
MANJINDER,F,3,3,3
MANJINDER,M,23,23,23
MANJIT,F,7,4,7
MANJOT,F,71,22,71
MANJOT,M,74,14,74
MANKARAN,M,14,0,5
MANKIRAN,F,4,0,1
MANKIRAT,F,3,0,1
MANLEEN,F,12,3,12
MANMEET,F,54,3,54
MANMEET,M,22,0,7
MANMOHAN,M,10,0,3
MANN,M,19,0,6
MANNA,F,12,0,4
MANNAN,M,13,6,13
MANNAT,F,163,0,54
MANNI,M,21,0,7
MANNIX,M,3,0,1
MANOJ,M,13,10,13
MANOLO,M,3,0,1
MANOLYA,F,3,3,3
MANON,F,526,144,526
MANOOR,F,10,4,10
MANPRIYA,F,3,0,1
MANRAAJ,M,17,3,17
MANRAJ,F,6,0,2
MANRAJ,M,472,132,472
MANREET,F,75,4,75
MANROOP,F,47,0,16
MANROOP,M,11,0,4
MANSA,F,4,0,1
MANSEERAT,F,5,0,2
MANSHA,F,3,0,1
MANSIMRAN,F,6,0,2
MANSIRAT,F,18,0,6
MANSOR,M,4,0,1
MANSOUR,M,74,0,25
MANSUKH,M,3,0,1
MANSURAH,F,6,0,2
MANSUUR,M,3,0,1
MANTASHA,F,12,0,4
MANTE,F,7,0,2
MANTEJ,M,3,0,1
MANTHAN,M,3,0,1
MANVEEN,F,12,0,4
MANVEER,F,32,7,32
MANVI,F,39,0,13
MANVIK,M,4,0,1
MANVINDER,F,3,3,3
MANVINDER,M,17,11,17
MANVIR,F,23,7,23
MANYA,F,52,0,17
MAQADAS,F,3,0,1
MAR,F,3,3,3
MARAH,F,25,3,25
MARAKI,F,6,0,2
MARAL,F,6,0,2
MARANATHA,F,5,0,2
MARAT,M,4,0,1
MARAYA,F,3,0,1
MARCAS,M,4,0,1
MARCELI,M,9,0,3
MARCELINA,F,183,0,61
MARCELINO,M,3,0,1
MARCELLE,M,4,4,4
MARCIANO,M,4,0,1
MARCIE-MAE,F,3,0,1
MARCU,M,10,0,3
MARCUS-LEE,M,3,0,1
MARDIN,F,3,0,1
MARDIN,M,6,0,2
MARDIYA,F,3,0,1
MARDOCHEE,M,3,0,1
MAREA,F,9,0,3
MAREEHA,F,3,0,1
MAREKS,M,10,0,3
MAREN,F,20,0,7
MAREYA,F,6,3,6
MARGARETA,F,3,0,1
MARGARIDA,F,40,0,13
MARGARITA,F,138,6,138
MARGITA,F,3,0,1
MARGUERITA,F,4,0,1
MARIA-LILY,F,3,0,1
MARIAME,F,3,0,1
MARIAN,M,53,0,18
MARI-ANNE,F,7,4,7
MARIA-ROSE,F,3,0,1
MARIATOU,F,7,0,2
MARIELA,F,15,0,5
MARIE-LOUISE,F,15,5,15
MARIEME,F,3,0,1
MARIESHA,F,9,3,9
MARIETTA,F,25,3,25
MARIHA,F,43,0,14
MARIJA,F,73,3,73
MARIJUS,M,3,0,1
MARIKO,F,3,0,1
MARILIA,F,3,0,1
MARILLA,F,3,3,3
MARIN,F,28,0,9
MARINO,M,9,0,3
MARIOM,F,3,0,1
MARISKA,F,10,0,3
MARITA,F,21,4,21
MARIUSZ,M,30,0,10
MARIYAAH,F,3,0,1
MARIYAMBIBI,F,3,3,3
MARIYYAH,F,3,0,1
MARJAN,F,42,4,42
MARJAN,M,7,0,2
MARJIA,F,3,3,3
MARK-,M,3,0,1
MARKAS,M,68,0,23
MARKEL,M,21,0,7
MARKELL,M,13,3,13
MARKETA,F,10,0,3
MARKIYAN,M,3,0,1
MARK-JUNIOR,M,8,0,3
MARKS,M,11,0,4
MARLEA,F,3,0,1
MARLEE,M,80,0,27
MARLEE-GRACE,F,3,0,1
MARLEE-MAE,F,3,0,1
MARLEI,M,3,0,1
MARLEIGH,F,71,4,71
MARLEIGH,M,3,0,1
MARLEN,F,3,0,1
MARLEY-GRACE,F,3,0,1
MARLEY-JAI,M,3,0,1
MARLEY-JAMES,M,12,0,4
MARLEY-JAY,M,21,0,7
MARLEY-JOE,M,3,0,1
MARLEY-LEE,M,3,0,1
MARLEY-MAE,F,13,0,4
MARLEY-RAE,F,8,0,3
MARLEY-RAE,M,3,0,1
MARLEY-ROSE,F,10,0,3
MARLI,F,207,6,207
MARLI,M,59,0,20
MARLIE,M,52,0,17
MARLIE-MAE,F,3,0,1
MARLOW,F,12,0,4
MARLY,F,35,0,12
MARNEE,F,8,0,3
MARNI,M,28,0,9
MARNIA,F,4,0,1
MARNIE-MAE,F,4,0,1
MARNIE-MAI,F,3,0,1
MARNIE-MAY,F,3,0,1
MARNIE-RAE,F,20,0,7
MARNIE-ROSE,F,26,0,9
MARNI-ROSE,F,3,0,1
MARNY,F,3,0,1
MARO,M,3,0,1
MAROOF,M,5,5,5
MAROUANE,M,4,0,1
MARQUES,M,25,3,25
MARQUEZ,M,14,0,5
MARRISSA,F,3,0,1
MARRIUM,F,4,4,4
MARSDEN,M,8,0,3
MARSEL,M,10,0,3
MARSHALL-LEE,M,3,0,1
MARTEL,M,11,0,4
MARTHA-LILY,F,3,0,1
MARTHA-MAE,F,6,0,2
MARTHA-MAI,F,3,0,1
MARTHA-MAY,F,6,0,2
MARTHA-ROSE,F,3,0,1
MARTI,F,3,0,1
MARTIA,M,3,0,1
MARTIJN,M,3,3,3
MARTIM,M,84,0,28
MARTINAS,M,6,0,2
MARTINS,M,68,0,23
MARTON,M,15,0,5
MARTYNA,F,670,0,223
MARTYNAS,M,84,3,84
MARVA,F,14,0,5
MARVELLOUS,M,35,0,12
MARVI,F,3,3,3
MARVYN,M,6,0,2
MARWAAN,M,17,0,6
MARWO,F,9,0,3
MARWOOD,M,3,0,1
MARY-,F,9,3,9
MARYANNA,F,3,0,1
MARY-ANNA,F,3,0,1
MARY-ELIZABETH,F,3,0,1
MARYELLEN,F,17,0,6
MARY-ELLEN,F,32,3,32
MARYEM,F,11,3,11
MARY-GRACE,F,6,0,2
MARYIA,F,3,3,3
MARYIM,F,3,0,1
MARY-JAYNE,F,37,3,37
MARY-JEAN,F,6,0,2
MARY-JO,F,8,0,3
MARYKATE,F,37,3,37
MARYLA,F,8,0,3
MARY-LOU,F,25,3,25
MARY-LOUISE,F,17,3,17
MARYLYN,F,3,0,1
MARYROSE,F,8,0,3
MARY-ROSE,F,35,0,12
MARYSIA,F,21,0,7
MARZANA,F,11,6,11
MARZIA,F,21,3,21
MARZUQ,M,15,0,5
MASA,M,4,0,1
MASAL,F,32,0,11
MASE,M,12,3,12
MASEEH,M,3,0,1
MASEN,M,42,0,14
MASEY,F,7,0,2
MASHAL,M,7,0,2
MASHIYAT,F,3,3,3
MASHUD,M,9,6,9
MASIEY,F,6,0,2
MASIH,M,4,0,1
MASIMBA,M,7,0,2
MASON,F,10,0,3
MASON-JAMES,M,67,0,22
MASON-JAY,M,23,0,8
MASON-JOHN,M,4,0,1
MASON-LEIGH,M,3,0,1
MASON-RILEY,M,3,0,1
MASON-THOMAS,M,3,0,1
MASOOM,M,3,3,3
MASOOMA,F,101,17,101
MASOOMAH,F,3,0,1
MASOUD,M,29,3,29
MASROOR,M,26,0,9
MASRUR,M,6,3,6
MASSA,F,11,0,4
MASSI,M,3,0,1
MASSON,M,4,0,1
MASUDUR,M,3,0,1
MASUUD,M,3,0,1
MAT,M,3,0,1
MATAEO,M,3,0,1
MATAI,M,9,0,3
MATAIO,M,3,0,1
MATAN,M,30,0,10
MATAYA,F,30,3,30
MATEA,F,3,0,1
MATEJ,M,96,0,32
MATEJA,F,3,0,1
MATEJA,M,7,0,2
MATEJUS,M,3,0,1
MATEL,F,4,0,1
MATEN,M,4,0,1
MATHEWS,M,6,0,2
MATHUMITHA,F,3,0,1
MATHUSAN,M,9,0,3
MATHUSHA,F,15,0,5
MATHUSHAN,M,12,3,12
MATHYS,M,25,0,8
MATI,F,3,0,1
MATIA,F,3,0,1
MATIDA,F,3,0,1
MATIFADZA,F,3,0,1
MATILDA-MAY,F,7,0,2
MATILDA-ROSE,F,33,0,11
MATISSE,F,3,0,1
MATS,M,6,0,2
MATTHEO,M,6,0,2
MATTHEWS,M,3,0,1
MATTHIJS,M,3,3,3
MATTHIS,M,3,0,1
MATTHYS,M,3,0,1
MATTI,M,36,0,12
MATTIE,F,12,4,12
MATTILDA,F,3,0,1
MATTIS,M,15,0,5
MATTY,F,11,4,11
MATUS,M,42,0,14
MATVEI,M,7,0,2
MATVEJ,M,4,0,1
MATVEY,M,35,0,12
MATVIY,M,3,0,1
MATYLDA,F,329,0,110
MATYS,M,3,0,1
MAULI,F,3,0,1
MAULIK,M,4,0,1
MAURITS,M,4,0,1
MAURO,M,10,0,3
MAURYCY,M,11,0,4
MAVEN,M,3,0,1
MAVI,F,3,0,1
MAVISHA,F,3,0,1
MAVRICK,M,6,0,2
MAWA,F,21,0,7
MAWADA,F,11,0,4
MAWADAH,F,3,0,1
MAWADDA,F,9,0,3
MAWADDAH,F,9,0,3
MAWGAN,F,6,3,6
MAXAMILIAN,M,3,0,1
MAXEN,M,26,0,9
MAXENCE,M,36,0,12
MAXI,M,109,0,36
MAXIMA,F,8,0,3
MAXIMILIANO,M,58,5,58
MAXMILIAN,M,3,0,1
MAXON,M,6,0,2
MAXSON,M,3,0,1
MAXXIE,M,7,0,2
MAXYMILIAN,M,98,0,33
MAXYMILLIAN,M,3,0,1
MAYAMEEN,F,11,0,4
MAYAMIKO,M,3,0,1
MAYAN,F,14,0,5
MAYANA,F,3,0,1
MAYANK,M,52,4,52
MAYARA,F,15,0,5
MAYA-ROSE,F,39,0,13
MAYAS,F,3,0,1
MAYCE,F,3,0,1
MAYCI,F,10,0,3
MAYCIE-LEIGH,F,3,0,1
MAYDA,F,3,0,1
MAYE,F,10,0,3
MAYEDA,F,76,0,25
MAYER,M,15,3,15
MAYESHA,F,90,12,90
MAYGAN,F,10,0,3
MAYIA,F,4,0,1
MAYISHA,F,12,9,12
MAYLA,F,23,0,8
MAYLE,F,3,0,1
MAYLEE,F,19,0,6
MAYLEIGH,F,10,0,3
MAYLI,F,3,0,1
MAYLIE,F,5,0,2
MAYMOONA,F,11,3,11
MAYMOONAH,F,15,3,15
MAYMUNA,F,149,20,149
MAYMUNAH,F,149,24,149
MAYNARD,M,6,0,2
MAYON,M,9,0,3
MAYOWA,F,14,9,14
MAYOWA,M,46,11,46
MAYS,F,3,0,1
MAYSA,F,214,6,214
MAYSAA,F,5,0,2
MAYSAM,F,29,0,10
MAYSARAH,F,4,0,1
MAYSHA,F,9,0,3
MAYSOON,F,86,0,29
MAYSSA,F,17,0,6
MAYSUN,F,5,0,2
MAYSUUN,F,3,0,1
MAYTAL,F,7,0,2
MAYUKHA,F,3,0,1
MAYUMI,F,14,0,5
MAYYA,F,6,0,2
MAYZEE,F,17,0,6
MAYZI,F,6,0,2
MAYZIE,F,71,0,24
MAZEDA,F,11,4,11
MAZEY,F,35,0,12
MAZIE-LEIGH,F,6,0,2
MAZVITA,F,13,0,4
MAZY,F,3,0,1
MBALENHLE,F,4,0,1
MC,M,6,0,2
MCALLISTER,M,3,3,3
MCCARTNEY,M,3,0,1
MCCAULAY,M,5,5,5
MCCAULLEY,M,5,5,5
MCCAWLEY,M,6,6,6
MCCORLEY,M,5,0,2
MCCOY,M,6,3,6
MCKAI,M,16,0,5
MCKAYLA,F,115,0,38
MCKENNA,F,109,4,109
MCKENNA,M,19,0,6
MCKENZEE,M,3,0,1
MCKENZI,F,4,0,1
MCKENZI,M,56,0,19
MCKENZIE-JAY,M,10,0,3
MCKENZIE-JOHN,M,3,0,1
MCKENZIE-LEE,M,50,0,17
MCKENZIE-LEIGH,F,12,0,4
MCKENZY,M,3,0,1
MCKINLEY,F,4,0,1
MCKINLEY,M,69,0,23
MCKYLA,F,3,0,1
MCLAREN,M,3,3,3
MD,M,522,62,522
MD.,M,106,35,106
MDUDUZI,M,3,0,1
MEARA,F,3,0,1
MEASHA,F,9,3,9
MEAVE,F,9,0,3
MECHEL,M,14,0,5
MEDA,F,85,0,28
MEDEEA,F,13,0,4
MEDEEHA,F,5,5,5
MEDEINA,F,3,0,1
MEDHANSH,M,7,0,2
MEDINAH,F,7,0,2
MEDWYN,M,3,0,1
MEEKAH,F,3,0,1
MEEKAL,M,3,0,1
MEELA,F,30,0,10
MEERAB,F,185,0,62
MEESAM,M,10,0,3
MEESUM,M,3,0,1
MEET,M,19,0,6
MEEYA,F,14,0,5
MEGAN-GRACE,F,8,0,3
MEGAN-MARIE,F,3,0,1
MEGH,M,7,0,2
MEGHANE,F,3,3,3
MEGIJA,F,14,0,5
MEGYN,F,3,0,1
MEHAR,F,85,0,28
MEHAR,M,23,0,8
MEHBOOB,M,3,3,3
MEHER,F,120,4,120
MEHER,M,6,0,2
MEHGAN,F,8,0,3
MEHJABEEN,F,29,0,10
MEHJABIN,F,13,0,4
MEHMA,F,6,0,2
MEHMED,M,10,0,3
MEHNAAZ,F,3,0,1
MEHRAAB,F,3,0,1
MEHRAAN,M,3,3,3
MEHRAB,M,29,6,29
MEHRAJ,M,12,0,4
MEHTAAB,F,6,0,2
MEHTAAB,M,10,0,3
MEIA,F,12,0,4
MEIKA,F,36,0,12
MEIKE,F,3,0,1
MEILA,F,39,0,13
MEILECH,M,7,0,2
MEILI,F,3,0,1
MEILYR,M,11,0,4
MEITAL,F,6,0,2
MEKA,F,9,0,3
MEKAAL,M,3,0,1
MEKAI,M,20,0,7
MEKAIL,M,9,0,3
MEKAYLA,F,3,0,1
MEKENZIE,F,3,0,1
MEKENZIE,M,3,0,1
MEKHAI,M,6,0,2
MEKLIT,F,10,0,3
MELAD,M,7,0,2
MELAINA,F,3,3,3
MELAINE,F,3,3,3
MELAK,F,3,0,1
MELANI,F,15,0,5
MELANIA,F,70,0,23
MELAT,F,17,0,6
MELCHIZEDEK,M,17,3,17
MELDA,F,9,3,9
MELEAH,F,3,0,1
MELIAH,F,3,0,1
MELIH,M,23,0,8
MELIHA,F,16,3,16
MELIK,M,3,0,1
MELISE,F,3,0,1
MELLIEHA,F,6,0,2
MELLINA,F,7,0,2
MELODEE,F,4,0,1
MELODI,F,36,0,12
MELODY-MAY,F,7,0,2
MELODY-ROSE,F,38,0,13
MELWIN,M,3,0,1
MEMET,M,15,0,5
MEMUNA,F,9,6,9
MENA,F,95,6,95
MENAAL,F,167,0,56
MENAHIL,F,13,0,4
MENAL,F,3,0,1
MENASHE,M,6,0,2
MENG,F,11,0,4
MENISHA,F,3,3,3
MERAB,F,15,0,5
MERAJ,M,13,0,4
MERAL,F,27,3,27
MERAN,M,14,3,14
MERCADES,F,13,0,4
MERCEDEZ,F,72,5,72
MERCEDIE,F,3,3,3
MERCIE,F,9,0,3
MERDAN,M,7,0,2
MERDI,M,7,0,2
MEREDITH,M,3,3,3
MERI,F,6,0,2
MERIDITH,F,3,0,1
MERILIN,F,3,0,1
MERILYN,F,3,0,1
MERIN,F,29,0,10
MERIS,F,6,0,2
MERITXELL,F,3,0,1
MERIYAM,F,3,0,1
MERLYN,M,6,0,2
MERNA,F,3,0,1
MERON,M,17,6,17
MERREN,F,3,0,1
MERRILEES,F,7,0,2
MERRISSA,F,3,3,3
MERTCAN,M,7,0,2
MERVIN,M,9,0,3
MERYAM,F,31,3,31
MESHAQ,M,3,3,3
MESHILEM,M,3,0,1
MESHULEM,M,3,0,1
MESK,F,3,0,1
MESUM,M,7,0,2
META,F,28,0,9
METE,M,57,6,57
METODI,M,3,0,1
METTE,F,6,0,2
MEYA,F,81,0,27
MEYAH,F,4,0,1
MHARI,F,11,5,11
MIA-,F,9,0,3
MIAA,F,3,0,1
MIA-ANN,F,8,0,3
MIA-ANNE,F,3,0,1
MIABELLA,F,9,0,3
MIA-BELLA,F,20,0,7
MIA-BROOKE,F,5,0,2
MIA-GRACE,F,186,0,62
MIAH-ROSE,F,11,0,4
MIA-JADE,F,42,0,14
MIA-JANE,F,32,0,11
MIA-JASMINE,F,3,0,1
MIA-JAY,F,3,0,1
MIA-JAYNE,F,25,0,8
MIA-JO,F,3,0,1
MIA-JOAN,F,3,0,1
MIA-LEIGH,F,67,0,22
MIA-LILY,F,50,0,17
MIA-LOUISE,F,203,6,203
MIA-MAE,F,26,0,9
MIA-MAI,F,18,0,6
MIA-MARIE,F,24,0,8
MIA-MAY,F,25,0,8
MIAN,M,76,6,76
MIA-NICOLE,F,3,0,1
MIA-PAIGE,F,6,0,2
MIAR,F,7,4,7
MIA-RENEE,F,3,0,1
MIAROSE,F,3,0,1
MIA-SKYE,F,3,0,1
MIAYA,F,19,4,19
MICAEL,M,3,0,1
MICAIAH,F,9,0,3
MICHAELA-ROSE,F,3,0,1
MICHAEL-JAMES,M,22,0,7
MICHAEL-JUNIOR,M,16,0,5
MICHAEL-LEE,M,8,0,3
MICHAI,M,3,0,1
MICHALINA,F,275,0,92
MICHALIS,M,12,6,12
MICHEE,M,23,0,8
MICHEL,F,6,0,2
MICHELANGELO,M,8,0,3
MICHLE,F,3,0,1
MICHOEL,M,3,0,1
MICIA,F,3,3,3
MICIAH,M,5,0,2
MICKEL,M,22,3,22
MICKELA,F,5,0,2
MICKIE,F,7,3,7
MICKYLE,M,3,0,1
MIDAS,M,3,0,1
MIDORI,F,7,0,2
MIEKA,F,9,0,3
MIEKE,F,27,3,27
MIEL,F,3,0,1
MIELA,F,6,0,2
MIESHA,F,36,4,36
MIGEL,M,3,0,1
MIGENA,F,5,5,5
MIHAEL,M,3,0,1
MIHAILO,M,14,0,5
MIHAILS,M,4,0,1
MIHAJLO,M,3,0,1
MIHELI,F,3,0,1
MIHIKA,F,35,0,12
MIHIN,M,3,0,1
MIHNEA,M,3,0,1
MIHRAN,M,69,0,23
MIIA,F,30,0,10
MIJA,F,57,0,19
MIKAAL,M,7,0,2
MIKAEEL,M,415,4,415
MIKA'EEL,M,4,0,1
MIKAELLA,F,6,0,2
MIKAH,F,21,3,21
MIKAH,M,32,0,11
MIKAI,M,3,0,1
MIKA'IL,M,70,0,23
MIKAILA,F,9,6,9
MIKAYEEL,M,50,0,17
MIKAYLAH,F,7,0,2
MIKEAL,M,6,0,2
MIKEE,M,4,0,1
MIKI,M,7,3,7
MIKIE,M,31,3,31
MIKKA,F,10,0,3
MIKKI,M,5,0,2
MIKKO,M,13,0,4
MIKO,M,4,0,1
MIKOLAJ,M,897,0,299
MIKS,M,15,0,5
MIKU,F,6,0,2
MIKYLA,F,10,0,3
MIKYLE,M,38,3,38
MILADA,F,3,0,1
MILA-GRACE,F,7,0,2
MILAGROS,F,8,0,3
MILAH,F,40,0,13
MILANAS,M,3,0,1
MILANI,F,12,0,4
MILANIA,F,48,0,16
MILA-RAE,F,17,0,6
MILA-ROSE,F,57,0,19
MILCAH,F,12,0,4
MILEIGH,F,19,0,6
MILEJA,F,7,0,2
MILEN,M,27,3,27
MILEY-GRACE,F,24,0,8
MILEY-JO,F,20,0,7
MILEY-LOUISE,F,3,0,1
MILEY-MAE,F,25,0,8
MILEY-MAI,F,10,0,3
MILEY-MAY,F,11,0,4
MILEY-RAE,F,37,0,12
MILEY-ROSE,F,66,0,22
MILIA,F,3,0,1
MILIANA,F,10,0,3
MILIKA,F,7,0,2
MILIND,M,3,0,1
MILITA,F,39,0,13
MILKA,F,11,0,4
MILLAN,F,14,0,5
MILLEE,F,36,0,12
MILLEN,M,95,4,95
MILLER,F,25,0,8
MILLEY,F,7,0,2
MILLIA,F,3,3,3
MILLIANA,F,3,0,1
MILLI-ANN,F,3,0,1
MILLIE-,F,25,0,8
MILLIE-ANNE,F,94,0,31
MILLIE-AVA,F,3,0,1
MILLIE-BETH,F,4,0,1
MILLIE-GRACE,F,84,0,28
MILLIE-JANE,F,34,0,11
MILLIE-JAY,F,3,0,1
MILLIE-JAYNE,F,19,0,6
MILLIE-JO,F,87,0,29
MILLIE-KATE,F,3,0,1
MILLIE-LEE,F,3,0,1
MILLIE-LEIGH,F,14,0,5
MILLIE-LOUISE,F,37,3,37
MILLIEMAE,F,6,0,2
MILLIE-MAI,F,97,0,32
MILLIE-MARIE,F,7,0,2
MILLIE-RAE,F,90,0,30
MILLIE-SUE,F,3,0,1
MILLIGAN,F,4,0,1
MILLISA,F,3,0,1
MILLY-ANN,F,14,0,5
MILLY-ANNE,F,4,0,1
MILLY-MAE,F,6,0,2
MILLY-MARIE,F,3,0,1
MILLY-MAY,F,30,0,10
MILLY-ROSE,F,29,0,10
MILOU,F,6,0,2
MIMOSA,F,3,0,1
MIN,F,15,0,5
MIN,M,38,3,38
MINA,M,4,0,1
MINAAHIL,F,8,0,3
MINAAL,F,87,0,29
MINAH,F,17,3,17
MINAHAL,F,4,0,1
MINAMI,F,3,0,1
MINDAUGAS,M,14,0,5
MINE,F,13,3,13
MINHA,F,79,0,26
MINHAJUL,M,6,0,2
MINHAL,F,3,0,1
MINHAZUL,M,3,3,3
MINKA,F,7,0,2
MINNAH,F,60,0,20
MINNIE-MAE,F,12,0,4
MINNIE-RAE,F,3,0,1
MINNIE-ROSE,F,9,0,3
MINSA,F,54,0,18
MINULI,F,6,0,2
MIO,F,31,3,31
MIO,M,7,0,2
MIQDAD,M,14,0,5
MIRAB,F,3,0,1
MIRABELLE,F,168,0,56
MIRAC,M,39,0,13
MIRACLE,F,165,0,55
MIRAH,F,9,0,3
MIRAI,F,3,0,1
MIRAL,F,33,0,11
MIRAY,F,57,0,19
MIRAYA,F,21,0,7
MIRAZ,M,3,0,1
MIRCEA,M,3,0,1
MIREIA,F,8,0,3
MIREILLE,F,9,6,9
MIRELA,F,17,6,17
MIRELLA,F,96,6,96
MIREYA,F,41,0,14
MIRIAN,F,3,0,1
MIRKO,M,9,0,3
MIRNA,F,9,0,3
MIRON,M,30,0,10
MIRWAIS,M,5,0,2
MISA,F,12,0,4
MISBAAH,F,3,3,3
MISBAH,M,8,0,3
MISEK,M,3,0,1
MISHAL,M,3,0,1
MISHAN,M,3,0,1
MISHEEL,F,15,0,5
MISHEL,F,35,0,12
MISHKA,F,71,0,24
MISHKAT,F,3,0,1
MISKI,F,62,0,21
MISSI,F,33,3,33
MISSIE,F,57,0,19
MISTI,F,3,3,3
MISZEL,F,3,0,1
MITALI,F,4,0,1
MITCHALL,M,12,0,4
MITCHELL-LEE,M,3,0,1
MITHIL,M,7,0,2
MITHRA,F,12,0,4
MITHUN,M,15,0,5
MITHUSA,F,3,0,1
MITHUSH,M,9,0,3
MITHUSHA,F,3,0,1
MITHUSHAN,M,3,0,1
MITKO,M,3,0,1
MITRA,F,9,0,3
MIU,F,3,0,1
MIYAH-ROSE,F,5,0,2
MIYANA,F,3,0,1
MIYLA,F,4,0,1
MIZGIN,F,3,0,1
MJ,M,7,0,2
M'KAI,M,3,0,1
MKENZIE,M,21,0,7
MLAK,F,3,0,1
MMESOMACHUKWU,F,8,0,3
MOAAD,M,6,0,2
MOAAZ,M,3,0,1
MOAD,M,7,0,2
MOANA,F,3,0,1
MOAYAD,M,13,0,4
MOAZ,M,3,0,1
MOAZZAM,M,4,0,1
MOBASHER,M,6,0,2
MOBEENA,F,3,3,3
MOBIN,M,13,3,13
MOBINA,F,3,0,1
MOBOLAJI,M,9,3,9
MODASER,M,3,0,1
MODESIRE,F,4,0,1
MODESIREOLUWA,F,3,0,1
MODUPE,F,19,4,19
MOE,F,4,0,1
MOEED,M,10,3,10
MOEEZ,M,74,3,74
MOEZ,M,3,0,1
MOFEOLUWA,M,7,0,2
MOFIYINFOLUWA,F,28,0,9
MOFOPEFOLUWA,M,3,0,1
MOHAD,M,3,0,1
MOHAK,M,3,0,1
MOHAMAD,M,583,119,583
MOHAMEDAMIIN,M,3,0,1
MOHAMEDAMIN,M,40,0,13
MOHAMED-AMIN,M,19,0,6
MOHAMMAD-ALI,M,3,0,1
MOHAMMAD-AYAAN,M,6,0,2
MOHAMMAD-HASSAN,M,3,0,1
MOHAMMAD-MUSTAFA,M,3,0,1
MOHAMMAD-YUSUF,M,3,0,1
MOHAMMED-,M,5,0,2
MOHAMMED-ADAM,M,3,0,1
MOHAMMEDALI,M,7,0,2
MOHAMMED-ALI,M,18,0,6
MOHAMMED-ARMAAN,M,3,0,1
MOHAMMED-AYAAN,M,19,0,6
MOHAMMED-DEEN,M,6,0,2
MOHAMMED-FARHAN,M,3,0,1
MOHAMMED-HASSAN,M,3,0,1
MOHAMMED-IBRAHIM,M,10,0,3
MOHAMMED-ISA,M,8,0,3
MOHAMMED-MUSA,M,7,0,2
MOHAMMED-MUSTAFA,M,3,0,1
MOHAMMED-RAYYAN,M,3,0,1
MOHAMMED-YUSUF,M,6,0,2
MOHAMMED-ZAKARIYA,M,3,0,1
MOHAMMMED,M,5,5,5
MOHAMMOD,M,369,130,369
MOHAMMUD,M,29,11,29
MOHAMOD,M,9,9,9
MOHAMOUD,M,24,10,24
MOHAMUD,M,64,12,64
MOHAN,M,52,5,52
MOHANAD,M,26,0,9
MOHANED,M,10,0,3
MOHANNAD,M,6,0,2
MOHANNED,M,4,0,1
MOHBEEN,M,3,3,3
MOHD,M,52,31,52
MOHEED,M,14,3,14
MOHEEN,M,5,5,5
MOHEEZ,M,6,3,6
MOHEMA,F,3,3,3
MOHHAMED,M,6,3,6
MOHIBULLAH,M,3,0,1
MOHIUDDIN,M,3,0,1
MOHNISH,M,4,0,1
MOHOMMED,M,9,0,3
MOHSINA,F,3,0,1
MOHUMMED,M,15,6,15
MOI,M,6,0,2
MOINUDDIN,M,9,4,9
MOISE,M,97,0,32
MOISES,M,11,0,4
MOISHY,M,19,0,6
MOJOLAOLUWA,F,12,3,12
MOJTABA,M,3,0,1
MOKSHA,F,20,0,7
MOKSHA,M,3,0,1
MOLIK,M,9,0,3
MOLLEE,F,3,0,1
MOLLIE-ANNE,F,22,6,22
MOLLIE-LOUISE,F,3,0,1
MOLLIE-MAI,F,35,0,12
MOLLIE-MAY,F,62,5,62
MOLLIE-RAE,F,7,0,2
MOLLY-,F,12,0,4
MOLLYANN,F,13,6,13
MOLLYANNE,F,7,0,2
MOLLY-GRACE,F,7,0,2
MOLLY-JANE,F,3,0,1
MOLLY-LOUISE,F,13,0,4
MOLLY-MAI,F,34,0,11
MOLLYMAY,F,3,0,1
MOLLY-RAE,F,6,0,2
MOMAL,F,3,0,1
MOMEN,M,12,0,4
MOMNA,F,18,3,18
MOMNAH,F,3,0,1
MOMO,F,8,0,3
MOMODOU,M,55,0,18
MOMOKA,F,6,0,2
MOMOKO,F,10,0,3
MOMOREOLUWA,F,3,0,1
MONAI,F,8,4,8
MONALISA,F,21,0,7
MONAY,F,7,0,2
MONEEBA,F,10,6,10
MONEER,M,3,0,1
MONIA,F,3,0,1
MONIBA,F,6,0,2
MONIFA,F,7,7,7
MONIFAH,F,4,4,4
MO'NIQUE,F,3,0,1
MONISOLA,F,3,0,1
MONNAY,F,6,0,2
MONTA,F,3,0,1
MONTAHA,F,3,0,1
MORAD,M,10,4,10
MORAYO,F,51,4,51
MORAYOOLUWA,F,10,0,3
MORDECHI,M,3,0,1
MORENA,F,11,0,4
MORGAN-,F,3,0,1
MORGAN-JAMES,M,3,0,1
MORGAN-LEE,F,3,0,1
MORGAN-LEE,M,13,0,4
MORGHAN,F,3,0,1
MORGHAN,M,3,0,1
MORIAH,F,82,0,27
MORIAM,F,9,6,9
MORIOM,F,11,5,11
MORIUM,F,6,0,2
MORNE,M,3,0,1
MOROLAKE,F,6,0,2
MORRIE,M,3,0,1
MORSAL,F,30,0,10
MORTAZA,M,3,0,1
MORUS,M,6,0,2
MORVERN,F,3,0,1
MORVYN,F,3,0,1
MOSA,M,6,0,2
MOSAMMAD,F,3,0,1
MOSAMMAT,F,3,3,3
MOSAMMATH,F,3,0,1
MOSAN,M,4,4,4
MOSHIN,M,6,6,6
MOSIAH,M,10,0,3
MOSKA,F,3,0,1
MOSOPEFOLUWA,F,6,0,2
MOSOPEFOLUWA,M,6,0,2
MOSSAMMAD,F,3,0,1
MOSTYN,M,33,0,11
MOTTEL,M,3,0,1
MOTTY,M,39,3,39
MOUAD,M,21,0,7
MOUHAMADOU,M,7,0,2
MOUHAMED,M,41,4,41
MOUHAMMED,M,3,3,3
MOUMIN,M,3,0,1
MOUNA,F,29,3,29
MOUNIRA,F,3,0,1
MOURAD,M,15,3,15
MOUSA,M,33,3,33
MOUSHUMI,F,3,3,3
MOUSTAPHA,M,9,0,3
MOYINOLUWA,M,3,0,1
MOYNUL,M,7,7,7
MOYOSORE,F,8,3,8
MOYOSORE,M,6,0,2
MOYOSOREOLUWA,M,9,3,9
MOZA,F,3,0,1
MOZAN,F,3,0,1
MOZES,M,6,0,2
MUAAD,M,77,0,26
MU'AAD,M,6,0,2
MUAADH,M,52,0,17
MU'AADH,M,3,0,1
MUAAWIYAH,M,3,0,1
MU'AAZ,M,6,0,2
MU'ADH,M,17,0,6
MUAMMAR,M,4,0,1
MUATH,M,4,0,1
MU'AWIYAH,M,5,0,2
MUAWWIZ,M,3,0,1
MUAYAD,M,3,0,1
MUAYYAD,M,4,0,1
MUAZZAM,M,6,3,6
MUBAARAK,M,4,0,1
MUBARAQ,M,3,0,1
MUBAREK,M,6,0,2
MUBASHAR,M,17,3,17
MUBASHER,M,10,0,3
MUBASHSHIR,M,8,0,3
MUBASHSHIRAH,F,3,0,1
MUDASER,M,6,0,2
MUDASSIR,M,29,0,10
MUDATHIR,M,6,3,6
MUDIWA,M,11,0,4
MUEED,M,3,0,1
MUEEN,M,3,0,1
MUEEZ,M,63,0,21
MUFADDAL,M,9,0,3
MUFARO,F,25,0,8
MUFARO,M,11,0,4
MUFAROWASHE,M,3,0,1
MUHAB,M,3,0,1
MUHAMADU,M,3,0,1
MUHAMMAD-,M,12,0,4
MUHAMMAD-ABDULLAH,M,3,0,1
MUHAMMAD-ADAM,M,7,0,2
MUHAMMAD-ALI,M,57,0,19
MUHAMMAD-AYAAN,M,22,0,7
MUHAMMAD-BILAL,M,3,0,1
MUHAMMAD-DEEN,M,3,0,1
MUHAMMAD-EESA,M,17,0,6
MUHAMMAD-HAMZA,M,3,0,1
MUHAMMAD-HASHIM,M,8,0,3
MUHAMMAD-HASSAN,M,3,0,1
MUHAMMAD-HUSSAIN,M,6,0,2
MUHAMMAD-IBRAHEEM,M,4,0,1
MUHAMMAD-IBRAHIM,M,43,0,14
MUHAMMAD-ISA,M,11,0,4
MUHAMMAD-ISMAEEL,M,16,0,5
MUHAMMAD-ISMAIL,M,6,0,2
MUHAMMAD-KAIF,M,3,0,1
MUHAMMAD-MUSA,M,9,0,3
MUHAMMAD-MUSTAFA,M,17,0,6
MUHAMMAD-RAYAN,M,3,0,1
MUHAMMAD-RAYYAN,M,8,0,3
MUHAMMAD-UMAR,M,14,0,5
MUHAMMAD-UZAIR,M,6,0,2
MUHAMMAD-YAHYA,M,18,0,6
MUHAMMAD-YUSUF,M,49,0,16
MUHAMMAD-ZAKARIYA,M,8,0,3
MUHAMMAD-ZAYN,M,3,0,1
MUHAMMED-ALI,M,9,0,3
MUHAMMED-AYAAN,M,3,0,1
MUHAMMED-IBRAHIM,M,3,0,1
MUHAMMET,M,40,4,40
MUHAMMUD,M,19,0,6
MUHANAD,M,50,0,17
MUHANNAD,M,40,0,13
MUHAYMIN,M,3,0,1
MUHIBB,M,3,3,3
MUHMMAD,M,61,3,61
MUHSINA,F,9,3,9
MUHSINAH,F,3,0,1
MUHTASIM,M,6,3,6
MUHUMMAD,M,9,0,3
MUHUMMED,M,12,0,4
MUID,M,3,0,1
MUIZZ,M,69,6,69
MUIZZA,F,3,0,1
MUJAAHID,M,3,0,1
MUJEEB,M,16,3,16
MUJIB,M,3,0,1
MUJIBUR,M,3,3,3
MUKADAS,F,3,0,1
MUKHLISAH,F,3,0,1
MUKTAR,M,18,5,18
MUKTI,F,5,0,2
MUKUL,M,3,0,1
MUKUND,M,8,0,3
MULKI,F,12,0,4
MU'MINAH,F,6,3,6
MUMTAHINA,F,3,0,1
MUMTAS,F,3,0,1
MUMTAZ,F,90,6,90
MUN,F,3,0,1
MUNACHI,F,12,0,4
MUNACHI,M,12,0,4
MUNACHIMSO,F,26,0,9
MUNACHIMSO,M,12,0,4
MUNACHISO,F,13,0,4
MUNACHISO,M,6,0,2
MUNASAR,M,30,0,10
MUNASHE,F,17,0,6
MUNASHE,M,101,0,34
MUNAWAR,M,7,0,2
MUNAZZA,F,6,3,6
MUNDHIR,M,9,0,3
MUNEEF,M,3,0,1
MUNEEFA,F,9,0,3
MUNEER,M,13,3,13
MUNEERA,F,24,0,8
MUNEERAH,F,6,0,2
MUNEET,F,3,0,1
MUNEEZA,F,3,0,1
MUNESU,M,7,0,2
MUNEZA,F,3,3,3
MUNIB,M,32,0,11
MUNIIRA,F,16,0,5
MUNIRAT,F,3,0,1
MUNISA,F,12,0,4
MUNISAH,F,16,0,5
MUNRAJ,M,9,6,9
MUNSIF,M,4,0,1
MUNTASIR,M,27,0,9
MUNTAZ,F,9,0,3
MUNTAZIR,M,13,0,4
MUNYARADZI,M,23,0,8
MUQADAAS,F,3,0,1
MUQEET,M,3,0,1
MUQTADIR,M,3,0,1
MURAAD,M,6,3,6
MURDO,M,15,3,15
MURIAM,F,10,3,10
MURIUM,F,3,3,3
MURRIN,F,3,0,1
MURSAL,F,38,0,13
MURSAL,M,3,0,1
MURSALEEN,M,3,0,1
MURSHED,M,5,5,5
MURTADHA,M,9,0,3
MUSAA,M,3,0,1
MUSAAB,M,32,0,11
MUSADDIQ,M,15,0,5
MUSAH,M,13,0,4
MUSAID,M,3,0,1
MUSAMMED,F,17,0,6
MUSAMMOD,F,7,7,7
MUSAMMOTH,F,3,3,3
MUSAWER,M,10,0,3
MUSAWWIR,M,8,0,3
MUSCAB,M,20,0,7
MUSE,M,23,0,8
MUSEERAH,F,3,0,1
MUSFIRAH,F,16,0,5
MUSHARRAF,M,7,4,7
MUSHTABA,M,3,0,1
MUSHTAQ,F,16,0,5
MUSHTAQ,M,3,0,1
MUSKHAN,F,12,0,4
MUSLIM,M,3,0,1
MUSLIMA,F,14,6,14
MUSLIMAH,F,14,3,14
MUSSAB,M,4,0,1
MUSSAMAT,F,11,5,11
MUSSAMMAD,F,3,0,1
MUSSAMMAT,F,10,4,10
MUSSAMMED,F,3,0,1
MUSSE,M,3,0,1
MUSTAFIZUR,M,3,3,3
MUSTAKIM,M,9,0,3
MUSTANSIR,M,3,0,1
MUSTAQEEM,M,11,0,4
MUSTAQIM,M,3,0,1
MUSTHAFA,M,3,0,1
MUSU,F,3,0,1
MUTASIM,M,35,0,12
MUTMAINNAH,F,3,0,1
MUTSA,F,6,0,2
MUTSAWASHE,F,3,0,1
MUZAINA,F,3,0,1
MUZAKIR,M,3,0,1
MUZAKKIR,M,6,3,6
MUZAMEL,M,4,0,1
MUZAMIL,M,55,0,18
MUZAMMIL,M,96,6,96
MUZNA,F,8,0,3
MUZNAH,F,16,0,5
MY,F,31,5,31
MYA-GRACE,F,6,0,2
MYAH-ROSE,F,8,0,3
MYA-JANE,F,3,0,1
MYA-LEIGH,F,9,0,3
MYA-LOUISE,F,26,0,9
MYA-MAE,F,3,0,1
MYA-MAI,F,4,0,1
MYA-MARIE,F,3,0,1
MYAN,M,18,0,6
MYANNA,F,15,0,5
MYAR,F,6,0,2
MYA-RAE,F,6,0,2
MYA-ROSE,F,70,0,23
MYCAH,M,6,0,2
MYEESHA,F,4,0,1
MYEISHA,F,19,0,6
MYER,F,24,6,24
MYER,M,3,3,3
MYFI,F,13,0,4
MYIA,F,107,5,107
MYIESHA,F,74,0,25
MYKA,F,37,0,12
MYKA,M,15,0,5
MYKAH,M,12,0,4
MYKAL,M,3,3,3
MYKEL,M,3,3,3
MYKIE,M,12,0,4
MYKOLA,M,3,3,3
MYLAH,F,122,0,41
MYLAH-ROSE,F,3,0,1
MYLA-MAE,F,8,0,3
MYLA-MAY,F,4,0,1
MYLAN,M,9,0,3
MYLA-RAE,F,20,0,7
MYLA-ROSE,F,61,0,20
MYLEA,F,23,0,8
MYLEE,F,331,0,110
MYLEE-MAE,F,3,0,1
MYLEI,F,4,0,1
MYLEIGH,F,69,0,23
MYLI,F,8,0,3
MYLIE,M,3,0,1
MYLIE-MAI,F,3,0,1
MYLIE-RAE,F,3,0,1
MYRAH,F,79,3,79
MYRAN,M,6,0,2
MYRNA,F,8,0,3
MYRTO,F,3,0,1
MYTCHEL,M,3,3,3
NAADIA,F,6,6,6
NAADIR,M,3,0,1
NAADIYA,F,4,4,4
NAADIYAH,F,3,3,3
NAADRAH,F,3,3,3
NAAEL,M,3,0,1
NAAIL,M,14,4,14
NAA'IL,M,3,0,1
NAAILA,F,7,3,7
NAAILAH,F,23,4,23
NAAIRAH,F,4,0,1
NAAMA,F,3,0,1
NAANA,F,21,0,7
NAAVYA,F,9,0,3
NAAYAAB,F,6,0,2
NAAZISH,F,3,3,3
NABAA,F,6,3,6
NABEHA,F,3,0,1
NABIA,F,6,3,6
NABIEL,M,4,4,4
NABIIL,M,20,0,7
NABIYA,F,12,0,4
NACERA,F,3,0,1
NACHMAN,M,16,0,5
NACHMEN,M,3,0,1
NACIMO,F,3,0,1
NADAV,M,29,6,29
NADEEN,F,45,6,45
NADEERA,F,7,0,2
NADEJDA,F,3,0,1
NADERA,F,3,3,3
NADEZHDA,F,10,0,3
NADHIA,F,3,3,3
NADHIR,M,3,0,1
NADIAH,F,18,3,18
NADIIR,M,3,0,1
NADIMA,F,5,0,2
NADIN,F,3,3,3
NADISHA,F,4,4,4
NADYNE,F,3,0,1
NA'EEMAH,F,3,0,1
NAEL,M,65,3,65
NAEMA,F,26,6,26
NAETOCHUKWU,M,3,0,1
NAEVIA,F,32,0,11
NAFEEZA,F,3,3,3
NAFIS,M,34,3,34
NAFISHA,F,9,0,3
NAFIZA,F,15,0,5
NAFTALI,M,61,0,20
NAFTOLI,M,69,0,23
NAFTULI,M,35,0,12
NAGA,M,3,0,1
NAGEENA,F,3,3,3
NAGLIS,M,37,0,12
NAGMA,F,4,4,4
NAHAL,F,16,0,5
NAHEDA,F,3,3,3
NAHEED,F,4,0,1
NAHEED,M,3,3,3
NAHEEDAH,F,3,0,1
NAHEL,M,3,0,1
NAHEMA,F,4,4,4
NAHI,M,3,0,1
NAHIA,F,19,0,6
NAHIAN,M,13,0,4
NAHID,F,4,0,1
NAHIDAH,F,3,0,1
NAHIL,M,3,0,1
NAHIYA,F,3,0,1
NAHIYAN,M,6,0,2
NAHLA,F,210,0,70
NAHOME,M,9,0,3
NAHYAAN,M,3,0,1
NAHYAN,M,14,0,5
NAIA,F,159,4,159
NAIARA,F,16,0,5
NAIDA,F,3,0,1
NAIF,M,10,0,3
NAIHA,F,6,3,6
NA'IL,M,3,0,1
NA'ILAH,F,15,0,5
NA'IMA,F,8,0,3
NAIMUL,M,6,6,6
NAIMUR,M,12,3,12
NAINIKA,F,6,0,2
NAINSI,F,3,0,1
NAIRA,F,99,0,33
NAIRAH,F,6,3,6
NAISHA,F,89,0,30
NAISHE,F,3,0,1
NAITE,M,6,0,2
NAITIK,M,21,0,7
NAIYA,F,161,0,54
NAIYAH,F,24,0,8
NAJA,F,3,3,3
NAJAF,M,4,0,1
NAJAM,M,8,0,3
NAJAT,F,25,0,8
NAJEEB,M,25,3,25
NAJEEM,M,3,3,3
NAJI,M,6,0,2
NAJIA,F,26,0,9
NAJIAH,F,3,0,1
NAJIBA,F,10,4,10
NAJIBAH,F,20,3,20
NAJIFA,F,6,0,2
NAJIIB,M,9,3,9
NAJIM,M,11,0,4
NAJLA,F,47,3,47
NAJMAH,F,12,5,12
NAJMIN,F,3,0,1
NAJMO,F,6,0,2
NAJMUL,M,6,6,6
NAKAI,F,16,0,5
NAKAI,M,15,0,5
NAKASH,M,3,3,3
NAKEISHA,F,13,0,4
NAKIA,F,10,4,10
NAKIYAH,F,3,0,1
NAKSH,M,47,0,16
NAKSHATRA,F,9,0,3
NAKUL,M,12,6,12
NALAH,F,3,0,1
NALA-MAE,F,3,0,1
NALANI,F,38,0,13
NALEDI,F,33,0,11
NALI,M,58,0,19
NALIN,F,3,0,1
NALIN,M,3,0,1
NALINI,F,9,0,3
NALISHA,F,3,3,3
NALY,M,13,0,4
NAMAAN,M,6,3,6
NAMAN,M,70,6,70
NAMEER,M,12,0,4
NAMEERA,F,7,0,2
NAMIR,M,3,0,1
NAMIRAH,F,10,0,3
NAMISH,M,12,0,4
NAMIT,M,3,0,1
NAMITA,F,6,0,2
NAMO,M,6,0,2
NAMRAH,F,13,3,13
NAMRITA,F,4,0,1
NANAK,M,3,3,3
NANAKI,F,7,0,2
NANAKO,F,3,3,3
NANAMI,F,6,3,6
NANA-YAA,F,3,0,1
NANCEE,F,3,0,1
NANCEY,F,3,0,1
NANCI,F,44,0,15
NANCY-JANE,F,3,0,1
NANCY-LEE,F,3,0,1
NANCY-LEIGH,F,4,0,1
NANCY-MAE,F,3,0,1
NANCY-MAY,F,19,0,6
NANCY-RAE,F,5,0,2
NANCY-ROSE,F,21,0,7
NANDAN,M,6,0,2
NANDANA,F,8,0,3
NANDIKA,F,18,0,6
NANDIN,F,3,0,1
NANDITA,F,15,0,5
NANETTE,F,12,5,12
NANKI,F,4,0,1
NANNETTE,F,3,0,1
NANSI,F,131,4,131
NANW,F,28,0,9
NAO,F,3,0,1
NAOD,M,43,0,14
NAOKI,M,9,0,3
NAOME,F,3,0,1
NAOMI-ROSE,F,6,0,2
NAPHTALI,M,17,0,6
NAQIB,M,6,3,6
NAQQASH,M,3,3,3
NAQUAN,M,3,3,3
NARAIN,M,6,3,6
NARAYA,F,3,0,1
NARCIS,M,22,0,7
NARCISSE,M,3,0,1
NARDOS,F,11,0,4
NARELLE,F,4,4,4
NAREN,M,10,0,3
NARESH,M,6,6,6
NARGAS,F,3,3,3
NARIAH,F,35,0,12
NARIN,F,86,0,29
NARINDER,F,3,0,1
NARIYAH,F,22,0,7
NARJES,F,7,0,2
NARJIS,F,23,0,8
NARMEEN,F,21,3,21
NARMIN,F,15,0,5
NARYAN,M,37,0,12
NASEEBA,F,4,4,4
NASEEHA,F,3,0,1
NASEEHAH,F,3,0,1
NASEER,M,21,5,21
NASEERAH,F,6,6,6
NASER,M,13,0,4
NASHAD,F,3,0,1
NASHARN,M,3,0,1
NASHAUN,M,12,0,4
NASHAWN,M,13,0,4
NASHE,M,10,0,3
NASHITA,F,19,0,6
NASHRA,F,3,3,3
NASHWA,F,13,4,13
NASHWAN,M,7,0,2
NASIA,F,6,0,2
NASIF,M,39,3,39
NASIFAH,F,3,0,1
NASIHA,F,27,0,9
NASIRA,F,7,7,7
NASMA,F,14,0,5
NASR,M,9,0,3
NASRIYA,F,3,0,1
NASRUDIN,M,3,0,1
NASSEM,M,3,3,3
NASSIR,M,36,6,36
NASSOR,M,6,0,2
NASTAHO,F,3,0,1
NASTAZJA,F,3,0,1
NASTEHA,F,31,0,10
NASTEHO,F,13,3,13
NASYA,F,7,3,7
NAT,M,6,0,2
NATAHLIA,F,12,0,4
NATALEE,F,14,6,14
NATALI,F,17,0,6
NATALIAH,F,6,0,2
NATALIJA,F,24,6,24
NATALINA,F,6,0,2
NATALKA,F,4,4,4
NATALLIA,F,7,0,2
NATANAEL,M,31,0,10
NATANEL,M,3,0,1
NATANIA,F,48,0,16
NATANIEL,M,312,0,104
NATANYA,F,14,3,14
NATAS,M,24,0,8
NATASA,F,8,0,3
NATASHAH,F,4,0,1
NATASZA,F,104,0,35
NATAYAH,F,3,0,1
NATE,F,3,3,3
NATHALY,F,3,0,1
NATHANEAL,M,31,6,31
NATHANEL,M,6,0,2
NATHAN-LEE,M,10,0,3
NATHANUAL,M,3,3,3
NATHASHA,F,7,0,2
NATHNAEL,M,6,0,2
NATNAEL,M,60,4,60
NAUFAL,M,5,0,2
NAUMAAN,M,3,0,1
NAURIS,M,6,0,2
NAVA,F,9,0,3
NAVAEH,F,28,0,9
NAVARRO,M,3,0,1
NAVAYA,F,6,0,2
NAVAYAH,F,16,0,5
NAVEAH,F,9,0,3
NAVED,M,3,3,3
NAVEEN,F,45,6,45
NAVENA,F,3,0,1
NAVINA,F,8,4,8
NAVINDER,F,3,3,3
NAVINDER,M,3,3,3
NAVKIRAT,F,3,0,1
NAVLEEN,F,33,0,11
NAVNEET,M,12,0,4
NAVPREET,M,3,3,3
NAVREET,F,28,0,9
NAVROOP,M,4,0,1
NAVTEJ,M,3,0,1
NAVYA,F,135,0,45
NAWA,F,3,0,1
NAWAB,M,3,0,1
NAWAF,M,29,0,10
NAWAR,F,4,0,1
NAWEED,M,9,0,3
NAWEL,F,4,0,1
NAWFAL,M,21,0,7
NAWID,M,6,0,2
NAYAH,F,41,0,14
NAYEB,M,3,0,1
NAYEEMUL,M,6,0,2
NAYEF,M,3,0,1
NAYEL,M,23,0,8
NAYELI,F,23,0,8
NAYEM,M,12,6,12
NAYEMA,F,7,3,7
NAYEN,M,8,0,3
NAYHA,F,13,4,13
NAYIA,F,3,0,1
NAYLAA,F,5,0,2
NAYLAH,F,25,0,8
NAYLAN,M,3,0,1
NAYLEN,M,3,0,1
NAYLOR,M,6,0,2
NAYM,M,3,3,3
NAYMA,F,6,0,2
NAYNA,F,3,0,1
NAYOMI,F,14,0,5
NAYRA,F,15,0,5
NAYSA,F,24,0,8
NAYSHA,F,8,0,3
NAYSHARN,M,6,0,2
NAYTE,M,7,0,2
NAYYAB,F,22,3,22
NAZ,F,116,0,39
NAZAHA,F,3,0,1
NAZANEEN,F,7,0,2
NAZANIN,F,15,0,5
NAZARENE,F,3,0,1
NAZARIY,M,3,0,1
NAZEEFA,F,3,0,1
NAZEEFAH,F,4,0,1
NAZEEHA,F,18,0,6
NAZEERA,F,3,0,1
NAZEERAH,F,3,3,3
NAZIAH,M,5,0,2
NAZIFAH,F,3,0,1
NAZIHA,F,20,3,20
NAZIMA,F,7,4,7
NAZIRAH,F,13,3,13
NAZLICAN,F,10,0,3
NAZMINA,F,3,3,3
NAZMIYE,F,3,3,3
NDEY,F,32,3,32
NEBI,M,4,0,1
NECATI,M,4,0,1
NECO,M,9,0,3
NECTARIA,F,14,0,5
NECTARIE,M,3,0,1
NEDAL,M,3,0,1
NEDAS,M,69,0,23
NEDW,M,3,0,1
NEEHA,F,6,0,2
NEEKA,F,3,0,1
NEEKO,M,29,0,10
NEELUM,F,6,6,6
NEEMAH,F,3,0,1
NEERAV,M,3,0,1
NEESA,F,3,0,1
NEESON,M,10,0,3
NEETI,F,3,0,1
NEETU,F,3,3,3
NEEV,F,30,0,10
NEEV,M,101,0,34
NEEVAH,F,3,0,1
NEEYA,F,6,0,2
NEFELI,F,59,0,20
NEFERTARI,F,16,0,5
NEFERTITI,F,3,0,1
NEGAH,F,3,0,1
NEGAR,F,4,0,1
NEGIN,F,9,3,9
NEHAAN,M,3,0,1
NEHAL,F,36,0,12
NEHAL,M,17,4,17
NEHAN,M,81,0,27
NEHARA,F,3,0,1
NEHEMIAH,F,9,0,3
NEHMIA,M,3,0,1
NEIKO,M,9,0,3
NEILAN,M,3,0,1
NEILESH,M,3,3,3
NEILL,M,3,0,1
NEIMA,F,3,0,1
NEIRIN,M,18,0,6
NEITANAS,M,4,0,1
NEITAS,M,12,0,4
NEITONAS,M,4,0,1
NEKITA,F,3,0,1
NEKO,M,3,0,1
NELIA,F,7,0,2
NELLA,F,169,0,56
NELLIE-MAE,F,7,0,2
NELLIE-RAE,F,9,0,3
NELLIE-ROSE,F,10,0,3
NELLY,M,10,0,3
NELLY-RAE,F,3,0,1
NELLY-ROSE,F,3,0,1
NEMA,F,3,0,1
NEMANJA,M,8,0,3
NEMI,F,3,0,1
NEMUEL,M,3,0,1
NENA,F,18,6,18
NENE,F,11,0,4
NENYASHA,F,3,0,1
NEO,F,7,0,2
NEOLA,F,9,0,3
NEONA,F,3,0,1
NEPHELE,F,7,0,2
NEPHTALIE,F,3,3,3
NERAYA,F,3,0,1
NEREA,F,29,0,10
NERGIZ,F,6,0,2
NERIA,F,3,0,1
NERIAH,M,10,0,3
NERILE,F,3,0,1
NERINE,F,3,0,1
NERISSE,F,5,5,5
NERIYA,F,3,0,1
NERIYAH,F,9,0,3
NERMIN,F,3,0,1
NESE,F,3,0,1
NESIA,F,4,0,1
NESIAH,F,5,0,2
NESLIHAN,F,3,0,1
NESMA,F,3,0,1
NESREEN,F,3,0,1
NESRIN,F,11,0,4
NESRINE,F,17,3,17
NETANEL,M,18,0,6
NETANYA,F,6,0,2
NETHAN,M,6,3,6
NETHRA,F,19,0,6
NETRA,F,8,0,3
NETTA,F,9,3,9
NEVAAN,M,11,0,4
NEVAEH,F,3639,0,1213
NEVAEH,M,8,0,3
NEVAEHA,F,15,0,5
NEVAEH-FAITH,F,3,0,1
NEVAEH-GRACE,F,21,0,7
NEVAEH-HOPE,F,3,0,1
NEVAEH-LEIGH,F,7,0,2
NEVAEH-MAE,F,16,0,5
NEVAEH-MAI,F,22,0,7
NEVAEH-MARIE,F,11,0,4
NEVAEH-RAE,F,16,0,5
NEVAEH-ROSE,F,64,0,21
NEVAEH-SKYE,F,6,0,2
NEVAYA,F,43,0,14
NEVAYAH,F,14,0,5
NEVEAH,F,131,0,44
NEVEN,M,9,0,3
NEVEYAH,F,7,0,2
NEVIAH,F,3,0,1
NEVIE,F,14,0,5
NEVIN,F,3,0,1
NEVYN,M,3,0,1
NEYA,F,43,3,43
NEYAH,F,6,0,2
NEYHA,F,3,0,1
NEYLA,F,4,0,1
NEYLAN,M,3,0,1
NE-YO,M,3,0,1
NEYSA,F,3,0,1
NGOC,F,22,6,22
NGOZI,F,30,3,30
NGOZICHUKWU,F,6,0,2
NGUYEN,M,9,0,3
NHI,F,34,6,34
NHYIRA,F,20,0,7
NIAH,M,15,0,5
NIALAH,F,3,0,1
NIALLE,M,3,0,1
NIAMAH,F,3,0,1
NIA-MAI,F,4,0,1
NIARA,F,21,0,7
NIAV,F,21,0,7
NIAYA,F,3,0,1
NIBODH,M,3,0,1
NIBRAS,M,6,0,2
NICCI,F,4,4,4
NICCO,M,5,0,2
NICHA,F,7,0,2
NICHELLE,F,4,0,1
NICHOLAI,M,6,0,2
NICKEISHA,F,3,0,1
NICKLAS,M,3,0,1
NICKO,M,4,0,1
NICKOY,M,3,0,1
NICKSON,M,3,3,3
NICLAS,M,6,3,6
NICODEM,M,14,0,5
NICODEMUS,M,3,0,1
NICOLA,M,26,3,26
NICOLAAS,M,8,0,3
NICOLETA,F,26,0,9
NICOLINA,F,7,7,7
NICOLO,M,86,3,86
NICOY,M,3,0,1
NIDAA,F,12,3,12
NIDHA,F,6,3,6
NIEL,M,3,0,1
NIEMA,F,3,0,1
NIFEMI,F,4,0,1
NIHA,F,26,3,26
NIHAAL,F,6,0,2
NIHAAL,M,96,0,32
NIHAD,F,9,0,3
NIHAD,M,10,0,3
NIHAL,F,64,6,64
NIHAN,M,3,0,1
NIHAR,M,3,0,1
NIHARIKA,F,43,0,14
NIK,F,8,5,8
NIK,M,32,5,32
NIKA,F,160,4,160
NIKAN,M,7,0,2
NIKAS,M,11,0,4
NIKASH,M,10,0,3
NIKAYA,F,3,0,1
NIKAYLA,F,4,0,1
NIKEISHA,F,17,3,17
NIKESHA,F,3,0,1
NIKET,M,3,3,3
NIKI,M,7,7,7
NIKIL,M,10,0,3
NIKINI,F,4,0,1
NIKITAS,M,3,0,1
NIKITHA,F,22,0,7
NIKIYA,F,3,0,1
NIKKALA,F,5,0,2
NIKKO,M,11,0,4
NIKO,F,9,0,3
NIKOL,F,142,0,47
NIKOLAJ,M,9,0,3
NIKOLASS,M,4,0,1
NIKOLAY,M,54,0,18
NIKOLETA,F,5,0,2
NIKOLETT,F,6,0,2
NIKOLETTA,F,10,0,3
NIKOLOZ,M,6,0,2
NIKOU,F,3,3,3
NIKS,M,17,0,6
NIKUNJ,M,9,3,9
NILAN,M,3,0,1
NILANI,F,3,3,3
NILAY,F,7,0,2
NILE,F,3,0,1
NILEEMA,F,4,4,4
NILOFAR,F,4,0,1
NILOOFAR,F,3,0,1
NILSU,F,3,0,1
NILUFAR,F,3,0,1
NILUFER,F,3,0,1
NIMAO,F,3,0,1
NIMAT,F,9,6,9
NIMRAT,F,50,0,17
NIMRATA,F,3,0,1
NIMRIT,F,30,0,10
NIMRITA,F,17,0,6
NIMUE,F,6,0,2
NINIOLA,F,3,0,1
NINO,F,11,0,4
NIOBE,F,11,0,4
NIOMIE,F,3,3,3
NIR,M,3,0,1
NIRA,F,3,0,1
NIRAH,F,3,3,3
NIRAL,M,4,4,4
NIRAN,M,20,5,20
NIRANJAN,M,3,0,1
NIRBHAY,M,3,0,1
NIREL,F,3,0,1
NIRMA,F,3,0,1
NIRMAL,M,3,3,3
NIRMIT,M,3,0,1
NIROSHAN,M,7,3,7
NIRUJA,F,6,0,2
NIRUJAN,M,7,3,7
NIRUSHAN,M,3,0,1
NIRVAAN,M,21,0,7
NIRVAIR,F,4,0,1
NIRVAIR,M,19,0,6
NIRVAN,M,30,0,10
NIRVI,F,7,0,2
NISANUR,F,23,0,8
NISAR,M,3,0,1
NISARG,M,3,0,1
NISCHAL,M,7,0,2
NISHAAN,M,93,3,93
NISHAAT,F,3,3,3
NISHAD,M,3,0,1
NISHAL,M,8,5,8
NISHATH,F,18,3,18
NISHCHAL,M,3,0,1
NISHIKA,F,42,0,14
NISHTA,F,10,3,10
NISHTHA,F,27,0,9
NISREEN,F,12,0,4
NISSI,F,87,0,29
NITAI,M,6,0,2
NITASHA,F,30,6,30
NITHARSAN,M,3,0,1
NITHARSHAN,M,3,0,1
NITHILA,F,13,0,4
NITHIN,M,36,0,12
NITHISH,M,6,0,2
NITHUSH,M,5,0,2
NITHUSHA,F,4,0,1
NITHUSHAN,M,4,0,1
NITHYA,F,6,0,2
NITI,F,3,0,1
NITIKA,F,6,0,2
NITYA,F,51,0,17
NITYA,M,4,0,1
NIUSHA,F,3,0,1
NIV,M,3,0,1
NIVA,F,34,4,34
NIVAAN,M,27,0,9
NIVAN,M,4,0,1
NIVEA,F,3,0,1
NIVEDHA,F,3,0,1
NIVEN,M,33,6,33
NIVETHA,F,3,0,1
NIYA,F,213,0,71
NIYAH,F,246,3,246
NIYAH,M,6,0,2
NIYAM,M,60,0,20
NIYAN,M,3,0,1
NIYAT,F,6,0,2
NIYATI,F,58,0,19
NIYEMA,F,3,0,1
NIYLA,F,14,0,5
NIYLAH,F,9,0,3
NIZAM,M,6,3,6
NIZAMUDDIN,M,4,4,4
NIZAMUL,M,3,3,3
NIZAR,M,31,5,31
NJ,M,3,0,1
NJERI,F,3,3,3
NKECHI,F,28,0,9
NKEMDILIM,F,4,0,1
NKOSI,M,3,0,1
NMA,F,20,0,7
NNAEMEKA,M,24,6,24
NNANNA,M,3,0,1
NNEOMA,F,30,0,10
NOAH,F,9,0,3
NOAH-JACK,M,3,0,1
NOAH-JAMES,M,59,0,20
NOAH-JAY,M,6,0,2
NOAH-JOHN,M,3,0,1
NOAH-LEE,M,3,0,1
NOAM,F,3,3,3
NOAMAN,M,4,0,1
NOAMI,F,3,0,1
NOAR,M,16,0,5
NOBEL,F,4,0,1
NOE,M,69,0,23
NOELA,F,12,0,4
NOELANI,F,8,0,3
NOELIA,F,54,0,18
NOELLE,F,133,3,133
NOH,M,8,0,3
NOHA,F,48,3,48
NOHA,M,4,0,1
NOJUS,M,392,0,131
NOL,M,3,0,1
NOLAH,F,15,0,5
NOLAWI,M,4,0,1
NOLWENN,F,3,0,1
NOMIN,F,8,0,3
NOMSA,F,3,0,1
NONA,F,10,0,3
NOOH,M,37,0,12
NOOMI,F,7,0,2
NOORAH,F,12,0,4
NOOR-AL-AIN,F,3,0,1
NOORAN,F,6,3,6
NOOR-FATIMA,F,28,0,9
NOORIA,F,17,0,6
NOORIYA,F,6,0,2
NOORIYAH,F,4,0,1
NOORJAHAN,F,19,4,19
NOORUL,M,3,0,1
NOORULAIN,F,19,0,6
NOOR-UL-AIN,F,58,3,58
NOOR-UL-HUDA,F,7,0,2
NOR,F,6,0,2
NORAIZ,M,4,0,1
NORI,F,6,0,2
NORIK,M,10,0,3
NORINA,F,12,0,4
NORTH,M,3,0,1
NOSAKHARE,M,12,0,4
NOSHABA,F,3,0,1
NOUF,F,10,3,10
NOUH,M,3,0,1
NOUMAAN,M,6,6,6
NOUMAN,M,23,6,23
NOUR,M,65,3,65
NOURAH,F,4,0,1
NOURAN,F,3,0,1
NOUREDDINE,M,3,0,1
NOURHAN,F,4,0,1
NOURIA,F,3,0,1
NOURIN,F,6,6,6
NOUSHIN,F,6,3,6
NOVA,M,16,0,5
NOVAH,F,10,0,3
NOVAK,M,19,0,6
NOVALEE,F,4,0,1
NOVELLA,F,3,0,1
NOWSHIN,F,7,4,7
NOYAN,M,9,0,3
NOZOMI,F,6,3,6
NTANDOYENKOSI,M,3,0,1
NUAYMAH,F,3,0,1
NUBAID,M,13,0,4
NUBIA,F,30,0,10
NUH,M,107,0,36
NUHAA,F,17,0,6
NUJHAT,F,6,0,2
NUMA,F,42,6,42
NUMAYR,M,3,0,1
NUMRA,F,7,7,7
NUO,F,16,0,5
NURADIN,M,19,0,6
NURAH,F,10,0,3
NURAIZ,M,5,0,2
NURAN,F,7,0,2
NURAY,F,3,0,1
NURAZ,M,7,0,2
NURDIN,M,3,0,1
NUREEN,F,6,0,2
NUREIN,M,6,0,2
NURETTIN,M,4,4,4
NURI,M,10,0,3
NURIN,F,3,0,1
NURIYA,F,9,0,3
NURIYAH,F,33,0,11
NURUDDIN,M,3,0,1
NUSAIBA,F,98,0,33
NUSAIBAH,F,69,0,23
NUSAIYBAH,F,3,0,1
NUSAYBA,F,139,3,139
NUSEYBA,F,3,0,1
NUSHRAT,F,6,3,6
NUUH,M,9,0,3
NUWAIR,M,3,0,1
NUWAIRA,F,4,0,1
NUZHA,F,3,0,1
NYAH,M,14,0,5
NYAL,M,60,3,60
NYARA,F,3,0,1
NYARAI,F,6,0,2
NYASIA,F,10,0,3
NYEESHA,F,6,0,2
NYELA,F,7,0,2
NYELLA,F,3,0,1
NYEMA,F,6,0,2
NYESHA,F,6,6,6
NYIAH,F,3,0,1
NYIEMA,F,3,0,1
NYIMA,F,28,0,9
NYIMAH,F,3,0,1
NYLAH,F,436,0,145
NYLAH-ROSE,F,12,0,4
NYLA-RAE,F,18,0,6
NYLA-ROSE,F,24,0,8
NYLES,M,6,0,2
NYNKE,F,3,0,1
NYRA,F,15,3,15
NYRAH,F,8,0,3
NYSHA,F,8,0,3
NZA,F,4,0,1
OAKLAN,M,11,0,4
OAKLEA,F,3,0,1
OAKLEE,M,33,0,11
OAKLEIGH,M,37,0,12
OAKLEN,M,6,0,2
OAKLEY-BLUE,M,3,0,1
OAKLEY-JAMES,M,5,0,2
OAKLY,M,3,0,1
OANA,F,6,0,2
OBAFEMI,M,16,0,5
OBALOLUWA,M,25,0,8
OBEHI,F,16,0,5
OBERON,M,6,0,2
OBIANUJU,F,7,0,2
OCEAN-BLU,F,3,0,1
OCEANE,F,66,5,66
OCEANNA,F,19,0,6
OCEANNE,F,6,3,6
OCEAN-ROSE,F,5,0,2
ODERA,M,5,0,2
ODILE,F,7,0,2
ODINAKACHUKWU,M,6,0,2
ODRIJA,F,7,0,2
ODUNAYO,F,10,0,3
ODYSSEAS,M,11,0,4
OGECHUKWU,F,7,0,2
OGHENEBRUME,M,6,0,2
OGHENEFEJIRO,F,6,0,2
OGHENEMARO,M,8,0,3
OGHENEMINE,F,7,0,2
OGHENERUKEVWE,F,6,0,2
OGHENERUNO,M,4,0,1
OGHENETEGA,F,18,0,6
OGHOSA,M,4,0,1
OGULCAN,M,12,6,12
OGUZ,M,15,0,5
OHEMAA,F,26,0,9
OHENE,M,7,0,2
OHENEBA,M,11,0,4
OJAS,M,42,0,14
OJAY,M,6,0,2
OKKES,M,3,0,1
OKTAWIAN,M,6,0,2
OKTAY,M,14,5,14
OLACHI,F,8,0,3
OLADAPO,M,28,6,28
OLADELE,M,7,4,7
OLADIMEJI,M,25,6,25
OLADIPO,M,9,0,3
OLAEDO,F,4,0,1
OLAJUMOKE,F,17,5,17
OLAJUWON,M,14,0,5
OLAKUNLE,M,10,3,10
OLAMILEKAN,M,22,0,7
OLAMIPOSI,M,9,0,3
OLAN,M,8,0,3
OLANREWAJU,M,64,5,64
OLAOLUWA,F,9,0,3
OLAOLUWAKITAN,M,6,0,2
OLASUBOMI,F,6,0,2
OLASUBOMI,M,11,0,4
OLATOMIWA,M,11,0,4
OLATUNJI,M,7,4,7
OLAYEMI,F,7,4,7
OLAYEMI,M,10,0,3
OLAYINKA,F,37,6,37
OLEK,M,7,0,2
OLENA,F,13,0,4
OLESIA,F,12,0,4
OLESYA,F,6,0,2
OLGIERD,M,4,0,1
OLIE,M,7,0,2
OLIMPIA,F,48,0,16
OLIN,M,13,0,4
OLISAEMEKA,M,20,0,7
OLIVA,F,7,0,2
OLIVEA,F,10,0,3
OLIVER-DANIEL,M,3,0,1
OLIVER-GEORGE,M,8,0,3
OLIVERIS,M,8,0,3
OLIVER-JACK,M,18,0,6
OLIVER-JAY,M,10,0,3
OLIVER-JOHN,M,13,0,4
OLIVER-LEE,M,8,0,3
OLIVE-ROSE,F,3,0,1
OLIVERS,M,64,0,21
OLIVIA,M,3,0,1
OLIVIA-,F,6,3,6
OLIVIA-ANN,F,6,0,2
OLIVIA-FAITH,F,6,0,2
OLIVIAH,F,7,0,2
OLIVIA-HOPE,F,3,0,1
OLIVIA-JADE,F,9,0,3
OLIVIA-JANE,F,40,0,13
OLIVIA-JAYNE,F,16,0,5
OLIVIA-JEAN,F,10,0,3
OLIVIA-JO,F,3,0,1
OLIVIA-LEA,F,4,0,1
OLIVIA-LEE,F,11,0,4
OLIVIA-LEIGH,F,49,0,16
OLIVIA-LILLY,F,7,0,2
OLIVIA-LILY,F,12,0,4
OLIVIA-MARIE,F,14,0,5
OLIVIA-RAE,F,45,0,15
OLIVIJA,F,32,0,11
OLIWER,M,82,0,27
OLIWIA,F,1718,0,573
OLLE,M,6,0,2
OLLEY,M,10,0,3
OLLIE,F,42,5,42
OLLIE-JAMES,M,42,0,14
OLLIE-JAY,M,35,0,12
OLLIE-JOE,M,6,0,2
OLLIE-RAY,M,4,0,1
OLLY-JAMES,M,14,0,5
OLLY-JAY,M,11,0,4
OLLY-RAY,M,3,0,1
OLSA,F,7,0,2
OLSEN,M,3,0,1
OLSI,M,13,0,4
OLTA,F,21,0,7
OLTION,M,6,0,2
OLUBUKOLA,F,7,7,7
OLUBUNMI,F,7,7,7
OLUCHI,F,58,0,19
OLUFUNKE,F,7,7,7
OLUROTIMI,M,6,6,6
OLUSEYI,M,7,7,7
OLUSOLA,M,7,3,7
OLUTOBI,M,14,5,14
OLUWABUKUNMI,F,25,0,8
OLUWABUKUNMI,M,7,3,7
OLUWADABIRA,F,4,0,1
OLUWADARA,F,60,3,60
OLUWADARASIMI,F,135,0,45
OLUWADARASIMI,M,50,0,17
OLUWADEMILADE,F,87,3,87
OLUWAFERANMI,F,37,4,37
OLUWAFEYIKEMI,F,17,0,6
OLUWAFIFEHANMI,F,6,0,2
OLUWAFIKAYOMI,F,17,3,17
OLUWAFIKUNAYOMI,F,9,0,3
OLUWAFISAYOMI,F,6,0,2
OLUWAFOLAJIMI,M,10,0,3
OLUWAFUNMILAYO,F,44,0,15
OLUWAFUNMILOLA,F,14,0,5
OLUWAGBEMISOLA,F,14,0,5
OLUWAJOMILOJU,F,30,0,10
OLUWAJOMILOJU,M,36,0,12
OLUWAKANYINSOLA,F,8,0,3
OLUWAKAYODE,M,27,3,27
OLUWAKOREDE,F,4,0,1
OLUWAMAYOMIKUN,M,11,0,4
OLUWAMAYOWA,F,20,6,20
OLUWAMAYOWA,M,36,0,12
OLUWANIFEMI,F,157,3,157
OLUWANIFEMI,M,89,3,89
OLUWAREMILEKUN,F,4,0,1
OLUWASEMILORE,F,68,3,68
OLUWASEMILORE,M,60,0,20
OLUWASEYIFUNMI,F,14,0,5
OLUWASEYIFUNMI,M,4,0,1
OLUWASEYITAN,M,8,0,3
OLUWASHINAYOMI,M,6,0,2
OLUWASHINDARA,F,4,0,1
OLUWATAMILORE,F,171,4,171
OLUWATENIOLA,F,70,6,70
OLUWATIMILEHIN,F,26,3,26
OLUWATIMILEYIN,F,10,0,3
OLUWATIMILEYIN,M,99,4,99
OLUWATISHE,F,7,0,2
OLUWATISHE,M,10,0,3
OLUWATOFUNMI,F,47,0,16
OLUWATOFUNMI,M,18,0,6
OLUWATOMI,M,12,3,12
OLUWATOMILOLA,F,20,0,7
OLUWATONILOBA,M,4,0,1
OLUWATOYOSI,F,22,6,22
OLUWATOYOSI,M,8,0,3
OLUWATUMININU,F,32,3,32
OLUWATUNMISE,F,11,0,4
OLUWATUNMISE,M,9,0,3
OLUWAYEMISI,F,7,4,7
OLWYN,F,26,3,26
OLY,M,4,0,1
OM,M,263,4,263
OMAID,M,3,0,1
OMAMA,F,3,0,1
OMAN,M,4,0,1
OMARA,F,10,3,10
OMARIAN,M,13,0,4
OMARIE,M,13,0,4
OMARIO,M,43,0,14
OMARION,M,122,0,41
OMAYMA,F,13,0,4
OMAYR,M,3,0,1
OMED,M,22,0,7
OMEGA,F,10,0,3
OMERA,F,39,0,13
OMI,M,3,0,1
OMKAR,M,23,0,8
OMOBOLAJI,M,10,0,3
OMOTAYO,F,7,3,7
OMOTAYO,M,12,0,4
OMOTOLA,F,37,3,37
OMRAN,M,25,0,8
ONA,F,32,0,11
ONAJITE,F,4,0,1
ONDREJ,M,41,0,14
ONEIL,M,8,0,3
O'NEIL,M,12,3,12
O'NEILL,M,3,0,1
ONELI,F,3,0,1
ONI,F,4,0,1
ONIAS,M,3,0,1
ONOME,F,12,6,12
ONORA,F,3,0,1
ONYEBUCHI,F,4,0,1
ONYEDIKACHI,M,6,0,2
ONYEKACHI,F,6,0,2
ONYEKACHI,M,19,0,6
ONYEKACHUKWU,F,6,0,2
ONYINYECHI,F,58,4,58
ONYX,M,19,0,6
OPEMIPO,F,16,0,5
OPEMIPO,M,18,3,18
OPHELIA-ROSE,F,7,0,2
OPIE,M,4,0,1
OR,M,3,0,1
ORA,F,33,0,11
ORCHID,F,3,0,1
ORELIA,F,3,0,1
OREN,F,3,0,1
OREOFEOLUWA,F,6,0,2
OREST,M,9,0,3
ORESTAS,M,59,0,20
ORESTIS,M,12,0,4
ORFEAS,M,3,0,1
ORGES,M,4,0,1
ORGESA,F,3,0,1
ORGITO,M,10,0,3
ORIAH,F,4,0,1
ORIAN,M,3,0,1
ORIANTHI,F,3,0,1
ORIELLA,F,4,0,1
ORIELLE,F,3,0,1
ORIN,F,3,0,1
ORINTA,F,3,0,1
ORITSE,M,8,0,3
ORLAH,F,36,0,12
ORLA-MAE,F,5,0,2
ORLAN,M,9,0,3
ORLAND,M,4,0,1
ORLANDA,F,9,0,3
ORLA-RAE,F,3,0,1
ORLA-ROSE,F,23,0,8
ORLI,F,53,0,18
ORLIN,M,3,0,1
ORLY,F,39,0,13
ORLY,M,8,0,3
ORNA,F,11,3,11
ORNELA,F,36,6,36
ORNELLA,F,33,0,11
OROBOSA,M,3,0,1
ORRAN,M,21,0,7
ORREN,M,26,4,26
ORRIE,M,3,0,1
ORRY,M,17,0,6
ORRYN,M,3,0,1
OSAAMA,M,3,3,3
OSAHON,M,12,0,4
OSAMUDIAMEN,M,6,0,2
OSARETIN,M,3,0,1
OSARIEMEN,F,9,0,3
OSARO,M,3,0,1
OSARUGUE,F,8,0,3
OSASERE,F,3,0,1
OSAYANDE,M,19,0,6
OSAZE,M,21,3,21
OSAZEE,M,9,0,3
OSCA,M,19,0,6
OSCAR-GEORGE,M,5,0,2
OSCAR-JACK,M,3,0,1
OSCAR-JAI,M,3,0,1
OSCAR-JAMES,M,59,0,20
OSCAR-JAY,M,13,0,4
OSCAR-LEE,M,20,0,7
OSCAR-THOMAS,M,3,0,1
OSEI,M,16,0,5
OSGAR,M,3,0,1
OSHAE,M,4,0,1
O'SHAE,M,3,0,1
O'SHAI,M,3,0,1
OSHAN,M,16,3,16
OSHANE,M,11,0,4
O'SHANE,M,3,0,1
O'SHAY,M,9,0,3
OSHEA,M,3,0,1
O'SHEA,M,50,3,50
OSHI,M,3,0,1
OSHUN,F,3,0,1
OSINACHI,M,4,0,1
OSKARS,M,18,0,6
OSTARA,F,3,0,1
OSTEN,M,3,0,1
OSTYN,M,21,0,7
OTAVIO,M,3,0,1
OTHNIEL,M,97,0,32
OTILIA,F,10,0,3
OTNIEL,M,3,0,1
OTSO,M,3,0,1
OTTALIE,F,3,0,1
OTTAVIO,M,3,0,1
OTTILIA,F,19,0,6
OTYLIA,F,40,0,13
OUMAR,M,21,0,7
OUMIE,F,14,0,5
OUMOU,F,22,0,7
OUSAINOU,M,4,0,1
OUSMANE,M,18,0,6
OVI,F,3,0,1
OVIYA,F,50,0,17
OVIYAN,M,3,0,1
OWENA,F,6,0,2
OWI,M,7,0,2
OWURA,M,8,0,3
OYINADE,F,3,0,1
OYINLOLA,F,6,3,6
OZIAS,M,11,0,4
OZIOMA,F,13,0,4
PA,M,56,4,56
PAA,M,24,0,8
PAAPA,M,3,0,1
PAARTH,M,23,0,8
PAAVAN,M,10,3,10
PAAVANA,F,3,0,1
PAAYAL,F,3,3,3
PAGEN,F,3,3,3
PAHAL,F,7,0,2
PAIGAN,F,8,0,3
PAIGE-ROSE,F,3,0,1
PAIGTON,F,3,0,1
PAIJE,F,5,0,2
PAISLEY-GRACE,F,4,0,1
PAISLEY-MAI,F,3,0,1
PAISLEY-RAE,F,6,0,2
PAISLEY-ROSE,F,3,0,1
PAITYN,F,8,0,3
PAK,M,3,0,1
PAKEEZA,F,7,0,2
PAL,F,16,0,5
PALAK,F,20,0,7
PALESA,F,6,0,2
PALVI,F,3,0,1
PALVINDER,M,3,0,1
PALWASHA,F,33,3,33
PAMELLA,F,3,0,1
PANAV,M,9,0,3
PANAYOTIS,M,3,3,3
PANIZ,F,6,0,2
PANKA,F,3,0,1
PANNA,F,17,0,6
PANSY,F,3,0,1
PANTH,M,4,0,1
PAPE,M,6,0,2
PARAN,M,3,3,3
PAREESA,F,10,0,3
PARI,F,139,3,139
PARIA,F,4,0,1
PARICE,F,7,7,7
PARIDHI,F,9,0,3
PARIN,M,23,0,8
PARINA,F,14,0,5
PARINEET,F,3,0,1
PARISE,F,11,5,11
PARISHAY,F,5,0,2
PARISHI,F,3,0,1
PARIS-LEIGH,F,9,0,3
PARISSA,F,13,0,4
PARIZA,F,10,0,3
PARKER-JAMES,M,11,0,4
PARKER-ROSE,F,3,0,1
PARLEEN,F,3,0,1
PARMEET,F,7,0,2
PARMEET,M,26,0,9
PARMIDA,F,7,0,2
PARMIS,F,29,0,10
PARMVEER,M,17,0,6
PARMVIR,M,3,0,1
PARNEET,F,65,0,22
PARSA,F,9,0,3
PARSA,M,139,4,139
PARTHA,M,3,0,1
PARTHIV,M,11,0,4
PARUL,F,9,4,9
PARVATHI,F,4,0,1
PARVATI,F,3,0,1
PARVESH,M,3,0,1
PARVEZ,M,4,4,4
PARVINA,F,3,0,1
PARVINDER,M,3,3,3
PARYA,F,13,0,4
PARYS,M,6,0,2
PATRICE,M,14,4,14
PATRICIJA,F,87,0,29
PATRICIO,M,6,0,2
PATRIKS,M,18,0,6
PATRISIA,F,10,0,3
PATRYCJA,F,479,3,479
PATTI,F,13,0,4
PAU,M,3,0,1
PAULETTE,F,6,6,6
PAUL-JUNIOR,M,13,0,4
PAULS,M,3,0,1
PAVANI,F,3,0,1
PAVANJIT,M,3,3,3
PAVANVEER,M,3,0,1
PAVANVIR,M,3,3,3
PAVENDEEP,M,4,4,4
PAVIN,M,3,0,1
PAVISHAN,M,3,0,1
PAVIT,M,3,0,1
PAVITHRA,F,6,0,2
PAVLE,M,12,3,12
PAVLEEN,F,15,0,5
PAVLINA,F,3,0,1
PAVLO,M,4,0,1
PAVNI,F,4,0,1
PAVOL,M,17,0,6
PAWEL,M,331,0,110
PAYSON,F,11,0,4
PAYTON-GRACE,F,3,0,1
PAYTON-LEIGH,F,3,0,1
PAYVIN,F,3,0,1
PAYWAND,M,3,0,1
PAZ,F,4,0,1
PEACE,M,22,0,7
PEARLA,F,8,0,3
PEARLE,F,3,0,1
PEARSON,M,3,0,1
PEDRAM,M,3,0,1
PEGGY-MAE,F,3,0,1
PEI,F,19,0,6
PEI,M,3,0,1
PEIGHTON,F,62,0,21
PEIQI,F,3,0,1
PELAGIA,F,3,0,1
PELAYO,M,3,0,1
PEMA,F,5,0,2
PEMBE,F,9,6,9
PENDA,F,10,0,3
PENELOPE-ROSE,F,13,0,4
PENG,M,3,0,1
PENIEL,M,40,0,13
PENN,M,4,0,1
PENNY-MAE,F,3,0,1
PENNY-MAY,F,3,0,1
PENNY-ROSE,F,15,0,5
PENUEL,M,3,0,1
PEPE,M,15,4,15
PERAN,M,3,3,3
PERDY,F,8,0,3
PEREGRIN,M,3,0,1
PEREL,F,8,0,3
PEREZ,F,3,0,1
PEREZ,M,70,4,70
PERI,M,4,4,4
PERIHAN,F,4,0,1
PERLA,F,88,0,29
PERLE,F,3,0,1
PERNELL,M,3,3,3
PERRIE-ROSE,F,4,0,1
PERSIS,F,10,0,3
PESSY,F,19,0,6
PETAL,F,62,0,21
PETEK,F,4,4,4
PETER-JAMES,M,7,0,2
PETER-JUNIOR,M,7,0,2
PETR,M,44,0,15
PEYTON-LEIGH,F,6,0,2
PEYTON-LOUISE,F,3,0,1
PEYTON-ROSE,F,15,0,5
PHARAOH,M,7,0,2
PHARELL,M,68,0,23
PHARELLE,M,5,0,2
PHARIS,M,3,0,1
PHARREN,M,3,0,1
PHAT,M,3,0,1
PHEBEE,F,3,0,1
PHELIM,M,9,6,9
PHELIX,M,4,0,1
PHENIX,M,3,0,1
PHEOBE-ANN,F,3,0,1
PHEOBIE,F,36,0,12
PHEONIX,F,50,5,50
PHEONIX,M,49,0,16
PHI,M,6,0,2
PHIA,F,8,0,3
PHILIPPOS,M,19,0,6
PHINEHAS,M,5,0,2
PHOEBE-,F,3,0,1
PHOEBE-GRACE,F,53,0,18
PHOEBE-JANE,F,6,0,2
PHOEBE-JAYNE,F,3,0,1
PHOEBE-JO,F,3,0,1
PHOEBE-LEE,F,7,0,2
PHOEBE-LEIGH,F,18,0,6
PHOEBE-LOU,F,3,0,1
PHOEBE-LOUISE,F,18,0,6
PHOEBE-MAE,F,40,0,13
PHOEBE-MAI,F,10,0,3
PHOEBE-MARIE,F,8,0,3
PHOEBE-MAY,F,13,0,4
PHOEBE-RAE,F,11,0,4
PHOEBE-ROSE,F,82,0,27
PHOENIX-ROSE,F,7,0,2
PHOENYX,F,3,0,1
PHOIBE,F,3,0,1
PHYLLIDA,F,7,7,7
PIERLUIGI,M,3,3,3
PIERSE,M,3,0,1
PIERSON,M,3,0,1
PIETRA,F,12,0,4
PIHU,F,8,0,3
PIJUS,M,50,0,17
PIO,M,6,0,2
PIPER,M,3,0,1
PIPER-ROSE,F,14,0,5
PIPPA-LEIGH,F,3,0,1
PIPPA-LOUISE,F,3,0,1
PIPPA-MAE,F,3,0,1
PIPPA-ROSE,F,22,0,7
PIPPIN,M,4,0,1
PIR,M,3,0,1
PIRANAVAN,M,3,3,3
PIRAVEEN,M,6,0,2
PIRAVEENA,F,3,3,3
PIRRAN,M,3,0,1
PIUS,M,3,0,1
PIXI,F,6,0,2
PIXIE-BEAU,F,3,0,1
PIXIE-BELLE,F,3,0,1
PIXIE-LEIGH,F,5,0,2
PIXIE-LOU,F,15,0,5
PIXIE-MAE,F,5,0,2
PIXIE-RAE,F,7,0,2
PIXIE-ROSE,F,8,0,3
PIYA,F,64,0,21
PIYUSH,M,14,3,14
PLAMEDI,F,4,0,1
PLAMEDI,M,3,0,1
PLAMEN,M,3,0,1
PLAMENA,F,3,0,1
PLATON,M,8,0,3
PLUM,F,7,0,2
POLA,F,452,0,151
POLINA,F,134,3,134
POLLIE,F,11,3,11
POLLY-MAE,F,3,0,1
POLLY-ROSE,F,3,0,1
POPI,F,3,0,1
POPPIE-ANN,F,6,0,2
POPPIE-LEIGH,F,6,0,2
POPPIE-MAE,F,17,0,6
POPPIE-MAI,F,6,0,2
POPPIE-RAE,F,5,0,2
POPPIE-ROSE,F,8,0,3
POPPY-ANN,F,39,0,13
POPPY-ANNE,F,19,0,6
POPPY-BELLE,F,15,0,5
POPPY-ELIZABETH,F,3,0,1
POPPY-ELLA,F,5,0,2
POPPY-GRACE,F,37,0,12
POPPY-ISABELLA,F,3,0,1
POPPY-JANE,F,10,0,3
POPPY-JAYNE,F,3,0,1
POPPY-JO,F,29,0,10
POPPY-LEA,F,11,0,4
POPPY-LEE,F,7,0,2
POPPY-LEIGH,F,49,0,16
POPPY-LOU,F,11,0,4
POPPY-LOUISE,F,50,0,17
POPPY-MAI,F,70,0,23
POPPY-MARIE,F,14,0,5
POPPY-RAE,F,72,0,24
POPPYROSE,F,4,0,1
POPPY-ROSE,F,214,0,71
POPPY-SUE,F,8,0,3
POPPY-WILLOW,F,3,0,1
PORCHA,F,31,3,31
PORCHIA,F,13,0,4
PORCIA,F,9,6,9
PORSCHE-LEIGH,F,3,0,1
PORSHA-LEIGH,F,3,0,1
PORSHIA,F,9,0,3
PORTER,M,30,0,10
POSEY,F,8,0,3
POSIE,F,7,0,2
POSY,F,73,0,24
POYRAZ,M,35,0,12
PRABDEEP,M,7,3,7
PRABH,F,3,0,1
PRABH,M,15,0,5
PRABHDEEP,F,7,3,7
PRABHDEEP,M,33,3,33
PRABHGUN,F,4,0,1
PRABHGUN,M,3,0,1
PRABHJEET,M,3,3,3
PRABHKIRAT,F,3,0,1
PRABHLEEN,F,44,0,15
PRABHNOOR,F,35,0,12
PRABHREET,F,4,0,1
PRABHROOP,F,3,0,1
PRABHVEER,M,3,0,1
PRABHVIR,M,3,0,1
PRABJOT,F,14,6,14
PRABJOT,M,3,3,3
PRABLEEN,F,3,0,1
PRABVEER,M,6,0,2
PRACHI,F,68,0,23
PRADEEP,M,3,3,3
PRADYUN,M,3,0,1
PRAGATI,F,3,0,1
PRAISE,F,189,0,63
PRAJIN,M,3,0,1
PRAJIT,M,3,0,1
PRAJNA,F,9,0,3
PRAJWAL,M,9,0,3
PRAKRITI,F,21,0,7
PRANATI,F,3,0,1
PRANAVAN,M,4,4,4
PRANAVI,F,40,0,13
PRANAYA,F,6,0,2
PRANAYA,M,3,0,1
PRANEEL,M,23,0,8
PRANEIL,M,3,0,1
PRANESH,M,15,0,5
PRANISH,M,3,0,1
PRANIT,M,6,0,2
PRANITA,F,3,0,1
PRANITH,M,3,0,1
PRANITHA,F,3,0,1
PRANJAL,M,3,0,1
PRANSHI,F,13,0,4
PRANSHU,M,14,0,5
PRAPTI,F,9,0,3
PRARTHANA,F,4,0,1
PRASANNA,M,3,3,3
PRATEEK,M,4,0,1
PRATHAM,M,60,0,20
PRATHANA,F,3,0,1
PRATYUSH,M,13,0,4
PRAVEENA,F,20,3,20
PRAVEER,M,3,0,1
PRAVIN,M,32,5,32
PRAVINA,F,6,0,2
PRAVLEEN,F,3,0,1
PRAYAN,M,9,0,3
PRECILIA,F,3,0,1
PREESHA,F,19,0,6
PREET,M,51,0,17
PREETHIKA,F,3,0,1
PREETHY,F,6,0,2
PREKSHA,F,3,0,1
PREMAL,M,6,6,6
PRERANA,F,3,0,1
PRERNA,F,3,0,1
PRESHA,F,6,0,2
PRESLAV,M,6,0,2
PRESTEN,M,3,0,1
PRESTON-JAMES,M,10,0,3
PRESTON-LEE,M,13,0,4
PRESTYN,M,3,0,1
PRETTY,F,4,0,1
PREYA,F,9,0,3
PREZLEY,M,4,0,1
PRICILLA,F,6,0,2
PRINCETON,M,13,0,4
PRINCEWILL,M,3,0,1
PRINCY,F,11,0,4
PRISCILLA-ROSE,F,3,0,1
PRISH,M,5,0,2
PRISHA,F,351,6,351
PRITHA,F,7,0,2
PRITHVIRAJ,M,3,0,1
PRITIKA,F,44,0,15
PRITPAL,F,6,3,6
PRIYAA,F,3,0,1
PRIYAH,F,12,0,4
PRIYAM,M,5,5,5
PRIYANA,F,37,0,12
PRIYANK,M,3,3,3
PRIYANSH,M,18,0,6
PRIYANSHI,F,34,0,11
PRIYANSHU,M,3,0,1
PRIYA-ROSE,F,8,0,3
PRIYASHA,F,4,0,1
PROSPER,M,47,0,16
PRUE,F,4,0,1
PRUSHA,F,7,0,2
PRYCE,M,10,0,3
PRYS,M,4,0,1
PRZEMYSLAW,M,44,0,15
PSALM,F,3,0,1
PUJAN,M,7,4,7
PUNEET,F,40,0,13
PUNIT,M,9,4,9
PURAN,M,3,0,1
PURDEY,F,54,0,18
PURDY,F,27,3,27
PURVA,F,3,0,1
PURVI,F,7,0,2
PUTERI,F,3,0,1
PYPER,F,78,0,26
QADAR,M,6,3,6
QADEER,M,10,4,10
QADIR,M,3,3,3
QAILAH,F,3,0,1
QAIM,M,6,0,2
QAMAR,F,18,0,6
QASID,M,3,0,1
QASSIM,M,25,4,25
QASWA,F,3,0,1
QAYLAH,F,15,0,5
QAYYIM,M,3,0,1
QENDRIM,M,3,3,3
QI,F,9,0,3
QI,M,44,0,15
QIAN,F,6,0,2
QIAN,M,3,0,1
QIAO,F,3,0,1
QIN,F,3,0,1
QING,F,13,0,4
QIRAAT,F,4,0,1
QIRAT,F,37,0,12
QUANG,M,3,3,3
QUASIM,M,3,3,3
QUAZI,M,4,4,4
QUDSIYAH,F,25,6,25
QUDUS,M,9,0,3
QUERIDA,F,3,0,1
QUIANNA,F,3,3,3
QUINCY,F,17,0,6
QUSAI,M,9,0,3
QUSAY,M,3,0,1
QUYNH,F,9,0,3
RAABIA,F,31,6,31
RAABIAH,F,21,3,21
RAABIYA,F,3,0,1
RAADHIYA,F,3,0,1
RAADHIYAH,F,3,0,1
RAADIYA,F,3,0,1
RAADIYAH,F,6,0,2
RAAFAY,M,10,0,3
RAAFE,M,3,0,1
RAAFI,M,9,0,3
RAAGA,F,5,0,2
RAAHI,F,7,0,2
RAAHIL,M,47,0,16
RAAHIM,M,28,0,9
RAAHIMA,F,6,0,2
RAAHUL,M,3,0,1
RAAID,M,6,0,2
RAAINA,F,10,0,3
RAAJ,M,3,0,1
RAAJAN,M,24,0,8
RAAJVEER,M,4,0,1
RAAKHI,F,3,0,1
RAAM,M,6,0,2
RAAMEEN,F,27,0,9
RAANIA,F,3,0,1
RAANIYA,F,3,0,1
RAAYA,F,3,0,1
RAAYAN,M,3,0,1
RAAZIA,F,3,0,1
RAB,M,6,0,2
RABAB,F,26,3,26
RABAIL,F,14,0,5
RABBI,M,6,0,2
RABBIA,F,4,4,4
RABEEA,F,7,0,2
RABEYA,F,3,0,1
RABI,M,6,0,2
RABIATOU,F,3,0,1
RABIHA,F,6,6,6
RABINA,F,3,3,3
RABIYAH,F,5,5,5
RABYA,F,3,3,3
RACHAL,F,7,7,7
RACHANA,F,3,0,1
RACHEL-LOUISE,F,3,0,1
RACHIT,M,3,0,1
RACHNA,F,6,3,6
RACIM,M,3,0,1
RACINE,F,3,3,3
RADA,F,4,0,1
RADHIA,F,3,0,1
RADHIYA,F,14,3,14
RADI,M,3,0,1
RADIKA,F,3,3,3
RADIYA,F,34,0,11
RADIYAH,F,69,6,69
RADLEY,M,93,0,31
RADOSLAVA,F,3,0,1
RADWA,F,16,0,5
RADYAH,F,3,0,1
RAE,M,18,3,18
RAEA,F,9,0,3
RAE-ANN,F,3,3,3
RAEANNA,F,6,3,6
RAED,M,34,0,11
RAEED,M,4,0,1
RAEEF,M,10,0,3
RA'EES,M,18,3,18
RAEESE,M,6,0,2
RAEF,M,88,0,29
RAEFE,M,4,0,1
RAEGAN,M,34,3,34
RAEIS,M,3,3,3
RAEL,M,9,4,9
RAELLE,F,7,0,2
RAEM,M,3,0,1
RAENA,F,15,0,5
RAEPH,M,3,0,1
RAEVEN,F,6,3,6
RAEYA,F,58,0,19
RAFA,M,23,0,8
RAFAAN,M,3,0,1
RAFAELS,M,4,0,1
RAFAN,M,37,0,12
RAFAT,M,10,4,10
RAFAY,M,132,3,132
RAFEE,M,27,0,9
RAFEEF,F,9,0,3
RAFEH,M,4,0,1
RAFEL,M,6,0,2
RAFF,M,7,0,2
RAFFAELA,F,3,3,3
RAFFAELLO,M,5,0,2
RAFFEY,M,4,0,1
RAFIAT,F,10,7,10
RAFID,M,4,0,1
RAFIDA,F,3,0,1
RAFIF,F,3,0,1
RAFIK,M,18,0,6
RAFIUL,M,10,0,3
RAFSAN,M,8,0,3
RAGAD,F,8,0,3
RAGAVI,F,10,3,10
RAGEN,F,3,3,3
RAGHAD,F,59,0,20
RAGHIB,M,3,3,3
RAGUL,M,3,3,3
RAHA,F,58,0,19
RAHAAN,M,6,0,2
RAHAF,F,127,0,42
RAHAIL,M,3,0,1
RAHANA,F,7,0,2
RAHAND,M,54,0,18
RAHATH,M,10,7,10
RAHBIA,F,3,3,3
RAHEEB,M,10,3,10
RAHEEN,F,6,0,2
RAHEES,M,40,6,40
RAHEESA,F,3,3,3
RAHEIM,M,57,0,19
RAHEL,F,33,3,33
RAHEL,M,5,0,2
RAHEMA,F,3,3,3
RAHENA,F,4,4,4
RAHI,F,8,0,3
RAHI,M,6,0,2
RAHIB,M,34,3,34
RAHID,M,3,3,3
RAHIEM,M,23,0,8
RAHIIMA,F,3,0,1
RAHIL,F,6,0,2
RAHIN,M,3,3,3
RAHINA,F,6,0,2
RAHMAAN,M,6,0,2
RAHMAH,F,111,5,111
RAHMAT,F,3,0,1
RAHMEEN,F,3,0,1
RAHMO,F,3,0,1
RAHMONE,M,3,0,1
RAHWA,F,3,0,1
RAIAH,F,3,0,1
RAIAN,M,4,0,1
RA'ID,M,8,0,3
RAIDA,F,6,0,2
RAIDAH,F,7,0,2
RAIENS,M,26,0,9
RAIFAH,F,4,0,1
RAIFE,M,206,6,206
RAIHA,F,21,0,7
RAIMA,F,86,3,86
RAIMAH,F,3,0,1
RAIMONDS,M,3,0,1
RAINER,M,10,3,10
RAINEY,F,9,0,3
RAISY,F,7,0,2
RAIVO,M,4,0,1
RAIYA,F,72,0,24
RAIYAAN,M,38,0,13
RAIYAH,F,11,0,4
RAIZEL,F,13,6,13
RAIZY,F,9,0,3
RAJAB,M,42,3,42
RAJAH,M,7,7,7
RAJAT,M,3,0,1
RAJEN,M,5,5,5
RAJI,M,3,0,1
RAJIB,M,10,7,10
RAJINA,F,3,3,3
RAJINDER,F,4,4,4
RAJKUMAR,M,3,0,1
RAJMINA,F,4,4,4
RAJNA,F,3,3,3
RAJNEET,F,6,6,6
RAJVI,F,10,0,3
RAJVINDER,M,9,3,9
RAJVIR,F,21,3,21
RAJWINDER,F,8,0,3
RAKAN,M,60,0,20
RAKAYA,F,3,3,3
RAKEB,F,10,0,3
RAKEEB,M,11,4,11
RAKHEE,F,7,7,7
RAKHI,F,15,6,15
RAKIN,M,26,6,26
RAKIYA,F,10,3,10
RAKIYAH,F,3,0,1
RAKSHA,F,11,4,11
RAKSHAN,M,9,0,3
RAKSHANA,F,9,0,3
RALFIE,M,72,0,24
RALFS,M,58,0,19
RALIAT,F,4,4,4
RALITSA,F,3,0,1
RALPHY,M,235,0,78
RALPHY-LEE,M,3,0,1
RALUCA,F,34,0,11
RAMAE,M,3,0,1
RAMAH,M,3,3,3
RAMAL,M,3,3,3
RAMANA,F,5,5,5
RAMANI,F,8,3,8
RAMARI,M,3,0,1
RAMARIO,M,3,0,1
RAMARNI,M,11,0,4
RAMATOULIE,F,34,0,11
RAMATU,F,3,3,3
RAMATULAI,F,9,0,3
RAMAYA,F,13,0,4
RAMEESA,F,23,0,8
RAMEESAH,F,59,0,20
RAMEEZA,F,3,0,1
RAMELL,M,9,0,3
RAMELLE,M,3,0,1
RAMESHA,F,8,3,8
RAMEY,M,3,0,1
RAMIA,F,13,0,4
RAMIAH,F,9,0,3
RAMIAH,M,4,0,1
RAMILA,F,3,0,1
RAMIN,M,77,6,77
RAMINA,F,6,0,2
RAMINTA,F,3,0,1
RAMIR,M,9,0,3
RAMIS,M,8,0,3
RAMIYAH,F,6,0,2
RAMLAH,F,36,0,12
RAMNEEK,F,43,3,43
RAMNIK,F,3,3,3
RAMSHAH,F,3,3,3
RAMTIN,M,12,0,4
RAMY,M,93,4,93
RAMYA,F,24,3,24
RAMYAR,M,6,0,2
RANAE,F,9,3,9
RANBIR,M,56,0,19
RAND,F,20,0,7
RANDA,F,42,3,42
RANDEEP,F,3,0,1
RANEE,F,3,0,1
RANEEM,F,80,3,80
RANEL,M,3,0,1
RANELL,M,25,0,8
RA'NELL,M,12,0,4
RANI,M,3,0,1
RANIYA,F,74,0,25
RANIYAH,F,64,0,21
RANJEET,M,9,6,9
RANJOT,M,6,0,2
RANNA,F,4,0,1
RANYAH,F,4,0,1
RAO,M,4,0,1
RAOUF,M,10,0,3
RAPHEAL,M,6,0,2
RAPHEL,M,9,0,3
RAQIB,M,14,0,5
RARES,M,87,0,29
RARESH,M,3,0,1
RAS,M,6,0,2
RASA,F,6,0,2
RASEEL,F,8,0,3
RASHAAD,M,20,6,20
RASHANE,M,3,0,1
RASHAUN,F,3,3,3
RASHAWN,M,20,3,20
RASHEDA,F,9,6,9
RASHEEDA,F,9,3,9
RASHEEDAT,F,4,4,4
RASHI,F,12,3,12
RASHIKA,F,3,0,1
RASHMA,F,3,3,3
RASHMIKA,F,3,0,1
RASIKA,F,3,0,1
RASNA,F,3,3,3
RASTISLAV,M,3,0,1
RASTY,M,3,0,1
RASUL,M,6,0,2
RATEEL,F,11,0,4
RATU,M,63,0,21
RAUMAAN,M,10,0,3
RAUNAK,M,26,0,9
RAURI,M,9,0,3
RAUSHAN,M,11,0,4
RAVDEEP,M,3,3,3
RAVEEN,M,6,0,2
RAVENNA,F,5,0,2
RAVJOT,M,6,0,2
RAVLEEN,F,34,0,11
RAVREET,F,4,0,1
RAVZA,F,3,0,1
RAWA,F,3,0,1
RAWA,M,34,0,11
RAWAAN,F,3,0,1
RAWAD,M,3,0,1
RAWAN,M,4,0,1
RAWAND,F,3,0,1
RAWAND,M,25,0,8
RAWAZ,M,6,0,2
RAWDA,F,7,0,2
RAWDAH,F,29,0,10
RAWDHA,F,6,0,2
RAWDON,M,6,0,2
RAWEN,M,15,0,5
RAWIA,F,3,0,1
RAYAAN,F,172,0,57
RAYAAN,M,610,3,610
RAYAH,F,114,3,114
RAYA-MAE,F,3,0,1
RAYANA,F,54,0,18
RAYANNA,F,33,6,33
RAYANSH,M,7,0,2
RAYCHEL,F,7,7,7
RAYCHELLE,F,3,3,3
RAYDAN,M,3,0,1
RAYDON,M,7,0,2
RAYEES,M,6,0,2
RAYEN,M,44,0,15
RAYGAN,F,3,0,1
RAYHAN,F,3,0,1
RAYHANAH,F,18,0,6
RAYIRTH,M,3,0,1
RAYLAN,M,12,0,4
RAYLEIGH,F,6,0,2
RAYMON,M,3,0,1
RAYN,F,3,0,1
RAYN,M,88,0,29
RAYNARD,M,3,0,1
RAYNE,M,59,0,20
RAYNIE,F,7,0,2
RAYON,M,52,5,52
RAYSA,F,3,0,1
RAYSHAWN,M,3,0,1
RAYSSA,F,9,0,3
RAYVEN,F,3,0,1
RAYVON,M,3,0,1
RAYYA,F,74,3,74
RAYYAAN,F,3,0,1
RAYYAAN,M,157,0,52
RAYYAH,F,3,0,1
RAYYAN,F,96,0,32
RAYYAN,M,2351,39,2351
RAYYANA,F,4,0,1
RAZAAN,F,8,0,3
RAZANE,F,3,0,1
RAZANNE,F,3,0,1
RAZEEN,M,9,3,9
RAZEENA,F,4,4,4
RAZEENAH,F,7,0,2
RAZI,M,9,0,3
RAZIK,M,3,0,1
RAZIKA,F,3,3,3
RAZNA,F,3,3,3
RAZVAN,M,44,0,15
RAZWANA,F,5,5,5
RE,M,6,0,2
READE,M,3,3,3
REAF,M,5,0,2
REAGEN,M,33,5,33
REAGON,M,9,0,3
REAM,F,6,0,2
REAN,M,3,0,1
REANA,F,8,3,8
REANNAH,F,14,6,14
REANNAN,F,5,5,5
REAVE,M,3,0,1
REBBEKAH,F,4,4,4
REBECCA-JADE,F,3,3,3
REBECCA-MAY,F,6,3,6
REBECCA-ROSE,F,8,0,3
REBWAR,M,3,0,1
RECEP,M,10,0,3
REDAS,M,3,0,1
REDD,F,3,0,1
REDHA,M,3,0,1
REDLEY,M,3,0,1
REDON,M,4,0,1
REDOUANE,M,3,0,1
REDVERS,M,6,3,6
REE,F,3,0,1
REEAN,M,6,0,2
REECE-JUNIOR,M,3,0,1
REEFE,M,3,0,1
REEHA,F,47,0,16
REEHAM,F,12,0,4
REEHAN,M,20,0,7
REENIE,F,72,0,24
REESA,F,6,0,2
REET,F,94,0,31
REETAL,F,4,0,1
REEVES,M,7,0,2
REEYAH,F,4,0,1
REEYAN,M,23,0,8
REFAEL,M,3,0,1
REFOEL,M,20,0,7
REGEN,M,8,3,8
REGGIE-JAMES,M,6,0,2
REGGIE-JAY,M,4,0,1
REGGIE-LEE,M,27,0,9
REGGIE-RAY,M,8,0,3
REGINAE,F,3,0,1
REHAB,F,13,0,4
REHAM,F,63,5,63
REHANNAH,F,3,0,1
REHEEM,M,6,0,2
REHEMA,F,7,0,2
REHMA,F,12,0,4
REHMAAN,M,7,0,2
REHMAT,F,21,0,7
REHNUMA,F,11,4,11
REHOBOTH,F,3,0,1
REHOBOTH,M,8,0,3
REIAN,M,7,0,2
REIGAN,M,25,6,25
REIGEN,M,3,0,1
REIGHAN,F,3,0,1
REILEY,M,42,0,14
REILLEY,M,6,0,2
REILLY,F,34,3,34
REILY,M,27,0,9
REINE,F,6,0,2
REINIS,M,4,0,1
REION,M,3,0,1
REISY,F,50,3,50
REIVA,F,4,0,1
REIYA,F,3,0,1
REIZEL,F,18,0,6
REIZY,F,7,0,2
REJA,F,3,0,1
REJAN,M,7,0,2
REJUS,M,30,0,10
REJWAN,M,12,6,12
REJWANA,F,3,3,3
REKA,F,32,0,11
REKAI,M,3,0,1
RE'KAI,M,3,0,1
REKAN,M,3,0,1
REKAR,M,4,0,1
REM,M,3,0,1
REMAI,M,7,0,2
REMAN,M,3,0,1
REMARIO,M,6,0,2
REMARNI,M,9,0,3
REMAY,M,4,0,1
REMAYA,F,36,0,12
REMAYAH,F,6,0,2
REMAZ,F,3,0,1
REMIAH,F,6,0,2
REMIAH,M,12,0,4
REMIEL,M,26,0,9
REMIGIUSZ,M,28,0,9
REMI-LEIGH,F,11,0,4
REMILEKUN,F,3,3,3
REMI-MAE,F,6,3,6
REMINGTON,F,3,0,1
REMIREZ,M,3,0,1
REMI-ROSE,F,3,0,1
REMIYAH,F,3,0,1
REMO,M,16,0,5
RENAEYAH,F,3,0,1
RENAIYA,F,3,0,1
RENALDAS,M,6,0,2
RENAN,M,5,0,2
RENARS,M,12,0,4
RENAT,M,3,0,1
RENATO,M,62,5,62
RENAYAH,F,15,0,5
RENAYE,F,16,0,5
RENDIJS,M,3,0,1
RENEL,M,7,0,2
RENELLE,F,9,6,9
RENELLE,M,6,0,2
RENESH,M,3,0,1
RENESMAE,F,37,0,12
RENESMAI,F,7,0,2
RENESMAY,F,14,0,5
RENESME,F,9,0,3
RENESMEE,F,99,0,33
RENEYA,F,7,0,2
RENEZMAE,F,7,0,2
RENEZMAI,F,4,0,1
RENGIN,F,3,0,1
RENI,M,3,0,1
RENIE,F,6,0,2
RENIECE,F,3,3,3
RENIS,M,6,0,2
RENITA,F,3,0,1
RENIYAH,F,3,0,1
RENN,F,3,0,1
RENNAE,F,19,0,6
RENNEL,M,3,0,1
RENNIE,M,3,0,1
RENWA,M,4,0,1
RENZ,M,3,0,1
RERELOLUWA,M,3,0,1
RESHA,F,6,0,2
RESHAM,F,9,6,9
RESHAUN,M,3,0,1
RESHMI,F,3,0,1
RESMA,F,3,3,3
RESUL,M,7,0,2
RETAAJ,F,3,0,1
RETAAL,F,3,0,1
RETAJ,F,58,0,19
RETAL,F,18,0,6
REUBEN-JAMES,M,9,0,3
REUBIN,M,10,0,3
REVAH,F,3,0,1
REWAN,M,16,0,5
REXFORD,M,4,0,1
REYAAN,M,34,0,11
REYAANSH,M,8,0,3
REYAN,F,14,3,14
REYAN,M,107,0,36
REYANA,F,3,0,1
REYANNE,F,3,3,3
REYANSH,M,131,0,44
REYHAN,M,80,0,27
REYHANA,F,50,0,17
REYNOLD,M,4,0,1
REYON,M,13,0,4
REYYAN,M,7,0,2
RHEMA,M,17,0,6
RHIANNA-MAE,F,3,0,1
RHIARNA,F,11,3,11
RHILEY,M,124,0,41
RHITIK,M,3,3,3
RHIYA,F,22,5,22
RHIYAN,M,7,0,2
RHOME,M,7,0,2
RHONAN,M,3,0,1
RHOSLYN,F,7,0,2
RHYANA,F,9,3,9
RHYANN,F,5,5,5
RHYDER,M,14,0,5
RHYLEE,F,4,0,1
RHYLEIGH,M,11,0,4
RHYLEY,M,156,3,156
RHYLIE,M,42,0,14
RHYZ,M,3,0,1
RIAAN,M,83,0,28
RIADEEP,F,3,0,1
RIAHANNA,F,6,0,2
RIA-MAY,F,4,0,1
RIANE,F,10,3,10
RIANNAH,F,28,6,28
RIBQAH,F,3,0,1
RICA,F,3,0,1
RICARDA,F,3,0,1
RICARDAS,M,3,0,1
RICARDS,M,30,0,10
RICH,M,3,0,1
RICHARDO,M,6,0,2
RICHIE-LEE,M,3,0,1
RICHY,M,3,0,1
RICKARDO,M,3,0,1
RICKY-JUNIOR,M,3,0,1
RICKYLEE,M,3,3,3
RICOH,M,3,0,1
RIDA,M,21,4,21
RIDAA,F,6,0,2
RIDAH,F,62,0,21
RIDAS,M,4,0,1
RIDHA,M,12,0,4
RIDHAAN,M,15,0,5
RIDHAM,M,6,0,2
RIDHIMA,F,30,0,10
RIDWAAN,M,104,3,104
RIDWANA,F,3,0,1
RIDWANAH,F,4,0,1
RIEGAN,M,10,4,10
RIELEY,M,4,0,1
RIELLE,F,9,0,3
RIELY,M,31,0,10
RIEN,M,23,0,8
RIFA,F,6,0,2
RIFAH,F,9,3,9
RIFAT,M,31,4,31
RIFKI,F,6,0,2
RIFKY,F,23,0,8
RIGBY,M,6,0,2
RIHA,F,12,0,4
RIHAAM,F,8,0,3
RIHAAN,M,10,0,3
RIHAANA,F,4,0,1
RIHAB,F,3,0,1
RIHAM,F,74,0,25
RIHAN,F,11,0,4
RIHANAH,F,3,0,1
RIHANAT,F,3,0,1
RIHANN,F,16,0,5
RIHANNA-MAI,F,5,0,2
RIHANNE,F,22,0,7
RIHARDS,M,10,0,3
RIISE,M,14,0,5
RIJA,F,15,5,15
RIJJA,F,40,0,13
RIK,M,7,0,2
RIKA,F,9,0,3
RIKAYA,F,3,3,3
RIKEN,M,3,3,3
RIKHIL,M,10,3,10
RIKIN,M,8,5,8
RIKITA,F,3,3,3
RILAN,M,3,0,1
RILEE,M,45,0,15
RILEIGH,F,26,0,9
RILEIGH,M,26,0,9
RILEY-,M,6,0,2
RILEY-DEAN,M,6,0,2
RILEY-GEORGE,M,3,0,1
RILEY-J,M,4,0,1
RILEY-JACK,M,15,0,5
RILEY-JAE,M,10,0,3
RILEY-JAI,M,27,0,9
RILEY-JAMES,M,241,0,80
RILEY-JAY,M,205,0,68
RILEY-JOE,M,50,0,17
RILEY-JOHN,M,22,0,7
RILEY-LEE,M,38,0,13
RILEY-MAE,F,3,0,1
RILEY-MASON,M,3,0,1
RILEY-PAUL,M,3,0,1
RILEY-RAY,M,8,0,3
RILEY-SCOTT,M,17,0,6
RILEY-THOMAS,M,12,0,4
RILIND,M,3,3,3
RILY,M,3,0,1
RIM,F,30,0,10
RIMAH,F,8,5,8
RIMAS,F,15,0,5
RIMI,F,3,0,1
RIMON,M,8,0,3
RINAD,F,17,0,6
RINAH,F,6,0,2
RINALDS,M,3,0,1
RINESA,F,21,0,7
RINI,F,3,0,1
RINNAH,F,6,0,2
RIOJA,F,3,3,3
RIO-JAMES,M,11,0,4
RIPA,F,3,3,3
RIPLEY,M,43,0,14
RIQUELME,M,7,0,2
RISAKO,F,6,6,6
RISH,M,3,0,1
RISHAAN,M,102,0,34
RISHAB,M,53,3,53
RISHAD,M,3,0,1
RISHANA,F,3,0,1
RISHANTH,M,3,0,1
RISHARN,M,3,0,1
RISHAV,M,6,0,2
RISHAY,M,3,0,1
RISHIKA,F,107,6,107
RISHIKESH,M,21,0,7
RISHIT,M,16,0,5
RISHITA,F,15,0,5
RISHITHA,F,3,0,1
RISHON,M,27,0,9
RITAJ,F,48,0,16
RITHIKA,F,60,0,20
RITHISH,M,8,0,3
RITHWIK,M,3,0,1
RITI,F,12,0,4
RITISHA,F,17,0,6
RITVI,F,3,0,1
RITVIK,M,36,0,12
RIVAAN,M,6,0,2
RIVAH,F,7,0,2
RIVAN,M,27,0,9
RIVEN,M,19,0,6
RIVER-LEIGH,F,4,0,1
RIVER-MAE,F,10,0,3
RIVER-ROSE,F,6,0,2
RIVERS,M,42,4,42
RIVIERA,F,3,0,1
RIVKY,F,49,0,16
RIYAAD,M,23,0,8
RIYAAN,F,50,0,17
RIYAAN,M,55,0,18
RIYADH,M,136,4,136
RIYADHUL,M,3,0,1
RIYADUL,M,3,0,1
RIYAH,F,61,3,61
RIYAN,F,124,0,41
RIYANA,F,72,0,24
RIYANNA,F,7,0,2
RIYANSH,M,3,0,1
RIYEN,M,6,0,2
RIYON,M,10,0,3
RIZA,F,3,0,1
RIZA,M,23,6,23
RJ,M,7,0,2
ROAA,F,7,0,2
ROARKE,M,10,4,10
ROBA,F,6,0,2
ROBAT,M,23,4,23
ROBERTAS,M,28,0,9
ROBERT-LEE,M,3,0,1
ROBERTS,M,74,0,25
ROBINSON,M,22,0,7
ROBLEH,M,3,0,1
ROBYN-RAE,F,3,0,1
ROC,M,3,0,1
ROCCO-LEE,M,3,0,1
ROCHAN,M,4,0,1
ROCIO,F,6,0,2
RODAINA,F,3,0,1
RODAS,F,9,0,3
RODELA,F,3,0,1
RODINA,F,15,0,5
ROEL,M,5,0,2
ROGEN,M,3,0,1
ROGUE,M,6,0,2
ROHAM,M,4,0,1
ROHANA,F,7,0,2
ROHAT,M,60,4,60
ROHEEL,M,7,7,7
ROHEY,F,10,0,3
ROHIL,M,10,4,10
ROHINA,F,4,4,4
ROHN,M,3,0,1
ROI,M,3,0,1
ROJ,M,6,0,2
ROJA,F,4,0,1
ROJAN,F,4,0,1
ROJBIN,F,3,0,1
ROJIN,F,129,0,43
ROJUS,M,68,0,23
ROKAYA,F,13,0,4
ROLAN,M,6,0,2
ROLANDA,F,3,0,1
ROLANDO,M,10,0,3
ROMA,M,16,0,5
ROMAAN,M,77,5,77
ROMAEO,M,7,0,2
ROMAHN,M,6,0,2
ROMAI,M,3,0,1
ROMAINE,F,3,3,3
ROMAINE,M,85,6,85
ROMAIO,M,6,0,2
ROMAISA,F,87,3,87
ROMAL,M,3,0,1
ROMANE,F,20,6,20
ROMANI,M,8,0,3
ROMANIE,F,64,4,64
ROMANII,F,3,0,1
ROMAN-JAMES,M,3,0,1
ROMAN-LEE,M,6,0,2
ROMANN,M,7,0,2
ROMANS,M,3,0,1
ROMANY-ROSE,F,4,0,1
ROMAO,M,10,0,3
ROMAR,M,9,0,3
ROMAREO,M,3,0,1
ROMARI,M,15,0,5
ROMARNI,M,6,0,2
ROMARNO,M,7,0,2
ROMAYA,F,8,0,3
ROMAYSA,F,16,0,5
ROMEE,F,8,0,3
ROMEESA,F,108,0,36
ROMELL,M,34,0,11
ROMELLE,M,3,0,1
ROMELLO,M,11,4,11
ROMELO,M,3,0,1
ROMEN,M,4,0,1
ROMESA,F,10,3,10
ROMIE,F,72,5,72
ROMIE,M,6,0,2
ROMILLIE,F,3,0,1
ROMIR,M,6,0,2
ROMOLA,F,3,0,1
ROMONE,M,3,0,1
ROMY,M,12,0,4
RONALDAS,M,8,0,3
RONALDINHO,M,7,0,2
RONAR,M,3,0,1
RONAV,M,33,0,11
RONAY,F,4,0,1
RONDA,F,3,0,1
RONEL,M,27,0,9
RONELA,F,5,0,2
RONELL,M,8,0,3
RONICA,F,4,0,1
RONIE,F,4,0,1
RONIK,M,4,0,1
RONIKA,F,19,0,6
RONIQUE,F,6,0,2
RONN,M,3,0,1
RONNELL,M,3,0,1
RONNI,M,22,0,7
RONNIE-GEORGE,M,3,0,1
RONNIE-JAMES,M,16,0,5
RONNIE-JAY,M,7,0,2
RONNIE-JUNIOR,M,4,0,1
RONNIE-LEE,M,36,0,12
RONNIE-LEIGH,F,10,0,3
RONNIE-MAE,F,5,0,2
RONNIE-MAY,F,8,0,3
RONNIE-RAY,M,10,0,3
RONNIE-ROSE,F,5,0,2
RONON,M,6,0,2
RONSON,M,6,0,2
RONY,M,3,0,1
ROOHI,F,3,0,1
ROOMANA,F,3,3,3
ROOP,M,14,0,5
ROOS,F,5,0,2
ROPAFADZO,F,15,0,5
RORAN,M,7,0,2
ROREY,M,34,0,11
RORI,F,4,0,1
RORY,F,12,0,4
RORY-JAMES,M,3,0,1
RORY-JAY,M,3,0,1
ROSABEL,F,33,0,11
ROSA-BELLA,F,3,0,1
ROSALEA,F,21,0,7
ROSA-LEA,F,3,0,1
ROSALEIGH,F,26,0,9
ROSA-LEIGH,F,10,0,3
ROSALIN,F,7,7,7
ROSALINA,F,35,0,12
ROSALINDA,F,9,0,3
ROSALINE,F,35,0,12
ROSALITA,F,3,0,1
ROSAMARIA,F,3,0,1
ROSARIA,F,13,0,4
ROSARIO,F,7,0,2
ROSEALIE,F,3,0,1
ROSE-ANN,F,7,0,2
ROSEANNAH,F,3,0,1
ROSE-ANNE,F,6,0,2
ROSELEEN,F,3,0,1
ROSE-LEIGH,F,3,0,1
ROSEMIN,F,3,3,3
ROSENA,F,3,0,1
ROSENWYN,F,3,0,1
ROSHA,F,8,0,3
ROSI,F,3,0,1
ROSIE-,F,6,0,2
ROSIE-ANN,F,28,0,9
ROSIE-ANNE,F,25,6,25
ROSIE-BELLE,F,3,0,1
ROSIE-GRACE,F,8,0,3
ROSIE-JANE,F,13,0,4
ROSIE-LEA,F,3,0,1
ROSIE-LEE,F,21,0,7
ROSIELEIGH,F,6,0,2
ROSIE-LEIGH,F,59,0,20
ROSIE-LOU,F,3,0,1
ROSIE-LOUISE,F,3,0,1
ROSIE-MAI,F,67,0,22
ROSIE-MARIE,F,17,0,6
ROSIE-RAE,F,3,0,1
ROSSANA,F,3,0,1
ROSSELLA,F,3,0,1
ROSTISLAV,M,3,0,1
ROUMAISSA,F,3,0,1
ROUX,F,26,0,9
ROWAYDA,F,3,0,1
ROXI-LEIGH,F,4,0,1
ROXY-LEIGH,F,8,0,3
ROYAL,M,13,0,4
ROYDON,M,3,0,1
ROYEM,M,3,0,1
ROZAN,F,6,0,2
ROZANA,F,3,0,1
ROZH,M,9,0,3
ROZY,F,3,0,1
RRON,M,12,4,12
RUBA,F,51,0,17
RUBAAB,F,3,0,1
RUBAB,F,27,0,9
RUBANI,F,3,0,1
RUBEE,F,70,3,70
RUBEENA,F,7,7,7
RUBENA,F,6,6,6
RUBEN-JAMES,M,7,0,2
RUBENS,M,35,0,12
RUBIA,F,3,3,3
RUBIE-LEIGH,F,19,0,6
RUBIE-LOUISE,F,3,0,1
RUBIE-MAE,F,27,0,9
RUBIE-MAI,F,6,0,2
RUBIE-MAY,F,3,0,1
RUBIE-ROSE,F,13,0,4
RUBI-MAE,F,11,0,4
RUBI-MAI,F,3,0,1
RUBINDER,F,4,0,1
RUBY,M,3,0,1
RUBY-,F,28,0,9
RUBYANN,F,17,0,6
RUBY-ANNA,F,3,0,1
RUBYANNE,F,7,0,2
RUBY-BLU,F,6,0,2
RUBY-ELLA,F,3,0,1
RUBY-ELLEN,F,4,0,1
RUBY-FAITH,F,3,0,1
RUBY-JADE,F,19,0,6
RUBY-JAI,F,6,0,2
RUBY-JANE,F,46,0,15
RUBY-JAYNE,F,21,0,7
RUBY-JEAN,F,58,0,19
RUBY-JO,F,87,0,29
RUBY-JUNE,F,3,0,1
RUBY-LEA,F,72,0,24
RUBYLEE,F,6,0,2
RUBY-LEE,F,75,0,25
RUBY-LEI,F,3,0,1
RUBYLEIGH,F,9,0,3
RUBY-LILLY,F,3,0,1
RUBY-LOU,F,99,0,33
RUBY-LOUISE,F,104,0,35
RUBY-MAI,F,190,0,63
RUBY-MARIE,F,46,0,15
RUBYMAY,F,3,0,1
RUBYN,M,15,0,5
RUBY-RAE,F,83,0,28
RUBYROSE,F,7,0,2
RUBY-ROSE,F,326,0,109
RUBY-SUE,F,15,0,5
RUBY-SUMMER,F,3,0,1
RUBY-TUESDAY,F,6,0,2
RUBY-VIOLET,F,3,0,1
RUCHA,F,11,0,4
RUCHEL,F,12,3,12
RUCHIKA,F,3,3,3
RUDAINA,F,3,0,1
RUDHRA,M,3,0,1
RUDIE,F,3,0,1
RUDINA,F,3,0,1
RUDO,F,6,0,2
RUDR,M,4,0,1
RUDRA,F,3,0,1
RUDRAKSH,M,3,0,1
RUDRANSH,M,5,0,2
RUDWAN,M,3,0,1
RUDY,F,14,0,5
RUEBAN,M,19,0,6
RUEBEN-JAMES,M,3,0,1
RUEL,M,19,4,19
RUFAEL,M,4,0,1
RUFAIDA,F,8,0,3
RUFAIDAH,F,8,0,3
RUFARO,F,36,0,12
RUFARO,M,3,0,1
RUFAYDAH,F,3,0,1
RUHAB,F,3,0,1
RUHAMA,F,14,0,5
RUHANI,F,25,0,8
RUHEE,F,6,3,6
RUHINA,F,6,0,2
RUHMA,F,7,0,2
RUKAIYAH,F,4,4,4
RUKAYAH,F,9,0,3
RUKAYAT,F,17,4,17
RUKAYYA,F,8,5,8
RUKEN,F,3,0,1
RUKIYE,F,6,0,2
RUKSAAR,F,5,5,5
RUMAAN,F,9,0,3
RUMAAN,M,15,3,15
RUMAANA,F,6,6,6
RUMAISAH,F,34,0,11
RUMAITHAH,F,10,0,3
RUMAN,F,8,0,3
RUMANAH,F,7,7,7
RUMAYSAA,F,27,0,9
RUMAYSAH,F,146,3,146
RUMBIDZAI,F,21,0,7
RUMEISA,F,3,0,1
RUMESA,F,3,0,1
RUMEYSA,F,39,3,39
RUMI,M,28,0,9
RUMMANAH,F,22,3,22
RUO,F,40,0,13
RUOXI,F,5,0,2
RUQAIYYA,F,6,0,2
RUQAIYYAH,F,11,3,11
RUQIA,F,10,0,3
RUQIYAH,F,9,0,3
RUQQAYA,F,6,0,2
RUQQAYAH,F,13,0,4
RUSHANE,M,17,4,17
RUSHIKA,F,5,0,2
RUSHNA,F,3,0,1
RUSNE,F,35,0,12
RUSSELL-JAMES,M,3,0,1
RUSTAM,M,30,0,10
RUT,F,13,0,4
RUTENDO,F,79,0,26
RUTVI,F,4,0,1
RUVARASHE,F,87,0,29
RUVIMBO,F,43,0,14
RUWAIDAH,F,5,0,2
RUWAN,M,3,0,1
RUWAYDA,F,152,4,152
RUWAYDAH,F,23,0,8
RUZENA,F,3,0,1
RYAAN,M,107,0,36
RYAD,M,13,0,4
RYAN,F,21,6,21
RYAN-JUNIOR,M,6,0,2
RYANLEE,M,3,0,1
RYANN,M,15,3,15
RYANVEER,M,3,0,1
RYDAL,M,3,0,1
RYDAN,M,7,0,2
RYDEN,M,42,0,14
RYDER,M,512,4,512
RYELL,M,4,0,1
RYEN,M,3,0,1
RYHANA,F,3,0,1
RYHANNA,F,17,0,6
RYLAND,M,58,4,58
RYLE,M,7,0,2
RYLEA,F,13,0,4
RYLEA,M,16,0,5
RYLEE,F,165,0,55
RYLEE-JAMES,M,4,0,1
RYLEE-JAY,M,5,0,2
RYLEI,F,3,0,1
RYLEI,M,6,0,2
RYLEN,M,14,0,5
RYLEY,F,44,6,44
RYLEY-JAMES,M,3,0,1
RYLEY-JAY,M,3,0,1
RYLI,M,3,0,1
RYLIE,F,126,0,42
RYLY,M,4,0,1
RYM,F,19,0,6
RYNAD,F,3,0,1
RYOMA,M,3,0,1
RYON,M,7,0,2
RYVER,F,3,0,1
RYYAN,M,4,0,1
SAABIR,M,48,0,16
SAABIRIN,F,3,0,1
SAACHI,F,92,3,92
SAACHI,M,3,0,1
SA'AD,M,90,5,90
SAADA,F,11,0,4
SAADI,M,8,0,3
SAADIA,F,98,37,98
SAADIAH,F,3,3,3
SAADIQ,M,9,0,3
SAADIYA,F,8,0,3
SAADIYAH,F,9,9,9
SAAHIBAH,F,4,4,4
SAAHIL,M,124,6,124
SAAHIR,M,38,3,38
SAAHIRAH,F,3,3,3
SAAID,M,3,0,1
SAAIM,M,54,0,18
SAAIMA,F,6,0,2
SAAIMAH,F,16,3,16
SAAIRAH,F,8,0,3
SAAJAN,M,46,24,46
SAAJID,M,12,0,4
SAALEHA,F,9,0,3
SAALIH,M,28,0,9
SAALIHA,F,106,5,106
SAALIHAH,F,69,8,69
SAAM,M,43,3,43
SAAMI,M,35,0,12
SAAMIA,F,17,4,17
SAAMIR,M,6,0,2
SAAMIYA,F,33,0,11
SAAMIYAH,F,8,0,3
SAAN,M,3,0,1
SAANA,F,3,3,3
SAANIA,F,15,6,15
SAANIYA,F,7,0,2
SAANIYAH,F,3,0,1
SAANVI,F,320,0,107
SAANVIKA,F,11,0,4
SAANYA,F,6,3,6
SAAQIB,M,11,7,11
SAARA,F,479,46,479
SAARAA,F,3,3,3
SAARAH,F,884,180,884
SAARIM,M,13,0,4
SAARIYAH,F,10,0,3
SAARRAH,F,3,3,3
SAATHANA,F,3,0,1
SAATHVIK,M,3,0,1
SAATVIK,M,11,0,4
SAAVAN,M,17,3,17
SAAVI,F,3,0,1
SAAYA,F,3,0,1
SABA,M,3,0,1
SABAA,F,120,32,120
SABAAH,F,25,16,25
SABANA,F,3,3,3
SABARIN,F,10,0,3
SABEEH,M,17,0,6
SABEEHA,F,72,14,72
SABEEHAH,F,27,9,27
SABEEKA,F,28,0,9
SABEEL,M,35,11,35
SABEELA,F,7,7,7
SABEEN,F,62,8,62
SABEENA,F,14,3,14
SABEEQA,F,5,0,2
SABEER,M,3,0,1
SABEERA,F,3,0,1
SABELLA,F,20,0,7
SABENA,F,10,6,10
SABER,M,18,0,6
SABERA,F,13,3,13
SABHA,F,96,63,96
SABIA,F,61,36,61
SABIAH,F,6,0,2
SABIAN,M,65,6,65
SABIH,M,6,0,2
SABILA,F,4,0,1
SABIN,M,17,3,17
SABIRIIN,F,6,0,2
SABIRIN,F,57,0,19
SABIYAH,F,3,0,1
SABOOR,M,10,0,3
SABRENA,F,8,0,3
SABRIIN,F,3,0,1
SABRIYA,F,10,3,10
SABRIYAH,F,21,0,7
SACARIO,M,3,0,1
SACHELLE,F,3,3,3
SACHIT,M,4,0,1
SACHITH,M,3,0,1
SACHLEEN,F,9,0,3
SACHPREET,F,6,0,2
SADA,F,7,0,2
SADAN,F,10,0,3
SADAQ,M,3,0,1
SADAQAT,M,3,3,3
SADDIQ,M,3,0,1
SADEED,M,4,0,1
SADEEL,F,4,0,1
SADEEM,F,3,0,1
SADEKA,F,5,5,5
SADHBH,F,27,0,9
SADHIA,F,3,3,3
SADIE-GRACE,F,3,0,1
SADIE-LEIGH,F,6,0,2
SADIE-MAE,F,13,0,4
SADIE-MAY,F,12,4,12
SADIE-RAE,F,5,0,2
SADIE-ROSE,F,9,0,3
SADIK,M,12,3,12
SADIKUR,M,4,4,4
SADIQA,F,21,3,21
SADIQAH,F,21,4,21
SADIQUL,M,3,3,3
SADIQUR,M,4,4,4
SADIYA,F,257,55,257
SADIYAH,F,307,83,307
SADIYYA,F,6,6,6
SADUF,F,3,3,3
SADYA,F,5,0,2
SAE,F,6,3,6
SAED,M,19,3,19
SAEED,M,358,91,358
SAEEDA,F,68,15,68
SAEEDAH,F,11,0,4
SAEEM,M,6,3,6
SAEMA,F,3,0,1
SAESHA,F,7,0,2
SAFA,F,3299,218,3299
SAFA,M,3,0,1
SAFAL,M,25,0,8
SAFANA,F,3,3,3
SAFEENA,F,40,17,40
SAFEENAH,F,3,0,1
SAFEER,M,34,11,34
SAFEERA,F,3,0,1
SAFEERAH,F,14,0,5
SAFEEYA,F,8,0,3
SAFEEYAH,F,6,0,2
SAFFA,F,257,17,257
SAFFAH,F,100,3,100
SAFFANAH,F,10,0,3
SAFFI,F,34,0,11
SAFFIA,F,126,19,126
SAFFIE,F,35,0,12
SAFFIR,F,11,0,4
SAFFIRA,F,4,0,1
SAFFIRE,F,34,0,11
SAFFIYA,F,139,12,139
SAFFIYAH,F,137,13,137
SAFFIYYAH,F,6,0,2
SAFHA,F,6,0,2
SAFI,F,24,3,24
SAFI,M,57,3,57
SAFIAH,F,32,6,32
SAFIATOU,F,4,0,1
SAFIN,M,6,0,2
SAFIRE,F,6,0,2
SAFIULLAH,M,20,0,7
SAFIYAN,M,3,0,1
SAFIYO,F,3,0,1
SAFIYYA,F,221,34,221
SAFOORA,F,37,0,12
SAFOORAH,F,23,0,8
SAFRAZ,M,6,0,2
SAFREEN,F,12,0,4
SAFURA,F,9,3,9
SAFURAH,F,3,0,1
SAFWA,F,6,0,2
SAFWAAN,M,200,42,200
SAFWANA,F,7,0,2
SAFYA,F,3,0,1
SAFYAAN,M,28,6,28
SAFYAN,M,67,30,67
SAGA,F,10,0,3
SAGANA,F,3,0,1
SAGE,M,34,0,11
SAHA,F,8,0,3
SAHAANA,F,9,0,3
SAHAD,M,3,0,1
SAHAIR,F,4,0,1
SAHAJ,M,24,0,8
SAHAJDEEP,M,3,0,1
SAHAM,F,6,0,2
SAHAN,M,13,0,4
SAHANA,F,180,10,180
SAHAND,M,70,3,70
SAHARAH,F,10,4,10
SAHARSH,M,6,0,2
SAHAS,M,5,0,2
SAHASRA,F,56,0,19
SAHD,M,4,0,1
SAHEB,M,3,0,1
SAHEEL,M,10,7,10
SAHEIM,M,9,0,3
SAHEJ,F,13,0,4
SAHEJ,M,16,3,16
SAHEL,M,42,0,14
SAHERA,F,5,5,5
SAHIB,F,30,0,10
SAHIB,M,468,40,468
SAHIBA,F,120,37,120
SAHIBAH,F,3,0,1
SAHIBDEEP,M,23,0,8
SAHIBJEET,M,3,0,1
SAHIBJOT,M,29,0,10
SAHIBPREET,M,3,0,1
SAHIBVEER,M,3,0,1
SAHIBVIR,M,3,0,1
SAHIBZADA,M,3,0,1
SAHID,M,28,8,28
SAHIDA,F,7,0,2
SAHILL,M,9,0,3
SAHIM,M,7,0,2
SAHIMA,F,17,11,17
SAHIN,M,37,10,37
SAHIR,M,145,19,145
SAHIRA,F,74,26,74
SAHL,M,19,0,6
SAHLA,F,13,0,4
SAHR,M,33,15,33
SAHRA,F,367,70,367
SAHRISH,F,8,8,8
SAHUR,F,3,0,1
SAI,F,87,0,29
SAIDAH,F,10,0,3
SAIDOU,M,3,0,1
SAIEM,M,3,0,1
SAIFA,F,26,0,9
SAIFAAN,M,10,0,3
SAIFALI,M,3,3,3
SAIF-ALI,M,3,0,1
SAIFAN,M,84,0,28
SAIFUL,M,59,18,59
SAIFULLAH,M,184,14,184
SAIF-ULLAH,M,9,0,3
SAIFUR,M,24,19,24
SAIHAAN,M,61,3,61
SAIHAJ,M,11,0,4
SAIHAJLEEN,F,4,0,1
SAIHAN,M,6,0,2
SAIHOU,M,11,0,4
SAIKOU,M,19,0,6
SAILOR,F,13,0,4
SAIMAH,F,140,31,140
SAIMON,M,17,0,6
SAIMONAS,M,13,0,4
SAINA,F,37,0,12
SAINABOU,F,33,0,11
SAINTHAVI,F,3,0,1
SAIQA,F,17,14,17
SAIRISH,F,26,23,26
SAISH,M,10,0,3
SAISHA,F,77,7,77
SAIYA,F,34,0,11
SAIYAM,M,3,0,1
SAIYAN,M,14,0,5
SAIYARA,F,3,3,3
SAIYEDA,F,3,0,1
SAJA,F,104,4,104
SAJAD,M,57,24,57
SAJAL,F,6,0,2
SAJAN,M,92,23,92
SAJANA,F,12,0,4
SAJDA,F,4,4,4
SAJDAH,F,3,0,1
SAJED,M,13,0,4
SAJEDA,F,36,19,36
SAJEEL,M,20,11,20
SAJEEV,M,3,0,1
SAJIDA,F,167,43,167
SAJIDAH,F,68,15,68
SAJIDUR,M,3,0,1
SAJITH,M,6,0,2
SAJJAD,M,97,22,97
SAJJAN,M,18,0,6
SAJMON,M,9,0,3
SAJNI,F,8,4,8
SAKARA,F,3,0,1
SAKARIA,M,17,3,17
SAKARIYA,M,60,6,60
SAKARIYE,M,53,9,53
SAKEENA,F,120,12,120
SAKEENAH,F,37,0,12
SAKETH,M,10,0,3
SAKI,F,11,4,11
SAKIB,M,120,39,120
SAKINA,F,424,63,424
SAKINAH,F,139,20,139
SAKO,M,3,0,1
SAKSHAM,M,15,0,5
SAKSHI,F,33,3,33
SAKURA,F,123,0,41
SALAAH,M,3,0,1
SALAAR,M,28,0,9
SALAHADIN,M,3,0,1
SALAHUDDEEN,M,4,0,1
SALAHUDDIN,M,200,6,200
SALAH-UDDIN,M,3,0,1
SALAHUDEEN,M,64,0,21
SALAHUDIN,M,29,0,10
SALAM,M,3,3,3
SALAR,M,29,3,29
SALEEHA,F,10,0,3
SALEEMA,F,10,7,10
SALEEMAH,F,4,0,1
SALEHAH,F,3,0,1
SALEISHA,F,5,0,2
SALEM,F,24,0,8
SALENA,F,38,3,38
SALHA,F,7,0,2
SALIA,F,6,6,6
SALIAH,F,3,3,3
SALIEU,M,3,0,1
SALIMAH,F,14,4,14
SALIMATOU,F,3,0,1
SALLAH,M,3,3,3
SALMAA,F,7,4,7
SALMAH,F,23,3,23
SALMO,F,3,0,1
SALOMEA,F,6,0,2
SALOMEIA,F,3,0,1
SALOMON,M,6,0,2
SALSABEEL,F,29,0,10
SALSABIL,F,39,6,39
SALUM,M,3,0,1
SAMA,F,299,15,299
SAMAA,F,71,0,24
SAMAAD,M,9,0,3
SAMAAH,F,10,0,3
SAMAD,M,202,51,202
SAMAH,F,305,56,305
SAMAHER,F,3,3,3
SAMAIYA,F,3,0,1
SAMAN,F,130,37,130
SAMAN,M,37,11,37
SAMANA,F,3,0,1
SAMANDA,F,3,3,3
SAMANTA,F,305,7,305
SAMANTHA-JAYNE,F,6,6,6
SAMANVI,F,9,0,3
SAMARAH,F,103,0,34
SAMARBIR,M,3,0,1
SAMARDEEP,M,4,0,1
SAMARITEANCA,F,4,0,1
SAMARJOT,M,3,0,1
SAMARPREET,F,4,0,1
SAMARPREET,M,3,0,1
SAMARRA,F,3,0,1
SAMARVIR,M,9,0,3
SAMATAR,M,34,13,34
SAMAY,M,45,0,15
SAMAYA,F,72,3,72
SAMBA,F,3,0,1
SAMBA,M,10,0,3
SAMBHAV,M,3,0,1
SAMBOR,M,3,0,1
SAMED,M,19,0,6
SAMEEA,F,3,3,3
SAMEEAH,F,14,0,5
SAMEED,M,9,3,9
SAMEEHA,F,304,13,304
SAMEEKSHA,F,4,0,1
SAMEEM,M,7,0,2
SAMEEN,F,55,15,55
SAMEEN,M,3,0,1
SAMEENA,F,85,35,85
SAMEENAH,F,9,0,3
SAMEERAH,F,82,14,82
SAMEET,M,6,6,6
SAMEEYA,F,7,3,7
SAMEH,M,13,4,13
SAMENA,F,3,3,3
SAMER,F,4,4,4
SAMER,M,73,14,73
SAMERA,F,152,72,152
SAMERAH,F,6,6,6
SAMESH,M,3,0,1
SAMET,M,65,3,65
SAMEUL,M,7,0,2
SAMEYA,F,14,0,5
SAMHA,F,4,4,4
SAMHITA,F,11,0,4
SAMHITHA,F,6,0,2
SAMIAH,F,98,26,98
SAMIAT,F,10,0,3
SAMIE,M,28,10,28
SAMIH,M,49,3,49
SAMIHAH,F,40,17,40
SAMIIRA,F,17,0,6
SAMIK,M,10,0,3
SAMIKA,F,6,0,2
SAMIKSHA,F,19,0,6
SAMIM,M,30,0,10
SAMIN,F,6,0,2
SAMIN,M,32,7,32
SAMIP,M,3,0,1
SAMIT,M,23,3,23
SAMI-UL,M,9,0,3
SAMIULLAH,M,50,0,17
SAMI-ULLAH,M,3,0,1
SAMIUR,M,16,3,16
SAMIYA,F,522,101,522
SAMIYAH,F,312,64,312
SAMM,M,3,3,3
SAMMA,F,8,0,3
SAMMAN,F,3,3,3
SAMMAN,M,3,0,1
SAMMAR,F,6,0,2
SAMMER,M,3,0,1
SAMMIA,F,3,0,1
SAMMIE-JO,F,26,6,26
SAMMI-JO,F,20,9,20
SAMMYA,F,3,3,3
SAMMYJO,F,3,3,3
SAMRAAJ,M,6,0,2
SAMRAAT,M,7,0,2
SAMRAJ,M,128,30,128
SAMRAN,M,12,6,12
SAMRAT,M,14,0,5
SAMRATH,M,30,0,10
SAMRAWIT,F,7,0,2
SAMREEN,F,141,29,141
SAMREET,F,28,0,9
SAMRIDDHI,F,6,0,2
SAMRIDHI,F,3,0,1
SAMSAM,F,47,5,47
SAMUELA,F,22,0,7
SAMUEL-JAMES,M,21,5,21
SAMUELL,M,3,3,3
SAMUELLA,F,24,0,8
SAMVEER,M,3,0,1
SAMYAN,M,3,0,1
SAMYAR,M,10,0,3
SAMYOG,M,3,0,1
SAMYUKTHA,F,21,0,7
SAN,M,76,0,25
SANA,M,3,3,3
SANAAH,F,11,4,11
SANAD,M,56,0,19
SANAIYA,F,3,0,1
SANAN,M,3,0,1
SANAV,M,5,0,2
SANAYA,F,104,0,35
SANAYAH,F,8,0,3
SANAZ,F,3,0,1
SANCHA,F,14,4,14
SANCHIA,F,81,34,81
SANCHIT,M,3,0,1
SANCIA,F,12,0,4
SANDEEP,F,103,45,103
SANDEEP,M,160,79,160
SANDER,M,33,3,33
SANDHYA,F,16,7,16
SANDI,F,12,0,4
SANDILE,M,3,0,1
SANDIP,F,3,3,3
SANDIP,M,5,5,5
SANDIS,M,3,0,1
SANDOR,M,13,0,4
SANEESH,M,3,0,1
SANEL,F,3,0,1
SANEL,M,3,0,1
SANEM,F,3,0,1
SANG,M,4,0,1
SANGAVI,F,3,0,1
SANIAH,F,17,0,6
SANIHA,F,3,0,1
SANIJA,F,3,0,1
SANIKA,F,41,0,14
SANIL,M,6,0,2
SANIYYA,F,16,0,5
SANJEEDA,F,8,0,3
SANJEET,F,3,3,3
SANJEEVAN,M,18,6,18
SANJIT,M,17,6,17
SANJITH,M,3,0,1
SANJOG,M,3,0,1
SANJU,M,3,0,1
SANKALP,M,3,0,1
SANKAVI,F,6,0,2
SANNE,F,9,0,3
SANSKRITI,F,12,0,4
SANTA,F,6,0,2
SANTAE,F,3,0,1
SANTANA,M,18,5,18
SANTANNA,F,15,0,5
SANTHIYA,F,3,0,1
SANTHOSH,M,60,3,60
SANTHYA,F,3,0,1
SANTI,M,8,0,3
SANTINA,F,9,3,9
SANTO,M,3,0,1
SANTOS,M,23,0,8
SANULI,F,3,0,1
SANUSI,M,3,0,1
SANUTHI,F,9,0,3
SANVI,F,138,0,46
SANVIKA,F,4,0,1
SANVIR,M,3,3,3
SANYAH,F,3,0,1
SAOOD,M,4,0,1
SAPHINA,F,12,6,12
SAPHIR,F,3,0,1
SAPHORA,F,3,0,1
SAPHYRE,F,6,0,2
SAPPHIRE-ROSE,F,22,0,7
SARAA,F,3,0,1
SARAFINA,F,10,4,10
SARAH-,F,6,3,6
SARAH-ANNE,F,12,6,12
SARAH-BETH,F,3,3,3
SARAH-LOU,F,3,0,1
SARAH-MAY,F,6,0,2
SARAI,F,141,6,141
SARAIYA,F,8,0,3
SARAIYAH,F,3,0,1
SARA-JANE,F,5,5,5
SARA-JAYNE,F,9,3,9
SARAM,M,3,0,1
SARANG,F,3,0,1
SARAVANAN,M,3,0,1
SARAYAH,F,34,0,11
SARAYU,F,17,0,6
SARBJEET,M,3,3,3
SARBJIT,F,3,0,1
SARBJIT,M,6,6,6
SARE,F,7,0,2
SAREEN,F,9,0,3
SAREM,M,3,0,1
SARENNA,F,3,0,1
SAREYA,F,4,0,1
SARIM,M,191,0,64
SARINAH,F,20,0,7
SARISHA,F,19,0,6
SARIYA,F,19,0,6
SARIYAH,F,48,0,16
SARJAN,M,9,3,9
SARJUN,M,3,3,3
SARLOTA,F,9,0,3
SARLOTE,F,7,0,2
SARMAD,M,47,5,47
SARO,M,3,0,1
SARON,F,105,6,105
SAROOP,F,13,3,13
SAROSH,F,4,0,1
SARP,M,3,0,1
SARRAH,F,26,6,26
SARRINA,F,3,0,1
SARRINAH,F,138,0,46
SARTAAJ,M,10,0,3
SARTAJ,M,53,0,18
SARTHAK,M,34,0,11
SARUJAN,M,10,0,3
SARUNAS,M,3,0,1
SARVAN,M,4,0,1
SARVESH,M,16,0,5
SARWA,F,3,0,1
SARYA,F,18,0,6
SASAN,M,3,0,1
SASHA-MAE,F,3,0,1
SASHI,F,3,0,1
SASHKA,F,6,6,6
SASHVIN,M,7,0,2
SASKA,F,3,3,3
SASSI,F,3,0,1
SASWIN,M,7,0,2
SATBIR,M,3,3,3
SATHUSAN,M,3,0,1
SATHVIKA,F,5,0,2
SATINDER,M,3,0,1
SATINE,F,15,0,5
SATPAL,M,6,6,6
SATPREET,F,3,0,1
SATSUKI,F,4,0,1
SATVEER,M,9,6,9
SATVIR,M,5,0,2
SATWINDER,M,9,3,9
SATYA,F,9,0,3
SATYAM,M,3,0,1
SAUDA,F,18,0,6
SAUGAT,M,7,0,2
SAULE,F,100,0,33
SAUMYA,F,24,0,8
SAUMYA,M,3,0,1
SAVA,F,7,0,2
SAVAIN,M,3,0,1
SAVAIRA,F,4,0,1
SAVAN,F,3,0,1
SAVANNAH-GRACE,F,3,0,1
SAVANNAH-LEIGH,F,9,0,3
SAVANNAH-LOUISE,F,3,0,1
SAVANNAH-MAI,F,4,0,1
SAVANNAH-RAE,F,7,0,2
SAVANNAH-ROSE,F,56,0,19
SAVANNA-ROSE,F,7,0,2
SAVARNA,F,3,0,1
SAVAS,M,9,6,9
SAVERAH,F,7,0,2
SAVIA,F,9,0,3
SAVINA,F,26,3,26
SAVIO,M,52,0,17
SAVIRA,F,3,0,1
SAVO,F,3,0,1
SAVRAAJ,M,3,0,1
SAVVA,M,10,0,3
SAVYA,M,3,0,1
SAWAN,M,6,6,6
SAWDA,F,54,4,54
SAWDAH,F,67,5,67
SAWERA,F,29,0,10
SAWSAN,F,23,0,8
SAYAAM,M,7,0,2
SAYAM,M,16,0,5
SAYAN,M,43,0,14
SAYANA,F,3,0,1
SAYDA,F,8,0,3
SAYDEE,F,3,0,1
SAYEF,M,3,0,1
SAYEM,M,13,0,4
SAYER,M,3,0,1
SAYF,M,51,6,51
SAYFUL,M,10,5,10
SAYFULLAH,M,9,0,3
SAYHAAN,M,6,0,2
SAYHAN,M,50,0,17
SAYIDA,F,3,0,1
SAYIM,M,3,0,1
SAYLA,F,3,0,1
SAYNAB,F,44,0,15
SAYON,M,3,0,1
SAYSHA,F,3,0,1
SAYYAM,M,9,0,3
SAYYEDA,F,19,3,19
SAYYID,M,35,6,35
SAYYIDA,F,15,0,5
SAYYIDAH,F,22,0,7
SCARLA,F,3,0,1
SCARLET-LOUISE,F,3,0,1
SCARLET-ROSE,F,95,0,32
SCARLETT-ANN,F,3,0,1
SCARLETT-ANNE,F,3,0,1
SCARLETTE-ROSE,F,16,0,5
SCARLETT-GRACE,F,23,0,8
SCARLETT-JADE,F,3,0,1
SCARLETT-JANE,F,3,0,1
SCARLETT-LEA,F,3,0,1
SCARLETT-LEIGH,F,8,0,3
SCARLETT-LILLY,F,8,0,3
SCARLETT-LILY,F,6,0,2
SCARLETT-LOUISE,F,42,0,14
SCARLETT-MAE,F,41,0,14
SCARLETT-MAI,F,4,0,1
SCARLETT-MARIE,F,26,0,9
SCARLETT-MAY,F,19,0,6
SCARLETT-OLIVIA,F,7,0,2
SCARLETT-RAE,F,24,0,8
SCARLOTT,F,16,0,5
SCHYLER,F,3,0,1
SCOTT-LEE,M,3,0,1
SE,M,18,0,6
SEAN-JUNIOR,M,3,0,1
SEANPAUL,M,6,0,2
SEAN-PAUL,M,13,0,4
SEBA,F,8,0,3
SEBASTIAAN,M,29,3,29
SEBASTIANS,M,3,0,1
SEBASTIAO,M,8,0,3
SEBASTION,M,3,0,1
SEDANUR,F,3,0,1
SEDEF,F,16,0,5
SEDONA,F,10,3,10
SEELEY,M,24,0,8
SEEMAB,F,3,0,1
SEENA,F,3,0,1
SEERAT,F,118,3,118
SEETA,F,3,0,1
SEFA,M,21,3,21
SEFORA,F,57,4,57
SEHAJ,F,37,0,12
SEHAJ,M,40,0,13
SEHAJDEEP,M,9,0,3
SEHAJPREET,F,19,0,6
SEHAJPREET,M,4,0,1
SEHAJVEER,M,6,0,2
SEHAM,F,10,0,3
SEHEJ,F,10,0,3
SEHEJ,M,10,0,3
SEHREEN,F,6,6,6
SEIM,M,3,0,1
SEIRIAN,F,6,0,2
SEKINAT,F,3,3,3
SEKOU,M,34,0,11
SELAH,F,7,0,2
SELAM,F,10,4,10
SELASE,M,3,0,1
SELCUK,M,3,3,3
SELDA,F,3,0,1
SELIHOM,F,18,0,6
SELIKEM,F,3,0,1
SELINAY,F,4,0,1
SELORM,M,10,0,3
SELVI,F,11,0,4
SELWYN,M,26,3,26
SEM,M,15,0,5
SEMANUR,F,6,0,2
SEMHAR,F,3,3,3
SEMIRA,F,13,0,4
SEN,F,9,0,3
SEN,M,6,0,2
SENA,M,22,0,7
SENADA,F,3,3,3
SENARA,F,29,3,29
SENAY,M,21,0,7
SENEL,F,11,0,4
SENEM,F,10,6,10
SENER,M,3,3,3
SENNAN,M,3,0,1
SENNEN,M,97,0,32
SENON,M,6,0,2
SENTHOORAN,M,3,3,3
SENUKA,M,3,0,1
SENULI,F,17,0,6
SENYO,M,6,0,2
SEO,F,5,0,2
SEON,M,9,3,9
SERAFIM,M,7,0,2
SERAIAH,F,7,0,2
SERAJ,M,15,0,5
SERAN,M,3,0,1
SERAPHIM,M,3,0,1
SERAYA,F,39,3,39
SERAYAH,F,13,0,4
SERCAN,M,9,3,9
SERDAR,M,10,4,10
SEREF,M,3,0,1
SEREL,F,3,0,1
SERENAH,F,3,0,1
SEREN-GRACE,F,3,0,1
SEREN-HAF,F,9,0,3
SEREN-LOUISE,F,4,0,1
SERENNA,F,100,0,33
SEREN-RAE,F,3,0,1
SEREN-ROSE,F,6,0,2
SEREYA,F,3,0,1
SERGIU,M,3,0,1
SERGIUSZ,M,3,0,1
SERI,F,7,0,2
SERIAH,F,3,0,1
SERIGNE,M,3,0,1
SERIN,F,34,6,34
SERINE,F,63,0,21
SERPIL,F,3,3,3
SERRA,F,8,0,3
SERREN,F,8,0,3
SERYN,F,33,0,11
SETAISH,F,3,0,1
SETARA,F,6,0,2
SETAREH,F,15,0,5
SETAYESH,F,35,0,12
SETHAN,M,3,0,1
SETHUKI,F,3,0,1
SEUMAS,M,3,3,3
SEVA,M,3,0,1
SEVAN,M,9,0,3
SEVDA,F,7,3,7
SEVE,M,45,0,15
SEVEN,F,6,3,6
SEVEN,M,10,0,3
SEVERIANO,M,12,3,12
SEVERYN,M,3,0,1
SEVIM,F,9,6,9
SEVIN,F,11,0,4
SEVVAL,F,20,0,7
SEWA,M,3,0,1
SEWERYN,M,56,0,19
SEYAM,M,3,0,1
SEYAR,M,9,0,3
SEYDA,F,9,0,3
SEYEDEH,F,3,3,3
SEYIT,M,3,0,1
SEYNABOU,F,3,0,1
SEYON,M,33,0,11
SEYSHA,F,6,0,2
SEZER,M,9,3,9
SEZGIN,M,3,0,1
SHA,M,6,0,2
SHAAHID,M,10,4,10
SHAAKIR,M,10,0,3
SHAAKIRAH,F,23,0,8
SHAAM,F,4,0,1
SHAAM,M,3,3,3
SHAANA,F,7,7,7
SHAANDEEP,F,3,3,3
SHAANI,F,8,0,3
SHAANPREET,F,3,0,1
SHAANTI,F,4,0,1
SHAARAV,M,3,0,1
SHABAZZ,M,6,6,6
SHABIHA,F,6,0,2
SHABIR,M,22,6,22
SHABNAZ,F,3,3,3
SHAD,M,120,3,120
SHADA,F,23,0,8
SHADAE,F,26,0,9
SHADIYA,F,17,0,6
SHADMAN,M,14,4,14
SHADRACH,M,51,3,51
SHADY,M,4,0,1
SHAEDON,M,6,0,2
SHAELA,F,3,0,1
SHAELEIGH,F,3,0,1
SHAFA,F,6,0,2
SHAFAQ,F,9,6,9
SHAFAY,M,4,0,1
SHAFAYAT,M,3,0,1
SHAFEE,M,3,0,1
SHAFI,M,39,0,13
SHAFIN,M,21,0,7
SHAFIUL,M,15,6,15
SHAFIYA,F,3,0,1
SHAFQAT,M,3,3,3
SHAGANA,F,16,0,5
SHAGUFTA,F,7,7,7
SHAHAAB,M,8,0,3
SHAHAAN,M,14,0,5
SHAHAD,F,104,6,104
SHAHADOT,M,3,0,1
SHAHAN,F,3,0,1
SHAHANAZ,F,7,7,7
SHAHARA,F,9,4,9
SHAHARIAR,M,3,0,1
SHAHARYAR,M,6,0,2
SHAHED,F,23,0,8
SHAHEDA,F,3,0,1
SHAHEED,M,29,3,29
SHAHEEM,M,33,0,11
SHAHEIM,M,9,0,3
SHAHEL,M,3,3,3
SHAHIDUL,M,5,5,5
SHAHIDUR,M,6,6,6
SHAHIL,M,11,4,11
SHAHINUR,M,7,7,7
SHAHIRA,F,9,3,9
SHAHIRAH,F,6,0,2
SHAHISTA,F,4,4,4
SHAHJAHAN,M,3,3,3
SHAHLA,F,28,6,28
SHAHMEER,M,56,0,19
SHAHMIR,M,15,5,15
SHAHNAWAZ,M,10,4,10
SHAHNOOR,F,6,0,2
SHAHNOOR,M,3,3,3
SHAHRAM,M,3,0,1
SHAHREEN,F,13,6,13
SHAHRIA,M,3,3,3
SHAHRIN,F,16,3,16
SHAHROZ,M,4,0,1
SHAHRYAR,M,6,3,6
SHAHVEZ,M,3,0,1
SHAHWAIZ,M,8,0,3
SHAHYAAN,M,3,0,1
SHAHYAN,M,4,0,1
SHAHZADA,M,3,0,1
SHAHZADI,F,3,0,1
SHAIANNE,F,3,3,3
SHAID,M,3,3,3
SHAIDA,F,6,0,2
SHAIDEN,M,9,0,3
SHAIDON,M,4,0,1
SHAIK,M,3,0,1
SHAIKH,F,3,3,3
SHAIKHA,F,7,0,2
SHAILAH,F,8,0,3
SHAILAN,M,10,0,3
SHAILEE,F,3,3,3
SHAILENE,F,7,0,2
SHAILI,F,3,3,3
SHAIMAA,F,29,6,29
SHAINDY,F,10,0,3
SHAIVI,F,3,0,1
SHAIYA,F,4,0,1
SHAIYAN,M,3,0,1
SHAIZA,F,3,0,1
SHAJAN,M,3,3,3
SHAJIDA,F,7,3,7
SHAKAI,M,63,4,63
SHAKANA,F,4,0,1
SHAKAR,M,4,4,4
SHAKARA,F,19,3,19
SHAKAYLA,F,17,0,6
SHAKEAL,M,7,7,7
SHAKEEB,M,7,7,7
SHAKEELAH,F,8,4,8
SHAKEEM,M,18,3,18
SHAKEERA,F,4,0,1
SHAKEIL,M,7,7,7
SHAKEIRA,F,12,5,12
SHAKELA,F,6,3,6
SHAKINA,F,6,0,2
SHAKIRA-LEE,F,3,0,1
SHAKIYA,F,17,0,6
SHAKIYAH,F,3,0,1
SHAKTHI,F,10,0,3
SHAKTI,F,10,0,3
SHAKYE,M,8,0,3
SHAKYRA,F,16,3,16
SHALA,F,3,0,1
SHALAMAR,F,3,0,1
SHALEEN,F,4,4,4
SHALEIGH,F,3,3,3
SHALEN,F,3,0,1
SHALEY,F,3,3,3
SHALIKA,F,3,3,3
SHALIN,M,6,0,2
SHALINA,F,3,3,3
SHALIYAH,F,3,0,1
SHALONA,F,3,0,1
SHAMAL,M,3,0,1
SHAMARI,F,6,3,6
SHAMARI,M,26,0,9
SHAMAYA,F,6,0,2
SHAMEEL,M,6,3,6
SHAMEENA,F,6,0,2
SHAMEER,M,10,0,3
SHAMEKA,F,3,3,3
SHAMEL,M,4,4,4
SHAMELIA,F,3,0,1
SHAMEN,M,3,3,3
SHAMIA,F,23,5,23
SHAMIAH,F,7,0,2
SHAMIN,M,4,4,4
SHAMIRAH,F,3,0,1
SHAMISO,F,57,0,19
SHAMITA,F,3,0,1
SHAMIYA,F,15,0,5
SHAMLA,F,6,0,2
SHAMMAH,F,7,0,2
SHAMMAH,M,9,0,3
SHAMMAI,M,9,0,3
SHAMMAS,M,3,0,1
SHAMOYA,F,6,0,2
SHAMS,M,26,6,26
SHAMSHER,M,12,5,12
SHAMSUL,M,7,7,7
SHAMYA,F,3,0,1
SHAMYLA,F,3,3,3
SHANAAYA,F,3,0,1
SHANAIA,F,3,0,1
SHANAIYA,F,21,0,7
SHANAIYAH,F,3,0,1
SHANAN,F,8,3,8
SHANARA,F,7,4,7
SHANAY,M,3,0,1
SHANAYAH,F,14,0,5
SHANECE,F,3,3,3
SHANEEKA,F,3,0,1
SHANEEL,M,3,3,3
SHANEEN,F,3,3,3
SHANEI,F,6,0,2
SHANEIL,F,12,0,4
SHANEIL,M,4,4,4
SHANE-JUNIOR,M,3,0,1
SHANEKA,F,7,0,2
SHANELA,F,3,0,1
SHANELLA,F,3,3,3
SHANEQUA,F,12,0,4
SHANESE,F,15,3,15
SHANESSA,F,11,0,4
SHANETTE,F,3,3,3
SHANEYA,F,4,4,4
SHANEZ,F,3,0,1
SHANG,F,3,0,1
SHANII,F,3,0,1
SHANISHA,F,3,0,1
SHANITA,F,6,3,6
SHANIYAH,F,76,0,25
SHANJIDA,F,6,3,6
SHANLEIGH,F,6,0,2
SHANLEY,M,6,0,2
SHANNAE,F,17,4,17
SHANNAI,F,13,0,4
SHANNARA,F,4,4,4
SHANNELL,F,6,3,6
SHANNELLE,F,12,6,12
SHANNI,F,9,0,3
SHANNON-,F,6,0,2
SHANNYN,F,6,0,2
SHANTA,F,3,3,3
SHANTANA,F,3,0,1
SHANTAYA,F,14,0,5
SHANTIA,F,6,3,6
SHANUM,F,22,0,7
SHANVI,F,7,0,2
SHANYA,F,67,5,67
SHANYAH,F,6,0,2
SHANYCE,F,9,6,9
SHANZAY,F,126,0,42
SHANZE,F,8,0,3
SHANZEY,F,3,0,1
SHAPLA,F,4,4,4
SHAQUAN,M,34,3,34
SHAQUIELLE,M,4,4,4
SHAQUIL,M,7,7,7
SHARAD,M,6,0,2
SHARAE,F,7,0,2
SHARAF,M,10,0,3
SHARAI,F,3,0,1
SHARAINE,F,3,3,3
SHARAN,F,36,5,36
SHARAN,M,19,0,6
SHARANJEET,F,3,0,1
SHARANYA,F,39,3,39
SHARAYA,F,3,0,1
SHARDAI,F,17,5,17
SHARDONAY,F,14,0,5
SHARDONNAY,F,24,0,8
SHAREE,F,3,3,3
SHAREEF,M,33,3,33
SHAREEFAH,F,4,4,4
SHARIA,F,9,0,3
SHARIAH,F,17,3,17
SHARINA,F,4,0,1
SHARIQA,F,3,3,3
SHARISSE,F,3,3,3
SHARIYAH,F,8,0,3
SHARJEEL,M,20,5,20
SHARLEE,F,6,0,2
SHARLEEZ,F,17,0,6
SHARLIE,F,4,0,1
SHARMA,F,5,5,5
SHARMAKE,M,11,0,4
SHARMEEN,F,6,6,6
SHARMEL,F,6,0,2
SHARNAE,F,10,5,10
SHARNAI,F,4,4,4
SHARNEE,F,7,7,7
SHARNELL,F,3,3,3
SHARNTAY,F,7,0,2
SHARONDEEP,F,7,4,7
SHARONJEET,F,3,3,3
SHARONJIT,F,6,6,6
SHAROZ,M,3,3,3
SHARUJAN,M,6,0,2
SHARUKESH,M,3,0,1
SHARUN,M,3,0,1
SHARUSAN,M,3,0,1
SHARVIL,M,3,0,1
SHARVIN,M,4,0,1
SHARWIN,M,9,0,3
SHASHANK,M,19,0,6
SHASHWAT,M,6,0,2
SHASMEEN,F,29,0,10
SHATHA,F,3,0,1
SHAUL,M,6,0,2
SHAUNAK,M,10,0,3
SHAUNEE,F,5,5,5
SHAUNEY,F,5,5,5
SHAUNPAUL,M,3,0,1
SHAURYA,M,164,0,55
SHAVON,F,3,0,1
SHAVONNE,F,14,6,14
SHAWAIZ,M,24,0,8
SHAWANA,F,9,0,3
SHAWNNA,F,3,0,1
SHAYA,F,152,3,152
SHAYA,M,59,6,59
SHAYAH,F,27,0,9
SHAYANA,F,26,0,9
SHAYANN,F,3,0,1
SHAYANNA,F,3,0,1
SHAYANNE,F,13,0,4
SHAYDA,F,3,3,3
SHAYDEN,M,189,6,189
SHAYDN,M,4,0,1
SHAYDON,M,67,0,22
SHAYEN,M,25,0,8
SHAYLAH,F,56,0,19
SHAYLA-LOUISE,F,3,0,1
SHAYLA-MAE,F,7,0,2
SHAYLA-MAI,F,9,0,3
SHAYLA-MAY,F,3,0,1
SHAYLA-RAE,F,6,0,2
SHAYLEA,F,6,3,6
SHAYLEI,F,6,0,2
SHAYLEY,F,28,3,28
SHAYLON,M,12,0,4
SHAYMAA,F,42,3,42
SHAYNI,F,9,0,3
SHAYNIE,F,32,4,32
SHAYON,M,51,0,17
SHAYYAN,M,6,0,2
SHAZA,F,6,0,2
SHAZAAD,M,3,3,3
SHAZAIN,M,19,0,6
SHAZAN,M,7,3,7
SHAZANA,F,10,3,10
SHAZEDA,F,7,7,7
SHAZIB,M,3,0,1
SHAZIDA,F,4,4,4
SHAZIL,M,29,4,29
SHAZMA,F,3,3,3
SHAZNEY,F,7,7,7
SHEANI,F,6,0,2
SHEERAN,M,4,0,1
SHEETAL,F,3,3,3
SHEEZA,F,4,0,1
SHEHAB,M,3,0,1
SHEHBAZ,M,3,3,3
SHEHNAZ,F,7,3,7
SHEHREEN,F,3,0,1
SHEHROZ,M,6,0,2
SHEHROZE,M,6,0,2
SHEHZADI,F,3,0,1
SHEIK,F,9,0,3
SHEIKA,F,3,3,3
SHEIKHAH,F,3,3,3
SHEIL,M,3,3,3
SHEIMA,F,7,0,2
SHEINA,F,4,4,4
SHEINDEL,F,16,0,5
SHEINDY,F,78,0,26
SHEK,M,6,0,2
SHEKERA,F,3,3,3
SHEKH,M,7,0,2
SHEKHINAH,F,4,0,1
SHEKINA,F,7,0,2
SHEKIRA,F,3,3,3
SHEKU,M,3,3,3
SHELAH,F,3,3,3
SHELAN,F,4,0,1
SHELBY,M,23,6,23
SHELBY-LEA,F,6,0,2
SHELBY-LEIGH,F,12,0,4
SHELBY-LOUISE,F,3,0,1
SHELBY-ROSE,F,5,0,2
SHELLBIE,F,6,6,6
SHEMA,F,6,6,6
SHEMAIAH,F,24,3,24
SHEMAIAH,M,10,0,3
SHEMAR,M,42,5,42
SHEMIAH,M,3,0,1
SHEN,M,16,0,5
SHENA,F,3,3,3
SHENAE,F,42,6,42
SHENAI,F,53,3,53
SHENALI,F,3,0,1
SHENAY,F,51,3,51
SHENAYA,F,24,3,24
SHENAZ,F,6,3,6
SHENEECE,F,3,3,3
SHENEL,F,7,7,7
SHENELL,F,3,0,1
SHENIECE,F,7,7,7
SHENIKA,F,9,6,9
SHENIQUA,F,3,3,3
SHENIYA,F,3,0,1
SHENNAI,F,6,0,2
SHERAE,F,4,4,4
SHERALEE,F,4,4,4
SHERALYN,F,3,3,3
SHEREENA,F,14,5,14
SHERICA,F,3,0,1
SHERIDEN,F,6,6,6
SHERIECE,F,3,3,3
SHERIFAT,F,3,0,1
SHERIKA,F,9,0,3
SHERIN,F,3,0,1
SHERINA,F,12,5,12
SHERINE,F,16,6,16
SHERISE,F,26,6,26
SHERISSE,F,3,0,1
SHERLYN,F,4,0,1
SHERRIDAN,F,3,3,3
SHERYAAR,M,7,0,2
SHEVA,F,11,0,4
SHEVANI,F,5,5,5
SHEVONNE,F,3,3,3
SHEY,M,17,0,6
SHEYA,F,3,0,1
SHEYLA,F,7,0,2
SHEZA,F,105,0,35
SHEZAD,M,11,11,11
SHI,F,87,3,87
SHI,M,35,3,35
SHIA,F,20,0,7
SHIA,M,58,0,19
SHIALA,F,3,3,3
SHIAN,F,62,17,62
SHIANA,F,6,0,2
SHIANE,F,3,3,3
SHIANN,F,57,10,57
SHIANNA,F,27,0,9
SHIANNE,F,211,40,211
SHIFA,F,295,25,295
SHIFAA,F,36,3,36
SHIFAH,F,6,0,2
SHIFAN,M,3,0,1
SHIFFA,F,6,0,2
SHIFRA,F,95,12,95
SHIFRAH,F,3,3,3
SHIHAAB,M,3,0,1
SHIHAB,M,48,13,48
SHIKANA,F,3,0,1
SHIKHA,F,9,0,3
SHIKIRA,F,11,4,11
SHILA,F,3,0,1
SHILAH,F,18,0,6
SHILO,F,4,0,1
SHILO,M,8,0,3
SHILOH,F,320,8,320
SHILOH,M,299,33,299
SHILPA,F,18,9,18
SHIMA,F,20,9,20
SHIN,M,3,3,3
SHINA,F,6,0,2
SHINADE,F,25,3,25
SHINE,F,3,0,1
SHINEAD,F,8,0,3
SHINELLE,F,5,5,5
SHINGO,M,3,3,3
SHINJI,M,3,0,1
SHION,M,4,0,1
SHIORI,F,3,0,1
SHIR,F,3,3,3
SHIREENA,F,3,0,1
SHIREL,F,3,0,1
SHIRI,F,6,3,6
SHIRON,M,3,0,1
SHIVAAN,M,5,0,2
SHIVAANSH,M,3,0,1
SHIVALI,F,22,6,22
SHIVANA,F,3,3,3
SHIVANSH,M,40,0,13
SHIVANSHI,F,7,0,2
SHIVEN,M,110,3,110
SHIVESH,M,16,0,5
SHIVIKA,F,7,0,2
SHIVRAJ,M,31,3,31
SHIVUM,M,4,4,4
SHIYA,F,19,0,6
SHIYI,F,3,0,1
SHIYING,F,3,0,1
SHIZA,F,71,0,24
SHK,M,5,0,2
SHKELQIM,M,3,3,3
SHKO,M,24,0,8
SHLOIME,M,142,15,142
SHLOIMY,M,27,0,9
SHLOK,M,105,0,35
SHLOME,M,6,0,2
SHLOMO,M,193,42,193
SHMIEL,M,9,0,3
SHMUEL,M,202,37,202
SHNEUR,M,13,0,4
SHOAN,M,3,0,1
SHOHEB,M,3,3,3
SHOIAB,M,3,3,3
SHOIB,M,6,6,6
SHOLA,M,3,0,1
SHOLAH,F,3,0,1
SHOLOM,M,47,4,47
SHON,M,19,3,19
SHONI,F,8,0,3
SHONTAE,F,23,8,23
SHONTAY,F,3,0,1
SHONTELLE,F,17,4,17
SHORIF,M,6,0,2
SHORIFA,F,13,13,13
SHORNA,F,32,17,32
SHOSHANA,F,158,35,158
SHOSHONE,F,3,3,3
SHOURYA,M,15,0,5
SHPETIM,M,3,3,3
SHRADDHA,F,12,0,4
SHRAGA,M,13,0,4
SHRAGI,M,3,0,1
SHRAVAN,M,25,0,8
SHRAVYA,F,6,0,2
SHRAY,M,11,0,4
SHRAYA,F,7,0,2
SHREE,F,68,13,68
SHREENA,F,24,18,24
SHREEYA,F,208,25,208
SHREY,M,143,10,143
SHREYA,F,895,82,895
SHREYAN,M,35,3,35
SHREYANSH,M,9,0,3
SHREYAS,M,105,3,105
SHREYASH,M,3,0,1
SHRI,F,3,0,1
SHRI,M,3,0,1
SHRIA,F,8,0,3
SHRIHAN,M,15,0,5
SHRIKA,F,3,0,1
SHRINA,F,14,4,14
SHRIRAM,M,4,0,1
SHRISHTI,F,10,0,3
SHRISTI,F,8,0,3
SHRIYA,F,403,56,403
SHRIYAN,M,13,0,4
SHRIYANS,M,7,0,2
SHRUTHI,F,53,3,53
SHRUTI,F,133,14,133
SHU,F,33,0,11
SHUAB,M,3,0,1
SHUAIB,M,305,88,305
SHU'AIB,M,3,0,1
SHUAYB,M,148,18,148
SHUBH,M,30,3,30
SHUBHAM,M,26,3,26
SHUEB,M,3,3,3
SHUGRI,F,6,0,2
SHUHAIB,M,3,3,3
SHUHAN,M,13,3,13
SHUHEB,M,4,4,4
SHUHEDA,F,3,0,1
SHUHENA,F,18,18,18
SHUJA,M,6,0,2
SHUJAAT,M,3,3,3
SHUKRI,F,85,6,85
SHULA,F,19,11,19
SHULAMIS,F,10,4,10
SHULAMIT,F,8,0,3
SHULEM,M,49,3,49
SHUMA,F,31,24,31
SHUMAILA,F,10,0,3
SHUMAYA,F,4,0,1
SHUME,F,4,4,4
SHUMENA,F,3,3,3
SHUMI,F,8,5,8
SHUMON,M,5,5,5
SHUN,M,17,3,17
SHURAIM,M,20,0,7
SHURMA,F,3,3,3
SHWAN,M,15,3,15
SHWETA,F,16,7,16
SHY,F,3,0,1
SHYA,F,22,0,7
SHYAM,M,261,103,261
SHYAN,F,35,3,35
SHYAN,M,18,0,6
SHYANE,F,3,0,1
SHYANN,F,114,16,114
SHYANNA,F,22,0,7
SHYANNE,F,242,35,242
SHYE,F,12,0,4
SHYHEIM,M,27,24,27
SHYLAH,F,102,0,34
SHYLA-ROSE,F,3,0,1
SHYLOH,F,13,0,4
SHYMA,F,6,3,6
SHYNE,M,10,0,3
SHYON,M,7,0,2
SHYRA,F,7,3,7
SI,F,72,5,72
SI,M,23,3,23
SIAANA,F,8,0,3
SIAKA,M,6,0,2
SIAM,M,70,6,70
SIAN,M,9,0,3
SIAN-LOUISE,F,3,3,3
SIAN-MARIE,F,3,3,3
SIARAH,F,3,0,1
SIAVASH,M,4,0,1
SIBEAL,F,3,0,1
SIBELLA,F,18,0,6
SIBUSISO,M,4,0,1
SIBYLLA,F,7,0,2
SIDAL,F,4,0,1
SIDARTH,M,6,0,2
SIDDARTH,M,24,3,24
SIDDH,M,4,0,1
SIDDHANTH,M,6,0,2
SIDDIQ,M,14,0,5
SIDDIQAH,F,12,6,12
SIDI,M,4,0,1
SIDIQ,M,4,0,1
SIDNEE,F,3,0,1
SIDONA,F,4,0,1
SIDONIA,F,3,0,1
SIDRATUL,F,4,0,1
SIEANNA,F,15,0,5
SIEM,M,11,0,4
SIENNA-BEAU,F,7,0,2
SIENNA-FAITH,F,3,0,1
SIENNA-GRACE,F,32,0,11
SIENNAH,F,10,0,3
SIENNA-JANE,F,3,0,1
SIENNA-LEA,F,3,0,1
SIENNA-LEE,F,7,0,2
SIENNA-LEIGH,F,51,0,17
SIENNA-LILLY,F,10,0,3
SIENNA-LILY,F,9,0,3
SIENNA-LOUISE,F,21,0,7
SIENNA-MAE,F,92,0,31
SIENNA-MAI,F,46,0,15
SIENNA-MARIE,F,29,0,10
SIENNA-MAY,F,53,0,18
SIENNE,F,3,0,1
SIERA,F,3,0,1
SIERRA-MAE,F,3,0,1
SIEW,F,3,3,3
SIGNE,F,3,0,1
SIHAAM,F,93,3,93
SIHAN,M,4,0,1
SILAN,F,48,6,48
SILKA,F,9,0,3
SILKE,F,18,6,18
SILVAN,M,3,0,1
SILVESTER,M,3,0,1
SILVIO,M,11,0,4
SILVIU,M,3,0,1
SIMAN,F,3,0,1
SIMAO,M,49,0,16
SIMAR,M,15,0,5
SIMARDEEP,F,6,3,6
SIMARJIT,F,6,0,2
SIMARPREET,F,39,0,13
SIMAS,M,56,0,19
SIMAY,F,11,0,4
SIMBARASHE,M,86,0,29
SIMER,F,4,0,1
SIMONAS,M,38,0,13
SIMRAN,M,122,74,122
SIMRANDEEP,F,29,19,29
SIMRANDEEP,M,5,5,5
SIMRANJEET,F,70,35,70
SIMRANJEET,M,12,4,12
SIMRANJIT,F,62,30,62
SIMRANJIT,M,6,6,6
SIMRANPREET,F,25,13,25
SIMRAT,F,94,12,94
SIMRATH,F,13,3,13
SIMREET,F,28,0,9
SIMREN,F,97,51,97
SIMRIT,F,144,17,144
SIMRITA,F,9,0,3
SIMRON,F,26,15,26
SIMRUN,F,71,37,71
SIN,F,3,0,1
SINA,F,31,3,31
SINADE,F,6,0,2
SINAED,F,3,0,1
SINE,F,8,0,3
SINI,F,3,0,1
SINMILOLUWA,F,3,0,1
SINTIJA,F,3,0,1
SIOUXSIE,F,6,3,6
SIPHO,M,6,0,2
SIR,M,13,0,4
SIRA,F,24,0,8
SIRAAD,F,3,0,1
SIRAD,F,3,3,3
SIRAH,F,11,3,11
SIRAT,F,5,0,2
SIRENA,F,27,0,9
SIRENNA,F,3,0,1
SIRINE,F,63,0,21
SISANDA,F,3,0,1
SISLEY,F,3,0,1
SISSI,F,3,0,1
SISSY,F,23,0,8
SITARA,F,36,3,36
SIU,F,6,0,2
SIU,M,7,0,2
SIVAKUMAR,M,6,0,2
SIVAN,M,5,0,2
SIXTEN,M,3,0,1
SIYAA,F,3,0,1
SIYAAM,M,12,0,4
SIYANA,F,168,0,56
SIYANI,F,3,0,1
SIYANNA,F,10,0,3
SIYAR,M,32,0,11
SIYARA,F,3,0,1
SIYONA,F,70,0,23
SIYU,F,4,0,1
SIYUAN,M,3,0,1
SKARLET,F,20,0,7
SKARLETT,F,46,0,15
SKYANN,F,3,0,1
SKY-BLUE,F,6,0,2
SKYE-ANN,F,6,0,2
SKYELA,F,13,0,4
SKYELAH,F,3,0,1
SKYE-LEIGH,F,7,0,2
SKYE-LILY,F,7,0,2
SKYE-LOUISE,F,77,0,26
SKYE-MARIE,F,53,0,18
SKYE-ROSE,F,15,0,5
SKYIE,F,3,0,1
SKYLA-GRACE,F,6,0,2
SKYLAH-MAE,F,3,0,1
SKYLAH-RAE,F,5,0,2
SKYLAH-ROSE,F,16,0,5
SKYLA-JAE,F,3,0,1
SKYLA-JAI,F,6,0,2
SKYLA-LEIGH,F,5,0,2
SKYLA-LILLY,F,3,0,1
SKYLA-LOUISE,F,9,0,3
SKYLA-MAE,F,38,0,13
SKYLA-MAI,F,31,0,10
SKYLA-MARIE,F,3,0,1
SKYLA-MAY,F,19,0,6
SKYLAR,M,20,0,7
SKYLA-RAE,F,29,0,10
SKYLAR-LEIGH,F,3,0,1
SKYLAR-LOUISE,F,3,0,1
SKYLAR-MAE,F,13,0,4
SKYLAR-MAI,F,13,0,4
SKYLAR-MAY,F,7,0,2
SKYLA-ROSE,F,104,0,35
SKYLAR-RAE,F,13,0,4
SKYLAR-ROSE,F,31,0,10
SKYLER-ANN,F,3,0,1
SKYLER-GRACE,F,3,0,1
SKYLER-MAI,F,3,0,1
SKYLER-RAE,F,4,0,1
SKYLER-ROSE,F,16,0,5
SKY-LOUISE,F,12,0,4
SKYLYN,F,3,0,1
SKYRAH,F,25,0,8
SKYY,F,3,0,1
SLOKA,F,3,0,1
SMARAN,M,7,0,2
SMAYAN,M,6,0,2
SMILTE,F,86,0,29
SMIT,M,3,0,1
SMITH,M,20,0,7
SMRITI,F,21,5,21
SNEH,M,4,0,1
SNEZANA,F,4,0,1
SNIGDHA,F,12,0,4
SOCHIMA,F,4,0,1
SOFIA-GRACE,F,14,0,5
SOFIAH,F,32,4,32
SOFIA-LILLY,F,7,0,2
SOFIA-LOUISE,F,6,0,2
SOFIA-MAE,F,7,0,2
SOFIA-MARIE,F,3,0,1
SOFIA-MAY,F,3,0,1
SOFIA-ROSE,F,64,0,21
SOFIJA,F,232,0,77
SOFIYAH,F,32,0,11
SOFIYYA,F,3,0,1
SOFYA,F,26,0,9
SOHAAN,M,4,0,1
SOHAM,M,104,0,35
SOHANA,F,38,0,13
SOHAYB,M,7,0,2
SOHINI,F,3,3,3
SOHNA,F,3,0,1
SOHRAB,M,35,3,35
SOHUM,M,11,0,4
SOKAINA,F,3,3,3
SOL,F,15,0,5
SOLA,F,4,0,1
SOLANA,F,10,0,3
SOLANGE,F,29,4,29
SOLARA,F,5,0,2
SOLEN,F,3,0,1
SOLIMAN,M,3,0,1
SOLIN,F,7,0,2
SOLIYANA,F,10,0,3
SOLLIE,M,3,0,1
SOLLY,M,12,0,4
SOLOMIA,F,7,0,2
SOLYANA,F,15,0,5
SOMAIYA,F,6,0,2
SOMAN,F,3,0,1
SOMAYA,F,109,6,109
SOMAYAH,F,6,0,2
SOMAYYA,F,4,4,4
SOMMA,F,6,3,6
SOMTOCHUKWU,M,40,0,13
SOMYA,F,3,0,1
SONAH,F,3,3,3
SONAKSHI,F,11,0,4
SONAL,F,67,39,67
SONALI,F,110,49,110
SONAM,F,114,45,114
SONAM,M,6,6,6
SONAY,F,3,3,3
SONER,M,20,9,20
SONI,F,3,0,1
SONI,M,7,0,2
SONIQUE,F,6,0,2
SONNA,F,3,0,1
SONNY-JAMES,M,3,0,1
SONNY-LEE,M,18,0,6
SONNY-RAY,M,3,0,1
SOORYA,M,3,0,1
SOPHIA-GRACE,F,60,0,20
SOPHIA-JADE,F,3,0,1
SOPHIA-LEIGH,F,15,0,5
SOPHIA-LILY,F,8,0,3
SOPHIA-LOUISE,F,24,0,8
SOPHIA-MAE,F,24,0,8
SOPHIA-MAI,F,10,0,3
SOPHIA-MARIE,F,20,0,7
SOPHIA-MAY,F,20,0,7
SOPHIA-RAE,F,7,0,2
SOPHIA-ROSE,F,144,0,48
SOPHIAT,F,3,0,1
SOPHIE-,F,17,3,17
SOPHIEANN,F,3,3,3
SOPHIE-ELLA,F,10,0,3
SOPHIE-ELLEN,F,3,0,1
SOPHIE-GRACE,F,15,0,5
SOPHIE-JADE,F,3,0,1
SOPHIE-LAUREN,F,3,3,3
SOPHIE-LEA,F,3,3,3
SOPHIE-LEE,F,19,0,6
SOPHIE-MAI,F,28,0,9
SOPHIE-MARIA,F,4,0,1
SOPHIE-RAE,F,6,0,2
SOPHIYA,F,32,0,11
SORA,F,29,6,29
SORA,M,6,0,2
SORAIA,F,44,0,15
SORAIYA,F,50,0,17
SORAIYAH,F,3,0,1
SORAYAH,F,47,0,16
SORENNA,F,3,0,1
SORIAH,F,13,0,4
SORINA,F,3,0,1
SORIYA,F,3,0,1
SORIYAH,F,15,0,5
SOROSH,M,3,0,1
SOROUSH,M,12,3,12
SOSAN,F,10,0,3
SOTERIS,M,3,0,1
SOTIRIA,F,3,0,1
SOTIRIOS,M,3,0,1
SOUAD,F,8,3,8
SOUFIAN,M,11,0,4
SOUFIANE,M,3,0,1
SOULEYMANE,M,7,0,2
SOUMAYA,F,36,3,36
SOUMEYA,F,6,0,2
SOUMIA,F,24,6,24
SOUMYA,F,18,0,6
SOURISH,M,3,0,1
SOWMIYA,F,3,0,1
SOZ,F,3,0,1
SPARKLE,F,3,0,1
SPARSH,M,11,0,4
SPARSHA,F,3,0,1
SPENCER,F,3,0,1
SREE,F,3,0,1
SREENIDHI,F,3,0,1
SREEYA,F,3,0,1
SREYA,F,30,3,30
SRI,F,28,0,9
SRI,M,36,0,12
SRIHAN,M,9,0,3
SRIHARI,M,3,0,1
SRIJAN,M,3,0,1
SRIKAR,M,3,0,1
SRINIDHI,F,3,0,1
SRINIKA,F,14,0,5
SRINITHI,F,3,0,1
SRIRAM,M,29,0,10
SRISHA,F,3,0,1
SRISHTI,F,44,0,15
SRITHARAN,M,3,0,1
SRIYA,F,41,0,14
SRIYAN,M,4,0,1
SRULI,M,15,0,5
SRULY,M,9,0,3
SRUTHI,F,22,0,7
STACEY,M,7,7,7
STACEY-LEIGH,F,3,3,3
STACY,M,3,3,3
STAISHA,F,4,4,4
STAMFORD,M,3,0,1
STANISLAS,M,3,0,1
STANLEIGH,M,3,0,1
STANLEY-JAMES,M,3,0,1
STANLIE,M,5,0,2
STAR,M,6,0,2
STARLAH,F,3,0,1
STARLET,F,3,0,1
STARLETT,F,3,0,1
STARZIA,F,3,0,1
STAVROULLA,F,3,0,1
STEED,M,6,0,2
STEELE,M,7,0,2
STEFFANI,F,6,6,6
STELLAN,M,33,0,11
STEPAN,M,9,0,3
STEPHANI,F,3,3,3
STEPHANIA,F,15,6,15
STEPHY,F,6,0,2
STEVIE-JO,F,3,3,3
STEVIE-LEA,F,3,3,3
STEVIE-LEE,M,6,0,2
STEVIE-MAE,F,4,0,1
STEVIE-MAY,F,6,0,2
STEVIE-RAE,F,6,3,6
STEVIE-ROSE,F,3,0,1
STINA,F,18,0,6
STORY,F,3,0,1
STOYAN,M,4,0,1
STRAWBERRY,F,3,0,1
STUTI,F,28,0,9
STYLIANOS,M,3,0,1
SU,F,59,4,59
SUAAD,F,11,0,4
SUAD,F,119,24,119
SUADA,F,9,0,3
SUAREZ,M,3,0,1
SUBAH,F,3,0,1
SUBAIR,M,4,0,1
SUBAITA,F,5,0,2
SUBEER,M,11,0,4
SUBER,M,9,0,3
SUBHA,F,6,6,6
SUBHANA,F,50,0,17
SUBIKSHA,F,13,0,4
SUBRINA,F,6,3,6
SUDAYS,M,3,0,1
SUDEN,F,3,0,1
SUDENAZ,F,43,0,14
SUDEYS,M,3,0,1
SUDIKSHA,F,6,0,2
SUEDA,F,6,0,2
SUFIAN,M,149,27,149
SUFIYA,F,10,0,3
SUFIYAAN,M,51,3,51
SUFIYAH,F,3,3,3
SUFIYAN,M,138,25,138
SUFYAAN,M,552,106,552
SUGA,F,3,0,1
SUHAAN,M,63,0,21
SUHAANA,F,6,0,2
SUHAANI,F,5,0,2
SUHAN,M,12,0,4
SUHAS,M,3,0,1
SUHAVI,F,3,0,1
SUHAYB,M,234,28,234
SUHAYL,M,83,31,83
SUHAYLA,F,90,3,90
SUHAYLAH,F,22,3,22
SUHAYMA,F,3,0,1
SUHAYMAH,F,3,0,1
SUHEERA,F,6,0,2
SUHEIB,M,3,0,1
SUHEL,M,6,6,6
SUHEYB,M,23,0,8
SUHEYLA,F,11,0,4
SUJAL,M,15,0,5
SUJANA,F,3,0,1
SUJAY,M,14,0,5
SUJITH,M,6,0,2
SUJOOD,F,3,0,1
SUK,F,3,3,3
SUKAINA,F,56,8,56
SUKAINAH,F,3,0,1
SUKAYNA,F,27,0,9
SUKAYNAH,F,3,0,1
SUKEY,F,7,0,2
SUKHBIR,M,10,10,10
SUKHDEEP,F,20,9,20
SUKHDEEP,M,52,23,52
SUKHDEV,M,24,7,24
SUKHI,F,3,0,1
SUKHJEET,M,4,4,4
SUKHJEEVAN,M,23,14,23
SUKHJINDER,F,3,3,3
SUKHJINDER,M,4,4,4
SUKHJOT,F,3,0,1
SUKHJOT,M,13,0,4
SUKHLEEN,F,12,0,4
SUKHMAN,F,35,0,12
SUKHMAN,M,50,0,17
SUKHMANI,F,325,9,325
SUKHPAL,M,7,7,7
SUKHPREET,F,67,14,67
SUKHPREET,M,18,6,18
SUKHRAJ,F,13,0,4
SUKHRAJ,M,226,40,226
SUKHVEER,F,20,6,20
SUKHVEER,M,26,7,26
SUKHVINDER,M,4,4,4
SUKHVIR,M,29,18,29
SUKHWINDER,M,7,4,7
SUKPREET,F,3,3,3
SUKVINDER,F,4,4,4
SULAF,F,6,0,2
SULAIMAAN,M,143,39,143
SULAIMON,M,4,0,1
SULAYMAAN,M,85,8,85
SULDAN,M,3,0,1
SULE,F,3,3,3
SULEEKHA,F,3,0,1
SULEKHA,F,13,6,13
SULEMAAN,M,14,5,14
SULIAMAN,M,4,0,1
SULIEMAN,M,13,0,4
SULIMAAN,M,3,3,3
SUM,F,3,0,1
SUMA,F,4,0,1
SUMAH,F,4,4,4
SUMAIA,F,26,0,9
SUMAIR,M,6,3,6
SUMAIRA,F,118,38,118
SUMAIRAA,F,15,0,5
SUMAIRAH,F,3,0,1
SUMAIYA,F,786,99,786
SUMAIYYA,F,9,0,3
SUMAIYYAH,F,6,0,2
SUMAYAH,F,346,38,346
SUMAYIA,F,3,0,1
SUMAYO,F,26,0,9
SUMAYRA,F,3,0,1
SUMAYYA,F,410,64,410
SUMAYYAH,F,1456,214,1456
SUMBAL,F,7,7,7
SUMBUL,F,6,6,6
SUMEDH,M,3,0,1
SUMEET,M,21,11,21
SUMEHRA,F,8,0,3
SUMENA,F,4,4,4
SUMERA,F,78,49,78
SUMEYA,F,170,19,170
SUMEYYE,F,23,3,23
SUMI,F,3,0,1
SUMIA,F,26,9,26
SUMIT,M,35,9,35
SUMIYA,F,84,17,84
SUMIYAH,F,7,3,7
SUMIYYA,F,15,15,15
SUMIYYAH,F,12,6,12
SUMMAH,F,70,5,70
SUMMAIYA,F,3,0,1
SUMMA-LOUISE,F,3,0,1
SUMMAN,F,7,4,7
SUMMAYA,F,125,6,125
SUMMAYAH,F,96,12,96
SUMMAYYAH,F,38,0,13
SUMMER-,F,9,0,3
SUMMER-GRACE,F,30,0,10
SUMMER-JADE,F,19,0,6
SUMMER-JANE,F,8,0,3
SUMMER-JAYE,F,3,0,1
SUMMER-JAYNE,F,10,0,3
SUMMER-JO,F,4,0,1
SUMMER-LEE,F,10,0,3
SUMMERLEIGH,F,4,0,1
SUMMER-LILLY,F,15,0,5
SUMMER-LILY,F,19,0,6
SUMMER-MAE,F,45,0,15
SUMMER-MAI,F,33,0,11
SUMMER-MARIE,F,27,0,9
SUMMER-MAY,F,40,0,13
SUMMER-RAE,F,53,0,18
SUMMER-RAY,F,4,0,1
SUMMER-ROSE,F,488,0,163
SUMMER-WILLOW,F,3,0,1
SUMRAH,F,3,3,3
SUNAINA,F,82,18,82
SUNDAS,F,53,21,53
SUNDEEP,F,3,3,3
SUNDEEP,M,44,31,44
SUNDHAS,F,3,3,3
SUNEET,F,3,3,3
SUNEHRA,F,3,0,1
SUNI,M,8,0,3
SUNIA,F,3,3,3
SUNILA,F,3,3,3
SUNIYA,F,3,3,3
SUNJAY,M,4,4,4
SUNNA,F,13,13,13
SUNNAH,F,35,17,35
SUNNI,F,14,4,14
SUNNI,M,33,3,33
SUNRAJ,M,3,3,3
SUNVEER,M,6,0,2
SUNVIR,M,3,0,1
SUNYA,F,12,3,12
SUPRIYA,F,40,5,40
SURA,F,22,0,7
SURABHI,F,8,0,3
SURAFEL,M,3,0,1
SURAH,F,3,0,1
SURAIYA,F,267,31,267
SURAIYAH,F,20,0,7
SURAJ,M,325,154,325
SURANNE,F,111,0,37
SURAYA,F,299,24,299
SURAYAH,F,18,0,6
SURAYYA,F,34,0,11
SURAYYAH,F,3,0,1
SUREENA,F,3,0,1
SUREN,M,9,0,3
SURESH,M,6,3,6
SUREYA,F,46,0,15
SUREYYA,F,3,0,1
SURIA,F,31,0,10
SURIAH,F,3,0,1
SURINA,F,60,18,60
SURIYA,F,63,15,63
SURIYA,M,3,0,1
SURIYAH,F,9,0,3
SURJEET,M,3,3,3
SURRAYA,F,5,0,2
SURRAYAH,F,12,0,4
SURUTHI,F,3,0,1
SURYA,F,22,0,7
SURYA,M,64,0,21
SURYANSH,M,3,0,1
SUSHANT,M,5,0,2
SUSHMITA,F,4,4,4
SUTHARSAN,M,12,3,12
SUVAN,M,9,0,3
SUVETHA,F,3,0,1
SUVI,F,3,0,1
SUWAYDA,F,30,0,10
SUWETHA,F,3,0,1
SUWEYDA,F,10,0,3
SUYASH,M,7,0,2
SUYEN,M,3,0,1
SUYOG,M,7,0,2
SUZANA,F,33,0,11
SUZIE-MAY,F,4,0,1
SVANA,F,6,0,2
SVARA,F,14,0,5
SVEA,F,6,0,2
SVEVA,F,3,0,1
SWALEY,M,10,0,3
SWARA,F,56,0,19
SWARAN,M,3,0,1
SWARUP,M,3,0,1
SWATHI,F,9,3,9
SWATI,F,6,3,6
SWAY,F,10,0,3
SWAYAM,M,23,0,8
SWAYLEY,M,19,0,6
SWAYZE,M,4,0,1
SWETA,F,3,3,3
SWETHA,F,28,4,28
SWITHIN,M,3,0,1
SWYN,F,10,0,3
SY,M,4,0,1
SYAM,M,6,3,6
SYAN,M,26,4,26
SYANNE,F,3,0,1
SYDNEY-MAE,F,4,0,1
SYDNEY-RAE,F,9,0,3
SYDNEY-ROSE,F,24,0,8
SYDONIE,F,3,3,3
SYED,F,30,9,30
SYEDAH,F,23,0,8
SYEDUL,M,3,0,1
SYEED,M,3,3,3
SYENNA,F,10,0,3
SYESHA,F,18,0,6
SYKE,F,4,0,1
SYLAR,M,8,0,3
SYLVAIN,M,6,3,6
SYLWESTER,M,12,0,4
SYLWIA,F,28,0,9
SYMA,F,11,4,11
SYMON,M,8,3,8
SYNA,F,12,0,4
SYONA,F,3,0,1
SYRAH,F,20,6,20
SYRENA,F,15,0,5
SYRIAH,F,6,0,2
SYRINE,F,3,0,1
SZE,F,6,3,6
T,M,134,9,134
T.,M,9,0,3
T.J.,M,6,3,6
TAAHA,M,75,3,75
TAAHIR,M,17,6,17
TAAHIRA,F,15,0,5
TAAIBAH,F,15,8,15
TAALIA,F,5,0,2
TAALIAH,F,23,0,8
TAALIB,M,3,3,3
TAALIYAH,F,3,0,1
TAANISH,M,3,0,1
TAANIYA,F,6,0,2
TAARA,F,4,0,1
TAARIQ,M,28,13,28
TAASEEN,M,13,3,13
TAAVI,M,3,0,1
TABAN,F,6,0,2
TABASAM,F,4,4,4
TABASOM,F,9,0,3
TABASSAM,F,3,3,3
TABASSUM,F,151,49,151
TABASUM,F,37,7,37
TABBITHA,F,3,0,1
TABINA,F,7,0,2
TABINDA,F,3,0,1
TABISH,M,10,4,10
TABITA,F,37,0,12
TACY,F,3,0,1
TADAS,M,34,0,11
TADEAS,M,5,0,2
TADEUSZ,M,58,0,19
TADISA,F,3,0,1
TADISA,M,3,0,1
TADIWA,F,48,0,16
TADIWA,M,91,5,91
TADIWANASHE,F,20,0,7
TADIWANASHE,M,77,0,26
TAE,F,15,0,5
TAEGAN,M,4,0,1
TAEJA,F,3,0,1
TAEJAH,F,38,0,13
TAEJON,M,6,0,2
TAELAN,M,3,0,1
TAEO,M,3,0,1
TAESHA,F,3,0,1
TAEVON,M,3,0,1
TAEYA,F,18,0,6
TAEYON,M,3,0,1
TAFADZWA,F,16,0,5
TAFADZWA,M,42,0,14
TAFARA,F,17,0,6
TAFARA,M,60,0,20
TAFARI,M,143,18,143
TAFHEEM,M,3,0,1
TAFIDA,F,3,0,1
TAHA,F,3,0,1
TAHAA,M,3,0,1
TAHAANI,F,3,0,1
TAHAR,M,3,0,1
TAHEED,M,3,0,1
TAHEEM,M,56,0,19
TAHEIM,M,3,0,1
TAHERAH,F,3,0,1
TAHIA,F,42,3,42
TAHIRUL,M,4,0,1
TAHIRY,F,3,0,1
TAHIYAT,F,12,0,4
TAHIYYA,F,6,0,2
TAHJ,M,11,11,11
TAHLA,F,3,0,1
TAHLEAH,F,12,0,4
TAHLIAH,F,6,0,2
TAHLIA-ROSE,F,3,0,1
TAHLIL,M,3,3,3
TAHLIYA,F,10,0,3
TAHMEED,M,43,0,14
TAHMEENA,F,14,11,14
TAHMIDUL,M,13,6,13
TAHMID-UR,M,3,3,3
TAHMIMA,F,3,0,1
TAHMIN,F,10,7,10
TAHMOOR,M,3,3,3
TAHNEE,F,43,16,43
TAHREEM,F,73,18,73
TAHRIM,F,3,0,1
TAHRIMA,F,11,11,11
TAHRIN,F,8,0,3
TAHSEEN,F,44,11,44
TAHSEEN,M,47,3,47
TAHSIN,M,78,3,78
TAHSINA,F,9,3,9
TAHURA,F,3,0,1
TAHYA,F,6,0,2
TAIAH,F,6,0,2
TAIANNE,F,3,0,1
TAIDEN,M,8,0,3
TAIF,F,4,0,1
TAIGAN,F,19,0,6
TAIGAN,M,9,0,3
TAIGEN,F,5,0,2
TAIJA,F,33,0,11
TAIJAH,F,43,0,14
TAILAH,F,3,0,1
TAILOR,M,20,0,7
TAIM,M,36,0,12
TAIMA,F,3,0,1
TAIMOOR,M,22,9,22
TAIMUR,M,20,3,20
TAIN,M,3,3,3
TAINA,F,28,0,9
TAIO,M,185,0,62
TAION,M,4,0,1
TAIRA,F,6,0,2
TAIS,F,6,0,2
TAISIA,F,21,0,7
TAISIJA,F,12,0,4
TAISIYA,F,7,0,2
TAIT,F,4,0,1
TAIYAB,M,6,0,2
TAIYAH,F,20,0,7
TAIYBA,F,7,4,7
TAIYO,M,5,0,2
TAIYON,M,6,0,2
TAJAUN,M,3,0,1
TAJAY,M,21,0,7
TAJINDER,F,7,4,7
TAJMINA,F,3,3,3
TAJUS,M,123,0,41
TAJVEER,M,3,0,1
TAJWAR,M,6,3,6
TAKIA,F,6,0,2
TAKIRA,F,6,0,2
TAKISHA,F,5,5,5
TAKIYAH,F,15,3,15
TAKONDWA,M,4,0,1
TAKSH,M,6,0,2
TAKUDZWA,M,74,0,25
TAKUDZWANASHE,M,6,0,2
TAKUMA,M,3,0,1
TAKUNDA,M,60,0,20
TAKWA,F,7,0,2
TAL,F,10,3,10
TALAH,F,10,0,3
TALAHA,M,3,0,1
TALAN,M,86,4,86
TALANA,F,3,0,1
TALAT,M,3,3,3
TALAYAH,F,10,0,3
TALEA,F,11,0,4
TALEB,M,3,0,1
TALEEN,F,48,0,16
TALEIGHA,F,7,0,2
TALEISHA,F,3,0,1
TALEKA,F,3,0,1
TALESHA,F,3,3,3
TALEYA,F,6,0,2
TALHAA,M,3,0,1
TALIAH-ROSE,F,3,0,1
TALIA-LEE,F,3,0,1
TALIA-MAE,F,3,0,1
TALIA-ROSE,F,33,0,11
TALIB,M,26,0,9
TALIKA,F,6,0,2
TALIN,F,4,0,1
TALIN,M,12,0,4
TALINA,F,3,0,1
TALIS,F,3,0,1
TALIS,M,13,0,4
TALISE,F,9,0,3
TALISKA,F,3,0,1
TALITA,F,11,3,11
TALIYAH,F,385,4,385
TALIYAH-ROSE,F,3,0,1
TALLAN,M,3,0,1
TALLEN,M,3,3,3
TALLIAH,F,28,0,9
TALLIE,F,37,0,12
TALLIYAH,F,3,0,1
TALLULAH-BELLE,F,51,0,17
TALLULAH-BLU,F,3,0,1
TALLULAH-MAE,F,3,0,1
TALLULAH-RAE,F,3,0,1
TALLULAH-ROSE,F,25,0,8
TALLY,F,34,0,11
TALOR,F,7,7,7
TALULLAH,F,56,0,19
TALVINDER,M,14,9,14
TALYN,M,16,0,5
TAMAN,M,10,0,3
TAMANNAH,F,7,4,7
TAMARAH,F,21,11,21
TAMARI,F,3,0,1
TAMARI,M,3,0,1
TAMARIN,F,3,3,3
TAMARRA,F,17,8,17
TAMASIN,F,6,3,6
TAMAY,M,3,0,1
TAMAYA,F,6,0,2
TAMEEKA,F,12,5,12
TAMEEM,M,126,18,126
TAMEEMA,F,4,0,1
TAMEENA,F,4,4,4
TAMEIKA,F,3,3,3
TAMEIRA,F,3,0,1
TAMEKAH,F,3,3,3
TAMIAH,F,27,0,9
TAMIE,F,3,3,3
TAMIEKA,F,3,3,3
TAMIERA,F,3,0,1
TAMILA,F,3,0,1
TAMIMA,F,28,3,28
TAMIMAH,F,6,0,2
TAMIR,M,50,6,50
TAMIYA,F,36,3,36
TAMIYAH,F,12,0,4
TAMJEED,M,10,0,3
TAMJID,M,53,7,53
TAMLA,F,9,6,9
TAMLIN,F,3,3,3
TAMLIN,M,6,0,2
TAMMARA,F,5,5,5
TAMMIN,F,11,0,4
TAMMYLEE,F,3,3,3
TAMMY-LEIGH,F,3,0,1
TAMOOR,M,6,3,6
TAMRA,F,3,0,1
TAMRYN,F,3,0,1
TAMSEEL,M,3,0,1
TAMYKA,F,5,5,5
TAMZEN,F,7,0,2
TAMZID,M,3,0,1
TAMZINE,F,9,0,3
TAN,M,6,0,2
TANA,F,26,0,9
TANA,M,17,0,6
TANAE,F,9,0,3
TANAIYA,F,11,0,4
TANATSWA,M,39,0,13
TANAV,M,6,0,2
TANAYAH,F,19,0,6
TANBEER,M,8,0,3
TANCREDI,M,3,0,1
TANEM,F,21,0,7
TANESHIA,F,3,3,3
TANGINA,F,6,6,6
TANIAH,F,3,0,1
TANIELA,M,3,0,1
TANIESHA,F,24,0,8
TANIM,M,10,3,10
TANIMA,F,4,0,1
TANISHKA,F,73,0,24
TANISHQ,M,15,0,5
TANISI,F,6,0,2
TANISKA,F,3,0,1
TANITOLUWA,F,20,0,7
TANITOLUWA,M,3,0,1
TANIYAH,F,14,0,5
TANJIM,M,8,0,3
TANJUM,F,3,3,3
TANMAY,M,32,0,11
TANNA,F,6,3,6
TANNIKA,F,4,0,1
TANREET,F,3,0,1
TANSIE,F,12,0,4
TANUJ,M,3,0,1
TANUSH,M,55,0,18
TANUSHA,F,5,0,2
TANUSHKA,F,15,0,5
TANUSHRI,F,3,0,1
TANVEE,F,3,0,1
TANVIKA,F,3,0,1
TANVIR,F,17,0,6
TANYARADZWA,F,78,4,78
TANYSHA,F,3,3,3
TANZEEL,F,6,0,2
TANZEELAH,F,3,3,3
TANZIA,F,8,0,3
TANZIMA,F,6,3,6
TAO,F,6,3,6
TAOFEEK,M,3,0,1
TAONA,M,6,0,2
TAPIWA,M,60,0,20
TAPIWANASHE,F,6,0,2
TAPIWANASHE,M,37,0,12
TAQI,M,9,0,3
TAQIYA,F,3,0,1
TAQIYAH,F,21,0,7
TAQWA,F,76,0,25
TAQWAA,F,12,0,4
TARAJI,F,3,0,1
TARAK,M,3,0,1
TARANA,F,3,3,3
TARANDEEP,F,27,13,27
TARANDEEP,M,58,29,58
TARANEH,F,4,0,1
TARANJEET,F,8,0,3
TARANJIT,F,12,3,12
TARANJIT,M,30,19,30
TARANNUM,F,11,3,11
TARANPREET,F,37,8,37
TARANVEER,M,73,0,24
TARANVIR,F,3,0,1
TARANVIR,M,51,14,51
TARAOLUWA,F,20,0,7
TAREEQ,M,6,3,6
TAREN,F,7,0,2
TAREN,M,20,6,20
TAREQ,M,34,5,34
TARIAN,F,6,0,2
TARIAN,M,15,3,15
TARICK,M,4,0,1
TARIKA,F,6,0,2
TARIN,M,5,5,5
TARINA,F,13,6,13
TARINI,F,4,0,1
TARIRO,F,30,0,10
TARIRO,M,3,0,1
TARJA,F,6,0,2
TARKA,M,3,0,1
TARLIA,F,24,0,8
TARN,M,13,0,4
TARNYA,F,7,4,7
TAROOB,F,3,0,1
TARQUIN,M,9,3,9
TARRAN,F,3,3,3
TARRELL,M,3,0,1
TARREN,F,3,3,3
TARRICK,M,3,0,1
TARRIN,M,15,0,5
TASANEE,F,3,0,1
TASARLA,F,3,3,3
TASFIAH,F,9,0,3
TASFIYAH,F,3,0,1
TASHAN,F,3,3,3
TASHANA,F,40,33,40
TASHANI,F,3,0,1
TASHANNA,F,3,3,3
TASHARN,M,6,3,6
TASHARNA,F,14,8,14
TASHAUN,M,10,3,10
TASHAUNA,F,3,0,1
TASHFEEN,M,3,0,1
TASHFIA,F,3,0,1
TASHI,F,4,0,1
TASHI,M,12,3,12
TASHIF,M,3,0,1
TASHINGA,M,14,0,5
TASHON,M,6,6,6
TASHVI,F,7,0,2
TASKEEN,F,6,0,2
TASKIA,F,4,0,1
TASLEEM,F,6,6,6
TASLIM,M,3,3,3
TASMINA,F,41,16,41
TASMINE,F,7,4,7
TASMIYA,F,13,0,4
TASMIYAH,F,73,10,73
TASMYN,F,5,5,5
TASNEEM,F,637,152,637
TASNEEMA,F,3,3,3
TASNEM,F,9,0,3
TASNIA,F,338,127,338
TASNIAH,F,7,0,2
TASNIIM,F,19,0,6
TASNIM,F,922,256,922
TASNIMA,F,134,65,134
TASNIMAH,F,25,0,8
TASNUVA,F,3,0,1
TASSIA,F,6,0,2
TASSNEEM,F,3,3,3
TATENDA,F,78,0,26
TATENDA,M,100,3,100
TATHAN,M,3,0,1
TATIANNA,F,12,0,4
TATIYANA,F,6,0,2
TATSUYA,M,6,6,6
TATUM,M,16,0,5
TATYANNA,F,3,0,1
TAU,M,3,0,1
TAUFIQ,M,3,0,1
TAUHEED,M,113,19,113
TAUHID,M,3,0,1
TAUQEER,M,12,9,12
TAURAS,M,17,0,6
TAUSEEF,M,59,17,59
TAUSIF,M,12,3,12
TAUTVYDAS,M,4,0,1
TAVION,M,3,0,1
TAVISHA,F,6,0,2
TAVLEEN,F,33,0,11
TAVNEET,F,3,0,1
TAVON,M,9,4,9
TAVONGA,M,11,0,4
TAWAB,M,3,0,1
TAWAN,M,4,0,1
TAWANA,M,63,0,21
TAWANANYASHA,F,32,0,11
TAWANANYASHA,M,18,0,6
TAWANASHE,M,3,0,1
TAWANDA,M,38,6,38
TAWFEEQ,M,4,0,1
TAWFIQ,M,26,0,9
TAWHID,M,127,0,42
TAWHIDA,F,10,0,3
TAWHIDUL,M,7,0,2
TAWONGA,M,6,0,2
TAWQEER,M,3,3,3
TAWQIR,M,9,0,3
TAWSEEF,M,14,0,5
TAWSIF,M,3,0,1
TAYABA,F,7,4,7
TAYA-LEIGH,F,3,0,1
TAYA-LOUISE,F,6,0,2
TAYA-MAE,F,3,0,1
TAYA-MAI,F,3,0,1
TAYAN,M,18,0,6
TAYANA,F,43,0,14
TAYAR,F,3,3,3
TAYDEN,M,47,0,16
TAYE,F,14,4,14
TAYEB,M,20,3,20
TAYEBA,F,30,6,30
TAYEEBA,F,12,0,4
TAYEM,M,7,0,2
TAYEN,F,3,0,1
TAYEN,M,3,0,1
TAYER,F,12,0,4
TAYFUN,M,6,3,6
TAYGAN,F,3,0,1
TAYHA,F,27,0,9
TAYIA,F,12,0,4
TAYIBAH,F,66,5,66
TAYJA,F,12,0,4
TAYJAH,F,22,0,7
TAYLA-ANN,F,3,3,3
TAYLAH-MAE,F,3,0,1
TAYLAH-ROSE,F,3,0,1
TAYLA-JADE,F,20,3,20
TAYLA-JO,F,3,0,1
TAYLA-LEIGH,F,8,0,3
TAYLA-MAE,F,29,0,10
TAYLA-MAI,F,13,0,4
TAYLA-MAY,F,6,0,2
TAYLA-RAE,F,25,0,8
TAYLA-ROSE,F,15,0,5
TAYLEN,M,87,0,29
TAYLIN,F,4,0,1
TAYLON,M,61,3,61
TAYLOR-,F,7,3,7
TAYLOR-,M,3,0,1
TAYLOR-GRACE,F,15,0,5
TAYLOR-JACK,M,3,0,1
TAYLOR-JAKE,M,3,0,1
TAYLOR-JANE,F,34,6,34
TAYLOR-JAY,F,10,0,3
TAYLOR-JOE,M,6,0,2
TAYLOR-LOUISE,F,15,0,5
TAYLOR-MAE,F,53,0,18
TAYLOR-MAI,F,16,0,5
TAYLOR-MAY,F,48,0,16
TAYLOR-PAIGE,F,3,0,1
TAYLOR-RAE,F,22,0,7
TAYLOR-ROSE,F,34,0,11
TAYLUN,M,3,0,1
TAYM,M,34,0,11
TAYMA,F,14,0,5
TAYMIYAH,F,3,0,1
TAYMIYYAH,F,10,0,3
TAYMOUR,M,3,0,1
TAYMUR,M,6,0,2
TAYNE,M,10,7,10
TAYON,M,51,0,17
TAYSHAUN,M,13,0,4
TAYSHAWN,M,3,0,1
TAYSHIA,F,15,0,5
TAYSHON,M,3,0,1
TAYSIA,F,15,0,5
TAYSIR,M,4,0,1
TAYSON,M,7,0,2
TAYT,M,4,0,1
TAYTE,F,18,0,6
TAYTE,M,71,5,71
TAYTEN,M,6,0,2
TAYUB,M,19,6,19
TAYVON,M,14,0,5
TAYYAB,M,366,76,366
TAYYABA,F,117,34,117
TAYYABAH,F,9,6,9
TAYYBA,F,4,4,4
TAYYBAH,F,4,0,1
TAYYEB,M,56,16,56
TAYYEBA,F,25,4,25
TAYYIB,M,201,46,201
TAYYIBA,F,119,15,119
TAYYIBAH,F,407,64,407
TAY-YIBAH,F,4,0,1
TAYYUB,M,29,11,29
TAZANNA,F,3,0,1
TAZEEM,M,4,0,1
TAZIM,M,3,0,1
TAZKIA,F,42,0,14
TAZKIYA,F,3,0,1
TAZKIYAH,F,4,0,1
TAZMINE,F,3,0,1
TAZMYN,F,5,5,5
TEAGAN,M,52,0,17
TEALA,F,3,0,1
TEALE,F,6,0,2
TEAN,F,11,6,11
TEAN,M,6,0,2
TEANA,F,3,0,1
TEAR,F,3,0,1
TEDD,M,4,0,1
TEDDI,F,21,0,7
TEDDI,M,36,0,12
TEDDIE,F,33,0,11
TEDDIE-JAMES,M,4,0,1
TEDDY-JACK,M,3,0,1
TEDDY-JAMES,M,34,0,11
TEDDY-JAY,M,6,0,2
TEDDY-JOHN,M,6,0,2
TEDDY-LEE,M,13,0,4
TEDDY-RAY,M,13,0,4
TEE,M,19,0,6
TEEGAN,M,41,0,14
TEEGAN-LEIGH,F,12,0,4
TEESHA,F,21,0,7
TEEYA,F,13,0,4
TEGA,M,3,0,1
TEGAN-LEIGH,F,10,0,3
TEGAN-LOUISE,F,3,0,1
TEGAN-MARIE,F,7,0,2
TEGBIR,M,3,0,1
TEGH,M,32,0,11
TEGHBIR,M,3,0,1
TEGHVEER,M,3,0,1
TEGID,M,4,0,1
TEGWYN,F,3,3,3
TEHANI,F,3,0,1
TEHILA,F,15,0,5
TEHILLA,F,38,0,13
TEHILLAH,F,37,0,12
TEHMEENA,F,4,4,4
TEHMINA,F,3,3,3
TEHMOOR,M,3,3,3
TEHMUR,M,4,0,1
TEIFI,M,21,0,7
TEIGAN,M,13,0,4
TEIGE,M,3,3,3
TEIGHLOR,F,5,5,5
TEIGUE,M,6,0,2
TEILO,M,76,3,76
TEIRA,F,3,0,1
TEIYA,F,3,0,1
TEJA,F,182,6,182
TEJAH,F,3,0,1
TEJASVI,F,12,0,4
TEJINDER,M,15,0,5
TEJPAL,M,3,3,3
TEJVEER,M,18,0,6
TEJVIR,M,17,0,6
TELIA,F,10,3,10
TELISHA,F,29,5,29
TELMO,M,3,0,1
TELVIN,M,3,0,1
TEMESGEN,M,3,0,1
TEMI,F,6,0,2
TEMIA,F,3,0,1
TEMIDAYO,M,43,3,43
TEMIDIRE,F,8,0,3
TEMIDIRE,M,6,0,2
TEMILADE,F,29,3,29
TEMILAYO,F,19,0,6
TEMILOLA,F,49,6,49
TEMISAN,F,6,0,2
TEMOOR,M,3,3,3
TEMPERENCE,F,3,0,1
TEMUULEN,M,4,0,1
TENAYA,F,13,0,4
TENDAI,F,12,0,4
TENDAYI,M,3,0,1
TENDEKAI,M,3,0,1
TENDO,M,4,0,1
TENECIA,F,3,0,1
TENIOLA,M,10,0,3
TENNILLE,F,4,4,4
TENNYSON,M,41,0,14
TENULI,F,3,0,1
TEODORO,M,11,0,4
TEOFILO,M,3,0,1
TEOMAN,M,31,0,10
TEONIE,F,3,0,1
TEQUAN,M,14,0,5
TEQUILLA,F,3,3,3
TERELLE,M,3,3,3
TERENA,F,3,3,3
TERINA,F,4,4,4
TERRIANN,F,3,0,1
TERRY,F,3,0,1
TERRY-JAMES,M,3,0,1
TERRY-JUNIOR,M,3,0,1
TERVEL,M,3,0,1
TESHA,F,8,0,3
TESLIM,M,9,0,3
TESLIMAT,F,3,0,1
TESSY,F,3,0,1
TEYAH,F,56,0,19
TEYANA,F,37,0,12
TEYANNA,F,9,0,3
TEYEN,M,4,0,1
TEYHA,F,3,0,1
TEYMOUR,M,4,0,1
TEYONA,F,3,0,1
THABANI,M,10,0,3
THABISILE,F,12,0,4
THABISO,F,3,0,1
THABISO,M,17,0,6
THAHERA,F,11,5,11
THAHIA,F,7,0,2
THAHIRA,F,3,0,1
THAIBA,F,16,6,16
THAILA,F,72,0,24
THAISA,F,3,0,1
THALEIA,F,12,0,4
THALHA,M,3,0,1
THALIA-ROSE,F,3,0,1
THAMEENA,F,6,3,6
THAMINAH,F,12,4,12
THANAA,F,7,0,2
THANDISWA,F,3,0,1
THANDIWE,F,82,6,82
THANDO,F,9,0,3
THANDO,M,12,0,4
THANH,F,6,3,6
THANISHA,F,18,0,6
THANUSAN,M,6,0,2
THANUSH,M,7,0,2
THANUSHA,F,3,3,3
THANUSHAN,M,10,0,3
THANUSHKA,F,6,0,2
THANUSKA,F,3,0,1
THANYA,F,9,3,9
THAO,F,4,4,4
THARAN,M,6,0,2
THARANYA,F,6,0,2
THARSHAN,M,3,0,1
THARSIKA,F,3,0,1
THARUSHI,F,6,0,2
THASHVIN,M,3,0,1
THASNIM,F,4,0,1
THATCHER,M,4,0,1
THATO,M,8,0,3
THAYA,F,3,0,1
THE,M,11,4,11
THEA-MAE,F,4,0,1
THEA-ROSE,F,28,0,9
THEERTHA,F,3,0,1
THEHAN,M,12,0,4
THEMBA,M,12,0,4
THENUK,M,3,0,1
THEODORE-JAMES,M,3,0,1
THEO-GEORGE,M,3,0,1
THEO-JACK,M,3,0,1
THEO-JAMES,M,39,0,13
THEO-JOHN,M,3,0,1
THEOLA,F,3,0,1
THEONA,F,3,0,1
THEONI,F,3,0,1
THEO-PAUL,M,3,0,1
THEOPHANIA,F,3,0,1
THEOPHILE,M,3,0,1
THERESIA,F,3,0,1
THIAN,M,15,0,5
THIEN,M,6,3,6
THIERNO,M,16,0,5
THIERRA,F,3,0,1
THIJS,M,7,0,2
THIRA,F,3,0,1
THIRZA,F,4,0,1
THISBE,F,4,0,1
THIVEN,M,5,0,2
THIVIYA,F,11,5,11
THIVYA,F,17,3,17
THIVYAN,M,6,0,2
THIYA,F,12,0,4
THOMAS-HENRY,M,3,0,1
THOMAS-JOHN,M,15,0,5
THOMAS-JUNIOR,M,4,0,1
THOMPSON,M,6,3,6
THOMSON,M,6,0,2
THORBEN,M,3,0,1
THORIN,M,26,0,9
THORNE,M,11,0,4
THORNTON,M,3,0,1
THU,F,22,6,22
THURAYA,F,14,0,5
THURAYYA,F,3,0,1
THURSTON,M,27,6,27
THY,F,3,0,1
THYRA,F,15,0,5
TIA-,F,6,0,2
TIAAMII,F,12,0,4
TIAAN,M,12,0,4
TIA-ANN,F,6,0,2
TIA-GRACE,F,3,0,1
TIALEIGH,F,3,0,1
TIAM,M,18,0,6
TIA-MAI,F,37,0,12
TIA-MARIA,F,3,0,1
TIA-MARIE,F,35,3,35
TIA-MAY,F,48,0,16
TIAMI,F,9,0,3
TIAMII,F,9,0,3
TIAMO,F,3,0,1
TIANAH,F,51,0,17
TIANA-LEIGH,F,18,0,6
TIANA-MAI,F,12,0,4
TIANA-MARIE,F,3,0,1
TIANA-ROSE,F,23,0,8
TIANE,F,3,0,1
TIANEE,F,5,0,2
TIANI,F,67,5,67
TIANIE,F,13,0,4
TIANNA-LEIGH,F,15,0,5
TIANNA-MAI,F,23,0,8
TIANNA-MARIE,F,15,0,5
TIANNA-MAY,F,16,0,5
TIANNA-ROSE,F,25,0,8
TIANNI,F,8,0,3
TIANO,M,3,0,1
TIANYI,M,3,0,1
TIA-RAE,F,25,0,8
TIARAH,F,7,0,2
TIARA-LEIGH,F,3,0,1
TIARAOLUWA,F,13,0,4
TIARN,F,3,0,1
TIARNI,F,48,0,16
TIARNNA,F,3,0,1
TIARRA,F,3,0,1
TIA-SKYE,F,3,0,1
TIAUNNA,F,6,6,6
TIAYANA,F,3,0,1
TIBA,F,3,0,1
TIBYAN,F,3,0,1
TIDA,F,12,0,4
TIEGAN,M,3,3,3
TIEGHAN,F,9,0,3
TIEN,F,15,0,5
TIERA,F,6,6,6
TIEREN,M,3,0,1
TIERNEY,M,4,0,1
TIERNI,F,3,3,3
TIERNIE,F,3,0,1
TIERNY,F,3,0,1
TIERRA,F,43,0,14
TIESHA,F,9,0,3
TIFANI,F,3,0,1
TIFEOLUWA,F,9,0,3
TIFFANEY,F,4,0,1
TIFFANY-MARIE,F,3,0,1
TIFFANY-ROSE,F,30,0,10
TIGER-LILLY,F,15,0,5
TIGER-LILY,F,59,0,20
TIGER-ROSE,F,3,0,1
TIHANA,F,3,0,1
TIHANNA,F,30,0,10
TIIA,F,3,0,1
TIJA,F,32,0,11
TIJAN,M,35,3,35
TIJANA,F,30,4,30
TIJANI,M,6,0,2
TIJEN,F,3,0,1
TILAK,M,34,4,34
TILEAH,F,9,0,3
TILI,F,3,0,1
TILISA,F,3,0,1
TILISHA,F,11,4,11
TILLEIGH,F,7,0,2
TILLIAH,F,6,0,2
TILLIE-MAE,F,89,0,30
TILLIE-MAI,F,25,0,8
TILLIE-MAY,F,20,0,7
TILLIE-ROSE,F,36,0,12
TILLY-,F,8,0,3
TILLY-ANN,F,41,0,14
TILLY-ANNE,F,25,0,8
TILLY-GRACE,F,13,0,4
TILLY-JO,F,4,0,1
TILLY-LOU,F,6,0,2
TILLY-LOUISE,F,10,0,3
TILLYMAE,F,12,0,4
TILLY-MAI,F,64,0,21
TILLY-MARIE,F,19,0,6
TILLY-RAE,F,34,0,11
TILLYROSE,F,12,0,4
TILLY-ROSE,F,162,0,54
TIMARA,F,6,6,6
TIMEA,F,71,0,24
TIMEEA,F,13,0,4
TIMI,M,3,0,1
TIMILEHIN,M,11,0,4
TIMILEYIN,M,10,0,3
TIMO,M,84,3,84
TIMOFEJ,M,7,0,2
TIMOTEI,M,40,0,13
TIMOTEJ,M,3,0,1
TIMOTHEE,M,49,0,16
TIMUCIN,M,7,0,2
TIMURS,M,15,0,5
TINARA,F,12,0,4
TINASHE,F,60,3,60
TINAYA,F,4,0,1
TINAYE,F,3,0,1
TINAYE,M,26,0,9
TINAYEISHE,F,3,0,1
TING,F,14,0,5
TING,M,3,0,1
TINOTENDA,F,54,0,18
TINOTENDA,M,88,0,29
TIOLUWANI,M,4,0,1
TIONA,F,35,0,12
TIONI,F,3,0,1
TIPPI,F,55,0,18
TIRA,F,22,4,22
TIRAN,M,6,0,2
TIRATH,M,9,3,9
TIREE,F,3,0,1
TIRENIOLUWA,F,18,0,6
TIRENIOLUWA,M,7,0,2
TIRIAN,F,3,3,3
TIRION,M,3,0,1
TIRTH,M,15,0,5
TIRZAH,F,31,3,31
TISA,F,3,0,1
TISHAAN,M,3,0,1
TISHAN,M,6,0,2
TISHANA,F,6,0,2
TISHAUN,M,3,0,1
TISYA,F,12,0,4
TITAS,M,75,0,25
TITO,M,13,0,4
TITOBILOLUWA,F,3,0,1
TITOBILOLUWA,M,3,0,1
TITOBIOLUWA,M,6,0,2
TIVON,M,3,0,1
TIWALADE,F,3,0,1
TIWALOLA,F,3,0,1
TIWALOLUWA,F,4,0,1
TIYAH,F,9,0,3
TIYANAH,F,3,0,1
TIYANNA,F,26,4,26
TIYARA,F,3,0,1
TIYEN,M,3,0,1
TIZIANO,M,3,0,1
TJ,M,214,3,214
TJAY,M,95,3,95
T-JAY,M,198,13,198
T'KEYAH,F,3,0,1
TOBA,F,10,0,3
TOBE,M,3,0,1
TOBENNA,F,3,0,1
TOBENNA,M,51,0,17
TOBI,F,15,0,5
TOBIA,M,7,0,2
TOBIAH,M,56,4,56
TOBIASZ,M,168,0,56
TOBIE,F,4,0,1
TOBILOBA,M,23,0,8
TOBY-JAMES,M,28,0,9
TODOR,M,9,0,3
TOHEED,M,29,4,29
TOHURA,F,3,0,1
TOLA,F,59,0,20
TOLEEN,F,6,0,2
TOLUNAY,M,3,3,3
TOLUWALOPE,M,12,6,12
TOLUWANI,F,59,6,59
TOLUWANIMI,M,51,0,17
TOMA,F,16,0,5
TOMEK,M,11,4,11
TOMI-LEE,M,3,0,1
TOMIWA,M,20,0,7
TOMMI,F,3,0,1
TOMMIE-LEE,M,27,0,9
TOMMY,F,3,3,3
TOMMY-DEAN,M,3,0,1
TOMMY-J,M,3,0,1
TOMMY-JACK,M,3,0,1
TOMMY-JAI,M,4,0,1
TOMMY-JAMES,M,46,0,15
TOMMY-JAY,M,81,4,81
TOMMY-JO,M,3,0,1
TOMMY-JOHN,M,9,0,3
TOMMY-JUNIOR,M,3,0,1
TOMMY-RAY,M,15,0,5
TOMS,M,46,0,15
TONI,M,25,6,25
TONI-ANN,F,44,6,44
TONI-LEA,F,15,0,5
TONI-MAY,F,6,0,2
TONIS,M,7,0,2
TONY-JUNIOR,M,10,0,3
TOOBA,F,56,0,19
TOPRAK,M,51,0,17
TOPSY,F,6,0,2
TORAH,F,6,0,2
TOREN,M,37,3,37
TOREY,F,21,0,7
TORIA,F,18,3,18
TORI-LEIGH,F,41,6,41
TORR,M,4,0,1
TORRANCE,F,8,0,3
TORREN,M,6,0,2
TORRES,M,13,0,4
TORRI,F,31,0,10
TORRIE,F,27,0,9
TORRIN,M,57,6,57
TORY,F,9,3,9
TORY,M,6,3,6
TORYN,M,15,0,5
TOSEEF,M,9,9,9
TOSIA,F,15,0,5
TOULA,F,18,0,6
TOURE,M,16,0,5
TOVA,F,59,0,20
TOVE,F,11,0,4
TOYIN,M,3,0,1
TRAN,F,3,0,1
TRANG,F,8,0,3
TRAVAE,M,3,0,1
TRAVIS-JAMES,M,3,0,1
TRAVIS-LEE,M,8,0,3
TRAVON,M,3,0,1
TRAYVON,M,27,6,27
TRENYCE,F,7,0,2
TRESIAH,M,3,0,1
TREVELL,M,4,0,1
TREVIN,M,3,0,1
TREVYN,F,3,3,3
TREYDEN,M,3,0,1
TREYNAE,M,3,3,3
TREYON,M,4,0,1
TREYSON,M,3,0,1
TRIANA,F,3,0,1
TRIANNA,F,12,0,4
TRINGA,F,3,0,1
TRINITI,F,14,0,5
TRINITY,M,7,0,2
TRINITY-ROSE,F,3,0,1
TRINNITY,F,3,0,1
TRINNY,F,6,0,2
TRISHAN,M,15,0,5
TRISHANA,F,6,0,2
TRISHUL,M,4,4,4
TRISTAN-JAMES,M,10,0,3
TRISTAN-LEE,M,12,0,4
TRIUMPH,F,6,0,2
TRU,F,68,0,23
TRU,M,9,0,3
TRULIE,F,4,0,1
TRUONG,M,6,0,2
TRUPTI,F,3,0,1
TRYFAN,M,9,0,3
TRYPHAENA,F,12,0,4
TRYPHENA,F,13,3,13
TSEHAY,F,3,0,1
TSELMUUN,F,12,0,4
TSERING,F,3,0,1
TSION,F,4,0,1
TSITSI,F,3,0,1
TSUKI,F,3,0,1
TSVETAN,M,3,0,1
TUCHE,F,3,0,1
TUDUR,M,13,6,13
TUGBA,F,10,3,10
TUHEED,M,4,0,1
TUI,F,9,0,3
TULEAH,F,6,0,2
TULEEN,F,3,0,1
TULIN,F,6,0,2
TULISA-MARIE,F,12,0,4
TULISA-MAY,F,12,0,4
TULISA-ROSE,F,3,0,1
TULISHA,F,59,0,20
TULLULAH,F,20,0,7
TULULAH,F,3,0,1
TUMELO,M,6,0,2
TUNISHA,F,6,3,6
TUPPENCE,F,9,0,3
TURAAB,M,3,0,1
TURAYA,F,3,0,1
TURKI,M,3,0,1
TUSHAR,M,35,0,12
TUULI,F,3,0,1
TUVIA,M,3,0,1
TVISHA,F,33,0,11
TWIN,M,3,0,1
TWINKLE,F,10,0,3
TWISHA,F,13,0,4
TY,F,7,0,2
TYA,F,25,6,25
T'YANNA,F,3,3,3
TYANNE,F,18,0,6
TYARNA,F,11,0,4
TYBERIUS,M,3,0,1
TYDAN,M,3,0,1
TYDE,M,3,0,1
TYEE,M,16,0,5
TYEISHA,F,3,0,1
TYELER,M,3,3,3
TYGA,M,3,0,1
TYGAN,F,3,0,1
TYHAN,M,3,0,1
TYI,M,3,0,1
TYISHA,F,20,10,20
TYLAH,M,38,6,38
TYLEN,M,12,0,4
TYLER-,M,6,0,2
TYLER-DEAN,M,6,3,6
TYLER-JACK,M,21,0,7
TYLER-JACOB,M,6,0,2
TYLER-JAI,M,27,0,9
TYLER-JAKE,M,7,0,2
TYLERJAY,M,3,0,1
TYLER-JOE,M,33,0,11
TYLER-JOHN,M,72,0,24
TYLER-LEE,M,86,3,86
TYLER-RAY,M,6,0,2
TYLER-RHYS,M,8,0,3
TYLER-SCOTT,M,7,0,2
TYLISHA,F,3,0,1
TYLO,M,3,0,1
TYLON,M,4,0,1
TYLOR,M,314,41,314
TYMON,M,378,0,126
TYMOTEUSZ,M,291,0,97
TYNESHA,F,6,3,6
TYNISHA,F,4,0,1
TYR,M,9,0,3
TYRAE,M,6,0,2
TYRAH,F,45,10,45
TYRAN,M,117,40,117
TYREACE,M,3,0,1
TYREAK,M,3,0,1
TYREASE,M,6,3,6
TYRECK,M,3,0,1
TY-REECE,M,4,0,1
TYREEQ,M,3,0,1
TYREES,M,14,0,5
TYREISS,M,5,5,5
TYRESE,F,5,5,5
TYRHYS,M,54,0,18
TYRICK,M,3,3,3
TYRIECE,M,9,3,9
TYRIEK,M,3,0,1
TYRIK,M,15,7,15
TYRIQ,M,60,34,60
TYRIQUE,M,163,67,163
TYRUS,M,36,3,36
TYSHA,F,6,0,2
TYSHAUN,M,3,0,1
TYUS,M,5,5,5
TZE,M,3,0,1
TZIPORA,F,9,0,3
TZIPORAH,F,12,3,12
TZIPPORA,F,4,0,1
TZIPPORAH,F,34,3,34
TZIPPY,F,3,0,1
TZIREL,F,14,0,5
TZVI,M,109,4,109
UBAIDAH,M,7,0,2
UBAIDULLAH,M,63,4,63
UBAY,M,4,0,1
UBAYD,M,116,0,39
UBAYDAH,M,13,0,4
UBAYDULLAH,M,54,0,18
UBHAY,M,6,0,2
UCHE,M,4,0,1
UCHECHI,F,10,0,3
UCHENNA,F,10,7,10
UDAY,M,25,0,8
UDAYSAH,F,3,0,1
UDIT,M,6,0,2
UDONNA,M,3,0,1
UFUK,M,6,6,6
UGBAD,F,3,0,1
UGNE,F,141,0,47
UGO,M,6,0,2
UGOCHI,F,21,0,7
UGONNA,F,15,0,5
UGURCAN,M,3,0,1
UJALA,F,3,0,1
UJJWAL,M,3,0,1
ULAS,M,29,5,29
ULJANA,F,3,0,1
ULYANA,F,13,0,4
UM,F,3,0,1
UMAAMAH,F,7,0,2
UMAAN,M,9,0,3
UMAH,F,6,3,6
UMAIMA,F,171,6,171
UMAIRAH,F,25,0,8
UMAIYA,F,3,0,1
UMAIYAH,F,6,0,2
UMAIYYAH,F,7,0,2
UMAIZA,F,227,0,76
UMANG,M,6,3,6
UMAR-FAROOQ,M,3,0,1
UMAYA,F,18,0,6
UMAYAH,F,34,0,11
UMAYER,M,3,0,1
UMAYMA,F,97,0,32
UMAYNAH,F,26,0,9
UMAYRAH,F,53,0,18
UMAYYA,F,10,0,3
UMAYYAH,F,136,0,45
UMBERTO,M,3,0,1
UME-HABIBA,F,3,0,1
UMESH,M,3,0,1
UMI,F,24,4,24
UMIKA,F,14,0,5
UMM,F,39,3,39
UMMA,F,6,3,6
UMMAY,F,22,6,22
UMMAYAH,F,29,0,10
UMMAYYAH,F,88,0,29
UMMEHAANI,F,12,0,4
UMME-HAANI,F,3,0,1
UMME-HABIBA,F,16,0,5
UMM-E-HABIBA,F,12,0,4
UMME-HABIBAH,F,3,0,1
UMMEHANI,F,3,0,1
UMME-HANI,F,3,0,1
UMM-E-HANI,F,8,0,3
UMMU,F,4,0,1
UMU,F,3,0,1
UMUTCAN,M,6,0,2
UNAI,M,6,0,2
UNAIS,M,59,0,20
UNAISA,F,23,0,8
UNATHI,M,13,0,4
UNAYS,M,28,3,28
UNAYSA,F,15,0,5
UNAYSAH,F,101,0,34
UNNATI,F,6,0,2
UPASANA,F,3,0,1
UQBAH,M,9,0,3
URAV,M,3,0,1
URBAN,M,3,0,1
UREEBA,F,3,0,1
URIJAH,M,6,0,2
UROOJ,F,145,19,145
URTE,F,94,0,31
URWA,F,71,0,24
URWAH,F,49,6,49
URWAH,M,6,0,2
USAAMA,M,3,3,3
USAMA,M,203,153,203
USAMAH,M,210,159,210
USAYD,M,113,13,113
USHA,F,6,0,2
USHBA,F,3,3,3
USHER,M,23,0,8
USHNA,F,7,3,7
USMAAN,M,403,142,403
USSAMA,M,3,3,3
USWAH,F,19,0,6
UTKARSH,M,3,0,1
UTKU,M,10,0,3
UWAYS,M,12,3,12
UYIOSA,M,17,0,6
UZOAMAKA,F,4,4,4
VAANI,F,37,0,12
VAANIKA,F,3,0,1
VAANYA,F,3,0,1
VADIM,M,39,0,13
VAHID,M,3,3,3
VAHIN,M,3,0,1
VAHINI,F,9,0,3
VAIBHAV,M,21,0,7
VAIBHAVI,F,15,0,5
VAIDEHI,F,28,0,9
VAINAVI,F,3,0,1
VAISHNAV,M,3,0,1
VAISHNAVI,F,105,4,105
VAISHVI,F,3,0,1
VAKARE,F,32,0,11
VAKARIS,M,52,0,17
VAKKAS,M,3,0,1
VALANKA,F,3,0,1
VALERIJA,F,47,0,16
VALERIO,M,10,0,3
VALERY,F,11,0,4
VALTERS,M,3,0,1
VAMIKA,F,4,0,1
VAN,F,12,0,4
VANCE,M,3,0,1
VANDA,F,15,0,5
VANEEZA,F,28,0,9
VANSH,M,142,0,47
VANSHI,F,12,0,4
VANSHIKA,F,67,0,22
VARANDEEP,M,3,0,1
VARIN,F,16,0,5
VARINDER,F,3,3,3
VARINDER,M,3,0,1
VARISHA,F,16,0,5
VARNIKA,F,3,0,1
VARSHA,F,91,6,91
VARSHAA,F,3,0,1
VARSHAN,M,3,0,1
VARSHINI,F,25,0,8
VARVARA,F,15,0,5
VASILISA,F,8,0,3
VAYUN,M,5,0,2
VED,M,142,0,47
VEDANSH,M,7,0,2
VEDANSHI,F,16,0,5
VEDANTH,M,7,0,2
VEDAT,M,3,0,1
VEDH,M,3,0,1
VEDIKA,F,57,0,19
VEERA,F,43,0,14
VEERAJ,M,10,0,3
VEERAN,M,40,0,13
VEERPARTAP,M,4,0,1
VEGAS,M,6,3,6
VEJAS,M,10,0,3
VELI,M,6,0,2
VELIZAR,M,6,0,2
VENA,F,6,0,2
VENBA,F,4,0,1
VENERA,F,6,0,2
VENESA,F,4,0,1
VENISHA,F,20,3,20
VENKATA,M,24,3,24
VENYA,F,18,0,6
VERON,M,25,3,25
VESTINA,F,12,0,4
VEYRON,M,3,0,1
VIAAN,M,105,0,35
VIALLI,M,6,0,2
VIAN,M,20,0,7
VIANA,F,14,0,5
VIANNA,F,16,0,5
VIANNE,F,14,0,5
VIBHA,F,11,0,4
VIBHAV,M,8,0,3
VIBHUTI,F,4,4,4
VICENZO,M,3,0,1
VICTORINE,F,4,0,1
VIDHAN,M,3,0,1
VIDHUN,M,3,0,1
VIDHYA,F,15,0,5
VIDISHA,F,9,0,3
VIDUR,M,6,3,6
VIDYA,F,31,4,31
VIERA,F,7,0,2
VIGAN,M,3,3,3
VIHA,F,7,0,2
VIHAAN,M,336,0,112
VIHAN,M,29,0,10
VIHANA,F,8,0,3
VIKASNI,F,3,0,1
VIKITA,F,6,3,6
VIKRAMJIT,M,6,0,2
VIKRANT,M,9,0,3
VIKTORAS,M,4,0,1
VIKTORIJA,F,206,0,69
VIKTORS,M,4,0,1
VILIAM,M,5,0,2
VILLADS,M,3,0,1
VILLO,F,3,0,1
VILTE,F,160,0,53
VIMBAI,F,9,0,3
VIMBAINASHE,F,4,0,1
VINA,F,35,0,12
VINAYAK,M,11,0,4
VINCENTAS,M,8,0,3
VINDA,F,3,0,1
VINEET,F,3,3,3
VINEET,M,33,7,33
VINEETH,M,3,0,1
VINESH,M,34,18,34
VINH,M,20,13,20
VINIT,M,3,0,1
VINITA,F,6,3,6
VINNEY,M,6,0,2
VINNIE-LEE,M,10,0,3
VINOD,M,3,0,1
VINSON,M,7,0,2
VINUDI,F,6,0,2
VINUK,M,3,0,1
VIOLET-GRACE,F,4,0,1
VIOLET-MAE,F,3,0,1
VIOLET-MAY,F,29,0,10
VIOLET-ROSE,F,63,0,21
VIOLETT,F,3,0,1
VIOLETTA,F,59,0,20
VIONA,F,4,0,1
VIRA,F,4,0,1
VIRAAJ,M,53,0,18
VIRAAT,M,4,0,1
VIRAG,F,4,0,1
VIRAJ,M,204,37,204
VIRAL,M,3,3,3
VIRAN,M,13,3,13
VIRAT,M,28,0,9
VISAKAN,M,3,0,1
VISHA,F,3,0,1
VISHAAL,M,26,11,26
VISHAKHA,F,6,0,2
VISHAN,M,10,0,3
VISHESH,M,3,0,1
VISHRUTH,M,7,0,2
VISHVA,F,16,0,5
VISHVA,M,8,0,3
VISHWA,F,3,0,1
VISHWA,M,3,0,1
VISMAY,M,3,0,1
VITHURAN,M,3,0,1
VITHUSAN,M,12,0,4
VITHUSHA,F,21,3,21
VITHUSHAN,M,24,6,24
VITORIA,F,19,0,6
VIVA,F,19,3,19
VIVAAN,M,265,0,88
VIVAN,M,39,0,13
VIVI,F,11,0,4
VIVIAN,M,10,0,3
VIVIANNA,F,10,0,3
VIYA,F,21,0,7
VIYAAN,M,11,0,4
VIYAN,F,22,0,7
VIYAN,M,28,0,9
VLADIMIRS,M,3,0,1
VLADISLAVS,M,3,0,1
VLADYSLAV,M,3,0,1
VLERA,F,18,0,6
VOLVY,M,3,0,1
VRAJ,M,37,0,12
VRINDA,F,45,0,15
VRISHA,F,3,0,1
VRISHANK,M,3,0,1
VRISHIN,M,3,0,1
VRISHTI,F,3,0,1
VRITI,F,12,0,4
VRITIKA,F,4,0,1
VRUNDA,F,6,0,2
VRUSHTI,F,3,0,1
VSEVOLOD,M,3,0,1
VU,M,8,0,3
VUK,M,4,0,1
VUKASIN,M,3,0,1
VUONG,M,3,0,1
VY,F,36,3,36
VYAN,M,17,0,6
VYOM,M,39,0,13
VYTAUTAS,M,3,0,1
VYTE,F,4,0,1
VYTIS,M,3,0,1
WAAD,F,16,0,5
WAAIL,M,3,0,1
WAARIS,M,3,0,1
WAASIL,M,3,0,1
WADAAN,M,3,0,1
WADAN,M,3,0,1
WADE,F,3,0,1
WADI,M,3,0,1
WAEL,M,41,0,14
WAFAA,F,23,0,8
WAFI,M,21,0,7
WAFIQ,M,9,0,3
WAGMA,F,3,0,1
WAHAAB,M,6,3,6
WAHAB,M,73,7,73
WAHAJ,M,16,3,16
WAHHAJ,M,9,0,3
WAHIBAH,F,3,0,1
WAHIDAH,F,3,0,1
WAHIDUL,M,4,4,4
WAHIDUR,M,12,6,12
WAIL,M,9,3,9
WAIS,M,6,0,2
WAIZ,M,10,0,3
WAJAAHAT,M,3,0,1
WAJAHAT,M,44,26,44
WAJEEH,M,3,0,1
WAJEEHA,F,67,5,67
WAJID,M,62,33,62
WAJIHA,F,92,5,92
WAJIHAH,F,46,4,46
WALAA,F,4,0,1
WALED,M,3,0,1
WALIULLAH,M,3,0,1
WALIYAH,F,11,0,4
WANA,F,3,0,1
WANESSA,F,9,0,3
WANG,M,6,6,6
WANIA,F,145,0,48
WANIYA,F,65,0,22
WAQAAR,M,17,14,17
WAQAAS,M,12,12,12
WAREESHA,F,74,0,25
WARISHA,F,22,0,7
WARISHAH,F,4,0,1
WARNAKULASURIYA,M,3,0,1
WARVAN,M,3,0,1
WARVIN,F,3,0,1
WASAN,F,3,0,1
WASAY,M,3,0,1
WASI,M,22,0,7
WASIB,M,3,0,1
WASIQ,M,4,0,1
WASSIM,M,110,4,110
WATEEN,F,6,0,2
WAYLON,M,12,0,4
WEAAM,F,3,0,1
WEAM,F,3,0,1
WEN,M,94,4,94
WENTWORTH,M,7,0,2
WEST,M,7,0,2
WIAM,F,7,0,2
WICTORIA,F,18,0,6
WIDAD,F,11,0,4
WIKTORIA,F,1211,0,404
WILDAN,M,12,0,4
WILLAM,M,3,0,1
WILLIAM-JAMES,M,3,0,1
WILLLIAM,M,3,0,1
WILLOW-ANNE,F,3,0,1
WILLOW-GRACE,F,43,0,14
WILLOW-MAE,F,23,0,8
WILLOW-MAI,F,8,0,3
WILLOW-MAY,F,9,0,3
WILLOW-RAE,F,13,0,4
WILLS,M,6,0,2
WINNER,F,15,0,5
WINNER,M,4,0,1
WINTA,F,15,0,5
WINTER-ROSE,F,32,0,11
WIOLETTA,F,3,0,1
WISSAL,F,3,0,1
WOLFE,M,10,0,3
WOLFIE,M,4,0,1
WOODIE,M,3,0,1
WREN,M,47,0,16
WYNN,M,14,0,5
WYNNE,M,3,0,1
WYNTER,F,88,0,29
WYNTER,M,4,0,1
WYNTER-ROSE,F,11,0,4
WYSTAN,M,3,0,1
XABIER,M,4,0,1
XANNA,F,3,0,1
XANTE,F,6,0,2
XANTHIA,F,6,0,2
XARIA,F,6,0,2
XAVERY,M,3,0,1
XAVIA,F,9,3,9
XAVIAN,M,11,0,4
XAVIAR,M,4,0,1
XAVIERA,F,7,0,2
XAVIERE,F,3,0,1
XAVION,M,3,0,1
XAWERY,M,4,0,1
XHESIKA,F,10,6,10
XHOANA,F,3,0,1
XIANA,F,3,0,1
XIENNA,F,3,0,1
XIMENA,F,4,0,1
XING,M,11,0,4
XINYAN,F,3,0,1
XINYI,F,27,0,9
XIOMARA,F,15,0,5
XUE,F,26,0,9
XYLIA,F,7,0,2
XYLO,M,3,0,1
XZANDER,M,3,0,1
XZAVIER,M,23,0,8
YA,F,47,3,47
YAA,F,54,6,54
YAACOV,M,6,0,2
YAAMEEN,M,7,0,2
YAARA,F,3,0,1
YAASIN,M,8,0,3
YAASIR,M,58,0,19
YACIN,M,3,0,1
YACINE,M,139,9,139
YACOUB,M,50,3,50
YACOV,M,5,0,2
YACQUB,M,56,0,19
YAD,M,123,0,41
YADAV,M,3,0,1
YADAVI,F,3,0,1
YAEL,M,6,0,2
YAFI,M,9,0,3
YAFIET,M,3,0,1
YAGIZ,M,6,0,2
YAHHYA,M,3,0,1
YAHIA,M,75,4,75
YAHIYA,M,17,0,6
YAHVI,F,14,0,5
YAHYAA,M,67,5,67
YAIR,M,18,3,18
YAIZA,F,6,3,6
YAKIRA,F,20,0,7
YAKOB,M,3,0,1
YAKOUB,M,15,0,5
YAKSH,M,3,0,1
YAKUP,M,17,0,6
YALDA,F,76,0,25
YALIN,M,3,0,1
YALINA,F,3,0,1
YAMA,M,3,0,1
YAMAN,M,22,0,7
YAMEN,M,20,0,7
YAMIKANI,M,3,0,1
YAMINA,F,33,5,33
YAMINAH,F,13,0,4
YAMINI,F,5,0,2
YAMNA,F,3,0,1
YAMUR,F,3,0,1
YAN,F,77,6,77
YANET,F,9,0,3
YANG,F,9,0,3
YANG,M,15,0,5
YANI,M,9,0,3
YANKY,M,9,0,3
YAO,M,4,0,1
YAPHET,M,6,0,2
YAPRAK,F,3,0,1
YAQEEN,M,17,0,6
YAQOOB,M,140,6,140
YA'QUB,M,4,0,1
YAQUUB,M,3,0,1
YARAN,F,18,0,6
YARAN,M,6,0,2
YARED,M,9,0,3
YARON,M,4,0,1
YAROSLAV,M,16,0,5
YAROSLAVA,F,3,0,1
YASA,M,3,0,1
YASAMIN,F,25,9,25
YASEER,M,16,0,5
YASEN,M,4,0,1
YASHA,M,4,0,1
YASHAR,M,6,3,6
YASHAS,M,3,0,1
YASHFA,F,39,0,13
YASHFEEN,F,3,0,1
YASHI,F,17,0,6
YASHICA,F,24,0,8
YASHIKA,F,44,0,15
YASHIL,M,3,3,3
YASHITA,F,3,0,1
YASHNA,F,7,0,2
YASHNI,F,3,0,1
YASHRAJ,M,31,0,10
YASHUA,M,6,0,2
YASHVEER,M,25,0,8
YASHVI,F,117,0,39
YASHVIR,M,3,0,1
YASHWANTH,M,3,0,1
YASIIN,M,11,0,4
YASINE,M,4,0,1
YASIRA,F,12,0,4
YASIRAH,F,16,0,5
YASMEENAH,F,3,0,1
YASMEN,F,7,0,2
YASMYN,F,9,3,9
YASNA,F,35,0,12
YASRA,F,3,0,1
YASSEEN,M,18,3,18
YASSIN,F,14,0,5
YAT,M,3,0,1
YATHARTH,M,4,0,1
YAVOR,M,11,0,4
YAVUZ,M,10,0,3
YAW,M,114,13,114
YAWAR,M,3,3,3
YAYA,M,10,0,3
YAYRA,F,3,0,1
YAZAN,M,123,3,123
YAZDAN,M,10,0,3
YAZEED,M,29,0,10
YAZEN,M,14,0,5
YAZID,M,28,8,28
YAZMINA,F,6,0,2
YAZMYN,F,6,0,2
YE,F,30,0,10
YE,M,4,0,1
YEA,F,6,0,2
YECHESKEL,M,11,0,4
YECHEZKEL,M,19,10,19
YECHIEL,M,54,12,54
YEDIDYA,M,8,0,3
YEE,F,24,14,24
YEGOR,M,6,0,2
YEHONATAN,M,3,0,1
YEHOSHUA,M,68,9,68
YEHUDA,M,365,61,365
YEHUDAH,M,60,18,60
YEHUDIS,F,32,3,32
YEHYA,M,3,3,3
YEKCAN,M,3,0,1
YEKTA,M,6,0,2
YELDA,F,3,3,3
YELIZ,F,40,16,40
YEMAYA,F,6,6,6
YEN,F,13,9,13
YENA,F,3,0,1
YESHA,F,3,0,1
YESHAYA,M,18,0,6
YESHUA,M,20,3,20
YESIM,F,21,13,21
YESSINE,M,3,0,1
YESTIN,M,6,0,2
YETUNDE,F,35,16,35
YEZEN,M,3,0,1
YI,F,188,5,188
YI,M,176,3,176
YIANNA,F,3,3,3
YIANNI,M,20,4,20
YICHEN,M,14,0,5
YIDEL,M,6,0,2
YIFAN,M,4,0,1
YILDIZ,F,12,0,4
YILIN,F,9,0,3
YISHAI,M,34,0,11
YISRAEL,M,26,4,26
YISROEL,M,292,49,292
YITIAN,M,3,0,1
YITTY,F,89,12,89
YITZCHAK,M,11,4,11
YITZI,M,12,0,4
YIU,M,4,0,1
YIXIN,F,6,0,2
YIYANG,M,3,0,1
YIYI,F,3,0,1
YLLI,M,15,3,15
YLLKA,F,12,0,4
YLVA,F,20,0,7
YNES,F,4,0,1
YNEZ,F,6,0,2
YOANA,F,41,0,14
YOCHANAN,M,3,0,1
YOHANA,F,6,0,2
YOKO,F,3,0,1
YONA,F,13,0,4
YONA,M,13,0,4
YONAEL,M,3,0,1
YONAH,M,35,4,35
YONG,F,3,0,1
YONG,M,26,0,9
YONI,M,43,0,14
YOONIS,M,20,3,20
YOONSUNG,M,3,0,1
YOONUS,M,3,0,1
YOOSUF,M,26,3,26
YORDAN,M,8,0,3
YORI,M,3,0,1
YOSAN,F,17,0,6
YOSHI,M,10,0,3
YOSHUA,M,14,0,5
YOSIF,M,10,0,3
YOSRA,F,3,0,1
YOSSI,M,63,3,63
YOSYAS,M,3,0,1
YOTAM,M,13,0,4
YOU,F,12,0,4
YOU,M,6,0,2
YOUMNA,F,10,0,3
YOUNAS,M,19,4,19
YOUNESS,M,14,3,14
YOUNUS,M,93,9,93
YOURI,M,3,0,1
YOUSF,M,3,0,1
YOUSHA,M,6,0,2
YOUSSOUF,M,6,0,2
YSELLA,F,29,3,29
YTHAN,M,3,0,1
YUAN,F,6,0,2
YUCHEN,M,8,0,3
YUDHVEER,M,3,0,1
YUE,M,6,0,2
YUEL,M,3,0,1
YUG,M,84,0,28
YUGAN,M,6,0,2
YUGO,M,3,0,1
YUHAN,F,4,0,1
YUK,F,4,4,4
YUKA,F,10,0,3
YUKAI,M,3,0,1
YUKI,M,19,3,19
YUKTA,F,3,0,1
YUKTI,F,3,0,1
YUL,M,3,3,3
YUMA,F,4,0,1
YUMNAA,F,6,0,2
YUMNAH,F,18,0,6
YUN,M,24,3,24
YUNES,M,6,0,2
YUNIS,M,117,4,117
YUSAIRAH,F,19,0,6
YUSAYRAH,F,8,0,3
YUSHA,M,115,0,38
YUSHUA,M,6,0,2
YUSRAH,F,56,3,56
YUSSRA,F,14,0,5
YUSUPHA,M,13,3,13
YUTIKA,F,4,0,1
YUTO,M,9,0,3
YUTONG,F,11,0,4
YUUKI,M,10,7,10
YUUSUF,M,6,0,2
YUV,M,9,0,3
YUVAL,M,13,0,4
YUVAN,M,61,0,20
YUVEN,M,3,0,1
YUVIKA,F,3,0,1
YUVIN,M,6,0,2
YUVRAAJ,M,56,0,19
YUXIN,F,21,0,7
YVA,F,4,0,1
YVAINE,F,59,0,20
YVAN,M,12,6,12
YVI,F,3,0,1
YZABELLA,F,9,0,3
ZAAFIR,M,3,0,1
ZAAHID,M,13,3,13
ZAAHIR,M,16,3,16
ZAAHIRAH,F,3,0,1
ZAAKIR,M,92,21,92
ZAAKIRAH,F,35,10,35
ZAAMIN,M,6,0,2
ZAARA,F,576,0,192
ZAARAH,F,11,0,4
ZAARIYA,F,12,0,4
ZABIAN,M,3,0,1
ZABIR,M,3,0,1
ZABIULLAH,M,4,0,1
ZACARIA,M,3,3,3
ZACARIAH,M,29,0,10
ZACARIAS,M,12,0,4
ZACCAI,M,14,0,5
ZACCARIA,M,6,0,2
ZACCARY,M,3,0,1
ZACHARIYA,M,52,0,17
ZACHARIYAH,M,4,0,1
ZACHARYA,M,6,0,2
ZACHORY,M,6,0,2
ZACKARI,M,6,0,2
ZACKARIA,M,54,3,54
ZACKARIYA,M,89,0,30
ZACKARIYAH,M,6,0,2
ZACKARYA,M,3,0,1
ZADIE,F,70,0,23
ZAEEMAH,F,4,0,1
ZAFAR,M,39,4,39
ZAFIAH,F,3,0,1
ZAFIR,M,41,5,41
ZAFIRA,F,19,3,19
ZAFRAAN,M,3,3,3
ZAHA,F,9,0,3
ZAHAR,M,3,0,1
ZAHED,M,6,0,2
ZAHEDA,F,3,3,3
ZAHEED,M,6,6,6
ZAHEEN,F,11,0,4
ZAHEEN,M,11,0,4
ZAHEERA,F,13,0,4
ZAHER,M,4,0,1
ZAHI,M,34,0,11
ZAHIA,F,10,0,3
ZAHIL,M,4,0,1
ZAHIN,F,3,0,1
ZAHIYA,F,3,0,1
ZAHRAA,F,752,130,752
ZAHRAN,M,10,0,3
ZAI,M,9,0,3
ZAIB,M,9,0,3
ZAIBAA,F,37,0,12
ZAIB-UN-NISA,F,3,0,1
ZAIDA,F,23,0,8
ZAIDAAN,M,6,0,2
ZAIDAN,M,63,3,63
ZAIDE,M,6,0,2
ZAIDEN,M,92,0,31
ZAIGHAM,M,6,3,6
ZAIIN,M,3,0,1
ZAIL,M,3,0,1
ZAILA,F,3,0,1
ZAIM,M,62,3,62
ZAIMA,F,49,0,16
ZAIMAH,F,3,0,1
ZAIN,F,3,0,1
ZAIN-ALI,M,3,0,1
ZAINIB,F,6,0,2
ZAINISH,F,3,0,1
ZAINUD-DEEN,M,7,0,2
ZAINUDDIN,M,4,0,1
ZAINUDIN,M,3,0,1
ZAINUL,M,58,26,58
ZAIN-UL,M,18,3,18
ZAIN-UL-ABIDEEN,M,50,18,50
ZAIN-UL-ABIDIN,M,3,3,3
ZAIRAH,F,39,4,39
ZAIYAN,M,17,0,6
ZAKAI,M,54,0,18
ZAKAR,M,9,3,9
ZAKAREE,M,3,0,1
ZAKAREEYA,M,8,0,3
ZAKAREYA,M,4,0,1
ZAKARI,M,83,14,83
ZAKARIAS,M,11,3,11
ZAKARIE,M,11,3,11
ZAKARIYAH,M,216,3,216
ZAKARIYE,M,101,10,101
ZAKARIYYA,M,464,46,464
ZAKARIYYAA,M,14,8,14
ZAKARIYYAH,M,29,0,10
ZAKARYA,M,42,4,42
ZAKEE,M,12,3,12
ZAKER,M,3,3,3
ZAKERIA,M,10,3,10
ZAKERIYA,M,3,0,1
ZAKHARY,M,10,0,3
ZAKHIA,F,3,3,3
ZAKI,M,686,87,686
ZAKIA,F,213,68,213
ZAKIAH,M,14,0,5
ZAKIR,M,522,95,522
ZAKIRA,F,54,9,54
ZAKIRAH,F,74,0,25
ZAKIY,M,3,0,1
ZAKIYA,F,166,37,166
ZAKIYAH,F,183,39,183
ZAKIYYA,F,27,16,27
ZAKIYYAH,F,93,31,93
ZAKK,M,359,37,359
ZAKKAI,M,3,0,1
ZAKKARY,M,15,0,5
ZAKKI,M,3,0,1
ZAKKIYAH,F,3,0,1
ZAKRIA,M,27,0,9
ZAKRIYA,M,49,0,16
ZAKWAN,M,12,0,4
ZAKY,M,14,0,5
ZALAAN,M,3,0,1
ZALAN,M,32,0,11
ZALEKHA,F,3,0,1
ZALMEN,M,3,0,1
ZAM,F,6,0,2
ZAMAAN,M,6,0,2
ZAMEER,M,37,7,37
ZAMIL,M,6,0,2
ZAMIN,M,15,0,5
ZAMIR,M,26,11,26
ZAMIRA,F,7,3,7
ZAMZAM,F,98,10,98
ZAN,M,21,6,21
ZANA,M,14,0,5
ZANAB,F,27,8,27
ZANAIRA,F,3,0,1
ZANDA,M,6,3,6
ZANDILE,F,6,0,2
ZANDRA,F,6,0,2
ZANEB,F,4,4,4
ZANELE,F,3,0,1
ZANERA,F,4,4,4
ZANETA,F,38,0,13
ZANETTA,F,3,0,1
ZANIAH,F,9,0,3
ZANIB,F,49,12,49
ZANIYAH,F,8,0,3
ZANNA,F,18,6,18
ZANTHE,F,10,0,3
ZANYA,F,3,0,1
ZANYAR,M,4,0,1
ZARAAH,F,4,0,1
ZARAAN,M,5,0,2
ZARAAR,M,3,0,1
ZARA-JANE,F,3,3,3
ZARAK,M,19,0,6
ZARA-LOUISE,F,9,6,9
ZARAR,M,15,0,5
ZARA-ROSE,F,15,0,5
ZAREEN,F,103,16,103
ZAREENA,F,47,14,47
ZAREENAH,F,27,0,9
ZAREESH,F,3,0,1
ZARENA,F,3,0,1
ZARGHAM,M,3,0,1
ZARI,F,12,0,4
ZARIA,F,102,6,102
ZARIAH,F,55,0,18
ZARIF,M,51,0,17
ZARIFA,F,3,0,1
ZARIFAH,F,4,0,1
ZARIN,F,115,26,115
ZARINA,F,182,47,182
ZARINE,F,10,0,3
ZARISH,F,25,3,25
ZARIYA,F,64,0,21
ZARIYAH,F,15,0,5
ZARKA,F,6,6,6
ZARMEEN,F,5,0,2
ZAROON,M,21,0,7
ZARQA,F,14,4,14
ZARQAA,F,3,3,3
ZARRA,F,4,0,1
ZARRAH,F,28,0,9
ZARRAR,M,23,0,8
ZARRIN,F,44,19,44
ZARTASHA,F,6,3,6
ZARWA,F,5,0,2
ZARYAAB,M,3,0,1
ZARYAB,M,32,3,32
ZAVANNAH,F,4,0,1
ZAVIAN,M,17,0,6
ZAVIAR,M,3,0,1
ZAVIERA,F,3,0,1
ZAVION,M,6,0,2
ZAVIYAR,M,37,0,12
ZAYAAN,M,400,0,133
ZAYAH,F,13,0,4
ZAYANA,F,3,0,1
ZAYBA,F,67,3,67
ZAYDAAN,M,9,0,3
ZAYDAN,M,124,0,41
ZAYDEN,M,107,0,36
ZAYED,M,86,4,86
ZAYLEN,M,3,0,1
ZAYLIE,F,3,3,3
ZAYNUB,F,30,3,30
ZAYN-UL-ABIDIN,M,3,3,3
ZAYON,M,3,0,1
ZAYVIER,M,3,0,1
ZAYYAAN,M,9,0,3
ZDENEK,M,7,0,2
ZE,M,54,0,18
ZEBULUN,M,10,0,3
ZEDAN,M,4,0,1
ZEDEKIAH,M,12,0,4
ZEEDAN,M,3,0,1
ZEENIA,F,3,0,1
ZEEYA,F,12,0,4
ZEHNA,F,25,0,8
ZEINEB,F,3,0,1
ZEKAI,M,6,0,2
ZEKERIYA,M,6,0,2
ZEKI,M,76,17,76
ZEKIAH,M,3,0,1
ZELAH,F,13,0,4
ZELAL,F,87,12,87
ZELIA,F,4,0,1
ZELIE,F,31,3,31
ZELIG,M,4,0,1
ZELIHA,F,31,0,10
ZELINA,F,3,3,3
ZEMIRA,F,3,0,1
ZEMIRAH,F,20,0,7
ZENAE,F,12,0,4
ZENAH,F,3,3,3
ZENAT,F,6,0,2
ZENAYAH,F,3,0,1
ZENDEN,M,3,0,1
ZENIB,F,13,7,13
ZENITH,M,3,0,1
ZENIYAH,F,3,0,1
ZENNON,M,3,0,1
ZENNOR,F,36,6,36
ZENTE,M,4,0,1
ZEPHAN,M,72,0,24
ZEPHANIAH,F,3,0,1
ZEPHYRUS,M,4,0,1
ZERDA,F,25,0,8
ZEREN,F,17,0,6
ZERIN,F,10,0,3
ZERINA,F,11,0,4
ZERISH,F,3,0,1
ZERRIN,F,12,0,4
ZERYA,F,12,0,4
ZETENY,M,7,0,2
ZETHAN,M,3,0,1
ZEVA,F,21,0,7
ZEVI,M,31,0,10
ZEYAD,M,80,4,80
ZEYAN,M,3,0,1
ZEYD,M,12,0,4
ZEYN,M,8,0,3
ZEYNA,F,3,0,1
ZEYNAH,F,4,4,4
ZEYNEB,F,9,0,3
ZHAO,M,4,0,1
ZHE,M,6,0,2
ZHEN,F,4,0,1
ZHEN,M,38,0,13
ZHI,F,101,0,34
ZHI,M,198,6,198
ZHIR,M,6,0,2
ZHIXIN,F,4,0,1
ZHIYAN,F,4,0,1
ZHONG,M,3,0,1
ZHUO,M,9,0,3
ZHWAN,F,3,0,1
ZHYAR,M,3,0,1
ZI,F,214,0,71
ZI,M,216,0,72
ZIAD,M,133,12,133
ZIAH,F,26,0,9
ZIAH,M,29,0,10
ZIAN,F,9,0,3
ZIAN,M,51,3,51
ZIANA,F,29,3,29
ZIANI,M,3,0,1
ZIANNA,F,15,0,5
ZIANNE,F,10,0,3
ZICO,M,83,12,83
ZIDAAN,M,58,0,19
ZIENNA,F,14,0,5
ZIHAN,F,7,0,2
ZIHAN,M,19,0,6
ZIHENG,M,4,0,1
ZIKORA,F,6,0,2
ZIKORA,M,3,0,1
ZIKRA,F,98,0,33
ZIKRAH,F,10,0,3
ZIKRIYA,M,3,0,1
ZILLAH,F,3,3,3
ZIMAL,F,50,0,17
ZINAB,F,3,0,1
ZINACHIDI,F,3,0,1
ZINAR,M,4,0,1
ZINAT,F,4,0,1
ZINEDDINE,M,3,0,1
ZINHLE,F,6,0,2
ZINNEERAH,F,13,0,4
ZINNIA,F,109,9,109
ZINZILE,F,12,0,4
ZIONA,F,8,0,3
ZIPPORAH,F,53,6,53
ZIQRA,F,3,0,1
ZIRUI,M,3,0,1
ZIRWA,F,14,0,5
ZISHAAN,M,26,7,26
ZISHAN,M,135,44,135
ZISSY,F,7,0,2
ZITA,F,68,18,68
ZIVA,F,229,0,76
ZIVAH,F,11,0,4
ZIXIN,F,14,0,5
ZIXUAN,M,13,0,4
ZIYA,F,62,0,21
ZIYA,M,17,0,6
ZIYAAD,M,89,3,89
ZIYAAN,M,15,0,5
ZIYAD,M,235,19,235
ZIYAN,F,4,0,1
ZIYAN,M,32,0,11
ZLATY,F,4,0,1
Z'MARI,M,3,0,1
ZOAIB,M,3,0,1
ZOBIYA,F,3,0,1
ZOE-ANN,F,9,3,9
ZOE-LEIGH,F,6,3,6
ZOE-MARIE,F,6,3,6
ZOHAA,F,4,0,1
ZOHAAN,M,10,0,3
ZOHAIR,M,63,0,21
ZOHAL,F,64,4,64
ZOHEB,M,41,24,41
ZOHHA,F,9,0,3
ZOHIB,M,10,7,10
ZOHRAH,F,9,0,3
ZOI,F,3,0,1
ZOJA,F,35,0,12
ZONA,F,6,3,6
ZONAIN,M,3,0,1
ZONAIRA,F,4,0,1
ZONERA,F,3,0,1
ZORA,M,3,0,1
ZORAN,M,24,3,24
ZORAVAR,M,19,0,6
ZORAWAR,M,54,0,18
ZOSHA,F,6,0,2
ZOSIA,F,105,0,35
ZSA,F,3,0,1
ZSIGMOND,M,3,0,1
ZSOFIA,F,47,0,16
ZUBAIDA,F,79,3,79
ZUBAYDA,F,13,0,4
ZUBAYDAH,F,30,0,10
ZUBAYR,M,108,3,108
ZUBEDA,F,10,3,10
ZUBEIDA,F,10,0,3
ZUBEIR,M,3,0,1
ZUBER,M,3,0,1
ZUBEYDE,F,3,0,1
ZUBEYR,M,24,0,8
ZUBIA,F,9,5,9
ZUBIN,M,43,3,43
ZUHA,F,77,10,77
ZUHAA,F,9,0,3
ZUHAIB,M,93,11,93
ZUHAIR,M,105,9,105
ZUHAIRA,F,3,0,1
ZUHAIRAH,F,3,0,1
ZUHAL,F,24,0,8
ZUHAYB,M,9,0,3
ZUHAYR,M,91,11,91
ZUHEYB,M,3,0,1
ZUHRA,F,39,0,13
ZUHUR,F,11,0,4
ZUKHRUF,F,3,0,1
ZULAIKA,F,11,0,4
ZULAIKHA,F,205,41,205
ZULAIKHAA,F,4,0,1
ZULAIKHAH,F,49,31,49
ZULAL,F,3,0,1
ZULAYKHA,F,73,3,73
ZULEIKHA,F,23,4,23
ZULEYHA,F,11,0,4
ZULFA,F,4,4,4
ZULFIKAR,M,4,4,4
ZULFIQAR,M,10,0,3
ZULKARNAIN,M,3,0,1
ZULQARNAIN,M,38,3,38
ZUMRA,F,8,0,3
ZUNAID,M,3,3,3
ZUNAIR,M,6,0,2
ZUNAIRAH,F,445,0,148
ZUNAYRAH,F,7,0,2
ZUNDUS,F,3,0,1
ZUNERA,F,21,3,21
ZURIEL,F,44,0,15
ZURIEL,M,93,0,31
ZUVA,F,3,0,1
ZUWENA,F,3,0,1
ZUZA,F,9,0,3
ZUZIA,F,9,0,3
ZYAH,M,3,0,1
ZYAN,M,40,0,13
ZYANA,F,20,0,7
ZYLA,F,3,0,1
ZYLUS,M,3,0,1
ZYMAL,F,21,0,7
ZYNAB,F,3,3,3
ZYNAH,F,35,0,12
ZYON,M,27,0,9
ZYRA,F,26,0,9
ZYVA,F,11,0,4
